trait,sweep_kind,sweep_id,delta,candidate,mean,sd,lo95,hi95
IPF,EUR_AFR,EUR_AFR_01,0.001,MELD_lambda0_true,0.604257462646028,0.0381881534398312,0.530649772652992,0.680403392953646
IPF,EUR_AFR,EUR_AFR_01,0.001,MELD_lambda0_equal,0.730658173856017,0.0226193490548363,0.685453204644806,0.776089653751832
IPF,EUR_AFR,EUR_AFR_01,0.001,MELD_lambda1_true,0.604257462646028,0.0393566269632095,0.533466960206794,0.685769162709348
IPF,EUR_AFR,EUR_AFR_01,0.001,MELD_lambda0_scrambled,0.234092904197627,0.0280186891842653,0.185494308137137,0.29468911197159
IPF,EUR_AFR,EUR_AFR_01,0.001,EUR,0.32860444758562,0.0278840538091588,0.274201717438883,0.383626009700684
IPF,EUR_AFR,EUR_AFR_01,0.001,EAS,0.234092904197619,0.0275741394007807,0.185659329149457,0.293139863214459
IPF,EUR_AFR,EUR_AFR_01,0.001,AFR,0.603904336447756,0.0396774225272085,0.528596964933367,0.686072702285102
IPF,EUR_AFR,EUR_AFR_01,0.001,AMR,0.398493601252929,0.0324387646376995,0.337793131527925,0.465615311940862
IPF,EUR_AFR,EUR_AFR_01,0.01,MELD_lambda0_true,0.694627027435486,0.0288355917314647,0.64151810772987,0.753182842923538
IPF,EUR_AFR,EUR_AFR_01,0.01,MELD_lambda0_equal,0.753296625243895,0.021087116241432,0.713601575521372,0.796854215690736
IPF,EUR_AFR,EUR_AFR_01,0.01,MELD_lambda1_true,0.694627027435486,0.0290412434972595,0.63961653293926,0.753100509350557
IPF,EUR_AFR,EUR_AFR_01,0.01,MELD_lambda0_scrambled,0.396202374035527,0.0320826379750764,0.336110353002227,0.463802861271208
IPF,EUR_AFR,EUR_AFR_01,0.01,EUR,0.485568469076826,0.0284463466011267,0.429360994705506,0.538992270999221
IPF,EUR_AFR,EUR_AFR_01,0.01,EAS,0.396202374035527,0.0315166991457601,0.338278479070571,0.459707041410175
IPF,EUR_AFR,EUR_AFR_01,0.01,AFR,0.694238301513316,0.0290593486786214,0.640811772912265,0.75197273245357
IPF,EUR_AFR,EUR_AFR_01,0.01,AMR,0.524831186278154,0.0336172998729135,0.459325611623294,0.5930855026326
IPF,EUR_AFR,EUR_AFR_01,0.1,MELD_lambda0_true,0.737653130605574,0.0226883914339836,0.693121505447591,0.780836236106703
IPF,EUR_AFR,EUR_AFR_01,0.1,MELD_lambda0_equal,0.753123708875997,0.0207777073441877,0.711996492724386,0.793003379834713
IPF,EUR_AFR,EUR_AFR_01,0.1,MELD_lambda1_true,0.737653130605574,0.0230799694857474,0.694059064599512,0.782525639275033
IPF,EUR_AFR,EUR_AFR_01,0.1,MELD_lambda0_scrambled,0.493493522929578,0.0279045864181971,0.442442306081207,0.549652927940696
IPF,EUR_AFR,EUR_AFR_01,0.1,EUR,0.555605897870666,0.0220745642867622,0.511834436428466,0.598959564445489
IPF,EUR_AFR,EUR_AFR_01,0.1,EAS,0.493493522929578,0.0279779185660336,0.441502117948445,0.550376706106363
IPF,EUR_AFR,EUR_AFR_01,0.1,AFR,0.737268739511849,0.0238903371294379,0.691238060363423,0.786015932026003
IPF,EUR_AFR,EUR_AFR_01,0.1,AMR,0.583375268191405,0.0281982936936126,0.52805245421237,0.637330748498251
IPF,EUR_AFR,EUR_AFR_02,0.001,MELD_lambda0_true,0.729604707012756,0.0272690883918974,0.676839826787689,0.78236338914913
IPF,EUR_AFR,EUR_AFR_02,0.001,MELD_lambda0_equal,0.745792344643871,0.0218646804407203,0.701196791866608,0.787510648856543
IPF,EUR_AFR,EUR_AFR_02,0.001,MELD_lambda1_true,0.735848346178378,0.0264202594835015,0.680464617855368,0.785742481741667
IPF,EUR_AFR,EUR_AFR_02,0.001,MELD_lambda0_scrambled,0.5983290970351,0.0261405980299546,0.547181280435951,0.649973024692894
IPF,EUR_AFR,EUR_AFR_02,0.001,EUR,0.356179747789878,0.023067467485827,0.31268586531237,0.404104617006285
IPF,EUR_AFR,EUR_AFR_02,0.001,EAS,0.312386449245798,0.0271353146699575,0.261265541192219,0.367572922704882
IPF,EUR_AFR,EUR_AFR_02,0.001,AFR,0.617768623998037,0.0352718244951983,0.550550798865747,0.686695066772469
IPF,EUR_AFR,EUR_AFR_02,0.001,AMR,0.437711733424079,0.0323553727230053,0.377628131171571,0.504731130474533
IPF,EUR_AFR,EUR_AFR_02,0.01,MELD_lambda0_true,0.774238373862842,0.0225835495396994,0.729259478851169,0.819827956196869
IPF,EUR_AFR,EUR_AFR_02,0.01,MELD_lambda0_equal,0.77591479042991,0.0189275068829716,0.738633733274309,0.813296766377834
IPF,EUR_AFR,EUR_AFR_02,0.01,MELD_lambda1_true,0.778217865334037,0.0221272254114331,0.734908470288963,0.821623328414008
IPF,EUR_AFR,EUR_AFR_02,0.01,MELD_lambda0_scrambled,0.677060129027763,0.0250739175817044,0.626516492487906,0.726754955797476
IPF,EUR_AFR,EUR_AFR_02,0.01,EUR,0.51954222803771,0.0251572976045566,0.470866079863792,0.568242412347602
IPF,EUR_AFR,EUR_AFR_02,0.01,EAS,0.477342585689118,0.0283945971736804,0.42131008360901,0.531367919164649
IPF,EUR_AFR,EUR_AFR_02,0.01,AFR,0.712591752302655,0.0277262877689633,0.656213131481091,0.765138724619694
IPF,EUR_AFR,EUR_AFR_02,0.01,AMR,0.582543857056891,0.0295117729353271,0.528339537500242,0.643623564161745
IPF,EUR_AFR,EUR_AFR_02,0.1,MELD_lambda0_true,0.790079566635988,0.0193616289165997,0.752014516865752,0.827655850950162
IPF,EUR_AFR,EUR_AFR_02,0.1,MELD_lambda0_equal,0.776712964069161,0.0190626802663385,0.738592890978249,0.814102267882237
IPF,EUR_AFR,EUR_AFR_02,0.1,MELD_lambda1_true,0.792133103477727,0.0189316472203453,0.754272618451591,0.828944057808808
IPF,EUR_AFR,EUR_AFR_02,0.1,MELD_lambda0_scrambled,0.69722264532581,0.0225998402262287,0.650509847066194,0.73829591948506
IPF,EUR_AFR,EUR_AFR_02,0.1,EUR,0.581915380117208,0.0223584161225653,0.538775763690776,0.624837939006269
IPF,EUR_AFR,EUR_AFR_02,0.1,EAS,0.545585044227325,0.0251122622208683,0.492642910278416,0.593434743519578
IPF,EUR_AFR,EUR_AFR_02,0.1,AFR,0.751533877950259,0.0219700441775525,0.707714754512586,0.795051649466182
IPF,EUR_AFR,EUR_AFR_02,0.1,AMR,0.62935788105701,0.0273098263248552,0.579628325147322,0.682613755068214
IPF,EUR_AFR,EUR_AFR_03,0.001,MELD_lambda0_true,0.738862551708992,0.0230667004126261,0.695208176446228,0.785246552880425
IPF,EUR_AFR,EUR_AFR_03,0.001,MELD_lambda0_equal,0.756435403735411,0.0198243715289653,0.716164093047814,0.794407424568662
IPF,EUR_AFR,EUR_AFR_03,0.001,MELD_lambda1_true,0.739316791903519,0.02200904498089,0.69705280277583,0.78276267229973
IPF,EUR_AFR,EUR_AFR_03,0.001,MELD_lambda0_scrambled,0.738862551708992,0.0225649069118654,0.69461087539679,0.781362567600639
IPF,EUR_AFR,EUR_AFR_03,0.001,EUR,0.378600461237537,0.0249425624426006,0.332119681626569,0.430115166857821
IPF,EUR_AFR,EUR_AFR_03,0.001,EAS,0.296039442529022,0.0264217715665341,0.247100182211137,0.348923808885753
IPF,EUR_AFR,EUR_AFR_03,0.001,AFR,0.599931554799726,0.03508249549238,0.534349614205407,0.668103319640332
IPF,EUR_AFR,EUR_AFR_03,0.001,AMR,0.425964228352991,0.0337102330636715,0.363055127539993,0.493143802284634
IPF,EUR_AFR,EUR_AFR_03,0.01,MELD_lambda0_true,0.776172999267593,0.0197882340164831,0.737783820982239,0.815118958801843
IPF,EUR_AFR,EUR_AFR_03,0.01,MELD_lambda0_equal,0.777265050265495,0.0183772693091595,0.744095576972882,0.814460610109431
IPF,EUR_AFR,EUR_AFR_03,0.01,MELD_lambda1_true,0.776261924790034,0.0185757665991774,0.741596007525207,0.812651046024962
IPF,EUR_AFR,EUR_AFR_03,0.01,MELD_lambda0_scrambled,0.776172999267593,0.0193772956219341,0.737581171737667,0.814846273859185
IPF,EUR_AFR,EUR_AFR_03,0.01,EUR,0.546862466926198,0.0186164344612194,0.514311886697216,0.585579926492622
IPF,EUR_AFR,EUR_AFR_03,0.01,EAS,0.448451743005777,0.0269721175721699,0.398833765985058,0.505725826101121
IPF,EUR_AFR,EUR_AFR_03,0.01,AFR,0.693278435975372,0.0245152131195404,0.648856726144114,0.741917501179915
IPF,EUR_AFR,EUR_AFR_03,0.01,AMR,0.560892396863776,0.0296666533113348,0.505464300220611,0.624678598704086
IPF,EUR_AFR,EUR_AFR_03,0.1,MELD_lambda0_true,0.788842433030753,0.0169928846421059,0.75473537811914,0.823015799401616
IPF,EUR_AFR,EUR_AFR_03,0.1,MELD_lambda0_equal,0.776081815203135,0.0178276825781951,0.742326554798277,0.811615873710109
IPF,EUR_AFR,EUR_AFR_03,0.1,MELD_lambda1_true,0.788335197428732,0.0169261388987906,0.757348139745494,0.822873918019792
IPF,EUR_AFR,EUR_AFR_03,0.1,MELD_lambda0_scrambled,0.788842433030753,0.0166882219423566,0.757139323359369,0.822607786171812
IPF,EUR_AFR,EUR_AFR_03,0.1,EUR,0.595799090853927,0.0164424408508173,0.564110406165911,0.627339970802231
IPF,EUR_AFR,EUR_AFR_03,0.1,EAS,0.520906557884107,0.0229327655708883,0.477011593213136,0.567957098006565
IPF,EUR_AFR,EUR_AFR_03,0.1,AFR,0.730459655933755,0.0198425587608916,0.694287923894165,0.771861975558203
IPF,EUR_AFR,EUR_AFR_03,0.1,AMR,0.616883683771539,0.0250121236181236,0.571370353425709,0.669467069464511
IPF,EUR_AFR,EUR_AFR_04,0.001,MELD_lambda0_true,0.75560462742162,0.0233098843082485,0.709016682880462,0.800744311070693
IPF,EUR_AFR,EUR_AFR_04,0.001,MELD_lambda0_equal,0.76395222725269,0.0189121594692579,0.727165818900505,0.800869026934104
IPF,EUR_AFR,EUR_AFR_04,0.001,MELD_lambda1_true,0.752116734441479,0.0233099188171754,0.706958772383059,0.797534660789522
IPF,EUR_AFR,EUR_AFR_04,0.001,MELD_lambda0_scrambled,0.722133801288137,0.0235600059495086,0.676926636664486,0.769075517129935
IPF,EUR_AFR,EUR_AFR_04,0.001,EUR,0.383579308510543,0.0249406217212319,0.337188571964843,0.437372843561407
IPF,EUR_AFR,EUR_AFR_04,0.001,EAS,0.288672613539654,0.0237241676701155,0.245974742617515,0.339355642252449
IPF,EUR_AFR,EUR_AFR_04,0.001,AFR,0.589652762367557,0.0322685299918594,0.526911842107037,0.653630712980838
IPF,EUR_AFR,EUR_AFR_04,0.001,AMR,0.400503814357169,0.0335942442658331,0.338972923827693,0.471432242320574
IPF,EUR_AFR,EUR_AFR_04,0.01,MELD_lambda0_true,0.791255056014731,0.0190352189579926,0.754604504711041,0.828867564347592
IPF,EUR_AFR,EUR_AFR_04,0.01,MELD_lambda0_equal,0.788249773590125,0.0169379931165555,0.755814753607256,0.822003484846747
IPF,EUR_AFR,EUR_AFR_04,0.01,MELD_lambda1_true,0.788110065973456,0.0195502005412193,0.74916567903615,0.825089417520205
IPF,EUR_AFR,EUR_AFR_04,0.01,MELD_lambda0_scrambled,0.767392794876476,0.0194894971639473,0.729117428195705,0.805513474056726
IPF,EUR_AFR,EUR_AFR_04,0.01,EUR,0.550364299477147,0.0204042955022045,0.511992385624999,0.592274555626686
IPF,EUR_AFR,EUR_AFR_04,0.01,EAS,0.477574187678845,0.0265342727672727,0.42684779200957,0.531358039537299
IPF,EUR_AFR,EUR_AFR_04,0.01,AFR,0.679654029898368,0.0267310906106158,0.628312674053834,0.731141257410896
IPF,EUR_AFR,EUR_AFR_04,0.01,AMR,0.557748801989732,0.0296085120935256,0.501024645247878,0.619554138072229
IPF,EUR_AFR,EUR_AFR_04,0.1,MELD_lambda0_true,0.801135322690951,0.0174525799262164,0.765022815161391,0.834829502346731
IPF,EUR_AFR,EUR_AFR_04,0.1,MELD_lambda0_equal,0.787707721465777,0.0173119837079962,0.753445591306678,0.821795012803079
IPF,EUR_AFR,EUR_AFR_04,0.1,MELD_lambda1_true,0.798014580749794,0.0173868926941637,0.763116693063443,0.831739362872981
IPF,EUR_AFR,EUR_AFR_04,0.1,MELD_lambda0_scrambled,0.781322150576784,0.0171991474601579,0.747404275422722,0.816212078046328
IPF,EUR_AFR,EUR_AFR_04,0.1,EUR,0.618808918025662,0.0187203529057462,0.583236243122594,0.655051244303308
IPF,EUR_AFR,EUR_AFR_04,0.1,EAS,0.5649718277055,0.0243983123124925,0.516602593743683,0.613117972348022
IPF,EUR_AFR,EUR_AFR_04,0.1,AFR,0.722035926045158,0.0220300224622886,0.679572369286758,0.765043516015836
IPF,EUR_AFR,EUR_AFR_04,0.1,AMR,0.632744833746505,0.0226506716951275,0.58765710090305,0.676802786457804
IPF,EUR_AFR,EUR_AFR_05,0.001,MELD_lambda0_true,0.76479244782331,0.0197369033247334,0.725687212625287,0.802765472900218
IPF,EUR_AFR,EUR_AFR_05,0.001,MELD_lambda0_equal,0.770311341101936,0.0172439793705154,0.737167848000479,0.803587127791602
IPF,EUR_AFR,EUR_AFR_05,0.001,MELD_lambda1_true,0.763005255258584,0.0197287333845178,0.725378236670208,0.800442221363507
IPF,EUR_AFR,EUR_AFR_05,0.001,MELD_lambda0_scrambled,0.725870009729687,0.0218554447348115,0.684903222829175,0.770781637395217
IPF,EUR_AFR,EUR_AFR_05,0.001,EUR,0.402212524640919,0.0271769792220945,0.349266589821811,0.45563112460027
IPF,EUR_AFR,EUR_AFR_05,0.001,EAS,0.315220991863326,0.0263553813079204,0.266393559617293,0.371326437454489
IPF,EUR_AFR,EUR_AFR_05,0.001,AFR,0.589847552765337,0.029644238521387,0.536289185884614,0.649089099533058
IPF,EUR_AFR,EUR_AFR_05,0.001,AMR,0.456070460129355,0.0317163417175446,0.401902709368264,0.527586416567202
IPF,EUR_AFR,EUR_AFR_05,0.01,MELD_lambda0_true,0.796458146469818,0.0172962139996666,0.761739092842324,0.829551125885759
IPF,EUR_AFR,EUR_AFR_05,0.01,MELD_lambda0_equal,0.792240616822122,0.016020680616881,0.760488855765626,0.82308657461893
IPF,EUR_AFR,EUR_AFR_05,0.01,MELD_lambda1_true,0.797007859494872,0.0168983328448393,0.765668553559434,0.830401490786959
IPF,EUR_AFR,EUR_AFR_05,0.01,MELD_lambda0_scrambled,0.772017655283,0.0173900803920481,0.738858662802257,0.806247499716667
IPF,EUR_AFR,EUR_AFR_05,0.01,EUR,0.563487553399353,0.0221850171351102,0.521639539318536,0.608155037343959
IPF,EUR_AFR,EUR_AFR_05,0.01,EAS,0.487261080857751,0.0243427591667648,0.441126724789959,0.536661801834723
IPF,EUR_AFR,EUR_AFR_05,0.01,AFR,0.685524223355396,0.0238915573756523,0.639965838993158,0.735552125709823
IPF,EUR_AFR,EUR_AFR_05,0.01,AMR,0.577067763177399,0.0266344815998826,0.529028503376695,0.634387969361861
IPF,EUR_AFR,EUR_AFR_05,0.1,MELD_lambda0_true,0.798932313142684,0.0163894175952963,0.766073600286265,0.830103104458698
IPF,EUR_AFR,EUR_AFR_05,0.1,MELD_lambda0_equal,0.788012809771157,0.0151557321234714,0.757463738099904,0.816878164431894
IPF,EUR_AFR,EUR_AFR_05,0.1,MELD_lambda1_true,0.798407718756769,0.0160452575122481,0.7664973414463,0.828416669996529
IPF,EUR_AFR,EUR_AFR_05,0.1,MELD_lambda0_scrambled,0.778985997262553,0.0159420535438489,0.748342044261462,0.810271538526121
IPF,EUR_AFR,EUR_AFR_05,0.1,EUR,0.62468323511971,0.0203987882878664,0.584163103205921,0.665293445510958
IPF,EUR_AFR,EUR_AFR_05,0.1,EAS,0.564368447751625,0.0227044314325532,0.520559937017864,0.611240417409761
IPF,EUR_AFR,EUR_AFR_05,0.1,AFR,0.722853738531734,0.0204783835846859,0.683501215395144,0.763964344751352
IPF,EUR_AFR,EUR_AFR_05,0.1,AMR,0.634379213673146,0.0228985235480689,0.589933661280168,0.680028610459882
IPF,EUR_AFR,EUR_AFR_06,0.001,MELD_lambda0_true,0.773060115912983,0.0179169306300632,0.738151511462426,0.807733143666298
IPF,EUR_AFR,EUR_AFR_06,0.001,MELD_lambda0_equal,0.774309448235819,0.0145173224801523,0.746317435206877,0.802615470034161
IPF,EUR_AFR,EUR_AFR_06,0.001,MELD_lambda1_true,0.771343000873968,0.0177505322523044,0.735723900306679,0.806636975996675
IPF,EUR_AFR,EUR_AFR_06,0.001,MELD_lambda0_scrambled,0.715544222814299,0.0232071118845802,0.670882526041854,0.760814697423125
IPF,EUR_AFR,EUR_AFR_06,0.001,EUR,0.419502968663234,0.0266123000641961,0.370379463969769,0.473527500146019
IPF,EUR_AFR,EUR_AFR_06,0.001,EAS,0.331143677063863,0.0227281137880517,0.290284313333185,0.379103216674669
IPF,EUR_AFR,EUR_AFR_06,0.001,AFR,0.539855759263098,0.0371012803679714,0.473329003005671,0.615375899595973
IPF,EUR_AFR,EUR_AFR_06,0.001,AMR,0.463411785371342,0.0362016466264228,0.394768639846998,0.536275092394391
IPF,EUR_AFR,EUR_AFR_06,0.01,MELD_lambda0_true,0.801501047937727,0.0165304087524126,0.770067811693943,0.835134767916251
IPF,EUR_AFR,EUR_AFR_06,0.01,MELD_lambda0_equal,0.798034314826971,0.0146112955900605,0.769478456909374,0.827061983267364
IPF,EUR_AFR,EUR_AFR_06,0.01,MELD_lambda1_true,0.801108029130476,0.0163266064598083,0.769932773674336,0.832771241115043
IPF,EUR_AFR,EUR_AFR_06,0.01,MELD_lambda0_scrambled,0.761555897633919,0.0195951989656149,0.722983597497894,0.799148369185223
IPF,EUR_AFR,EUR_AFR_06,0.01,EUR,0.595201733403691,0.0248807535898609,0.544589391452077,0.64473808184295
IPF,EUR_AFR,EUR_AFR_06,0.01,EAS,0.528038866203369,0.0220251917352879,0.485793182496347,0.571828265695108
IPF,EUR_AFR,EUR_AFR_06,0.01,AFR,0.641163726163146,0.0309677604808968,0.583031734746195,0.702166642440673
IPF,EUR_AFR,EUR_AFR_06,0.01,AMR,0.587234024110703,0.0329701782302097,0.525764750492326,0.652268119872274
IPF,EUR_AFR,EUR_AFR_06,0.1,MELD_lambda0_true,0.806164703307047,0.0153250659364748,0.775881235911887,0.836226718164879
IPF,EUR_AFR,EUR_AFR_06,0.1,MELD_lambda0_equal,0.793087346995088,0.0162857211787853,0.761409217542266,0.824598452417235
IPF,EUR_AFR,EUR_AFR_06,0.1,MELD_lambda1_true,0.805666711042528,0.016062818989955,0.774208356745571,0.836475358333335
IPF,EUR_AFR,EUR_AFR_06,0.1,MELD_lambda0_scrambled,0.769251065289986,0.0195840914724765,0.729884591239886,0.807282624186196
IPF,EUR_AFR,EUR_AFR_06,0.1,EUR,0.656247653915194,0.0203433201777381,0.615147776285042,0.69573401536747
IPF,EUR_AFR,EUR_AFR_06,0.1,EAS,0.593097241404731,0.0236766489073451,0.548290775078741,0.64036533016654
IPF,EUR_AFR,EUR_AFR_06,0.1,AFR,0.696024544242566,0.0246749155161762,0.649307785749705,0.745794863569465
IPF,EUR_AFR,EUR_AFR_06,0.1,AMR,0.644002238175023,0.0289930312679844,0.587315965488338,0.699528733024768
IPF,EUR_AFR,EUR_AFR_07,0.001,MELD_lambda0_true,0.787913814696642,0.0219413821606593,0.745063605528685,0.829335064939423
IPF,EUR_AFR,EUR_AFR_07,0.001,MELD_lambda0_equal,0.782273629678347,0.0207433371195387,0.738449793197929,0.819844595802228
IPF,EUR_AFR,EUR_AFR_07,0.001,MELD_lambda1_true,0.783674919556128,0.0209037224564749,0.743349962596451,0.826638644276449
IPF,EUR_AFR,EUR_AFR_07,0.001,MELD_lambda0_scrambled,0.726050240637118,0.0244734327807444,0.67932689035024,0.773145037544097
IPF,EUR_AFR,EUR_AFR_07,0.001,EUR,0.514122639238085,0.0273549879336286,0.464000664981518,0.570150908352495
IPF,EUR_AFR,EUR_AFR_07,0.001,EAS,0.35759852544365,0.0271158755171619,0.305185922409609,0.41207668417934
IPF,EUR_AFR,EUR_AFR_07,0.001,AFR,0.577989032224678,0.031978929491538,0.516131746804122,0.639539158708347
IPF,EUR_AFR,EUR_AFR_07,0.001,AMR,0.52365055986896,0.0352419068741751,0.452413273910124,0.594337646944199
IPF,EUR_AFR,EUR_AFR_07,0.01,MELD_lambda0_true,0.813295592820117,0.0186534876080925,0.775370177393261,0.848402527944797
IPF,EUR_AFR,EUR_AFR_07,0.01,MELD_lambda0_equal,0.802654627479635,0.0182042648430741,0.766104864529394,0.838000054552804
IPF,EUR_AFR,EUR_AFR_07,0.01,MELD_lambda1_true,0.810914603088492,0.0191052668420441,0.773794361107668,0.846505534774689
IPF,EUR_AFR,EUR_AFR_07,0.01,MELD_lambda0_scrambled,0.76758604841693,0.021849225417103,0.724499061253539,0.809796521781154
IPF,EUR_AFR,EUR_AFR_07,0.01,EUR,0.649116855704151,0.022275559328586,0.606467519074208,0.692825944496968
IPF,EUR_AFR,EUR_AFR_07,0.01,EAS,0.53901818673988,0.0248452320208393,0.490446932653229,0.588238858977922
IPF,EUR_AFR,EUR_AFR_07,0.01,AFR,0.681695637861673,0.0265254933672022,0.629895724413274,0.733539963757889
IPF,EUR_AFR,EUR_AFR_07,0.01,AMR,0.640201168327769,0.0298283240020049,0.585227447884043,0.699743233902855
IPF,EUR_AFR,EUR_AFR_07,0.1,MELD_lambda0_true,0.812640308483918,0.0175655999988346,0.778083679805533,0.846220297612444
IPF,EUR_AFR,EUR_AFR_07,0.1,MELD_lambda0_equal,0.798551021288194,0.0186170977987859,0.760434032865565,0.833813477136522
IPF,EUR_AFR,EUR_AFR_07,0.1,MELD_lambda1_true,0.810161815694526,0.0183462966104178,0.771089283748028,0.843605069655505
IPF,EUR_AFR,EUR_AFR_07,0.1,MELD_lambda0_scrambled,0.776620199032786,0.0210780246385443,0.732879822753288,0.815304651227825
IPF,EUR_AFR,EUR_AFR_07,0.1,EUR,0.681694896240221,0.0192507121381006,0.646710950425594,0.720186755490283
IPF,EUR_AFR,EUR_AFR_07,0.1,EAS,0.606076175906929,0.0204982842522491,0.567755829338766,0.647396913288576
IPF,EUR_AFR,EUR_AFR_07,0.1,AFR,0.724658828035783,0.0224776864953885,0.679274519687826,0.766657576148692
IPF,EUR_AFR,EUR_AFR_07,0.1,AMR,0.679578159610183,0.0245196612884743,0.629231605289246,0.72562058997087
IPF,EUR_AFR,EUR_AFR_08,0.001,MELD_lambda0_true,0.789508094564982,0.0177992086623679,0.752874415216201,0.822148183322852
IPF,EUR_AFR,EUR_AFR_08,0.001,MELD_lambda0_equal,0.801594042336222,0.0163403040107382,0.769257742791385,0.832645245716824
IPF,EUR_AFR,EUR_AFR_08,0.001,MELD_lambda1_true,0.78353603358716,0.0175710666855303,0.747847684578503,0.817701088500005
IPF,EUR_AFR,EUR_AFR_08,0.001,MELD_lambda0_scrambled,0.703772601131633,0.021861583431626,0.660797575238968,0.747320081445961
IPF,EUR_AFR,EUR_AFR_08,0.001,EUR,0.543228036719708,0.0261870029485025,0.493643002306977,0.596664889029915
IPF,EUR_AFR,EUR_AFR_08,0.001,EAS,0.407786218129094,0.0299027335142969,0.35168066209688,0.46793962530401
IPF,EUR_AFR,EUR_AFR_08,0.001,AFR,0.540773231541065,0.0309948922206066,0.481782370905024,0.604348539483498
IPF,EUR_AFR,EUR_AFR_08,0.001,AMR,0.519563918754095,0.0296634942596883,0.461287337899052,0.578799110677965
IPF,EUR_AFR,EUR_AFR_08,0.01,MELD_lambda0_true,0.82421215725878,0.0143528671752714,0.797187492248045,0.853234840997405
IPF,EUR_AFR,EUR_AFR_08,0.01,MELD_lambda0_equal,0.822839587378419,0.0139313827347168,0.795764232394312,0.84977121887952
IPF,EUR_AFR,EUR_AFR_08,0.01,MELD_lambda1_true,0.820506837853281,0.0142072569040674,0.793185212458389,0.848823025289344
IPF,EUR_AFR,EUR_AFR_08,0.01,MELD_lambda0_scrambled,0.753817841374783,0.0182073689044433,0.718925250698235,0.790642285427958
IPF,EUR_AFR,EUR_AFR_08,0.01,EUR,0.684971365057627,0.0195675809524073,0.647827778328964,0.725062379645343
IPF,EUR_AFR,EUR_AFR_08,0.01,EAS,0.57633559430586,0.0248804379664761,0.529489032475012,0.629553218407243
IPF,EUR_AFR,EUR_AFR_08,0.01,AFR,0.642169217708795,0.0272233615760159,0.586836090012002,0.694734452925709
IPF,EUR_AFR,EUR_AFR_08,0.01,AMR,0.646252527226478,0.0269001353364795,0.594414676029559,0.700013813583484
IPF,EUR_AFR,EUR_AFR_08,0.1,MELD_lambda0_true,0.827498173771626,0.0132232544957551,0.802038483728388,0.85425584297104
IPF,EUR_AFR,EUR_AFR_08,0.1,MELD_lambda0_equal,0.821521527629049,0.0140779063761749,0.794390574947304,0.849888082808727
IPF,EUR_AFR,EUR_AFR_08,0.1,MELD_lambda1_true,0.825155707222336,0.0132649098869081,0.799570415420786,0.850526681469931
IPF,EUR_AFR,EUR_AFR_08,0.1,MELD_lambda0_scrambled,0.770977556993511,0.0180698910328983,0.736804881434268,0.806295306505022
IPF,EUR_AFR,EUR_AFR_08,0.1,EUR,0.724348076151136,0.0171744363676808,0.69196095015526,0.758307473515026
IPF,EUR_AFR,EUR_AFR_08,0.1,EAS,0.640155856093698,0.0203470008580435,0.602082040514299,0.682407688590648
IPF,EUR_AFR,EUR_AFR_08,0.1,AFR,0.688249193543708,0.0237709353339945,0.644543502431292,0.732599882138683
IPF,EUR_AFR,EUR_AFR_08,0.1,AMR,0.699027294504239,0.0245003584400726,0.65151187069323,0.74887809022989
IPF,EUR_AFR,EUR_AFR_09,0.001,MELD_lambda0_true,0.805950769620504,0.0129105095171082,0.781859524215297,0.832035011407645
IPF,EUR_AFR,EUR_AFR_09,0.001,MELD_lambda0_equal,0.812878985875691,0.0119497922781071,0.78980513033194,0.83812155558753
IPF,EUR_AFR,EUR_AFR_09,0.001,MELD_lambda1_true,0.804672058248905,0.0131528462664852,0.779427188026318,0.831448170237027
IPF,EUR_AFR,EUR_AFR_09,0.001,MELD_lambda0_scrambled,0.64714469951721,0.0212772909583086,0.605554365454076,0.689316570275893
IPF,EUR_AFR,EUR_AFR_09,0.001,EUR,0.580859725881946,0.0231213909451201,0.532886606010312,0.623670817644437
IPF,EUR_AFR,EUR_AFR_09,0.001,EAS,0.441223025633634,0.0284034957228214,0.385260441557648,0.494771994174229
IPF,EUR_AFR,EUR_AFR_09,0.001,AFR,0.542523133801558,0.0231966646429078,0.499421433102467,0.588878792494333
IPF,EUR_AFR,EUR_AFR_09,0.001,AMR,0.56460918943797,0.0288690930718798,0.509198291938414,0.621471607236527
IPF,EUR_AFR,EUR_AFR_09,0.01,MELD_lambda0_true,0.840483065604649,0.010732510142797,0.820888686798303,0.862666028811315
IPF,EUR_AFR,EUR_AFR_09,0.01,MELD_lambda0_equal,0.833554937177606,0.011228933478645,0.812624210490291,0.857011935892616
IPF,EUR_AFR,EUR_AFR_09,0.01,MELD_lambda1_true,0.83850128024518,0.0108220440955306,0.818416149915387,0.860543965123505
IPF,EUR_AFR,EUR_AFR_09,0.01,MELD_lambda0_scrambled,0.756256903576566,0.013712047418459,0.73098040792913,0.783696634023259
IPF,EUR_AFR,EUR_AFR_09,0.01,EUR,0.730774465283043,0.0145911096934633,0.702285065456111,0.76103853553554
IPF,EUR_AFR,EUR_AFR_09,0.01,EAS,0.602442860959171,0.0213256613255182,0.561283536415763,0.644017780571554
IPF,EUR_AFR,EUR_AFR_09,0.01,AFR,0.64511586053622,0.0203262236762756,0.60739072644154,0.686926116839493
IPF,EUR_AFR,EUR_AFR_09,0.01,AMR,0.692331399833295,0.0227754250755632,0.645865496365637,0.735871659400553
IPF,EUR_AFR,EUR_AFR_09,0.1,MELD_lambda0_true,0.844508035923311,0.0103798652355213,0.824608288983274,0.865453111025412
IPF,EUR_AFR,EUR_AFR_09,0.1,MELD_lambda0_equal,0.836045344140399,0.0110778961049506,0.815115765530237,0.858428476746435
IPF,EUR_AFR,EUR_AFR_09,0.1,MELD_lambda1_true,0.842318605711595,0.0103996209442741,0.822954744740077,0.863360780669948
IPF,EUR_AFR,EUR_AFR_09,0.1,MELD_lambda0_scrambled,0.779586352734797,0.0130892498471272,0.754326393823998,0.804361711448703
IPF,EUR_AFR,EUR_AFR_09,0.1,EUR,0.768921115972836,0.0133302583586763,0.743720654926886,0.795615079396158
IPF,EUR_AFR,EUR_AFR_09,0.1,EAS,0.663910364525808,0.0157245709547122,0.634030026682148,0.69491177393682
IPF,EUR_AFR,EUR_AFR_09,0.1,AFR,0.693606038359638,0.0162484369516522,0.663550785274477,0.728228338337367
IPF,EUR_AFR,EUR_AFR_09,0.1,AMR,0.732563168844054,0.0182350951571052,0.697576307708322,0.768396234349216
IPF,EUR_AFR,EUR_AFR_10,0.001,MELD_lambda0_true,0.799080532101708,0.0197355625403639,0.760787996044919,0.838147509372933
IPF,EUR_AFR,EUR_AFR_10,0.001,MELD_lambda0_equal,0.83100253862846,0.0150048123095349,0.801837464468913,0.859593836888532
IPF,EUR_AFR,EUR_AFR_10,0.001,MELD_lambda1_true,0.800204263640748,0.0189826528510992,0.765144644718153,0.838416128861191
IPF,EUR_AFR,EUR_AFR_10,0.001,MELD_lambda0_scrambled,0.677333942999208,0.0239233364451442,0.631838981885817,0.725680106132425
IPF,EUR_AFR,EUR_AFR_10,0.001,EUR,0.658351790592861,0.0266715152524046,0.608138582896504,0.713176995998755
IPF,EUR_AFR,EUR_AFR_10,0.001,EAS,0.483403476909006,0.0310007736066032,0.42361407088817,0.545581154170887
IPF,EUR_AFR,EUR_AFR_10,0.001,AFR,0.543504314992394,0.0332721053782371,0.482552666223105,0.610915573242908
IPF,EUR_AFR,EUR_AFR_10,0.001,AMR,0.634070177083462,0.0263767832935924,0.581782978029929,0.685727246739258
IPF,EUR_AFR,EUR_AFR_10,0.01,MELD_lambda0_true,0.845578584786817,0.0134259213917106,0.820037376193007,0.874017221651977
IPF,EUR_AFR,EUR_AFR_10,0.01,MELD_lambda0_equal,0.848893485586337,0.013858727638195,0.820176044527139,0.874149180433518
IPF,EUR_AFR,EUR_AFR_10,0.01,MELD_lambda1_true,0.845523048081916,0.0134590731099085,0.820633069716738,0.874202443325096
IPF,EUR_AFR,EUR_AFR_10,0.01,MELD_lambda0_scrambled,0.736482992027513,0.0212891228832742,0.698696933815006,0.778870034447055
IPF,EUR_AFR,EUR_AFR_10,0.01,EUR,0.785423158581848,0.01729340191038,0.752773132746926,0.820329280301586
IPF,EUR_AFR,EUR_AFR_10,0.01,EAS,0.672369124097587,0.0212639502866327,0.630688703790512,0.714126435577464
IPF,EUR_AFR,EUR_AFR_10,0.01,AFR,0.635945653455087,0.0308234716068856,0.578376847059517,0.698098131633721
IPF,EUR_AFR,EUR_AFR_10,0.01,AMR,0.724511511790879,0.0216794313045916,0.682117617808238,0.766351403683484
IPF,EUR_AFR,EUR_AFR_10,0.1,MELD_lambda0_true,0.850315491712243,0.0118011219190001,0.827178262890796,0.873366998572619
IPF,EUR_AFR,EUR_AFR_10,0.1,MELD_lambda0_equal,0.849086571466687,0.0124718229960832,0.82454830396109,0.872955486547733
IPF,EUR_AFR,EUR_AFR_10,0.1,MELD_lambda1_true,0.849468109324118,0.0120764953421908,0.82589412619952,0.874094501033175
IPF,EUR_AFR,EUR_AFR_10,0.1,MELD_lambda0_scrambled,0.755542404139162,0.0193575931560849,0.720481504567611,0.794287771970183
IPF,EUR_AFR,EUR_AFR_10,0.1,EUR,0.811828523761272,0.0133643125883861,0.786549978360276,0.839092322043294
IPF,EUR_AFR,EUR_AFR_10,0.1,EAS,0.725660237072737,0.0203055029717834,0.684605080232486,0.763641812257923
IPF,EUR_AFR,EUR_AFR_10,0.1,AFR,0.686951049355755,0.0233902546922013,0.644007274019906,0.732848085686263
IPF,EUR_AFR,EUR_AFR_10,0.1,AMR,0.752984615360181,0.0201779618269395,0.714131995082941,0.794749566557785
IPF,EUR_AFR,EUR_AFR_11,0.001,MELD_lambda0_true,0.806023307602357,0.0216311770350425,0.764125957130379,0.848208629207751
IPF,EUR_AFR,EUR_AFR_11,0.001,MELD_lambda0_equal,0.824242763712492,0.0136448015296268,0.796900271336375,0.850571450469708
IPF,EUR_AFR,EUR_AFR_11,0.001,MELD_lambda1_true,0.806023307602357,0.021583618261187,0.760989756425771,0.845915822169092
IPF,EUR_AFR,EUR_AFR_11,0.001,MELD_lambda0_scrambled,0.806023307602357,0.0221859902612571,0.760434477526736,0.846904742048187
IPF,EUR_AFR,EUR_AFR_11,0.001,EUR,0.806023307602376,0.0216671693021443,0.7625449215683,0.845928323551109
IPF,EUR_AFR,EUR_AFR_11,0.001,EAS,0.554451655196214,0.0280607461941774,0.497282844128285,0.609316692943338
IPF,EUR_AFR,EUR_AFR_11,0.001,AFR,0.445089387965614,0.0327306433851575,0.382997830453489,0.509458904286717
IPF,EUR_AFR,EUR_AFR_11,0.001,AMR,0.696707201556636,0.0260586031599572,0.644326385541581,0.748034248888394
IPF,EUR_AFR,EUR_AFR_11,0.01,MELD_lambda0_true,0.875938901921034,0.0128530710895164,0.850306546407681,0.900839735654829
IPF,EUR_AFR,EUR_AFR_11,0.01,MELD_lambda0_equal,0.851579206412225,0.0126773597905049,0.82514000427152,0.875589750416852
IPF,EUR_AFR,EUR_AFR_11,0.01,MELD_lambda1_true,0.875938901921034,0.0129862991744222,0.850624701183762,0.900659988594684
IPF,EUR_AFR,EUR_AFR_11,0.01,MELD_lambda0_scrambled,0.875938901921034,0.0127314678760565,0.851853928944846,0.900581567032962
IPF,EUR_AFR,EUR_AFR_11,0.01,EUR,0.875938901921034,0.0128810123816225,0.850629558305491,0.90056464227481
IPF,EUR_AFR,EUR_AFR_11,0.01,EAS,0.729632119582717,0.0212061508729323,0.688819165554947,0.770547790073881
IPF,EUR_AFR,EUR_AFR_11,0.01,AFR,0.577870080430427,0.0314680665666578,0.516682035431149,0.641844543798823
IPF,EUR_AFR,EUR_AFR_11,0.01,AMR,0.781474498868834,0.021352095802966,0.739543036418224,0.823144174144396
IPF,EUR_AFR,EUR_AFR_11,0.1,MELD_lambda0_true,0.882642294275314,0.0107261871724982,0.861005829189096,0.903722828341195
IPF,EUR_AFR,EUR_AFR_11,0.1,MELD_lambda0_equal,0.857076459655198,0.0127169610921609,0.831704783964618,0.880275747566622
IPF,EUR_AFR,EUR_AFR_11,0.1,MELD_lambda1_true,0.882642294275314,0.0108881288516562,0.860897639265136,0.903018535002234
IPF,EUR_AFR,EUR_AFR_11,0.1,MELD_lambda0_scrambled,0.882642294275314,0.0111229774702777,0.860696249582036,0.903723862204864
IPF,EUR_AFR,EUR_AFR_11,0.1,EUR,0.882642294275314,0.0108294034964,0.861161122915079,0.903506229166784
IPF,EUR_AFR,EUR_AFR_11,0.1,EAS,0.768121853741505,0.0198534781596779,0.727726481020916,0.804870216893512
IPF,EUR_AFR,EUR_AFR_11,0.1,AFR,0.65951558086905,0.0258246950156539,0.610243587659066,0.710547699652784
IPF,EUR_AFR,EUR_AFR_11,0.1,AMR,0.80207607524832,0.0173487816075111,0.768253877940147,0.837002786306354
IPF,EUR_EAS,EUR_EAS_01,0.001,MELD_lambda0_true,0.846610336354542,0.0169991537785708,0.813734876404992,0.878901175776853
IPF,EUR_EAS,EUR_EAS_01,0.001,MELD_lambda0_equal,0.81088756440554,0.0114863883269808,0.787802391765408,0.832876775762163
IPF,EUR_EAS,EUR_EAS_01,0.001,MELD_lambda1_true,0.846610336354542,0.0167627759563649,0.813820692473313,0.880265856677102
IPF,EUR_EAS,EUR_EAS_01,0.001,MELD_lambda0_scrambled,0.599160805823104,0.0265903911831322,0.546994315028555,0.649577707228596
IPF,EUR_EAS,EUR_EAS_01,0.001,EUR,0.599160805823101,0.0251489389966813,0.547211711473867,0.646904854387411
IPF,EUR_EAS,EUR_EAS_01,0.001,EAS,0.846610336354553,0.0167980785518215,0.812927156249707,0.880119800856874
IPF,EUR_EAS,EUR_EAS_01,0.001,AFR,0.407164773199453,0.0312409737068715,0.349193203401975,0.471862091895699
IPF,EUR_EAS,EUR_EAS_01,0.001,AMR,0.629514457237774,0.0281729872213818,0.576362007846347,0.687527589913298
IPF,EUR_EAS,EUR_EAS_01,0.01,MELD_lambda0_true,0.89528349692019,0.00971741322609642,0.876829092051218,0.91492374801069
IPF,EUR_EAS,EUR_EAS_01,0.01,MELD_lambda0_equal,0.842603256487094,0.00859491990402494,0.82644407695861,0.86017212736862
IPF,EUR_EAS,EUR_EAS_01,0.01,MELD_lambda1_true,0.89528349692019,0.0098959244063982,0.875599966311589,0.915107100190697
IPF,EUR_EAS,EUR_EAS_01,0.01,MELD_lambda0_scrambled,0.731432761495169,0.0164696759199618,0.699829447862577,0.76381212234978
IPF,EUR_EAS,EUR_EAS_01,0.01,EUR,0.731432761495168,0.0163707629457755,0.699550053366836,0.762361537788568
IPF,EUR_EAS,EUR_EAS_01,0.01,EAS,0.89528349692019,0.00967003799832341,0.876265432556636,0.914014291386554
IPF,EUR_EAS,EUR_EAS_01,0.01,AFR,0.54852901491851,0.0283566934670233,0.494861916548758,0.603255532707364
IPF,EUR_EAS,EUR_EAS_01,0.01,AMR,0.724961203351542,0.021798664229189,0.684851586027759,0.76957294046181
IPF,EUR_EAS,EUR_EAS_01,0.1,MELD_lambda0_true,0.893798377963411,0.00922880690550889,0.875813388524346,0.911969094329408
IPF,EUR_EAS,EUR_EAS_01,0.1,MELD_lambda0_equal,0.844762448535076,0.00854398828517951,0.828480229120683,0.86223399700058
IPF,EUR_EAS,EUR_EAS_01,0.1,MELD_lambda1_true,0.893798377963411,0.00918429991820809,0.875845868822235,0.912164422517489
IPF,EUR_EAS,EUR_EAS_01,0.1,MELD_lambda0_scrambled,0.764434170058025,0.0142786254156947,0.737725917348867,0.793923549220117
IPF,EUR_EAS,EUR_EAS_01,0.1,EUR,0.764434170058025,0.0134074320989209,0.738711380425303,0.790921389930552
IPF,EUR_EAS,EUR_EAS_01,0.1,EAS,0.893798377963411,0.00951264755764219,0.874683014375315,0.912034921483469
IPF,EUR_EAS,EUR_EAS_01,0.1,AFR,0.627772468964195,0.0231487095255997,0.585663485186985,0.675712188025695
IPF,EUR_EAS,EUR_EAS_01,0.1,AMR,0.756244582590549,0.0168442392672642,0.724982915252341,0.790842412051421
IPF,EUR_EAS,EUR_EAS_02,0.001,MELD_lambda0_true,0.850205737137553,0.0173827539631324,0.814645070200656,0.88414582079486
IPF,EUR_EAS,EUR_EAS_02,0.001,MELD_lambda0_equal,0.837627042571057,0.0135390084546774,0.812351392457627,0.865261045770337
IPF,EUR_EAS,EUR_EAS_02,0.001,MELD_lambda1_true,0.849212901365734,0.0170489799348298,0.815093173358672,0.881635792366058
IPF,EUR_EAS,EUR_EAS_02,0.001,MELD_lambda0_scrambled,0.850205737137553,0.0167360426670756,0.816124288098537,0.881596863753118
IPF,EUR_EAS,EUR_EAS_02,0.001,EUR,0.660047674799363,0.0235656734252495,0.614434068572253,0.705333697131412
IPF,EUR_EAS,EUR_EAS_02,0.001,EAS,0.778171675483427,0.0220667632846263,0.735967276641358,0.822713969766037
IPF,EUR_EAS,EUR_EAS_02,0.001,AFR,0.435958990481363,0.0335590501543204,0.375229824581488,0.501947922688508
IPF,EUR_EAS,EUR_EAS_02,0.001,AMR,0.636352431500124,0.0308389508612629,0.576980392469005,0.698790043680947
IPF,EUR_EAS,EUR_EAS_02,0.01,MELD_lambda0_true,0.889822936677385,0.010753323332498,0.869407528585667,0.910836811083918
IPF,EUR_EAS,EUR_EAS_02,0.01,MELD_lambda0_equal,0.857499082902558,0.0113090589909045,0.836631257736661,0.880896769786569
IPF,EUR_EAS,EUR_EAS_02,0.01,MELD_lambda1_true,0.888724872439728,0.011081038144067,0.867253740147986,0.911648192511543
IPF,EUR_EAS,EUR_EAS_02,0.01,MELD_lambda0_scrambled,0.889822936677385,0.010539901713882,0.868715714285475,0.910835839308455
IPF,EUR_EAS,EUR_EAS_02,0.01,EUR,0.766078409667609,0.0168270887305121,0.733662486351738,0.797959009812047
IPF,EUR_EAS,EUR_EAS_02,0.01,EAS,0.852562054487906,0.0155876411219875,0.820496714648115,0.881778442493487
IPF,EUR_EAS,EUR_EAS_02,0.01,AFR,0.551437919020878,0.0317559825710319,0.492639168988361,0.615520334466556
IPF,EUR_EAS,EUR_EAS_02,0.01,AMR,0.741101818221119,0.0220471370130034,0.697572202495387,0.784585480715717
IPF,EUR_EAS,EUR_EAS_02,0.1,MELD_lambda0_true,0.883210806402403,0.0116705648485565,0.860354597069055,0.90561941431336
IPF,EUR_EAS,EUR_EAS_02,0.1,MELD_lambda0_equal,0.854653094044126,0.0112284855402367,0.834106637195064,0.877205988555329
IPF,EUR_EAS,EUR_EAS_02,0.1,MELD_lambda1_true,0.881476222194363,0.011899950520234,0.858160292534848,0.904415801854849
IPF,EUR_EAS,EUR_EAS_02,0.1,MELD_lambda0_scrambled,0.883210806402403,0.0110295749087633,0.861145054903328,0.904845502750939
IPF,EUR_EAS,EUR_EAS_02,0.1,EUR,0.794965943526236,0.0144728312830025,0.766480091972574,0.822595412448265
IPF,EUR_EAS,EUR_EAS_02,0.1,EAS,0.858101503904878,0.0151396952790659,0.828591799120466,0.887837724485245
IPF,EUR_EAS,EUR_EAS_02,0.1,AFR,0.615525071860748,0.0261749806281594,0.567485788976768,0.670436917030614
IPF,EUR_EAS,EUR_EAS_02,0.1,AMR,0.764455275236979,0.0181406198624388,0.730161578631049,0.801106523556461
IPF,EUR_EAS,EUR_EAS_03,0.001,MELD_lambda0_true,0.855888556743099,0.0182786379399996,0.818768045602819,0.889551364541466
IPF,EUR_EAS,EUR_EAS_03,0.001,MELD_lambda0_equal,0.842575406312955,0.015649965779391,0.811818682243726,0.87329712357329
IPF,EUR_EAS,EUR_EAS_03,0.001,MELD_lambda1_true,0.851397998660716,0.0181487870725648,0.812795453779567,0.884554871649837
IPF,EUR_EAS,EUR_EAS_03,0.001,MELD_lambda0_scrambled,0.758864993473279,0.0206427615515393,0.718069804484608,0.797114354346108
IPF,EUR_EAS,EUR_EAS_03,0.001,EUR,0.68141855208489,0.0247063367486325,0.632006687369212,0.729277808420066
IPF,EUR_EAS,EUR_EAS_03,0.001,EAS,0.754088018378886,0.0245979516311327,0.706216037471246,0.802673975092917
IPF,EUR_EAS,EUR_EAS_03,0.001,AFR,0.427516912290653,0.035633932882216,0.363565065942089,0.503832335030928
IPF,EUR_EAS,EUR_EAS_03,0.001,AMR,0.671890955909285,0.0312321337855872,0.610007438042544,0.731521743714322
IPF,EUR_EAS,EUR_EAS_03,0.01,MELD_lambda0_true,0.893922007772463,0.0124267323639192,0.867953390822181,0.916011567078527
IPF,EUR_EAS,EUR_EAS_03,0.01,MELD_lambda0_equal,0.86538227255917,0.0121832421689915,0.842190597320616,0.890287704465479
IPF,EUR_EAS,EUR_EAS_03,0.01,MELD_lambda1_true,0.891928183964533,0.0120564356915711,0.867459674463474,0.915077004191605
IPF,EUR_EAS,EUR_EAS_03,0.01,MELD_lambda0_scrambled,0.826423830468272,0.0140148546208366,0.797441179041007,0.854542849082972
IPF,EUR_EAS,EUR_EAS_03,0.01,EUR,0.788403754706374,0.0152852804721857,0.759784124032626,0.81970822189262
IPF,EUR_EAS,EUR_EAS_03,0.01,EAS,0.842406842217916,0.0158701704715996,0.811122031959178,0.87278632103741
IPF,EUR_EAS,EUR_EAS_03,0.01,AFR,0.546463740553473,0.0339534508223056,0.481184541593314,0.612435307904198
IPF,EUR_EAS,EUR_EAS_03,0.01,AMR,0.766908379283303,0.0207894071404689,0.726339466142341,0.808378784901196
IPF,EUR_EAS,EUR_EAS_03,0.1,MELD_lambda0_true,0.886589091269511,0.0108081304828949,0.865383129116868,0.906880957495849
IPF,EUR_EAS,EUR_EAS_03,0.1,MELD_lambda0_equal,0.8640366969285,0.0114649531054024,0.841821779073599,0.886331707245009
IPF,EUR_EAS,EUR_EAS_03,0.1,MELD_lambda1_true,0.884667669161498,0.0106955851132537,0.862970547838473,0.904946023958901
IPF,EUR_EAS,EUR_EAS_03,0.1,MELD_lambda0_scrambled,0.83410260200307,0.0122647408624695,0.810380355289136,0.858621938389736
IPF,EUR_EAS,EUR_EAS_03,0.1,EUR,0.809595390024275,0.0132395535828401,0.784320241103617,0.835537920939245
IPF,EUR_EAS,EUR_EAS_03,0.1,EAS,0.848124124905531,0.0144695716299257,0.818553413916057,0.875070490145326
IPF,EUR_EAS,EUR_EAS_03,0.1,AFR,0.624777842223867,0.0289576103772926,0.566883716440987,0.681169662943257
IPF,EUR_EAS,EUR_EAS_03,0.1,AMR,0.790103137038945,0.01744886656648,0.756542894592818,0.824099521953374
IPF,EUR_EAS,EUR_EAS_04,0.001,MELD_lambda0_true,0.856757871489738,0.017078764819484,0.822205387339708,0.887894240895121
IPF,EUR_EAS,EUR_EAS_04,0.001,MELD_lambda0_equal,0.864803234543235,0.0101775473980658,0.84480840979516,0.885102789744977
IPF,EUR_EAS,EUR_EAS_04,0.001,MELD_lambda1_true,0.853117197662903,0.0155179961083154,0.821320034306603,0.881763976307257
IPF,EUR_EAS,EUR_EAS_04,0.001,MELD_lambda0_scrambled,0.748768770894217,0.0187696065925547,0.71245147943829,0.786644419892296
IPF,EUR_EAS,EUR_EAS_04,0.001,EUR,0.720197784226128,0.0174273825368638,0.68767151640732,0.755338278443759
IPF,EUR_EAS,EUR_EAS_04,0.001,EAS,0.706502051860633,0.0298868452013954,0.649434621368534,0.767630905573901
IPF,EUR_EAS,EUR_EAS_04,0.001,AFR,0.47411781107777,0.0287478555462865,0.419831317553354,0.533348559680646
IPF,EUR_EAS,EUR_EAS_04,0.001,AMR,0.674670646764352,0.0273085586680714,0.624110546769801,0.728841576240467
IPF,EUR_EAS,EUR_EAS_04,0.01,MELD_lambda0_true,0.90219203876583,0.00936738102663218,0.883536239812575,0.920016725513986
IPF,EUR_EAS,EUR_EAS_04,0.01,MELD_lambda0_equal,0.884110936419705,0.00857552849908247,0.869273284514669,0.901730632983546
IPF,EUR_EAS,EUR_EAS_04,0.01,MELD_lambda1_true,0.899292136248451,0.00925065383502739,0.879878647889193,0.916413739008705
IPF,EUR_EAS,EUR_EAS_04,0.01,MELD_lambda0_scrambled,0.804025301167558,0.0152892525860931,0.774699101998017,0.835104930441271
IPF,EUR_EAS,EUR_EAS_04,0.01,EUR,0.816510937079762,0.0103243072429335,0.796443709055259,0.836468415008673
IPF,EUR_EAS,EUR_EAS_04,0.01,EAS,0.827332556992978,0.0162958606755128,0.79543246146971,0.860384776621477
IPF,EUR_EAS,EUR_EAS_04,0.01,AFR,0.592793991120788,0.0262413973791429,0.541466060717491,0.642676325433226
IPF,EUR_EAS,EUR_EAS_04,0.01,AMR,0.778796259106789,0.0173688436400117,0.746453240091595,0.81404605909661
IPF,EUR_EAS,EUR_EAS_04,0.1,MELD_lambda0_true,0.899862338465462,0.00799898200237142,0.883584003308171,0.915253179010842
IPF,EUR_EAS,EUR_EAS_04,0.1,MELD_lambda0_equal,0.881717075288072,0.00803625203255618,0.866116190715581,0.897176177907039
IPF,EUR_EAS,EUR_EAS_04,0.1,MELD_lambda1_true,0.896447135474777,0.00850500640999607,0.87933692911167,0.912411389294359
IPF,EUR_EAS,EUR_EAS_04,0.1,MELD_lambda0_scrambled,0.819260026906665,0.013593644838535,0.793466142325982,0.846799296930082
IPF,EUR_EAS,EUR_EAS_04,0.1,EUR,0.843955599057121,0.00807471450756791,0.828274526110758,0.859656719164043
IPF,EUR_EAS,EUR_EAS_04,0.1,EAS,0.852931761375087,0.0127085707662925,0.826686696101424,0.877912867855216
IPF,EUR_EAS,EUR_EAS_04,0.1,AFR,0.664517250595187,0.0214316523076984,0.62490471905278,0.708535680791484
IPF,EUR_EAS,EUR_EAS_04,0.1,AMR,0.803155506590101,0.0128431704657191,0.778874749829541,0.829449990221214
IPF,EUR_EAS,EUR_EAS_05,0.001,MELD_lambda0_true,0.837765426207022,0.0167187826383255,0.805909574006775,0.871017358044412
IPF,EUR_EAS,EUR_EAS_05,0.001,MELD_lambda0_equal,0.852416860582068,0.0137276611099958,0.82639670812942,0.879701504432
IPF,EUR_EAS,EUR_EAS_05,0.001,MELD_lambda1_true,0.83359529674517,0.0164190585626998,0.801372148603873,0.865431850172674
IPF,EUR_EAS,EUR_EAS_05,0.001,MELD_lambda0_scrambled,0.837765426207022,0.0179654705070603,0.805061788818848,0.874098350505848
IPF,EUR_EAS,EUR_EAS_05,0.001,EUR,0.720530155351602,0.0262161232005326,0.667122926708623,0.773502951615521
IPF,EUR_EAS,EUR_EAS_05,0.001,EAS,0.682808713909166,0.0286828786826746,0.626459997457956,0.740407128102732
IPF,EUR_EAS,EUR_EAS_05,0.001,AFR,0.468990560969732,0.0377644703274826,0.401180673328905,0.54936903586464
IPF,EUR_EAS,EUR_EAS_05,0.001,AMR,0.676761640077788,0.0274512768163397,0.625022383220502,0.73316024434206
IPF,EUR_EAS,EUR_EAS_05,0.01,MELD_lambda0_true,0.886739982441075,0.0120006343825594,0.86472448648428,0.911953833545188
IPF,EUR_EAS,EUR_EAS_05,0.01,MELD_lambda0_equal,0.869327799365657,0.012564693201778,0.844703384877158,0.893499168315322
IPF,EUR_EAS,EUR_EAS_05,0.01,MELD_lambda1_true,0.883153573213977,0.0123172301226327,0.860038874275992,0.908468105892301
IPF,EUR_EAS,EUR_EAS_05,0.01,MELD_lambda0_scrambled,0.886739982441075,0.0120960212168359,0.864420198530787,0.910863356972093
IPF,EUR_EAS,EUR_EAS_05,0.01,EUR,0.81199688715885,0.0170491063281923,0.778414250722899,0.845661626767887
IPF,EUR_EAS,EUR_EAS_05,0.01,EAS,0.816113991319389,0.0165409216488876,0.784332981647488,0.849038080626242
IPF,EUR_EAS,EUR_EAS_05,0.01,AFR,0.569714466886751,0.03432596062078,0.510114307400485,0.640982999540466
IPF,EUR_EAS,EUR_EAS_05,0.01,AMR,0.77985199338818,0.0195622603442058,0.741282073453269,0.816814194553881
IPF,EUR_EAS,EUR_EAS_05,0.1,MELD_lambda0_true,0.88579699781363,0.0105813893568209,0.865244970684888,0.906266685684387
IPF,EUR_EAS,EUR_EAS_05,0.1,MELD_lambda0_equal,0.866108889798665,0.0115678174801178,0.844291636201123,0.88998617201753
IPF,EUR_EAS,EUR_EAS_05,0.1,MELD_lambda1_true,0.881689987871093,0.0105377942810132,0.862083658630111,0.90299669560272
IPF,EUR_EAS,EUR_EAS_05,0.1,MELD_lambda0_scrambled,0.88579699781363,0.0107416140271598,0.86509533576489,0.906279270152372
IPF,EUR_EAS,EUR_EAS_05,0.1,EUR,0.833585118884407,0.0142078349335171,0.805489916069429,0.862466304607727
IPF,EUR_EAS,EUR_EAS_05,0.1,EAS,0.830642018593873,0.0144373248914439,0.803044579939413,0.85834491200858
IPF,EUR_EAS,EUR_EAS_05,0.1,AFR,0.628681522840406,0.0280064503126489,0.578899527025658,0.687244390943204
IPF,EUR_EAS,EUR_EAS_05,0.1,AMR,0.800405663373136,0.0162819205407158,0.768987610452648,0.832440073718369
IPF,EUR_EAS,EUR_EAS_06,0.001,MELD_lambda0_true,0.850935609348211,0.0156081419772737,0.820133672584392,0.879846896790236
IPF,EUR_EAS,EUR_EAS_06,0.001,MELD_lambda0_equal,0.857619311966974,0.0130018614593682,0.832362151063575,0.883526172831582
IPF,EUR_EAS,EUR_EAS_06,0.001,MELD_lambda1_true,0.847827922243393,0.0148756691123216,0.818057314423219,0.875804684892563
IPF,EUR_EAS,EUR_EAS_06,0.001,MELD_lambda0_scrambled,0.735999107196274,0.02170552452765,0.694959340232273,0.780504812691112
IPF,EUR_EAS,EUR_EAS_06,0.001,EUR,0.777794950866711,0.0162750461009747,0.747618445825772,0.811259035987301
IPF,EUR_EAS,EUR_EAS_06,0.001,EAS,0.681507098635866,0.022765707384538,0.638024133788732,0.726719455396606
IPF,EUR_EAS,EUR_EAS_06,0.001,AFR,0.48343972551684,0.0305160925562301,0.42791550744434,0.54856084918946
IPF,EUR_EAS,EUR_EAS_06,0.001,AMR,0.69105803491934,0.0213190888393686,0.65255448944771,0.7360670116512
IPF,EUR_EAS,EUR_EAS_06,0.01,MELD_lambda0_true,0.892798689000703,0.0106624327981759,0.871115884493258,0.912733611581632
IPF,EUR_EAS,EUR_EAS_06,0.01,MELD_lambda0_equal,0.878245067337472,0.0112355067559551,0.855355644152705,0.89934027774295
IPF,EUR_EAS,EUR_EAS_06,0.01,MELD_lambda1_true,0.891389925331663,0.0110049404561105,0.868908389586119,0.912559324930313
IPF,EUR_EAS,EUR_EAS_06,0.01,MELD_lambda0_scrambled,0.79413497715619,0.017436951342904,0.76158120290649,0.829350233412924
IPF,EUR_EAS,EUR_EAS_06,0.01,EUR,0.842080988771485,0.0126230378367054,0.815408601927816,0.866735016706048
IPF,EUR_EAS,EUR_EAS_06,0.01,EAS,0.805028031578287,0.0151149946552855,0.774787180588296,0.83477805018908
IPF,EUR_EAS,EUR_EAS_06,0.01,AFR,0.595744729219723,0.0288235322070138,0.544683909234092,0.657982816452232
IPF,EUR_EAS,EUR_EAS_06,0.01,AMR,0.781760086657279,0.0165801030491587,0.751299446439375,0.816193953608559
IPF,EUR_EAS,EUR_EAS_06,0.1,MELD_lambda0_true,0.88964929489716,0.0103377826572347,0.868535891105618,0.908436182465297
IPF,EUR_EAS,EUR_EAS_06,0.1,MELD_lambda0_equal,0.8772025505688,0.0108637378983567,0.856329252517679,0.898378982683097
IPF,EUR_EAS,EUR_EAS_06,0.1,MELD_lambda1_true,0.887824966621341,0.0102816068857299,0.867582509155954,0.907980071159018
IPF,EUR_EAS,EUR_EAS_06,0.1,MELD_lambda0_scrambled,0.808616144262641,0.0157265653533012,0.7764822275922,0.838789891355216
IPF,EUR_EAS,EUR_EAS_06,0.1,EUR,0.848077182564993,0.0107120647327049,0.826204851406085,0.869194871510137
IPF,EUR_EAS,EUR_EAS_06,0.1,EAS,0.82911366675829,0.0134986476399351,0.802740315857243,0.855609550405126
IPF,EUR_EAS,EUR_EAS_06,0.1,AFR,0.65267356549643,0.0234781926132905,0.608477224577561,0.699961998755627
IPF,EUR_EAS,EUR_EAS_06,0.1,AMR,0.807275607482876,0.0152467003021696,0.778792626273008,0.837868388270897
IPF,EUR_EAS,EUR_EAS_07,0.001,MELD_lambda0_true,0.85911448145426,0.0130022440017338,0.831966747210512,0.882533585048878
IPF,EUR_EAS,EUR_EAS_07,0.001,MELD_lambda0_equal,0.861168344898449,0.0113800647929649,0.839452243859741,0.883372279516428
IPF,EUR_EAS,EUR_EAS_07,0.001,MELD_lambda1_true,0.849369267639387,0.0132177386090303,0.822923079245117,0.874425857969153
IPF,EUR_EAS,EUR_EAS_07,0.001,MELD_lambda0_scrambled,0.85911448145426,0.0129853058859065,0.83325009639452,0.883704697292631
IPF,EUR_EAS,EUR_EAS_07,0.001,EUR,0.762483370031722,0.0227823210150786,0.71820158492335,0.806441048598447
IPF,EUR_EAS,EUR_EAS_07,0.001,EAS,0.661586920546845,0.0268391453764913,0.609105298617382,0.716880088595877
IPF,EUR_EAS,EUR_EAS_07,0.001,AFR,0.473641426069027,0.0330523819211039,0.409388426555951,0.540932671525619
IPF,EUR_EAS,EUR_EAS_07,0.001,AMR,0.695177018728965,0.0232423673571765,0.655368765560406,0.743174504721664
IPF,EUR_EAS,EUR_EAS_07,0.01,MELD_lambda0_true,0.894884259889547,0.00992503385092328,0.874695279628942,0.912744156642332
IPF,EUR_EAS,EUR_EAS_07,0.01,MELD_lambda0_equal,0.879800415281579,0.00868385732459371,0.863333561834505,0.896936663457323
IPF,EUR_EAS,EUR_EAS_07,0.01,MELD_lambda1_true,0.890533454856599,0.010330493774996,0.869893024124646,0.910363267415969
IPF,EUR_EAS,EUR_EAS_07,0.01,MELD_lambda0_scrambled,0.894884259889547,0.00974135241428651,0.875606404434747,0.913403281905514
IPF,EUR_EAS,EUR_EAS_07,0.01,EUR,0.844826186761792,0.0132906098922064,0.818517450212721,0.86999837378497
IPF,EUR_EAS,EUR_EAS_07,0.01,EAS,0.805027136246502,0.013605527060031,0.778809365642103,0.831319100131552
IPF,EUR_EAS,EUR_EAS_07,0.01,AFR,0.5884400160085,0.0297529389144832,0.530984728390553,0.647214252859822
IPF,EUR_EAS,EUR_EAS_07,0.01,AMR,0.791968092779214,0.0147630590466547,0.763875598412828,0.819972399293097
IPF,EUR_EAS,EUR_EAS_07,0.1,MELD_lambda0_true,0.894279229465665,0.00821561844271369,0.878172730986491,0.910865815157905
IPF,EUR_EAS,EUR_EAS_07,0.1,MELD_lambda0_equal,0.878688219249134,0.00829591392709115,0.86296781389517,0.89534439094536
IPF,EUR_EAS,EUR_EAS_07,0.1,MELD_lambda1_true,0.890215401559108,0.00914540561051112,0.872501269766999,0.907199825826393
IPF,EUR_EAS,EUR_EAS_07,0.1,MELD_lambda0_scrambled,0.894279229465665,0.00822670880075701,0.877889784433736,0.91027328326765
IPF,EUR_EAS,EUR_EAS_07,0.1,EUR,0.858833190063234,0.00987668649794717,0.840467360334108,0.879516170704958
IPF,EUR_EAS,EUR_EAS_07,0.1,EAS,0.827257678678742,0.0112052492437383,0.806008663922471,0.849314374646127
IPF,EUR_EAS,EUR_EAS_07,0.1,AFR,0.649665021301612,0.0257648253016651,0.600318160494749,0.702359757453868
IPF,EUR_EAS,EUR_EAS_07,0.1,AMR,0.808562642513989,0.0134964236276748,0.783994873126522,0.836567110426616
IPF,EUR_EAS,EUR_EAS_08,0.001,MELD_lambda0_true,0.852036924305318,0.0158818011525935,0.817903919119638,0.880966336101557
IPF,EUR_EAS,EUR_EAS_08,0.001,MELD_lambda0_equal,0.848247756511304,0.0140093955370839,0.819541613942986,0.874353785143495
IPF,EUR_EAS,EUR_EAS_08,0.001,MELD_lambda1_true,0.847822184859488,0.0161114194456351,0.813371924364602,0.875941715592985
IPF,EUR_EAS,EUR_EAS_08,0.001,MELD_lambda0_scrambled,0.729293282109495,0.0206418835754246,0.687714701717812,0.770415229254974
IPF,EUR_EAS,EUR_EAS_08,0.001,EUR,0.787553175538998,0.0226340407178405,0.742382766959074,0.828749236359498
IPF,EUR_EAS,EUR_EAS_08,0.001,EAS,0.616122299438667,0.027111677045651,0.562908303253864,0.666509841223184
IPF,EUR_EAS,EUR_EAS_08,0.001,AFR,0.480009174914568,0.0317912126518834,0.420767466309137,0.543304575973112
IPF,EUR_EAS,EUR_EAS_08,0.001,AMR,0.677096407204267,0.0252472340547442,0.629903232689882,0.729390557745391
IPF,EUR_EAS,EUR_EAS_08,0.01,MELD_lambda0_true,0.891487662068634,0.0111848677877808,0.869071085215925,0.911941955073279
IPF,EUR_EAS,EUR_EAS_08,0.01,MELD_lambda0_equal,0.869606284433054,0.0114867241921446,0.846356398689536,0.891841774466119
IPF,EUR_EAS,EUR_EAS_08,0.01,MELD_lambda1_true,0.888901134562953,0.011290189505924,0.865850192781368,0.909005043511666
IPF,EUR_EAS,EUR_EAS_08,0.01,MELD_lambda0_scrambled,0.789508334956793,0.0184620835942499,0.751323859774438,0.823242738079921
IPF,EUR_EAS,EUR_EAS_08,0.01,EUR,0.860381731023528,0.0129983242809891,0.834188126770943,0.884556095483295
IPF,EUR_EAS,EUR_EAS_08,0.01,EAS,0.76146065922806,0.0197584866680692,0.720348388105578,0.797007806865807
IPF,EUR_EAS,EUR_EAS_08,0.01,AFR,0.589504335869982,0.0306084161993934,0.532117373152441,0.653091711333552
IPF,EUR_EAS,EUR_EAS_08,0.01,AMR,0.77375272795211,0.017075378902131,0.740066926543919,0.806634166997202
IPF,EUR_EAS,EUR_EAS_08,0.1,MELD_lambda0_true,0.889205923685353,0.011343250638045,0.865928085915961,0.90949169086357
IPF,EUR_EAS,EUR_EAS_08,0.1,MELD_lambda0_equal,0.872042373901623,0.0115198620511986,0.848954538858974,0.894250316263752
IPF,EUR_EAS,EUR_EAS_08,0.1,MELD_lambda1_true,0.886027765811521,0.0110637360617445,0.863405256493901,0.906655866871749
IPF,EUR_EAS,EUR_EAS_08,0.1,MELD_lambda0_scrambled,0.812730579800141,0.0165928179384836,0.77736521536096,0.843473895732015
IPF,EUR_EAS,EUR_EAS_08,0.1,EUR,0.870773935940565,0.0111102098549496,0.848491201792914,0.892183315907093
IPF,EUR_EAS,EUR_EAS_08,0.1,EAS,0.790910782624141,0.0173307838291315,0.755342146999844,0.824085778272354
IPF,EUR_EAS,EUR_EAS_08,0.1,AFR,0.659124777528256,0.0267727338354067,0.606639190334497,0.712095185131326
IPF,EUR_EAS,EUR_EAS_08,0.1,AMR,0.799598513660353,0.0140429271251905,0.773116663025034,0.82808913311729
IPF,EUR_EAS,EUR_EAS_09,0.001,MELD_lambda0_true,0.847697913101647,0.0143483337353131,0.819515995351366,0.87522610002984
IPF,EUR_EAS,EUR_EAS_09,0.001,MELD_lambda0_equal,0.842450963175678,0.0116769668580462,0.819154996514308,0.864578081638089
IPF,EUR_EAS,EUR_EAS_09,0.001,MELD_lambda1_true,0.843012387817017,0.0138102846656306,0.815817092656832,0.869740849649674
IPF,EUR_EAS,EUR_EAS_09,0.001,MELD_lambda0_scrambled,0.733930018208134,0.0230297055417421,0.686931368736611,0.778324277274396
IPF,EUR_EAS,EUR_EAS_09,0.001,EUR,0.792131489787936,0.0185395969853603,0.754470807812096,0.828220503256913
IPF,EUR_EAS,EUR_EAS_09,0.001,EAS,0.591977558983408,0.0298173139959782,0.53116911172657,0.650690611959816
IPF,EUR_EAS,EUR_EAS_09,0.001,AFR,0.464355553379476,0.0355726773843547,0.398039947822224,0.539512955329299
IPF,EUR_EAS,EUR_EAS_09,0.001,AMR,0.706346054271824,0.0207503733797998,0.666329462892195,0.747454358796612
IPF,EUR_EAS,EUR_EAS_09,0.01,MELD_lambda0_true,0.890520072861614,0.00931583314521417,0.87174939769646,0.908515897742224
IPF,EUR_EAS,EUR_EAS_09,0.01,MELD_lambda0_equal,0.868619801979408,0.0096997659778412,0.849538109506524,0.887319693689128
IPF,EUR_EAS,EUR_EAS_09,0.01,MELD_lambda1_true,0.888361579151103,0.0094039116149818,0.869985835152045,0.906255654246728
IPF,EUR_EAS,EUR_EAS_09,0.01,MELD_lambda0_scrambled,0.829209063300594,0.0127094085703323,0.803176529240457,0.853150013182589
IPF,EUR_EAS,EUR_EAS_09,0.01,EUR,0.867963674379791,0.0104206938915362,0.846772278577926,0.88874351086555
IPF,EUR_EAS,EUR_EAS_09,0.01,EAS,0.758101785196934,0.0174767468953726,0.725078153341244,0.793004738782368
IPF,EUR_EAS,EUR_EAS_09,0.01,AFR,0.576825267802122,0.0300793795398416,0.51869633075475,0.635693466965359
IPF,EUR_EAS,EUR_EAS_09,0.01,AMR,0.793394495173673,0.0156244900939653,0.762188409008142,0.824029272483062
IPF,EUR_EAS,EUR_EAS_09,0.1,MELD_lambda0_true,0.890329434715778,0.00862809699002524,0.873310752300999,0.906718978342695
IPF,EUR_EAS,EUR_EAS_09,0.1,MELD_lambda0_equal,0.870664242786347,0.00988903802340027,0.850035638044154,0.889452829068795
IPF,EUR_EAS,EUR_EAS_09,0.1,MELD_lambda1_true,0.88853193844855,0.0087999506264706,0.871228403981523,0.906174889153165
IPF,EUR_EAS,EUR_EAS_09,0.1,MELD_lambda0_scrambled,0.843762813442364,0.0113503237008216,0.821606493986816,0.866271126114323
IPF,EUR_EAS,EUR_EAS_09,0.1,EUR,0.873849098873765,0.00879993414271715,0.856521102139547,0.891212039224963
IPF,EUR_EAS,EUR_EAS_09,0.1,EAS,0.799992476464947,0.0144476450825979,0.771171643005564,0.828606884634233
IPF,EUR_EAS,EUR_EAS_09,0.1,AFR,0.645466792236807,0.0237892726284812,0.599282099817541,0.691955098101698
IPF,EUR_EAS,EUR_EAS_09,0.1,AMR,0.814669851307471,0.0135210904486491,0.789373593754776,0.841566188711668
IPF,EUR_EAS,EUR_EAS_10,0.001,MELD_lambda0_true,0.834730111251376,0.016531852999313,0.802455137225813,0.8663788309704
IPF,EUR_EAS,EUR_EAS_10,0.001,MELD_lambda0_equal,0.830671590376703,0.0138439518524537,0.802165775885682,0.856060091054554
IPF,EUR_EAS,EUR_EAS_10,0.001,MELD_lambda1_true,0.833224256385503,0.0168003518505651,0.800888046256511,0.86537475147759
IPF,EUR_EAS,EUR_EAS_10,0.001,MELD_lambda0_scrambled,0.650358576497657,0.0217885666833165,0.6049680425333,0.692528036981627
IPF,EUR_EAS,EUR_EAS_10,0.001,EUR,0.793543642636209,0.0200379872190592,0.754040302218569,0.832187154348711
IPF,EUR_EAS,EUR_EAS_10,0.001,EAS,0.544345017108431,0.0298945927197491,0.488261591215035,0.60399355268398
IPF,EUR_EAS,EUR_EAS_10,0.001,AFR,0.463773646491781,0.0264672444872953,0.414391072916147,0.519790512956614
IPF,EUR_EAS,EUR_EAS_10,0.001,AMR,0.656180777003291,0.024668833266616,0.608533078492979,0.704837115993552
IPF,EUR_EAS,EUR_EAS_10,0.01,MELD_lambda0_true,0.874256817647011,0.0128138748384887,0.847655393119736,0.898909185446064
IPF,EUR_EAS,EUR_EAS_10,0.01,MELD_lambda0_equal,0.854201120918234,0.0133148438739065,0.826383292571671,0.878924357721304
IPF,EUR_EAS,EUR_EAS_10,0.01,MELD_lambda1_true,0.873181271328641,0.0125876722572954,0.847751301431855,0.897434226680436
IPF,EUR_EAS,EUR_EAS_10,0.01,MELD_lambda0_scrambled,0.726512252308002,0.0188857449662096,0.689058490971274,0.764028152247193
IPF,EUR_EAS,EUR_EAS_10,0.01,EUR,0.858380418950227,0.0132608227694482,0.831842035625402,0.883949838432932
IPF,EUR_EAS,EUR_EAS_10,0.01,EAS,0.716534154502669,0.021612222842708,0.673707727840634,0.756342037045094
IPF,EUR_EAS,EUR_EAS_10,0.01,AFR,0.589341053411453,0.0248862651228422,0.541404004505943,0.637316244405207
IPF,EUR_EAS,EUR_EAS_10,0.01,AMR,0.756258474240167,0.0190469521536864,0.718174219129584,0.794650285065342
IPF,EUR_EAS,EUR_EAS_10,0.1,MELD_lambda0_true,0.872784765621351,0.0122562043394654,0.848513249978689,0.895006724544748
IPF,EUR_EAS,EUR_EAS_10,0.1,MELD_lambda0_equal,0.854093503222426,0.0126759775327926,0.828349849030914,0.877588860583611
IPF,EUR_EAS,EUR_EAS_10,0.1,MELD_lambda1_true,0.871255616693444,0.0126993343211496,0.845518095902246,0.896238297622545
IPF,EUR_EAS,EUR_EAS_10,0.1,MELD_lambda0_scrambled,0.750186316446721,0.0174298424697684,0.716790559814141,0.783365861048424
IPF,EUR_EAS,EUR_EAS_10,0.1,EUR,0.863918321574577,0.0122476395736105,0.840371226363988,0.886719224779279
IPF,EUR_EAS,EUR_EAS_10,0.1,EAS,0.754955338516901,0.0220239208697455,0.709491568724226,0.796293328974004
IPF,EUR_EAS,EUR_EAS_10,0.1,AFR,0.653273679567372,0.0224506425246797,0.611377075152963,0.698936818664446
IPF,EUR_EAS,EUR_EAS_10,0.1,AMR,0.783728205703448,0.0169264449751619,0.750589023260951,0.816680905845804
IPF,EUR_EAS,EUR_EAS_11,0.001,MELD_lambda0_true,0.81482399961224,0.0199111659158331,0.776028938613613,0.851459168457997
IPF,EUR_EAS,EUR_EAS_11,0.001,MELD_lambda0_equal,0.82949245057384,0.0110382546321262,0.806996266852963,0.850841830237867
IPF,EUR_EAS,EUR_EAS_11,0.001,MELD_lambda1_true,0.81482399961224,0.0196885073173363,0.775446800178666,0.851281468549745
IPF,EUR_EAS,EUR_EAS_11,0.001,MELD_lambda0_scrambled,0.466410286550487,0.0268780336336283,0.418305764626834,0.522127278703288
IPF,EUR_EAS,EUR_EAS_11,0.001,EUR,0.814823999612251,0.0198384911309946,0.775700799065958,0.853458446935689
IPF,EUR_EAS,EUR_EAS_11,0.001,EAS,0.54949126252376,0.0308938022896011,0.490008915913753,0.608886772783396
IPF,EUR_EAS,EUR_EAS_11,0.001,AFR,0.466410371368183,0.0278011883011996,0.415156277397386,0.521856961648829
IPF,EUR_EAS,EUR_EAS_11,0.001,AMR,0.70126445172327,0.0270146507886198,0.651228707174557,0.75325205664708
IPF,EUR_EAS,EUR_EAS_11,0.01,MELD_lambda0_true,0.877865014203782,0.0129900830275723,0.851704012471778,0.903235073030576
IPF,EUR_EAS,EUR_EAS_11,0.01,MELD_lambda0_equal,0.855583584806983,0.00994686980244772,0.835784110912289,0.875126585267394
IPF,EUR_EAS,EUR_EAS_11,0.01,MELD_lambda1_true,0.877865014203782,0.0125798605109399,0.852908275064141,0.902228083440938
IPF,EUR_EAS,EUR_EAS_11,0.01,MELD_lambda0_scrambled,0.586966727273015,0.0258531200794882,0.536433397076144,0.636217097165826
IPF,EUR_EAS,EUR_EAS_11,0.01,EUR,0.877865014203782,0.0128852617670928,0.853561174750235,0.905154856561346
IPF,EUR_EAS,EUR_EAS_11,0.01,EAS,0.723160765448169,0.02036665064313,0.680742783728655,0.761517502455494
IPF,EUR_EAS,EUR_EAS_11,0.01,AFR,0.586966548320307,0.0254900564067826,0.537276462947707,0.637243824064299
IPF,EUR_EAS,EUR_EAS_11,0.01,AMR,0.790898005626547,0.0198373576093796,0.751367731880786,0.828379282410968
IPF,EUR_EAS,EUR_EAS_11,0.1,MELD_lambda0_true,0.886627901555523,0.0102068390134756,0.86588126864696,0.905844735751901
IPF,EUR_EAS,EUR_EAS_11,0.1,MELD_lambda0_equal,0.863309749502396,0.00944323917282436,0.844421743152756,0.880657707944056
IPF,EUR_EAS,EUR_EAS_11,0.1,MELD_lambda1_true,0.886627901555523,0.0103746667233678,0.865634248596879,0.9056550425771
IPF,EUR_EAS,EUR_EAS_11,0.1,MELD_lambda0_scrambled,0.653246468851224,0.0213368809204236,0.613389698119138,0.697234854957697
IPF,EUR_EAS,EUR_EAS_11,0.1,EUR,0.886627901555523,0.0104710854810809,0.867100193067908,0.907057862243667
IPF,EUR_EAS,EUR_EAS_11,0.1,EAS,0.769662774437466,0.0169492791103531,0.735556865511249,0.801871745654568
IPF,EUR_EAS,EUR_EAS_11,0.1,AFR,0.653245760216574,0.0214157997262755,0.61203199546355,0.695197942943629
IPF,EUR_EAS,EUR_EAS_11,0.1,AMR,0.813869953552143,0.0151951175342993,0.784678392925201,0.843226258542547
IPF,multi,equal,0.001,MELD_lambda0_true,0.831639598864255,0.0189300117181371,0.794196434523464,0.867443453954109
IPF,multi,equal,0.001,MELD_lambda0_equal,0.831639598864255,0.018231066454224,0.793486149867886,0.866138849053996
IPF,multi,equal,0.001,MELD_lambda1_true,0.823876237618131,0.0216695052177468,0.779288589088902,0.863588229119672
IPF,multi,equal,0.001,MELD_lambda0_scrambled,0.831639598864255,0.0184835815992093,0.794713396826791,0.866868966836854
IPF,multi,equal,0.001,EUR,0.57397917700819,0.0342866807441533,0.504587563477528,0.638948421745529
IPF,multi,equal,0.001,EAS,0.479638867569036,0.0278482441988746,0.424101627431032,0.533891422148411
IPF,multi,equal,0.001,AFR,0.563924736376407,0.0289106634537692,0.513240214446653,0.627191340983445
IPF,multi,equal,0.001,AMR,0.597954254691878,0.0330971708160604,0.533704932546054,0.665808815043622
IPF,multi,equal,0.01,MELD_lambda0_true,0.852943133396014,0.0140028022507672,0.825705851228743,0.880385385896913
IPF,multi,equal,0.01,MELD_lambda0_equal,0.852943133396014,0.0138297091911071,0.826406600618685,0.87951596707088
IPF,multi,equal,0.01,MELD_lambda1_true,0.850371971109633,0.0143465195666509,0.821572483175709,0.87833211097891
IPF,multi,equal,0.01,MELD_lambda0_scrambled,0.852943133396014,0.0142946074020695,0.824995503723857,0.880481114199814
IPF,multi,equal,0.01,EUR,0.707120048004944,0.0202207098793567,0.668157801914444,0.746465584709551
IPF,multi,equal,0.01,EAS,0.642782593934106,0.0225945659024592,0.597555957540943,0.685477622126323
IPF,multi,equal,0.01,AFR,0.64793622492456,0.0272099259778038,0.597966865815737,0.703579634888139
IPF,multi,equal,0.01,AMR,0.708267514988874,0.027913956271303,0.656230281945667,0.762836459149653
IPF,multi,equal,0.1,MELD_lambda0_true,0.848376544992747,0.012584771218519,0.824625532435428,0.87358670583723
IPF,multi,equal,0.1,MELD_lambda0_equal,0.848376544992747,0.0125005844102142,0.823849842526183,0.873101394825897
IPF,multi,equal,0.1,MELD_lambda1_true,0.844611448851456,0.0126469848715051,0.820362834778878,0.869949406259992
IPF,multi,equal,0.1,MELD_lambda0_scrambled,0.848376544992747,0.0123392872138055,0.823874152019264,0.872538232869938
IPF,multi,equal,0.1,EUR,0.74124119712616,0.0154978177915374,0.710564182417928,0.771770207414196
IPF,multi,equal,0.1,EAS,0.689320977133706,0.0190255709333419,0.651327081140601,0.725134741728228
IPF,multi,equal,0.1,AFR,0.688277052563942,0.0222245222456451,0.646710077141633,0.734224821518698
IPF,multi,equal,0.1,AMR,0.741903131752883,0.0208185429728636,0.702101349356551,0.784320725616152
IPF,multi,reported,0.001,MELD_lambda0_true,0.862920788652846,0.0114905548402831,0.841262599367926,0.88592511934059
IPF,multi,reported,0.001,MELD_lambda0_equal,0.853472971591961,0.0103664614104782,0.833951779917209,0.874078178806701
IPF,multi,reported,0.001,MELD_lambda1_true,0.858446736023576,0.011800004816544,0.835234314870455,0.881250861371696
IPF,multi,reported,0.001,MELD_lambda0_scrambled,0.789896564924571,0.0162064455646859,0.758665713496449,0.822384583923069
IPF,multi,reported,0.001,EUR,0.780705311753486,0.0194778948149615,0.742579134844112,0.817774932740786
IPF,multi,reported,0.001,EAS,0.595590853979265,0.0221733109049211,0.554131546650374,0.638555643283631
IPF,multi,reported,0.001,AFR,0.488873643493816,0.0272295252339969,0.436945779185189,0.543961658030744
IPF,multi,reported,0.001,AMR,0.684378045562849,0.023879008178641,0.639696049163657,0.734213405462061
IPF,multi,reported,0.01,MELD_lambda0_true,0.895893000375344,0.00786993214493489,0.880451998161368,0.911443385328674
IPF,multi,reported,0.01,MELD_lambda0_equal,0.876021394861944,0.00883542006459671,0.858144163645311,0.892899312817154
IPF,multi,reported,0.01,MELD_lambda1_true,0.89304642910268,0.00847967926810025,0.876161358174553,0.908991431413118
IPF,multi,reported,0.01,MELD_lambda0_scrambled,0.845020387082255,0.0106610548170648,0.825225006244432,0.866170279041294
IPF,multi,reported,0.01,EUR,0.863724423464911,0.00940139367455593,0.845179172040524,0.882262441372519
IPF,multi,reported,0.01,EAS,0.753950647412822,0.0127419741463059,0.728209164149942,0.777897772555101
IPF,multi,reported,0.01,AFR,0.595802618906946,0.0275644819357969,0.545042616408009,0.651844847984087
IPF,multi,reported,0.01,AMR,0.781903381747236,0.0147872115515108,0.755614615545721,0.81366308519662
IPF,multi,reported,0.1,MELD_lambda0_true,0.891609379551479,0.00764451239598831,0.876928829369776,0.906851892165536
IPF,multi,reported,0.1,MELD_lambda0_equal,0.874530728614542,0.00871845866157581,0.856582503268149,0.891479505337019
IPF,multi,reported,0.1,MELD_lambda1_true,0.88847233979782,0.00810838127204687,0.871594082254957,0.903410960759216
IPF,multi,reported,0.1,MELD_lambda0_scrambled,0.849043819180358,0.00966003209133594,0.83032450814371,0.868397658864084
IPF,multi,reported,0.1,EUR,0.871082710621507,0.00814595403661055,0.855203123527787,0.886663186073846
IPF,multi,reported,0.1,EAS,0.791760993252676,0.0107959213934125,0.770546936734888,0.813235085747174
IPF,multi,reported,0.1,AFR,0.657821241957366,0.0232788590882357,0.609992943467265,0.702861005542914
IPF,multi,reported,0.1,AMR,0.803208318461199,0.0132320623711003,0.779950948613335,0.830534994195088
IPF,multi,w25rest,0.001,MELD_lambda0_true,0.841293904376632,0.0166441760933364,0.806440122967027,0.872104509342218
IPF,multi,w25rest,0.001,MELD_lambda0_equal,0.841293904376632,0.0167483831947923,0.805346643880868,0.872640517710469
IPF,multi,w25rest,0.001,MELD_lambda1_true,0.836807000745279,0.018227647623516,0.797600727065156,0.867559662912997
IPF,multi,w25rest,0.001,MELD_lambda0_scrambled,0.841293904376632,0.0169038808557321,0.804643264771583,0.871832189479382
IPF,multi,w25rest,0.001,EUR,0.557437568113632,0.0307623160799463,0.497001355262887,0.614808415606135
IPF,multi,w25rest,0.001,EAS,0.443171059806922,0.0222420282017011,0.400242250878282,0.488006964915818
IPF,multi,w25rest,0.001,AFR,0.579046801391335,0.0294130140992508,0.526385673030959,0.639315267504495
IPF,multi,w25rest,0.001,AMR,0.586774385588917,0.0342614646871963,0.520135005257063,0.653368572259311
IPF,multi,w25rest,0.01,MELD_lambda0_true,0.858546687517677,0.0141471126576932,0.830326527845246,0.885029139498557
IPF,multi,w25rest,0.01,MELD_lambda0_equal,0.858546687517677,0.0137747179945393,0.830481924658535,0.883707083679891
IPF,multi,w25rest,0.01,MELD_lambda1_true,0.855919524665498,0.0145651654755506,0.825849590584909,0.882480999192773
IPF,multi,w25rest,0.01,MELD_lambda0_scrambled,0.858546687517677,0.0143625651550881,0.829320067809942,0.885690394937722
IPF,multi,w25rest,0.01,EUR,0.693532650177995,0.0252394853492421,0.640317437001984,0.73749514933818
IPF,multi,w25rest,0.01,EAS,0.646043174879621,0.0195492005392476,0.606417165937223,0.682963184869297
IPF,multi,w25rest,0.01,AFR,0.669297244074504,0.0295432040777432,0.612336744618485,0.726772342243927
IPF,multi,w25rest,0.01,AMR,0.702557441756363,0.0273086872954583,0.650442631359997,0.758793009534396
IPF,multi,w25rest,0.1,MELD_lambda0_true,0.855500718445651,0.0119332652912938,0.831766310901074,0.879201640933894
IPF,multi,w25rest,0.1,MELD_lambda0_equal,0.855500718445651,0.0122040326438965,0.83077144645886,0.878799217721251
IPF,multi,w25rest,0.1,MELD_lambda1_true,0.851138745677652,0.0124092440542629,0.825765485681304,0.874348171260673
IPF,multi,w25rest,0.1,MELD_lambda0_scrambled,0.855500718445651,0.0120716186644939,0.830476392167885,0.878723623865081
IPF,multi,w25rest,0.1,EUR,0.747438137938394,0.0185576704994347,0.710996303344297,0.781439936427318
IPF,multi,w25rest,0.1,EAS,0.710745303757653,0.0167832247873963,0.677172943874732,0.743346668960191
IPF,multi,w25rest,0.1,AFR,0.704230606632686,0.0246078649281664,0.655260438589805,0.751611688870788
IPF,multi,w25rest,0.1,AMR,0.748377720691568,0.0207898182558088,0.709488909867237,0.789349037173155
IPF,multi,w50rest,0.001,MELD_lambda0_true,0.848475559538397,0.0131161078878289,0.822888496689197,0.875143714951308
IPF,multi,w50rest,0.001,MELD_lambda0_equal,0.844454261301046,0.0132981878888639,0.817855785946037,0.869887037376554
IPF,multi,w50rest,0.001,MELD_lambda1_true,0.845828708122296,0.0137555911197606,0.81943740566015,0.873279383668508
IPF,multi,w50rest,0.001,MELD_lambda0_scrambled,0.833491026850471,0.0134436255785728,0.808129272464557,0.859734360305894
IPF,multi,w50rest,0.001,EUR,0.619565137296051,0.0245736737114341,0.572682896855649,0.671652894831236
IPF,multi,w50rest,0.001,EAS,0.493120842262663,0.026714679929983,0.443047363961603,0.547692522822521
IPF,multi,w50rest,0.001,AFR,0.556324658662338,0.0317904139920467,0.501567845796356,0.62050642953078
IPF,multi,w50rest,0.001,AMR,0.631908030771652,0.0306495122058622,0.575842171129446,0.696153163582488
IPF,multi,w50rest,0.01,MELD_lambda0_true,0.866716178750119,0.0115973112971576,0.844024262369792,0.889440817179754
IPF,multi,w50rest,0.01,MELD_lambda0_equal,0.862902604266752,0.0118969406981437,0.840710131805538,0.885987935236569
IPF,multi,w50rest,0.01,MELD_lambda1_true,0.865100340760654,0.0112065486900196,0.842862515684344,0.88713594991383
IPF,multi,w50rest,0.01,MELD_lambda0_scrambled,0.849041536193515,0.0132254292533874,0.824740190412304,0.876464969952903
IPF,multi,w50rest,0.01,EUR,0.744033931098054,0.0176072576427734,0.708078366000688,0.777919505529009
IPF,multi,w50rest,0.01,EAS,0.668818320174657,0.0211083364715041,0.627593421431989,0.7103110262143
IPF,multi,w50rest,0.01,AFR,0.646126120202493,0.0289946043867595,0.590645551243016,0.702288079806858
IPF,multi,w50rest,0.01,AMR,0.741698795218978,0.0224691075040059,0.698920034046987,0.784938240265586
IPF,multi,w50rest,0.1,MELD_lambda0_true,0.864188868184632,0.0115004516104805,0.840790178739247,0.885982128344168
IPF,multi,w50rest,0.1,MELD_lambda0_equal,0.860964057473879,0.0116979063710368,0.836736142109989,0.882699023476633
IPF,multi,w50rest,0.1,MELD_lambda1_true,0.861386843063135,0.0112795783937947,0.838950541175644,0.884105305947483
IPF,multi,w50rest,0.1,MELD_lambda0_scrambled,0.848395585733727,0.0131816007652137,0.822975393700646,0.875693304798805
IPF,multi,w50rest,0.1,EUR,0.785326162718851,0.0133376329906868,0.759128101295983,0.81115472838246
IPF,multi,w50rest,0.1,EAS,0.725985578972157,0.0170962560756592,0.692365617530395,0.759755257716318
IPF,multi,w50rest,0.1,AFR,0.687102510434351,0.024500871130285,0.639205286963932,0.736201046139368
IPF,multi,w50rest,0.1,AMR,0.78068988397445,0.016916923927118,0.747938746199653,0.815114079143584
Stroke,EUR_AFR,EUR_AFR_01,0.001,MELD_lambda0_true,0.500577602088221,0.0285123062966155,0.447055531561033,0.558942461553913
Stroke,EUR_AFR,EUR_AFR_01,0.001,MELD_lambda0_equal,0.628888020245922,0.0230590221033033,0.583625289753689,0.675491867982763
Stroke,EUR_AFR,EUR_AFR_01,0.001,MELD_lambda1_true,0.500577602088221,0.0290983095649632,0.449105288435084,0.561013065265051
Stroke,EUR_AFR,EUR_AFR_01,0.001,MELD_lambda0_scrambled,0.24022486885126,0.0260675906397356,0.192153554682877,0.294812771007166
Stroke,EUR_AFR,EUR_AFR_01,0.001,EUR,0.309853194763977,0.0246202084536036,0.264257309782587,0.35864609955764
Stroke,EUR_AFR,EUR_AFR_01,0.001,EAS,0.240224868851294,0.0265192486389973,0.192775526502997,0.29303216286225
Stroke,EUR_AFR,EUR_AFR_01,0.001,AFR,0.500489764175454,0.0293745612340247,0.446769934556164,0.561273341551762
Stroke,EUR_AFR,EUR_AFR_01,0.001,AMR,0.368562662514921,0.027383284739214,0.316220516981408,0.420681995065029
Stroke,EUR_AFR,EUR_AFR_01,0.01,MELD_lambda0_true,0.633169174078525,0.0239111284927085,0.589023662485894,0.681248367743122
Stroke,EUR_AFR,EUR_AFR_01,0.01,MELD_lambda0_equal,0.682863416387419,0.021418499063826,0.640238882405064,0.724926093657191
Stroke,EUR_AFR,EUR_AFR_01,0.01,MELD_lambda1_true,0.633169174078525,0.0230709384098886,0.589865227808185,0.679510362547685
Stroke,EUR_AFR,EUR_AFR_01,0.01,MELD_lambda0_scrambled,0.403106432865131,0.0226437638679857,0.359948272737314,0.449804029771565
Stroke,EUR_AFR,EUR_AFR_01,0.01,EUR,0.453293552569223,0.0249572083537286,0.404188694346539,0.501493784329324
Stroke,EUR_AFR,EUR_AFR_01,0.01,EAS,0.403106432865134,0.022468152814638,0.35955773919876,0.445488510105361
Stroke,EUR_AFR,EUR_AFR_01,0.01,AFR,0.633057697156966,0.0234178721695247,0.588407098979794,0.680078714481811
Stroke,EUR_AFR,EUR_AFR_01,0.01,AMR,0.500264518331307,0.0278796195272159,0.446134721123,0.554893110784548
Stroke,EUR_AFR,EUR_AFR_01,0.1,MELD_lambda0_true,0.692617510840342,0.0204102333136227,0.652805871761549,0.733145311561469
Stroke,EUR_AFR,EUR_AFR_01,0.1,MELD_lambda0_equal,0.703735538254144,0.020389189993949,0.66490778098474,0.744412524894583
Stroke,EUR_AFR,EUR_AFR_01,0.1,MELD_lambda1_true,0.692617510840342,0.0202327571608664,0.655757662391036,0.733087895065875
Stroke,EUR_AFR,EUR_AFR_01,0.1,MELD_lambda0_scrambled,0.471214342516301,0.0214484086969296,0.429227622040327,0.512713293422248
Stroke,EUR_AFR,EUR_AFR_01,0.1,EUR,0.50922445643533,0.0227692956130984,0.464637174330891,0.553123742600224
Stroke,EUR_AFR,EUR_AFR_01,0.1,EAS,0.471214342516301,0.0213781469623628,0.430334207430031,0.51528132120171
Stroke,EUR_AFR,EUR_AFR_01,0.1,AFR,0.692502554385867,0.0193398777163029,0.656538274141105,0.732010699182887
Stroke,EUR_AFR,EUR_AFR_01,0.1,AMR,0.561724396215382,0.0256438214458768,0.513245396160272,0.611184917132819
Stroke,EUR_AFR,EUR_AFR_02,0.001,MELD_lambda0_true,0.601769564251116,0.0264634264348557,0.551209162109354,0.656022365959585
Stroke,EUR_AFR,EUR_AFR_02,0.001,MELD_lambda0_equal,0.63850551583955,0.0247644372629304,0.589298213693518,0.687042163864489
Stroke,EUR_AFR,EUR_AFR_02,0.001,MELD_lambda1_true,0.609690456105139,0.0253896585652481,0.55834796270921,0.658441273791292
Stroke,EUR_AFR,EUR_AFR_02,0.001,MELD_lambda0_scrambled,0.500669203667271,0.0258777930335715,0.45216713164664,0.554192104449226
Stroke,EUR_AFR,EUR_AFR_02,0.001,EUR,0.344422711223275,0.0218540571756881,0.299825340065176,0.385958865091546
Stroke,EUR_AFR,EUR_AFR_02,0.001,EAS,0.219071781764068,0.0178012348570564,0.185049933923878,0.254108920157521
Stroke,EUR_AFR,EUR_AFR_02,0.001,AFR,0.486336782768552,0.0302426619141026,0.430466208053948,0.54821411295237
Stroke,EUR_AFR,EUR_AFR_02,0.001,AMR,0.388649500344352,0.0248292862130349,0.339096995990671,0.43512111133284
Stroke,EUR_AFR,EUR_AFR_02,0.01,MELD_lambda0_true,0.688331348814726,0.0258112790634377,0.638361970075324,0.740123154769682
Stroke,EUR_AFR,EUR_AFR_02,0.01,MELD_lambda0_equal,0.688640591645667,0.0227955477762896,0.644769422986206,0.733073595283713
Stroke,EUR_AFR,EUR_AFR_02,0.01,MELD_lambda1_true,0.691305345322889,0.0265606612525958,0.638628833576748,0.741280354075496
Stroke,EUR_AFR,EUR_AFR_02,0.01,MELD_lambda0_scrambled,0.608090892759161,0.0266558216572648,0.556613196507862,0.657112033039364
Stroke,EUR_AFR,EUR_AFR_02,0.01,EUR,0.496283804269638,0.023538935449413,0.45088055191619,0.540926436914518
Stroke,EUR_AFR,EUR_AFR_02,0.01,EAS,0.39807757905311,0.0241614086212935,0.350143279575136,0.446020619499136
Stroke,EUR_AFR,EUR_AFR_02,0.01,AFR,0.613820776329224,0.0300122146277706,0.556177766961337,0.672841526194265
Stroke,EUR_AFR,EUR_AFR_02,0.01,AMR,0.524452157193936,0.0277338106914907,0.466992441212521,0.574957548501285
Stroke,EUR_AFR,EUR_AFR_02,0.1,MELD_lambda0_true,0.721878567077322,0.0235495993879272,0.672738875711763,0.767712075134933
Stroke,EUR_AFR,EUR_AFR_02,0.1,MELD_lambda0_equal,0.703497376469142,0.022753546432378,0.658285961563158,0.747818410645485
Stroke,EUR_AFR,EUR_AFR_02,0.1,MELD_lambda1_true,0.721546095538988,0.0231589042259718,0.674879056339133,0.765470947780141
Stroke,EUR_AFR,EUR_AFR_02,0.1,MELD_lambda0_scrambled,0.628844367007381,0.0246481190158361,0.580752492536014,0.676764713685965
Stroke,EUR_AFR,EUR_AFR_02,0.1,EUR,0.544063863516376,0.022944454810272,0.496688594974525,0.587827990111462
Stroke,EUR_AFR,EUR_AFR_02,0.1,EAS,0.474791109466687,0.0246339493465522,0.427479713877542,0.52517615889309
Stroke,EUR_AFR,EUR_AFR_02,0.1,AFR,0.675592413235951,0.0254598137002124,0.625608324338859,0.727653945004861
Stroke,EUR_AFR,EUR_AFR_02,0.1,AMR,0.584530889717725,0.0276333960119156,0.530877229700559,0.635467275177781
Stroke,EUR_AFR,EUR_AFR_03,0.001,MELD_lambda0_true,0.633095228337836,0.0245029548473733,0.58645565133176,0.682644757202755
Stroke,EUR_AFR,EUR_AFR_03,0.001,MELD_lambda0_equal,0.667958937966841,0.0196080027140653,0.629160435894856,0.706629197698542
Stroke,EUR_AFR,EUR_AFR_03,0.001,MELD_lambda1_true,0.637618159504456,0.0242744153793353,0.591915901537106,0.686618400974786
Stroke,EUR_AFR,EUR_AFR_03,0.001,MELD_lambda0_scrambled,0.633095228337836,0.0241808739403027,0.586972979494825,0.681429650736103
Stroke,EUR_AFR,EUR_AFR_03,0.001,EUR,0.341044290508831,0.023899506255686,0.293097896920342,0.387036633409148
Stroke,EUR_AFR,EUR_AFR_03,0.001,EAS,0.276219634289237,0.0236221017932264,0.231147321279082,0.322815353433704
Stroke,EUR_AFR,EUR_AFR_03,0.001,AFR,0.514292686460867,0.0282793621265836,0.460832587417396,0.572123140327098
Stroke,EUR_AFR,EUR_AFR_03,0.001,AMR,0.426943128971994,0.0283836501038232,0.369801475551685,0.478490215425662
Stroke,EUR_AFR,EUR_AFR_03,0.01,MELD_lambda0_true,0.712934144493897,0.0214691864890533,0.671785857700063,0.756392887398621
Stroke,EUR_AFR,EUR_AFR_03,0.01,MELD_lambda0_equal,0.721379188452271,0.0182308662888721,0.685361722988014,0.757579466782774
Stroke,EUR_AFR,EUR_AFR_03,0.01,MELD_lambda1_true,0.717398304807976,0.0198418486049082,0.678635262130213,0.756687162875295
Stroke,EUR_AFR,EUR_AFR_03,0.01,MELD_lambda0_scrambled,0.712934144493897,0.0214825230423904,0.672660687959572,0.753682660334958
Stroke,EUR_AFR,EUR_AFR_03,0.01,EUR,0.513498920370316,0.0228625082353737,0.470550419592331,0.559260120770467
Stroke,EUR_AFR,EUR_AFR_03,0.01,EAS,0.456098290455521,0.0245240614973577,0.409664258991703,0.503944937145525
Stroke,EUR_AFR,EUR_AFR_03,0.01,AFR,0.638879924400472,0.0225642533769178,0.594235225334163,0.682962449369117
Stroke,EUR_AFR,EUR_AFR_03,0.01,AMR,0.544141219417348,0.0268892435295721,0.492154286085972,0.596200259947232
Stroke,EUR_AFR,EUR_AFR_03,0.1,MELD_lambda0_true,0.751237807345002,0.0166426974539637,0.716799163034946,0.782233826714186
Stroke,EUR_AFR,EUR_AFR_03,0.1,MELD_lambda0_equal,0.738306022011716,0.0158291729400096,0.707170366578354,0.768439851152655
Stroke,EUR_AFR,EUR_AFR_03,0.1,MELD_lambda1_true,0.753667085362869,0.0170467097009139,0.721550599818362,0.786722514800703
Stroke,EUR_AFR,EUR_AFR_03,0.1,MELD_lambda0_scrambled,0.751237807345002,0.0171718089664324,0.715065814343177,0.784167499560297
Stroke,EUR_AFR,EUR_AFR_03,0.1,EUR,0.578422355118976,0.0180685351285577,0.543971566128805,0.61378965052131
Stroke,EUR_AFR,EUR_AFR_03,0.1,EAS,0.530042014653423,0.020931218169007,0.488322291256625,0.569558803111136
Stroke,EUR_AFR,EUR_AFR_03,0.1,AFR,0.691553050419076,0.0185333377958747,0.655108902258776,0.728100330143582
Stroke,EUR_AFR,EUR_AFR_03,0.1,AMR,0.613095307808357,0.0207768996739374,0.574977379725187,0.654167620365309
Stroke,EUR_AFR,EUR_AFR_04,0.001,MELD_lambda0_true,0.678179715691851,0.0233635990654543,0.631974998579878,0.724631984066843
Stroke,EUR_AFR,EUR_AFR_04,0.001,MELD_lambda0_equal,0.696792455214148,0.0213088515648477,0.653617658708705,0.738120668563608
Stroke,EUR_AFR,EUR_AFR_04,0.001,MELD_lambda1_true,0.676943454205038,0.0234252065574138,0.630983845516156,0.722899680884592
Stroke,EUR_AFR,EUR_AFR_04,0.001,MELD_lambda0_scrambled,0.653479302777692,0.021502537719875,0.612275867792021,0.695451580877345
Stroke,EUR_AFR,EUR_AFR_04,0.001,EUR,0.418642914530386,0.0263433036339094,0.367315633105076,0.472579415090611
Stroke,EUR_AFR,EUR_AFR_04,0.001,EAS,0.28021352325968,0.0244288806363591,0.235238706589885,0.329602575019118
Stroke,EUR_AFR,EUR_AFR_04,0.001,AFR,0.508195487583637,0.0274603452894579,0.456958093406848,0.565508072812249
Stroke,EUR_AFR,EUR_AFR_04,0.001,AMR,0.432714213391756,0.0307792295562835,0.373353762338667,0.493389785232027
Stroke,EUR_AFR,EUR_AFR_04,0.01,MELD_lambda0_true,0.742551598477037,0.020598073209408,0.70416224398018,0.784339922115016
Stroke,EUR_AFR,EUR_AFR_04,0.01,MELD_lambda0_equal,0.743976502278733,0.0182466835591364,0.705693220372361,0.777282457478017
Stroke,EUR_AFR,EUR_AFR_04,0.01,MELD_lambda1_true,0.741989738735916,0.0193896298757333,0.703670641640164,0.779520050340906
Stroke,EUR_AFR,EUR_AFR_04,0.01,MELD_lambda0_scrambled,0.72038779900802,0.0204287034897015,0.680236390413416,0.761928612165882
Stroke,EUR_AFR,EUR_AFR_04,0.01,EUR,0.590710161124755,0.021603889633786,0.547068612271166,0.632336334007108
Stroke,EUR_AFR,EUR_AFR_04,0.01,EAS,0.489333610994666,0.0235222936478934,0.444602498832731,0.536437114287824
Stroke,EUR_AFR,EUR_AFR_04,0.01,AFR,0.638930564280107,0.0212472899079217,0.597060271288723,0.681595507071825
Stroke,EUR_AFR,EUR_AFR_04,0.01,AMR,0.583312830809482,0.027572474193252,0.531194500905727,0.63880278367877
Stroke,EUR_AFR,EUR_AFR_04,0.1,MELD_lambda0_true,0.766274370919744,0.0175128145545476,0.73148878728703,0.799891668111792
Stroke,EUR_AFR,EUR_AFR_04,0.1,MELD_lambda0_equal,0.759208846143433,0.0168042279115061,0.725073805576644,0.79031088649784
Stroke,EUR_AFR,EUR_AFR_04,0.1,MELD_lambda1_true,0.763209300614928,0.017399287234381,0.727325422881583,0.795932021209343
Stroke,EUR_AFR,EUR_AFR_04,0.1,MELD_lambda0_scrambled,0.746278288983141,0.0182350749439408,0.708624783397237,0.779573662358086
Stroke,EUR_AFR,EUR_AFR_04,0.1,EUR,0.641667891955501,0.0180604211884471,0.607479749354583,0.677634685601121
Stroke,EUR_AFR,EUR_AFR_04,0.1,EAS,0.572381826850045,0.0203462920925719,0.530918421375757,0.612192215404888
Stroke,EUR_AFR,EUR_AFR_04,0.1,AFR,0.691382903203951,0.0199235169082997,0.650652830251107,0.729472512004322
Stroke,EUR_AFR,EUR_AFR_04,0.1,AMR,0.645166690662046,0.0217899061390716,0.603386366477123,0.687334942013932
Stroke,EUR_AFR,EUR_AFR_05,0.001,MELD_lambda0_true,0.690181486046318,0.0253005611970819,0.639249537919961,0.739083131595389
Stroke,EUR_AFR,EUR_AFR_05,0.001,MELD_lambda0_equal,0.725645764386512,0.0217551835451694,0.681834295771754,0.767736920265608
Stroke,EUR_AFR,EUR_AFR_05,0.001,MELD_lambda1_true,0.689380637298204,0.0269400603174627,0.632346514171471,0.740677716005537
Stroke,EUR_AFR,EUR_AFR_05,0.001,MELD_lambda0_scrambled,0.682467509850133,0.0213997947035505,0.638950524321672,0.724436081475998
Stroke,EUR_AFR,EUR_AFR_05,0.001,EUR,0.42735918600698,0.0247005917782067,0.380039889677971,0.476607164064912
Stroke,EUR_AFR,EUR_AFR_05,0.001,EAS,0.370237081339158,0.0245327986223422,0.326737153982844,0.421106443523696
Stroke,EUR_AFR,EUR_AFR_05,0.001,AFR,0.496883842980683,0.0272885560199999,0.445174956766469,0.553159338217081
Stroke,EUR_AFR,EUR_AFR_05,0.001,AMR,0.480607193397776,0.0309060300068527,0.42177724798581,0.542593453509658
Stroke,EUR_AFR,EUR_AFR_05,0.01,MELD_lambda0_true,0.756887304630459,0.0198123805213101,0.717304044353374,0.795128165972202
Stroke,EUR_AFR,EUR_AFR_05,0.01,MELD_lambda0_equal,0.767637568795057,0.0183402781080636,0.730733390335594,0.801187687511017
Stroke,EUR_AFR,EUR_AFR_05,0.01,MELD_lambda1_true,0.756073033040159,0.0201403616714147,0.716850648858105,0.795631198365641
Stroke,EUR_AFR,EUR_AFR_05,0.01,MELD_lambda0_scrambled,0.743678843251335,0.0190702792711405,0.707971116912321,0.780997056799258
Stroke,EUR_AFR,EUR_AFR_05,0.01,EUR,0.607655178787411,0.0209840826364921,0.566186667996094,0.648268984549184
Stroke,EUR_AFR,EUR_AFR_05,0.01,EAS,0.543719088295545,0.0275392316696341,0.490411047948325,0.598042112811119
Stroke,EUR_AFR,EUR_AFR_05,0.01,AFR,0.625877987199886,0.0241137033682339,0.57903135769757,0.6747443321035
Stroke,EUR_AFR,EUR_AFR_05,0.01,AMR,0.621547255508939,0.0258733694862562,0.572469478187051,0.674635286868477
Stroke,EUR_AFR,EUR_AFR_05,0.1,MELD_lambda0_true,0.782993931805701,0.0168649962066836,0.749874860175962,0.815648843868408
Stroke,EUR_AFR,EUR_AFR_05,0.1,MELD_lambda0_equal,0.778324122690859,0.0164963441969981,0.74561949614406,0.809537361267588
Stroke,EUR_AFR,EUR_AFR_05,0.1,MELD_lambda1_true,0.779611463236745,0.0166223812599667,0.745392486967845,0.810760398567402
Stroke,EUR_AFR,EUR_AFR_05,0.1,MELD_lambda0_scrambled,0.765250132771927,0.0166834015354702,0.732663876106156,0.796921913963463
Stroke,EUR_AFR,EUR_AFR_05,0.1,EUR,0.66339856932536,0.0193028964774681,0.624936025425094,0.70002036507443
Stroke,EUR_AFR,EUR_AFR_05,0.1,EAS,0.600265766024571,0.0211535829316171,0.558483267545942,0.640404449064933
Stroke,EUR_AFR,EUR_AFR_05,0.1,AFR,0.681955156043204,0.020964052311728,0.642307859513183,0.722445037033043
Stroke,EUR_AFR,EUR_AFR_05,0.1,AMR,0.678835911505495,0.019082376170599,0.641992963483629,0.716690414804059
Stroke,EUR_AFR,EUR_AFR_06,0.001,MELD_lambda0_true,0.708369142858008,0.0292200584790818,0.651614918007882,0.767509071559687
Stroke,EUR_AFR,EUR_AFR_06,0.001,MELD_lambda0_equal,0.750156402696042,0.0225792951267558,0.707586701358915,0.79499990189578
Stroke,EUR_AFR,EUR_AFR_06,0.001,MELD_lambda1_true,0.70929437782431,0.0288203342333226,0.652727549823578,0.763075558911114
Stroke,EUR_AFR,EUR_AFR_06,0.001,MELD_lambda0_scrambled,0.683094918769298,0.0239665148040015,0.638831229077612,0.731655290696249
Stroke,EUR_AFR,EUR_AFR_06,0.001,EUR,0.499621785483041,0.0221466508739202,0.458086571485225,0.543529432080737
Stroke,EUR_AFR,EUR_AFR_06,0.001,EAS,0.358591197646363,0.0216485586813195,0.31742154690254,0.399861033670323
Stroke,EUR_AFR,EUR_AFR_06,0.001,AFR,0.52113773510264,0.0327111022414281,0.4629588486055,0.587151577855308
Stroke,EUR_AFR,EUR_AFR_06,0.001,AMR,0.50737348227349,0.0324655789143026,0.443154574042016,0.570165421788408
Stroke,EUR_AFR,EUR_AFR_06,0.01,MELD_lambda0_true,0.767815451432192,0.0221660816949827,0.726981382174759,0.816238649153105
Stroke,EUR_AFR,EUR_AFR_06,0.01,MELD_lambda0_equal,0.786172657733784,0.0184974504528099,0.751884457917783,0.822159711785718
Stroke,EUR_AFR,EUR_AFR_06,0.01,MELD_lambda1_true,0.768234522727782,0.0211857412760202,0.726093611414411,0.810577655390763
Stroke,EUR_AFR,EUR_AFR_06,0.01,MELD_lambda0_scrambled,0.747151666317778,0.0209680176352896,0.706216508770443,0.78927044338931
Stroke,EUR_AFR,EUR_AFR_06,0.01,EUR,0.661635925459754,0.0220241360495112,0.616717813608575,0.703461760035512
Stroke,EUR_AFR,EUR_AFR_06,0.01,EAS,0.553536854748888,0.0227452698218009,0.509996089276999,0.597388337906118
Stroke,EUR_AFR,EUR_AFR_06,0.01,AFR,0.626548555026805,0.0269098849711757,0.577267159181849,0.683190621006177
Stroke,EUR_AFR,EUR_AFR_06,0.01,AMR,0.641141383636832,0.0270502658293993,0.587426496955061,0.69295273815488
Stroke,EUR_AFR,EUR_AFR_06,0.1,MELD_lambda0_true,0.789386835669092,0.018087850199386,0.75556867020162,0.825071375052843
Stroke,EUR_AFR,EUR_AFR_06,0.1,MELD_lambda0_equal,0.796592244819194,0.0159460141545746,0.765623740124051,0.827622844177975
Stroke,EUR_AFR,EUR_AFR_06,0.1,MELD_lambda1_true,0.787166474326147,0.0180644714143879,0.75316682107159,0.823048813663379
Stroke,EUR_AFR,EUR_AFR_06,0.1,MELD_lambda0_scrambled,0.769663485542722,0.018053658314542,0.734685530734714,0.805672385351809
Stroke,EUR_AFR,EUR_AFR_06,0.1,EUR,0.707455579673023,0.0197381236120132,0.668213653171027,0.747158271346652
Stroke,EUR_AFR,EUR_AFR_06,0.1,EAS,0.62577865619144,0.0202019894965604,0.584389663234645,0.663683989027261
Stroke,EUR_AFR,EUR_AFR_06,0.1,AFR,0.672925362645597,0.0219872943818026,0.630212931331577,0.717725506502663
Stroke,EUR_AFR,EUR_AFR_06,0.1,AMR,0.702881501441104,0.0202785733159691,0.664849667876048,0.743585335479234
Stroke,EUR_AFR,EUR_AFR_07,0.001,MELD_lambda0_true,0.767169943174037,0.0208644889449907,0.730430442750344,0.810219991031434
Stroke,EUR_AFR,EUR_AFR_07,0.001,MELD_lambda0_equal,0.788943007197655,0.0177486837321743,0.753192311803962,0.82277114563936
Stroke,EUR_AFR,EUR_AFR_07,0.001,MELD_lambda1_true,0.766553920802373,0.0188251247934596,0.729316210715826,0.804573263642863
Stroke,EUR_AFR,EUR_AFR_07,0.001,MELD_lambda0_scrambled,0.709331480732927,0.0192338226449577,0.674425326926533,0.750248879099872
Stroke,EUR_AFR,EUR_AFR_07,0.001,EUR,0.56427538755751,0.0217095643648671,0.521998512818541,0.606824806558145
Stroke,EUR_AFR,EUR_AFR_07,0.001,EAS,0.428911545741345,0.0220115635211179,0.387031013973604,0.473551606204322
Stroke,EUR_AFR,EUR_AFR_07,0.001,AFR,0.521654158960359,0.0253557094807967,0.474141856917968,0.572607488663652
Stroke,EUR_AFR,EUR_AFR_07,0.001,AMR,0.574644210297965,0.0327151238267757,0.508882812026099,0.638230122958691
Stroke,EUR_AFR,EUR_AFR_07,0.01,MELD_lambda0_true,0.817711584127134,0.0145464205059838,0.7895989356605,0.846538931429566
Stroke,EUR_AFR,EUR_AFR_07,0.01,MELD_lambda0_equal,0.822000519662748,0.014050043644561,0.796550655662355,0.849864422411776
Stroke,EUR_AFR,EUR_AFR_07,0.01,MELD_lambda1_true,0.816683297396265,0.01383286391667,0.790147988338536,0.844141581807866
Stroke,EUR_AFR,EUR_AFR_07,0.01,MELD_lambda0_scrambled,0.770215699783723,0.0164314145490795,0.738336835074766,0.803279696724965
Stroke,EUR_AFR,EUR_AFR_07,0.01,EUR,0.708479595886796,0.0153553513827017,0.678097358732745,0.738402417582582
Stroke,EUR_AFR,EUR_AFR_07,0.01,EAS,0.618673390645382,0.0169396340380383,0.584398769497995,0.651253500697335
Stroke,EUR_AFR,EUR_AFR_07,0.01,AFR,0.650344904316698,0.0208304077273758,0.610441968193782,0.693696779619847
Stroke,EUR_AFR,EUR_AFR_07,0.01,AMR,0.694663355446293,0.0260893873374436,0.643088169418933,0.743233393893693
Stroke,EUR_AFR,EUR_AFR_07,0.1,MELD_lambda0_true,0.829725114305857,0.0138362088914939,0.802565072354691,0.856173122518614
Stroke,EUR_AFR,EUR_AFR_07,0.1,MELD_lambda0_equal,0.827573488315977,0.0124581990529511,0.802310808027153,0.85022461307034
Stroke,EUR_AFR,EUR_AFR_07,0.1,MELD_lambda1_true,0.827643338124499,0.0131988480407311,0.801304120102464,0.852386431543578
Stroke,EUR_AFR,EUR_AFR_07,0.1,MELD_lambda0_scrambled,0.794218231001661,0.0151342941854548,0.763972686305023,0.82431042117024
Stroke,EUR_AFR,EUR_AFR_07,0.1,EUR,0.747052462593837,0.0131604416535621,0.721705105145525,0.773343527157624
Stroke,EUR_AFR,EUR_AFR_07,0.1,EAS,0.669331685601058,0.0142795359963242,0.641078705121379,0.695419277936242
Stroke,EUR_AFR,EUR_AFR_07,0.1,AFR,0.707725557188579,0.0172908820139179,0.674195962050323,0.742632361830365
Stroke,EUR_AFR,EUR_AFR_07,0.1,AMR,0.734775009217626,0.0173091131945317,0.699764828959406,0.768229838679473
Stroke,EUR_AFR,EUR_AFR_08,0.001,MELD_lambda0_true,0.774597735085203,0.02034797304498,0.734863666777995,0.813406174333061
Stroke,EUR_AFR,EUR_AFR_08,0.001,MELD_lambda0_equal,0.790779620710299,0.0193912465479011,0.752484928192595,0.82927042400275
Stroke,EUR_AFR,EUR_AFR_08,0.001,MELD_lambda1_true,0.775331724766351,0.0198297210127958,0.738510416515913,0.816322242238781
Stroke,EUR_AFR,EUR_AFR_08,0.001,MELD_lambda0_scrambled,0.679156326222961,0.0272952038229197,0.623253485375169,0.730058711451049
Stroke,EUR_AFR,EUR_AFR_08,0.001,EUR,0.597333964817342,0.0243288894127676,0.550185403355339,0.645180528030488
Stroke,EUR_AFR,EUR_AFR_08,0.001,EAS,0.453898783411085,0.0208494942837156,0.411958046783123,0.492143736787903
Stroke,EUR_AFR,EUR_AFR_08,0.001,AFR,0.510660365744313,0.029870101401091,0.455215637349462,0.571374193456951
Stroke,EUR_AFR,EUR_AFR_08,0.001,AMR,0.586795697000314,0.0330311841571126,0.523047956204426,0.651751840261517
Stroke,EUR_AFR,EUR_AFR_08,0.01,MELD_lambda0_true,0.81207989776715,0.0171815130092508,0.780270110937614,0.847806673420162
Stroke,EUR_AFR,EUR_AFR_08,0.01,MELD_lambda0_equal,0.817255107329624,0.0159250581825532,0.787546655194763,0.848900341955385
Stroke,EUR_AFR,EUR_AFR_08,0.01,MELD_lambda1_true,0.81228484857766,0.0156997128400618,0.782402152217037,0.844078891717758
Stroke,EUR_AFR,EUR_AFR_08,0.01,MELD_lambda0_scrambled,0.734587418134656,0.0219967011209153,0.691435085546689,0.775575439285539
Stroke,EUR_AFR,EUR_AFR_08,0.01,EUR,0.730260644876527,0.0207282601764733,0.688042300591432,0.769373984879432
Stroke,EUR_AFR,EUR_AFR_08,0.01,EAS,0.633798830303642,0.019246739782461,0.596778383070793,0.672231786879305
Stroke,EUR_AFR,EUR_AFR_08,0.01,AFR,0.627414530787543,0.0247917962251799,0.578475630634031,0.67702222772745
Stroke,EUR_AFR,EUR_AFR_08,0.01,AMR,0.701519386712732,0.0236155907523868,0.655911377728836,0.748633316411158
Stroke,EUR_AFR,EUR_AFR_08,0.1,MELD_lambda0_true,0.823626444592927,0.0147996168586661,0.794437113843999,0.853362110393765
Stroke,EUR_AFR,EUR_AFR_08,0.1,MELD_lambda0_equal,0.823107306084986,0.0140383454659154,0.795245651473346,0.850529615021357
Stroke,EUR_AFR,EUR_AFR_08,0.1,MELD_lambda1_true,0.822794399186045,0.0143520157008246,0.795161411955318,0.850464831797802
Stroke,EUR_AFR,EUR_AFR_08,0.1,MELD_lambda0_scrambled,0.75723528616721,0.0186276992048124,0.721208858265389,0.793947568257965
Stroke,EUR_AFR,EUR_AFR_08,0.1,EUR,0.764763969516827,0.0164011814985667,0.733044106985497,0.79716333581635
Stroke,EUR_AFR,EUR_AFR_08,0.1,EAS,0.679522930187218,0.0177783675834807,0.644968837585898,0.71468950876322
Stroke,EUR_AFR,EUR_AFR_08,0.1,AFR,0.67875824451573,0.022083131930524,0.636727023503689,0.720190314388588
Stroke,EUR_AFR,EUR_AFR_08,0.1,AMR,0.744971198260656,0.0186220035740093,0.712125363021066,0.78342416720569
Stroke,EUR_AFR,EUR_AFR_09,0.001,MELD_lambda0_true,0.831760761233897,0.0151741755001973,0.802968564991726,0.863030021566546
Stroke,EUR_AFR,EUR_AFR_09,0.001,MELD_lambda0_equal,0.833862121493034,0.0143715090456147,0.803750002529778,0.860944309399854
Stroke,EUR_AFR,EUR_AFR_09,0.001,MELD_lambda1_true,0.829300254490244,0.0158143277925192,0.799076749002421,0.860595581824369
Stroke,EUR_AFR,EUR_AFR_09,0.001,MELD_lambda0_scrambled,0.719087280935948,0.0188556495659228,0.68086300454697,0.755723127599011
Stroke,EUR_AFR,EUR_AFR_09,0.001,EUR,0.675811389173328,0.0201443344097196,0.636777114085161,0.712967023615803
Stroke,EUR_AFR,EUR_AFR_09,0.001,EAS,0.510098005035431,0.0279145143811221,0.458322840283475,0.566659880450258
Stroke,EUR_AFR,EUR_AFR_09,0.001,AFR,0.527090934422365,0.0287423983243759,0.47528310329089,0.585822568919347
Stroke,EUR_AFR,EUR_AFR_09,0.001,AMR,0.626239896923421,0.030099989589323,0.567237163952932,0.68574872264521
Stroke,EUR_AFR,EUR_AFR_09,0.01,MELD_lambda0_true,0.860953572004304,0.0120090190588317,0.839221476213997,0.886352980690716
Stroke,EUR_AFR,EUR_AFR_09,0.01,MELD_lambda0_equal,0.857018399300676,0.0113087362554485,0.835327526793652,0.880938165759293
Stroke,EUR_AFR,EUR_AFR_09,0.01,MELD_lambda1_true,0.85857507799003,0.0125535869068279,0.834478293590571,0.883587614046348
Stroke,EUR_AFR,EUR_AFR_09,0.01,MELD_lambda0_scrambled,0.807757654173872,0.0143886247215218,0.779823295843202,0.836641746937126
Stroke,EUR_AFR,EUR_AFR_09,0.01,EUR,0.791080438119255,0.0149770346107485,0.762454174895684,0.821660470344299
Stroke,EUR_AFR,EUR_AFR_09,0.01,EAS,0.68588494795597,0.0209444062825111,0.644975263965542,0.728167028753092
Stroke,EUR_AFR,EUR_AFR_09,0.01,AFR,0.647882145484789,0.0266803021904845,0.598225644440108,0.701055653058288
Stroke,EUR_AFR,EUR_AFR_09,0.01,AMR,0.742998332016258,0.0214162043825234,0.700450461136601,0.783911481731893
Stroke,EUR_AFR,EUR_AFR_09,0.1,MELD_lambda0_true,0.863230964918179,0.0111846061920793,0.842195785837311,0.885720500508027
Stroke,EUR_AFR,EUR_AFR_09,0.1,MELD_lambda0_equal,0.856820995853683,0.0103376312767448,0.837004902463271,0.877581103185901
Stroke,EUR_AFR,EUR_AFR_09,0.1,MELD_lambda1_true,0.859723944233353,0.0117748668720218,0.837383812851994,0.884135779441741
Stroke,EUR_AFR,EUR_AFR_09,0.1,MELD_lambda0_scrambled,0.830311411379229,0.0113215022761718,0.808734876102428,0.852553636285911
Stroke,EUR_AFR,EUR_AFR_09,0.1,EUR,0.819726820822593,0.0125305252277994,0.796285348932624,0.845319475721778
Stroke,EUR_AFR,EUR_AFR_09,0.1,EAS,0.736138145860905,0.0146935089542182,0.707854209926473,0.765376441736454
Stroke,EUR_AFR,EUR_AFR_09,0.1,AFR,0.703623407142269,0.0206798204682336,0.665195707386735,0.746446429034789
Stroke,EUR_AFR,EUR_AFR_09,0.1,AMR,0.775882082030249,0.0168254517216266,0.744824706469526,0.810916843131514
Stroke,EUR_AFR,EUR_AFR_10,0.001,MELD_lambda0_true,0.844176886376937,0.0156017739413828,0.814348935007015,0.874719003286325
Stroke,EUR_AFR,EUR_AFR_10,0.001,MELD_lambda0_equal,0.835529391683745,0.0147901078415549,0.807269517784171,0.865113444796767
Stroke,EUR_AFR,EUR_AFR_10,0.001,MELD_lambda1_true,0.84485765450598,0.0150986469221994,0.815872608316697,0.875430505841175
Stroke,EUR_AFR,EUR_AFR_10,0.001,MELD_lambda0_scrambled,0.654150769743657,0.0254746052218398,0.60480150127949,0.705683959201962
Stroke,EUR_AFR,EUR_AFR_10,0.001,EUR,0.765222908674451,0.0170326192314766,0.734492191827691,0.801203403422107
Stroke,EUR_AFR,EUR_AFR_10,0.001,EAS,0.549519042532705,0.0282379810148479,0.496441206105863,0.606360131446602
Stroke,EUR_AFR,EUR_AFR_10,0.001,AFR,0.525841360111589,0.0307598057614238,0.467757696904388,0.590983669942983
Stroke,EUR_AFR,EUR_AFR_10,0.001,AMR,0.667407948458379,0.0301034426591282,0.610001935253565,0.727515722759956
Stroke,EUR_AFR,EUR_AFR_10,0.01,MELD_lambda0_true,0.872454281951309,0.0121419130679073,0.850132521233292,0.897067546115935
Stroke,EUR_AFR,EUR_AFR_10,0.01,MELD_lambda0_equal,0.857615485743592,0.0126612853624003,0.832637228322818,0.882577495698152
Stroke,EUR_AFR,EUR_AFR_10,0.01,MELD_lambda1_true,0.872797210641823,0.0120559019403076,0.850832395342995,0.896929284656057
Stroke,EUR_AFR,EUR_AFR_10,0.01,MELD_lambda0_scrambled,0.725970493355916,0.022865388979951,0.682982817569284,0.771821105762331
Stroke,EUR_AFR,EUR_AFR_10,0.01,EUR,0.846162934741293,0.0129264837926901,0.821773440126517,0.870919094720467
Stroke,EUR_AFR,EUR_AFR_10,0.01,EAS,0.710963787871532,0.0198907535654567,0.670705779823098,0.751046510416359
Stroke,EUR_AFR,EUR_AFR_10,0.01,AFR,0.634953883490771,0.0272264014695681,0.584419336859327,0.688424613048483
Stroke,EUR_AFR,EUR_AFR_10,0.01,AMR,0.761379634471822,0.0230298659713655,0.719299776324195,0.808272030821425
Stroke,EUR_AFR,EUR_AFR_10,0.1,MELD_lambda0_true,0.8697469866166,0.0120718243681805,0.847160347600681,0.894358891646716
Stroke,EUR_AFR,EUR_AFR_10,0.1,MELD_lambda0_equal,0.858651555608011,0.0120963250885937,0.835556619348637,0.882169842879001
Stroke,EUR_AFR,EUR_AFR_10,0.1,MELD_lambda1_true,0.869144267169071,0.0118003045401698,0.847572177876761,0.894659012513334
Stroke,EUR_AFR,EUR_AFR_10,0.1,MELD_lambda0_scrambled,0.757262367844445,0.0186615391193093,0.723236621803936,0.796746240302037
Stroke,EUR_AFR,EUR_AFR_10,0.1,EUR,0.851210027565602,0.012319783169387,0.827293255947778,0.875157578444623
Stroke,EUR_AFR,EUR_AFR_10,0.1,EAS,0.744844037452606,0.0177412956358813,0.709667733631738,0.779651555602632
Stroke,EUR_AFR,EUR_AFR_10,0.1,AFR,0.689503111682901,0.022798680571494,0.64749500773422,0.734790492004102
Stroke,EUR_AFR,EUR_AFR_10,0.1,AMR,0.790678802429613,0.018140051067291,0.758166877340722,0.828103373019045
Stroke,EUR_AFR,EUR_AFR_11,0.001,MELD_lambda0_true,0.879915305376864,0.00985291045960561,0.860319834238459,0.899687879208386
Stroke,EUR_AFR,EUR_AFR_11,0.001,MELD_lambda0_equal,0.880445407830419,0.0088083637803739,0.863351300904255,0.897441720253211
Stroke,EUR_AFR,EUR_AFR_11,0.001,MELD_lambda1_true,0.879915305376864,0.00964820262069035,0.861703944388592,0.899090486026793
Stroke,EUR_AFR,EUR_AFR_11,0.001,MELD_lambda0_scrambled,0.879915305376864,0.00984981192983437,0.859779439168926,0.899014334767636
Stroke,EUR_AFR,EUR_AFR_11,0.001,EUR,0.879915305376867,0.00966456938015697,0.86081871535335,0.898633260308954
Stroke,EUR_AFR,EUR_AFR_11,0.001,EAS,0.618159426992528,0.0226858323937208,0.574385441452044,0.664023603560463
Stroke,EUR_AFR,EUR_AFR_11,0.001,AFR,0.518782061823852,0.0286777220380863,0.46517612176675,0.576575242818961
Stroke,EUR_AFR,EUR_AFR_11,0.001,AMR,0.746461855052831,0.0248130627221939,0.699971005720874,0.795648224906304
Stroke,EUR_AFR,EUR_AFR_11,0.01,MELD_lambda0_true,0.913142355228454,0.00775737124809737,0.897958479864444,0.928249139118837
Stroke,EUR_AFR,EUR_AFR_11,0.01,MELD_lambda0_equal,0.895594050308828,0.00853210212789357,0.87920305853465,0.912551960216604
Stroke,EUR_AFR,EUR_AFR_11,0.01,MELD_lambda1_true,0.913142355228454,0.00770454917614761,0.897877958781744,0.928599972105008
Stroke,EUR_AFR,EUR_AFR_11,0.01,MELD_lambda0_scrambled,0.913142355228454,0.00779996304295897,0.899149901078809,0.929826856552769
Stroke,EUR_AFR,EUR_AFR_11,0.01,EUR,0.913142355228454,0.00788006909436132,0.89789372755155,0.929041809169169
Stroke,EUR_AFR,EUR_AFR_11,0.01,EAS,0.755963689858088,0.0185559168043987,0.719897615917791,0.791961796107432
Stroke,EUR_AFR,EUR_AFR_11,0.01,AFR,0.637265208345711,0.0279203643968015,0.582430102536952,0.694208439909386
Stroke,EUR_AFR,EUR_AFR_11,0.01,AMR,0.824214020707021,0.0156248125757654,0.795099262952872,0.856139210585
Stroke,EUR_AFR,EUR_AFR_11,0.1,MELD_lambda0_true,0.908857121817991,0.00849553617683083,0.891813422014303,0.926250012105472
Stroke,EUR_AFR,EUR_AFR_11,0.1,MELD_lambda0_equal,0.892861922713367,0.0091170889571079,0.875939375185006,0.911802672526324
Stroke,EUR_AFR,EUR_AFR_11,0.1,MELD_lambda1_true,0.908857121817991,0.00865405588549883,0.891882692356319,0.925949082097532
Stroke,EUR_AFR,EUR_AFR_11,0.1,MELD_lambda0_scrambled,0.908857121817991,0.00841940191238022,0.892889552067459,0.925140131284666
Stroke,EUR_AFR,EUR_AFR_11,0.1,EUR,0.908857121817991,0.00820956424327194,0.893280559409284,0.925213776278888
Stroke,EUR_AFR,EUR_AFR_11,0.1,EAS,0.791865459219411,0.0162701043365432,0.760263688097899,0.823488368118684
Stroke,EUR_AFR,EUR_AFR_11,0.1,AFR,0.70028102521287,0.0240447243918199,0.654439940597913,0.747497671554074
Stroke,EUR_AFR,EUR_AFR_11,0.1,AMR,0.841158533564515,0.0136039880953144,0.815513659740249,0.867740318804885
Stroke,EUR_EAS,EUR_EAS_01,0.001,MELD_lambda0_true,0.869041144293787,0.0148332648462049,0.837606434439356,0.8968206466266
Stroke,EUR_EAS,EUR_EAS_01,0.001,MELD_lambda0_equal,0.853898580288272,0.0137932670653067,0.825390548698989,0.878928748022918
Stroke,EUR_EAS,EUR_EAS_01,0.001,MELD_lambda1_true,0.869041144293787,0.0148606389006715,0.838615534143409,0.895949910928719
Stroke,EUR_EAS,EUR_EAS_01,0.001,MELD_lambda0_scrambled,0.640914629752032,0.0225155781143373,0.597980182901871,0.685308524473306
Stroke,EUR_EAS,EUR_EAS_01,0.001,EUR,0.640914629752044,0.0214090272317468,0.599946649153268,0.683174142674966
Stroke,EUR_EAS,EUR_EAS_01,0.001,EAS,0.869041144293781,0.0150195192831421,0.837125603712493,0.89409102426058
Stroke,EUR_EAS,EUR_EAS_01,0.001,AFR,0.441916180529203,0.0279081453838977,0.385528672514441,0.496624439529975
Stroke,EUR_EAS,EUR_EAS_01,0.001,AMR,0.644868628886422,0.0248297027448393,0.592974730324334,0.691083836467645
Stroke,EUR_EAS,EUR_EAS_01,0.01,MELD_lambda0_true,0.90137143635737,0.0114160748099918,0.877597550714532,0.922216056872665
Stroke,EUR_EAS,EUR_EAS_01,0.01,MELD_lambda0_equal,0.873133354413712,0.0113961595414399,0.849681313222814,0.893282021126571
Stroke,EUR_EAS,EUR_EAS_01,0.01,MELD_lambda1_true,0.90137143635737,0.0116477778104324,0.876763336096226,0.922783889994906
Stroke,EUR_EAS,EUR_EAS_01,0.01,MELD_lambda0_scrambled,0.754832066225035,0.0176005000727922,0.720311025784548,0.787005213817244
Stroke,EUR_EAS,EUR_EAS_01,0.01,EUR,0.754832066225035,0.0171516009831701,0.720611068796503,0.787768263056484
Stroke,EUR_EAS,EUR_EAS_01,0.01,EAS,0.901371436357369,0.0115337629230697,0.87801229431887,0.922175223698594
Stroke,EUR_EAS,EUR_EAS_01,0.01,AFR,0.584333929001247,0.0276304472267866,0.527734901639084,0.636698951249183
Stroke,EUR_EAS,EUR_EAS_01,0.01,AMR,0.743125989822517,0.0214905420673604,0.700310505525201,0.782940760869191
Stroke,EUR_EAS,EUR_EAS_01,0.1,MELD_lambda0_true,0.900749944920569,0.00971105321072357,0.880497895942024,0.918027054132962
Stroke,EUR_EAS,EUR_EAS_01,0.1,MELD_lambda0_equal,0.870536032956539,0.0102525042956805,0.849215935427976,0.88936274443578
Stroke,EUR_EAS,EUR_EAS_01,0.1,MELD_lambda1_true,0.900749944920569,0.00961431210810172,0.880859889646758,0.918481749697434
Stroke,EUR_EAS,EUR_EAS_01,0.1,MELD_lambda0_scrambled,0.791407954102525,0.0144905913272244,0.761492302627968,0.819034140273358
Stroke,EUR_EAS,EUR_EAS_01,0.1,EUR,0.791407954102525,0.0142965558403465,0.763472820881094,0.818100009522521
Stroke,EUR_EAS,EUR_EAS_01,0.1,EAS,0.900749944920569,0.00950361256930055,0.881339031485919,0.918788921725082
Stroke,EUR_EAS,EUR_EAS_01,0.1,AFR,0.66190167852117,0.0240581990963947,0.613948324621693,0.706865530451843
Stroke,EUR_EAS,EUR_EAS_01,0.1,AMR,0.770661286610334,0.0202956292620077,0.727684448038701,0.808001937976167
Stroke,EUR_EAS,EUR_EAS_02,0.001,MELD_lambda0_true,0.872658348535964,0.0138843388922564,0.844850816265877,0.899328889383067
Stroke,EUR_EAS,EUR_EAS_02,0.001,MELD_lambda0_equal,0.850575668267274,0.0132769885686204,0.824047393878402,0.87559345526286
Stroke,EUR_EAS,EUR_EAS_02,0.001,MELD_lambda1_true,0.870899918506602,0.0132355780369316,0.843300327788209,0.895187313120957
Stroke,EUR_EAS,EUR_EAS_02,0.001,MELD_lambda0_scrambled,0.872658348535964,0.0135090102542092,0.84647580825823,0.899223788800015
Stroke,EUR_EAS,EUR_EAS_02,0.001,EUR,0.632001923533365,0.0255593932743843,0.579652379308889,0.681843051667098
Stroke,EUR_EAS,EUR_EAS_02,0.001,EAS,0.846319377365244,0.0163446421163024,0.812491732812361,0.87607347542857
Stroke,EUR_EAS,EUR_EAS_02,0.001,AFR,0.437725779593165,0.0269651774377208,0.386512396086813,0.489959486998599
Stroke,EUR_EAS,EUR_EAS_02,0.001,AMR,0.627273595841801,0.0254026336608788,0.578681264058816,0.679248886159484
Stroke,EUR_EAS,EUR_EAS_02,0.01,MELD_lambda0_true,0.901543834611363,0.0103167312293615,0.879500663078156,0.921117419222591
Stroke,EUR_EAS,EUR_EAS_02,0.01,MELD_lambda0_equal,0.866236221663889,0.0117768320530896,0.842458104457822,0.889365444599501
Stroke,EUR_EAS,EUR_EAS_02,0.01,MELD_lambda1_true,0.901404436932414,0.0101124997373971,0.880637713151627,0.91932673243721
Stroke,EUR_EAS,EUR_EAS_02,0.01,MELD_lambda0_scrambled,0.901543834611363,0.0102000510251557,0.880496076348423,0.920770752651579
Stroke,EUR_EAS,EUR_EAS_02,0.01,EUR,0.739007590826872,0.0187933001834828,0.700841872415017,0.772860089329651
Stroke,EUR_EAS,EUR_EAS_02,0.01,EAS,0.890848792091344,0.0108564851688527,0.869274880389884,0.911603488686667
Stroke,EUR_EAS,EUR_EAS_02,0.01,AFR,0.585427326405309,0.0266740232471922,0.531566995659392,0.635905690973496
Stroke,EUR_EAS,EUR_EAS_02,0.01,AMR,0.726298231981808,0.0220604742054533,0.680747515604856,0.766665492707015
Stroke,EUR_EAS,EUR_EAS_02,0.1,MELD_lambda0_true,0.899685260548869,0.00918236146114869,0.881477047932965,0.916564254629186
Stroke,EUR_EAS,EUR_EAS_02,0.1,MELD_lambda0_equal,0.866290039624095,0.0111781100704209,0.843699458624376,0.8882599609551
Stroke,EUR_EAS,EUR_EAS_02,0.1,MELD_lambda1_true,0.899218798189016,0.00906725221278517,0.880222756699864,0.915134132972036
Stroke,EUR_EAS,EUR_EAS_02,0.1,MELD_lambda0_scrambled,0.899685260548869,0.0091742495240385,0.880156062627222,0.916860548881232
Stroke,EUR_EAS,EUR_EAS_02,0.1,EUR,0.772916147375858,0.0162996146391912,0.73718668444493,0.801497850855513
Stroke,EUR_EAS,EUR_EAS_02,0.1,EAS,0.89336025957584,0.00929918916894827,0.874785763178524,0.911190296676265
Stroke,EUR_EAS,EUR_EAS_02,0.1,AFR,0.647260249090944,0.0233446213902837,0.601402281452515,0.692997746808522
Stroke,EUR_EAS,EUR_EAS_02,0.1,AMR,0.767795307177491,0.019035362946274,0.72822540495961,0.802006443353855
Stroke,EUR_EAS,EUR_EAS_03,0.001,MELD_lambda0_true,0.869912670346622,0.0153094442954116,0.83953268057693,0.89781922946719
Stroke,EUR_EAS,EUR_EAS_03,0.001,MELD_lambda0_equal,0.843093856900693,0.0166774260524447,0.809271165926976,0.874206057608926
Stroke,EUR_EAS,EUR_EAS_03,0.001,MELD_lambda1_true,0.868807903615122,0.0155803722560036,0.837354621149684,0.897176301044507
Stroke,EUR_EAS,EUR_EAS_03,0.001,MELD_lambda0_scrambled,0.744647784593384,0.0203385080645276,0.70376699016472,0.783820778696354
Stroke,EUR_EAS,EUR_EAS_03,0.001,EUR,0.676449514443012,0.0195237375702866,0.638519300442188,0.714313408916095
Stroke,EUR_EAS,EUR_EAS_03,0.001,EAS,0.838691300672577,0.0152544296883933,0.808928794693626,0.869802007108391
Stroke,EUR_EAS,EUR_EAS_03,0.001,AFR,0.440785611457472,0.0306012479836465,0.383073203970882,0.501820670281712
Stroke,EUR_EAS,EUR_EAS_03,0.001,AMR,0.644965230525516,0.0303252079670118,0.585294493189079,0.702953528736035
Stroke,EUR_EAS,EUR_EAS_03,0.01,MELD_lambda0_true,0.898796341400182,0.0117441607148112,0.874112652888142,0.92015400096937
Stroke,EUR_EAS,EUR_EAS_03,0.01,MELD_lambda0_equal,0.859356705023967,0.0152430823294925,0.82972151061962,0.888874164893791
Stroke,EUR_EAS,EUR_EAS_03,0.01,MELD_lambda1_true,0.897393502468524,0.0124460680443677,0.871147441366359,0.920577299214937
Stroke,EUR_EAS,EUR_EAS_03,0.01,MELD_lambda0_scrambled,0.807648699552194,0.0191657447360848,0.767122498507737,0.842576471845568
Stroke,EUR_EAS,EUR_EAS_03,0.01,EUR,0.775979663783395,0.0175849669347305,0.741371777396078,0.809694050371874
Stroke,EUR_EAS,EUR_EAS_03,0.01,EAS,0.885807468940598,0.0130144053586321,0.85840335306054,0.909594272624169
Stroke,EUR_EAS,EUR_EAS_03,0.01,AFR,0.57049364611273,0.029502695966089,0.511884373610212,0.628427021995223
Stroke,EUR_EAS,EUR_EAS_03,0.01,AMR,0.750157649203366,0.0254657780078611,0.698518091291831,0.799189263106157
Stroke,EUR_EAS,EUR_EAS_03,0.1,MELD_lambda0_true,0.895313679509152,0.0116607879221221,0.871100296548161,0.916722017294531
Stroke,EUR_EAS,EUR_EAS_03,0.1,MELD_lambda0_equal,0.861591830482003,0.0144991177749316,0.831127722478543,0.887859513754957
Stroke,EUR_EAS,EUR_EAS_03,0.1,MELD_lambda1_true,0.89351645883252,0.0120688306656271,0.868486075296387,0.915737814554504
Stroke,EUR_EAS,EUR_EAS_03,0.1,MELD_lambda0_scrambled,0.819309631230871,0.0166022500294037,0.785005877786575,0.849408413034941
Stroke,EUR_EAS,EUR_EAS_03,0.1,EUR,0.798886662873216,0.0175599092494631,0.763155226096624,0.830870001730193
Stroke,EUR_EAS,EUR_EAS_03,0.1,EAS,0.884362326758726,0.0130109394989755,0.856606432850614,0.908354052013977
Stroke,EUR_EAS,EUR_EAS_03,0.1,AFR,0.634271736552596,0.0278529503785784,0.581606731671987,0.689108661763773
Stroke,EUR_EAS,EUR_EAS_03,0.1,AMR,0.782255258061141,0.0210074407243225,0.740513203530241,0.822128382996562
Stroke,EUR_EAS,EUR_EAS_04,0.001,MELD_lambda0_true,0.894553535255694,0.0125359486160942,0.869859019172685,0.919267601932343
Stroke,EUR_EAS,EUR_EAS_04,0.001,MELD_lambda0_equal,0.880171305027731,0.0121564680971291,0.855965069858263,0.904149340021077
Stroke,EUR_EAS,EUR_EAS_04,0.001,MELD_lambda1_true,0.89211637952433,0.0120370518778525,0.867448183984697,0.915103045499392
Stroke,EUR_EAS,EUR_EAS_04,0.001,MELD_lambda0_scrambled,0.80291079070628,0.0163785853465688,0.770293010820078,0.834367055589807
Stroke,EUR_EAS,EUR_EAS_04,0.001,EUR,0.688164811507653,0.025146641441777,0.640827591090185,0.739181994506652
Stroke,EUR_EAS,EUR_EAS_04,0.001,EAS,0.853997647450946,0.0175021722568482,0.818116518229233,0.887341588864629
Stroke,EUR_EAS,EUR_EAS_04,0.001,AFR,0.501980535201248,0.029889793777985,0.445185214844924,0.559318926006792
Stroke,EUR_EAS,EUR_EAS_04,0.001,AMR,0.677893091834992,0.0261852016939225,0.624923668110848,0.727300210564802
Stroke,EUR_EAS,EUR_EAS_04,0.01,MELD_lambda0_true,0.921339694592367,0.0078347173430906,0.905399262995957,0.936408275632511
Stroke,EUR_EAS,EUR_EAS_04,0.01,MELD_lambda0_equal,0.895165408565722,0.00993749675241374,0.876579118957279,0.915081844775343
Stroke,EUR_EAS,EUR_EAS_04,0.01,MELD_lambda1_true,0.918488774395074,0.0079667636242646,0.9025786562427,0.933850493098063
Stroke,EUR_EAS,EUR_EAS_04,0.01,MELD_lambda0_scrambled,0.843020210587823,0.0135699039078488,0.816059382691957,0.870144091369389
Stroke,EUR_EAS,EUR_EAS_04,0.01,EUR,0.802550147903241,0.0162373028810264,0.769856238619315,0.833970439330134
Stroke,EUR_EAS,EUR_EAS_04,0.01,EAS,0.903060635471792,0.0112265561173897,0.880753209538352,0.923840155266183
Stroke,EUR_EAS,EUR_EAS_04,0.01,AFR,0.643782362232305,0.0271964406356808,0.590036039861128,0.696659532471146
Stroke,EUR_EAS,EUR_EAS_04,0.01,AMR,0.774132603393162,0.0204620205366405,0.732482925899267,0.811758128759666
Stroke,EUR_EAS,EUR_EAS_04,0.1,MELD_lambda0_true,0.919080586780225,0.0068433140037183,0.905978328681437,0.932810876164198
Stroke,EUR_EAS,EUR_EAS_04,0.1,MELD_lambda0_equal,0.895273622318949,0.0088109387642394,0.878406007777185,0.912556841432914
Stroke,EUR_EAS,EUR_EAS_04,0.1,MELD_lambda1_true,0.915679023553255,0.00699941618992241,0.90206020700675,0.929403917610935
Stroke,EUR_EAS,EUR_EAS_04,0.1,MELD_lambda0_scrambled,0.854529866918005,0.0117760506394929,0.832511977573044,0.878132331003901
Stroke,EUR_EAS,EUR_EAS_04,0.1,EUR,0.830936253394147,0.0125432683271865,0.805437328123296,0.854554831009697
Stroke,EUR_EAS,EUR_EAS_04,0.1,EAS,0.906702262372685,0.00811594213077049,0.890377748401345,0.922037886068822
Stroke,EUR_EAS,EUR_EAS_04,0.1,AFR,0.700323288535698,0.0245067306483428,0.653061514000643,0.74994938561185
Stroke,EUR_EAS,EUR_EAS_04,0.1,AMR,0.812388901347774,0.0153917220048941,0.782243124478553,0.840737385520665
Stroke,EUR_EAS,EUR_EAS_05,0.001,MELD_lambda0_true,0.866490670307411,0.0135121480262858,0.838982782627174,0.891984207973699
Stroke,EUR_EAS,EUR_EAS_05,0.001,MELD_lambda0_equal,0.862318572096559,0.0121195463749492,0.837130086015598,0.884807637216168
Stroke,EUR_EAS,EUR_EAS_05,0.001,MELD_lambda1_true,0.864735948587718,0.0128982324249056,0.838454153376697,0.889177962538662
Stroke,EUR_EAS,EUR_EAS_05,0.001,MELD_lambda0_scrambled,0.866490670307411,0.0141888361219467,0.838872382692064,0.894255985015822
Stroke,EUR_EAS,EUR_EAS_05,0.001,EUR,0.695325737878379,0.0197906237778398,0.655939287132203,0.732138443458197
Stroke,EUR_EAS,EUR_EAS_05,0.001,EAS,0.802819451733351,0.0187369298007799,0.768085314671738,0.840678961580609
Stroke,EUR_EAS,EUR_EAS_05,0.001,AFR,0.477996934293122,0.026530432636875,0.425438109681213,0.529112698896611
Stroke,EUR_EAS,EUR_EAS_05,0.001,AMR,0.666700444848087,0.0253882383881209,0.614987952143877,0.71426848110602
Stroke,EUR_EAS,EUR_EAS_05,0.01,MELD_lambda0_true,0.899160097156574,0.00921976670582821,0.879632819332666,0.916164698950543
Stroke,EUR_EAS,EUR_EAS_05,0.01,MELD_lambda0_equal,0.879547602426101,0.0101834889797305,0.857523122501549,0.897491737989665
Stroke,EUR_EAS,EUR_EAS_05,0.01,MELD_lambda1_true,0.896827329487337,0.00963075040887452,0.877459586798264,0.914822304166014
Stroke,EUR_EAS,EUR_EAS_05,0.01,MELD_lambda0_scrambled,0.899160097156574,0.00928319300883871,0.879877430420186,0.916531428536737
Stroke,EUR_EAS,EUR_EAS_05,0.01,EUR,0.794187813536934,0.0153513065503497,0.762511458595889,0.822594346645069
Stroke,EUR_EAS,EUR_EAS_05,0.01,EAS,0.865704879957125,0.0125852312865679,0.841883571127891,0.891013017250552
Stroke,EUR_EAS,EUR_EAS_05,0.01,AFR,0.612168608432477,0.0246724311234125,0.563515447122462,0.65991809761932
Stroke,EUR_EAS,EUR_EAS_05,0.01,AMR,0.762592486873879,0.0208646812817116,0.719903541997933,0.80080263346633
Stroke,EUR_EAS,EUR_EAS_05,0.1,MELD_lambda0_true,0.895002245279576,0.00945754977881623,0.874547994870303,0.912155555839631
Stroke,EUR_EAS,EUR_EAS_05,0.1,MELD_lambda0_equal,0.875728127456429,0.0105591316032461,0.854626485896899,0.895432148163643
Stroke,EUR_EAS,EUR_EAS_05,0.1,MELD_lambda1_true,0.891684752288878,0.00967021124555592,0.871744495810391,0.9094302548059
Stroke,EUR_EAS,EUR_EAS_05,0.1,MELD_lambda0_scrambled,0.895002245279576,0.00963241014212488,0.874804780900147,0.912778151182626
Stroke,EUR_EAS,EUR_EAS_05,0.1,EUR,0.810269497459608,0.0138155521647511,0.782354713960904,0.83565477439045
Stroke,EUR_EAS,EUR_EAS_05,0.1,EAS,0.874673384808277,0.0105996077877956,0.852775472362842,0.894672448844689
Stroke,EUR_EAS,EUR_EAS_05,0.1,AFR,0.669774172607253,0.0219565422611199,0.627537769447741,0.712351137102371
Stroke,EUR_EAS,EUR_EAS_05,0.1,AMR,0.79343592387328,0.018475565915639,0.754852775952801,0.827149896087828
Stroke,EUR_EAS,EUR_EAS_06,0.001,MELD_lambda0_true,0.885715106075973,0.0128861430651268,0.859257817552293,0.908302581886445
Stroke,EUR_EAS,EUR_EAS_06,0.001,MELD_lambda0_equal,0.882612426429349,0.011421693300262,0.860358411044269,0.903591190096361
Stroke,EUR_EAS,EUR_EAS_06,0.001,MELD_lambda1_true,0.882482339674121,0.0131689705900861,0.854649894315154,0.90616105144046
Stroke,EUR_EAS,EUR_EAS_06,0.001,MELD_lambda0_scrambled,0.735932809354325,0.0183473426979983,0.700465444944842,0.771939660771724
Stroke,EUR_EAS,EUR_EAS_06,0.001,EUR,0.736334406114491,0.0194536953288343,0.697337446461429,0.774313040316109
Stroke,EUR_EAS,EUR_EAS_06,0.001,EAS,0.812723299182959,0.0189919993436663,0.774007682157093,0.847720508858392
Stroke,EUR_EAS,EUR_EAS_06,0.001,AFR,0.488361136516687,0.0242172164481108,0.440968094838316,0.536589642078478
Stroke,EUR_EAS,EUR_EAS_06,0.001,AMR,0.707378657424541,0.0224207898118943,0.663936339721541,0.751305735415647
Stroke,EUR_EAS,EUR_EAS_06,0.01,MELD_lambda0_true,0.916355663744955,0.00901584730134575,0.897433433052733,0.93274295373299
Stroke,EUR_EAS,EUR_EAS_06,0.01,MELD_lambda0_equal,0.895086343098285,0.0099854273432193,0.874395819367163,0.913440656669989
Stroke,EUR_EAS,EUR_EAS_06,0.01,MELD_lambda1_true,0.913881514785495,0.00961187480335217,0.893823843181149,0.931447216952151
Stroke,EUR_EAS,EUR_EAS_06,0.01,MELD_lambda0_scrambled,0.792604848391783,0.017896824810141,0.755826397831686,0.826772402338057
Stroke,EUR_EAS,EUR_EAS_06,0.01,EUR,0.828621015307765,0.0140995794416601,0.7990855012668,0.853577563839811
Stroke,EUR_EAS,EUR_EAS_06,0.01,EAS,0.878501121152429,0.0125288269240826,0.852656135682752,0.903291831019454
Stroke,EUR_EAS,EUR_EAS_06,0.01,AFR,0.623564749015457,0.0252876072371705,0.573145637655039,0.672387661036734
Stroke,EUR_EAS,EUR_EAS_06,0.01,AMR,0.79676054707824,0.0159389087732545,0.766418010090619,0.828645735441938
Stroke,EUR_EAS,EUR_EAS_06,0.1,MELD_lambda0_true,0.91148320743287,0.00852507140891242,0.893917857005376,0.927050222126109
Stroke,EUR_EAS,EUR_EAS_06,0.1,MELD_lambda0_equal,0.890273141410196,0.00961581722859303,0.870967565604211,0.908364163421606
Stroke,EUR_EAS,EUR_EAS_06,0.1,MELD_lambda1_true,0.907936998200903,0.00903356508416602,0.889018100795732,0.924764648239709
Stroke,EUR_EAS,EUR_EAS_06,0.1,MELD_lambda0_scrambled,0.808683363705535,0.0168228525334801,0.773574641492969,0.840105994887831
Stroke,EUR_EAS,EUR_EAS_06,0.1,EUR,0.843653197165445,0.0119499072379547,0.81855807259101,0.865060995001247
Stroke,EUR_EAS,EUR_EAS_06,0.1,EAS,0.88486595529773,0.0103457293504478,0.863794965932475,0.903775807898095
Stroke,EUR_EAS,EUR_EAS_06,0.1,AFR,0.677955582186713,0.023696364512313,0.63153824785164,0.723336348378417
Stroke,EUR_EAS,EUR_EAS_06,0.1,AMR,0.816195270777015,0.0146333285264771,0.786773940629953,0.84568381361196
Stroke,EUR_EAS,EUR_EAS_07,0.001,MELD_lambda0_true,0.882266392875346,0.0149364917125339,0.851582826121794,0.909489051722627
Stroke,EUR_EAS,EUR_EAS_07,0.001,MELD_lambda0_equal,0.879835281404861,0.0132653257945381,0.853898358981146,0.905468854352742
Stroke,EUR_EAS,EUR_EAS_07,0.001,MELD_lambda1_true,0.880427856984617,0.0149757133771625,0.848851954760661,0.906647925981373
Stroke,EUR_EAS,EUR_EAS_07,0.001,MELD_lambda0_scrambled,0.882266392875346,0.0149387479480919,0.851902758756169,0.909482112218559
Stroke,EUR_EAS,EUR_EAS_07,0.001,EUR,0.755594775372079,0.0187558493210701,0.719357675848738,0.791023071737867
Stroke,EUR_EAS,EUR_EAS_07,0.001,EAS,0.772203520106654,0.0215145401416092,0.729062146236074,0.814427423732574
Stroke,EUR_EAS,EUR_EAS_07,0.001,AFR,0.49206009083556,0.0221999297284497,0.447744763330286,0.534190076928944
Stroke,EUR_EAS,EUR_EAS_07,0.001,AMR,0.677080431025288,0.0284193317638286,0.62160512307232,0.733160407694984
Stroke,EUR_EAS,EUR_EAS_07,0.01,MELD_lambda0_true,0.906060116126208,0.0116155739665681,0.881034436569747,0.927234676114902
Stroke,EUR_EAS,EUR_EAS_07,0.01,MELD_lambda0_equal,0.889816057131197,0.0114167950052089,0.866914346824114,0.911788458414822
Stroke,EUR_EAS,EUR_EAS_07,0.01,MELD_lambda1_true,0.904321355667428,0.0112012863637902,0.882169189405932,0.92489227430262
Stroke,EUR_EAS,EUR_EAS_07,0.01,MELD_lambda0_scrambled,0.906060116126208,0.011437231137095,0.882662470132805,0.927468735749307
Stroke,EUR_EAS,EUR_EAS_07,0.01,EUR,0.833043478666738,0.0134297564810867,0.805322867530649,0.858200899419077
Stroke,EUR_EAS,EUR_EAS_07,0.01,EAS,0.84949058100466,0.0132043056968384,0.824316630956424,0.875089341042899
Stroke,EUR_EAS,EUR_EAS_07,0.01,AFR,0.622470938101295,0.0215570058384125,0.579528041881756,0.663484021459313
Stroke,EUR_EAS,EUR_EAS_07,0.01,AMR,0.778124192303825,0.0206641882731129,0.736930903501651,0.817593933781618
Stroke,EUR_EAS,EUR_EAS_07,0.1,MELD_lambda0_true,0.903707490930372,0.0102212746455331,0.883383969127762,0.923703786877556
Stroke,EUR_EAS,EUR_EAS_07,0.1,MELD_lambda0_equal,0.886891851483434,0.0107169748556907,0.864566591473168,0.906746812237601
Stroke,EUR_EAS,EUR_EAS_07,0.1,MELD_lambda1_true,0.901402583586203,0.0106666673684181,0.879459942555021,0.920689890195469
Stroke,EUR_EAS,EUR_EAS_07,0.1,MELD_lambda0_scrambled,0.903707490930372,0.0102135242621057,0.88295968780757,0.923057496360063
Stroke,EUR_EAS,EUR_EAS_07,0.1,EUR,0.84861331026668,0.0116625748782565,0.825868016917696,0.871006982375642
Stroke,EUR_EAS,EUR_EAS_07,0.1,EAS,0.865614120207342,0.0117995819884311,0.843474634591426,0.889437540811934
Stroke,EUR_EAS,EUR_EAS_07,0.1,AFR,0.684867791577662,0.0181715587105778,0.650122599321423,0.720040751399321
Stroke,EUR_EAS,EUR_EAS_07,0.1,AMR,0.808765325521589,0.0168108669088479,0.77437922425015,0.840534776733036
Stroke,EUR_EAS,EUR_EAS_08,0.001,MELD_lambda0_true,0.884022544526566,0.0137440946125313,0.855209566326025,0.908612092421067
Stroke,EUR_EAS,EUR_EAS_08,0.001,MELD_lambda0_equal,0.889253100584004,0.0118231766967029,0.866347585544215,0.91165860972573
Stroke,EUR_EAS,EUR_EAS_08,0.001,MELD_lambda1_true,0.88416486551519,0.0137731748456105,0.854514738739573,0.909362471275199
Stroke,EUR_EAS,EUR_EAS_08,0.001,MELD_lambda0_scrambled,0.836899964948336,0.0163213500645261,0.803201318313684,0.867254196902534
Stroke,EUR_EAS,EUR_EAS_08,0.001,EUR,0.791405777564544,0.0188307737699422,0.754509090630756,0.828120343994538
Stroke,EUR_EAS,EUR_EAS_08,0.001,EAS,0.753851743284099,0.02983102521176,0.691837138614057,0.808784275142339
Stroke,EUR_EAS,EUR_EAS_08,0.001,AFR,0.499592354876409,0.0230852531834358,0.453759602617132,0.544186662967579
Stroke,EUR_EAS,EUR_EAS_08,0.001,AMR,0.700108085888804,0.0293198347260719,0.643069864331644,0.757057351303589
Stroke,EUR_EAS,EUR_EAS_08,0.01,MELD_lambda0_true,0.91126350932738,0.0102348864546222,0.889880420113954,0.929506566119663
Stroke,EUR_EAS,EUR_EAS_08,0.01,MELD_lambda0_equal,0.899279291769807,0.0105205115859418,0.878077062751662,0.919856058128341
Stroke,EUR_EAS,EUR_EAS_08,0.01,MELD_lambda1_true,0.910426484169616,0.0102886753862873,0.889318964300473,0.929183350632741
Stroke,EUR_EAS,EUR_EAS_08,0.01,MELD_lambda0_scrambled,0.862288274364108,0.0134722207402211,0.834032507295812,0.887513675865097
Stroke,EUR_EAS,EUR_EAS_08,0.01,EUR,0.861190629871543,0.0138477948444793,0.833396606857759,0.886508887628202
Stroke,EUR_EAS,EUR_EAS_08,0.01,EAS,0.841022025723704,0.0184123103798192,0.802604914532153,0.874911708788513
Stroke,EUR_EAS,EUR_EAS_08,0.01,AFR,0.627579567055519,0.0242147557761143,0.581329434512312,0.676594887707695
Stroke,EUR_EAS,EUR_EAS_08,0.01,AMR,0.79533218410082,0.0195537065233285,0.756007140718649,0.830694890975476
Stroke,EUR_EAS,EUR_EAS_08,0.1,MELD_lambda0_true,0.9086015776598,0.00932997622112876,0.888674439065383,0.925817082765043
Stroke,EUR_EAS,EUR_EAS_08,0.1,MELD_lambda0_equal,0.89507056923821,0.010531923202224,0.873794722863465,0.914516381503577
Stroke,EUR_EAS,EUR_EAS_08,0.1,MELD_lambda1_true,0.907140341817864,0.0094967058708074,0.887460903445843,0.925009330364709
Stroke,EUR_EAS,EUR_EAS_08,0.1,MELD_lambda0_scrambled,0.864289662029846,0.0121681458037912,0.838904070184899,0.887389739400474
Stroke,EUR_EAS,EUR_EAS_08,0.1,EUR,0.867713758678904,0.0111368488341971,0.845379013688032,0.889200834988859
Stroke,EUR_EAS,EUR_EAS_08,0.1,EAS,0.860078962701865,0.0131239642409639,0.833876811965312,0.885072623609112
Stroke,EUR_EAS,EUR_EAS_08,0.1,AFR,0.68506213801652,0.0236963483171767,0.636557891059466,0.730046366103097
Stroke,EUR_EAS,EUR_EAS_08,0.1,AMR,0.822675608668645,0.0162445187832996,0.790396216656516,0.854219109256381
Stroke,EUR_EAS,EUR_EAS_09,0.001,MELD_lambda0_true,0.878091562208877,0.013606404450575,0.85033802686493,0.904590212686627
Stroke,EUR_EAS,EUR_EAS_09,0.001,MELD_lambda0_equal,0.887358256581621,0.0105764472303642,0.86661156098386,0.908262823490368
Stroke,EUR_EAS,EUR_EAS_09,0.001,MELD_lambda1_true,0.878950651610591,0.0130485305115983,0.851735509202691,0.90244340717378
Stroke,EUR_EAS,EUR_EAS_09,0.001,MELD_lambda0_scrambled,0.831680957457098,0.0162714898111496,0.798404615981902,0.862183611700451
Stroke,EUR_EAS,EUR_EAS_09,0.001,EUR,0.788610947003479,0.0218866423726135,0.743544622130471,0.830077743071502
Stroke,EUR_EAS,EUR_EAS_09,0.001,EAS,0.713730588977376,0.024970132535359,0.66374231181494,0.760227496610921
Stroke,EUR_EAS,EUR_EAS_09,0.001,AFR,0.521430361195113,0.0237873033866264,0.475971630631277,0.570995989978718
Stroke,EUR_EAS,EUR_EAS_09,0.001,AMR,0.709529601788015,0.0265269615674814,0.66110715598275,0.764384167689985
Stroke,EUR_EAS,EUR_EAS_09,0.01,MELD_lambda0_true,0.902762288102051,0.0111239528567029,0.879479640931896,0.923377020974326
Stroke,EUR_EAS,EUR_EAS_09,0.01,MELD_lambda0_equal,0.896695948270797,0.00979458249593398,0.877265896232645,0.9159557652265
Stroke,EUR_EAS,EUR_EAS_09,0.01,MELD_lambda1_true,0.901966859071293,0.0112382025822503,0.879050828078417,0.92307010555477
Stroke,EUR_EAS,EUR_EAS_09,0.01,MELD_lambda0_scrambled,0.871250513964241,0.0117437218807255,0.848423183028589,0.895287135337547
Stroke,EUR_EAS,EUR_EAS_09,0.01,EUR,0.855523070049502,0.0164666480632156,0.820094498616928,0.883947332083432
Stroke,EUR_EAS,EUR_EAS_09,0.01,EAS,0.816528126682503,0.0167393370968861,0.784107585263304,0.850681053780192
Stroke,EUR_EAS,EUR_EAS_09,0.01,AFR,0.643295162617847,0.0234363081980388,0.596629231641873,0.68854234666833
Stroke,EUR_EAS,EUR_EAS_09,0.01,AMR,0.798373921960637,0.0205326893083497,0.759507658978308,0.83695873184759
Stroke,EUR_EAS,EUR_EAS_09,0.1,MELD_lambda0_true,0.897481315147352,0.010751236752296,0.875927280553442,0.917624824499892
Stroke,EUR_EAS,EUR_EAS_09,0.1,MELD_lambda0_equal,0.891081427317107,0.0106172756271086,0.870010509476508,0.911473421773472
Stroke,EUR_EAS,EUR_EAS_09,0.1,MELD_lambda1_true,0.895856227906172,0.0107195103965468,0.874406925749944,0.915842887243439
Stroke,EUR_EAS,EUR_EAS_09,0.1,MELD_lambda0_scrambled,0.87451630354669,0.011176490876929,0.852795805609986,0.895499857843689
Stroke,EUR_EAS,EUR_EAS_09,0.1,EUR,0.862203288140895,0.0134895370737012,0.834363535706142,0.886226154682897
Stroke,EUR_EAS,EUR_EAS_09,0.1,EAS,0.837667319698666,0.0147998436689287,0.808845486086095,0.867376516908271
Stroke,EUR_EAS,EUR_EAS_09,0.1,AFR,0.69207336376764,0.0229218661885138,0.64725519334753,0.735711446882543
Stroke,EUR_EAS,EUR_EAS_09,0.1,AMR,0.825128016030109,0.0183117175642274,0.788252486815725,0.860009633115359
Stroke,EUR_EAS,EUR_EAS_10,0.001,MELD_lambda0_true,0.883897543558376,0.0125092568719247,0.858525837135565,0.907045895568016
Stroke,EUR_EAS,EUR_EAS_10,0.001,MELD_lambda0_equal,0.885887310110214,0.0115352001139997,0.862831392405531,0.907987650994534
Stroke,EUR_EAS,EUR_EAS_10,0.001,MELD_lambda1_true,0.886203242874285,0.0125293947630616,0.861012366533541,0.909451353824047
Stroke,EUR_EAS,EUR_EAS_10,0.001,MELD_lambda0_scrambled,0.695710301154387,0.0220369066214752,0.652440731504442,0.738060631511132
Stroke,EUR_EAS,EUR_EAS_10,0.001,EUR,0.826514308247184,0.0163087371520941,0.79343137048831,0.85726435580926
Stroke,EUR_EAS,EUR_EAS_10,0.001,EAS,0.677392552650979,0.0257746184227896,0.62687712116225,0.726430604084573
Stroke,EUR_EAS,EUR_EAS_10,0.001,AFR,0.52347649250782,0.0291385227799781,0.468148198347108,0.580344098908432
Stroke,EUR_EAS,EUR_EAS_10,0.001,AMR,0.718962018132575,0.0282924442500162,0.661628676302015,0.773504701173084
Stroke,EUR_EAS,EUR_EAS_10,0.01,MELD_lambda0_true,0.908218255757718,0.0099927566144716,0.88825107330428,0.9280997291314
Stroke,EUR_EAS,EUR_EAS_10,0.01,MELD_lambda0_equal,0.896441515511336,0.0102947812678078,0.876117864901353,0.916604177779608
Stroke,EUR_EAS,EUR_EAS_10,0.01,MELD_lambda1_true,0.909094398848516,0.00988030541079361,0.890094011859127,0.928546483828395
Stroke,EUR_EAS,EUR_EAS_10,0.01,MELD_lambda0_scrambled,0.753893865819815,0.0203347047113885,0.713975441484484,0.793370437337078
Stroke,EUR_EAS,EUR_EAS_10,0.01,EUR,0.880751436156849,0.0114384285482522,0.857820207315337,0.903763944022755
Stroke,EUR_EAS,EUR_EAS_10,0.01,EAS,0.795280881292916,0.0183496703516813,0.755931964972445,0.829607716133994
Stroke,EUR_EAS,EUR_EAS_10,0.01,AFR,0.637242400703781,0.0257024265751323,0.584962861144485,0.688108730090526
Stroke,EUR_EAS,EUR_EAS_10,0.01,AMR,0.796413545422276,0.0229140622548716,0.750347558955743,0.838188343729405
Stroke,EUR_EAS,EUR_EAS_10,0.1,MELD_lambda0_true,0.904588696273212,0.00977011947679279,0.884364267100693,0.922939160272142
Stroke,EUR_EAS,EUR_EAS_10,0.1,MELD_lambda0_equal,0.893178604117358,0.0104436560747892,0.8722195877574,0.912929519033894
Stroke,EUR_EAS,EUR_EAS_10,0.1,MELD_lambda1_true,0.904398874856486,0.00972037920123187,0.884433752491276,0.922156648437838
Stroke,EUR_EAS,EUR_EAS_10,0.1,MELD_lambda0_scrambled,0.779873540327406,0.0174715256283661,0.746475362902021,0.814488298233296
Stroke,EUR_EAS,EUR_EAS_10,0.1,EUR,0.886131756017374,0.0106576772576146,0.864390687705948,0.906129983516183
Stroke,EUR_EAS,EUR_EAS_10,0.1,EAS,0.825834506338025,0.014467271118398,0.796895416633506,0.853777063369889
Stroke,EUR_EAS,EUR_EAS_10,0.1,AFR,0.690963946103194,0.0220848667984657,0.649094600656204,0.736197039882929
Stroke,EUR_EAS,EUR_EAS_10,0.1,AMR,0.82582433163652,0.0173131052708434,0.790764929473772,0.858340409633177
Stroke,EUR_EAS,EUR_EAS_11,0.001,MELD_lambda0_true,0.843229525958246,0.0179957792484271,0.808150559645865,0.877306839143192
Stroke,EUR_EAS,EUR_EAS_11,0.001,MELD_lambda0_equal,0.861910197484727,0.0130725511608793,0.835734243988354,0.887216868276886
Stroke,EUR_EAS,EUR_EAS_11,0.001,MELD_lambda1_true,0.843229525958246,0.0182201045996323,0.807481315894671,0.87759771848988
Stroke,EUR_EAS,EUR_EAS_11,0.001,MELD_lambda0_scrambled,0.498073291536978,0.0285088535605819,0.445793049338536,0.556936582034888
Stroke,EUR_EAS,EUR_EAS_11,0.001,EUR,0.843229525958253,0.0189842249997661,0.804512845392206,0.879052860696429
Stroke,EUR_EAS,EUR_EAS_11,0.001,EAS,0.583734177411299,0.0301893679996859,0.525607265012646,0.644464909820944
Stroke,EUR_EAS,EUR_EAS_11,0.001,AFR,0.498072928294151,0.0290669539754531,0.442395427094022,0.557404330471628
Stroke,EUR_EAS,EUR_EAS_11,0.001,AMR,0.695915510444337,0.0362060093215634,0.626637483817386,0.764909259634559
Stroke,EUR_EAS,EUR_EAS_11,0.01,MELD_lambda0_true,0.894525845668506,0.0124927859052217,0.8691837056577,0.918275901689166
Stroke,EUR_EAS,EUR_EAS_11,0.01,MELD_lambda0_equal,0.874372708427574,0.012026148281538,0.850374464338356,0.89811065873974
Stroke,EUR_EAS,EUR_EAS_11,0.01,MELD_lambda1_true,0.894525845668506,0.0121436070509348,0.87010086492571,0.917747199613247
Stroke,EUR_EAS,EUR_EAS_11,0.01,MELD_lambda0_scrambled,0.620898913496814,0.0279467205532079,0.568386576655377,0.675635639412224
Stroke,EUR_EAS,EUR_EAS_11,0.01,EUR,0.894525845668506,0.0124339987814395,0.869426567342161,0.918771545407171
Stroke,EUR_EAS,EUR_EAS_11,0.01,EAS,0.72724874094608,0.0237679541015055,0.681849220320504,0.773976063353699
Stroke,EUR_EAS,EUR_EAS_11,0.01,AFR,0.620898449446508,0.0281280372019411,0.567223252600072,0.678772928315171
Stroke,EUR_EAS,EUR_EAS_11,0.01,AMR,0.790113711464398,0.0245330720562993,0.74070904505149,0.837290226004549
Stroke,EUR_EAS,EUR_EAS_11,0.1,MELD_lambda0_true,0.898562260995324,0.0104151289240027,0.879004287948939,0.918927910916376
Stroke,EUR_EAS,EUR_EAS_11,0.1,MELD_lambda0_equal,0.873242729660408,0.0114174424081302,0.850764743232151,0.895596429517978
Stroke,EUR_EAS,EUR_EAS_11,0.1,MELD_lambda1_true,0.898562260995324,0.0105896519323832,0.877859848544595,0.919378096062914
Stroke,EUR_EAS,EUR_EAS_11,0.1,MELD_lambda0_scrambled,0.677887026386702,0.0257832733348214,0.62815032551352,0.730819378677308
Stroke,EUR_EAS,EUR_EAS_11,0.1,EUR,0.898562260995324,0.0104348913888396,0.87816826580998,0.918181311182655
Stroke,EUR_EAS,EUR_EAS_11,0.1,EAS,0.764617548962844,0.0199007749524664,0.725712449156326,0.803536465294029
Stroke,EUR_EAS,EUR_EAS_11,0.1,AFR,0.677886556989152,0.0260582918011015,0.629200044423875,0.728146176856715
Stroke,EUR_EAS,EUR_EAS_11,0.1,AMR,0.818488220414914,0.0173467394496206,0.785520700201987,0.853882364833504
Stroke,multi,equal,0.001,MELD_lambda0_true,0.838425083262847,0.0151493898716398,0.808438032399971,0.868312223565791
Stroke,multi,equal,0.001,MELD_lambda0_equal,0.838425083262847,0.015195490360563,0.808060433285726,0.867792260809086
Stroke,multi,equal,0.001,MELD_lambda1_true,0.839279363662832,0.0149237728950377,0.809746994342462,0.86873536747327
Stroke,multi,equal,0.001,MELD_lambda0_scrambled,0.838425083262847,0.0154855017128325,0.807532604639657,0.868072929232402
Stroke,multi,equal,0.001,EUR,0.627467374836079,0.025641070477655,0.576833930979853,0.677599311474993
Stroke,multi,equal,0.001,EAS,0.554035772916663,0.0283888804305931,0.50287707140383,0.611472122064185
Stroke,multi,equal,0.001,AFR,0.522266815216892,0.0324413238806115,0.458919623888309,0.583777796366773
Stroke,multi,equal,0.001,AMR,0.617737542008918,0.0336752462414074,0.548181218854961,0.681365995270572
Stroke,multi,equal,0.01,MELD_lambda0_true,0.860436154576923,0.0129860389631132,0.835574900946208,0.885246958138851
Stroke,multi,equal,0.01,MELD_lambda0_equal,0.860436154576923,0.0130107933743686,0.835794972465198,0.885814854658796
Stroke,multi,equal,0.01,MELD_lambda1_true,0.860023091145852,0.0133918349257223,0.833338584399844,0.887159702370678
Stroke,multi,equal,0.01,MELD_lambda0_scrambled,0.860436154576923,0.0133127644788987,0.834057723195384,0.88631579947199
Stroke,multi,equal,0.01,EUR,0.750529712726634,0.0208000583274336,0.709264500177728,0.78950406784972
Stroke,multi,equal,0.01,EAS,0.711614691486475,0.0237559642458252,0.664704660374391,0.756328998287765
Stroke,multi,equal,0.01,AFR,0.626193222342567,0.0318711226823122,0.564739760061761,0.686948056916898
Stroke,multi,equal,0.01,AMR,0.728753967310228,0.0278098936650455,0.672933055371488,0.781112850667955
Stroke,multi,equal,0.1,MELD_lambda0_true,0.857473438560158,0.0133973636993673,0.830363572302842,0.882665614827577
Stroke,multi,equal,0.1,MELD_lambda0_equal,0.857473438560158,0.013339451844697,0.829788258236312,0.882826783277159
Stroke,multi,equal,0.1,MELD_lambda1_true,0.855277592466343,0.0129049795809539,0.830489885165441,0.881128905122492
Stroke,multi,equal,0.1,MELD_lambda0_scrambled,0.857473438560158,0.0133592035967494,0.831221291369582,0.882529555008114
Stroke,multi,equal,0.1,EUR,0.771682766893083,0.0197714076182082,0.730409502538538,0.808740100743776
Stroke,multi,equal,0.1,EAS,0.755982545113445,0.0193311114926729,0.717682249095097,0.79254102643077
Stroke,multi,equal,0.1,AFR,0.672485012979051,0.0271588787915596,0.621425668872392,0.724533061248187
Stroke,multi,equal,0.1,AMR,0.758887213866965,0.0242937201397361,0.709011247309089,0.805519510454731
Stroke,multi,reported,0.001,MELD_lambda0_true,0.884052814720693,0.014116469508637,0.856897688485928,0.909321666894953
Stroke,multi,reported,0.001,MELD_lambda0_equal,0.884511632930202,0.0126067850909946,0.85783428840201,0.907720833770383
Stroke,multi,reported,0.001,MELD_lambda1_true,0.88424445045678,0.0141156075700828,0.856010358405301,0.911544355137197
Stroke,multi,reported,0.001,MELD_lambda0_scrambled,0.774292410479825,0.0181819020936788,0.738130122067548,0.807905086143453
Stroke,multi,reported,0.001,EUR,0.770079532018649,0.0176141689842981,0.735122841424227,0.803673426001454
Stroke,multi,reported,0.001,EAS,0.71837929444239,0.0200219384777807,0.681009367839766,0.759374434391843
Stroke,multi,reported,0.001,AFR,0.531245146940627,0.0238534823270872,0.482377781726101,0.574665316038827
Stroke,multi,reported,0.001,AMR,0.70098037369925,0.029529745782384,0.641835565598586,0.756069249835265
Stroke,multi,reported,0.01,MELD_lambda0_true,0.904935637688171,0.0100260977689133,0.884303123402649,0.923586357004612
Stroke,multi,reported,0.01,MELD_lambda0_equal,0.897531536177706,0.00946881167683865,0.879007747068626,0.915908709437248
Stroke,multi,reported,0.01,MELD_lambda1_true,0.90452959772395,0.0103409588448893,0.882654252574344,0.923691297283858
Stroke,multi,reported,0.01,MELD_lambda0_scrambled,0.814668820607302,0.0142365060396547,0.787566696936195,0.841583593119444
Stroke,multi,reported,0.01,EUR,0.851303082910186,0.0118225288197146,0.8268841800836,0.8730492362457
Stroke,multi,reported,0.01,EAS,0.824490497433692,0.015345924937179,0.794809711631643,0.85477443026567
Stroke,multi,reported,0.01,AFR,0.651093155837551,0.0226685591741518,0.609379753299018,0.698474642363038
Stroke,multi,reported,0.01,AMR,0.785118740266628,0.0223621325693205,0.738599909273787,0.82495486640873
Stroke,multi,reported,0.1,MELD_lambda0_true,0.900670128564342,0.00962410603062273,0.881279841614429,0.919180061266574
Stroke,multi,reported,0.1,MELD_lambda0_equal,0.894051606747129,0.00910430811889074,0.874741366925331,0.909963472856298
Stroke,multi,reported,0.1,MELD_lambda1_true,0.899673053067485,0.00960843294442568,0.880500155188485,0.91750692688676
Stroke,multi,reported,0.1,MELD_lambda0_scrambled,0.82223788105149,0.0131616968410891,0.795747966070706,0.847764863781798
Stroke,multi,reported,0.1,EUR,0.864071213153687,0.0112754597705793,0.840864626200743,0.88424341683634
Stroke,multi,reported,0.1,EAS,0.839923889375148,0.0144278138322072,0.811451503270063,0.868111800437189
Stroke,multi,reported,0.1,AFR,0.694837109549665,0.0202692267425565,0.65458220564873,0.736628149617609
Stroke,multi,reported,0.1,AMR,0.818076312767565,0.0161520107973179,0.785773705547768,0.84830818373288
Stroke,multi,w25rest,0.001,MELD_lambda0_true,0.832704387020549,0.0197795389565778,0.793015539563701,0.870443915739323
Stroke,multi,w25rest,0.001,MELD_lambda0_equal,0.832704387020549,0.0196595571249969,0.792883502829273,0.868919755688958
Stroke,multi,w25rest,0.001,MELD_lambda1_true,0.832495142983031,0.0195143108417885,0.793536708163589,0.868781556976734
Stroke,multi,w25rest,0.001,MELD_lambda0_scrambled,0.832704387020549,0.0195589591867247,0.79348790375646,0.869281744667792
Stroke,multi,w25rest,0.001,EUR,0.614135389760382,0.0238203994365623,0.569653103577144,0.660975360380482
Stroke,multi,w25rest,0.001,EAS,0.544518972895411,0.0317806854988409,0.48311725318014,0.606635044017894
Stroke,multi,w25rest,0.001,AFR,0.513155915666957,0.0334917656498876,0.446852011403411,0.579488971175164
Stroke,multi,w25rest,0.001,AMR,0.621891679581883,0.0300871841438011,0.5606309788401,0.678238169758179
Stroke,multi,w25rest,0.01,MELD_lambda0_true,0.858447055552011,0.0140986059435421,0.831037262424509,0.886037043273511
Stroke,multi,w25rest,0.01,MELD_lambda0_equal,0.858447055552011,0.0143417091835568,0.830473863038676,0.886158249550222
Stroke,multi,w25rest,0.01,MELD_lambda1_true,0.858217192975669,0.0141051144027371,0.829748830575008,0.885701026005094
Stroke,multi,w25rest,0.01,MELD_lambda0_scrambled,0.858447055552011,0.0147281017425089,0.829094983736553,0.887557969145402
Stroke,multi,w25rest,0.01,EUR,0.735469085437732,0.0190946223916313,0.697330294816304,0.772180227852157
Stroke,multi,w25rest,0.01,EAS,0.730206237239516,0.0245066956044213,0.680147468994545,0.775414118270783
Stroke,multi,w25rest,0.01,AFR,0.63000660956582,0.0302020111841591,0.572670796626977,0.692098886100617
Stroke,multi,w25rest,0.01,AMR,0.717565917381744,0.0305039246774905,0.658466079409742,0.776736250526625
Stroke,multi,w25rest,0.1,MELD_lambda0_true,0.862167621264512,0.0130679148882005,0.835938118493986,0.886571611952221
Stroke,multi,w25rest,0.1,MELD_lambda0_equal,0.862167621264512,0.0132472639479237,0.83480337175858,0.886573019814529
Stroke,multi,w25rest,0.1,MELD_lambda1_true,0.860122996740896,0.0124553519447705,0.836104581971936,0.884317942820957
Stroke,multi,w25rest,0.1,MELD_lambda0_scrambled,0.862167621264512,0.0128072263518096,0.836763142856732,0.88742491458934
Stroke,multi,w25rest,0.1,EUR,0.766721638467292,0.0175569434737177,0.731401942312012,0.800691292571768
Stroke,multi,w25rest,0.1,EAS,0.77522883750425,0.0203122533985162,0.732010980753414,0.812271522279605
Stroke,multi,w25rest,0.1,AFR,0.68975295906872,0.0265859811294194,0.637024700845369,0.743214573729499
Stroke,multi,w25rest,0.1,AMR,0.755863165510971,0.0259983747515971,0.702889058397566,0.805852667863124
Stroke,multi,w50rest,0.001,MELD_lambda0_true,0.847553849607376,0.0146534583569915,0.819472819960586,0.876056625757556
Stroke,multi,w50rest,0.001,MELD_lambda0_equal,0.847661383215124,0.0147692009580801,0.817939249343472,0.876308170645157
Stroke,multi,w50rest,0.001,MELD_lambda1_true,0.845968325187046,0.0142247130777346,0.818021045546088,0.872762698850265
Stroke,multi,w50rest,0.001,MELD_lambda0_scrambled,0.821534430444427,0.0170372650363856,0.789532716548087,0.855484045361642
Stroke,multi,w50rest,0.001,EUR,0.660335533891115,0.0211170642148352,0.620481638840126,0.704040855099704
Stroke,multi,w50rest,0.001,EAS,0.586968207550679,0.0222942335423247,0.546610745166806,0.633753049837235
Stroke,multi,w50rest,0.001,AFR,0.503285729167979,0.0326040493542986,0.439824999652858,0.562682676440289
Stroke,multi,w50rest,0.001,AMR,0.667203190776239,0.0269860573290918,0.613470399432243,0.720199757266804
Stroke,multi,w50rest,0.01,MELD_lambda0_true,0.868587156813999,0.0118016786227567,0.844444728184896,0.891208732179156
Stroke,multi,w50rest,0.01,MELD_lambda0_equal,0.866095315399841,0.0121149721069671,0.842425910469729,0.88899927606146
Stroke,multi,w50rest,0.01,MELD_lambda1_true,0.866707031073006,0.0113004466659295,0.843586142936979,0.888131943323887
Stroke,multi,w50rest,0.01,MELD_lambda0_scrambled,0.843156591591166,0.0142516051418217,0.81532965029672,0.870772134123414
Stroke,multi,w50rest,0.01,EUR,0.766811141864873,0.0163523322444632,0.73639801664011,0.798780053923674
Stroke,multi,w50rest,0.01,EAS,0.735798796042144,0.0193367134806779,0.697229232347612,0.773370600433578
Stroke,multi,w50rest,0.01,AFR,0.61914500772567,0.0272591560765345,0.567125235978305,0.671733313243783
Stroke,multi,w50rest,0.01,AMR,0.742418931497285,0.0233605855991111,0.695656951920624,0.786369101244088
Stroke,multi,w50rest,0.1,MELD_lambda0_true,0.863843578269242,0.011035603732274,0.841869046598535,0.886158797635965
Stroke,multi,w50rest,0.1,MELD_lambda0_equal,0.863585814169728,0.0108815054595172,0.840738483231182,0.884053148333749
Stroke,multi,w50rest,0.1,MELD_lambda1_true,0.860686300538983,0.0114901358820452,0.837545219569249,0.882101841534124
Stroke,multi,w50rest,0.1,MELD_lambda0_scrambled,0.846368547860166,0.0131837136398227,0.819532383288382,0.872376750456452
Stroke,multi,w50rest,0.1,EUR,0.788378598719548,0.0153704792129618,0.759761379157613,0.819431169282701
Stroke,multi,w50rest,0.1,EAS,0.77323698895877,0.0156524472319817,0.743468872588017,0.803602884959824
Stroke,multi,w50rest,0.1,AFR,0.67219679161048,0.0234874938690738,0.623644615763065,0.717094830118893
Stroke,multi,w50rest,0.1,AMR,0.770222274484866,0.0192042021879403,0.733822445982121,0.808885469878363
HF,EUR_AFR,EUR_AFR_01,0.001,MELD_lambda0_true,0.500629187034811,0.0387303681480594,0.423577492352661,0.578584427693669
HF,EUR_AFR,EUR_AFR_01,0.001,MELD_lambda0_equal,0.622389805044362,0.0296297292573847,0.562109842214267,0.680490152636982
HF,EUR_AFR,EUR_AFR_01,0.001,MELD_lambda1_true,0.500629187034811,0.0396783609796949,0.430544649819185,0.58119618991238
HF,EUR_AFR,EUR_AFR_01,0.001,MELD_lambda0_scrambled,0.208179318157298,0.0162212933659966,0.177648843990469,0.240462209974641
HF,EUR_AFR,EUR_AFR_01,0.001,EUR,0.274392681447679,0.0282180227328208,0.224193893483858,0.332647008443636
HF,EUR_AFR,EUR_AFR_01,0.001,EAS,0.208179318157281,0.0166056192406112,0.176774217922641,0.240983990684146
HF,EUR_AFR,EUR_AFR_01,0.001,AFR,0.500665880175618,0.0397606089176081,0.428273090202422,0.582016508024908
HF,EUR_AFR,EUR_AFR_01,0.001,AMR,0.321626093223053,0.0249468202343634,0.274119621404913,0.371937879253941
HF,EUR_AFR,EUR_AFR_01,0.01,MELD_lambda0_true,0.610628985395454,0.0379581445055634,0.537955855073196,0.684739879349169
HF,EUR_AFR,EUR_AFR_01,0.01,MELD_lambda0_equal,0.667391280391765,0.0265887610278636,0.615002827169735,0.721073466836299
HF,EUR_AFR,EUR_AFR_01,0.01,MELD_lambda1_true,0.610628985395454,0.0375148772720715,0.537447901993841,0.682420243415476
HF,EUR_AFR,EUR_AFR_01,0.01,MELD_lambda0_scrambled,0.396828929004779,0.0209782609909987,0.354405868495071,0.437077541266935
HF,EUR_AFR,EUR_AFR_01,0.01,EUR,0.435086027559736,0.0255016984466139,0.386168228039949,0.486669521731353
HF,EUR_AFR,EUR_AFR_01,0.01,EAS,0.396828929004778,0.0209476746245682,0.356428215663792,0.439382370130197
HF,EUR_AFR,EUR_AFR_01,0.01,AFR,0.610678419575106,0.0375554097219019,0.537667377073055,0.685407097168887
HF,EUR_AFR,EUR_AFR_01,0.01,AMR,0.458670038768288,0.0303559368396255,0.399845901702829,0.518740164725407
HF,EUR_AFR,EUR_AFR_01,0.1,MELD_lambda0_true,0.668153331988193,0.0296951547715795,0.607714389143733,0.721870325337736
HF,EUR_AFR,EUR_AFR_01,0.1,MELD_lambda0_equal,0.682720119327081,0.0231783413897367,0.635751370298005,0.72620394376768
HF,EUR_AFR,EUR_AFR_01,0.1,MELD_lambda1_true,0.668153331988193,0.0302227477863181,0.605421833684342,0.725898177391652
HF,EUR_AFR,EUR_AFR_01,0.1,MELD_lambda0_scrambled,0.460642080826528,0.0234776504155479,0.413367265655771,0.506395496642746
HF,EUR_AFR,EUR_AFR_01,0.1,EUR,0.511318323199381,0.0221912812887818,0.467385807602597,0.555406711791268
HF,EUR_AFR,EUR_AFR_01,0.1,EAS,0.460642080826529,0.0234029919538367,0.413349908723363,0.50744101680048
HF,EUR_AFR,EUR_AFR_01,0.1,AFR,0.668211109459777,0.0306927281679362,0.604764578226299,0.724617154459034
HF,EUR_AFR,EUR_AFR_01,0.1,AMR,0.518692288230932,0.0308593978152373,0.452182533602239,0.575892162817369
HF,EUR_AFR,EUR_AFR_02,0.001,MELD_lambda0_true,0.633163612751923,0.0310023643746825,0.571975039205274,0.692316712093244
HF,EUR_AFR,EUR_AFR_02,0.001,MELD_lambda0_equal,0.692888113913457,0.0245518506575175,0.645653910554085,0.74058042117787
HF,EUR_AFR,EUR_AFR_02,0.001,MELD_lambda1_true,0.635367652819312,0.0306001304246566,0.573691799718047,0.692425760076718
HF,EUR_AFR,EUR_AFR_02,0.001,MELD_lambda0_scrambled,0.550367057863394,0.0259996686548457,0.499056836361256,0.603479896407239
HF,EUR_AFR,EUR_AFR_02,0.001,EUR,0.340882942183701,0.0239903506700679,0.295378191852901,0.391037937476417
HF,EUR_AFR,EUR_AFR_02,0.001,EAS,0.265931730698232,0.0192176129788391,0.227885340146647,0.305797407487093
HF,EUR_AFR,EUR_AFR_02,0.001,AFR,0.550355679982724,0.0340210396888385,0.482311070757469,0.617328788432412
HF,EUR_AFR,EUR_AFR_02,0.001,AMR,0.396410741183336,0.030904311037458,0.339585448257478,0.462130243619842
HF,EUR_AFR,EUR_AFR_02,0.01,MELD_lambda0_true,0.715136114925334,0.0258106031442162,0.665320209569127,0.765961255852177
HF,EUR_AFR,EUR_AFR_02,0.01,MELD_lambda0_equal,0.737182794781998,0.0209374230517388,0.694910673812536,0.77785231616597
HF,EUR_AFR,EUR_AFR_02,0.01,MELD_lambda1_true,0.715759878162052,0.0260487907836069,0.663340494740457,0.765669277506232
HF,EUR_AFR,EUR_AFR_02,0.01,MELD_lambda0_scrambled,0.649967313249492,0.0236756481838465,0.603078664414581,0.694421034796762
HF,EUR_AFR,EUR_AFR_02,0.01,EUR,0.514847451979284,0.0208689007555485,0.473536994462814,0.55695866800731
HF,EUR_AFR,EUR_AFR_02,0.01,EAS,0.464008766291048,0.0239758849072932,0.416976415857358,0.509791100302303
HF,EUR_AFR,EUR_AFR_02,0.01,AFR,0.658702834795699,0.0288262008005396,0.601498517538767,0.715316009708711
HF,EUR_AFR,EUR_AFR_02,0.01,AMR,0.534896384034808,0.0279148215812681,0.482945044326271,0.591183272454121
HF,EUR_AFR,EUR_AFR_02,0.1,MELD_lambda0_true,0.752235254993237,0.0201523445050064,0.712350918212862,0.791413347111614
HF,EUR_AFR,EUR_AFR_02,0.1,MELD_lambda0_equal,0.748114270152589,0.0176231655751619,0.712113067038872,0.78235486815106
HF,EUR_AFR,EUR_AFR_02,0.1,MELD_lambda1_true,0.751940930120128,0.020703175216972,0.710515788841826,0.789939720958781
HF,EUR_AFR,EUR_AFR_02,0.1,MELD_lambda0_scrambled,0.674923122900731,0.0189615548938034,0.636724902618987,0.711123606722934
HF,EUR_AFR,EUR_AFR_02,0.1,EUR,0.588757338053053,0.0185003133953851,0.549652402746855,0.623015846977817
HF,EUR_AFR,EUR_AFR_02,0.1,EAS,0.533155224185946,0.0200421907803009,0.494114874745215,0.572422482390329
HF,EUR_AFR,EUR_AFR_02,0.1,AFR,0.710096104634482,0.0229080161102959,0.663772217849699,0.752870856849377
HF,EUR_AFR,EUR_AFR_02,0.1,AMR,0.592835191696075,0.0227157914346244,0.549176551301046,0.637968614581165
HF,EUR_AFR,EUR_AFR_03,0.001,MELD_lambda0_true,0.662810604271206,0.0272585382237134,0.609296503175173,0.7159098349952
HF,EUR_AFR,EUR_AFR_03,0.001,MELD_lambda0_equal,0.701540630019156,0.0223973779628033,0.658292772129881,0.744617542411294
HF,EUR_AFR,EUR_AFR_03,0.001,MELD_lambda1_true,0.659203899645666,0.0273959804615544,0.603797745616103,0.711387725193008
HF,EUR_AFR,EUR_AFR_03,0.001,MELD_lambda0_scrambled,0.662810604271206,0.0265388719222895,0.6091114411403,0.713495246540376
HF,EUR_AFR,EUR_AFR_03,0.001,EUR,0.398760826229683,0.0328264657689825,0.336387848484435,0.466769801697215
HF,EUR_AFR,EUR_AFR_03,0.001,EAS,0.272649531156111,0.0242699258898957,0.226795189158808,0.322152616453989
HF,EUR_AFR,EUR_AFR_03,0.001,AFR,0.52728652464534,0.0359674331934713,0.45855831343162,0.597569673208873
HF,EUR_AFR,EUR_AFR_03,0.001,AMR,0.427894438777802,0.0277253067746259,0.373068309243471,0.480834034494002
HF,EUR_AFR,EUR_AFR_03,0.01,MELD_lambda0_true,0.730303129681214,0.0228671904423471,0.68583420619478,0.774478590248347
HF,EUR_AFR,EUR_AFR_03,0.01,MELD_lambda0_equal,0.742291851435645,0.0183741855846006,0.706033245638414,0.778677083487754
HF,EUR_AFR,EUR_AFR_03,0.01,MELD_lambda1_true,0.727020075603224,0.0226636384125974,0.681677335520715,0.77064663171723
HF,EUR_AFR,EUR_AFR_03,0.01,MELD_lambda0_scrambled,0.730303129681214,0.0223491829995637,0.686679663605029,0.771614188961808
HF,EUR_AFR,EUR_AFR_03,0.01,EUR,0.569514321082443,0.0244555893530601,0.520644721678249,0.617167680630103
HF,EUR_AFR,EUR_AFR_03,0.01,EAS,0.459165718654573,0.0271070911353867,0.408958238721626,0.513968389388278
HF,EUR_AFR,EUR_AFR_03,0.01,AFR,0.633685633863788,0.0296889009078137,0.577342602608485,0.691649473052869
HF,EUR_AFR,EUR_AFR_03,0.01,AMR,0.565498676812406,0.0281772881711125,0.512312866770301,0.621529787016576
HF,EUR_AFR,EUR_AFR_03,0.1,MELD_lambda0_true,0.757078944153324,0.0189506486339221,0.719315303786191,0.792197917701578
HF,EUR_AFR,EUR_AFR_03,0.1,MELD_lambda0_equal,0.749891896614255,0.0165295325365142,0.717078341750066,0.781358448739771
HF,EUR_AFR,EUR_AFR_03,0.1,MELD_lambda1_true,0.753508862887159,0.0191419905757423,0.714156117112704,0.78911881607734
HF,EUR_AFR,EUR_AFR_03,0.1,MELD_lambda0_scrambled,0.757078944153324,0.0188578260711136,0.720320985421639,0.793751906512896
HF,EUR_AFR,EUR_AFR_03,0.1,EUR,0.622118005241999,0.019215621019834,0.586395311847098,0.659619603973255
HF,EUR_AFR,EUR_AFR_03,0.1,EAS,0.529035379899244,0.0247668938397327,0.479911884289164,0.577426141330344
HF,EUR_AFR,EUR_AFR_03,0.1,AFR,0.68209053193443,0.0236480679701873,0.636165882384204,0.728518537287408
HF,EUR_AFR,EUR_AFR_03,0.1,AMR,0.618684248025333,0.0227016923137238,0.575279014305193,0.66337092476745
HF,EUR_AFR,EUR_AFR_04,0.001,MELD_lambda0_true,0.676561782785288,0.0194321248082704,0.639124710421272,0.715309670210952
HF,EUR_AFR,EUR_AFR_04,0.001,MELD_lambda0_equal,0.712163833226664,0.0198067692269282,0.675171512592183,0.753053606233744
HF,EUR_AFR,EUR_AFR_04,0.001,MELD_lambda1_true,0.677431422899779,0.0204136531839163,0.640444683796618,0.717945872250672
HF,EUR_AFR,EUR_AFR_04,0.001,MELD_lambda0_scrambled,0.645630998411391,0.0237361280960763,0.602580278777194,0.694507917236077
HF,EUR_AFR,EUR_AFR_04,0.001,EUR,0.447519675285711,0.021522986853416,0.407159879155635,0.490736842620062
HF,EUR_AFR,EUR_AFR_04,0.001,EAS,0.305966608238095,0.018251369897629,0.272645516936217,0.342215153228545
HF,EUR_AFR,EUR_AFR_04,0.001,AFR,0.518057005402802,0.0317271769206006,0.458694429113362,0.581445579051152
HF,EUR_AFR,EUR_AFR_04,0.001,AMR,0.456761105522348,0.0248074997583033,0.404938583955356,0.502624368475066
HF,EUR_AFR,EUR_AFR_04,0.01,MELD_lambda0_true,0.744161562074994,0.0191759821408132,0.708342051556407,0.783190602186879
HF,EUR_AFR,EUR_AFR_04,0.01,MELD_lambda0_equal,0.752114284902339,0.0180258248580587,0.715488676410184,0.786685042271528
HF,EUR_AFR,EUR_AFR_04,0.01,MELD_lambda1_true,0.742507477377205,0.0190623238680398,0.703785538668879,0.778436600329148
HF,EUR_AFR,EUR_AFR_04,0.01,MELD_lambda0_scrambled,0.717114612783772,0.0202987511857063,0.676482340796859,0.757829892723753
HF,EUR_AFR,EUR_AFR_04,0.01,EUR,0.606643616273659,0.0203060372138987,0.567360609321356,0.647793528806631
HF,EUR_AFR,EUR_AFR_04,0.01,EAS,0.515394648868461,0.0191233137065961,0.479636176508102,0.552845916216656
HF,EUR_AFR,EUR_AFR_04,0.01,AFR,0.635714136474832,0.0240469211909987,0.593067857881137,0.683896714237325
HF,EUR_AFR,EUR_AFR_04,0.01,AMR,0.582551271815146,0.0250908164699478,0.532642794841607,0.631972493412123
HF,EUR_AFR,EUR_AFR_04,0.1,MELD_lambda0_true,0.768534726010345,0.0180004182652977,0.732369769763339,0.802304504009004
HF,EUR_AFR,EUR_AFR_04,0.1,MELD_lambda0_equal,0.757963103504354,0.0176278297501895,0.721184041104823,0.790343679776854
HF,EUR_AFR,EUR_AFR_04,0.1,MELD_lambda1_true,0.764568461990065,0.0181950652637204,0.727300716918783,0.799613321676059
HF,EUR_AFR,EUR_AFR_04,0.1,MELD_lambda0_scrambled,0.741472688140147,0.0189842404686836,0.703649686828225,0.7769727666519
HF,EUR_AFR,EUR_AFR_04,0.1,EUR,0.654660232325646,0.0185753270407885,0.619058023625075,0.693012820980132
HF,EUR_AFR,EUR_AFR_04,0.1,EAS,0.565927378739489,0.0185732823738109,0.531301993427943,0.603317375872385
HF,EUR_AFR,EUR_AFR_04,0.1,AFR,0.681683172049311,0.0193563877140298,0.645882551066545,0.722238327248531
HF,EUR_AFR,EUR_AFR_04,0.1,AMR,0.633341243313989,0.0216316694350337,0.590607455396622,0.678181329369006
HF,EUR_AFR,EUR_AFR_05,0.001,MELD_lambda0_true,0.727493205120662,0.0235095978980275,0.680631725404429,0.772094827413214
HF,EUR_AFR,EUR_AFR_05,0.001,MELD_lambda0_equal,0.741338769181501,0.0224983622875802,0.696989060768317,0.787117721784851
HF,EUR_AFR,EUR_AFR_05,0.001,MELD_lambda1_true,0.724616619685623,0.0248862089241477,0.674275155842882,0.768943847682498
HF,EUR_AFR,EUR_AFR_05,0.001,MELD_lambda0_scrambled,0.691146246463461,0.0225462645970773,0.6492786919338,0.739919606770314
HF,EUR_AFR,EUR_AFR_05,0.001,EUR,0.499142601612306,0.0225444561950798,0.455833693252256,0.542476971436069
HF,EUR_AFR,EUR_AFR_05,0.001,EAS,0.343564000765164,0.0173606912114073,0.313320920779031,0.381354047555588
HF,EUR_AFR,EUR_AFR_05,0.001,AFR,0.50902824345056,0.0296553513007149,0.454560139465577,0.570027406757018
HF,EUR_AFR,EUR_AFR_05,0.001,AMR,0.487113488491607,0.0231892023616521,0.442585677590381,0.529932594972282
HF,EUR_AFR,EUR_AFR_05,0.01,MELD_lambda0_true,0.772920023390656,0.0194628236798418,0.733074674022453,0.808782033937884
HF,EUR_AFR,EUR_AFR_05,0.01,MELD_lambda0_equal,0.773299451046902,0.0182548981457269,0.735571568995955,0.807821832745395
HF,EUR_AFR,EUR_AFR_05,0.01,MELD_lambda1_true,0.768942561107387,0.0205865851324522,0.72853479735756,0.809806214112832
HF,EUR_AFR,EUR_AFR_05,0.01,MELD_lambda0_scrambled,0.744047455684494,0.0190510935580907,0.70767090474839,0.781651405383068
HF,EUR_AFR,EUR_AFR_05,0.01,EUR,0.65592332787802,0.0179498150315257,0.621306306328289,0.690627519769656
HF,EUR_AFR,EUR_AFR_05,0.01,EAS,0.51192337630962,0.0153314303724238,0.482741620143365,0.541626080103509
HF,EUR_AFR,EUR_AFR_05,0.01,AFR,0.61774244121505,0.0254079760409693,0.572011517048473,0.66953330143558
HF,EUR_AFR,EUR_AFR_05,0.01,AMR,0.621497335013442,0.0202323433127868,0.582329153939187,0.661938970253005
HF,EUR_AFR,EUR_AFR_05,0.1,MELD_lambda0_true,0.786033417696247,0.0160679711449163,0.752266851136247,0.816473759379696
HF,EUR_AFR,EUR_AFR_05,0.1,MELD_lambda0_equal,0.779518526380832,0.0157231453292443,0.746710663869533,0.809617081869136
HF,EUR_AFR,EUR_AFR_05,0.1,MELD_lambda1_true,0.782130780486653,0.0165462508323675,0.748461464153459,0.813792048832422
HF,EUR_AFR,EUR_AFR_05,0.1,MELD_lambda0_scrambled,0.760451088845982,0.0171111393805452,0.727557733469101,0.79370107876231
HF,EUR_AFR,EUR_AFR_05,0.1,EUR,0.696593360814401,0.013800397051024,0.669927184199032,0.72370940228266
HF,EUR_AFR,EUR_AFR_05,0.1,EAS,0.576416093568108,0.0157813494180669,0.545717860068076,0.608799911729125
HF,EUR_AFR,EUR_AFR_05,0.1,AFR,0.663317862811499,0.022140543287667,0.623206773170625,0.709660493305016
HF,EUR_AFR,EUR_AFR_05,0.1,AMR,0.673179051508069,0.0177890797236329,0.637582176872467,0.707855505834421
HF,EUR_AFR,EUR_AFR_06,0.001,MELD_lambda0_true,0.761142776618222,0.0239459207838133,0.714171804951135,0.807111820548679
HF,EUR_AFR,EUR_AFR_06,0.001,MELD_lambda0_equal,0.785242933707415,0.0195919022838528,0.747999940806465,0.822971792856017
HF,EUR_AFR,EUR_AFR_06,0.001,MELD_lambda1_true,0.755828809918346,0.0234542199481937,0.711834745197971,0.800639278274919
HF,EUR_AFR,EUR_AFR_06,0.001,MELD_lambda0_scrambled,0.713554926181265,0.0241589348180059,0.66804948967737,0.762172246943459
HF,EUR_AFR,EUR_AFR_06,0.001,EUR,0.54438550079631,0.0322742486375202,0.48288161887451,0.605495395244743
HF,EUR_AFR,EUR_AFR_06,0.001,EAS,0.361366086817771,0.0226078395809905,0.317607966334424,0.403963475593255
HF,EUR_AFR,EUR_AFR_06,0.001,AFR,0.517577716012784,0.0332471530778025,0.455934043034616,0.586614700562523
HF,EUR_AFR,EUR_AFR_06,0.001,AMR,0.54218085092805,0.0297049931868557,0.483912480607811,0.600253980887439
HF,EUR_AFR,EUR_AFR_06,0.01,MELD_lambda0_true,0.802514769288623,0.0184730641517281,0.766423062348781,0.838686774374015
HF,EUR_AFR,EUR_AFR_06,0.01,MELD_lambda0_equal,0.81175916043825,0.0162199897608225,0.779500605532045,0.84183163618145
HF,EUR_AFR,EUR_AFR_06,0.01,MELD_lambda1_true,0.797772203414662,0.0180085111347848,0.762104299699344,0.832712463606971
HF,EUR_AFR,EUR_AFR_06,0.01,MELD_lambda0_scrambled,0.761677922237645,0.0193760962249417,0.724581228210256,0.801164100427294
HF,EUR_AFR,EUR_AFR_06,0.01,EUR,0.699817171597416,0.0190957354031362,0.662762031485056,0.736143447340871
HF,EUR_AFR,EUR_AFR_06,0.01,EAS,0.575224690445442,0.0190845490382552,0.538552888567378,0.612172570121287
HF,EUR_AFR,EUR_AFR_06,0.01,AFR,0.62014567769205,0.0277849466430875,0.567998008741259,0.679259621265668
HF,EUR_AFR,EUR_AFR_06,0.01,AMR,0.670472764989311,0.0216049750113564,0.627638902826297,0.710537222178314
HF,EUR_AFR,EUR_AFR_06,0.1,MELD_lambda0_true,0.811723456362934,0.0148852106231061,0.783300508263922,0.842027538274282
HF,EUR_AFR,EUR_AFR_06,0.1,MELD_lambda0_equal,0.813272692980345,0.0145316297958435,0.78483820969844,0.841312845082593
HF,EUR_AFR,EUR_AFR_06,0.1,MELD_lambda1_true,0.80729060884912,0.0155644837149381,0.778128467503734,0.839059572708841
HF,EUR_AFR,EUR_AFR_06,0.1,MELD_lambda0_scrambled,0.777889779111978,0.0160742844931118,0.747540611543236,0.808705704898222
HF,EUR_AFR,EUR_AFR_06,0.1,EUR,0.752178878978695,0.0135764332181898,0.726780258647831,0.77916059133477
HF,EUR_AFR,EUR_AFR_06,0.1,EAS,0.641246008528777,0.0160110713969461,0.610796168725361,0.672831815017109
HF,EUR_AFR,EUR_AFR_06,0.1,AFR,0.664217174519668,0.0230027263325548,0.619414550958613,0.711620175401884
HF,EUR_AFR,EUR_AFR_06,0.1,AMR,0.722660067616085,0.0176181591833787,0.685446408785352,0.756315711956341
HF,EUR_AFR,EUR_AFR_07,0.001,MELD_lambda0_true,0.795349451750692,0.0185569551396536,0.75954883210574,0.830799407804199
HF,EUR_AFR,EUR_AFR_07,0.001,MELD_lambda0_equal,0.798270179914955,0.0149217257301064,0.770045807322647,0.827095468945868
HF,EUR_AFR,EUR_AFR_07,0.001,MELD_lambda1_true,0.791753279848175,0.0165776027752589,0.759850605601975,0.825329360699271
HF,EUR_AFR,EUR_AFR_07,0.001,MELD_lambda0_scrambled,0.738338032101736,0.0193094996493404,0.701875827712508,0.775850046389713
HF,EUR_AFR,EUR_AFR_07,0.001,EUR,0.584763874052377,0.0283764484575569,0.526387457605601,0.636010176184776
HF,EUR_AFR,EUR_AFR_07,0.001,EAS,0.397177648620311,0.0238895600345023,0.350702590221349,0.445009397262247
HF,EUR_AFR,EUR_AFR_07,0.001,AFR,0.552725791093718,0.0298820287637897,0.497536015900096,0.613162163230862
HF,EUR_AFR,EUR_AFR_07,0.001,AMR,0.548907678411801,0.0301795487077816,0.490776948792966,0.609690973059704
HF,EUR_AFR,EUR_AFR_07,0.01,MELD_lambda0_true,0.828594032412029,0.0147879816120609,0.800369162510831,0.857477987811772
HF,EUR_AFR,EUR_AFR_07,0.01,MELD_lambda0_equal,0.824162526317974,0.0132663939820608,0.797915695302915,0.849709955648684
HF,EUR_AFR,EUR_AFR_07,0.01,MELD_lambda1_true,0.825017133422586,0.0148464490997631,0.796236322166977,0.854529715710689
HF,EUR_AFR,EUR_AFR_07,0.01,MELD_lambda0_scrambled,0.783774606462656,0.0170390102043762,0.750466570856199,0.817910226135808
HF,EUR_AFR,EUR_AFR_07,0.01,EUR,0.725959494694367,0.0176831935089245,0.69023076963087,0.760042403953754
HF,EUR_AFR,EUR_AFR_07,0.01,EAS,0.603646772942097,0.0171410420650712,0.570381167322484,0.63859942874144
HF,EUR_AFR,EUR_AFR_07,0.01,AFR,0.663074100120448,0.0227005193451268,0.620089339234384,0.70788349256015
HF,EUR_AFR,EUR_AFR_07,0.01,AMR,0.685697561699271,0.0251400494138276,0.638347767270936,0.735464772692113
HF,EUR_AFR,EUR_AFR_07,0.1,MELD_lambda0_true,0.834378271696577,0.0138440598995611,0.808113365874312,0.861502310036891
HF,EUR_AFR,EUR_AFR_07,0.1,MELD_lambda0_equal,0.825617128395056,0.0126803799518405,0.800974449090659,0.849578769727096
HF,EUR_AFR,EUR_AFR_07,0.1,MELD_lambda1_true,0.830164202130613,0.0135019542757535,0.802667004672996,0.855951417774067
HF,EUR_AFR,EUR_AFR_07,0.1,MELD_lambda0_scrambled,0.79714329942737,0.0154760260903153,0.767589430648601,0.828866218544614
HF,EUR_AFR,EUR_AFR_07,0.1,EUR,0.767678198269433,0.0136394992032537,0.741828137033726,0.794717199174429
HF,EUR_AFR,EUR_AFR_07,0.1,EAS,0.661640606979777,0.0142505529174271,0.632644465698318,0.689052429540637
HF,EUR_AFR,EUR_AFR_07,0.1,AFR,0.707004718497974,0.0178496021517016,0.674025997689754,0.742240277352575
HF,EUR_AFR,EUR_AFR_07,0.1,AMR,0.725646339286008,0.0210539815049624,0.684821776248752,0.767565692542105
HF,EUR_AFR,EUR_AFR_08,0.001,MELD_lambda0_true,0.796918368238189,0.0195953673997579,0.757257081989094,0.83257837117666
HF,EUR_AFR,EUR_AFR_08,0.001,MELD_lambda0_equal,0.810239160169472,0.0162823022141709,0.778351513183972,0.842191493419607
HF,EUR_AFR,EUR_AFR_08,0.001,MELD_lambda1_true,0.793321871475648,0.0192381241965624,0.75526305742458,0.830607524917916
HF,EUR_AFR,EUR_AFR_08,0.001,MELD_lambda0_scrambled,0.683294231471037,0.0247052665472317,0.633065947400693,0.729620012118714
HF,EUR_AFR,EUR_AFR_08,0.001,EUR,0.65743671328813,0.0250359889866084,0.609901677034503,0.706998474733297
HF,EUR_AFR,EUR_AFR_08,0.001,EAS,0.44117726392163,0.0203653009165785,0.402200749820911,0.480404209552936
HF,EUR_AFR,EUR_AFR_08,0.001,AFR,0.516815420848152,0.0323453356307239,0.456348362664835,0.585116288670743
HF,EUR_AFR,EUR_AFR_08,0.001,AMR,0.60456504199464,0.0275661062335944,0.551834706646787,0.65869696418513
HF,EUR_AFR,EUR_AFR_08,0.01,MELD_lambda0_true,0.832623573829654,0.0164529943589098,0.802059311123536,0.865528357452458
HF,EUR_AFR,EUR_AFR_08,0.01,MELD_lambda0_equal,0.833018774361782,0.0154483430468148,0.800593982380071,0.862111495439631
HF,EUR_AFR,EUR_AFR_08,0.01,MELD_lambda1_true,0.829694124244543,0.0159503187000075,0.797996896489901,0.860593113804632
HF,EUR_AFR,EUR_AFR_08,0.01,MELD_lambda0_scrambled,0.73772999909934,0.0220605799686672,0.692351283132747,0.779978856138401
HF,EUR_AFR,EUR_AFR_08,0.01,EUR,0.780961002663967,0.0155335496063939,0.748492653050923,0.809628196498178
HF,EUR_AFR,EUR_AFR_08,0.01,EAS,0.638399151269938,0.0193542308496714,0.600588692424651,0.675508223466028
HF,EUR_AFR,EUR_AFR_08,0.01,AFR,0.627818394522256,0.0265110318426981,0.574428152769435,0.679759409857785
HF,EUR_AFR,EUR_AFR_08,0.01,AMR,0.721060807367361,0.0186000287699066,0.686635338704437,0.757293396364631
HF,EUR_AFR,EUR_AFR_08,0.1,MELD_lambda0_true,0.840789140464148,0.0140312889764895,0.813109520725815,0.868791753318692
HF,EUR_AFR,EUR_AFR_08,0.1,MELD_lambda0_equal,0.833758584631522,0.013909086159737,0.805883551358436,0.860128367349025
HF,EUR_AFR,EUR_AFR_08,0.1,MELD_lambda1_true,0.837460680987124,0.0144159490021657,0.808554817473655,0.866000715018563
HF,EUR_AFR,EUR_AFR_08,0.1,MELD_lambda0_scrambled,0.758506132218949,0.0187881624240025,0.721555047092202,0.794177060969057
HF,EUR_AFR,EUR_AFR_08,0.1,EUR,0.807640226944125,0.0126940552678755,0.781724857934078,0.831118695351317
HF,EUR_AFR,EUR_AFR_08,0.1,EAS,0.691787835602631,0.0165870611777818,0.657881047193003,0.722388021322516
HF,EUR_AFR,EUR_AFR_08,0.1,AFR,0.673433471453324,0.0245235914104777,0.625600167317541,0.72238779294832
HF,EUR_AFR,EUR_AFR_08,0.1,AMR,0.752206156254719,0.0170075822751116,0.719744702171274,0.787216111009495
HF,EUR_AFR,EUR_AFR_09,0.001,MELD_lambda0_true,0.829543836620115,0.0180505728911694,0.793014968305352,0.863412656454164
HF,EUR_AFR,EUR_AFR_09,0.001,MELD_lambda0_equal,0.829085203444392,0.01417741355796,0.801150228990344,0.856195395522611
HF,EUR_AFR,EUR_AFR_09,0.001,MELD_lambda1_true,0.826659477526964,0.0169618816337699,0.791857070587461,0.858179204348881
HF,EUR_AFR,EUR_AFR_09,0.001,MELD_lambda0_scrambled,0.745293687872448,0.0210696895924092,0.701935852560866,0.784292654360632
HF,EUR_AFR,EUR_AFR_09,0.001,EUR,0.701276694121763,0.0260669962864066,0.651497298923359,0.754235908015996
HF,EUR_AFR,EUR_AFR_09,0.001,EAS,0.467966785561244,0.0241551781682412,0.423990418553748,0.517641103675303
HF,EUR_AFR,EUR_AFR_09,0.001,AFR,0.549863593444884,0.0259641313543185,0.502861949629908,0.602617231513282
HF,EUR_AFR,EUR_AFR_09,0.001,AMR,0.658813199627024,0.0189912766313908,0.621730453021873,0.698134744371007
HF,EUR_AFR,EUR_AFR_09,0.01,MELD_lambda0_true,0.862805988486033,0.0124618596403492,0.83853836906454,0.887210545557529
HF,EUR_AFR,EUR_AFR_09,0.01,MELD_lambda0_equal,0.852946127149552,0.0108347902652446,0.83249761131683,0.874631934443442
HF,EUR_AFR,EUR_AFR_09,0.01,MELD_lambda1_true,0.860070225693197,0.0120827684112817,0.836118303836155,0.882299293508627
HF,EUR_AFR,EUR_AFR_09,0.01,MELD_lambda0_scrambled,0.824701392733268,0.0145145083538066,0.796271835134592,0.85319801984211
HF,EUR_AFR,EUR_AFR_09,0.01,EUR,0.81029325696971,0.0158121048568365,0.779479273791777,0.842000577279574
HF,EUR_AFR,EUR_AFR_09,0.01,EAS,0.688725593339674,0.0155640534891288,0.657385105985743,0.718525554586296
HF,EUR_AFR,EUR_AFR_09,0.01,AFR,0.656200866195845,0.02161879427507,0.614975113411505,0.701416920785389
HF,EUR_AFR,EUR_AFR_09,0.01,AMR,0.758239593431444,0.0164405277381756,0.725571834478117,0.790814010202649
HF,EUR_AFR,EUR_AFR_09,0.1,MELD_lambda0_true,0.864852509034243,0.010133651399913,0.845341390432914,0.885331897041762
HF,EUR_AFR,EUR_AFR_09,0.1,MELD_lambda0_equal,0.853329392670736,0.00962041270728724,0.835362826443728,0.872666283155671
HF,EUR_AFR,EUR_AFR_09,0.1,MELD_lambda1_true,0.861590526618193,0.0102424866166111,0.842033182369373,0.882378294689639
HF,EUR_AFR,EUR_AFR_09,0.1,MELD_lambda0_scrambled,0.84076405467329,0.0115966567442753,0.818168915365699,0.863569642746949
HF,EUR_AFR,EUR_AFR_09,0.1,EUR,0.834324765888167,0.011613107041197,0.810710483715696,0.85736147983131
HF,EUR_AFR,EUR_AFR_09,0.1,EAS,0.732450230811498,0.0133899361839717,0.706100977638766,0.758592593679162
HF,EUR_AFR,EUR_AFR_09,0.1,AFR,0.690824174247269,0.0181946702142617,0.657997839051837,0.727862186163359
HF,EUR_AFR,EUR_AFR_09,0.1,AMR,0.784274146925259,0.0147577928747512,0.754484872301134,0.812614688407519
HF,EUR_AFR,EUR_AFR_10,0.001,MELD_lambda0_true,0.846722589532408,0.0156194804574604,0.816967703052223,0.878149329825146
HF,EUR_AFR,EUR_AFR_10,0.001,MELD_lambda0_equal,0.8427285918446,0.0128035570807026,0.817811451621425,0.866373281810543
HF,EUR_AFR,EUR_AFR_10,0.001,MELD_lambda1_true,0.846398446275376,0.0150748760331191,0.817746785558914,0.875982258774979
HF,EUR_AFR,EUR_AFR_10,0.001,MELD_lambda0_scrambled,0.657584692220236,0.0222714793865813,0.61419891268682,0.701475730738396
HF,EUR_AFR,EUR_AFR_10,0.001,EUR,0.784138054650697,0.0201808697680852,0.744716449931415,0.824815723682008
HF,EUR_AFR,EUR_AFR_10,0.001,EAS,0.509485462933497,0.0224209118883715,0.465823741014779,0.552713643656253
HF,EUR_AFR,EUR_AFR_10,0.001,AFR,0.506585646115236,0.0302500859866103,0.447551132584391,0.570106293248299
HF,EUR_AFR,EUR_AFR_10,0.001,AMR,0.699030045644833,0.0236312757681733,0.652148447508795,0.743161442473805
HF,EUR_AFR,EUR_AFR_10,0.01,MELD_lambda0_true,0.874480716641103,0.0127226965589177,0.849913922164954,0.899803416513347
HF,EUR_AFR,EUR_AFR_10,0.01,MELD_lambda0_equal,0.862978167976707,0.0115025209102376,0.839439318600079,0.884081936359371
HF,EUR_AFR,EUR_AFR_10,0.01,MELD_lambda1_true,0.873355229761901,0.0122325982738443,0.850223474074145,0.897452055139025
HF,EUR_AFR,EUR_AFR_10,0.01,MELD_lambda0_scrambled,0.731331773470101,0.0199707222618809,0.692707367711779,0.77095635440333
HF,EUR_AFR,EUR_AFR_10,0.01,EUR,0.851017533069964,0.0133497206907633,0.825045242085091,0.876416751503353
HF,EUR_AFR,EUR_AFR_10,0.01,EAS,0.696335767733404,0.0138501929726345,0.668841955364282,0.7230012112894
HF,EUR_AFR,EUR_AFR_10,0.01,AFR,0.620160510766263,0.0269489951434593,0.570401719385738,0.674786265510086
HF,EUR_AFR,EUR_AFR_10,0.01,AMR,0.787472439745301,0.016930952537544,0.753639876671402,0.81977047171881
HF,EUR_AFR,EUR_AFR_10,0.1,MELD_lambda0_true,0.875492794744057,0.0104543895037078,0.854239349061758,0.895931323564891
HF,EUR_AFR,EUR_AFR_10,0.1,MELD_lambda0_equal,0.86381247568467,0.0104120982215352,0.842340263767191,0.883008818164331
HF,EUR_AFR,EUR_AFR_10,0.1,MELD_lambda1_true,0.874388952501513,0.0105797659570554,0.853587492055789,0.895398677697974
HF,EUR_AFR,EUR_AFR_10,0.1,MELD_lambda0_scrambled,0.755025405897338,0.0174046711904987,0.722977271526191,0.789933399284043
HF,EUR_AFR,EUR_AFR_10,0.1,EUR,0.861115019193787,0.0106209060189516,0.840955983097919,0.881652899132357
HF,EUR_AFR,EUR_AFR_10,0.1,EAS,0.74158893265012,0.0139436441884976,0.714660870650125,0.768781024664724
HF,EUR_AFR,EUR_AFR_10,0.1,AFR,0.670473699528629,0.0225511369029698,0.62792973235683,0.714543323807686
HF,EUR_AFR,EUR_AFR_10,0.1,AMR,0.799741004012076,0.0172582160688863,0.766395352431557,0.833923862895058
HF,EUR_AFR,EUR_AFR_11,0.001,MELD_lambda0_true,0.849705312390054,0.0177473406712977,0.814189028524681,0.882345202137955
HF,EUR_AFR,EUR_AFR_11,0.001,MELD_lambda0_equal,0.849714244152314,0.0119533000625428,0.825913651882748,0.871516149582534
HF,EUR_AFR,EUR_AFR_11,0.001,MELD_lambda1_true,0.849705312390054,0.0175803652271054,0.814868695700756,0.884095584568795
HF,EUR_AFR,EUR_AFR_11,0.001,MELD_lambda0_scrambled,0.849705312390054,0.0180656534171456,0.813266938714873,0.883560583771974
HF,EUR_AFR,EUR_AFR_11,0.001,EUR,0.84970531239004,0.0179900392752154,0.811821329198948,0.88318816274489
HF,EUR_AFR,EUR_AFR_11,0.001,EAS,0.540153658384436,0.0249861680670395,0.492224710434972,0.587724613506008
HF,EUR_AFR,EUR_AFR_11,0.001,AFR,0.482996844789118,0.0306590095493919,0.429594407741021,0.549467020644221
HF,EUR_AFR,EUR_AFR_11,0.001,AMR,0.724975035395974,0.0199023724377847,0.688610863092483,0.764587285443438
HF,EUR_AFR,EUR_AFR_11,0.01,MELD_lambda0_true,0.894893654650205,0.0121150811665482,0.870034317129978,0.917750240723688
HF,EUR_AFR,EUR_AFR_11,0.01,MELD_lambda0_equal,0.871062558074335,0.0101609976656927,0.850748680621924,0.890539062763944
HF,EUR_AFR,EUR_AFR_11,0.01,MELD_lambda1_true,0.894893654650205,0.012223954878568,0.869787894723054,0.917853584984266
HF,EUR_AFR,EUR_AFR_11,0.01,MELD_lambda0_scrambled,0.894893654650205,0.0118980038335789,0.870657000313213,0.917562479546389
HF,EUR_AFR,EUR_AFR_11,0.01,EUR,0.894893654650204,0.0118927428863889,0.870845804536099,0.917116293482665
HF,EUR_AFR,EUR_AFR_11,0.01,EAS,0.719001129465319,0.0151205127062727,0.689054962779861,0.748215727325361
HF,EUR_AFR,EUR_AFR_11,0.01,AFR,0.615199786382059,0.0297142512645372,0.55921665753663,0.674626664179755
HF,EUR_AFR,EUR_AFR_11,0.01,AMR,0.794362350234642,0.0154304859401512,0.765534844178557,0.825869418746302
HF,EUR_AFR,EUR_AFR_11,0.1,MELD_lambda0_true,0.89666997164294,0.00989699980267663,0.877296790222258,0.915653836449228
HF,EUR_AFR,EUR_AFR_11,0.1,MELD_lambda0_equal,0.872625685707671,0.0094451425727241,0.85361016676004,0.89097276026088
HF,EUR_AFR,EUR_AFR_11,0.1,MELD_lambda1_true,0.89666997164294,0.0101545287713605,0.876112308024916,0.916351264522085
HF,EUR_AFR,EUR_AFR_11,0.1,MELD_lambda0_scrambled,0.89666997164294,0.00998564315601043,0.876455253991399,0.915077317927156
HF,EUR_AFR,EUR_AFR_11,0.1,EUR,0.89666997164294,0.00969568096710269,0.876627060035131,0.915067498334292
HF,EUR_AFR,EUR_AFR_11,0.1,EAS,0.761884436436862,0.0124628297841894,0.737627166757352,0.785634010898484
HF,EUR_AFR,EUR_AFR_11,0.1,AFR,0.673273577742611,0.0240511583806773,0.630178308416135,0.722205911851099
HF,EUR_AFR,EUR_AFR_11,0.1,AMR,0.813870101991465,0.0142414228627382,0.785999153683362,0.84298278436
HF,EUR_EAS,EUR_EAS_01,0.001,MELD_lambda0_true,0.872132304898728,0.0139689421771705,0.843817994243805,0.898888463248338
HF,EUR_EAS,EUR_EAS_01,0.001,MELD_lambda0_equal,0.830426509482195,0.0134227326100184,0.802437675905929,0.855612594906406
HF,EUR_EAS,EUR_EAS_01,0.001,MELD_lambda1_true,0.872132304898728,0.0139690322444735,0.843974790793608,0.898117952686508
HF,EUR_EAS,EUR_EAS_01,0.001,MELD_lambda0_scrambled,0.604408776171297,0.0213069345595122,0.56603928917276,0.649341402187805
HF,EUR_EAS,EUR_EAS_01,0.001,EUR,0.604408776171312,0.0215059662494671,0.564864494618433,0.647790249651565
HF,EUR_EAS,EUR_EAS_01,0.001,EAS,0.872132304898723,0.0141669919663572,0.844201922891789,0.899079060966175
HF,EUR_EAS,EUR_EAS_01,0.001,AFR,0.454379635366521,0.0278820204345842,0.402160920233478,0.511286521759247
HF,EUR_EAS,EUR_EAS_01,0.001,AMR,0.634950619690611,0.0232570071102337,0.589495932625091,0.681406457892478
HF,EUR_EAS,EUR_EAS_01,0.01,MELD_lambda0_true,0.898610570338941,0.0111682337435982,0.876078710022058,0.919685076581613
HF,EUR_EAS,EUR_EAS_01,0.01,MELD_lambda0_equal,0.853713251708865,0.0124621192712401,0.829821161214216,0.87788867953911
HF,EUR_EAS,EUR_EAS_01,0.01,MELD_lambda1_true,0.898610570338941,0.0113713662270729,0.874914982707918,0.919447378333129
HF,EUR_EAS,EUR_EAS_01,0.01,MELD_lambda0_scrambled,0.731287482168821,0.0148252050433855,0.702693603844331,0.761280970366055
HF,EUR_EAS,EUR_EAS_01,0.01,EUR,0.731287482168824,0.0148523664450689,0.70294744111505,0.762037862152913
HF,EUR_EAS,EUR_EAS_01,0.01,EAS,0.89861057033894,0.0107890073696218,0.876110700699688,0.918651512780289
HF,EUR_EAS,EUR_EAS_01,0.01,AFR,0.574982505643231,0.0250481055353267,0.527172203875078,0.624751891223096
HF,EUR_EAS,EUR_EAS_01,0.01,AMR,0.744026639670633,0.0176498962302608,0.709621319625359,0.780456623468236
HF,EUR_EAS,EUR_EAS_01,0.1,MELD_lambda0_true,0.897206357783599,0.0103866936278991,0.875842675359064,0.916023883082852
HF,EUR_EAS,EUR_EAS_01,0.1,MELD_lambda0_equal,0.854118175869055,0.0115842965213002,0.831784259923169,0.87663064372661
HF,EUR_EAS,EUR_EAS_01,0.1,MELD_lambda1_true,0.897206357783599,0.0102929581253632,0.876227738893388,0.916276364942804
HF,EUR_EAS,EUR_EAS_01,0.1,MELD_lambda0_scrambled,0.758685095026095,0.0143366125001053,0.73136910849591,0.787395757323061
HF,EUR_EAS,EUR_EAS_01,0.1,EUR,0.758685095026095,0.0141690978284867,0.732159090101441,0.787657027887841
HF,EUR_EAS,EUR_EAS_01,0.1,EAS,0.897206357783598,0.0106846654684919,0.874839816503544,0.917356028793978
HF,EUR_EAS,EUR_EAS_01,0.1,AFR,0.636744163159399,0.0224028684112673,0.594104171846559,0.682372380399758
HF,EUR_EAS,EUR_EAS_01,0.1,AMR,0.765921715034592,0.0158378765257418,0.735572775076768,0.797440997668171
HF,EUR_EAS,EUR_EAS_02,0.001,MELD_lambda0_true,0.880829843682449,0.0116760383749515,0.858879830848238,0.904815496541067
HF,EUR_EAS,EUR_EAS_02,0.001,MELD_lambda0_equal,0.843927178011566,0.010710606895594,0.823622973659248,0.865125143016325
HF,EUR_EAS,EUR_EAS_02,0.001,MELD_lambda1_true,0.881154941583558,0.011106813275847,0.858813322252199,0.902861090295746
HF,EUR_EAS,EUR_EAS_02,0.001,MELD_lambda0_scrambled,0.880829843682449,0.0112032025370509,0.85948567957701,0.904390993137672
HF,EUR_EAS,EUR_EAS_02,0.001,EUR,0.635431204826115,0.0233276541868854,0.593502027019153,0.682102248304653
HF,EUR_EAS,EUR_EAS_02,0.001,EAS,0.835261020996609,0.0149167853946316,0.807395881144651,0.864694819125197
HF,EUR_EAS,EUR_EAS_02,0.001,AFR,0.450069149807955,0.0312830105200043,0.393673019566988,0.512842144877419
HF,EUR_EAS,EUR_EAS_02,0.001,AMR,0.65027303076339,0.0259512270134183,0.600637983006721,0.700618499490227
HF,EUR_EAS,EUR_EAS_02,0.01,MELD_lambda0_true,0.905144618256643,0.00867192652385913,0.888465756770075,0.922451263665768
HF,EUR_EAS,EUR_EAS_02,0.01,MELD_lambda0_equal,0.868897526465748,0.0101492630055673,0.84921873096777,0.888410830921287
HF,EUR_EAS,EUR_EAS_02,0.01,MELD_lambda1_true,0.903772435104135,0.00897468678401564,0.886300584038698,0.92136310431569
HF,EUR_EAS,EUR_EAS_02,0.01,MELD_lambda0_scrambled,0.905144618256643,0.00864831666011488,0.88811799945408,0.921799930655384
HF,EUR_EAS,EUR_EAS_02,0.01,EUR,0.759655922956685,0.016471537037613,0.728281744457311,0.792240177553181
HF,EUR_EAS,EUR_EAS_02,0.01,EAS,0.879732114949052,0.0111645295477832,0.85872384237351,0.901396361316075
HF,EUR_EAS,EUR_EAS_02,0.01,AFR,0.571757215116509,0.0296872449709527,0.517940407526372,0.633830570525598
HF,EUR_EAS,EUR_EAS_02,0.01,AMR,0.759361537638645,0.019541131417959,0.720882505669273,0.797135868093322
HF,EUR_EAS,EUR_EAS_02,0.1,MELD_lambda0_true,0.899909253551778,0.00913605593971401,0.881696893064841,0.916812792298408
HF,EUR_EAS,EUR_EAS_02,0.1,MELD_lambda0_equal,0.869028510037147,0.00984870650732961,0.848910322425663,0.888070293830758
HF,EUR_EAS,EUR_EAS_02,0.1,MELD_lambda1_true,0.898586886527412,0.00926263080693717,0.880255349178518,0.916473383720229
HF,EUR_EAS,EUR_EAS_02,0.1,MELD_lambda0_scrambled,0.899909253551778,0.00902800439850838,0.882770885972558,0.916892792349394
HF,EUR_EAS,EUR_EAS_02,0.1,EUR,0.790536217880981,0.0144696755179996,0.760276029623373,0.817478233900816
HF,EUR_EAS,EUR_EAS_02,0.1,EAS,0.879658014478717,0.0106038417461088,0.859182125032606,0.901444781483888
HF,EUR_EAS,EUR_EAS_02,0.1,AFR,0.638232106535735,0.0230393697907437,0.594514151290723,0.685007147376625
HF,EUR_EAS,EUR_EAS_02,0.1,AMR,0.781363159717992,0.0165640370323654,0.750617343599735,0.813089016114047
HF,EUR_EAS,EUR_EAS_03,0.001,MELD_lambda0_true,0.878137768439303,0.0126094570366228,0.853939605617404,0.902882563212085
HF,EUR_EAS,EUR_EAS_03,0.001,MELD_lambda0_equal,0.857140695647873,0.0123323275035508,0.83193168375342,0.879829775151451
HF,EUR_EAS,EUR_EAS_03,0.001,MELD_lambda1_true,0.87735654364887,0.0115754405925148,0.855167180978496,0.90042330200575
HF,EUR_EAS,EUR_EAS_03,0.001,MELD_lambda0_scrambled,0.749492785236905,0.0182214992637854,0.71330904242527,0.785769299303382
HF,EUR_EAS,EUR_EAS_03,0.001,EUR,0.672401161670077,0.0201132574299271,0.635844301713547,0.71392314680427
HF,EUR_EAS,EUR_EAS_03,0.001,EAS,0.797068072905919,0.0214206939743764,0.75424238228328,0.840365404315211
HF,EUR_EAS,EUR_EAS_03,0.001,AFR,0.480558665763099,0.0341145918257548,0.416249826255357,0.550116504374082
HF,EUR_EAS,EUR_EAS_03,0.001,AMR,0.664861623328893,0.0207397506725711,0.625475495521178,0.705844771557995
HF,EUR_EAS,EUR_EAS_03,0.01,MELD_lambda0_true,0.904519149708154,0.00927795228956365,0.886719504851053,0.922638449696837
HF,EUR_EAS,EUR_EAS_03,0.01,MELD_lambda0_equal,0.878033663296365,0.0115762121177586,0.855461346474112,0.900732252100718
HF,EUR_EAS,EUR_EAS_03,0.01,MELD_lambda1_true,0.904028555005129,0.0090765243109989,0.88642069678718,0.92174339570865
HF,EUR_EAS,EUR_EAS_03,0.01,MELD_lambda0_scrambled,0.82982046739407,0.0118701775999051,0.805967062077822,0.853015073434611
HF,EUR_EAS,EUR_EAS_03,0.01,EUR,0.790825850055768,0.0128659780816398,0.766581906407982,0.815994448418511
HF,EUR_EAS,EUR_EAS_03,0.01,EAS,0.865428732179322,0.0130994878721558,0.840993802962931,0.891641948407034
HF,EUR_EAS,EUR_EAS_03,0.01,AFR,0.605130547734037,0.0299994871375449,0.54621543922345,0.666339171345822
HF,EUR_EAS,EUR_EAS_03,0.01,AMR,0.77706464837362,0.0170210852226285,0.742586062968573,0.809336888560849
HF,EUR_EAS,EUR_EAS_03,0.1,MELD_lambda0_true,0.898788931580215,0.00856826295390498,0.881039658405499,0.915461987778681
HF,EUR_EAS,EUR_EAS_03,0.1,MELD_lambda0_equal,0.875129463522445,0.0103145766077167,0.854305028206357,0.894469543395153
HF,EUR_EAS,EUR_EAS_03,0.1,MELD_lambda1_true,0.89799032178898,0.00840165721460341,0.882060322064253,0.914297508519757
HF,EUR_EAS,EUR_EAS_03,0.1,MELD_lambda0_scrambled,0.837425837456046,0.0112735610500943,0.816251787075417,0.859752802059316
HF,EUR_EAS,EUR_EAS_03,0.1,EUR,0.810689229035258,0.011952729762251,0.787762095958151,0.833539387831413
HF,EUR_EAS,EUR_EAS_03,0.1,EAS,0.870435085323487,0.010473632491024,0.849740867428214,0.890778032147251
HF,EUR_EAS,EUR_EAS_03,0.1,AFR,0.66284648893643,0.0246714627631814,0.615611681928842,0.711593878163085
HF,EUR_EAS,EUR_EAS_03,0.1,AMR,0.795606981344347,0.0168430036188888,0.76162502698602,0.827507935492657
HF,EUR_EAS,EUR_EAS_04,0.001,MELD_lambda0_true,0.880782055641497,0.0112764729241516,0.858224591527612,0.902001351209348
HF,EUR_EAS,EUR_EAS_04,0.001,MELD_lambda0_equal,0.854673488199467,0.0119066851511623,0.830442923631965,0.876828202888719
HF,EUR_EAS,EUR_EAS_04,0.001,MELD_lambda1_true,0.884411636744304,0.00990965194516621,0.864509961975006,0.902487235895485
HF,EUR_EAS,EUR_EAS_04,0.001,MELD_lambda0_scrambled,0.740428414224769,0.0221355233550218,0.697012909436004,0.784198118540661
HF,EUR_EAS,EUR_EAS_04,0.001,EUR,0.698201734212453,0.0205586943779028,0.658556419107902,0.739461398904653
HF,EUR_EAS,EUR_EAS_04,0.001,EAS,0.779248833368594,0.0211730130562349,0.736296523106972,0.819040448761405
HF,EUR_EAS,EUR_EAS_04,0.001,AFR,0.489823530399256,0.0342494498657677,0.421550987187626,0.558692421384209
HF,EUR_EAS,EUR_EAS_04,0.001,AMR,0.664574744823986,0.0242750580108703,0.617221388059612,0.711550549723719
HF,EUR_EAS,EUR_EAS_04,0.01,MELD_lambda0_true,0.906421337377503,0.00895051224069619,0.889218404495399,0.923676903676557
HF,EUR_EAS,EUR_EAS_04,0.01,MELD_lambda0_equal,0.872455686385128,0.0123258699770458,0.848094127188636,0.895143550887505
HF,EUR_EAS,EUR_EAS_04,0.01,MELD_lambda1_true,0.907387121111085,0.00887052034967808,0.889570857697962,0.924778769765303
HF,EUR_EAS,EUR_EAS_04,0.01,MELD_lambda0_scrambled,0.784843216622081,0.0185458391977439,0.749562056317707,0.821763373423442
HF,EUR_EAS,EUR_EAS_04,0.01,EUR,0.795368286824309,0.0150766808817998,0.767405815351338,0.826999113922986
HF,EUR_EAS,EUR_EAS_04,0.01,EAS,0.853121619043616,0.014827849304788,0.823438340768272,0.882281781164216
HF,EUR_EAS,EUR_EAS_04,0.01,AFR,0.602942868848401,0.0309195844138382,0.544035581900504,0.663624968316607
HF,EUR_EAS,EUR_EAS_04,0.01,AMR,0.767809874866024,0.0216548846340027,0.72488622782081,0.811128377642276
HF,EUR_EAS,EUR_EAS_04,0.1,MELD_lambda0_true,0.896529518523167,0.0103083318714209,0.876209863043188,0.915342129334735
HF,EUR_EAS,EUR_EAS_04,0.1,MELD_lambda0_equal,0.868789323772349,0.0122844704060395,0.843690930477095,0.893033213034934
HF,EUR_EAS,EUR_EAS_04,0.1,MELD_lambda1_true,0.89583244899552,0.0107267751992089,0.87303496493883,0.916303373482148
HF,EUR_EAS,EUR_EAS_04,0.1,MELD_lambda0_scrambled,0.798485598682483,0.0172153019924999,0.765756019483285,0.832604306810221
HF,EUR_EAS,EUR_EAS_04,0.1,EUR,0.812378044398922,0.0134839308175645,0.786454413250078,0.838016498728454
HF,EUR_EAS,EUR_EAS_04,0.1,EAS,0.856165020045379,0.0138954976775481,0.829135855202846,0.883629467939569
HF,EUR_EAS,EUR_EAS_04,0.1,AFR,0.65201226403438,0.0256096505141642,0.602667323046436,0.704166884239175
HF,EUR_EAS,EUR_EAS_04,0.1,AMR,0.794841849187757,0.0176326760375205,0.761141592024692,0.829423946423167
HF,EUR_EAS,EUR_EAS_05,0.001,MELD_lambda0_true,0.87502144951264,0.0139726773463454,0.848158801707442,0.901535679739316
HF,EUR_EAS,EUR_EAS_05,0.001,MELD_lambda0_equal,0.858379481928382,0.013693903639452,0.830786762115446,0.883844572004534
HF,EUR_EAS,EUR_EAS_05,0.001,MELD_lambda1_true,0.875209464334591,0.0134121316889956,0.848681463684956,0.901197713756195
HF,EUR_EAS,EUR_EAS_05,0.001,MELD_lambda0_scrambled,0.87502144951264,0.0142541873726929,0.847826765502918,0.902452018134225
HF,EUR_EAS,EUR_EAS_05,0.001,EUR,0.717111119147548,0.0270394578410681,0.665079846394689,0.770673345781374
HF,EUR_EAS,EUR_EAS_05,0.001,EAS,0.746980362407044,0.0247233728157774,0.699652448730706,0.796961326763493
HF,EUR_EAS,EUR_EAS_05,0.001,AFR,0.482786912902704,0.0331989987781881,0.418175596612675,0.547784811887685
HF,EUR_EAS,EUR_EAS_05,0.001,AMR,0.669148820621633,0.0295991810109812,0.611614594204394,0.728888582717707
HF,EUR_EAS,EUR_EAS_05,0.01,MELD_lambda0_true,0.901882283484183,0.0113396138364306,0.879296633551395,0.923847727145781
HF,EUR_EAS,EUR_EAS_05,0.01,MELD_lambda0_equal,0.877811221468767,0.0134297973882024,0.850104177729532,0.903249470591294
HF,EUR_EAS,EUR_EAS_05,0.01,MELD_lambda1_true,0.900142963828416,0.011281738410181,0.877745491872515,0.92196147572313
HF,EUR_EAS,EUR_EAS_05,0.01,MELD_lambda0_scrambled,0.901882283484183,0.0113768001058222,0.879717654427628,0.923568816639974
HF,EUR_EAS,EUR_EAS_05,0.01,EUR,0.816258841817894,0.0170647636138294,0.782863252213602,0.850252214816895
HF,EUR_EAS,EUR_EAS_05,0.01,EAS,0.84276816750931,0.0157386617579777,0.811917461754905,0.874194125051856
HF,EUR_EAS,EUR_EAS_05,0.01,AFR,0.597885467020964,0.0306172101001952,0.541150410503182,0.661426011044276
HF,EUR_EAS,EUR_EAS_05,0.01,AMR,0.7557960646122,0.02434814787229,0.707158442402423,0.803547945656266
HF,EUR_EAS,EUR_EAS_05,0.1,MELD_lambda0_true,0.898078251758935,0.0108625359673578,0.87730633845806,0.919616291188596
HF,EUR_EAS,EUR_EAS_05,0.1,MELD_lambda0_equal,0.875938168909675,0.0124928130667928,0.850851262694682,0.899803386431215
HF,EUR_EAS,EUR_EAS_05,0.1,MELD_lambda1_true,0.896236114277778,0.0107094939143278,0.874293981632879,0.917184940696845
HF,EUR_EAS,EUR_EAS_05,0.1,MELD_lambda0_scrambled,0.898078251758935,0.0109172205370005,0.876108371785887,0.918572453467988
HF,EUR_EAS,EUR_EAS_05,0.1,EUR,0.836260619514533,0.0139442070414984,0.80737911385856,0.862386455212929
HF,EUR_EAS,EUR_EAS_05,0.1,EAS,0.853563592306606,0.0131588459547611,0.826754620086578,0.878321381503133
HF,EUR_EAS,EUR_EAS_05,0.1,AFR,0.655845693933263,0.023487848612259,0.612028432080581,0.704429893821436
HF,EUR_EAS,EUR_EAS_05,0.1,AMR,0.782902020147157,0.0218131954543166,0.739293599353583,0.825412071195949
HF,EUR_EAS,EUR_EAS_06,0.001,MELD_lambda0_true,0.884086055614485,0.0120418387786502,0.858474501689754,0.906122316716645
HF,EUR_EAS,EUR_EAS_06,0.001,MELD_lambda0_equal,0.87003599854917,0.0108674852163293,0.847898032161241,0.891334948688969
HF,EUR_EAS,EUR_EAS_06,0.001,MELD_lambda1_true,0.882213297077045,0.0111863379398545,0.86035995973296,0.903908595649985
HF,EUR_EAS,EUR_EAS_06,0.001,MELD_lambda0_scrambled,0.731649334908403,0.0186520211095764,0.695052144525537,0.767994238351157
HF,EUR_EAS,EUR_EAS_06,0.001,EUR,0.745084365522929,0.0208034169558314,0.704470102344384,0.785926391433506
HF,EUR_EAS,EUR_EAS_06,0.001,EAS,0.720528182103475,0.0188134557384005,0.684272221873771,0.759788567273877
HF,EUR_EAS,EUR_EAS_06,0.001,AFR,0.491199742574644,0.0275270208393715,0.44023340525967,0.54744221770795
HF,EUR_EAS,EUR_EAS_06,0.001,AMR,0.698237978185274,0.018869654120066,0.661186618283824,0.734538006718492
HF,EUR_EAS,EUR_EAS_06,0.01,MELD_lambda0_true,0.906731461350521,0.00961889488912349,0.887187433369267,0.924909820205092
HF,EUR_EAS,EUR_EAS_06,0.01,MELD_lambda0_equal,0.886501257875675,0.0103322646175329,0.866094534267773,0.906055563066668
HF,EUR_EAS,EUR_EAS_06,0.01,MELD_lambda1_true,0.905332105393156,0.00933524390381976,0.887075561997293,0.923457748144662
HF,EUR_EAS,EUR_EAS_06,0.01,MELD_lambda0_scrambled,0.787447008270172,0.0176380644326893,0.753101934462095,0.822344181937025
HF,EUR_EAS,EUR_EAS_06,0.01,EUR,0.830399512330194,0.0137474667485381,0.805205492146678,0.858305551985189
HF,EUR_EAS,EUR_EAS_06,0.01,EAS,0.82109479311193,0.0146089918895389,0.792679255799665,0.850421820770634
HF,EUR_EAS,EUR_EAS_06,0.01,AFR,0.604309913039893,0.0242707760912234,0.558797207131972,0.652026657286258
HF,EUR_EAS,EUR_EAS_06,0.01,AMR,0.781956963106379,0.016163534692955,0.750839883339145,0.813539728920809
HF,EUR_EAS,EUR_EAS_06,0.1,MELD_lambda0_true,0.90121517821153,0.00928619230741319,0.881814113524898,0.91828208377561
HF,EUR_EAS,EUR_EAS_06,0.1,MELD_lambda0_equal,0.882029016364932,0.0103507582371764,0.861812740912895,0.901615094720693
HF,EUR_EAS,EUR_EAS_06,0.1,MELD_lambda1_true,0.89901683358815,0.00882327317765659,0.881167039428439,0.915807898076792
HF,EUR_EAS,EUR_EAS_06,0.1,MELD_lambda0_scrambled,0.801594020141478,0.0170906432723497,0.767581094403485,0.834842772636105
HF,EUR_EAS,EUR_EAS_06,0.1,EUR,0.84452217052828,0.0121122638984155,0.819682870610101,0.867823173671387
HF,EUR_EAS,EUR_EAS_06,0.1,EAS,0.837632674985963,0.0124982058083707,0.812890036530661,0.862130383330629
HF,EUR_EAS,EUR_EAS_06,0.1,AFR,0.655409975386763,0.0213075734606052,0.615482281893785,0.697456623224312
HF,EUR_EAS,EUR_EAS_06,0.1,AMR,0.797070779649479,0.0153140892184655,0.767808810369453,0.827120199693806
HF,EUR_EAS,EUR_EAS_07,0.001,MELD_lambda0_true,0.896144081929996,0.0130374926006391,0.867836980966287,0.918339282570063
HF,EUR_EAS,EUR_EAS_07,0.001,MELD_lambda0_equal,0.884672141618229,0.0104697068485536,0.863320070893261,0.904348537497444
HF,EUR_EAS,EUR_EAS_07,0.001,MELD_lambda1_true,0.894969397264317,0.0129754665464914,0.866973117013278,0.91793887628168
HF,EUR_EAS,EUR_EAS_07,0.001,MELD_lambda0_scrambled,0.896144081929996,0.0125226248125576,0.86908312982835,0.918755054649909
HF,EUR_EAS,EUR_EAS_07,0.001,EUR,0.781973750637984,0.0160374949549217,0.749699654577002,0.813365893888509
HF,EUR_EAS,EUR_EAS_07,0.001,EAS,0.705847320937097,0.025479356116619,0.657449746433751,0.756448017940869
HF,EUR_EAS,EUR_EAS_07,0.001,AFR,0.536834012074855,0.0313077236260543,0.479085633451678,0.601407876686454
HF,EUR_EAS,EUR_EAS_07,0.001,AMR,0.726631566694117,0.0203133792737377,0.686640443095091,0.765396274780351
HF,EUR_EAS,EUR_EAS_07,0.01,MELD_lambda0_true,0.917185667773851,0.00934203596457609,0.89906408619989,0.934952159660766
HF,EUR_EAS,EUR_EAS_07,0.01,MELD_lambda0_equal,0.897886318515571,0.00991677276207519,0.877528601177305,0.916977933183863
HF,EUR_EAS,EUR_EAS_07,0.01,MELD_lambda1_true,0.916436648945817,0.00958728475680591,0.896810297589248,0.933983377228454
HF,EUR_EAS,EUR_EAS_07,0.01,MELD_lambda0_scrambled,0.917185667773851,0.00909245606911915,0.8987187715535,0.934223109841245
HF,EUR_EAS,EUR_EAS_07,0.01,EUR,0.855395391136655,0.0117039463428148,0.831852898743631,0.877868079870516
HF,EUR_EAS,EUR_EAS_07,0.01,EAS,0.830442321095449,0.0153056883067866,0.800366580058867,0.859986230674824
HF,EUR_EAS,EUR_EAS_07,0.01,AFR,0.639824541575197,0.0283056383055986,0.586245979065298,0.695307391984782
HF,EUR_EAS,EUR_EAS_07,0.01,AMR,0.807750968772243,0.0182376290314021,0.76907106745333,0.841422326100991
HF,EUR_EAS,EUR_EAS_07,0.1,MELD_lambda0_true,0.914791759334462,0.00830760859593199,0.897823883458039,0.930699630365183
HF,EUR_EAS,EUR_EAS_07,0.1,MELD_lambda0_equal,0.893981640628664,0.00979378680287121,0.873683395684829,0.912396227073516
HF,EUR_EAS,EUR_EAS_07,0.1,MELD_lambda1_true,0.91382810294248,0.00865612144911334,0.896371207581127,0.930638080723749
HF,EUR_EAS,EUR_EAS_07,0.1,MELD_lambda0_scrambled,0.914791759334462,0.00816460922840787,0.899093018942261,0.930613193224172
HF,EUR_EAS,EUR_EAS_07,0.1,EUR,0.869846104522713,0.00977802256970448,0.850630574980915,0.888606957517052
HF,EUR_EAS,EUR_EAS_07,0.1,EAS,0.849427528002323,0.0116519063806046,0.827026748791846,0.873221390855292
HF,EUR_EAS,EUR_EAS_07,0.1,AFR,0.684946266337351,0.0231504359830507,0.637014689102119,0.728487804882426
HF,EUR_EAS,EUR_EAS_07,0.1,AMR,0.818119513150141,0.0176538618180184,0.781160163352336,0.851253517121003
HF,EUR_EAS,EUR_EAS_08,0.001,MELD_lambda0_true,0.8792116000243,0.0150036584381339,0.848973091810638,0.908556746895992
HF,EUR_EAS,EUR_EAS_08,0.001,MELD_lambda0_equal,0.876009638489658,0.010550873722132,0.854433769552002,0.894722550779646
HF,EUR_EAS,EUR_EAS_08,0.001,MELD_lambda1_true,0.879572864315506,0.014917520036873,0.849222346665285,0.907831629766641
HF,EUR_EAS,EUR_EAS_08,0.001,MELD_lambda0_scrambled,0.778490149376029,0.0180745303725358,0.741630932556812,0.812053967168655
HF,EUR_EAS,EUR_EAS_08,0.001,EUR,0.802494401355379,0.0222433241732259,0.758197570806117,0.843224597712308
HF,EUR_EAS,EUR_EAS_08,0.001,EAS,0.676790199982888,0.0245376150088425,0.629966371234672,0.723710658924061
HF,EUR_EAS,EUR_EAS_08,0.001,AFR,0.499202111402164,0.0328760959878849,0.436433876587967,0.563047969010257
HF,EUR_EAS,EUR_EAS_08,0.001,AMR,0.711332446197904,0.0256073908298672,0.662513068006482,0.761177778694146
HF,EUR_EAS,EUR_EAS_08,0.01,MELD_lambda0_true,0.907166457182275,0.0108525287558658,0.886503717734722,0.927942411372219
HF,EUR_EAS,EUR_EAS_08,0.01,MELD_lambda0_equal,0.88795854263079,0.0113336509247419,0.865775326434042,0.909745225943921
HF,EUR_EAS,EUR_EAS_08,0.01,MELD_lambda1_true,0.906061729303764,0.0110143870266647,0.884285936861626,0.927181546311871
HF,EUR_EAS,EUR_EAS_08,0.01,MELD_lambda0_scrambled,0.81874293188006,0.0157612387478226,0.787448464848457,0.849598504246665
HF,EUR_EAS,EUR_EAS_08,0.01,EUR,0.865081169926375,0.0147022379912996,0.835735502491287,0.893198353212023
HF,EUR_EAS,EUR_EAS_08,0.01,EAS,0.796239425548517,0.0158032492059928,0.765771481360927,0.828012022908323
HF,EUR_EAS,EUR_EAS_08,0.01,AFR,0.608247886188203,0.0316711736735591,0.547906868282022,0.671737936798162
HF,EUR_EAS,EUR_EAS_08,0.01,AMR,0.783767231525141,0.0216890308536019,0.742361401385932,0.826011857120989
HF,EUR_EAS,EUR_EAS_08,0.1,MELD_lambda0_true,0.90272814626192,0.0106405470166977,0.881398028661061,0.923148763237283
HF,EUR_EAS,EUR_EAS_08,0.1,MELD_lambda0_equal,0.880965992276688,0.011488256248019,0.859107966362103,0.903726787148778
HF,EUR_EAS,EUR_EAS_08,0.1,MELD_lambda1_true,0.90111142194953,0.0111231664150746,0.878038468559489,0.923079535951774
HF,EUR_EAS,EUR_EAS_08,0.1,MELD_lambda0_scrambled,0.828667532468276,0.0144621769251255,0.798870737904324,0.855469215877894
HF,EUR_EAS,EUR_EAS_08,0.1,EUR,0.869247098443442,0.0123521233754717,0.845326674863063,0.893329556120254
HF,EUR_EAS,EUR_EAS_08,0.1,EAS,0.818486690368644,0.0142753747056779,0.78996790687391,0.845942043370423
HF,EUR_EAS,EUR_EAS_08,0.1,AFR,0.654236042232953,0.0273751224163432,0.602101741571069,0.707824172892185
HF,EUR_EAS,EUR_EAS_08,0.1,AMR,0.799498692532326,0.0196899344179601,0.761261457079769,0.838735822019175
HF,EUR_EAS,EUR_EAS_09,0.001,MELD_lambda0_true,0.872065493558613,0.0176132347816288,0.835417324570979,0.904732206034798
HF,EUR_EAS,EUR_EAS_09,0.001,MELD_lambda0_equal,0.877505076741594,0.0122866521164712,0.850723375486011,0.898423856969046
HF,EUR_EAS,EUR_EAS_09,0.001,MELD_lambda1_true,0.870972204823867,0.0176091008918371,0.832428962710529,0.902119336519628
HF,EUR_EAS,EUR_EAS_09,0.001,MELD_lambda0_scrambled,0.779232911458834,0.0177703996198888,0.742459362635492,0.814162497219505
HF,EUR_EAS,EUR_EAS_09,0.001,EUR,0.812274647872824,0.0247179221030414,0.764809441619149,0.859276906462168
HF,EUR_EAS,EUR_EAS_09,0.001,EAS,0.648954591840196,0.0246297009186686,0.601611888481852,0.6983716433924
HF,EUR_EAS,EUR_EAS_09,0.001,AFR,0.51791811385442,0.0305204179518835,0.46157011579814,0.579941592201548
HF,EUR_EAS,EUR_EAS_09,0.001,AMR,0.742162218922099,0.02294786095616,0.697657397634109,0.786267888567057
HF,EUR_EAS,EUR_EAS_09,0.01,MELD_lambda0_true,0.899553934542013,0.0145414433137291,0.869224400608045,0.924564355647106
HF,EUR_EAS,EUR_EAS_09,0.01,MELD_lambda0_equal,0.89083839808052,0.0113052312893897,0.868103392382126,0.91181749016797
HF,EUR_EAS,EUR_EAS_09,0.01,MELD_lambda1_true,0.897902210496906,0.0148990896986657,0.866989994693326,0.923797227102195
HF,EUR_EAS,EUR_EAS_09,0.01,MELD_lambda0_scrambled,0.849808739091719,0.0120817574545368,0.824662408688971,0.872234081271789
HF,EUR_EAS,EUR_EAS_09,0.01,EUR,0.869602076966324,0.017262876315342,0.834800378243612,0.901790456275119
HF,EUR_EAS,EUR_EAS_09,0.01,EAS,0.783021378975936,0.015269867136818,0.754178671881104,0.813449735796809
HF,EUR_EAS,EUR_EAS_09,0.01,AFR,0.624761816247498,0.0287592125206107,0.567363400616664,0.678861508149119
HF,EUR_EAS,EUR_EAS_09,0.01,AMR,0.815098196023422,0.0179021426313408,0.778806556386362,0.848748950363805
HF,EUR_EAS,EUR_EAS_09,0.1,MELD_lambda0_true,0.89643618466411,0.0131025065654546,0.869763578593678,0.920528740279128
HF,EUR_EAS,EUR_EAS_09,0.1,MELD_lambda0_equal,0.88572977597835,0.0107657169646629,0.864307362772256,0.905910610766021
HF,EUR_EAS,EUR_EAS_09,0.1,MELD_lambda1_true,0.894295326781755,0.0130700776268444,0.866468099621148,0.918219486882809
HF,EUR_EAS,EUR_EAS_09,0.1,MELD_lambda0_scrambled,0.853423851800109,0.011250976902036,0.830966007656736,0.876013220853617
HF,EUR_EAS,EUR_EAS_09,0.1,EUR,0.874211135433,0.0141490345970176,0.845026732188173,0.90025435595364
HF,EUR_EAS,EUR_EAS_09,0.1,EAS,0.805060466782206,0.0135690807950209,0.779762245855295,0.831474656608548
HF,EUR_EAS,EUR_EAS_09,0.1,AFR,0.669961164652168,0.0247962169739395,0.620588877176901,0.718208583071302
HF,EUR_EAS,EUR_EAS_09,0.1,AMR,0.822658906776349,0.0151906972237836,0.792134886748055,0.852686164537747
HF,EUR_EAS,EUR_EAS_10,0.001,MELD_lambda0_true,0.875883120746067,0.0175469492374224,0.838125663654203,0.906980286779419
HF,EUR_EAS,EUR_EAS_10,0.001,MELD_lambda0_equal,0.871246816922099,0.0138172954544911,0.843471095215201,0.898188993101391
HF,EUR_EAS,EUR_EAS_10,0.001,MELD_lambda1_true,0.877071012738437,0.0182165519305559,0.839035975420513,0.909039368862229
HF,EUR_EAS,EUR_EAS_10,0.001,MELD_lambda0_scrambled,0.688610385461901,0.0276021458873085,0.632590351068996,0.73917319680133
HF,EUR_EAS,EUR_EAS_10,0.001,EUR,0.836726308206965,0.0203126498074226,0.797393637264838,0.876516873485648
HF,EUR_EAS,EUR_EAS_10,0.001,EAS,0.598859028934098,0.020871813487397,0.559500305073227,0.640766202638349
HF,EUR_EAS,EUR_EAS_10,0.001,AFR,0.515720484270636,0.0297092559093071,0.459719070660295,0.575400676826608
HF,EUR_EAS,EUR_EAS_10,0.001,AMR,0.716917567590103,0.0252298732600184,0.667766246082886,0.768041279050984
HF,EUR_EAS,EUR_EAS_10,0.01,MELD_lambda0_true,0.907631692788024,0.0113145363900978,0.883908752849562,0.928705830773256
HF,EUR_EAS,EUR_EAS_10,0.01,MELD_lambda0_equal,0.885931870998708,0.012454000598125,0.859929582591435,0.90884641285443
HF,EUR_EAS,EUR_EAS_10,0.01,MELD_lambda1_true,0.907729377467537,0.0111774385654345,0.885794165486524,0.928470599748764
HF,EUR_EAS,EUR_EAS_10,0.01,MELD_lambda0_scrambled,0.755942088739279,0.0253397080415372,0.702044645840684,0.801085013314648
HF,EUR_EAS,EUR_EAS_10,0.01,EUR,0.887850474942176,0.013257892412127,0.862022309787284,0.912546705034701
HF,EUR_EAS,EUR_EAS_10,0.01,EAS,0.745749510805455,0.0149881063793702,0.714628450969318,0.772552458374447
HF,EUR_EAS,EUR_EAS_10,0.01,AFR,0.628730148819738,0.0286380208928412,0.571092678141095,0.684168271378261
HF,EUR_EAS,EUR_EAS_10,0.01,AMR,0.799731375349531,0.0191525645307013,0.763058750131763,0.837311125126194
HF,EUR_EAS,EUR_EAS_10,0.1,MELD_lambda0_true,0.902125649524455,0.0108506361277232,0.879008319906783,0.922131531538329
HF,EUR_EAS,EUR_EAS_10,0.1,MELD_lambda0_equal,0.883386912114868,0.0121447729623719,0.858764150937339,0.906100342493584
HF,EUR_EAS,EUR_EAS_10,0.1,MELD_lambda1_true,0.901714219186778,0.0108933277954857,0.879848654118828,0.922798378240488
HF,EUR_EAS,EUR_EAS_10,0.1,MELD_lambda0_scrambled,0.773704650830432,0.0213772399987536,0.727528962577006,0.812119024525566
HF,EUR_EAS,EUR_EAS_10,0.1,EUR,0.888035557190681,0.0126215019209531,0.861511269309727,0.911271952787892
HF,EUR_EAS,EUR_EAS_10,0.1,EAS,0.78568081214978,0.0120388864460727,0.760831832142545,0.807796521036635
HF,EUR_EAS,EUR_EAS_10,0.1,AFR,0.676371689953522,0.0250555682928742,0.626987984242099,0.724540836050927
HF,EUR_EAS,EUR_EAS_10,0.1,AMR,0.81599427185323,0.0178627082484153,0.780328421071209,0.849960138644151
HF,EUR_EAS,EUR_EAS_11,0.001,MELD_lambda0_true,0.858662066387368,0.0186027297760552,0.821679552102516,0.893915975704868
HF,EUR_EAS,EUR_EAS_11,0.001,MELD_lambda0_equal,0.862985560268131,0.0128509833646798,0.837149283030004,0.887481147691547
HF,EUR_EAS,EUR_EAS_11,0.001,MELD_lambda1_true,0.858662066387368,0.0192974538708385,0.818123528496761,0.89361250021424
HF,EUR_EAS,EUR_EAS_11,0.001,MELD_lambda0_scrambled,0.514415983182517,0.0319264573645477,0.459869440009227,0.582822766031815
HF,EUR_EAS,EUR_EAS_11,0.001,EUR,0.858662066387355,0.0194221089792198,0.819107799586038,0.893572241213184
HF,EUR_EAS,EUR_EAS_11,0.001,EAS,0.567512376708948,0.0281244663901076,0.515141065314183,0.626402207531164
HF,EUR_EAS,EUR_EAS_11,0.001,AFR,0.514177259404313,0.0321087045298541,0.454518799652099,0.579489981267797
HF,EUR_EAS,EUR_EAS_11,0.001,AMR,0.729223151337653,0.0219241176741958,0.688814128256198,0.774053225135167
HF,EUR_EAS,EUR_EAS_11,0.01,MELD_lambda0_true,0.896548166618494,0.0142424440633956,0.866967638348432,0.923186147115068
HF,EUR_EAS,EUR_EAS_11,0.01,MELD_lambda0_equal,0.879675046203389,0.0116100360336012,0.856321244444821,0.901982134019954
HF,EUR_EAS,EUR_EAS_11,0.01,MELD_lambda1_true,0.896548166618494,0.0143161407519575,0.868102516223315,0.924144597023247
HF,EUR_EAS,EUR_EAS_11,0.01,MELD_lambda0_scrambled,0.6261537764197,0.031139511299379,0.567462976908657,0.688912059734917
HF,EUR_EAS,EUR_EAS_11,0.01,EUR,0.896548166618494,0.0141062901115845,0.868398075032295,0.924503842271608
HF,EUR_EAS,EUR_EAS_11,0.01,EAS,0.726781534660127,0.0210098971932938,0.68583669060339,0.766977378567752
HF,EUR_EAS,EUR_EAS_11,0.01,AFR,0.625785033411916,0.0312720935246059,0.566345948039603,0.687115522125821
HF,EUR_EAS,EUR_EAS_11,0.01,AMR,0.807098100372972,0.0159460371874423,0.776494676193817,0.84049408309179
HF,EUR_EAS,EUR_EAS_11,0.1,MELD_lambda0_true,0.895747082044503,0.0131545703620668,0.86841848522615,0.920313338095865
HF,EUR_EAS,EUR_EAS_11,0.1,MELD_lambda0_equal,0.876296035280188,0.0113347500482632,0.853422936252315,0.897650843241045
HF,EUR_EAS,EUR_EAS_11,0.1,MELD_lambda1_true,0.895747082044503,0.0133152417324355,0.868283687065392,0.919828291726205
HF,EUR_EAS,EUR_EAS_11,0.1,MELD_lambda0_scrambled,0.673263978349609,0.0291672783443108,0.615788206896368,0.731610003227229
HF,EUR_EAS,EUR_EAS_11,0.1,EUR,0.895747082044503,0.0131974794520303,0.868517815224471,0.920378114368973
HF,EUR_EAS,EUR_EAS_11,0.1,EAS,0.760095547176832,0.0174916750550554,0.725012123069743,0.794487813242485
HF,EUR_EAS,EUR_EAS_11,0.1,AFR,0.672874388847351,0.0281917419072884,0.617434015665928,0.728356668408856
HF,EUR_EAS,EUR_EAS_11,0.1,AMR,0.821148657182223,0.0143476198402297,0.793031895558994,0.849942996944753
HF,multi,equal,0.001,MELD_lambda0_true,0.823897603419644,0.0216963546091237,0.775471885579254,0.861420519543852
HF,multi,equal,0.001,MELD_lambda0_equal,0.823897603419644,0.0213898677018473,0.777036907955353,0.860758340993681
HF,multi,equal,0.001,MELD_lambda1_true,0.826865346235375,0.0187950903566335,0.788115214943637,0.86166792187494
HF,multi,equal,0.001,MELD_lambda0_scrambled,0.823897603419644,0.0220369412281712,0.774639359005486,0.864056713587344
HF,multi,equal,0.001,EUR,0.626625087526534,0.0249722283901163,0.57821012774148,0.675341928077175
HF,multi,equal,0.001,EAS,0.517766738302275,0.0289394092978977,0.460587968713981,0.574358151295742
HF,multi,equal,0.001,AFR,0.501424219235348,0.0320350800870433,0.440364121830806,0.564952167677566
HF,multi,equal,0.001,AMR,0.602019576298514,0.0257967169301451,0.552472971141591,0.652421424500314
HF,multi,equal,0.01,MELD_lambda0_true,0.851819607610179,0.0153805099073089,0.820292986300674,0.880117572256141
HF,multi,equal,0.01,MELD_lambda0_equal,0.851819607610179,0.0154847551282369,0.820507612724388,0.88155601613667
HF,multi,equal,0.01,MELD_lambda1_true,0.851798774370413,0.0146077962951294,0.822451746970415,0.880688325004553
HF,multi,equal,0.01,MELD_lambda0_scrambled,0.851819607610179,0.0154573738870746,0.820687137374341,0.881166449879882
HF,multi,equal,0.01,EUR,0.74489722036719,0.0177441648917632,0.709821492842489,0.778604913807956
HF,multi,equal,0.01,EAS,0.691411216365637,0.0213133580422688,0.650109026410897,0.734424720723587
HF,multi,equal,0.01,AFR,0.626996586889976,0.0268351583530266,0.573286566507537,0.681556918298678
HF,multi,equal,0.01,AMR,0.720184656650671,0.0216502257217295,0.677334969556438,0.763138202560689
HF,multi,equal,0.1,MELD_lambda0_true,0.853819449805585,0.013598954602634,0.826377890136347,0.88042046074471
HF,multi,equal,0.1,MELD_lambda0_equal,0.853819449805585,0.0132722507518106,0.826992631555959,0.879978371753707
HF,multi,equal,0.1,MELD_lambda1_true,0.851494250751432,0.012667259671955,0.825951140104231,0.876081335598297
HF,multi,equal,0.1,MELD_lambda0_scrambled,0.853819449805585,0.0133440109553408,0.826714025023522,0.879016120793294
HF,multi,equal,0.1,EUR,0.770620848146661,0.0154616023541911,0.737945924630135,0.799386090770332
HF,multi,equal,0.1,EAS,0.733046267046234,0.018811388645241,0.695142883236364,0.769938016249646
HF,multi,equal,0.1,AFR,0.678369008704906,0.0212981871675442,0.635386769786084,0.719637319921261
HF,multi,equal,0.1,AMR,0.759622166551394,0.019364128042513,0.72160161370666,0.797216085541255
HF,multi,reported,0.001,MELD_lambda0_true,0.878683560659932,0.013103028528314,0.85308886271738,0.904118400839706
HF,multi,reported,0.001,MELD_lambda0_equal,0.867894965755519,0.0102110972251839,0.848432608407644,0.887963578977298
HF,multi,reported,0.001,MELD_lambda1_true,0.878255291640193,0.0132966961840173,0.851903620515999,0.904959376755155
HF,multi,reported,0.001,MELD_lambda0_scrambled,0.79368248968039,0.0157585618891827,0.763239511684941,0.826672013744348
HF,multi,reported,0.001,EUR,0.796651378277819,0.0203709467829259,0.759339826410622,0.838729522584206
HF,multi,reported,0.001,EAS,0.625560007682688,0.0215293989085245,0.585481771001506,0.668813318582112
HF,multi,reported,0.001,AFR,0.534065596999996,0.027717292640271,0.484503973537936,0.592371923369388
HF,multi,reported,0.001,AMR,0.69824153569452,0.0231173959555203,0.652843733799672,0.744640354765528
HF,multi,reported,0.01,MELD_lambda0_true,0.898163868795694,0.0102577619869444,0.878359803040944,0.91820085757023
HF,multi,reported,0.01,MELD_lambda0_equal,0.883570170378249,0.00962752401829881,0.86416570090116,0.901713575372256
HF,multi,reported,0.01,MELD_lambda1_true,0.896375066734719,0.0105627839617691,0.875398165560549,0.917748195036739
HF,multi,reported,0.01,MELD_lambda0_scrambled,0.833634545128955,0.0134378031996947,0.808633825126788,0.860867546237352
HF,multi,reported,0.01,EUR,0.860757524879092,0.0143209105965343,0.832732092634872,0.889090040954589
HF,multi,reported,0.01,EAS,0.769532014041426,0.014453867909088,0.743669655185347,0.798572700218058
HF,multi,reported,0.01,AFR,0.642905049117365,0.025878919559166,0.597308417605088,0.696017981910976
HF,multi,reported,0.01,AMR,0.782569564387005,0.0179917610210068,0.748100286481611,0.818999418140876
HF,multi,reported,0.1,MELD_lambda0_true,0.895426963411267,0.00895325674302234,0.87963217046815,0.914535168391617
HF,multi,reported,0.1,MELD_lambda0_equal,0.8816734068308,0.00894841445143291,0.863800470328818,0.89932304469599
HF,multi,reported,0.1,MELD_lambda1_true,0.893199014903344,0.00906896992813118,0.876310863110655,0.910676610800127
HF,multi,reported,0.1,MELD_lambda0_scrambled,0.840536264445982,0.0126202647394676,0.817092271690899,0.865469341971262
HF,multi,reported,0.1,EUR,0.870581292477564,0.0113015953519178,0.848575746849169,0.892064868057142
HF,multi,reported,0.1,EAS,0.7953354081531,0.0117684414135223,0.772888394605055,0.818102076936109
HF,multi,reported,0.1,AFR,0.690890364050447,0.0220375851074093,0.649298147258743,0.735521024373033
HF,multi,reported,0.1,AMR,0.810800186104322,0.0154409992629463,0.781441756605126,0.841402698360328
HF,multi,w25rest,0.001,MELD_lambda0_true,0.830250177514165,0.0181027835719089,0.793617613471511,0.864297733118657
HF,multi,w25rest,0.001,MELD_lambda0_equal,0.830250177514165,0.0183716503716111,0.792825746050819,0.865826712839249
HF,multi,w25rest,0.001,MELD_lambda1_true,0.831849893440032,0.0165920923255951,0.79867972316337,0.863457751687236
HF,multi,w25rest,0.001,MELD_lambda0_scrambled,0.830250177514165,0.0179120526508077,0.79449374551309,0.86392157813848
HF,multi,w25rest,0.001,EUR,0.61578234317126,0.0280909015127082,0.560874734618553,0.670398392248986
HF,multi,w25rest,0.001,EAS,0.515907479114459,0.0293343388078258,0.458682380752577,0.573554829360564
HF,multi,w25rest,0.001,AFR,0.493884009483382,0.0362960233850622,0.426220637404231,0.571760977596741
HF,multi,w25rest,0.001,AMR,0.609694323773171,0.0312619813810481,0.546303343097544,0.667412606341326
HF,multi,w25rest,0.01,MELD_lambda0_true,0.851445116877028,0.0153836542422626,0.820177635166276,0.880724354410047
HF,multi,w25rest,0.01,MELD_lambda0_equal,0.851445116877028,0.0151138682647415,0.82151190800982,0.8814472430002
HF,multi,w25rest,0.01,MELD_lambda1_true,0.851185059261952,0.0152199874445657,0.820043797715594,0.879693802896497
HF,multi,w25rest,0.01,MELD_lambda0_scrambled,0.851445116877028,0.0150399345107519,0.822309528016648,0.878858752401052
HF,multi,w25rest,0.01,EUR,0.731271906369105,0.0191623909314178,0.692820751067057,0.766374005505832
HF,multi,w25rest,0.01,EAS,0.678589606233899,0.020014773817238,0.639493833575466,0.717401010000721
HF,multi,w25rest,0.01,AFR,0.611291933048376,0.0341858984592819,0.547769972460443,0.679004627299373
HF,multi,w25rest,0.01,AMR,0.721283699969686,0.0231530363947132,0.672311660931677,0.765678946280761
HF,multi,w25rest,0.1,MELD_lambda0_true,0.85184461287793,0.0138504945287141,0.825758245900119,0.87868444053579
HF,multi,w25rest,0.1,MELD_lambda0_equal,0.85184461287793,0.0136611873382232,0.824750766511554,0.877705550002694
HF,multi,w25rest,0.1,MELD_lambda1_true,0.847676215647989,0.0139948019388758,0.819660162208857,0.873178398780661
HF,multi,w25rest,0.1,MELD_lambda0_scrambled,0.85184461287793,0.014046741818789,0.822834810803375,0.877046965237706
HF,multi,w25rest,0.1,EUR,0.765240719942119,0.0176259950047346,0.728688475347947,0.797106467694594
HF,multi,w25rest,0.1,EAS,0.724253580100163,0.0156273391623027,0.693811843588198,0.755885262555322
HF,multi,w25rest,0.1,AFR,0.673144297089194,0.0276604767557887,0.62143705928089,0.72737858906993
HF,multi,w25rest,0.1,AMR,0.763551969687628,0.0203902925489154,0.72338759812894,0.80272077285778
HF,multi,w50rest,0.001,MELD_lambda0_true,0.844736215726801,0.0177986248047678,0.807658325866239,0.877154055229756
HF,multi,w50rest,0.001,MELD_lambda0_equal,0.835142751808814,0.0224610401322484,0.783541501306557,0.872379682568901
HF,multi,w50rest,0.001,MELD_lambda1_true,0.847958291304339,0.0160998177396698,0.813879372274021,0.876223070454257
HF,multi,w50rest,0.001,MELD_lambda0_scrambled,0.809750373396397,0.0225726828224863,0.76040071700317,0.849263560260506
HF,multi,w50rest,0.001,EUR,0.697275188161301,0.0226337790021176,0.653563893085003,0.743583693794279
HF,multi,w50rest,0.001,EAS,0.533580014391093,0.02651512048046,0.484720915614249,0.586445857750233
HF,multi,w50rest,0.001,AFR,0.516767872228791,0.0285078462053501,0.466410070869545,0.575436070636528
HF,multi,w50rest,0.001,AMR,0.641557350272123,0.0271515013756961,0.588816888553097,0.696230944125592
HF,multi,w50rest,0.01,MELD_lambda0_true,0.87007716687158,0.0116983382203731,0.846309879738588,0.892670190527491
HF,multi,w50rest,0.01,MELD_lambda0_equal,0.862312129567824,0.0130384571678234,0.836521359034251,0.886934837560477
HF,multi,w50rest,0.01,MELD_lambda1_true,0.869671966252193,0.0113207888541709,0.847132611333407,0.891974677936356
HF,multi,w50rest,0.01,MELD_lambda0_scrambled,0.842832905893204,0.0146416866172482,0.813067625023393,0.87098970655175
HF,multi,w50rest,0.01,EUR,0.798368690589651,0.0130894725746029,0.772219487946507,0.822897549388435
HF,multi,w50rest,0.01,EAS,0.710804945942791,0.017528494234404,0.678546694137692,0.745015063037305
HF,multi,w50rest,0.01,AFR,0.621386525265479,0.0274840545405617,0.568611447798474,0.676004641889643
HF,multi,w50rest,0.01,AMR,0.744430395278945,0.0209418833314032,0.70321986257739,0.784803878269542
HF,multi,w50rest,0.1,MELD_lambda0_true,0.866326949904736,0.0112481143720297,0.844259247393808,0.888148906941161
HF,multi,w50rest,0.1,MELD_lambda0_equal,0.862325641128107,0.0114994694364233,0.839667658155231,0.883770978467314
HF,multi,w50rest,0.1,MELD_lambda1_true,0.862736942938828,0.0113842362752602,0.839711500213183,0.885273289471233
HF,multi,w50rest,0.1,MELD_lambda0_scrambled,0.848125228861999,0.0131533256561767,0.821976612718197,0.872777134374865
HF,multi,w50rest,0.1,EUR,0.813680647283015,0.0119448931687494,0.79003994545997,0.837052451149338
HF,multi,w50rest,0.1,EAS,0.75446213551688,0.0152653374895897,0.724669403018702,0.785805970109312
HF,multi,w50rest,0.1,AFR,0.671125717534754,0.0243346558715933,0.625698593605725,0.720891912957037
HF,multi,w50rest,0.1,AMR,0.769870066443872,0.0183068304054533,0.733442834675497,0.806793885452815
Gout,EUR_AFR,EUR_AFR_01,0.001,MELD_lambda0_true,0.455912923785347,0.031604672674242,0.394286473055295,0.520325082840648
Gout,EUR_AFR,EUR_AFR_01,0.001,MELD_lambda0_equal,0.582027642459812,0.0231417591158066,0.538125758054792,0.629888145347848
Gout,EUR_AFR,EUR_AFR_01,0.001,MELD_lambda1_true,0.455912923785347,0.0321106831815492,0.39832548981249,0.523214287259041
Gout,EUR_AFR,EUR_AFR_01,0.001,MELD_lambda0_scrambled,0.180914155576043,0.0184412059156101,0.149010250464578,0.218563451533999
Gout,EUR_AFR,EUR_AFR_01,0.001,EUR,0.223795380744963,0.0274458403318986,0.174099796857745,0.282279322519166
Gout,EUR_AFR,EUR_AFR_01,0.001,EAS,0.180914155576056,0.0190095577611688,0.14712769397807,0.222351245623795
Gout,EUR_AFR,EUR_AFR_01,0.001,AFR,0.455929061912626,0.0328610903700963,0.395969212632852,0.52793559474643
Gout,EUR_AFR,EUR_AFR_01,0.001,AMR,0.298107323213047,0.0255951963785959,0.252629073055028,0.351325251330357
Gout,EUR_AFR,EUR_AFR_01,0.01,MELD_lambda0_true,0.578919731071523,0.0302667215559612,0.520629113799698,0.636613344766476
Gout,EUR_AFR,EUR_AFR_01,0.01,MELD_lambda0_equal,0.633219455443495,0.0225122543465035,0.591779405417131,0.680649747480009
Gout,EUR_AFR,EUR_AFR_01,0.01,MELD_lambda1_true,0.578919731071523,0.0298642838819201,0.523117015884604,0.639532534515058
Gout,EUR_AFR,EUR_AFR_01,0.01,MELD_lambda0_scrambled,0.34321621701493,0.0197361814639666,0.307439409659255,0.384313995461388
Gout,EUR_AFR,EUR_AFR_01,0.01,EUR,0.383142656094486,0.0262252659608401,0.332807116276935,0.437362792475988
Gout,EUR_AFR,EUR_AFR_01,0.01,EAS,0.343216217014926,0.0205374235098804,0.306663446239239,0.385800584909016
Gout,EUR_AFR,EUR_AFR_01,0.01,AFR,0.578942748503326,0.0302065660249275,0.522926977548122,0.640182354481995
Gout,EUR_AFR,EUR_AFR_01,0.01,AMR,0.416263571814257,0.0251543884690842,0.367751704592232,0.468609394456917
Gout,EUR_AFR,EUR_AFR_01,0.1,MELD_lambda0_true,0.642678199017263,0.0240905394808987,0.596151618293632,0.691368121611897
Gout,EUR_AFR,EUR_AFR_01,0.1,MELD_lambda0_equal,0.654048699836985,0.0197999663766293,0.617123225028246,0.694457696564805
Gout,EUR_AFR,EUR_AFR_01,0.1,MELD_lambda1_true,0.642678199017263,0.0249120776879531,0.594550116077447,0.692920839895297
Gout,EUR_AFR,EUR_AFR_01,0.1,MELD_lambda0_scrambled,0.427168175254055,0.0197505067433438,0.390866796502224,0.46706890930794
Gout,EUR_AFR,EUR_AFR_01,0.1,EUR,0.466341711821422,0.0220709707364147,0.423423478602365,0.509880081399072
Gout,EUR_AFR,EUR_AFR_01,0.1,EAS,0.427168175254055,0.0198661254882878,0.390683621863286,0.468012419616292
Gout,EUR_AFR,EUR_AFR_01,0.1,AFR,0.642704059906775,0.0246286807647182,0.595645243907825,0.694939063506408
Gout,EUR_AFR,EUR_AFR_01,0.1,AMR,0.483958688701845,0.0212373733215311,0.44285936784756,0.526268941255069
Gout,EUR_AFR,EUR_AFR_02,0.001,MELD_lambda0_true,0.569075275259198,0.0294024535714933,0.513627917954981,0.62650999824148
Gout,EUR_AFR,EUR_AFR_02,0.001,MELD_lambda0_equal,0.607413634070611,0.0229817644196203,0.563554717242804,0.652768746331421
Gout,EUR_AFR,EUR_AFR_02,0.001,MELD_lambda1_true,0.571302462160772,0.0274945694439201,0.517089474233162,0.622443461779432
Gout,EUR_AFR,EUR_AFR_02,0.001,MELD_lambda0_scrambled,0.474825594035149,0.0233421996288439,0.432959310733071,0.522658308983638
Gout,EUR_AFR,EUR_AFR_02,0.001,EUR,0.288632477948431,0.0263193961011129,0.237622972327865,0.341897707440298
Gout,EUR_AFR,EUR_AFR_02,0.001,EAS,0.229465421855897,0.0233577359233108,0.186223221849214,0.278311561744714
Gout,EUR_AFR,EUR_AFR_02,0.001,AFR,0.440724550699226,0.0341396409497131,0.373966140114926,0.505524888010517
Gout,EUR_AFR,EUR_AFR_02,0.001,AMR,0.331482121140398,0.0220528103870069,0.292851150165962,0.378462911566808
Gout,EUR_AFR,EUR_AFR_02,0.01,MELD_lambda0_true,0.642616152942097,0.0282832331723799,0.588776281317243,0.698607193187146
Gout,EUR_AFR,EUR_AFR_02,0.01,MELD_lambda0_equal,0.656121934308066,0.0213934298793631,0.615743605012282,0.699335131961632
Gout,EUR_AFR,EUR_AFR_02,0.01,MELD_lambda1_true,0.645566905228834,0.0289373146988627,0.589738563871173,0.70090030037165
Gout,EUR_AFR,EUR_AFR_02,0.01,MELD_lambda0_scrambled,0.580052144914977,0.0208050373409473,0.540425103766617,0.621772591556096
Gout,EUR_AFR,EUR_AFR_02,0.01,EUR,0.46114392751738,0.0269166678790467,0.409759456975748,0.514585511796271
Gout,EUR_AFR,EUR_AFR_02,0.01,EAS,0.39594710923166,0.0231063633835852,0.351204090760943,0.442439103118312
Gout,EUR_AFR,EUR_AFR_02,0.01,AFR,0.561841371480097,0.0337837992034542,0.494512186390748,0.626362592512819
Gout,EUR_AFR,EUR_AFR_02,0.01,AMR,0.468667941554123,0.0221023636781007,0.426817792380392,0.510949246149152
Gout,EUR_AFR,EUR_AFR_02,0.1,MELD_lambda0_true,0.677451187514215,0.0255274029840742,0.626812291576484,0.726710892306723
Gout,EUR_AFR,EUR_AFR_02,0.1,MELD_lambda0_equal,0.677752227505845,0.019983471348692,0.639321053184028,0.717190120090863
Gout,EUR_AFR,EUR_AFR_02,0.1,MELD_lambda1_true,0.680111244631385,0.0256175975557001,0.629407257580169,0.730984767033516
Gout,EUR_AFR,EUR_AFR_02,0.1,MELD_lambda0_scrambled,0.605357500660662,0.0189359289593318,0.56726097545138,0.641515928928006
Gout,EUR_AFR,EUR_AFR_02,0.1,EUR,0.531934642826189,0.0234892533574533,0.485869245864476,0.577049497429883
Gout,EUR_AFR,EUR_AFR_02,0.1,EAS,0.474915099583629,0.0200178527383185,0.43590851481067,0.513609819415381
Gout,EUR_AFR,EUR_AFR_02,0.1,AFR,0.627595076500314,0.0287062026878209,0.57168162199993,0.684595794934865
Gout,EUR_AFR,EUR_AFR_02,0.1,AMR,0.537320573472278,0.0234017217077107,0.490344112881605,0.584400641560209
Gout,EUR_AFR,EUR_AFR_03,0.001,MELD_lambda0_true,0.637707470286904,0.0233540786808377,0.593095249520991,0.685368264048958
Gout,EUR_AFR,EUR_AFR_03,0.001,MELD_lambda0_equal,0.665621100802212,0.0201383138451246,0.626567637474495,0.704222692434135
Gout,EUR_AFR,EUR_AFR_03,0.001,MELD_lambda1_true,0.64098699076646,0.0229229891353442,0.597677946181154,0.68708192947349
Gout,EUR_AFR,EUR_AFR_03,0.001,MELD_lambda0_scrambled,0.637707470286904,0.023145879889288,0.590229460297721,0.681720069449687
Gout,EUR_AFR,EUR_AFR_03,0.001,EUR,0.339725542668328,0.0281428335468544,0.287371494934831,0.396239454610013
Gout,EUR_AFR,EUR_AFR_03,0.001,EAS,0.253977532515608,0.0239270159584878,0.209546367434254,0.303522606575119
Gout,EUR_AFR,EUR_AFR_03,0.001,AFR,0.47803035194427,0.0327910831652987,0.418845013088428,0.545562204640118
Gout,EUR_AFR,EUR_AFR_03,0.001,AMR,0.378756034573766,0.0301456736691571,0.320433421259941,0.435936206097148
Gout,EUR_AFR,EUR_AFR_03,0.01,MELD_lambda0_true,0.704147311645303,0.0238004947558179,0.658052667971319,0.752264374421229
Gout,EUR_AFR,EUR_AFR_03,0.01,MELD_lambda0_equal,0.715209134194113,0.0199580443274821,0.67792840747428,0.755846841521898
Gout,EUR_AFR,EUR_AFR_03,0.01,MELD_lambda1_true,0.709191169170553,0.0225716032048148,0.665687583876017,0.754245516344811
Gout,EUR_AFR,EUR_AFR_03,0.01,MELD_lambda0_scrambled,0.704147311645303,0.0236738797348701,0.657788171991797,0.751626314026635
Gout,EUR_AFR,EUR_AFR_03,0.01,EUR,0.5220227441389,0.0291605228211162,0.466082782042403,0.580677132444501
Gout,EUR_AFR,EUR_AFR_03,0.01,EAS,0.440942777000699,0.0255822150113077,0.394365264276122,0.493934052238236
Gout,EUR_AFR,EUR_AFR_03,0.01,AFR,0.601761108534128,0.0282993790104131,0.548507064520001,0.657237184073845
Gout,EUR_AFR,EUR_AFR_03,0.01,AMR,0.522335973483284,0.0282953856321606,0.466825437248749,0.578483574487083
Gout,EUR_AFR,EUR_AFR_03,0.1,MELD_lambda0_true,0.73242644659121,0.0206307064069742,0.690349007349267,0.77277513489762
Gout,EUR_AFR,EUR_AFR_03,0.1,MELD_lambda0_equal,0.735106157858251,0.0181913174331096,0.700072707974669,0.77041089246602
Gout,EUR_AFR,EUR_AFR_03,0.1,MELD_lambda1_true,0.735817822361699,0.0209924122418185,0.695469416529803,0.776970357690254
Gout,EUR_AFR,EUR_AFR_03,0.1,MELD_lambda0_scrambled,0.73242644659121,0.0206724418976723,0.693648064689713,0.77468902863375
Gout,EUR_AFR,EUR_AFR_03,0.1,EUR,0.595889596059173,0.0240968305267004,0.547420504039539,0.640081136811833
Gout,EUR_AFR,EUR_AFR_03,0.1,EAS,0.537354364014418,0.0216037660141325,0.495569510824673,0.578600998664515
Gout,EUR_AFR,EUR_AFR_03,0.1,AFR,0.658139815196094,0.0242092847685199,0.612745968476166,0.707559723134897
Gout,EUR_AFR,EUR_AFR_03,0.1,AMR,0.596060536409451,0.0240140712128133,0.547689838384336,0.643208380499269
Gout,EUR_AFR,EUR_AFR_04,0.001,MELD_lambda0_true,0.63401827703611,0.0236538558628662,0.591238206828091,0.683076544880636
Gout,EUR_AFR,EUR_AFR_04,0.001,MELD_lambda0_equal,0.68143633934507,0.0189690958159218,0.64480851507149,0.719625279975391
Gout,EUR_AFR,EUR_AFR_04,0.001,MELD_lambda1_true,0.633355571106533,0.0229889555046729,0.59196598221792,0.679380211757073
Gout,EUR_AFR,EUR_AFR_04,0.001,MELD_lambda0_scrambled,0.588634766743728,0.0259464473382311,0.536077528185874,0.640076588250729
Gout,EUR_AFR,EUR_AFR_04,0.001,EUR,0.34442037955565,0.0252945319886776,0.295479686257752,0.396516248409371
Gout,EUR_AFR,EUR_AFR_04,0.001,EAS,0.272132153913594,0.0327433032270648,0.211882991573398,0.34474609060288
Gout,EUR_AFR,EUR_AFR_04,0.001,AFR,0.449169156632939,0.0358771371132178,0.384053583287699,0.521075330618491
Gout,EUR_AFR,EUR_AFR_04,0.001,AMR,0.388961467149832,0.0273343461893991,0.33853072321243,0.445575214813189
Gout,EUR_AFR,EUR_AFR_04,0.01,MELD_lambda0_true,0.697858345522386,0.0232954527466708,0.654548244104984,0.745166103125921
Gout,EUR_AFR,EUR_AFR_04,0.01,MELD_lambda0_equal,0.724323066865863,0.0164504596686294,0.691604140577901,0.758056099827698
Gout,EUR_AFR,EUR_AFR_04,0.01,MELD_lambda1_true,0.700516070542468,0.0221034857762047,0.657252700759683,0.744773272919073
Gout,EUR_AFR,EUR_AFR_04,0.01,MELD_lambda0_scrambled,0.677811875199972,0.0247264247698689,0.632186828352083,0.729458524607004
Gout,EUR_AFR,EUR_AFR_04,0.01,EUR,0.531462750834354,0.0254336978351946,0.482357636272175,0.58160458394052
Gout,EUR_AFR,EUR_AFR_04,0.01,EAS,0.451120200529044,0.0301020964750074,0.396726221043024,0.514215546195528
Gout,EUR_AFR,EUR_AFR_04,0.01,AFR,0.579503826514399,0.0301803399015486,0.521619672792721,0.63988561734057
Gout,EUR_AFR,EUR_AFR_04,0.01,AMR,0.531600488801968,0.0272936669759434,0.482678490818406,0.587344948349175
Gout,EUR_AFR,EUR_AFR_04,0.1,MELD_lambda0_true,0.72785921541686,0.0211183324326596,0.68990847153753,0.770275109586144
Gout,EUR_AFR,EUR_AFR_04,0.1,MELD_lambda0_equal,0.738102624341437,0.015746177816421,0.708504760260088,0.769378128144082
Gout,EUR_AFR,EUR_AFR_04,0.1,MELD_lambda1_true,0.729698676822188,0.0203905056501682,0.689776654775223,0.769974807913798
Gout,EUR_AFR,EUR_AFR_04,0.1,MELD_lambda0_scrambled,0.715646875656718,0.0212479162403769,0.673838634346565,0.756504651467177
Gout,EUR_AFR,EUR_AFR_04,0.1,EUR,0.601402704915981,0.0223687842116172,0.559034674645009,0.645861741530611
Gout,EUR_AFR,EUR_AFR_04,0.1,EAS,0.539439542768726,0.0231623125000311,0.496442700175964,0.589673285976171
Gout,EUR_AFR,EUR_AFR_04,0.1,AFR,0.643752381520754,0.0263746779536124,0.594458183247051,0.698440165077963
Gout,EUR_AFR,EUR_AFR_04,0.1,AMR,0.600322080942236,0.0237936443202662,0.555770853453255,0.648318889017339
Gout,EUR_AFR,EUR_AFR_05,0.001,MELD_lambda0_true,0.68666116141372,0.0217203329553738,0.644813838822572,0.729397077123891
Gout,EUR_AFR,EUR_AFR_05,0.001,MELD_lambda0_equal,0.698865730694234,0.0221937659741421,0.6561027264387,0.742645337405747
Gout,EUR_AFR,EUR_AFR_05,0.001,MELD_lambda1_true,0.684430409699524,0.0214470084609071,0.642617282176266,0.724984218244405
Gout,EUR_AFR,EUR_AFR_05,0.001,MELD_lambda0_scrambled,0.629896335076803,0.0234102569034428,0.583289948039196,0.676960503173622
Gout,EUR_AFR,EUR_AFR_05,0.001,EUR,0.412169177862546,0.0251119922335941,0.366434264476763,0.462612820451638
Gout,EUR_AFR,EUR_AFR_05,0.001,EAS,0.31033232554051,0.0198615196263048,0.27337310623956,0.350747447351232
Gout,EUR_AFR,EUR_AFR_05,0.001,AFR,0.460775846601529,0.0322694522486899,0.396470351583129,0.525654698853351
Gout,EUR_AFR,EUR_AFR_05,0.001,AMR,0.440817903073981,0.0300939802345844,0.383513533510287,0.502042314222157
Gout,EUR_AFR,EUR_AFR_05,0.01,MELD_lambda0_true,0.738972776391075,0.0204725206122003,0.700663386950682,0.779617253801913
Gout,EUR_AFR,EUR_AFR_05,0.01,MELD_lambda0_equal,0.746688952888849,0.0197424910697969,0.70642167173844,0.785282217383046
Gout,EUR_AFR,EUR_AFR_05,0.01,MELD_lambda1_true,0.738729313030347,0.0205438250242182,0.699338485686089,0.778760961590418
Gout,EUR_AFR,EUR_AFR_05,0.01,MELD_lambda0_scrambled,0.702869450630862,0.0245632999876821,0.656020352721164,0.751271811900275
Gout,EUR_AFR,EUR_AFR_05,0.01,EUR,0.585283599767685,0.0217916553837886,0.543815302888081,0.627750247339501
Gout,EUR_AFR,EUR_AFR_05,0.01,EAS,0.491466314216769,0.0196930255503594,0.453379917047737,0.531521950728866
Gout,EUR_AFR,EUR_AFR_05,0.01,AFR,0.587258865732364,0.0320470124537809,0.525888974837503,0.650553724364768
Gout,EUR_AFR,EUR_AFR_05,0.01,AMR,0.577485761884425,0.0259993363621372,0.526567678925978,0.629060132352416
Gout,EUR_AFR,EUR_AFR_05,0.1,MELD_lambda0_true,0.759581944903422,0.0195119309501134,0.721878330323959,0.797851127547402
Gout,EUR_AFR,EUR_AFR_05,0.1,MELD_lambda0_equal,0.763509788427583,0.0180726380369524,0.726711981534623,0.799403775676515
Gout,EUR_AFR,EUR_AFR_05,0.1,MELD_lambda1_true,0.758191829688177,0.0190521757529406,0.719003362302006,0.793155167777638
Gout,EUR_AFR,EUR_AFR_05,0.1,MELD_lambda0_scrambled,0.735907204850923,0.0212839777721085,0.694848615242527,0.780500623405534
Gout,EUR_AFR,EUR_AFR_05,0.1,EUR,0.652352996065525,0.0197563215555593,0.613803315104895,0.691357565751844
Gout,EUR_AFR,EUR_AFR_05,0.1,EAS,0.564973525720871,0.0212881841246305,0.524655852946296,0.607335408260065
Gout,EUR_AFR,EUR_AFR_05,0.1,AFR,0.650826678063236,0.0268897139137607,0.598341889656352,0.70312587832975
Gout,EUR_AFR,EUR_AFR_05,0.1,AMR,0.646207434505891,0.0238655894403014,0.600033531500164,0.693187747570937
Gout,EUR_AFR,EUR_AFR_06,0.001,MELD_lambda0_true,0.723981794871827,0.0222226903320466,0.683177238762897,0.768636904300144
Gout,EUR_AFR,EUR_AFR_06,0.001,MELD_lambda0_equal,0.736828267961207,0.0190395051263351,0.700792019519102,0.775729567606755
Gout,EUR_AFR,EUR_AFR_06,0.001,MELD_lambda1_true,0.725775915147509,0.0225249537924049,0.683662125361639,0.768966724232869
Gout,EUR_AFR,EUR_AFR_06,0.001,MELD_lambda0_scrambled,0.663805893142844,0.0256900163055031,0.614902853490708,0.715095712766822
Gout,EUR_AFR,EUR_AFR_06,0.001,EUR,0.436457366644765,0.0299074080266511,0.378536733500071,0.495859526871995
Gout,EUR_AFR,EUR_AFR_06,0.001,EAS,0.316969469857881,0.0260760427555133,0.268760840775472,0.37192586903408
Gout,EUR_AFR,EUR_AFR_06,0.001,AFR,0.471417454816841,0.0368910546984573,0.406041675266767,0.548889916580154
Gout,EUR_AFR,EUR_AFR_06,0.001,AMR,0.451380046921396,0.0308902280326087,0.393285585044159,0.515196449784753
Gout,EUR_AFR,EUR_AFR_06,0.01,MELD_lambda0_true,0.770354269521194,0.0194184607777532,0.734570219138569,0.812085608178783
Gout,EUR_AFR,EUR_AFR_06,0.01,MELD_lambda0_equal,0.773742032985777,0.0164385323751518,0.74250833283786,0.806791725623987
Gout,EUR_AFR,EUR_AFR_06,0.01,MELD_lambda1_true,0.77153854890335,0.0194737028814413,0.733788039517859,0.809700173097683
Gout,EUR_AFR,EUR_AFR_06,0.01,MELD_lambda0_scrambled,0.730830990966042,0.0221446104023892,0.688811474788751,0.774608509884665
Gout,EUR_AFR,EUR_AFR_06,0.01,EUR,0.620725267114357,0.0263261366629865,0.566247869128709,0.672570536930605
Gout,EUR_AFR,EUR_AFR_06,0.01,EAS,0.516440472223237,0.0250862979144934,0.467932222824137,0.565473983965152
Gout,EUR_AFR,EUR_AFR_06,0.01,AFR,0.590657277552932,0.0312357794706347,0.534718589534505,0.656349157049143
Gout,EUR_AFR,EUR_AFR_06,0.01,AMR,0.59571557639636,0.0259075178064598,0.54635633487458,0.647511930695078
Gout,EUR_AFR,EUR_AFR_06,0.1,MELD_lambda0_true,0.787561118799835,0.017134233137057,0.755502702520242,0.821620831391792
Gout,EUR_AFR,EUR_AFR_06,0.1,MELD_lambda0_equal,0.787798210123446,0.0146891952231597,0.760423931502351,0.817990961657032
Gout,EUR_AFR,EUR_AFR_06,0.1,MELD_lambda1_true,0.786786162531555,0.0176089261949099,0.753199852917532,0.822398694773481
Gout,EUR_AFR,EUR_AFR_06,0.1,MELD_lambda0_scrambled,0.759988137524926,0.0185456021580612,0.723031097827529,0.797124642993566
Gout,EUR_AFR,EUR_AFR_06,0.1,EUR,0.682109414811878,0.0192314081961272,0.642638806414864,0.71926272136973
Gout,EUR_AFR,EUR_AFR_06,0.1,EAS,0.600580973369257,0.0213982342569368,0.559515385139582,0.643447057547291
Gout,EUR_AFR,EUR_AFR_06,0.1,AFR,0.655551171751231,0.0261975764698344,0.606115027027055,0.708761703480147
Gout,EUR_AFR,EUR_AFR_06,0.1,AMR,0.665196375429868,0.0207594007590938,0.627000010735524,0.709381590087925
Gout,EUR_AFR,EUR_AFR_07,0.001,MELD_lambda0_true,0.746399150018449,0.0176339728864464,0.711691445553882,0.781432717418111
Gout,EUR_AFR,EUR_AFR_07,0.001,MELD_lambda0_equal,0.761313539708602,0.0173755774556904,0.727408829513688,0.795511136795532
Gout,EUR_AFR,EUR_AFR_07,0.001,MELD_lambda1_true,0.744348792461704,0.0174842632343259,0.709943197848951,0.778718135630693
Gout,EUR_AFR,EUR_AFR_07,0.001,MELD_lambda0_scrambled,0.676356453138864,0.0237461456499484,0.632682846781678,0.725952973919889
Gout,EUR_AFR,EUR_AFR_07,0.001,EUR,0.502536349083253,0.0307244650846842,0.447804131455339,0.565040695436552
Gout,EUR_AFR,EUR_AFR_07,0.001,EAS,0.386783546107163,0.0351176442227502,0.320397353003394,0.456885338455495
Gout,EUR_AFR,EUR_AFR_07,0.001,AFR,0.482548831500763,0.0348358106680468,0.416401850204908,0.549672958710872
Gout,EUR_AFR,EUR_AFR_07,0.001,AMR,0.508680145498621,0.0291184007855074,0.45374716333001,0.567836659037968
Gout,EUR_AFR,EUR_AFR_07,0.01,MELD_lambda0_true,0.795065139197964,0.0163770839022232,0.760854894081798,0.826278432089784
Gout,EUR_AFR,EUR_AFR_07,0.01,MELD_lambda0_equal,0.797166811258402,0.0157595075846801,0.767307855190417,0.827693472163517
Gout,EUR_AFR,EUR_AFR_07,0.01,MELD_lambda1_true,0.794338843267651,0.0162639219768856,0.761528639020783,0.825685916992852
Gout,EUR_AFR,EUR_AFR_07,0.01,MELD_lambda0_scrambled,0.739859764413761,0.0225335312481014,0.695307969624169,0.785205051061178
Gout,EUR_AFR,EUR_AFR_07,0.01,EUR,0.686872871657878,0.0236358786160442,0.640430696439322,0.732259790863882
Gout,EUR_AFR,EUR_AFR_07,0.01,EAS,0.579346970929232,0.029341710298357,0.522127501468827,0.63788455649669
Gout,EUR_AFR,EUR_AFR_07,0.01,AFR,0.605863563501957,0.0321758786822192,0.540862171510564,0.669495577898513
Gout,EUR_AFR,EUR_AFR_07,0.01,AMR,0.644236261296203,0.0269462811629497,0.593861604251474,0.697551853878605
Gout,EUR_AFR,EUR_AFR_07,0.1,MELD_lambda0_true,0.810009759241039,0.0156790046732574,0.779033276160178,0.839870591237814
Gout,EUR_AFR,EUR_AFR_07,0.1,MELD_lambda0_equal,0.805493468307309,0.0158472108142327,0.774845863161117,0.835853214947058
Gout,EUR_AFR,EUR_AFR_07,0.1,MELD_lambda1_true,0.808783601496361,0.0158041851347589,0.777074203367597,0.838244834706072
Gout,EUR_AFR,EUR_AFR_07,0.1,MELD_lambda0_scrambled,0.76869601910797,0.0203247536171896,0.728144022020768,0.807216304238588
Gout,EUR_AFR,EUR_AFR_07,0.1,EUR,0.740253723085483,0.0185154770698396,0.704397441863096,0.77670216249631
Gout,EUR_AFR,EUR_AFR_07,0.1,EAS,0.639921846053555,0.022700858621562,0.596660215938844,0.685000022312582
Gout,EUR_AFR,EUR_AFR_07,0.1,AFR,0.669124804499376,0.0279006034383342,0.611980426644842,0.722227421346808
Gout,EUR_AFR,EUR_AFR_07,0.1,AMR,0.701411583781708,0.0238901346196513,0.653025686246883,0.747126281046555
Gout,EUR_AFR,EUR_AFR_08,0.001,MELD_lambda0_true,0.752533849211942,0.0211767889636135,0.709610048259433,0.793314291817811
Gout,EUR_AFR,EUR_AFR_08,0.001,MELD_lambda0_equal,0.772495596689891,0.0178172406840867,0.73821427135983,0.808368274539978
Gout,EUR_AFR,EUR_AFR_08,0.001,MELD_lambda1_true,0.748886771887877,0.0213997914225676,0.705970717977535,0.789758744045225
Gout,EUR_AFR,EUR_AFR_08,0.001,MELD_lambda0_scrambled,0.644628612409426,0.026116933676944,0.596228612181379,0.697726787131329
Gout,EUR_AFR,EUR_AFR_08,0.001,EUR,0.557521277508078,0.0296349671883642,0.498880564049279,0.615671360585524
Gout,EUR_AFR,EUR_AFR_08,0.001,EAS,0.403255811419929,0.0347841516709319,0.336105919767081,0.472397754757231
Gout,EUR_AFR,EUR_AFR_08,0.001,AFR,0.44871936799919,0.0311640207349332,0.390160513156593,0.510885723786049
Gout,EUR_AFR,EUR_AFR_08,0.001,AMR,0.53247696159344,0.036863779322337,0.46026111475336,0.608388132169563
Gout,EUR_AFR,EUR_AFR_08,0.01,MELD_lambda0_true,0.793950836922564,0.0191708051020961,0.757847959515637,0.833329128570946
Gout,EUR_AFR,EUR_AFR_08,0.01,MELD_lambda0_equal,0.798840793276888,0.0170305890673828,0.766521026478371,0.832111881646965
Gout,EUR_AFR,EUR_AFR_08,0.01,MELD_lambda1_true,0.792413092971731,0.018684309575197,0.756429095027571,0.828157544784395
Gout,EUR_AFR,EUR_AFR_08,0.01,MELD_lambda0_scrambled,0.716265167895587,0.0216071848727265,0.675574952743608,0.759620801704009
Gout,EUR_AFR,EUR_AFR_08,0.01,EUR,0.713646387873101,0.0243899139737618,0.66603123706939,0.762113483306551
Gout,EUR_AFR,EUR_AFR_08,0.01,EAS,0.606817361457416,0.0284864787190895,0.550087428904445,0.663445652155501
Gout,EUR_AFR,EUR_AFR_08,0.01,AFR,0.574994074950584,0.0310521587354898,0.516571585317739,0.640648932276266
Gout,EUR_AFR,EUR_AFR_08,0.01,AMR,0.652618841624445,0.0326279361008937,0.591672418459759,0.719235453552676
Gout,EUR_AFR,EUR_AFR_08,0.1,MELD_lambda0_true,0.80971138234379,0.017203220289114,0.777167907890757,0.843644486060451
Gout,EUR_AFR,EUR_AFR_08,0.1,MELD_lambda0_equal,0.807883089819537,0.017115024493125,0.774701042446857,0.841507570875253
Gout,EUR_AFR,EUR_AFR_08,0.1,MELD_lambda1_true,0.808547797668759,0.0165977062338846,0.775616768123139,0.840375764866557
Gout,EUR_AFR,EUR_AFR_08,0.1,MELD_lambda0_scrambled,0.743264423918208,0.0196106610852664,0.706380485624525,0.782473133824628
Gout,EUR_AFR,EUR_AFR_08,0.1,EUR,0.760356553241029,0.0204170218603663,0.719007402449961,0.799263386710667
Gout,EUR_AFR,EUR_AFR_08,0.1,EAS,0.673481499817181,0.0224516368830779,0.627682644632105,0.717457074722512
Gout,EUR_AFR,EUR_AFR_08,0.1,AFR,0.636787112877967,0.0284875389518818,0.582116473050542,0.692019153692578
Gout,EUR_AFR,EUR_AFR_08,0.1,AMR,0.706168994510276,0.0305067190743034,0.644187775159224,0.765160413862777
Gout,EUR_AFR,EUR_AFR_09,0.001,MELD_lambda0_true,0.787742655009534,0.0152058605002668,0.759427952751359,0.819377128741097
Gout,EUR_AFR,EUR_AFR_09,0.001,MELD_lambda0_equal,0.799459405985708,0.0150330749114729,0.770920564664207,0.82996437389696
Gout,EUR_AFR,EUR_AFR_09,0.001,MELD_lambda1_true,0.789690226769074,0.0154183003478645,0.760577646755314,0.819754819438906
Gout,EUR_AFR,EUR_AFR_09,0.001,MELD_lambda0_scrambled,0.68444702967228,0.0186525561588115,0.648457199050472,0.721692493623967
Gout,EUR_AFR,EUR_AFR_09,0.001,EUR,0.606339824108386,0.0276213895360794,0.554244894072469,0.661406630256283
Gout,EUR_AFR,EUR_AFR_09,0.001,EAS,0.450395504457407,0.0293407928998018,0.395262010726303,0.511709007592353
Gout,EUR_AFR,EUR_AFR_09,0.001,AFR,0.4664696578697,0.0339965251570746,0.404419278528345,0.535756221025777
Gout,EUR_AFR,EUR_AFR_09,0.001,AMR,0.582424309868418,0.0303445123491083,0.523820001528484,0.644233139063183
Gout,EUR_AFR,EUR_AFR_09,0.01,MELD_lambda0_true,0.826310240434074,0.013638518687202,0.801105469848769,0.853855004052171
Gout,EUR_AFR,EUR_AFR_09,0.01,MELD_lambda0_equal,0.828613927624865,0.0125711609403311,0.804812993281677,0.854580668308837
Gout,EUR_AFR,EUR_AFR_09,0.01,MELD_lambda1_true,0.827241373629528,0.0133697328893736,0.800943748851763,0.852828012054454
Gout,EUR_AFR,EUR_AFR_09,0.01,MELD_lambda0_scrambled,0.779193019774857,0.0155038344957646,0.750333587534596,0.810082539822908
Gout,EUR_AFR,EUR_AFR_09,0.01,EUR,0.756431198471096,0.0195719861182529,0.718374733368612,0.795376281250756
Gout,EUR_AFR,EUR_AFR_09,0.01,EAS,0.642408340305575,0.0214370743033569,0.601967547578915,0.687344027092815
Gout,EUR_AFR,EUR_AFR_09,0.01,AFR,0.592150848219819,0.0329674974945544,0.531412164734746,0.659976433273621
Gout,EUR_AFR,EUR_AFR_09,0.01,AMR,0.704907574790568,0.0237308630068733,0.660395971918557,0.752797491496232
Gout,EUR_AFR,EUR_AFR_09,0.1,MELD_lambda0_true,0.834779494254602,0.0123725042833144,0.81109739585215,0.859579671847515
Gout,EUR_AFR,EUR_AFR_09,0.1,MELD_lambda0_equal,0.832788981613116,0.0126302597251979,0.809533190097734,0.857387163446319
Gout,EUR_AFR,EUR_AFR_09,0.1,MELD_lambda1_true,0.834808888147903,0.0123020075298206,0.811065696866777,0.860515124163196
Gout,EUR_AFR,EUR_AFR_09,0.1,MELD_lambda0_scrambled,0.804880625358386,0.0127842043606014,0.779744934169337,0.829924425567515
Gout,EUR_AFR,EUR_AFR_09,0.1,EUR,0.796555657649073,0.014207673190596,0.767908390395428,0.824683548965856
Gout,EUR_AFR,EUR_AFR_09,0.1,EAS,0.695010434431291,0.0184524227785062,0.6603452988111,0.73106933188875
Gout,EUR_AFR,EUR_AFR_09,0.1,AFR,0.659200694863025,0.0252756845251423,0.609781785405401,0.710274597674561
Gout,EUR_AFR,EUR_AFR_09,0.1,AMR,0.751500698643255,0.0196622404682782,0.715052735037609,0.792325945986391
Gout,EUR_AFR,EUR_AFR_10,0.001,MELD_lambda0_true,0.814891653815722,0.0151460788516384,0.787186575834502,0.846045107575823
Gout,EUR_AFR,EUR_AFR_10,0.001,MELD_lambda0_equal,0.823670702967907,0.0142084454649666,0.796622844066215,0.851388607801201
Gout,EUR_AFR,EUR_AFR_10,0.001,MELD_lambda1_true,0.814629724543632,0.0146913261481504,0.787016097403556,0.844315894208143
Gout,EUR_AFR,EUR_AFR_10,0.001,MELD_lambda0_scrambled,0.583839051086496,0.0306305520041453,0.522991661668593,0.644386141294942
Gout,EUR_AFR,EUR_AFR_10,0.001,EUR,0.703411520109257,0.0249394474204779,0.655531997378212,0.754632114573572
Gout,EUR_AFR,EUR_AFR_10,0.001,EAS,0.489672443195368,0.03329004725778,0.426443069846481,0.557176679845224
Gout,EUR_AFR,EUR_AFR_10,0.001,AFR,0.421999505930452,0.0395998510223574,0.353283803839785,0.506190674905157
Gout,EUR_AFR,EUR_AFR_10,0.001,AMR,0.634675840377835,0.0327485238305777,0.573426344110132,0.700204048197161
Gout,EUR_AFR,EUR_AFR_10,0.01,MELD_lambda0_true,0.857064756694572,0.012376332128563,0.833951716878385,0.88249419951231
Gout,EUR_AFR,EUR_AFR_10,0.01,MELD_lambda0_equal,0.849095813031692,0.0115711259886391,0.826615837301615,0.871025839424116
Gout,EUR_AFR,EUR_AFR_10,0.01,MELD_lambda1_true,0.85621664252958,0.0120288092603336,0.833333013813969,0.879448727547504
Gout,EUR_AFR,EUR_AFR_10,0.01,MELD_lambda0_scrambled,0.677930053509257,0.0287735682258359,0.624849334503565,0.735636046274463
Gout,EUR_AFR,EUR_AFR_10,0.01,EUR,0.814250960134721,0.0159913455641974,0.783399326761449,0.846015075683869
Gout,EUR_AFR,EUR_AFR_10,0.01,EAS,0.679857049329586,0.0208679635448958,0.640700623493368,0.722557706372193
Gout,EUR_AFR,EUR_AFR_10,0.01,AFR,0.5539393197219,0.037528761203598,0.483333629097509,0.630906459015937
Gout,EUR_AFR,EUR_AFR_10,0.01,AMR,0.740787311048914,0.0239265285251886,0.695827494679054,0.788416437160096
Gout,EUR_AFR,EUR_AFR_10,0.1,MELD_lambda0_true,0.865383926748716,0.0107852792722602,0.844304173390777,0.88639363115803
Gout,EUR_AFR,EUR_AFR_10,0.1,MELD_lambda0_equal,0.855827530396779,0.0110120916466926,0.834681616237905,0.878263789379492
Gout,EUR_AFR,EUR_AFR_10,0.1,MELD_lambda1_true,0.864352249428436,0.0106031762189391,0.844149555465676,0.885542036914839
Gout,EUR_AFR,EUR_AFR_10,0.1,MELD_lambda0_scrambled,0.723142986208221,0.0241429995266505,0.677166910842324,0.773076881060178
Gout,EUR_AFR,EUR_AFR_10,0.1,EUR,0.842935340259878,0.0116641569027129,0.820008240425316,0.866146145907595
Gout,EUR_AFR,EUR_AFR_10,0.1,EAS,0.733796644800348,0.0163738506253393,0.702822008709476,0.766730635011466
Gout,EUR_AFR,EUR_AFR_10,0.1,AFR,0.632948988922725,0.0310263382530381,0.573118650618812,0.694503432287065
Gout,EUR_AFR,EUR_AFR_10,0.1,AMR,0.779960150739444,0.0191032085503842,0.744189230084543,0.820573531708355
Gout,EUR_AFR,EUR_AFR_11,0.001,MELD_lambda0_true,0.822283484397083,0.0199876785677136,0.782565821495112,0.860827217556915
Gout,EUR_AFR,EUR_AFR_11,0.001,MELD_lambda0_equal,0.849319086504489,0.0125001192366867,0.823283223347553,0.872172557037339
Gout,EUR_AFR,EUR_AFR_11,0.001,MELD_lambda1_true,0.822283484397083,0.0200920255957137,0.78243741408764,0.860945743267796
Gout,EUR_AFR,EUR_AFR_11,0.001,MELD_lambda0_scrambled,0.822283484397083,0.0203884758451406,0.780763362227833,0.86003259120442
Gout,EUR_AFR,EUR_AFR_11,0.001,EUR,0.822283484397074,0.020047966390217,0.78113410610813,0.8594698974241
Gout,EUR_AFR,EUR_AFR_11,0.001,EAS,0.503179896898657,0.0269489182122241,0.449276439230404,0.55460665681644
Gout,EUR_AFR,EUR_AFR_11,0.001,AFR,0.449731992441386,0.0292599729154524,0.395675994194678,0.509172638746888
Gout,EUR_AFR,EUR_AFR_11,0.001,AMR,0.710530997540739,0.0252550929991162,0.66140048952188,0.761365022309862
Gout,EUR_AFR,EUR_AFR_11,0.01,MELD_lambda0_true,0.886823265142151,0.013430626425337,0.859473297415957,0.910491487595094
Gout,EUR_AFR,EUR_AFR_11,0.01,MELD_lambda0_equal,0.872765498121744,0.0115756116824768,0.848924050075146,0.894618237993478
Gout,EUR_AFR,EUR_AFR_11,0.01,MELD_lambda1_true,0.886823265142151,0.0134761024505591,0.859544114903937,0.911208889329262
Gout,EUR_AFR,EUR_AFR_11,0.01,MELD_lambda0_scrambled,0.886823265142151,0.0130056500552601,0.85922951687851,0.909558217047264
Gout,EUR_AFR,EUR_AFR_11,0.01,EUR,0.886823265142151,0.0137876887177635,0.856488373220499,0.910871062152614
Gout,EUR_AFR,EUR_AFR_11,0.01,EAS,0.698642386325506,0.0200071904952265,0.65999217148216,0.737546223228272
Gout,EUR_AFR,EUR_AFR_11,0.01,AFR,0.585093566203102,0.0286351841580321,0.531678198335905,0.644240823456476
Gout,EUR_AFR,EUR_AFR_11,0.01,AMR,0.788649365118612,0.019756152048984,0.750059806951314,0.827142168162501
Gout,EUR_AFR,EUR_AFR_11,0.1,MELD_lambda0_true,0.894882762413092,0.0112908837516041,0.871277624004674,0.915732131215236
Gout,EUR_AFR,EUR_AFR_11,0.1,MELD_lambda0_equal,0.875732498410308,0.01140283090268,0.852465760365622,0.896741289148689
Gout,EUR_AFR,EUR_AFR_11,0.1,MELD_lambda1_true,0.894882762413092,0.0116092570121215,0.8701104509634,0.915618591763715
Gout,EUR_AFR,EUR_AFR_11,0.1,MELD_lambda0_scrambled,0.894882762413092,0.0113976515755624,0.869897189700603,0.915129289333393
Gout,EUR_AFR,EUR_AFR_11,0.1,EUR,0.894882762413092,0.0113115760541247,0.871112793898624,0.915061435904685
Gout,EUR_AFR,EUR_AFR_11,0.1,EAS,0.761484178557732,0.0154847313115095,0.729842860452578,0.791533713330696
Gout,EUR_AFR,EUR_AFR_11,0.1,AFR,0.659681344143308,0.0228455405223743,0.615828303377416,0.704697453557698
Gout,EUR_AFR,EUR_AFR_11,0.1,AMR,0.81474039491857,0.0170937236205049,0.780692847241167,0.847979389254956
Gout,EUR_EAS,EUR_EAS_01,0.001,MELD_lambda0_true,0.808562537647432,0.0187236781997117,0.769799985804984,0.845894001525147
Gout,EUR_EAS,EUR_EAS_01,0.001,MELD_lambda0_equal,0.804197377085894,0.0185688261562304,0.763730436302146,0.835691293491338
Gout,EUR_EAS,EUR_EAS_01,0.001,MELD_lambda1_true,0.808562537647432,0.0186869768442425,0.771976139219424,0.844367654493681
Gout,EUR_EAS,EUR_EAS_01,0.001,MELD_lambda0_scrambled,0.587950219537058,0.0331769130424754,0.519843151680942,0.649245776087289
Gout,EUR_EAS,EUR_EAS_01,0.001,EUR,0.587950219537075,0.0329763844476675,0.5210912462265,0.651661427384151
Gout,EUR_EAS,EUR_EAS_01,0.001,EAS,0.808562537647444,0.0182462252694593,0.772692190641296,0.844134518536962
Gout,EUR_EAS,EUR_EAS_01,0.001,AFR,0.372912881397992,0.0336891446780536,0.311556868351106,0.445219318253849
Gout,EUR_EAS,EUR_EAS_01,0.001,AMR,0.614297292196666,0.0252640196754914,0.567928041039773,0.666264756648116
Gout,EUR_EAS,EUR_EAS_01,0.01,MELD_lambda0_true,0.875171685506366,0.0120625935094667,0.850618186112811,0.897908719858596
Gout,EUR_EAS,EUR_EAS_01,0.01,MELD_lambda0_equal,0.835043781234445,0.0155383277599195,0.802220562389603,0.863315785227639
Gout,EUR_EAS,EUR_EAS_01,0.01,MELD_lambda1_true,0.875171685506366,0.0121714625117286,0.85166729706613,0.89976803206292
Gout,EUR_EAS,EUR_EAS_01,0.01,MELD_lambda0_scrambled,0.729692191993992,0.0226189243290625,0.682989321221621,0.770070792357183
Gout,EUR_EAS,EUR_EAS_01,0.01,EUR,0.729692191993996,0.0216704914603026,0.685909593725291,0.768584692364913
Gout,EUR_EAS,EUR_EAS_01,0.01,EAS,0.875171685506366,0.0122914110359198,0.850575999686586,0.898970926175168
Gout,EUR_EAS,EUR_EAS_01,0.01,AFR,0.50699761126434,0.0313285600035519,0.444711819972078,0.567898508227784
Gout,EUR_EAS,EUR_EAS_01,0.01,AMR,0.707193261339075,0.0224629121052214,0.66433674056993,0.752575956395299
Gout,EUR_EAS,EUR_EAS_01,0.1,MELD_lambda0_true,0.882181820437424,0.0108030981897398,0.861085768803282,0.903151159495052
Gout,EUR_EAS,EUR_EAS_01,0.1,MELD_lambda0_equal,0.842123274864445,0.0135600967748294,0.81414957349917,0.865717209724764
Gout,EUR_EAS,EUR_EAS_01,0.1,MELD_lambda1_true,0.882181820437424,0.0108892537926056,0.861188228440996,0.903234300401433
Gout,EUR_EAS,EUR_EAS_01,0.1,MELD_lambda0_scrambled,0.762761578686078,0.0174877645992751,0.728263487954644,0.796435649314472
Gout,EUR_EAS,EUR_EAS_01,0.1,EUR,0.762761578686077,0.0181293950858699,0.726217995617489,0.797379955639885
Gout,EUR_EAS,EUR_EAS_01,0.1,EAS,0.882181820437423,0.0110725885058724,0.859689764869123,0.903184099910862
Gout,EUR_EAS,EUR_EAS_01,0.1,AFR,0.58640100588627,0.0265237090069301,0.537336954820385,0.640036079085973
Gout,EUR_EAS,EUR_EAS_01,0.1,AMR,0.741559744115279,0.0198812704961235,0.703335442992966,0.780363618866137
Gout,EUR_EAS,EUR_EAS_02,0.001,MELD_lambda0_true,0.826200324263787,0.025851485161334,0.769393581259687,0.872520672727404
Gout,EUR_EAS,EUR_EAS_02,0.001,MELD_lambda0_equal,0.829205152627284,0.0142041951997172,0.799858479524101,0.856192912585829
Gout,EUR_EAS,EUR_EAS_02,0.001,MELD_lambda1_true,0.825376841061435,0.0254305841685784,0.77112932484479,0.870156838722812
Gout,EUR_EAS,EUR_EAS_02,0.001,MELD_lambda0_scrambled,0.826200324263787,0.0252048624747379,0.773402634714409,0.87268246988637
Gout,EUR_EAS,EUR_EAS_02,0.001,EUR,0.633295029260724,0.0289805662779439,0.5751931084816,0.68816470211395
Gout,EUR_EAS,EUR_EAS_02,0.001,EAS,0.76526266292297,0.0291469514469967,0.704748186202546,0.81787773740572
Gout,EUR_EAS,EUR_EAS_02,0.001,AFR,0.412344652118214,0.0277528021445239,0.359243497276667,0.470633723677555
Gout,EUR_EAS,EUR_EAS_02,0.001,AMR,0.633099926902343,0.0249492641558476,0.584164034532363,0.681496573115866
Gout,EUR_EAS,EUR_EAS_02,0.01,MELD_lambda0_true,0.878520740580563,0.0157160415220909,0.845717924544669,0.90719282929795
Gout,EUR_EAS,EUR_EAS_02,0.01,MELD_lambda0_equal,0.850243558132626,0.014610464549315,0.820571012685205,0.877549095347361
Gout,EUR_EAS,EUR_EAS_02,0.01,MELD_lambda1_true,0.878282530690537,0.0160516400157289,0.845456502021505,0.907380347947009
Gout,EUR_EAS,EUR_EAS_02,0.01,MELD_lambda0_scrambled,0.878520740580563,0.0155299005630821,0.844449495687229,0.905730884305315
Gout,EUR_EAS,EUR_EAS_02,0.01,EUR,0.76241343840124,0.0185279273819468,0.724109733533614,0.796165828825287
Gout,EUR_EAS,EUR_EAS_02,0.01,EAS,0.848828126949349,0.019333195953235,0.810017732117133,0.885112333050959
Gout,EUR_EAS,EUR_EAS_02,0.01,AFR,0.545148643181415,0.0278361605467593,0.490233384284157,0.598115782536607
Gout,EUR_EAS,EUR_EAS_02,0.01,AMR,0.725985378206045,0.0232448866605965,0.679445549051781,0.77122905229139
Gout,EUR_EAS,EUR_EAS_02,0.1,MELD_lambda0_true,0.8843460716251,0.0125564609929352,0.858222800287132,0.906406244483475
Gout,EUR_EAS,EUR_EAS_02,0.1,MELD_lambda0_equal,0.855602408839964,0.0139857170705833,0.826434167691623,0.882498958773945
Gout,EUR_EAS,EUR_EAS_02,0.1,MELD_lambda1_true,0.884096418684086,0.0127054245657947,0.857911921650632,0.907605223398637
Gout,EUR_EAS,EUR_EAS_02,0.1,MELD_lambda0_scrambled,0.8843460716251,0.0122869237215218,0.858996299453251,0.906296052649303
Gout,EUR_EAS,EUR_EAS_02,0.1,EUR,0.789310746397997,0.0170306661267476,0.75353364268872,0.819877014675398
Gout,EUR_EAS,EUR_EAS_02,0.1,EAS,0.869910359616569,0.0135499418827853,0.84243294186199,0.894008870871263
Gout,EUR_EAS,EUR_EAS_02,0.1,AFR,0.613667345948799,0.0240478273037708,0.56643904884326,0.662555826842949
Gout,EUR_EAS,EUR_EAS_02,0.1,AMR,0.757962441470415,0.021332114534592,0.713310606825283,0.797169423367384
Gout,EUR_EAS,EUR_EAS_03,0.001,MELD_lambda0_true,0.839749682309889,0.0207123824855356,0.797297688933579,0.877038743138345
Gout,EUR_EAS,EUR_EAS_03,0.001,MELD_lambda0_equal,0.839820673732729,0.0128966537272768,0.813565876848086,0.864681101495919
Gout,EUR_EAS,EUR_EAS_03,0.001,MELD_lambda1_true,0.840630580603011,0.0202512240745577,0.79986722314208,0.877847963001962
Gout,EUR_EAS,EUR_EAS_03,0.001,MELD_lambda0_scrambled,0.715111890868402,0.0197127890511672,0.676237614244185,0.75463206314911
Gout,EUR_EAS,EUR_EAS_03,0.001,EUR,0.640092427940564,0.0230939431883572,0.594887536807782,0.686131951655388
Gout,EUR_EAS,EUR_EAS_03,0.001,EAS,0.733312071567114,0.0280980051049586,0.676904958371972,0.786493371785008
Gout,EUR_EAS,EUR_EAS_03,0.001,AFR,0.419842794075081,0.0250120025365999,0.371297552376613,0.471772446930548
Gout,EUR_EAS,EUR_EAS_03,0.001,AMR,0.623848800320319,0.0261317273837089,0.571208568845851,0.675889211729847
Gout,EUR_EAS,EUR_EAS_03,0.01,MELD_lambda0_true,0.884066892717385,0.0135361937152997,0.856262833099312,0.90807849208715
Gout,EUR_EAS,EUR_EAS_03,0.01,MELD_lambda0_equal,0.85891405710065,0.0133676984343155,0.832003383057289,0.883586983163555
Gout,EUR_EAS,EUR_EAS_03,0.01,MELD_lambda1_true,0.883195559043775,0.0138232365295794,0.855872961628757,0.909424222722276
Gout,EUR_EAS,EUR_EAS_03,0.01,MELD_lambda0_scrambled,0.801880130085017,0.0156118943499028,0.770729674780443,0.831518745046287
Gout,EUR_EAS,EUR_EAS_03,0.01,EUR,0.763915923527787,0.0182001499561945,0.729434131768455,0.801365094127391
Gout,EUR_EAS,EUR_EAS_03,0.01,EAS,0.83379672361466,0.0166271879531171,0.80105159468236,0.865336312313683
Gout,EUR_EAS,EUR_EAS_03,0.01,AFR,0.55005282272031,0.0287366734854166,0.496349089797585,0.60643072118351
Gout,EUR_EAS,EUR_EAS_03,0.01,AMR,0.723833321031081,0.02168038088037,0.681244478955018,0.766182878739038
Gout,EUR_EAS,EUR_EAS_03,0.1,MELD_lambda0_true,0.885630720306627,0.0107158785907025,0.862924300771409,0.90494190426219
Gout,EUR_EAS,EUR_EAS_03,0.1,MELD_lambda0_equal,0.862614286391927,0.0115577925638833,0.83903906287584,0.884199453875776
Gout,EUR_EAS,EUR_EAS_03,0.1,MELD_lambda1_true,0.883774158405931,0.0110628528783976,0.861549245383866,0.904856771311217
Gout,EUR_EAS,EUR_EAS_03,0.1,MELD_lambda0_scrambled,0.813968538916417,0.0147780367801039,0.785322661731925,0.842294204776707
Gout,EUR_EAS,EUR_EAS_03,0.1,EUR,0.787801386697335,0.0165244104488387,0.755296496061539,0.819236200500084
Gout,EUR_EAS,EUR_EAS_03,0.1,EAS,0.858409008585379,0.0118636255887893,0.834605793592425,0.880571919848192
Gout,EUR_EAS,EUR_EAS_03,0.1,AFR,0.617518987787607,0.0266063530715299,0.564413296391351,0.67010735963154
Gout,EUR_EAS,EUR_EAS_03,0.1,AMR,0.764153012009697,0.0183922613163646,0.727462457806548,0.801584901506552
Gout,EUR_EAS,EUR_EAS_04,0.001,MELD_lambda0_true,0.859373117752261,0.0156236654633563,0.829915235402963,0.889513435105197
Gout,EUR_EAS,EUR_EAS_04,0.001,MELD_lambda0_equal,0.854263593168142,0.0115049999827832,0.82945779877731,0.875390203558184
Gout,EUR_EAS,EUR_EAS_04,0.001,MELD_lambda1_true,0.856538873405147,0.014959675891659,0.827327546256149,0.885475976733852
Gout,EUR_EAS,EUR_EAS_04,0.001,MELD_lambda0_scrambled,0.726304254656897,0.0199884002146702,0.685590231973826,0.764113713703377
Gout,EUR_EAS,EUR_EAS_04,0.001,EUR,0.679322048443873,0.0170337102995149,0.647824006365623,0.712279102317701
Gout,EUR_EAS,EUR_EAS_04,0.001,EAS,0.755966422091602,0.0213702452829145,0.714540290223443,0.796162583730192
Gout,EUR_EAS,EUR_EAS_04,0.001,AFR,0.40470362870827,0.0259718009443118,0.357002544770244,0.456393084936146
Gout,EUR_EAS,EUR_EAS_04,0.001,AMR,0.670749391462091,0.0223680436818071,0.626543269184993,0.713731506510621
Gout,EUR_EAS,EUR_EAS_04,0.01,MELD_lambda0_true,0.896322013858377,0.0103172546205816,0.87487473661578,0.915403481933095
Gout,EUR_EAS,EUR_EAS_04,0.01,MELD_lambda0_equal,0.869246217713114,0.0117454428120644,0.845744500261662,0.891735264074343
Gout,EUR_EAS,EUR_EAS_04,0.01,MELD_lambda1_true,0.893171545917391,0.0106419954818065,0.872048564154421,0.913213881156859
Gout,EUR_EAS,EUR_EAS_04,0.01,MELD_lambda0_scrambled,0.782698198280499,0.0179115938067923,0.747799298920814,0.817056242069988
Gout,EUR_EAS,EUR_EAS_04,0.01,EUR,0.787977783727628,0.0134895023734832,0.761542648468172,0.813890444486648
Gout,EUR_EAS,EUR_EAS_04,0.01,EAS,0.844784783614097,0.0136599255629488,0.817562009275159,0.870967549817461
Gout,EUR_EAS,EUR_EAS_04,0.01,AFR,0.542000892558141,0.0288828340082377,0.486637873518589,0.599342506190146
Gout,EUR_EAS,EUR_EAS_04,0.01,AMR,0.750493648684625,0.0204614414508801,0.709443959454069,0.790491160156333
Gout,EUR_EAS,EUR_EAS_04,0.1,MELD_lambda0_true,0.894291296807104,0.00982699684064696,0.873513242341376,0.912581826919589
Gout,EUR_EAS,EUR_EAS_04,0.1,MELD_lambda0_equal,0.869414827999622,0.0117437031123763,0.845625400347945,0.891344897795402
Gout,EUR_EAS,EUR_EAS_04,0.1,MELD_lambda1_true,0.8910477357525,0.00989328623937615,0.870883393293906,0.90997808001753
Gout,EUR_EAS,EUR_EAS_04,0.1,MELD_lambda0_scrambled,0.802100027514442,0.0159088245833978,0.771167878259907,0.831579497828248
Gout,EUR_EAS,EUR_EAS_04,0.1,EUR,0.806205416992725,0.0143200144211596,0.777317298968029,0.833978658846799
Gout,EUR_EAS,EUR_EAS_04,0.1,EAS,0.857835580436903,0.0121609100393381,0.833537372477334,0.880244838896101
Gout,EUR_EAS,EUR_EAS_04,0.1,AFR,0.612911468282909,0.026645594978481,0.563032421234188,0.666713502603102
Gout,EUR_EAS,EUR_EAS_04,0.1,AMR,0.780540710685612,0.0193005730808938,0.741564209413514,0.818597835254632
Gout,EUR_EAS,EUR_EAS_05,0.001,MELD_lambda0_true,0.85129180282284,0.0179647990633242,0.814195268856691,0.884388539343207
Gout,EUR_EAS,EUR_EAS_05,0.001,MELD_lambda0_equal,0.860908925600907,0.0129543209593919,0.833691866729688,0.88532673470664
Gout,EUR_EAS,EUR_EAS_05,0.001,MELD_lambda1_true,0.850971007321007,0.0178665210550101,0.812256702511161,0.883178666540334
Gout,EUR_EAS,EUR_EAS_05,0.001,MELD_lambda0_scrambled,0.85129180282284,0.018604375735255,0.812126589417356,0.885917149198284
Gout,EUR_EAS,EUR_EAS_05,0.001,EUR,0.704074488287346,0.022381375745476,0.661701446473445,0.74954617373465
Gout,EUR_EAS,EUR_EAS_05,0.001,EAS,0.728476512435906,0.0292802050583269,0.670733682433842,0.783001244702157
Gout,EUR_EAS,EUR_EAS_05,0.001,AFR,0.454275532041101,0.0290425820413441,0.39973457908784,0.5144388550343
Gout,EUR_EAS,EUR_EAS_05,0.001,AMR,0.67295299122747,0.0265879763001547,0.619823730413101,0.725853987144977
Gout,EUR_EAS,EUR_EAS_05,0.01,MELD_lambda0_true,0.89010948568844,0.0114028153431074,0.866368113866477,0.910741175695029
Gout,EUR_EAS,EUR_EAS_05,0.01,MELD_lambda0_equal,0.878378187947477,0.0114511805795385,0.855178092167162,0.899854755533825
Gout,EUR_EAS,EUR_EAS_05,0.01,MELD_lambda1_true,0.889190080432326,0.0117674155975855,0.866297354830797,0.911598344935698
Gout,EUR_EAS,EUR_EAS_05,0.01,MELD_lambda0_scrambled,0.89010948568844,0.0119484694774647,0.865449719247403,0.912488761468923
Gout,EUR_EAS,EUR_EAS_05,0.01,EUR,0.812250061844466,0.0135658451628657,0.785753745590442,0.838257516457174
Gout,EUR_EAS,EUR_EAS_05,0.01,EAS,0.828821488459223,0.0188321255149365,0.788811627398352,0.863352611841965
Gout,EUR_EAS,EUR_EAS_05,0.01,AFR,0.596054173664493,0.03023564815795,0.538693508794551,0.655908523536112
Gout,EUR_EAS,EUR_EAS_05,0.01,AMR,0.766004108692437,0.0220598088385034,0.722204985599105,0.805721347137478
Gout,EUR_EAS,EUR_EAS_05,0.1,MELD_lambda0_true,0.891045191208843,0.00996909144072332,0.871019745354412,0.910002080655409
Gout,EUR_EAS,EUR_EAS_05,0.1,MELD_lambda0_equal,0.878307212232218,0.0104364142773546,0.85716941412784,0.897816841734224
Gout,EUR_EAS,EUR_EAS_05,0.1,MELD_lambda1_true,0.889128029909164,0.0103593757558732,0.867359404909912,0.90844238774463
Gout,EUR_EAS,EUR_EAS_05,0.1,MELD_lambda0_scrambled,0.891045191208843,0.0101573575679908,0.869630925055253,0.909685194262771
Gout,EUR_EAS,EUR_EAS_05,0.1,EUR,0.829624156138948,0.0120214562224227,0.805079613485713,0.851393494613961
Gout,EUR_EAS,EUR_EAS_05,0.1,EAS,0.85049518836538,0.0136388635802875,0.821062111720476,0.875360127329222
Gout,EUR_EAS,EUR_EAS_05,0.1,AFR,0.663221647297729,0.0270297031807748,0.612432333930171,0.716678552994742
Gout,EUR_EAS,EUR_EAS_05,0.1,AMR,0.794175638426431,0.0182206731917355,0.75831711888245,0.829099353729958
Gout,EUR_EAS,EUR_EAS_06,0.001,MELD_lambda0_true,0.858985906760135,0.0197141783152246,0.818599458622755,0.895112365068959
Gout,EUR_EAS,EUR_EAS_06,0.001,MELD_lambda0_equal,0.860128396570456,0.0117511760388733,0.837658008771193,0.883045558673027
Gout,EUR_EAS,EUR_EAS_06,0.001,MELD_lambda1_true,0.853831169829578,0.0198891364476507,0.811014195080078,0.890310306725839
Gout,EUR_EAS,EUR_EAS_06,0.001,MELD_lambda0_scrambled,0.700379993313235,0.0226148063706594,0.657282309276579,0.745071167279473
Gout,EUR_EAS,EUR_EAS_06,0.001,EUR,0.72724218478859,0.025511449212805,0.674624512216872,0.77569120062914
Gout,EUR_EAS,EUR_EAS_06,0.001,EAS,0.686991563448732,0.0336185872617875,0.615844967915715,0.748461010083538
Gout,EUR_EAS,EUR_EAS_06,0.001,AFR,0.418829111792871,0.0289841095208547,0.363917028773726,0.476041687981568
Gout,EUR_EAS,EUR_EAS_06,0.001,AMR,0.663394952037277,0.0274728886867752,0.613443622259542,0.717404762258498
Gout,EUR_EAS,EUR_EAS_06,0.01,MELD_lambda0_true,0.896570196632929,0.0111934814146496,0.872965563072634,0.916650759237359
Gout,EUR_EAS,EUR_EAS_06,0.01,MELD_lambda0_equal,0.878988980270147,0.0110831116618741,0.855963525101469,0.899620869834311
Gout,EUR_EAS,EUR_EAS_06,0.01,MELD_lambda1_true,0.892886016052472,0.0112189423255627,0.870852658367769,0.913598665358333
Gout,EUR_EAS,EUR_EAS_06,0.01,MELD_lambda0_scrambled,0.77093487000205,0.0183277699032217,0.737178117692496,0.808156238361245
Gout,EUR_EAS,EUR_EAS_06,0.01,EUR,0.817276156371389,0.016843357877581,0.784905977157335,0.849517155806226
Gout,EUR_EAS,EUR_EAS_06,0.01,EAS,0.806238887163287,0.0187989780390838,0.769458202023352,0.842255127096295
Gout,EUR_EAS,EUR_EAS_06,0.01,AFR,0.553233665119465,0.0318816716806301,0.493615538040031,0.616801340931103
Gout,EUR_EAS,EUR_EAS_06,0.01,AMR,0.751257342822356,0.0256453468170458,0.704319979892525,0.802585529451054
Gout,EUR_EAS,EUR_EAS_06,0.1,MELD_lambda0_true,0.896561579047872,0.0103892067973691,0.876152710268525,0.916758372344047
Gout,EUR_EAS,EUR_EAS_06,0.1,MELD_lambda0_equal,0.878282247590719,0.0119786878047282,0.855028248198097,0.900889686186832
Gout,EUR_EAS,EUR_EAS_06,0.1,MELD_lambda1_true,0.893099398263404,0.0108872213493697,0.872099167661217,0.914119465695516
Gout,EUR_EAS,EUR_EAS_06,0.1,MELD_lambda0_scrambled,0.794218927074606,0.017491334696079,0.760770076673128,0.827436723290161
Gout,EUR_EAS,EUR_EAS_06,0.1,EUR,0.838529030926293,0.0142855751447831,0.808944713273628,0.864911951783
Gout,EUR_EAS,EUR_EAS_06,0.1,EAS,0.833069215897944,0.0139345401011246,0.805065178274843,0.8590445758614
Gout,EUR_EAS,EUR_EAS_06,0.1,AFR,0.625266737198047,0.027472103387487,0.57441602652939,0.682361899262876
Gout,EUR_EAS,EUR_EAS_06,0.1,AMR,0.779992402667752,0.0238748568943347,0.730935566496012,0.825049425264858
Gout,EUR_EAS,EUR_EAS_07,0.001,MELD_lambda0_true,0.866313780774455,0.0169047583068133,0.830139478169336,0.896118871354569
Gout,EUR_EAS,EUR_EAS_07,0.001,MELD_lambda0_equal,0.869038086394838,0.0126808833383889,0.8431010905192,0.893545739175782
Gout,EUR_EAS,EUR_EAS_07,0.001,MELD_lambda1_true,0.866255760922125,0.0164797754695228,0.833802720298409,0.896952552265517
Gout,EUR_EAS,EUR_EAS_07,0.001,MELD_lambda0_scrambled,0.866313780774455,0.0170175429764068,0.829410197682865,0.897758212914363
Gout,EUR_EAS,EUR_EAS_07,0.001,EUR,0.755438501443048,0.0209679072972575,0.714807993157664,0.796309715466083
Gout,EUR_EAS,EUR_EAS_07,0.001,EAS,0.661782305216064,0.0321088031573413,0.598554420206974,0.723685091715746
Gout,EUR_EAS,EUR_EAS_07,0.001,AFR,0.462819307314409,0.0299068607624257,0.408180400417182,0.522217176011606
Gout,EUR_EAS,EUR_EAS_07,0.001,AMR,0.700136957374872,0.0226620743235375,0.654826651252713,0.743942738265024
Gout,EUR_EAS,EUR_EAS_07,0.01,MELD_lambda0_true,0.903127251303671,0.00959032477673556,0.883719499552251,0.921430403977381
Gout,EUR_EAS,EUR_EAS_07,0.01,MELD_lambda0_equal,0.883691214226738,0.0113840225300021,0.85941184416097,0.904620609133355
Gout,EUR_EAS,EUR_EAS_07,0.01,MELD_lambda1_true,0.901294571876624,0.0097757351376107,0.88220139529105,0.920122480783778
Gout,EUR_EAS,EUR_EAS_07,0.01,MELD_lambda0_scrambled,0.903127251303671,0.009728009845917,0.884020542559137,0.922191110773182
Gout,EUR_EAS,EUR_EAS_07,0.01,EUR,0.842778655767012,0.0139122739990342,0.816099794336542,0.870519763732776
Gout,EUR_EAS,EUR_EAS_07,0.01,EAS,0.7979808984865,0.0193497919717244,0.759412316348059,0.834701031059674
Gout,EUR_EAS,EUR_EAS_07,0.01,AFR,0.591211359321282,0.033779381542315,0.528000478790307,0.658255347333893
Gout,EUR_EAS,EUR_EAS_07,0.01,AMR,0.785432724771927,0.0190976531680622,0.745606782635492,0.82198321651174
Gout,EUR_EAS,EUR_EAS_07,0.1,MELD_lambda0_true,0.901747089794665,0.00922920247809598,0.883406265653555,0.919865063664263
Gout,EUR_EAS,EUR_EAS_07,0.1,MELD_lambda0_equal,0.882221130881695,0.0113129762048428,0.859152769591173,0.903172529238672
Gout,EUR_EAS,EUR_EAS_07,0.1,MELD_lambda1_true,0.899453644985521,0.00932250694417956,0.88017937293576,0.91773527397438
Gout,EUR_EAS,EUR_EAS_07,0.1,MELD_lambda0_scrambled,0.901747089794665,0.00904705712399453,0.883643699316093,0.918633722290605
Gout,EUR_EAS,EUR_EAS_07,0.1,EUR,0.858665952447333,0.0117348080531009,0.83613752790114,0.882093708297911
Gout,EUR_EAS,EUR_EAS_07,0.1,EAS,0.831412952260374,0.0145511670654954,0.80259963635425,0.858890005998332
Gout,EUR_EAS,EUR_EAS_07,0.1,AFR,0.652091284275974,0.0312035302443019,0.592824000311841,0.715120521419961
Gout,EUR_EAS,EUR_EAS_07,0.1,AMR,0.805298078388951,0.0173284946412192,0.770829386084027,0.837580281230806
Gout,EUR_EAS,EUR_EAS_08,0.001,MELD_lambda0_true,0.864642300837576,0.0148955433297215,0.835797789995192,0.893423333438167
Gout,EUR_EAS,EUR_EAS_08,0.001,MELD_lambda0_equal,0.871558383352229,0.0122011417370006,0.848172354995292,0.895900970058302
Gout,EUR_EAS,EUR_EAS_08,0.001,MELD_lambda1_true,0.86399062507057,0.0152762027397571,0.832324127286159,0.893098379317434
Gout,EUR_EAS,EUR_EAS_08,0.001,MELD_lambda0_scrambled,0.765457709401127,0.0191080023581346,0.726833999782614,0.802868887163251
Gout,EUR_EAS,EUR_EAS_08,0.001,EUR,0.783418583091988,0.0186989795443527,0.749358650055935,0.822188601335483
Gout,EUR_EAS,EUR_EAS_08,0.001,EAS,0.636300240001565,0.0276121880195347,0.581808834208571,0.69143692957981
Gout,EUR_EAS,EUR_EAS_08,0.001,AFR,0.460443992066183,0.0321019216966259,0.399273437181927,0.523518245251602
Gout,EUR_EAS,EUR_EAS_08,0.001,AMR,0.704082879577704,0.0268036650660173,0.650619362862644,0.75882185020909
Gout,EUR_EAS,EUR_EAS_08,0.01,MELD_lambda0_true,0.900064370150783,0.00977280427542865,0.881191374590326,0.920003895161589
Gout,EUR_EAS,EUR_EAS_08,0.01,MELD_lambda0_equal,0.888284791981426,0.010867914852016,0.866775196276257,0.90979575796028
Gout,EUR_EAS,EUR_EAS_08,0.01,MELD_lambda1_true,0.898703562737886,0.00979874182337648,0.879204082389232,0.917207258680891
Gout,EUR_EAS,EUR_EAS_08,0.01,MELD_lambda0_scrambled,0.824041722148799,0.0147948794058582,0.794770262311411,0.853184545560208
Gout,EUR_EAS,EUR_EAS_08,0.01,EUR,0.850972058129399,0.0137684115774376,0.823896738769318,0.877705115868825
Gout,EUR_EAS,EUR_EAS_08,0.01,EAS,0.787881368363417,0.0172818071738049,0.755221433222449,0.822020745678741
Gout,EUR_EAS,EUR_EAS_08,0.01,AFR,0.586706025405641,0.0309879663715117,0.526535748783179,0.649563700612075
Gout,EUR_EAS,EUR_EAS_08,0.01,AMR,0.78867421414806,0.0214286851027364,0.745079748598517,0.829084304287809
Gout,EUR_EAS,EUR_EAS_08,0.1,MELD_lambda0_true,0.89887023169394,0.0096041572419664,0.880117950684073,0.91715490980357
Gout,EUR_EAS,EUR_EAS_08,0.1,MELD_lambda0_equal,0.887801038490769,0.0110219838756257,0.864870314112697,0.908746890132898
Gout,EUR_EAS,EUR_EAS_08,0.1,MELD_lambda1_true,0.897411126139122,0.00979126045713676,0.877374912225287,0.915655520761358
Gout,EUR_EAS,EUR_EAS_08,0.1,MELD_lambda0_scrambled,0.839195467778111,0.0132324256368652,0.812208743946313,0.864186165960701
Gout,EUR_EAS,EUR_EAS_08,0.1,EUR,0.860083986954947,0.0127859900838315,0.835034411901085,0.885270893813009
Gout,EUR_EAS,EUR_EAS_08,0.1,EAS,0.823559069284337,0.0127075826816599,0.797924940872443,0.848157390999699
Gout,EUR_EAS,EUR_EAS_08,0.1,AFR,0.654134962544473,0.0246753088639561,0.608368822407027,0.704517468214806
Gout,EUR_EAS,EUR_EAS_08,0.1,AMR,0.814647549908848,0.0180820640587879,0.778356216230401,0.850002490646655
Gout,EUR_EAS,EUR_EAS_09,0.001,MELD_lambda0_true,0.849641404135172,0.0177640735224614,0.811334667267797,0.881492382460321
Gout,EUR_EAS,EUR_EAS_09,0.001,MELD_lambda0_equal,0.864831307387284,0.0140803639612642,0.835361879296787,0.89068441071663
Gout,EUR_EAS,EUR_EAS_09,0.001,MELD_lambda1_true,0.850224405555873,0.0172561660508246,0.8145976925342,0.881355331395336
Gout,EUR_EAS,EUR_EAS_09,0.001,MELD_lambda0_scrambled,0.745655427307626,0.0293604882977692,0.680832972258835,0.797114643723799
Gout,EUR_EAS,EUR_EAS_09,0.001,EUR,0.775360489568617,0.0225807661936197,0.729919796772008,0.817487233752135
Gout,EUR_EAS,EUR_EAS_09,0.001,EAS,0.607041091353296,0.0321447038127772,0.540026510213176,0.667962759011051
Gout,EUR_EAS,EUR_EAS_09,0.001,AFR,0.443931931784012,0.0301078765757179,0.387796157682967,0.508322667755931
Gout,EUR_EAS,EUR_EAS_09,0.001,AMR,0.713451184976478,0.0277084561767186,0.658250125280166,0.766605305194612
Gout,EUR_EAS,EUR_EAS_09,0.01,MELD_lambda0_true,0.889693649724808,0.0126416381426486,0.863462857198557,0.912730382298699
Gout,EUR_EAS,EUR_EAS_09,0.01,MELD_lambda0_equal,0.879943795126932,0.0137637393775965,0.852291607090043,0.904665350373419
Gout,EUR_EAS,EUR_EAS_09,0.01,MELD_lambda1_true,0.888935727327722,0.0129291757267166,0.861816086453407,0.912773771943212
Gout,EUR_EAS,EUR_EAS_09,0.01,MELD_lambda0_scrambled,0.838364476540857,0.0169970762501989,0.802935056468097,0.869928470131814
Gout,EUR_EAS,EUR_EAS_09,0.01,EUR,0.853863123608225,0.0157039281174597,0.82105204526643,0.88219339139989
Gout,EUR_EAS,EUR_EAS_09,0.01,EAS,0.757365591163377,0.0205104884704044,0.717405792645549,0.795848034470941
Gout,EUR_EAS,EUR_EAS_09,0.01,AFR,0.573383652214245,0.0338832621044711,0.506753206371622,0.639497199017399
Gout,EUR_EAS,EUR_EAS_09,0.01,AMR,0.78932827779553,0.021724608946017,0.74545902351567,0.831070606862603
Gout,EUR_EAS,EUR_EAS_09,0.1,MELD_lambda0_true,0.890343067943522,0.0113655808751635,0.867387172937329,0.911775636607481
Gout,EUR_EAS,EUR_EAS_09,0.1,MELD_lambda0_equal,0.880020207467175,0.013615235366281,0.849651463570215,0.904963753544121
Gout,EUR_EAS,EUR_EAS_09,0.1,MELD_lambda1_true,0.888618997458931,0.0118993714659956,0.862969310271124,0.910510620744302
Gout,EUR_EAS,EUR_EAS_09,0.1,MELD_lambda0_scrambled,0.849952830518232,0.0148101236956292,0.819617072367441,0.8769470442615
Gout,EUR_EAS,EUR_EAS_09,0.1,EUR,0.862302135693647,0.0143085691764979,0.832561416912351,0.88826173909428
Gout,EUR_EAS,EUR_EAS_09,0.1,EAS,0.7999779196414,0.0170206641095373,0.765945025303021,0.832977355971111
Gout,EUR_EAS,EUR_EAS_09,0.1,AFR,0.652238413353885,0.0300845405266098,0.594064080062738,0.712734505961986
Gout,EUR_EAS,EUR_EAS_09,0.1,AMR,0.81206655433409,0.0169176535967483,0.780589685372274,0.846773084328713
Gout,EUR_EAS,EUR_EAS_10,0.001,MELD_lambda0_true,0.844796387856292,0.015656169668102,0.815427049897,0.877501772209893
Gout,EUR_EAS,EUR_EAS_10,0.001,MELD_lambda0_equal,0.857375381432346,0.0106687888557371,0.837077928357755,0.879171449730457
Gout,EUR_EAS,EUR_EAS_10,0.001,MELD_lambda1_true,0.844753391785767,0.0154070529015014,0.815516201150072,0.876335128177205
Gout,EUR_EAS,EUR_EAS_10,0.001,MELD_lambda0_scrambled,0.644189642274885,0.0204727509417322,0.605522255044983,0.687018482544003
Gout,EUR_EAS,EUR_EAS_10,0.001,EUR,0.805708235155215,0.0171550312690872,0.773881347498683,0.84041920367521
Gout,EUR_EAS,EUR_EAS_10,0.001,EAS,0.59461023696753,0.0278275843624247,0.541287090690473,0.648539348579961
Gout,EUR_EAS,EUR_EAS_10,0.001,AFR,0.451200630500086,0.030777284915532,0.39495357217713,0.516324534971587
Gout,EUR_EAS,EUR_EAS_10,0.001,AMR,0.69966007562843,0.0257871220259284,0.650585954720831,0.753130869493613
Gout,EUR_EAS,EUR_EAS_10,0.01,MELD_lambda0_true,0.886029241491435,0.0102654588251738,0.866075147451669,0.906610862420101
Gout,EUR_EAS,EUR_EAS_10,0.01,MELD_lambda0_equal,0.876836128846633,0.00942811232343132,0.858688253803029,0.89560843699192
Gout,EUR_EAS,EUR_EAS_10,0.01,MELD_lambda1_true,0.885415927838411,0.0106995651859746,0.865545888116922,0.907554401244418
Gout,EUR_EAS,EUR_EAS_10,0.01,MELD_lambda0_scrambled,0.726783861595606,0.0177425706738567,0.69269669485666,0.761735180556723
Gout,EUR_EAS,EUR_EAS_10,0.01,EUR,0.867143503197188,0.0107358240415895,0.84692534422988,0.888237680954752
Gout,EUR_EAS,EUR_EAS_10,0.01,EAS,0.753963854461005,0.0176906920927384,0.719861332364333,0.788167197937138
Gout,EUR_EAS,EUR_EAS_10,0.01,AFR,0.578926613126657,0.0314645908355467,0.516571799788584,0.638298474555973
Gout,EUR_EAS,EUR_EAS_10,0.01,AMR,0.793216324826947,0.0194960037631941,0.75679030450786,0.831095833837183
Gout,EUR_EAS,EUR_EAS_10,0.1,MELD_lambda0_true,0.88837878963044,0.00969358505599692,0.870045918670218,0.908441713214399
Gout,EUR_EAS,EUR_EAS_10,0.1,MELD_lambda0_equal,0.877927107754465,0.0100730440085771,0.858036456999674,0.897928326242938
Gout,EUR_EAS,EUR_EAS_10,0.1,MELD_lambda1_true,0.887667892877614,0.00983621987218735,0.868848082238137,0.907564723769426
Gout,EUR_EAS,EUR_EAS_10,0.1,MELD_lambda0_scrambled,0.758488386812072,0.0176632981499611,0.724823987885819,0.792533960622378
Gout,EUR_EAS,EUR_EAS_10,0.1,EUR,0.874065966237967,0.0106029085519946,0.853423789859803,0.895056862978804
Gout,EUR_EAS,EUR_EAS_10,0.1,EAS,0.786338658378096,0.0145152743504491,0.757135308150342,0.814202838026681
Gout,EUR_EAS,EUR_EAS_10,0.1,AFR,0.644571078336265,0.0263095714682236,0.593541911416604,0.695612563888731
Gout,EUR_EAS,EUR_EAS_10,0.1,AMR,0.814394407229283,0.0168879984554463,0.781030197762429,0.847465794296283
Gout,EUR_EAS,EUR_EAS_11,0.001,MELD_lambda0_true,0.819539108353839,0.0164601932087473,0.78862024194078,0.852554934992244
Gout,EUR_EAS,EUR_EAS_11,0.001,MELD_lambda0_equal,0.841495054373937,0.0116876917116416,0.819878312174402,0.866314492928895
Gout,EUR_EAS,EUR_EAS_11,0.001,MELD_lambda1_true,0.819539108353839,0.0169797124333643,0.786301566101568,0.852782298456056
Gout,EUR_EAS,EUR_EAS_11,0.001,MELD_lambda0_scrambled,0.423627951596772,0.0328762852482717,0.36602682208646,0.49541647377404
Gout,EUR_EAS,EUR_EAS_11,0.001,EUR,0.819539108353841,0.0172216917641095,0.785742121698105,0.85411201275997
Gout,EUR_EAS,EUR_EAS_11,0.001,EAS,0.511197993974421,0.0267804148405753,0.459101295643658,0.561602254024082
Gout,EUR_EAS,EUR_EAS_11,0.001,AFR,0.423686839236964,0.0331018995707185,0.363372699706553,0.493697602425027
Gout,EUR_EAS,EUR_EAS_11,0.001,AMR,0.673983868454365,0.0296752770313913,0.618128433445407,0.734946003604965
Gout,EUR_EAS,EUR_EAS_11,0.01,MELD_lambda0_true,0.876669277483394,0.0124610528480888,0.85279712113035,0.900507259513566
Gout,EUR_EAS,EUR_EAS_11,0.01,MELD_lambda0_equal,0.863677075003615,0.0107742282665994,0.844130153900982,0.885699726937284
Gout,EUR_EAS,EUR_EAS_11,0.01,MELD_lambda1_true,0.876669277483394,0.0123455182453085,0.850916951400918,0.90096629192672
Gout,EUR_EAS,EUR_EAS_11,0.01,MELD_lambda0_scrambled,0.559104533888245,0.030325744616319,0.502917713640329,0.618372560644648
Gout,EUR_EAS,EUR_EAS_11,0.01,EUR,0.876669277483396,0.0122395759200409,0.852548299603891,0.901350003737659
Gout,EUR_EAS,EUR_EAS_11,0.01,EAS,0.700868777932104,0.0169549667115011,0.668478492607797,0.735923712187506
Gout,EUR_EAS,EUR_EAS_11,0.01,AFR,0.559178529921702,0.0301987816483574,0.504159384464503,0.617838669231305
Gout,EUR_EAS,EUR_EAS_11,0.01,AMR,0.772936344136831,0.0228261548019011,0.732027169667554,0.818319324325012
Gout,EUR_EAS,EUR_EAS_11,0.1,MELD_lambda0_true,0.883065874267457,0.0114944621175773,0.859517814898085,0.905050223857735
Gout,EUR_EAS,EUR_EAS_11,0.1,MELD_lambda0_equal,0.86669994047308,0.0102752691077967,0.846935963669175,0.886593516845447
Gout,EUR_EAS,EUR_EAS_11,0.1,MELD_lambda1_true,0.883065874267457,0.011668078195491,0.859398408380021,0.904882685721082
Gout,EUR_EAS,EUR_EAS_11,0.1,MELD_lambda0_scrambled,0.634839345062735,0.0234382574096632,0.590765444764615,0.684432597139772
Gout,EUR_EAS,EUR_EAS_11,0.1,EUR,0.883065874267458,0.0116592397402605,0.860463167123013,0.905633344338482
Gout,EUR_EAS,EUR_EAS_11,0.1,EAS,0.755962692375006,0.0143894515406939,0.728720833546471,0.78437687960276
Gout,EUR_EAS,EUR_EAS_11,0.1,AFR,0.634922000782285,0.0230616500379174,0.592424584603451,0.680755887304014
Gout,EUR_EAS,EUR_EAS_11,0.1,AMR,0.806567215782543,0.0182279569074609,0.771889033202437,0.844126433536006
Gout,multi,equal,0.001,MELD_lambda0_true,0.794758392266003,0.0174573039702719,0.760262078782255,0.827054787083484
Gout,multi,equal,0.001,MELD_lambda0_equal,0.794758392266003,0.0174645328722497,0.76021582064999,0.829351975106148
Gout,multi,equal,0.001,MELD_lambda1_true,0.79232585290508,0.0175501680941267,0.757125565959421,0.826928051174915
Gout,multi,equal,0.001,MELD_lambda0_scrambled,0.794758392266003,0.0176266606199199,0.759820239462427,0.828672512377321
Gout,multi,equal,0.001,EUR,0.533738064759851,0.0299665033664472,0.474809833224956,0.592209634928924
Gout,multi,equal,0.001,EAS,0.458434066337939,0.0271112343828494,0.405751446099887,0.511382805526851
Gout,multi,equal,0.001,AFR,0.447920698070101,0.0356792643120559,0.385053795126631,0.522101453984084
Gout,multi,equal,0.001,AMR,0.533292010460148,0.0283302652406478,0.477315559171534,0.589023933367257
Gout,multi,equal,0.01,MELD_lambda0_true,0.824576450247437,0.015505849355748,0.794696492269483,0.85397910879386
Gout,multi,equal,0.01,MELD_lambda0_equal,0.824576450247437,0.0154419599836204,0.793081103081526,0.85218433670963
Gout,multi,equal,0.01,MELD_lambda1_true,0.823032706551084,0.0151693631685844,0.792072158630353,0.851523262057184
Gout,multi,equal,0.01,MELD_lambda0_scrambled,0.824576450247437,0.0151584866430572,0.794431514612872,0.852985866501249
Gout,multi,equal,0.01,EUR,0.697829381106063,0.0227326369871603,0.651567716107039,0.740808525848826
Gout,multi,equal,0.01,EAS,0.651174458580152,0.0221885292066303,0.610382724800429,0.695638460295565
Gout,multi,equal,0.01,AFR,0.570059798554636,0.0349412154875761,0.502351423724175,0.641824060992385
Gout,multi,equal,0.01,AMR,0.667990496977757,0.0271291773403584,0.61641267631249,0.721743114935805
Gout,multi,equal,0.1,MELD_lambda0_true,0.830548354108652,0.0139978399414731,0.801379149558768,0.856034064910552
Gout,multi,equal,0.1,MELD_lambda0_equal,0.830548354108652,0.0139228373163344,0.802389387811184,0.857780531029832
Gout,multi,equal,0.1,MELD_lambda1_true,0.826970648364706,0.0142689679823636,0.798232933643641,0.854781195044832
Gout,multi,equal,0.1,MELD_lambda0_scrambled,0.830548354108652,0.0136751219804615,0.802259605700626,0.855879040549942
Gout,multi,equal,0.1,EUR,0.74124129958982,0.0169272528409664,0.7072513106876,0.771970664392617
Gout,multi,equal,0.1,EAS,0.717585774228867,0.0185536910538181,0.679813037958448,0.752016696159882
Gout,multi,equal,0.1,AFR,0.643830228940626,0.0272070666372482,0.592911002194092,0.698043898370763
Gout,multi,equal,0.1,AMR,0.722344742014818,0.0230522964548821,0.678510078169702,0.769507326006592
Gout,multi,reported,0.001,MELD_lambda0_true,0.873409556202663,0.0128709891566687,0.847847440432415,0.899060847283638
Gout,multi,reported,0.001,MELD_lambda0_equal,0.868292541641821,0.0124521743307445,0.843345842156547,0.892146518568769
Gout,multi,reported,0.001,MELD_lambda1_true,0.871609159405816,0.0123390621163773,0.847670831713806,0.896048497935553
Gout,multi,reported,0.001,MELD_lambda0_scrambled,0.857564794113147,0.0140777725458327,0.829525851432377,0.885648442080443
Gout,multi,reported,0.001,EUR,0.774198657201702,0.0214516052245555,0.732015734957857,0.815479513128556
Gout,multi,reported,0.001,EAS,0.605309707983644,0.0296826142029022,0.547937175385331,0.66402046737248
Gout,multi,reported,0.001,AFR,0.458519226784587,0.0276399915095219,0.405233488436865,0.512675560378993
Gout,multi,reported,0.001,AMR,0.661575459918482,0.0310499091578273,0.602571997059384,0.7225852217605
Gout,multi,reported,0.01,MELD_lambda0_true,0.898314824193262,0.0107301461771671,0.876162663131377,0.918126355259317
Gout,multi,reported,0.01,MELD_lambda0_equal,0.884783524188461,0.0115309455690902,0.861358089101389,0.906297973155716
Gout,multi,reported,0.01,MELD_lambda1_true,0.897590441725205,0.0107964639102089,0.87515541711893,0.918242548082598
Gout,multi,reported,0.01,MELD_lambda0_scrambled,0.882800863491212,0.011673250453725,0.858952071174058,0.904083080664523
Gout,multi,reported,0.01,EUR,0.851256066711339,0.0138245906586538,0.823880294227955,0.878092251980298
Gout,multi,reported,0.01,EAS,0.767417160627213,0.0164956045859553,0.735584180505975,0.800375522429904
Gout,multi,reported,0.01,AFR,0.591664867364543,0.0310090391040362,0.53375901512037,0.6551974041034
Gout,multi,reported,0.01,AMR,0.760604859298102,0.024879719689735,0.712759404357071,0.807093137722104
Gout,multi,reported,0.1,MELD_lambda0_true,0.895521954818499,0.0104069857075389,0.874824009938932,0.915088480332058
Gout,multi,reported,0.1,MELD_lambda0_equal,0.88439370425708,0.011339638694177,0.860386464994288,0.904999508044054
Gout,multi,reported,0.1,MELD_lambda1_true,0.894927599411562,0.0104410949124337,0.872900964731377,0.914199651599768
Gout,multi,reported,0.1,MELD_lambda0_scrambled,0.881243577707311,0.0113127494906926,0.858714031746282,0.903538037964928
Gout,multi,reported,0.1,EUR,0.862802288605552,0.0120642739921598,0.838806619449656,0.886754095618086
Gout,multi,reported,0.1,EAS,0.80406698765909,0.0136304821542707,0.776656388138697,0.830332063741139
Gout,multi,reported,0.1,AFR,0.666586782460878,0.0269773498941814,0.613569296321365,0.72064766291431
Gout,multi,reported,0.1,AMR,0.801151074127468,0.0190149435504844,0.766399639979673,0.840311829630621
Gout,multi,w25rest,0.001,MELD_lambda0_true,0.795848332669589,0.0201536066608541,0.754762529748403,0.833391423131019
Gout,multi,w25rest,0.001,MELD_lambda0_equal,0.795848332669589,0.0206732569117879,0.753385862565725,0.833953226759488
Gout,multi,w25rest,0.001,MELD_lambda1_true,0.792260978647475,0.0196441968695836,0.753457093563509,0.830188909029646
Gout,multi,w25rest,0.001,MELD_lambda0_scrambled,0.795848332669589,0.0203247234273834,0.755540481093325,0.834195874077743
Gout,multi,w25rest,0.001,EUR,0.534421992609432,0.0316113160419259,0.474683957711957,0.598000042422721
Gout,multi,w25rest,0.001,EAS,0.461702072020929,0.0281365907776193,0.408881907028269,0.51842728048825
Gout,multi,w25rest,0.001,AFR,0.463608035554203,0.0324061778520303,0.401613290911979,0.530457574504501
Gout,multi,w25rest,0.001,AMR,0.553829070190906,0.0255198223007267,0.503611998226415,0.603460518400649
Gout,multi,w25rest,0.01,MELD_lambda0_true,0.818438260874637,0.0187791112528915,0.781410631438884,0.853788854719284
Gout,multi,w25rest,0.01,MELD_lambda0_equal,0.818438260874637,0.0184942670620269,0.782079508764306,0.854199789080178
Gout,multi,w25rest,0.01,MELD_lambda1_true,0.816126221119166,0.0179260041691571,0.781280834777317,0.850252240503073
Gout,multi,w25rest,0.01,MELD_lambda0_scrambled,0.818438260874637,0.0182754641681898,0.782157324008922,0.854808864963319
Gout,multi,w25rest,0.01,EUR,0.686129364052774,0.023530359393997,0.642387194513954,0.733262943713868
Gout,multi,w25rest,0.01,EAS,0.643874011060296,0.0234446701238282,0.598736043658685,0.690245818569441
Gout,multi,w25rest,0.01,AFR,0.581772476732736,0.0305205529138947,0.526690601540072,0.642804024502284
Gout,multi,w25rest,0.01,AMR,0.680218949684446,0.0227462547381769,0.63757549278523,0.727578979505357
Gout,multi,w25rest,0.1,MELD_lambda0_true,0.825549954067966,0.016538341986278,0.79333143112871,0.857972559888781
Gout,multi,w25rest,0.1,MELD_lambda0_equal,0.825549954067966,0.0167528471015611,0.791766661402376,0.857166837024934
Gout,multi,w25rest,0.1,MELD_lambda1_true,0.82241540691857,0.0165707460724914,0.789570769270156,0.854386981493833
Gout,multi,w25rest,0.1,MELD_lambda0_scrambled,0.825549954067966,0.0167401044049134,0.791806335239557,0.857321486058546
Gout,multi,w25rest,0.1,EUR,0.73273130010118,0.0184239286151156,0.696873820371248,0.768418169917987
Gout,multi,w25rest,0.1,EAS,0.714217807749616,0.0177144696150303,0.679093287981793,0.747240002741194
Gout,multi,w25rest,0.1,AFR,0.646398503288241,0.0257782979306725,0.596952548246817,0.696982987259266
Gout,multi,w25rest,0.1,AMR,0.728213857813102,0.0220561682768401,0.68692733271778,0.772016277962868
Gout,multi,w50rest,0.001,MELD_lambda0_true,0.833766026246174,0.0168096830140438,0.798640495056324,0.863604789950149
Gout,multi,w50rest,0.001,MELD_lambda0_equal,0.825608034780172,0.0175253196514194,0.79015886430324,0.858540575008301
Gout,multi,w50rest,0.001,MELD_lambda1_true,0.834009337387737,0.0170009389815773,0.799116449708681,0.866122980970829
Gout,multi,w50rest,0.001,MELD_lambda0_scrambled,0.803936868050033,0.0179477007264364,0.769255038239096,0.837411611224359
Gout,multi,w50rest,0.001,EUR,0.628527290867871,0.029202386301702,0.570269120117215,0.683134609473337
Gout,multi,w50rest,0.001,EAS,0.495625152895795,0.0328324995114268,0.435239188771209,0.564644019763999
Gout,multi,w50rest,0.001,AFR,0.47228645853952,0.0394592221554352,0.399386745067188,0.551139842919608
Gout,multi,w50rest,0.001,AMR,0.593794127454477,0.0316916974155184,0.535260068346334,0.655243266840764
Gout,multi,w50rest,0.01,MELD_lambda0_true,0.854072588463532,0.0149592255141008,0.82438618126391,0.881205669773225
Gout,multi,w50rest,0.01,MELD_lambda0_equal,0.848588253791167,0.0148420569697939,0.81880909013276,0.876713948289789
Gout,multi,w50rest,0.01,MELD_lambda1_true,0.85381986380875,0.0141951755942962,0.82376621449466,0.879843207751474
Gout,multi,w50rest,0.01,MELD_lambda0_scrambled,0.83093996411835,0.0158133113392092,0.800166084353172,0.861494042165188
Gout,multi,w50rest,0.01,EUR,0.758098443005209,0.0220235340208321,0.712438696141796,0.798790222382734
Gout,multi,w50rest,0.01,EAS,0.678262548881277,0.0257638616402123,0.626764141399896,0.729447717610246
Gout,multi,w50rest,0.01,AFR,0.589646559434472,0.0352575841646483,0.522725889163807,0.660508606750514
Gout,multi,w50rest,0.01,AMR,0.711187541301246,0.0267415791550559,0.657681188229383,0.763543540283006
Gout,multi,w50rest,0.1,MELD_lambda0_true,0.854020717170266,0.0139244194309011,0.825489878837902,0.879860229118806
Gout,multi,w50rest,0.1,MELD_lambda0_equal,0.850297230630664,0.0144550687501441,0.822373970827205,0.876859117357142
Gout,multi,w50rest,0.1,MELD_lambda1_true,0.853432601647594,0.0138927376911571,0.825457902425907,0.880071341957828
Gout,multi,w50rest,0.1,MELD_lambda0_scrambled,0.834406448322388,0.0152595730825626,0.805419494607433,0.863406007862328
Gout,multi,w50rest,0.1,EUR,0.789649518205444,0.0168939628006677,0.756071135762552,0.822324657752914
Gout,multi,w50rest,0.1,EAS,0.734961351202945,0.0214777579024144,0.691578388584417,0.774238530040036
Gout,multi,w50rest,0.1,AFR,0.649487057615927,0.0271314549676732,0.601083551486172,0.705294009539196
Gout,multi,w50rest,0.1,AMR,0.764097437979231,0.0217480793446876,0.722241418476757,0.806828683274378
COPD,EUR_AFR,EUR_AFR_01,0.001,MELD_lambda0_true,0.415372103392257,0.0386416506227602,0.345883917150938,0.496890803232499
COPD,EUR_AFR,EUR_AFR_01,0.001,MELD_lambda0_equal,0.545454742242457,0.0276970187579257,0.489982407570134,0.598004507114128
COPD,EUR_AFR,EUR_AFR_01,0.001,MELD_lambda1_true,0.415372103392257,0.0398435104237703,0.343329583825295,0.500439058051101
COPD,EUR_AFR,EUR_AFR_01,0.001,MELD_lambda0_scrambled,0.19766740700618,0.0212301076357067,0.15991028944416,0.242503091788271
COPD,EUR_AFR,EUR_AFR_01,0.001,EUR,0.24611691090202,0.0235592255756714,0.201746238028576,0.292747968306601
COPD,EUR_AFR,EUR_AFR_01,0.001,EAS,0.197667407006191,0.0213375444717405,0.15969537047489,0.244674805195439
COPD,EUR_AFR,EUR_AFR_01,0.001,AFR,0.416580745019798,0.0406255117933432,0.345705587469136,0.502713626489003
COPD,EUR_AFR,EUR_AFR_01,0.001,AMR,0.30581215464657,0.0290239862418861,0.254520164120473,0.367697779097377
COPD,EUR_AFR,EUR_AFR_01,0.01,MELD_lambda0_true,0.54353306419379,0.03352856282792,0.47838257160181,0.608043282945105
COPD,EUR_AFR,EUR_AFR_01,0.01,MELD_lambda0_equal,0.609677590569621,0.0231599596412064,0.563222313970836,0.655497123939296
COPD,EUR_AFR,EUR_AFR_01,0.01,MELD_lambda1_true,0.54353306419379,0.0335433379630327,0.479736041104006,0.612307093611218
COPD,EUR_AFR,EUR_AFR_01,0.01,MELD_lambda0_scrambled,0.349331069615564,0.0198012737885207,0.313518415912452,0.390511287111128
COPD,EUR_AFR,EUR_AFR_01,0.01,EUR,0.400372846066873,0.0258822564329226,0.347720952017483,0.448783644428429
COPD,EUR_AFR,EUR_AFR_01,0.01,EAS,0.349331069615567,0.0202782376941677,0.312632573052472,0.392103118526055
COPD,EUR_AFR,EUR_AFR_01,0.01,AFR,0.544976651621249,0.0342949675639858,0.480523508664717,0.61278474509097
COPD,EUR_AFR,EUR_AFR_01,0.01,AMR,0.425876383642936,0.0266071732507735,0.380167450919134,0.485162296790648
COPD,EUR_AFR,EUR_AFR_01,0.1,MELD_lambda0_true,0.619975706169807,0.0250672591469916,0.570047922717889,0.667493723945285
COPD,EUR_AFR,EUR_AFR_01,0.1,MELD_lambda0_equal,0.640016135665063,0.0210170461260082,0.596973615142188,0.681222339193539
COPD,EUR_AFR,EUR_AFR_01,0.1,MELD_lambda1_true,0.619975706169807,0.0250488802167908,0.570918888663532,0.670651971124967
COPD,EUR_AFR,EUR_AFR_01,0.1,MELD_lambda0_scrambled,0.424752833935658,0.0198238881300305,0.386228114387278,0.46450152701442
COPD,EUR_AFR,EUR_AFR_01,0.1,EUR,0.464947418984309,0.0265453009310865,0.409345528939349,0.514927764425421
COPD,EUR_AFR,EUR_AFR_01,0.1,EAS,0.424752833935658,0.0199130671534336,0.384063141201867,0.465259208979915
COPD,EUR_AFR,EUR_AFR_01,0.1,AFR,0.621294525761022,0.0256041329514454,0.57362930471908,0.673913636929567
COPD,EUR_AFR,EUR_AFR_01,0.1,AMR,0.493280679543458,0.0232235904499543,0.451145175804919,0.544339184572506
COPD,EUR_AFR,EUR_AFR_02,0.001,MELD_lambda0_true,0.530546378567507,0.0307793783013579,0.478444520882573,0.596871971926873
COPD,EUR_AFR,EUR_AFR_02,0.001,MELD_lambda0_equal,0.602744652050285,0.0269162020968613,0.553061927924185,0.659018552838837
COPD,EUR_AFR,EUR_AFR_02,0.001,MELD_lambda1_true,0.538271504001705,0.0300016861138499,0.481536620384435,0.601387052322333
COPD,EUR_AFR,EUR_AFR_02,0.001,MELD_lambda0_scrambled,0.4792986932867,0.0331755878411111,0.415356492112585,0.54325641221991
COPD,EUR_AFR,EUR_AFR_02,0.001,EUR,0.285030575256267,0.0253316034051759,0.237938626536468,0.335428231133732
COPD,EUR_AFR,EUR_AFR_02,0.001,EAS,0.257076645368584,0.0297195689620185,0.201599018246317,0.314756208527409
COPD,EUR_AFR,EUR_AFR_02,0.001,AFR,0.399776948422798,0.0393176001504813,0.327266568754442,0.483833562255676
COPD,EUR_AFR,EUR_AFR_02,0.001,AMR,0.34137246653561,0.0323054179301465,0.287472689510751,0.411930567422088
COPD,EUR_AFR,EUR_AFR_02,0.01,MELD_lambda0_true,0.616102296359214,0.028267714538939,0.563305971711904,0.672973883168042
COPD,EUR_AFR,EUR_AFR_02,0.01,MELD_lambda0_equal,0.663631740820556,0.0237442140521342,0.621157037350298,0.712792014358883
COPD,EUR_AFR,EUR_AFR_02,0.01,MELD_lambda1_true,0.619592102310169,0.0286041818377676,0.565124043029079,0.68019309135272
COPD,EUR_AFR,EUR_AFR_02,0.01,MELD_lambda0_scrambled,0.594780752978264,0.0288752182118264,0.535066681387512,0.650499752566141
COPD,EUR_AFR,EUR_AFR_02,0.01,EUR,0.459535331407993,0.0239838507336988,0.413914912245849,0.507988826306464
COPD,EUR_AFR,EUR_AFR_02,0.01,EAS,0.431749169726044,0.0284974092365927,0.375606516870463,0.48687130699396
COPD,EUR_AFR,EUR_AFR_02,0.01,AFR,0.518655900660686,0.0361601865175496,0.450411066240187,0.588935129452075
COPD,EUR_AFR,EUR_AFR_02,0.01,AMR,0.465381586570968,0.0297217401053906,0.411440027697307,0.525682569646487
COPD,EUR_AFR,EUR_AFR_02,0.1,MELD_lambda0_true,0.670447759819368,0.0242987136627788,0.624179752048567,0.718462784746756
COPD,EUR_AFR,EUR_AFR_02,0.1,MELD_lambda0_equal,0.687127217083882,0.0205947220386958,0.646937815474872,0.726360582651548
COPD,EUR_AFR,EUR_AFR_02,0.1,MELD_lambda1_true,0.671188504422214,0.0247195673062118,0.625594217595412,0.720759157639516
COPD,EUR_AFR,EUR_AFR_02,0.1,MELD_lambda0_scrambled,0.626469940396312,0.0223632649057631,0.583306172890557,0.66986601998449
COPD,EUR_AFR,EUR_AFR_02,0.1,EUR,0.535519253111884,0.0226006638800069,0.490101101052898,0.578004964657468
COPD,EUR_AFR,EUR_AFR_02,0.1,EAS,0.496542813064412,0.0243493916084172,0.448687675077998,0.542284429396762
COPD,EUR_AFR,EUR_AFR_02,0.1,AFR,0.6060748417365,0.0295923995879261,0.551608945656713,0.664688302469559
COPD,EUR_AFR,EUR_AFR_02,0.1,AMR,0.539717422697689,0.0251739400932551,0.494031740955887,0.592624812201979
COPD,EUR_AFR,EUR_AFR_03,0.001,MELD_lambda0_true,0.578474228782892,0.0327759082777719,0.514633775071557,0.640956208025681
COPD,EUR_AFR,EUR_AFR_03,0.001,MELD_lambda0_equal,0.633819787176693,0.0252114774432868,0.582472383533847,0.682214043918727
COPD,EUR_AFR,EUR_AFR_03,0.001,MELD_lambda1_true,0.585668019549185,0.0326077075607968,0.521902867773391,0.64962608174761
COPD,EUR_AFR,EUR_AFR_03,0.001,MELD_lambda0_scrambled,0.578474228782892,0.031611780550069,0.517215641091281,0.640798638206009
COPD,EUR_AFR,EUR_AFR_03,0.001,EUR,0.352324431611445,0.0253598170192192,0.303425664544102,0.400795593208627
COPD,EUR_AFR,EUR_AFR_03,0.001,EAS,0.268362668639384,0.0242266091933628,0.221966859984624,0.31755940427503
COPD,EUR_AFR,EUR_AFR_03,0.001,AFR,0.412597405890965,0.0379663037141241,0.342142423565764,0.492083246487271
COPD,EUR_AFR,EUR_AFR_03,0.001,AMR,0.366452162244904,0.0294363439629425,0.30978746265537,0.424417634918268
COPD,EUR_AFR,EUR_AFR_03,0.01,MELD_lambda0_true,0.660766923753737,0.0290217364588554,0.602629515373616,0.717576115193142
COPD,EUR_AFR,EUR_AFR_03,0.01,MELD_lambda0_equal,0.68617725316,0.0231174517295821,0.641534216271715,0.733083479770534
COPD,EUR_AFR,EUR_AFR_03,0.01,MELD_lambda1_true,0.663553010769608,0.0276980199830279,0.607563829532248,0.716088254697072
COPD,EUR_AFR,EUR_AFR_03,0.01,MELD_lambda0_scrambled,0.660766923753737,0.0285421008578946,0.602396454694595,0.713023010875299
COPD,EUR_AFR,EUR_AFR_03,0.01,EUR,0.507411907669181,0.027455868226265,0.452978325722575,0.557995052359827
COPD,EUR_AFR,EUR_AFR_03,0.01,EAS,0.452059142641739,0.0238515678060338,0.406126296870618,0.500838053233798
COPD,EUR_AFR,EUR_AFR_03,0.01,AFR,0.5402939740197,0.0345362721005838,0.472077340153422,0.607703542671692
COPD,EUR_AFR,EUR_AFR_03,0.01,AMR,0.494086346720304,0.0303788985997054,0.438877847079075,0.556932491864587
COPD,EUR_AFR,EUR_AFR_03,0.1,MELD_lambda0_true,0.699452328265527,0.0244447317559179,0.650556771688067,0.745294347686973
COPD,EUR_AFR,EUR_AFR_03,0.1,MELD_lambda0_equal,0.703621005058432,0.0211728630414362,0.660505514381842,0.744130327826944
COPD,EUR_AFR,EUR_AFR_03,0.1,MELD_lambda1_true,0.700760091959885,0.0250691171392904,0.652929937706529,0.748711188323119
COPD,EUR_AFR,EUR_AFR_03,0.1,MELD_lambda0_scrambled,0.699452328265527,0.024047770950383,0.651281663350806,0.744902909331784
COPD,EUR_AFR,EUR_AFR_03,0.1,EUR,0.571914534645863,0.0259215941718141,0.520025332466798,0.618876661698902
COPD,EUR_AFR,EUR_AFR_03,0.1,EAS,0.519126123797545,0.0227980738478564,0.474291399630971,0.563333524576664
COPD,EUR_AFR,EUR_AFR_03,0.1,AFR,0.617386628259483,0.0275774917803924,0.563375930472486,0.671059258573077
COPD,EUR_AFR,EUR_AFR_03,0.1,AMR,0.567063243239712,0.025230510985809,0.519088085851978,0.617111757488802
COPD,EUR_AFR,EUR_AFR_04,0.001,MELD_lambda0_true,0.619567421731252,0.0283390603667716,0.565668130395925,0.676230706558694
COPD,EUR_AFR,EUR_AFR_04,0.001,MELD_lambda0_equal,0.655938462983276,0.0239380471568889,0.613617608892795,0.705491475184092
COPD,EUR_AFR,EUR_AFR_04,0.001,MELD_lambda1_true,0.62539882465793,0.0271999182782192,0.574014754753142,0.679528232954593
COPD,EUR_AFR,EUR_AFR_04,0.001,MELD_lambda0_scrambled,0.566563128186224,0.0298546789551142,0.511069907093474,0.629723047443789
COPD,EUR_AFR,EUR_AFR_04,0.001,EUR,0.377384818069886,0.0297933176674679,0.321686458395509,0.439934151360304
COPD,EUR_AFR,EUR_AFR_04,0.001,EAS,0.305672101191589,0.0282814624581241,0.25162103472856,0.359886436667948
COPD,EUR_AFR,EUR_AFR_04,0.001,AFR,0.407104221618443,0.0369493384925387,0.340771591452688,0.486753058937115
COPD,EUR_AFR,EUR_AFR_04,0.001,AMR,0.380675615400005,0.0304002158432359,0.321081312081851,0.441313035313566
COPD,EUR_AFR,EUR_AFR_04,0.01,MELD_lambda0_true,0.695833384228019,0.0244078403541652,0.649065787580421,0.743969407547845
COPD,EUR_AFR,EUR_AFR_04,0.01,MELD_lambda0_equal,0.712235979579487,0.0200925680926072,0.673920468882465,0.750723889547334
COPD,EUR_AFR,EUR_AFR_04,0.01,MELD_lambda1_true,0.696340551051916,0.0228761051731048,0.651952659749964,0.742211620674407
COPD,EUR_AFR,EUR_AFR_04,0.01,MELD_lambda0_scrambled,0.657302642979834,0.0260964104705409,0.606282999725278,0.708802549678443
COPD,EUR_AFR,EUR_AFR_04,0.01,EUR,0.551927166186929,0.0282922485132979,0.494917749241052,0.609049080181248
COPD,EUR_AFR,EUR_AFR_04,0.01,EAS,0.486609193983813,0.0270299748249515,0.43457052521347,0.541094035949735
COPD,EUR_AFR,EUR_AFR_04,0.01,AFR,0.539436242858336,0.0350685947536314,0.474055806590637,0.612959426972388
COPD,EUR_AFR,EUR_AFR_04,0.01,AMR,0.513560003875729,0.0321927551392962,0.452279561514459,0.579808229667078
COPD,EUR_AFR,EUR_AFR_04,0.1,MELD_lambda0_true,0.726699228580637,0.0220827844864673,0.686246165761022,0.769974389381414
COPD,EUR_AFR,EUR_AFR_04,0.1,MELD_lambda0_equal,0.731289314658589,0.0192186896285218,0.695020182147577,0.769258881588917
COPD,EUR_AFR,EUR_AFR_04,0.1,MELD_lambda1_true,0.724906937349029,0.0215255048399009,0.68484817591384,0.766540763209352
COPD,EUR_AFR,EUR_AFR_04,0.1,MELD_lambda0_scrambled,0.696351843763734,0.02309602715495,0.652815031308817,0.741002044636296
COPD,EUR_AFR,EUR_AFR_04,0.1,EUR,0.616147173490387,0.0246363116388553,0.567453903995965,0.664503688486526
COPD,EUR_AFR,EUR_AFR_04,0.1,EAS,0.552223602425064,0.0241165184555365,0.505786713373217,0.601177743824026
COPD,EUR_AFR,EUR_AFR_04,0.1,AFR,0.614225876291144,0.0281419718154897,0.563365902322461,0.672265310292696
COPD,EUR_AFR,EUR_AFR_04,0.1,AMR,0.588220060012549,0.0278009129869699,0.535258854145349,0.643935185206539
COPD,EUR_AFR,EUR_AFR_05,0.001,MELD_lambda0_true,0.66927818594938,0.0278066110873251,0.615673390236043,0.722696398739846
COPD,EUR_AFR,EUR_AFR_05,0.001,MELD_lambda0_equal,0.70955384137173,0.0241146287089807,0.663162239740023,0.756778021174395
COPD,EUR_AFR,EUR_AFR_05,0.001,MELD_lambda1_true,0.673933345737072,0.0284677692531815,0.619337119671405,0.731476002765278
COPD,EUR_AFR,EUR_AFR_05,0.001,MELD_lambda0_scrambled,0.626291713185472,0.0311530471953372,0.56757941463444,0.689585377620805
COPD,EUR_AFR,EUR_AFR_05,0.001,EUR,0.45249072688347,0.0304851074472657,0.39327138593231,0.515325506182826
COPD,EUR_AFR,EUR_AFR_05,0.001,EAS,0.345201242915703,0.0299541569645849,0.29086106110163,0.406795968366899
COPD,EUR_AFR,EUR_AFR_05,0.001,AFR,0.440032114792153,0.0424125919392957,0.357721656871193,0.523540526580851
COPD,EUR_AFR,EUR_AFR_05,0.001,AMR,0.480496317254216,0.0339880831053669,0.416393912550796,0.549535802098461
COPD,EUR_AFR,EUR_AFR_05,0.01,MELD_lambda0_true,0.734861052896234,0.0229834756458324,0.688481751868213,0.780771093942124
COPD,EUR_AFR,EUR_AFR_05,0.01,MELD_lambda0_equal,0.756115791191363,0.019806797854449,0.715933445968179,0.79616671633271
COPD,EUR_AFR,EUR_AFR_05,0.01,MELD_lambda1_true,0.736310589742271,0.0231582713722821,0.691906916803626,0.781908090477827
COPD,EUR_AFR,EUR_AFR_05,0.01,MELD_lambda0_scrambled,0.701025357011194,0.0257422252516534,0.649562765315002,0.751577991984654
COPD,EUR_AFR,EUR_AFR_05,0.01,EUR,0.616913822473485,0.0268813838023421,0.564479052400618,0.66756956857504
COPD,EUR_AFR,EUR_AFR_05,0.01,EAS,0.548556891026627,0.0279305532638882,0.494301389804349,0.605753837718205
COPD,EUR_AFR,EUR_AFR_05,0.01,AFR,0.557953134642621,0.0388340389510802,0.484765072328088,0.636507360242456
COPD,EUR_AFR,EUR_AFR_05,0.01,AMR,0.598064290594024,0.0301626913697422,0.54166226012713,0.662569939602846
COPD,EUR_AFR,EUR_AFR_05,0.1,MELD_lambda0_true,0.761441461190258,0.0197680193887297,0.721284317252893,0.797709045483378
COPD,EUR_AFR,EUR_AFR_05,0.1,MELD_lambda0_equal,0.770638011316999,0.0175286840878339,0.735336493492967,0.803304502746193
COPD,EUR_AFR,EUR_AFR_05,0.1,MELD_lambda1_true,0.760773610606608,0.0197929230143025,0.720362353684798,0.798993273765908
COPD,EUR_AFR,EUR_AFR_05,0.1,MELD_lambda0_scrambled,0.736990336375599,0.0203328013174192,0.698642398157345,0.777492516664198
COPD,EUR_AFR,EUR_AFR_05,0.1,EUR,0.678561380748819,0.0215833475679586,0.638089812762423,0.720296475345262
COPD,EUR_AFR,EUR_AFR_05,0.1,EAS,0.615679915241046,0.0222380778348664,0.57237009918037,0.659803659091867
COPD,EUR_AFR,EUR_AFR_05,0.1,AFR,0.632147675565533,0.0303478388893619,0.576154143080775,0.696902132573658
COPD,EUR_AFR,EUR_AFR_05,0.1,AMR,0.662636606059193,0.0249359903969767,0.616373367288624,0.71287842909253
COPD,EUR_AFR,EUR_AFR_06,0.001,MELD_lambda0_true,0.704768177863484,0.022948921203999,0.65893583500372,0.750588755052684
COPD,EUR_AFR,EUR_AFR_06,0.001,MELD_lambda0_equal,0.728973356702491,0.0184331269473171,0.694601356290947,0.767292813995728
COPD,EUR_AFR,EUR_AFR_06,0.001,MELD_lambda1_true,0.70469887468434,0.0228595880026094,0.66144916905485,0.750673825660627
COPD,EUR_AFR,EUR_AFR_06,0.001,MELD_lambda0_scrambled,0.637682351053889,0.0278761979642793,0.584103274503568,0.694088748321105
COPD,EUR_AFR,EUR_AFR_06,0.001,EUR,0.485323370413283,0.0282104684219044,0.430280930731821,0.541897329047272
COPD,EUR_AFR,EUR_AFR_06,0.001,EAS,0.349925704944889,0.0277100451989654,0.297653171095043,0.405762919846306
COPD,EUR_AFR,EUR_AFR_06,0.001,AFR,0.423822873966932,0.0331371304529486,0.365994070291402,0.495368113072131
COPD,EUR_AFR,EUR_AFR_06,0.001,AMR,0.499515341763807,0.0339966968761762,0.436337327484287,0.571556689939122
COPD,EUR_AFR,EUR_AFR_06,0.01,MELD_lambda0_true,0.76204622140492,0.0194737245551371,0.725083630138564,0.799874079823759
COPD,EUR_AFR,EUR_AFR_06,0.01,MELD_lambda0_equal,0.771415062388939,0.016022193745241,0.738941022157517,0.803665102909785
COPD,EUR_AFR,EUR_AFR_06,0.01,MELD_lambda1_true,0.758887720629376,0.0196323750952706,0.720207215647241,0.79771169651111
COPD,EUR_AFR,EUR_AFR_06,0.01,MELD_lambda0_scrambled,0.71931387140577,0.021286095850641,0.67822829170799,0.763445371532378
COPD,EUR_AFR,EUR_AFR_06,0.01,EUR,0.642803401274499,0.0236395636467501,0.595187343818435,0.687313726504506
COPD,EUR_AFR,EUR_AFR_06,0.01,EAS,0.547302588652821,0.0235424007080554,0.504915827510309,0.595646705710612
COPD,EUR_AFR,EUR_AFR_06,0.01,AFR,0.557638431310666,0.0297256932389675,0.502984169798249,0.617923892548346
COPD,EUR_AFR,EUR_AFR_06,0.01,AMR,0.619772136996796,0.0300075918099657,0.562104761653161,0.679775861632672
COPD,EUR_AFR,EUR_AFR_06,0.1,MELD_lambda0_true,0.785123781290002,0.0169303722331165,0.751844832401216,0.817204072747069
COPD,EUR_AFR,EUR_AFR_06,0.1,MELD_lambda0_equal,0.785378280895393,0.0153193135191778,0.756797591480077,0.817466893576617
COPD,EUR_AFR,EUR_AFR_06,0.1,MELD_lambda1_true,0.782505425710251,0.0172773966886163,0.749642809984546,0.81721968074396
COPD,EUR_AFR,EUR_AFR_06,0.1,MELD_lambda0_scrambled,0.754492732754504,0.0173536677596013,0.721808224451959,0.788294744328281
COPD,EUR_AFR,EUR_AFR_06,0.1,EUR,0.694452351407964,0.0208051892970271,0.653380912837389,0.736044369483035
COPD,EUR_AFR,EUR_AFR_06,0.1,EAS,0.618019230880503,0.0191134183154205,0.580128454675828,0.655906634747415
COPD,EUR_AFR,EUR_AFR_06,0.1,AFR,0.632874106064642,0.0248212593683028,0.58582577934842,0.685673608389294
COPD,EUR_AFR,EUR_AFR_06,0.1,AMR,0.676754555262968,0.0233152547991709,0.632355535483659,0.72552266924403
COPD,EUR_AFR,EUR_AFR_07,0.001,MELD_lambda0_true,0.736313493163103,0.0253629514282432,0.687836328736709,0.785030137931822
COPD,EUR_AFR,EUR_AFR_07,0.001,MELD_lambda0_equal,0.753284305741475,0.0187558569529905,0.718904443121842,0.789767190170346
COPD,EUR_AFR,EUR_AFR_07,0.001,MELD_lambda1_true,0.737172396701002,0.0240599750257877,0.690906109061537,0.783857650607241
COPD,EUR_AFR,EUR_AFR_07,0.001,MELD_lambda0_scrambled,0.659329587637993,0.0246510133075852,0.613298870942797,0.708981967151751
COPD,EUR_AFR,EUR_AFR_07,0.001,EUR,0.560331221391041,0.0258419200585547,0.51434119115514,0.615089078325314
COPD,EUR_AFR,EUR_AFR_07,0.001,EAS,0.429204200604996,0.0301069668730348,0.372857515009185,0.491471694613352
COPD,EUR_AFR,EUR_AFR_07,0.001,AFR,0.442598742751107,0.0319260114236624,0.383698877117833,0.509272040653415
COPD,EUR_AFR,EUR_AFR_07,0.001,AMR,0.536407569420022,0.0320630874704273,0.477977115422636,0.603813857657973
COPD,EUR_AFR,EUR_AFR_07,0.01,MELD_lambda0_true,0.78613327166768,0.0211161411582506,0.743813027333071,0.827298143713945
COPD,EUR_AFR,EUR_AFR_07,0.01,MELD_lambda0_equal,0.79258501585624,0.0175714831277335,0.757515004811838,0.827705229941438
COPD,EUR_AFR,EUR_AFR_07,0.01,MELD_lambda1_true,0.784941378397547,0.0194344165418429,0.746596262007735,0.823593287970825
COPD,EUR_AFR,EUR_AFR_07,0.01,MELD_lambda0_scrambled,0.736179693028849,0.0208871054281517,0.696635000731437,0.778874385036642
COPD,EUR_AFR,EUR_AFR_07,0.01,EUR,0.702555304537685,0.0207365454276834,0.661537258747958,0.74228396959251
COPD,EUR_AFR,EUR_AFR_07,0.01,EAS,0.615652611556832,0.0230804932475421,0.570620114445847,0.65937382879445
COPD,EUR_AFR,EUR_AFR_07,0.01,AFR,0.575669831233313,0.0303637686062363,0.516171514647369,0.634712267728921
COPD,EUR_AFR,EUR_AFR_07,0.01,AMR,0.647367659318176,0.0295020500262781,0.591338578745582,0.704889931649543
COPD,EUR_AFR,EUR_AFR_07,0.1,MELD_lambda0_true,0.803770193473486,0.0182338787496999,0.768216258808656,0.839566993656176
COPD,EUR_AFR,EUR_AFR_07,0.1,MELD_lambda0_equal,0.802959021961915,0.0174766153454779,0.768920901919986,0.836632051139219
COPD,EUR_AFR,EUR_AFR_07,0.1,MELD_lambda1_true,0.800338510038507,0.0181657556651883,0.763355014434889,0.83488369199762
COPD,EUR_AFR,EUR_AFR_07,0.1,MELD_lambda0_scrambled,0.767770410842726,0.0188254586925616,0.731716517730558,0.80550398003795
COPD,EUR_AFR,EUR_AFR_07,0.1,EUR,0.744549627432407,0.01767727966374,0.71122450076587,0.779003833047789
COPD,EUR_AFR,EUR_AFR_07,0.1,EAS,0.656229513002577,0.0198901968366647,0.616421290637821,0.695116260352104
COPD,EUR_AFR,EUR_AFR_07,0.1,AFR,0.650402726655203,0.0250684945247389,0.600924134660817,0.701027456319994
COPD,EUR_AFR,EUR_AFR_07,0.1,AMR,0.700537265008269,0.0227701695007814,0.656059499736768,0.745752745381938
COPD,EUR_AFR,EUR_AFR_08,0.001,MELD_lambda0_true,0.771211128588877,0.0194062858998349,0.731235642435279,0.809005281095665
COPD,EUR_AFR,EUR_AFR_08,0.001,MELD_lambda0_equal,0.780618246229001,0.0175115828897285,0.746055828284993,0.815149456016692
COPD,EUR_AFR,EUR_AFR_08,0.001,MELD_lambda1_true,0.769506048124059,0.0198125914485957,0.730829943180359,0.806435868800966
COPD,EUR_AFR,EUR_AFR_08,0.001,MELD_lambda0_scrambled,0.642906920704693,0.0246513496965915,0.592151054701712,0.692414028697444
COPD,EUR_AFR,EUR_AFR_08,0.001,EUR,0.614416937605349,0.0229798175324134,0.570793522555434,0.658298896924064
COPD,EUR_AFR,EUR_AFR_08,0.001,EAS,0.448547388043628,0.0282567838302314,0.394926295684705,0.503290831074732
COPD,EUR_AFR,EUR_AFR_08,0.001,AFR,0.420119384052254,0.0319375811025589,0.363183978471621,0.486685798312439
COPD,EUR_AFR,EUR_AFR_08,0.001,AMR,0.586738811603689,0.0302094347782428,0.529504341816366,0.648990841314188
COPD,EUR_AFR,EUR_AFR_08,0.01,MELD_lambda0_true,0.816682516266992,0.0155277066952277,0.787592151242696,0.848770965722178
COPD,EUR_AFR,EUR_AFR_08,0.01,MELD_lambda0_equal,0.814886711533222,0.0156102916959819,0.784827951340456,0.845020122906851
COPD,EUR_AFR,EUR_AFR_08,0.01,MELD_lambda1_true,0.812063547575948,0.0158540652417553,0.780246030430797,0.843045254986859
COPD,EUR_AFR,EUR_AFR_08,0.01,MELD_lambda0_scrambled,0.716651132785417,0.0222096292192584,0.670460250471625,0.759947726094853
COPD,EUR_AFR,EUR_AFR_08,0.01,EUR,0.746458051750482,0.01653721044156,0.714488322193302,0.779097235777101
COPD,EUR_AFR,EUR_AFR_08,0.01,EAS,0.63478370271493,0.0238773255704009,0.58793347604526,0.681683337607625
COPD,EUR_AFR,EUR_AFR_08,0.01,AFR,0.569083907865887,0.0301167909087262,0.512694879705015,0.631926499115726
COPD,EUR_AFR,EUR_AFR_08,0.01,AMR,0.690074415999993,0.026074574384554,0.640470734048626,0.743777850290569
COPD,EUR_AFR,EUR_AFR_08,0.1,MELD_lambda0_true,0.826817569712402,0.0140620053748004,0.799844991454196,0.85441697543793
COPD,EUR_AFR,EUR_AFR_08,0.1,MELD_lambda0_equal,0.821506126824318,0.0142621760333907,0.793450685792842,0.848923463090748
COPD,EUR_AFR,EUR_AFR_08,0.1,MELD_lambda1_true,0.822390904263333,0.0139603805635799,0.795733511911764,0.849255745977878
COPD,EUR_AFR,EUR_AFR_08,0.1,MELD_lambda0_scrambled,0.74230874703489,0.0199489949104625,0.7040390621301,0.781011499747447
COPD,EUR_AFR,EUR_AFR_08,0.1,EUR,0.784376124660327,0.0146537799484189,0.753176541367573,0.812701364418844
COPD,EUR_AFR,EUR_AFR_08,0.1,EAS,0.678402911033622,0.0200905962347125,0.635780830824626,0.715123810598521
COPD,EUR_AFR,EUR_AFR_08,0.1,AFR,0.647230724130824,0.0249968663073502,0.59777892823493,0.697667405104999
COPD,EUR_AFR,EUR_AFR_08,0.1,AMR,0.732449382991288,0.022712983770966,0.689027079201303,0.779598903759401
COPD,EUR_AFR,EUR_AFR_09,0.001,MELD_lambda0_true,0.781869978031037,0.0198785817181558,0.744094009553902,0.822340118390693
COPD,EUR_AFR,EUR_AFR_09,0.001,MELD_lambda0_equal,0.787383315860219,0.0160367207534185,0.75779853799706,0.820494815891434
COPD,EUR_AFR,EUR_AFR_09,0.001,MELD_lambda1_true,0.781544481081487,0.0193566865631666,0.745164442932635,0.820131425697784
COPD,EUR_AFR,EUR_AFR_09,0.001,MELD_lambda0_scrambled,0.698126334947544,0.0209803185436945,0.659675503798114,0.741492277700199
COPD,EUR_AFR,EUR_AFR_09,0.001,EUR,0.650710192360156,0.0221609697880238,0.608050938004432,0.695591831911904
COPD,EUR_AFR,EUR_AFR_09,0.001,EAS,0.472344453202951,0.0311464840735378,0.415087068363435,0.536705925753986
COPD,EUR_AFR,EUR_AFR_09,0.001,AFR,0.428604461257156,0.0337274324014538,0.366475740177083,0.498054274809853
COPD,EUR_AFR,EUR_AFR_09,0.001,AMR,0.571228648508918,0.0369270736199846,0.506018036865378,0.645139224840669
COPD,EUR_AFR,EUR_AFR_09,0.01,MELD_lambda0_true,0.8234183149053,0.0142504142746563,0.79758763349493,0.852268164081549
COPD,EUR_AFR,EUR_AFR_09,0.01,MELD_lambda0_equal,0.817565882607671,0.0130220438941225,0.794014763979562,0.843892415524284
COPD,EUR_AFR,EUR_AFR_09,0.01,MELD_lambda1_true,0.82118996371125,0.0135501044124469,0.794853480393856,0.847872411325954
COPD,EUR_AFR,EUR_AFR_09,0.01,MELD_lambda0_scrambled,0.789958287339278,0.0135435622567344,0.764525731955748,0.817546778720156
COPD,EUR_AFR,EUR_AFR_09,0.01,EUR,0.775701931344081,0.0140019371488885,0.749654059071657,0.804579867971052
COPD,EUR_AFR,EUR_AFR_09,0.01,EAS,0.647652608446296,0.0235999687733911,0.601421594050943,0.693106798063171
COPD,EUR_AFR,EUR_AFR_09,0.01,AFR,0.561791833810176,0.0309634657143668,0.50214618285931,0.624554561746152
COPD,EUR_AFR,EUR_AFR_09,0.01,AMR,0.689709788333214,0.0296346522010552,0.635521314833365,0.751293142346812
COPD,EUR_AFR,EUR_AFR_09,0.1,MELD_lambda0_true,0.835042029306015,0.0135874685266905,0.810335953863541,0.862748514704836
COPD,EUR_AFR,EUR_AFR_09,0.1,MELD_lambda0_equal,0.826734406023097,0.0128868019851871,0.802989008295903,0.853608360512181
COPD,EUR_AFR,EUR_AFR_09,0.1,MELD_lambda1_true,0.83212854008129,0.0138913355121242,0.806684378408509,0.861313983366277
COPD,EUR_AFR,EUR_AFR_09,0.1,MELD_lambda0_scrambled,0.812303432021085,0.0126078789549454,0.788540687380934,0.838170393366216
COPD,EUR_AFR,EUR_AFR_09,0.1,EUR,0.806862641009275,0.013790650737646,0.780822717260609,0.835140640718024
COPD,EUR_AFR,EUR_AFR_09,0.1,EAS,0.697490474481593,0.0197692781222635,0.657392956786175,0.736176643275922
COPD,EUR_AFR,EUR_AFR_09,0.1,AFR,0.632631589246228,0.0261767856967916,0.581574782999867,0.68529785930985
COPD,EUR_AFR,EUR_AFR_09,0.1,AMR,0.751235902541217,0.0211265949318108,0.712309498074877,0.795325905689661
COPD,EUR_AFR,EUR_AFR_10,0.001,MELD_lambda0_true,0.826113048327391,0.020235517369893,0.786074092185529,0.863263761443728
COPD,EUR_AFR,EUR_AFR_10,0.001,MELD_lambda0_equal,0.822846884747048,0.0146413361208484,0.792535917476192,0.850318519971854
COPD,EUR_AFR,EUR_AFR_10,0.001,MELD_lambda1_true,0.82550822835446,0.0200797759811242,0.783692391909983,0.861819921627189
COPD,EUR_AFR,EUR_AFR_10,0.001,MELD_lambda0_scrambled,0.597073741821647,0.0225439763494772,0.556668413816298,0.644629193984252
COPD,EUR_AFR,EUR_AFR_10,0.001,EUR,0.744030772733239,0.02448677598729,0.69391103415819,0.789980316676595
COPD,EUR_AFR,EUR_AFR_10,0.001,EAS,0.535863961030202,0.0262236411396965,0.487545835741944,0.587387805547699
COPD,EUR_AFR,EUR_AFR_10,0.001,AFR,0.429899079117924,0.0333185928116991,0.370732182374394,0.501867037077762
COPD,EUR_AFR,EUR_AFR_10,0.001,AMR,0.643397443920813,0.0283655899010146,0.591028182416207,0.700362189216174
COPD,EUR_AFR,EUR_AFR_10,0.01,MELD_lambda0_true,0.86374392399257,0.0144011969248156,0.834592672302466,0.89177244764635
COPD,EUR_AFR,EUR_AFR_10,0.01,MELD_lambda0_equal,0.851353568273061,0.0139177884437286,0.821723075138231,0.87596749981707
COPD,EUR_AFR,EUR_AFR_10,0.01,MELD_lambda1_true,0.86174320399235,0.014659691282015,0.832290011528023,0.890012675322439
COPD,EUR_AFR,EUR_AFR_10,0.01,MELD_lambda0_scrambled,0.69632770920107,0.0222215789186951,0.654188805522835,0.74235692553009
COPD,EUR_AFR,EUR_AFR_10,0.01,EUR,0.837576023126568,0.0165791078998328,0.803583284058412,0.868884691785503
COPD,EUR_AFR,EUR_AFR_10,0.01,EAS,0.691190804875064,0.0192656483985558,0.652835084199373,0.728478775977604
COPD,EUR_AFR,EUR_AFR_10,0.01,AFR,0.568569729242333,0.0326959627362838,0.50889888713038,0.635898414685773
COPD,EUR_AFR,EUR_AFR_10,0.01,AMR,0.752489665168112,0.0225493972448405,0.708857584939211,0.797173851409896
COPD,EUR_AFR,EUR_AFR_10,0.1,MELD_lambda0_true,0.869792372191305,0.0124125557932353,0.84471343145244,0.893012719737259
COPD,EUR_AFR,EUR_AFR_10,0.1,MELD_lambda0_equal,0.858458550341077,0.0122048024586986,0.832228200994874,0.881186345936278
COPD,EUR_AFR,EUR_AFR_10,0.1,MELD_lambda1_true,0.867636425406108,0.0120789759555731,0.842679577992901,0.890259400179204
COPD,EUR_AFR,EUR_AFR_10,0.1,MELD_lambda0_scrambled,0.738187249446182,0.0193520261717173,0.700856617027748,0.776782151085742
COPD,EUR_AFR,EUR_AFR_10,0.1,EUR,0.856206957887981,0.0123031139709364,0.833421567302382,0.88111663574261
COPD,EUR_AFR,EUR_AFR_10,0.1,EAS,0.731985206966328,0.0143255118315432,0.704932851596968,0.761242041842302
COPD,EUR_AFR,EUR_AFR_10,0.1,AFR,0.643736752669918,0.0253934141457081,0.596569215110721,0.693016173915834
COPD,EUR_AFR,EUR_AFR_10,0.1,AMR,0.791639031269998,0.0173414834744798,0.756635490324858,0.825596814077322
COPD,EUR_AFR,EUR_AFR_11,0.001,MELD_lambda0_true,0.809020867131007,0.0192439003845883,0.77114384395386,0.845750475189939
COPD,EUR_AFR,EUR_AFR_11,0.001,MELD_lambda0_equal,0.830183652058571,0.0114063853837955,0.806959723723941,0.851535113375927
COPD,EUR_AFR,EUR_AFR_11,0.001,MELD_lambda1_true,0.809020867131007,0.019651142175012,0.769565918696421,0.845223750158141
COPD,EUR_AFR,EUR_AFR_11,0.001,MELD_lambda0_scrambled,0.809020867131007,0.0195386691070107,0.770849409379247,0.846773218733574
COPD,EUR_AFR,EUR_AFR_11,0.001,EUR,0.809020867131033,0.0191603496604973,0.769602405524507,0.845870098208616
COPD,EUR_AFR,EUR_AFR_11,0.001,EAS,0.521005600621717,0.0298570580379245,0.466664004729516,0.58230282658881
COPD,EUR_AFR,EUR_AFR_11,0.001,AFR,0.426998783141383,0.0318914670399102,0.367510750448835,0.491418337029692
COPD,EUR_AFR,EUR_AFR_11,0.001,AMR,0.671809176562395,0.0248278057121109,0.622882699358616,0.72023958751912
COPD,EUR_AFR,EUR_AFR_11,0.01,MELD_lambda0_true,0.872613260168991,0.0141150794622972,0.843468028289214,0.898882107480295
COPD,EUR_AFR,EUR_AFR_11,0.01,MELD_lambda0_equal,0.85672843769459,0.0107439454040145,0.834770740439042,0.877929689836098
COPD,EUR_AFR,EUR_AFR_11,0.01,MELD_lambda1_true,0.872613260168991,0.0137899790707199,0.843914893143678,0.89785531642964
COPD,EUR_AFR,EUR_AFR_11,0.01,MELD_lambda0_scrambled,0.872613260168991,0.0136411600273006,0.843195492082213,0.897128689943432
COPD,EUR_AFR,EUR_AFR_11,0.01,EUR,0.872613260168993,0.0137842129651837,0.843331755915903,0.89768555695669
COPD,EUR_AFR,EUR_AFR_11,0.01,EAS,0.678926960315945,0.0247229587135282,0.631434130235976,0.727287289346126
COPD,EUR_AFR,EUR_AFR_11,0.01,AFR,0.566135009297446,0.0316109071356854,0.506593400518249,0.631898585979534
COPD,EUR_AFR,EUR_AFR_11,0.01,AMR,0.770735398111276,0.0188266451834246,0.734367415866776,0.80809583499483
COPD,EUR_AFR,EUR_AFR_11,0.1,MELD_lambda0_true,0.883385908125346,0.0118956347212049,0.858254206129454,0.904511693734443
COPD,EUR_AFR,EUR_AFR_11,0.1,MELD_lambda0_equal,0.865253736193511,0.00983239882347363,0.845076258440114,0.883800807699272
COPD,EUR_AFR,EUR_AFR_11,0.1,MELD_lambda1_true,0.883385908125346,0.012001437315198,0.858385258286501,0.905236446401599
COPD,EUR_AFR,EUR_AFR_11,0.1,MELD_lambda0_scrambled,0.883385908125346,0.0117578772899264,0.85903790116415,0.905267301033532
COPD,EUR_AFR,EUR_AFR_11,0.1,EUR,0.883385908125347,0.0117274270884649,0.859243142602294,0.904301057402918
COPD,EUR_AFR,EUR_AFR_11,0.1,EAS,0.734044450877157,0.0188121266432527,0.697781565387737,0.77177192567599
COPD,EUR_AFR,EUR_AFR_11,0.1,AFR,0.636588220625288,0.0279887372487987,0.580980587613369,0.692098636698621
COPD,EUR_AFR,EUR_AFR_11,0.1,AMR,0.805988340175355,0.0148287381391882,0.776371102888236,0.834490907918656
COPD,EUR_EAS,EUR_EAS_01,0.001,MELD_lambda0_true,0.842494838192688,0.0190596243015987,0.80553760709726,0.878852529956287
COPD,EUR_EAS,EUR_EAS_01,0.001,MELD_lambda0_equal,0.835721540000349,0.0133236537994147,0.807706311411705,0.860366922286775
COPD,EUR_EAS,EUR_EAS_01,0.001,MELD_lambda1_true,0.842494838192688,0.0192901794123319,0.803250345934356,0.879667983051152
COPD,EUR_EAS,EUR_EAS_01,0.001,MELD_lambda0_scrambled,0.606103601228399,0.0338197616221233,0.539567647292897,0.67162566105741
COPD,EUR_EAS,EUR_EAS_01,0.001,EUR,0.606103601228395,0.0331807692867257,0.54074620307444,0.672257106561158
COPD,EUR_EAS,EUR_EAS_01,0.001,EAS,0.842494838192674,0.019451069085373,0.802527147719713,0.87806517243853
COPD,EUR_EAS,EUR_EAS_01,0.001,AFR,0.418785370745311,0.033416520935334,0.354570164871533,0.485189204627838
COPD,EUR_EAS,EUR_EAS_01,0.001,AMR,0.595799922528013,0.0333842974457322,0.533269236194537,0.661022536354032
COPD,EUR_EAS,EUR_EAS_01,0.01,MELD_lambda0_true,0.883744662815929,0.0136578729282929,0.856176825733835,0.910317730753045
COPD,EUR_EAS,EUR_EAS_01,0.01,MELD_lambda0_equal,0.858922307889706,0.0139995422670689,0.830391417397614,0.885528016188538
COPD,EUR_EAS,EUR_EAS_01,0.01,MELD_lambda1_true,0.883744662815929,0.0138327443952257,0.855444695149972,0.909584773595862
COPD,EUR_EAS,EUR_EAS_01,0.01,MELD_lambda0_scrambled,0.748536360252851,0.0264983404154798,0.69390951949091,0.797521079355621
COPD,EUR_EAS,EUR_EAS_01,0.01,EUR,0.748536360252849,0.0252617301823451,0.696315501333792,0.794268859868091
COPD,EUR_EAS,EUR_EAS_01,0.01,EAS,0.883744662815928,0.0135463682366878,0.855516215673773,0.910003120792794
COPD,EUR_EAS,EUR_EAS_01,0.01,AFR,0.545769936485338,0.0335629582891952,0.480154520968732,0.607130256953971
COPD,EUR_EAS,EUR_EAS_01,0.01,AMR,0.71295685067111,0.0296743275121146,0.652918302523991,0.768031299908729
COPD,EUR_EAS,EUR_EAS_01,0.1,MELD_lambda0_true,0.890050422874268,0.0126977724513917,0.86464821440662,0.913562925256207
COPD,EUR_EAS,EUR_EAS_01,0.1,MELD_lambda0_equal,0.864463674988695,0.0135378330352367,0.836949788500592,0.89013837643391
COPD,EUR_EAS,EUR_EAS_01,0.1,MELD_lambda1_true,0.890050422874268,0.0121686114030432,0.864248092109938,0.91304676331933
COPD,EUR_EAS,EUR_EAS_01,0.1,MELD_lambda0_scrambled,0.783989587807681,0.0218735286561984,0.741164079521887,0.825433469337432
COPD,EUR_EAS,EUR_EAS_01,0.1,EUR,0.783989587807681,0.02208727534808,0.740529344709722,0.828125246435024
COPD,EUR_EAS,EUR_EAS_01,0.1,EAS,0.890050422874267,0.0123750515942211,0.864562620946342,0.91316827831716
COPD,EUR_EAS,EUR_EAS_01,0.1,AFR,0.634313549782805,0.0310735952629303,0.574624733697376,0.695383575710329
COPD,EUR_EAS,EUR_EAS_01,0.1,AMR,0.764305166264707,0.0240435699381635,0.715489039541643,0.810728502690177
COPD,EUR_EAS,EUR_EAS_02,0.001,MELD_lambda0_true,0.860345728306391,0.0171588293605366,0.826293225304139,0.893128803359652
COPD,EUR_EAS,EUR_EAS_02,0.001,MELD_lambda0_equal,0.849703911017699,0.0142478235990657,0.821347825003961,0.87716126354646
COPD,EUR_EAS,EUR_EAS_02,0.001,MELD_lambda1_true,0.859499669992029,0.016562956124714,0.827442262228063,0.892570525679832
COPD,EUR_EAS,EUR_EAS_02,0.001,MELD_lambda0_scrambled,0.860345728306391,0.0167994661445008,0.827690062219871,0.8933359020936
COPD,EUR_EAS,EUR_EAS_02,0.001,EUR,0.641760857190751,0.0284208556182804,0.589096652504333,0.701795023813967
COPD,EUR_EAS,EUR_EAS_02,0.001,EAS,0.805960486015082,0.021378755827512,0.762987547460539,0.847022272423674
COPD,EUR_EAS,EUR_EAS_02,0.001,AFR,0.458475752206796,0.0341444657477211,0.394010068257824,0.524675350172891
COPD,EUR_EAS,EUR_EAS_02,0.001,AMR,0.626370957269878,0.0320983306217387,0.564597272484723,0.690317228732111
COPD,EUR_EAS,EUR_EAS_02,0.01,MELD_lambda0_true,0.897975254860476,0.0122932515727405,0.873618951420751,0.921156548338261
COPD,EUR_EAS,EUR_EAS_02,0.01,MELD_lambda0_equal,0.871656072717554,0.0135601790061434,0.845421415814778,0.897340313308653
COPD,EUR_EAS,EUR_EAS_02,0.01,MELD_lambda1_true,0.897346935255016,0.0122803925862029,0.873333912109802,0.920735157252359
COPD,EUR_EAS,EUR_EAS_02,0.01,MELD_lambda0_scrambled,0.897975254860476,0.0122373150616392,0.874503248772649,0.921769048938945
COPD,EUR_EAS,EUR_EAS_02,0.01,EUR,0.769370692934621,0.0197176869372749,0.732452519460743,0.809649944516522
COPD,EUR_EAS,EUR_EAS_02,0.01,EAS,0.867500143107526,0.0150579380476545,0.836998613364329,0.895764112524777
COPD,EUR_EAS,EUR_EAS_02,0.01,AFR,0.57246349618824,0.0340331712629385,0.505967949089592,0.643148725394481
COPD,EUR_EAS,EUR_EAS_02,0.01,AMR,0.729387328667737,0.0279074998690217,0.674232646463813,0.784167705660449
COPD,EUR_EAS,EUR_EAS_02,0.1,MELD_lambda0_true,0.899436204271144,0.0118750416594997,0.875547943579807,0.921495923694323
COPD,EUR_EAS,EUR_EAS_02,0.1,MELD_lambda0_equal,0.874131530742083,0.0130731885087373,0.8479430050756,0.898037274457703
COPD,EUR_EAS,EUR_EAS_02,0.1,MELD_lambda1_true,0.898122553237453,0.0119277493764267,0.873781369455177,0.920147403584775
COPD,EUR_EAS,EUR_EAS_02,0.1,MELD_lambda0_scrambled,0.899436204271144,0.0117655005025389,0.875285873110371,0.921198011485152
COPD,EUR_EAS,EUR_EAS_02,0.1,EUR,0.802556858584423,0.0179900317455185,0.767375017615655,0.837559858363247
COPD,EUR_EAS,EUR_EAS_02,0.1,EAS,0.876689768136762,0.0136226011121738,0.849556395032482,0.901554385903234
COPD,EUR_EAS,EUR_EAS_02,0.1,AFR,0.640947739427852,0.0298525644151915,0.583221545047302,0.698014309578584
COPD,EUR_EAS,EUR_EAS_02,0.1,AMR,0.770963294618973,0.0240976638213834,0.721322876203477,0.816475559569904
COPD,EUR_EAS,EUR_EAS_03,0.001,MELD_lambda0_true,0.870356835477524,0.0148556953334636,0.83988469187236,0.898773495379424
COPD,EUR_EAS,EUR_EAS_03,0.001,MELD_lambda0_equal,0.866600348188938,0.0127152821101292,0.84216451709691,0.891726408292619
COPD,EUR_EAS,EUR_EAS_03,0.001,MELD_lambda1_true,0.867318420593327,0.0148246683301385,0.837204457714636,0.896698264779947
COPD,EUR_EAS,EUR_EAS_03,0.001,MELD_lambda0_scrambled,0.747664608237239,0.0235431954749653,0.700727262960054,0.793882655609631
COPD,EUR_EAS,EUR_EAS_03,0.001,EUR,0.681439175484499,0.026140517499193,0.633176854948071,0.734295684904874
COPD,EUR_EAS,EUR_EAS_03,0.001,EAS,0.764452284817119,0.0229318134702009,0.720092473340251,0.809037629865289
COPD,EUR_EAS,EUR_EAS_03,0.001,AFR,0.454983840548267,0.0374306058038366,0.384387792810725,0.531566185565368
COPD,EUR_EAS,EUR_EAS_03,0.001,AMR,0.646773760501983,0.0286233614071526,0.592717265561959,0.70400945817821
COPD,EUR_EAS,EUR_EAS_03,0.01,MELD_lambda0_true,0.902531322741549,0.0102622653913231,0.880559842867613,0.921451189485532
COPD,EUR_EAS,EUR_EAS_03,0.01,MELD_lambda0_equal,0.881751029004245,0.0119087275756455,0.858112219628137,0.904366864367624
COPD,EUR_EAS,EUR_EAS_03,0.01,MELD_lambda1_true,0.901561862650022,0.0102131320124221,0.880874341042662,0.920902715528142
COPD,EUR_EAS,EUR_EAS_03,0.01,MELD_lambda0_scrambled,0.823487453227584,0.0153140966582562,0.793854919895674,0.853788108263568
COPD,EUR_EAS,EUR_EAS_03,0.01,EUR,0.792583004736771,0.0160302177533494,0.764042255815967,0.827188386262958
COPD,EUR_EAS,EUR_EAS_03,0.01,EAS,0.849354490841499,0.0137542479977159,0.821487889840303,0.876632266424392
COPD,EUR_EAS,EUR_EAS_03,0.01,AFR,0.575542359759485,0.0388280352963269,0.499117864044875,0.652616851459565
COPD,EUR_EAS,EUR_EAS_03,0.01,AMR,0.752586286015417,0.0226467371599582,0.709640106919337,0.796610486701839
COPD,EUR_EAS,EUR_EAS_03,0.1,MELD_lambda0_true,0.901054400614637,0.0101926200246626,0.881709235918111,0.920214643452494
COPD,EUR_EAS,EUR_EAS_03,0.1,MELD_lambda0_equal,0.880293829368753,0.0108942940080362,0.858247296636604,0.900595340497518
COPD,EUR_EAS,EUR_EAS_03,0.1,MELD_lambda1_true,0.899737110964447,0.0102838605757825,0.878918334290451,0.919124904841843
COPD,EUR_EAS,EUR_EAS_03,0.1,MELD_lambda0_scrambled,0.835633534765239,0.014244075867583,0.808351354784739,0.863240465282266
COPD,EUR_EAS,EUR_EAS_03,0.1,EUR,0.813684167497206,0.0160238111375701,0.782499219201888,0.845414111917225
COPD,EUR_EAS,EUR_EAS_03,0.1,EAS,0.865761649496217,0.0123012646557975,0.841447821653975,0.890219426448511
COPD,EUR_EAS,EUR_EAS_03,0.1,AFR,0.645816482056807,0.0338052108118344,0.578896839046288,0.708997419808971
COPD,EUR_EAS,EUR_EAS_03,0.1,AMR,0.78688957916549,0.0186193112680965,0.750774461508586,0.823533111512352
COPD,EUR_EAS,EUR_EAS_04,0.001,MELD_lambda0_true,0.863681736116389,0.0169854099303223,0.828660963576542,0.89411766483084
COPD,EUR_EAS,EUR_EAS_04,0.001,MELD_lambda0_equal,0.865780773940213,0.012987859380071,0.839720799233885,0.888993913157687
COPD,EUR_EAS,EUR_EAS_04,0.001,MELD_lambda1_true,0.859408910269886,0.0165813763797942,0.824240439161528,0.889451935508561
COPD,EUR_EAS,EUR_EAS_04,0.001,MELD_lambda0_scrambled,0.731591965602282,0.0212103687025359,0.688475026300426,0.770159318943018
COPD,EUR_EAS,EUR_EAS_04,0.001,EUR,0.696248429247692,0.0289611149259333,0.641018104517238,0.755286254527936
COPD,EUR_EAS,EUR_EAS_04,0.001,EAS,0.738187184250332,0.02398980684574,0.691229033100512,0.786632142360866
COPD,EUR_EAS,EUR_EAS_04,0.001,AFR,0.467535810690731,0.034122050357841,0.404336246017525,0.536304531502223
COPD,EUR_EAS,EUR_EAS_04,0.001,AMR,0.660463628752254,0.0280429599472455,0.604584806145606,0.713725139999146
COPD,EUR_EAS,EUR_EAS_04,0.01,MELD_lambda0_true,0.895192216255495,0.0131379970775475,0.867281737353767,0.918403795891542
COPD,EUR_EAS,EUR_EAS_04,0.01,MELD_lambda0_equal,0.880943352818406,0.0122929403641987,0.855775144074081,0.903398780096084
COPD,EUR_EAS,EUR_EAS_04,0.01,MELD_lambda1_true,0.893218389425292,0.0131232833248946,0.865411187382023,0.916551712561051
COPD,EUR_EAS,EUR_EAS_04,0.01,MELD_lambda0_scrambled,0.792661496433232,0.0172136823544149,0.758645824284193,0.825546061182636
COPD,EUR_EAS,EUR_EAS_04,0.01,EUR,0.799915579553351,0.0187776958696369,0.762875034847859,0.836927424299589
COPD,EUR_EAS,EUR_EAS_04,0.01,EAS,0.830106134921037,0.0170137898921341,0.797713980799476,0.864553807491205
COPD,EUR_EAS,EUR_EAS_04,0.01,AFR,0.588295853888467,0.0320566939818379,0.52353434219468,0.649590794677844
COPD,EUR_EAS,EUR_EAS_04,0.01,AMR,0.762527513251912,0.0251443006027524,0.71408392132416,0.810420326000601
COPD,EUR_EAS,EUR_EAS_04,0.1,MELD_lambda0_true,0.897678769540777,0.0116444427436402,0.874429481007871,0.919059820260673
COPD,EUR_EAS,EUR_EAS_04,0.1,MELD_lambda0_equal,0.881050771539654,0.0118381416911603,0.855019308350325,0.902502491230003
COPD,EUR_EAS,EUR_EAS_04,0.1,MELD_lambda1_true,0.894903126164596,0.0122850125513146,0.868669849552357,0.916647257447525
COPD,EUR_EAS,EUR_EAS_04,0.1,MELD_lambda0_scrambled,0.812071171109365,0.0147415316686904,0.781800401768933,0.839407077967292
COPD,EUR_EAS,EUR_EAS_04,0.1,EUR,0.819986630507618,0.0181534463049647,0.784397632685659,0.853418551443789
COPD,EUR_EAS,EUR_EAS_04,0.1,EAS,0.850988554967914,0.0142531219842473,0.824195998935346,0.878576703963258
COPD,EUR_EAS,EUR_EAS_04,0.1,AFR,0.652754003042898,0.0260500555100501,0.604085607856259,0.704629293861334
COPD,EUR_EAS,EUR_EAS_04,0.1,AMR,0.79246177784384,0.0213525890981449,0.751717445973953,0.834871732114183
COPD,EUR_EAS,EUR_EAS_05,0.001,MELD_lambda0_true,0.853422128932952,0.0143403138670045,0.825903320255965,0.881067842764273
COPD,EUR_EAS,EUR_EAS_05,0.001,MELD_lambda0_equal,0.860256824944668,0.0114700214595934,0.837664827743536,0.883572888843803
COPD,EUR_EAS,EUR_EAS_05,0.001,MELD_lambda1_true,0.850790302162103,0.0142660571385801,0.823325215300321,0.879589452538757
COPD,EUR_EAS,EUR_EAS_05,0.001,MELD_lambda0_scrambled,0.853422128932952,0.0146764123546564,0.824737836126559,0.882157996509288
COPD,EUR_EAS,EUR_EAS_05,0.001,EUR,0.721223062849894,0.0238668513120261,0.675165479393079,0.769321518889573
COPD,EUR_EAS,EUR_EAS_05,0.001,EAS,0.700305758783394,0.0227658527093729,0.656858721200957,0.747664700113332
COPD,EUR_EAS,EUR_EAS_05,0.001,AFR,0.451734374149341,0.0377009570600342,0.384864900792373,0.531425760585067
COPD,EUR_EAS,EUR_EAS_05,0.001,AMR,0.667401125235725,0.0306184976426153,0.607493924658427,0.728435548149432
COPD,EUR_EAS,EUR_EAS_05,0.01,MELD_lambda0_true,0.887933563613176,0.00973162811976142,0.869756997225598,0.908054863647757
COPD,EUR_EAS,EUR_EAS_05,0.01,MELD_lambda0_equal,0.873512134083232,0.0115503156456858,0.849945049224797,0.896686927407224
COPD,EUR_EAS,EUR_EAS_05,0.01,MELD_lambda1_true,0.886142018090492,0.0102241603416514,0.86739082801815,0.907022103740006
COPD,EUR_EAS,EUR_EAS_05,0.01,MELD_lambda0_scrambled,0.887933563613176,0.010222235835123,0.869159990798272,0.909155146532176
COPD,EUR_EAS,EUR_EAS_05,0.01,EUR,0.820266470302451,0.0159005060025333,0.790203002465484,0.851916102454256
COPD,EUR_EAS,EUR_EAS_05,0.01,EAS,0.808812471284934,0.0155372124976706,0.779297321433851,0.840241109173195
COPD,EUR_EAS,EUR_EAS_05,0.01,AFR,0.583444803003314,0.0377397578520061,0.512504342071108,0.658330562586758
COPD,EUR_EAS,EUR_EAS_05,0.01,AMR,0.758455749467394,0.0241989007444265,0.712391629323012,0.806199533277978
COPD,EUR_EAS,EUR_EAS_05,0.1,MELD_lambda0_true,0.889591443127076,0.0091205602505873,0.87264196068791,0.907994628166838
COPD,EUR_EAS,EUR_EAS_05,0.1,MELD_lambda0_equal,0.873377347797694,0.0109857271386087,0.85246328470779,0.895154637366789
COPD,EUR_EAS,EUR_EAS_05,0.1,MELD_lambda1_true,0.887352576312226,0.00927273979474419,0.869770498926424,0.906020238322936
COPD,EUR_EAS,EUR_EAS_05,0.1,MELD_lambda0_scrambled,0.889591443127076,0.00924525289200749,0.872077110584229,0.907611531225186
COPD,EUR_EAS,EUR_EAS_05,0.1,EUR,0.837535397038339,0.0137459877902935,0.812472142652055,0.865225019790091
COPD,EUR_EAS,EUR_EAS_05,0.1,EAS,0.828917951571639,0.0125883473475338,0.804540627533217,0.852809450814819
COPD,EUR_EAS,EUR_EAS_05,0.1,AFR,0.649732617721152,0.0312910615486541,0.591386299946738,0.713086395271076
COPD,EUR_EAS,EUR_EAS_05,0.1,AMR,0.79162573984924,0.0192693700901483,0.755189462748799,0.829973504681777
COPD,EUR_EAS,EUR_EAS_06,0.001,MELD_lambda0_true,0.858411299652952,0.0167037005218505,0.825650629108444,0.889958496108237
COPD,EUR_EAS,EUR_EAS_06,0.001,MELD_lambda0_equal,0.861000604530094,0.0132767478305757,0.835431578411976,0.888478897246819
COPD,EUR_EAS,EUR_EAS_06,0.001,MELD_lambda1_true,0.854662022728502,0.0162239101574296,0.823674152350201,0.886650819617623
COPD,EUR_EAS,EUR_EAS_06,0.001,MELD_lambda0_scrambled,0.717641168959469,0.0283323519333475,0.662943622591881,0.773321262583258
COPD,EUR_EAS,EUR_EAS_06,0.001,EUR,0.740088569573306,0.0253811285789702,0.691925133045507,0.790239213637481
COPD,EUR_EAS,EUR_EAS_06,0.001,EAS,0.6874703170582,0.0276302194442787,0.635802128340128,0.743982855055006
COPD,EUR_EAS,EUR_EAS_06,0.001,AFR,0.449978508954913,0.0403923623313085,0.377275008384957,0.536962706540434
COPD,EUR_EAS,EUR_EAS_06,0.001,AMR,0.663049881342239,0.0363777716128726,0.592380201416812,0.734255522539643
COPD,EUR_EAS,EUR_EAS_06,0.01,MELD_lambda0_true,0.886402145227921,0.0122751200734449,0.861967257310578,0.910505179605353
COPD,EUR_EAS,EUR_EAS_06,0.01,MELD_lambda0_equal,0.873361346796532,0.012356609280288,0.849167078797241,0.896642923370964
COPD,EUR_EAS,EUR_EAS_06,0.01,MELD_lambda1_true,0.884166631701412,0.0124780953366202,0.859751326867497,0.908700903158422
COPD,EUR_EAS,EUR_EAS_06,0.01,MELD_lambda0_scrambled,0.777143734752629,0.0240628936226192,0.732085787267626,0.824212921357494
COPD,EUR_EAS,EUR_EAS_06,0.01,EUR,0.823763346302101,0.019071737680048,0.788354751511381,0.862529214245235
COPD,EUR_EAS,EUR_EAS_06,0.01,EAS,0.795617187201887,0.0211328515346743,0.75380894053647,0.836289280529713
COPD,EUR_EAS,EUR_EAS_06,0.01,AFR,0.574642448978089,0.038057577390916,0.499513548886652,0.647875960279687
COPD,EUR_EAS,EUR_EAS_06,0.01,AMR,0.757070208627789,0.0298998113283716,0.700552187524183,0.817391046784706
COPD,EUR_EAS,EUR_EAS_06,0.1,MELD_lambda0_true,0.890809257102614,0.0109406303772438,0.869923685226145,0.912388182741237
COPD,EUR_EAS,EUR_EAS_06,0.1,MELD_lambda0_equal,0.874891628199223,0.0121382215462465,0.850973273304732,0.899163417996807
COPD,EUR_EAS,EUR_EAS_06,0.1,MELD_lambda1_true,0.887923763726277,0.0111279422290347,0.866450280896435,0.909730083150433
COPD,EUR_EAS,EUR_EAS_06,0.1,MELD_lambda0_scrambled,0.800324579879596,0.0196372193213495,0.763844889133066,0.839168215735877
COPD,EUR_EAS,EUR_EAS_06,0.1,EUR,0.840463193021344,0.0159076881121974,0.809332391711559,0.872840807568814
COPD,EUR_EAS,EUR_EAS_06,0.1,EAS,0.822603386825145,0.0164401767207097,0.791489759715181,0.856120215137715
COPD,EUR_EAS,EUR_EAS_06,0.1,AFR,0.650833911799792,0.0310125888276793,0.587337989227957,0.710050283294838
COPD,EUR_EAS,EUR_EAS_06,0.1,AMR,0.797077846300229,0.0217522962688747,0.756599456439815,0.838850162784339
COPD,EUR_EAS,EUR_EAS_07,0.001,MELD_lambda0_true,0.86144301790506,0.0153955845973914,0.828976510292836,0.888975609157352
COPD,EUR_EAS,EUR_EAS_07,0.001,MELD_lambda0_equal,0.863987299771766,0.012743669376251,0.837019711431117,0.886996243823201
COPD,EUR_EAS,EUR_EAS_07,0.001,MELD_lambda1_true,0.856646021637953,0.0156179122448053,0.824464326618448,0.885461353767421
COPD,EUR_EAS,EUR_EAS_07,0.001,MELD_lambda0_scrambled,0.86144301790506,0.0151492888829078,0.830569864636349,0.890178511696963
COPD,EUR_EAS,EUR_EAS_07,0.001,EUR,0.760423058526383,0.0228936702888603,0.715925848339658,0.806398597173238
COPD,EUR_EAS,EUR_EAS_07,0.001,EAS,0.626756211796395,0.0312966490404221,0.566000214095404,0.689230766383033
COPD,EUR_EAS,EUR_EAS_07,0.001,AFR,0.478940844220991,0.031049874999823,0.417446107233477,0.538541864807534
COPD,EUR_EAS,EUR_EAS_07,0.001,AMR,0.657940859735378,0.0308686879640004,0.597047736906521,0.721413130795043
COPD,EUR_EAS,EUR_EAS_07,0.01,MELD_lambda0_true,0.891121996813297,0.0107105246070789,0.870126757456714,0.912691861693163
COPD,EUR_EAS,EUR_EAS_07,0.01,MELD_lambda0_equal,0.877928462907376,0.0119421445436793,0.852928246119142,0.899215138447122
COPD,EUR_EAS,EUR_EAS_07,0.01,MELD_lambda1_true,0.8891004395273,0.0113004229264361,0.866522961347683,0.910550353710495
COPD,EUR_EAS,EUR_EAS_07,0.01,MELD_lambda0_scrambled,0.891121996813297,0.0106623289463608,0.870608155185003,0.91163644783309
COPD,EUR_EAS,EUR_EAS_07,0.01,EUR,0.839066879308577,0.0144603962715317,0.810302196914811,0.867990022901712
COPD,EUR_EAS,EUR_EAS_07,0.01,EAS,0.770744572825271,0.0235532947915872,0.72403872994716,0.814832883027268
COPD,EUR_EAS,EUR_EAS_07,0.01,AFR,0.598147246368076,0.033086712194375,0.531298657778286,0.660368179613188
COPD,EUR_EAS,EUR_EAS_07,0.01,AMR,0.761931850809788,0.0248290753802887,0.713016391355732,0.809986588076702
COPD,EUR_EAS,EUR_EAS_07,0.1,MELD_lambda0_true,0.891856803036698,0.010723454411983,0.869584571616832,0.911954009092066
COPD,EUR_EAS,EUR_EAS_07,0.1,MELD_lambda0_equal,0.878384223707899,0.0121363409353061,0.853960186094279,0.900379127761519
COPD,EUR_EAS,EUR_EAS_07,0.1,MELD_lambda1_true,0.888967010312398,0.0111809049996544,0.865953432363688,0.909654473273978
COPD,EUR_EAS,EUR_EAS_07,0.1,MELD_lambda0_scrambled,0.891856803036698,0.0102401313395284,0.871025684387955,0.911538072000475
COPD,EUR_EAS,EUR_EAS_07,0.1,EUR,0.855131425250593,0.0128559620233895,0.831248168999977,0.880591321213024
COPD,EUR_EAS,EUR_EAS_07,0.1,EAS,0.807089879131848,0.0183384603732703,0.771486304669133,0.841978158322581
COPD,EUR_EAS,EUR_EAS_07,0.1,AFR,0.658787991240427,0.0264355172810688,0.607600927404248,0.709036895364478
COPD,EUR_EAS,EUR_EAS_07,0.1,AMR,0.801074557701326,0.0213406119647143,0.758956680850278,0.841464088412795
COPD,EUR_EAS,EUR_EAS_08,0.001,MELD_lambda0_true,0.855647527312877,0.0175352212487828,0.822216949187841,0.889465555076124
COPD,EUR_EAS,EUR_EAS_08,0.001,MELD_lambda0_equal,0.861822752150455,0.0122914852212452,0.838318811180842,0.88618028974657
COPD,EUR_EAS,EUR_EAS_08,0.001,MELD_lambda1_true,0.853030774554553,0.017317137481941,0.816606360360154,0.884138605856419
COPD,EUR_EAS,EUR_EAS_08,0.001,MELD_lambda0_scrambled,0.75382419137722,0.0235243682960651,0.708433716838382,0.80031661214322
COPD,EUR_EAS,EUR_EAS_08,0.001,EUR,0.78264085547518,0.0220004782075676,0.742199759075598,0.826616099512087
COPD,EUR_EAS,EUR_EAS_08,0.001,EAS,0.634561519685389,0.0247511012241572,0.588028852075066,0.682674836796018
COPD,EUR_EAS,EUR_EAS_08,0.001,AFR,0.455704894614114,0.0361230949705544,0.38587469673605,0.526959006825959
COPD,EUR_EAS,EUR_EAS_08,0.001,AMR,0.689234180107053,0.0272831032846565,0.633810634087492,0.741884033690203
COPD,EUR_EAS,EUR_EAS_08,0.01,MELD_lambda0_true,0.889550360087234,0.0118622806297777,0.86609248043401,0.912564206661283
COPD,EUR_EAS,EUR_EAS_08,0.01,MELD_lambda0_equal,0.876578670447991,0.0114206620222917,0.85520716033831,0.899820019949329
COPD,EUR_EAS,EUR_EAS_08,0.01,MELD_lambda1_true,0.888748319622544,0.0120446437951758,0.864569106136344,0.911685484687735
COPD,EUR_EAS,EUR_EAS_08,0.01,MELD_lambda0_scrambled,0.801589803074423,0.0180609029858828,0.766842898365823,0.838529092843328
COPD,EUR_EAS,EUR_EAS_08,0.01,EUR,0.854575705482704,0.0144837512980493,0.82782404261031,0.883979153782825
COPD,EUR_EAS,EUR_EAS_08,0.01,EAS,0.762823392178014,0.0213933087321776,0.721542644527365,0.805654676210148
COPD,EUR_EAS,EUR_EAS_08,0.01,AFR,0.592954342256411,0.0346522407131853,0.527370481534344,0.662634631590726
COPD,EUR_EAS,EUR_EAS_08,0.01,AMR,0.774490142140459,0.021230988624013,0.732871333597279,0.81641927118574
COPD,EUR_EAS,EUR_EAS_08,0.1,MELD_lambda0_true,0.891722307922497,0.00984587821177301,0.873773444368417,0.910606853344007
COPD,EUR_EAS,EUR_EAS_08,0.1,MELD_lambda0_equal,0.877265113245534,0.01031720642615,0.857225385822227,0.896518544824862
COPD,EUR_EAS,EUR_EAS_08,0.1,MELD_lambda1_true,0.890490916559082,0.00986142577728042,0.871947343296148,0.911496609850797
COPD,EUR_EAS,EUR_EAS_08,0.1,MELD_lambda0_scrambled,0.815915004890415,0.0146227835856958,0.787832179115058,0.84543873637464
COPD,EUR_EAS,EUR_EAS_08,0.1,EUR,0.86640993697907,0.012189070680245,0.84415951337903,0.891281175340264
COPD,EUR_EAS,EUR_EAS_08,0.1,EAS,0.795298799148105,0.017003304235947,0.761688725182325,0.82897395547352
COPD,EUR_EAS,EUR_EAS_08,0.1,AFR,0.656383710768946,0.0291134298332946,0.600899128240309,0.713365533432794
COPD,EUR_EAS,EUR_EAS_08,0.1,AMR,0.802419053522015,0.0175928695525144,0.769213480691126,0.838067638239567
COPD,EUR_EAS,EUR_EAS_09,0.001,MELD_lambda0_true,0.865259241633177,0.0161380318653011,0.83408631175277,0.89607306949086
COPD,EUR_EAS,EUR_EAS_09,0.001,MELD_lambda0_equal,0.855597410752679,0.0168280921214938,0.8203093594412,0.88677586769368
COPD,EUR_EAS,EUR_EAS_09,0.001,MELD_lambda1_true,0.864400488173202,0.0161368430943334,0.832189361218819,0.895098467428024
COPD,EUR_EAS,EUR_EAS_09,0.001,MELD_lambda0_scrambled,0.761462968412876,0.0233508416676901,0.713940083801406,0.807474036461329
COPD,EUR_EAS,EUR_EAS_09,0.001,EUR,0.790448594586003,0.0259240794752088,0.738734878161152,0.838787873564378
COPD,EUR_EAS,EUR_EAS_09,0.001,EAS,0.62926895155223,0.0259688965353588,0.582954486870749,0.684185259265325
COPD,EUR_EAS,EUR_EAS_09,0.001,AFR,0.452284143983749,0.0327720133914423,0.395672726957439,0.524579523170264
COPD,EUR_EAS,EUR_EAS_09,0.001,AMR,0.693957121719508,0.0324797998502616,0.630854120940026,0.758545213522356
COPD,EUR_EAS,EUR_EAS_09,0.01,MELD_lambda0_true,0.891112991601463,0.013714291374627,0.863065399121538,0.916827267432204
COPD,EUR_EAS,EUR_EAS_09,0.01,MELD_lambda0_equal,0.870312901094637,0.0157778570307637,0.838032807573347,0.900164777727238
COPD,EUR_EAS,EUR_EAS_09,0.01,MELD_lambda1_true,0.890201321404418,0.0136203351278835,0.862646841132057,0.916521122136752
COPD,EUR_EAS,EUR_EAS_09,0.01,MELD_lambda0_scrambled,0.830583437016121,0.0182180217543851,0.794077850031854,0.866021672752652
COPD,EUR_EAS,EUR_EAS_09,0.01,EUR,0.858448599600435,0.0198355927706679,0.817956930731159,0.895254232831839
COPD,EUR_EAS,EUR_EAS_09,0.01,EAS,0.766656167233179,0.02041010115863,0.726356497991497,0.806806601831646
COPD,EUR_EAS,EUR_EAS_09,0.01,AFR,0.591039441373263,0.0333239846280902,0.528064145481304,0.65669135004612
COPD,EUR_EAS,EUR_EAS_09,0.01,AMR,0.765388792859152,0.027746212057996,0.710351184054886,0.818636223635687
COPD,EUR_EAS,EUR_EAS_09,0.1,MELD_lambda0_true,0.887577574336021,0.0139696109633291,0.86010490347555,0.914959028006909
COPD,EUR_EAS,EUR_EAS_09,0.1,MELD_lambda0_equal,0.871406525844853,0.0156610742083598,0.838272038770068,0.900293465564931
COPD,EUR_EAS,EUR_EAS_09,0.1,MELD_lambda1_true,0.8858367593879,0.0142212299060666,0.857262012662795,0.912093996927952
COPD,EUR_EAS,EUR_EAS_09,0.1,MELD_lambda0_scrambled,0.839991029668544,0.0162689856897032,0.807833418935907,0.871037942092986
COPD,EUR_EAS,EUR_EAS_09,0.1,EUR,0.867985741422907,0.0173595564326491,0.832722655170303,0.901408098640042
COPD,EUR_EAS,EUR_EAS_09,0.1,EAS,0.790732357508401,0.0184812601942329,0.755016791634072,0.828114145253235
COPD,EUR_EAS,EUR_EAS_09,0.1,AFR,0.653429222541696,0.029298902607258,0.597995722297374,0.712714112985275
COPD,EUR_EAS,EUR_EAS_09,0.1,AMR,0.796849508995827,0.0213374423246609,0.756511753652519,0.838997181961723
COPD,EUR_EAS,EUR_EAS_10,0.001,MELD_lambda0_true,0.853603523745301,0.0149086007056541,0.82474657790734,0.88230882088818
COPD,EUR_EAS,EUR_EAS_10,0.001,MELD_lambda0_equal,0.851658428188796,0.0113855267237482,0.830367281686698,0.874561412698482
COPD,EUR_EAS,EUR_EAS_10,0.001,MELD_lambda1_true,0.85362954705339,0.0154023630543535,0.822917659159297,0.884481753097713
COPD,EUR_EAS,EUR_EAS_10,0.001,MELD_lambda0_scrambled,0.656794594440963,0.0208694785563657,0.616162129261088,0.697937147302979
COPD,EUR_EAS,EUR_EAS_10,0.001,EUR,0.814597515758242,0.0205193500145421,0.773953780565114,0.852620906500297
COPD,EUR_EAS,EUR_EAS_10,0.001,EAS,0.57124863006383,0.0261571234415588,0.521905721184346,0.623507369686934
COPD,EUR_EAS,EUR_EAS_10,0.001,AFR,0.465707465846963,0.03470120329698,0.402160019895916,0.541455809182593
COPD,EUR_EAS,EUR_EAS_10,0.001,AMR,0.690031336360454,0.0302086020661121,0.631986249725893,0.750832657767169
COPD,EUR_EAS,EUR_EAS_10,0.01,MELD_lambda0_true,0.889241915828603,0.0100922785599252,0.868985453012135,0.908355137261661
COPD,EUR_EAS,EUR_EAS_10,0.01,MELD_lambda0_equal,0.869582994009658,0.0114875626744051,0.847472145634431,0.890878284707396
COPD,EUR_EAS,EUR_EAS_10,0.01,MELD_lambda1_true,0.888633341957594,0.0104729512486283,0.867852893379462,0.909321191358089
COPD,EUR_EAS,EUR_EAS_10,0.01,MELD_lambda0_scrambled,0.736158989145957,0.0193044465480665,0.699340139977123,0.77587234018414
COPD,EUR_EAS,EUR_EAS_10,0.01,EUR,0.870704311925989,0.0120981250856573,0.848430050327828,0.895138082140008
COPD,EUR_EAS,EUR_EAS_10,0.01,EAS,0.740971824113727,0.0209489136040471,0.702282063482362,0.781283003920481
COPD,EUR_EAS,EUR_EAS_10,0.01,AFR,0.588009354084649,0.0320283467810511,0.526987224502385,0.652733188379729
COPD,EUR_EAS,EUR_EAS_10,0.01,AMR,0.774418000768273,0.0239695618654102,0.726943228056695,0.822532327092834
COPD,EUR_EAS,EUR_EAS_10,0.1,MELD_lambda0_true,0.892099144999911,0.00991529686543198,0.872363534752997,0.911869165010881
COPD,EUR_EAS,EUR_EAS_10,0.1,MELD_lambda0_equal,0.874000777577094,0.0111356367577421,0.852431214246371,0.895355868469639
COPD,EUR_EAS,EUR_EAS_10,0.1,MELD_lambda1_true,0.890909838402712,0.0101075957482966,0.871522746587112,0.911206871347412
COPD,EUR_EAS,EUR_EAS_10,0.1,MELD_lambda0_scrambled,0.771359066342843,0.0171872410775748,0.738019606268703,0.805515071845012
COPD,EUR_EAS,EUR_EAS_10,0.1,EUR,0.881469016455088,0.0106321281064726,0.859960941050146,0.902870355141633
COPD,EUR_EAS,EUR_EAS_10,0.1,EAS,0.778688323434655,0.0160252484455867,0.745338947985163,0.808642387821399
COPD,EUR_EAS,EUR_EAS_10,0.1,AFR,0.658819142370519,0.0274862525724369,0.606831411856268,0.710938301570009
COPD,EUR_EAS,EUR_EAS_10,0.1,AMR,0.810253496531215,0.0174840917199478,0.776433695292532,0.8452616222172
COPD,EUR_EAS,EUR_EAS_11,0.001,MELD_lambda0_true,0.801457866046967,0.0227078390759008,0.75691199290047,0.844579537797861
COPD,EUR_EAS,EUR_EAS_11,0.001,MELD_lambda0_equal,0.825348801292899,0.0127859934676938,0.802291567614423,0.853237024199026
COPD,EUR_EAS,EUR_EAS_11,0.001,MELD_lambda1_true,0.801457866046967,0.0236316163142115,0.755128889928323,0.845853470598545
COPD,EUR_EAS,EUR_EAS_11,0.001,MELD_lambda0_scrambled,0.397786108694302,0.0368460085246221,0.333549428342899,0.477040720573716
COPD,EUR_EAS,EUR_EAS_11,0.001,EUR,0.801457866046964,0.0237393081848569,0.753513250410245,0.846619056034986
COPD,EUR_EAS,EUR_EAS_11,0.001,EAS,0.556584263877064,0.0278979342497996,0.503896073046189,0.613990392635082
COPD,EUR_EAS,EUR_EAS_11,0.001,AFR,0.397786108571968,0.0356634951117391,0.334841545538122,0.472202388277019
COPD,EUR_EAS,EUR_EAS_11,0.001,AMR,0.665989232310149,0.0327223562255939,0.601397419814244,0.727952346131316
COPD,EUR_EAS,EUR_EAS_11,0.01,MELD_lambda0_true,0.868166169604553,0.0152738104588532,0.835235567817465,0.895720371540441
COPD,EUR_EAS,EUR_EAS_11,0.01,MELD_lambda0_equal,0.851888626631263,0.0123174346052989,0.828603777823069,0.875680529546087
COPD,EUR_EAS,EUR_EAS_11,0.01,MELD_lambda1_true,0.868166169604553,0.0154547364958867,0.836380522479334,0.897761604678906
COPD,EUR_EAS,EUR_EAS_11,0.01,MELD_lambda0_scrambled,0.52857793917412,0.0349257402043512,0.461666402624622,0.597469747284201
COPD,EUR_EAS,EUR_EAS_11,0.01,EUR,0.868166169604554,0.0151878050487559,0.836553552019927,0.895955849950949
COPD,EUR_EAS,EUR_EAS_11,0.01,EAS,0.716807687374421,0.0190945207936349,0.679470366466197,0.753602193197318
COPD,EUR_EAS,EUR_EAS_11,0.01,AFR,0.528577939327493,0.0355586081997413,0.460832469408527,0.598076049879089
COPD,EUR_EAS,EUR_EAS_11,0.01,AMR,0.762971788305869,0.0247288246128551,0.71425995376616,0.812401903155401
COPD,EUR_EAS,EUR_EAS_11,0.1,MELD_lambda0_true,0.878986933230528,0.011657133706657,0.85555633192709,0.901100766505423
COPD,EUR_EAS,EUR_EAS_11,0.1,MELD_lambda0_equal,0.859337249981178,0.0114567980423915,0.836414105757747,0.881288460714508
COPD,EUR_EAS,EUR_EAS_11,0.1,MELD_lambda1_true,0.878986933230528,0.0117580609870088,0.854807217964046,0.901961322348938
COPD,EUR_EAS,EUR_EAS_11,0.1,MELD_lambda0_scrambled,0.61386642860164,0.0301122079746795,0.557783030817619,0.676555832011375
COPD,EUR_EAS,EUR_EAS_11,0.1,EUR,0.878986933230529,0.0116827642550912,0.855929474732423,0.900325600882795
COPD,EUR_EAS,EUR_EAS_11,0.1,EAS,0.75182156163949,0.0190984852923922,0.714384563546152,0.787899135175555
COPD,EUR_EAS,EUR_EAS_11,0.1,AFR,0.613866428859043,0.029489542368943,0.557114341222804,0.672471371177792
COPD,EUR_EAS,EUR_EAS_11,0.1,AMR,0.795670168813441,0.0177679856095325,0.761718802181675,0.831280555554965
COPD,multi,equal,0.001,MELD_lambda0_true,0.804773042542609,0.0153261590063584,0.775852756973186,0.834795943727394
COPD,multi,equal,0.001,MELD_lambda0_equal,0.804773042542609,0.015243950460321,0.77355969102985,0.833314917756722
COPD,multi,equal,0.001,MELD_lambda1_true,0.801198540136398,0.0148083569304118,0.772535204390338,0.830952538369087
COPD,multi,equal,0.001,MELD_lambda0_scrambled,0.804773042542609,0.0149456674967471,0.776538584605958,0.835481011741116
COPD,multi,equal,0.001,EUR,0.549207013504253,0.0227652123786846,0.506483496934345,0.59694104889769
COPD,multi,equal,0.001,EAS,0.46647307127319,0.021737652426219,0.426705506613682,0.510701391839926
COPD,multi,equal,0.001,AFR,0.432287071462388,0.0332694826040366,0.370940577264577,0.500391642707336
COPD,multi,equal,0.001,AMR,0.561830160714372,0.0288383688151274,0.506064727324719,0.619215054357462
COPD,multi,equal,0.01,MELD_lambda0_true,0.829480940630593,0.0140149368631585,0.801851003451669,0.857082071447426
COPD,multi,equal,0.01,MELD_lambda0_equal,0.829480940630593,0.0136736503152517,0.802455166455271,0.856106970430528
COPD,multi,equal,0.01,MELD_lambda1_true,0.827060826242299,0.0139261621841838,0.799962580235563,0.853368435071678
COPD,multi,equal,0.01,MELD_lambda0_scrambled,0.829480940630593,0.0139947031199859,0.801724107409288,0.857129566376277
COPD,multi,equal,0.01,EUR,0.700813107812958,0.0163130577821109,0.671783349067928,0.735662296528812
COPD,multi,equal,0.01,EAS,0.662728894830087,0.0187136898083975,0.626556930381796,0.700044315565528
COPD,multi,equal,0.01,AFR,0.566385978563688,0.0317034876205638,0.505645735542172,0.634041495616235
COPD,multi,equal,0.01,AMR,0.682476310012192,0.0243289725003982,0.637623490878548,0.7305001289212
COPD,multi,equal,0.1,MELD_lambda0_true,0.837264880625282,0.0138417316938169,0.809623843375882,0.86357468028018
COPD,multi,equal,0.1,MELD_lambda0_equal,0.837264880625282,0.013619731043587,0.809576190762748,0.862579068012767
COPD,multi,equal,0.1,MELD_lambda1_true,0.833595145870629,0.0143069304389522,0.80579813326072,0.860748329687364
COPD,multi,equal,0.1,MELD_lambda0_scrambled,0.837264880625282,0.013228254479945,0.810569957866589,0.862876217697274
COPD,multi,equal,0.1,EUR,0.749255720478767,0.0145738474687857,0.72166810605175,0.778663479500769
COPD,multi,equal,0.1,EAS,0.718617505333832,0.0161926438527871,0.68517231632844,0.748746416575857
COPD,multi,equal,0.1,AFR,0.646437838670353,0.0241569250898848,0.597694561876927,0.69383239260779
COPD,multi,equal,0.1,AMR,0.733413025297937,0.019216295608155,0.696216250516059,0.771302018104974
COPD,multi,reported,0.001,MELD_lambda0_true,0.860442505376207,0.0137064744895746,0.833045266395092,0.88635312621922
COPD,multi,reported,0.001,MELD_lambda0_equal,0.847715980632662,0.011072035099198,0.825485235278275,0.869447022092169
COPD,multi,reported,0.001,MELD_lambda1_true,0.856395071106651,0.013346993868615,0.830948343751154,0.882923798646316
COPD,multi,reported,0.001,MELD_lambda0_scrambled,0.860442505376207,0.0139130040068157,0.832784147376619,0.886539167211153
COPD,multi,reported,0.001,EUR,0.765550669213942,0.0240597108872109,0.718971210438824,0.813906992637577
COPD,multi,reported,0.001,EAS,0.575586456238263,0.0293390712136001,0.521256375142407,0.634240553068224
COPD,multi,reported,0.001,AFR,0.441407380310492,0.0374351396131921,0.374730910192833,0.52231879229095
COPD,multi,reported,0.001,AMR,0.660157178305918,0.0309571702004116,0.602597760055606,0.724489035472681
COPD,multi,reported,0.01,MELD_lambda0_true,0.8854361226823,0.0104103210037161,0.864562817106688,0.90602167324611
COPD,multi,reported,0.01,MELD_lambda0_equal,0.864789223040105,0.0110207696303774,0.843609217737328,0.886257447742251
COPD,multi,reported,0.01,MELD_lambda1_true,0.882924620059949,0.010881961171074,0.861172412750858,0.903764153069062
COPD,multi,reported,0.01,MELD_lambda0_scrambled,0.8854361226823,0.0101506701067108,0.865981576382478,0.905628255687453
COPD,multi,reported,0.01,EUR,0.849120140800727,0.0145566884775856,0.819684686323519,0.876703416287579
COPD,multi,reported,0.01,EAS,0.739514890286102,0.0194415883714318,0.70065437630473,0.777261438858746
COPD,multi,reported,0.01,AFR,0.565061217136705,0.0334311737191684,0.50528399315877,0.634796992080996
COPD,multi,reported,0.01,AMR,0.750341795566992,0.0231292228457271,0.706640094486773,0.79700517473475
COPD,multi,reported,0.1,MELD_lambda0_true,0.886199719781713,0.00963728947765948,0.868236186021098,0.905284913055746
COPD,multi,reported,0.1,MELD_lambda0_equal,0.868966605605334,0.0101860297035734,0.849152526089746,0.88922925099188
COPD,multi,reported,0.1,MELD_lambda1_true,0.883411571137901,0.00987459479045536,0.864450593111594,0.903716207529471
COPD,multi,reported,0.1,MELD_lambda0_scrambled,0.886199719781713,0.00969347792139598,0.86713005378956,0.90533712881582
COPD,multi,reported,0.1,EUR,0.860859631359137,0.0124812573931359,0.836724728389663,0.885393716959733
COPD,multi,reported,0.1,EAS,0.782106874322724,0.0143153185968729,0.755122234217713,0.810166074633701
COPD,multi,reported,0.1,AFR,0.63969046877303,0.0277244881196579,0.587440951169333,0.696823304020052
COPD,multi,reported,0.1,AMR,0.789324271378911,0.0186812519128621,0.753184901621401,0.827407972932393
COPD,multi,w25rest,0.001,MELD_lambda0_true,0.806488638241679,0.0162417737842462,0.775622323748611,0.83775481232873
COPD,multi,w25rest,0.001,MELD_lambda0_equal,0.806488638241679,0.0161881700763169,0.773369938634217,0.836422419277284
COPD,multi,w25rest,0.001,MELD_lambda1_true,0.801459443967173,0.0162868575446406,0.769161759940002,0.832347163958323
COPD,multi,w25rest,0.001,MELD_lambda0_scrambled,0.806488638241679,0.016556384781376,0.773199551517402,0.838664199726649
COPD,multi,w25rest,0.001,EUR,0.563586908159291,0.0239855795617615,0.516779409244015,0.611240834863977
COPD,multi,w25rest,0.001,EAS,0.462603834064026,0.0279962899725813,0.411320934917371,0.520201885436328
COPD,multi,w25rest,0.001,AFR,0.465291788373599,0.0340093220237424,0.402655861131085,0.533332309113279
COPD,multi,w25rest,0.001,AMR,0.551671714333637,0.0312377623586393,0.49009396483657,0.61127012067379
COPD,multi,w25rest,0.01,MELD_lambda0_true,0.827942726860854,0.0157269044318051,0.797182936845535,0.857027657552921
COPD,multi,w25rest,0.01,MELD_lambda0_equal,0.827942726860854,0.0149489104544189,0.798597213669002,0.858978029854274
COPD,multi,w25rest,0.01,MELD_lambda1_true,0.823424508295695,0.0158138956555711,0.790733855282442,0.854103587961053
COPD,multi,w25rest,0.01,MELD_lambda0_scrambled,0.827942726860854,0.0152394002565542,0.798110335199367,0.85855364099438
COPD,multi,w25rest,0.01,EUR,0.707909444043154,0.0188967314918745,0.668944373733967,0.743543358104989
COPD,multi,w25rest,0.01,EAS,0.661551963100301,0.0191261565189635,0.624649534951527,0.699200139546947
COPD,multi,w25rest,0.01,AFR,0.583450678876213,0.0326222675103878,0.522159384860029,0.649829404471484
COPD,multi,w25rest,0.01,AMR,0.663856653500674,0.027304242181381,0.612445821708202,0.720363339753042
COPD,multi,w25rest,0.1,MELD_lambda0_true,0.835983972146573,0.013821179114932,0.809682072922609,0.864115298357075
COPD,multi,w25rest,0.1,MELD_lambda0_equal,0.835983972146573,0.0145447883201468,0.807446524448486,0.864178543297461
COPD,multi,w25rest,0.1,MELD_lambda1_true,0.830936509041507,0.0140783739453788,0.803564362809013,0.858277196694063
COPD,multi,w25rest,0.1,MELD_lambda0_scrambled,0.835983972146573,0.0142324195500663,0.807448002107513,0.863550094725235
COPD,multi,w25rest,0.1,EUR,0.751347875343358,0.0157207797039666,0.720619097577857,0.782636364448097
COPD,multi,w25rest,0.1,EAS,0.71830012577741,0.0159293703583711,0.686636240028335,0.748114388124418
COPD,multi,w25rest,0.1,AFR,0.653441213607506,0.0272297150730035,0.59871054965458,0.707137587599016
COPD,multi,w25rest,0.1,AMR,0.717805127407187,0.0230633921777825,0.673846244733047,0.763460354056572
COPD,multi,w50rest,0.001,MELD_lambda0_true,0.821203713103465,0.0139216569095625,0.793290809942787,0.850074136098965
COPD,multi,w50rest,0.001,MELD_lambda0_equal,0.81492203952866,0.0134199324214464,0.78936129268239,0.842621595347204
COPD,multi,w50rest,0.001,MELD_lambda1_true,0.816517925838214,0.0141849617392575,0.790337986855838,0.846148287571415
COPD,multi,w50rest,0.001,MELD_lambda0_scrambled,0.79153568153206,0.014788570274926,0.763858858065539,0.822034007310488
COPD,multi,w50rest,0.001,EUR,0.629866928534732,0.0276107175820708,0.577569819705089,0.686894927564462
COPD,multi,w50rest,0.001,EAS,0.476350871879658,0.0299040525845172,0.421357753538478,0.53555929568956
COPD,multi,w50rest,0.001,AFR,0.433545771487195,0.0369430795931156,0.36675019429935,0.509557075097455
COPD,multi,w50rest,0.001,AMR,0.585331862328472,0.0331146782599389,0.523366533660339,0.654386261025699
COPD,multi,w50rest,0.01,MELD_lambda0_true,0.839369972236082,0.0129076473234872,0.815025998243261,0.864969000877001
COPD,multi,w50rest,0.01,MELD_lambda0_equal,0.835063427104519,0.012824507642777,0.811640077514233,0.86113191469963
COPD,multi,w50rest,0.01,MELD_lambda1_true,0.836034449032806,0.0129966774999109,0.811230942127505,0.86204445031101
COPD,multi,w50rest,0.01,MELD_lambda0_scrambled,0.819483813757879,0.0138838789726206,0.794087235248157,0.847735294611493
COPD,multi,w50rest,0.01,EUR,0.753874086299315,0.0198161545265784,0.715560304284396,0.791737941280303
COPD,multi,w50rest,0.01,EAS,0.664553253024837,0.0211146591952406,0.62530075323085,0.70775764195697
COPD,multi,w50rest,0.01,AFR,0.564608972087642,0.0367701788177051,0.494540850319198,0.63571195912807
COPD,multi,w50rest,0.01,AMR,0.699044189959055,0.0273043194001283,0.647590205394481,0.752772274579765
COPD,multi,w50rest,0.1,MELD_lambda0_true,0.842937404295308,0.0135731494999909,0.816108889878032,0.869789394154842
COPD,multi,w50rest,0.1,MELD_lambda0_equal,0.840639669726023,0.0130596480498126,0.815260611982973,0.86660341771773
COPD,multi,w50rest,0.1,MELD_lambda1_true,0.839970503395618,0.0133370427362204,0.814010138073726,0.865754970410035
COPD,multi,w50rest,0.1,MELD_lambda0_scrambled,0.829213372166121,0.01389985900839,0.804365242585828,0.857731059424152
COPD,multi,w50rest,0.1,EUR,0.785738563137656,0.0173161802338051,0.752912345451181,0.820541672217067
COPD,multi,w50rest,0.1,EAS,0.721350878105285,0.0185849907008621,0.685293196625479,0.756429853720814
COPD,multi,w50rest,0.1,AFR,0.634950178499434,0.0299898239990029,0.577102491217719,0.694998521331988
COPD,multi,w50rest,0.1,AMR,0.749504122979203,0.0217914436777105,0.708058592630176,0.792159041388225
VTE,EUR_AFR,EUR_AFR_01,0.001,MELD_lambda0_true,0.497606787715847,0.0354000209009112,0.426108802627634,0.564818094153297
VTE,EUR_AFR,EUR_AFR_01,0.001,MELD_lambda0_equal,0.6147287098557,0.031785298924844,0.551543758673942,0.674893825805585
VTE,EUR_AFR,EUR_AFR_01,0.001,MELD_lambda1_true,0.497606787715847,0.0360359745855333,0.430446492602866,0.567913667436196
VTE,EUR_AFR,EUR_AFR_01,0.001,MELD_lambda0_scrambled,0.22668595731719,0.0275857530076325,0.176334670798228,0.284336778615912
VTE,EUR_AFR,EUR_AFR_01,0.001,EUR,0.276082548765387,0.028906142766532,0.223122789045089,0.338011542448413
VTE,EUR_AFR,EUR_AFR_01,0.001,EAS,0.226685957317201,0.0272339005007382,0.174645531238134,0.282274337475176
VTE,EUR_AFR,EUR_AFR_01,0.001,AFR,0.497997948793024,0.0355367076152917,0.428225213395477,0.568457103572749
VTE,EUR_AFR,EUR_AFR_01,0.001,AMR,0.332122434027599,0.0379625468733029,0.259758615893058,0.40865244990973
VTE,EUR_AFR,EUR_AFR_01,0.01,MELD_lambda0_true,0.604159679233215,0.036220442830681,0.529965021732104,0.672713049513602
VTE,EUR_AFR,EUR_AFR_01,0.01,MELD_lambda0_equal,0.667289558735449,0.0294657155937333,0.607928899464645,0.722360935270303
VTE,EUR_AFR,EUR_AFR_01,0.01,MELD_lambda1_true,0.604159679233215,0.0355394103146324,0.530698169431853,0.672503593901654
VTE,EUR_AFR,EUR_AFR_01,0.01,MELD_lambda0_scrambled,0.379902753570772,0.0313818126130702,0.316454735647408,0.44117747278546
VTE,EUR_AFR,EUR_AFR_01,0.01,EUR,0.427396642665956,0.0277176544793406,0.374419152191855,0.483227454721823
VTE,EUR_AFR,EUR_AFR_01,0.01,EAS,0.379902753570772,0.0304749786606375,0.320414107030105,0.439768842569058
VTE,EUR_AFR,EUR_AFR_01,0.01,AFR,0.604650250549185,0.0357505145063322,0.533611672112436,0.673567842111493
VTE,EUR_AFR,EUR_AFR_01,0.01,AMR,0.44670674780326,0.0353955102343812,0.378863583635104,0.516512236602391
VTE,EUR_AFR,EUR_AFR_01,0.1,MELD_lambda0_true,0.65696025554823,0.0326065392587022,0.589788213612179,0.716502567330746
VTE,EUR_AFR,EUR_AFR_01,0.1,MELD_lambda0_equal,0.67831322862248,0.0283381119102837,0.619010076482537,0.729666950367432
VTE,EUR_AFR,EUR_AFR_01,0.1,MELD_lambda1_true,0.65696025554823,0.0339478163080343,0.584126071037377,0.71949203847585
VTE,EUR_AFR,EUR_AFR_01,0.1,MELD_lambda0_scrambled,0.445066249664663,0.0293685122303125,0.386257610152905,0.505037666975497
VTE,EUR_AFR,EUR_AFR_01,0.1,EUR,0.485631875123617,0.0279703859036339,0.431484157995972,0.540904833211592
VTE,EUR_AFR,EUR_AFR_01,0.1,EAS,0.445066249664664,0.0298714853962215,0.389237673941007,0.502598684249853
VTE,EUR_AFR,EUR_AFR_01,0.1,AFR,0.657510832998162,0.0325875776421216,0.5889430254492,0.717271655327933
VTE,EUR_AFR,EUR_AFR_01,0.1,AMR,0.513326990524086,0.0319304106573833,0.451058210820064,0.571277160739355
VTE,EUR_AFR,EUR_AFR_02,0.001,MELD_lambda0_true,0.59718491245454,0.0318422404565739,0.537852417217232,0.659405612196507
VTE,EUR_AFR,EUR_AFR_02,0.001,MELD_lambda0_equal,0.656727652759651,0.0277682201361036,0.599896503706592,0.706660368597723
VTE,EUR_AFR,EUR_AFR_02,0.001,MELD_lambda1_true,0.605068006434019,0.0313790623438407,0.541747327918841,0.663191037550699
VTE,EUR_AFR,EUR_AFR_02,0.001,MELD_lambda0_scrambled,0.527369833084894,0.0297815315663428,0.468027271312535,0.58304552054072
VTE,EUR_AFR,EUR_AFR_02,0.001,EUR,0.324748538233607,0.0246757919335558,0.27817952860616,0.373666213681899
VTE,EUR_AFR,EUR_AFR_02,0.001,EAS,0.247430792305465,0.022038228238712,0.207090182917571,0.29223508385806
VTE,EUR_AFR,EUR_AFR_02,0.001,AFR,0.494544029124636,0.0359109849233312,0.427582977220654,0.568497315249802
VTE,EUR_AFR,EUR_AFR_02,0.001,AMR,0.338938709786607,0.035238345354164,0.2720657838926,0.412687887360539
VTE,EUR_AFR,EUR_AFR_02,0.01,MELD_lambda0_true,0.67270253487608,0.0308714988192324,0.614644922605302,0.734391271932122
VTE,EUR_AFR,EUR_AFR_02,0.01,MELD_lambda0_equal,0.699703333178895,0.0266037177172983,0.644763865796044,0.752371091314147
VTE,EUR_AFR,EUR_AFR_02,0.01,MELD_lambda1_true,0.676455642088482,0.0311241545391774,0.612337923402032,0.734141095706875
VTE,EUR_AFR,EUR_AFR_02,0.01,MELD_lambda0_scrambled,0.612580095545701,0.0288458373468426,0.553970870514477,0.665043768983917
VTE,EUR_AFR,EUR_AFR_02,0.01,EUR,0.468029507195471,0.0243847293333223,0.418650918441128,0.515823503037864
VTE,EUR_AFR,EUR_AFR_02,0.01,EAS,0.398566456411426,0.0279312607966983,0.343375665214409,0.45143582036826
VTE,EUR_AFR,EUR_AFR_02,0.01,AFR,0.613097706000026,0.0356392362653036,0.537491463963007,0.678267300708686
VTE,EUR_AFR,EUR_AFR_02,0.01,AMR,0.484296194691312,0.0348271976394592,0.417687961903386,0.554458080864943
VTE,EUR_AFR,EUR_AFR_02,0.1,MELD_lambda0_true,0.707723916846057,0.0298380246802348,0.648053393040042,0.761735868548322
VTE,EUR_AFR,EUR_AFR_02,0.1,MELD_lambda0_equal,0.708922308045586,0.0239753765252967,0.65910355047661,0.753171665617782
VTE,EUR_AFR,EUR_AFR_02,0.1,MELD_lambda1_true,0.708054515704701,0.0288335719902016,0.650592085233783,0.760397851256177
VTE,EUR_AFR,EUR_AFR_02,0.1,MELD_lambda0_scrambled,0.62913968348282,0.0274568818970733,0.570358359650365,0.678657023655997
VTE,EUR_AFR,EUR_AFR_02,0.1,EUR,0.527167311938939,0.0244603051963249,0.476699972927411,0.573026778259159
VTE,EUR_AFR,EUR_AFR_02,0.1,EAS,0.471664262054345,0.0268535022916323,0.419549181265537,0.521776302370095
VTE,EUR_AFR,EUR_AFR_02,0.1,AFR,0.670492473740835,0.0325471021192285,0.602494886824715,0.729927308420281
VTE,EUR_AFR,EUR_AFR_02,0.1,AMR,0.551378399214853,0.0302061099884295,0.488303321386742,0.608100430090177
VTE,EUR_AFR,EUR_AFR_03,0.001,MELD_lambda0_true,0.674667825120745,0.0253913121370215,0.624266920238139,0.7234781080176
VTE,EUR_AFR,EUR_AFR_03,0.001,MELD_lambda0_equal,0.692401013607304,0.0254243974985684,0.640094158956172,0.739618210503872
VTE,EUR_AFR,EUR_AFR_03,0.001,MELD_lambda1_true,0.678289270816835,0.0260982847429663,0.627501799879889,0.728065636679677
VTE,EUR_AFR,EUR_AFR_03,0.001,MELD_lambda0_scrambled,0.674667825120745,0.0252989350290548,0.624174608828186,0.72214988631956
VTE,EUR_AFR,EUR_AFR_03,0.001,EUR,0.369861606791186,0.0270386756747412,0.320280047876925,0.425830001575983
VTE,EUR_AFR,EUR_AFR_03,0.001,EAS,0.26390256349192,0.024401161375013,0.219032107194128,0.315758226173881
VTE,EUR_AFR,EUR_AFR_03,0.001,AFR,0.528494856831505,0.031167292225055,0.469494900721705,0.59050458711779
VTE,EUR_AFR,EUR_AFR_03,0.001,AMR,0.373710700572601,0.0345072470153384,0.307507715805062,0.440013925424252
VTE,EUR_AFR,EUR_AFR_03,0.01,MELD_lambda0_true,0.7219635542943,0.0244067524392761,0.673747742747137,0.769118158589593
VTE,EUR_AFR,EUR_AFR_03,0.01,MELD_lambda0_equal,0.727082837524018,0.0218398583091433,0.681895448645204,0.767566550110379
VTE,EUR_AFR,EUR_AFR_03,0.01,MELD_lambda1_true,0.723606586111478,0.0239745717743427,0.673647675795808,0.768101469916117
VTE,EUR_AFR,EUR_AFR_03,0.01,MELD_lambda0_scrambled,0.7219635542943,0.0237571189000933,0.672466572557499,0.766040369460411
VTE,EUR_AFR,EUR_AFR_03,0.01,EUR,0.534835172464165,0.0219258544392796,0.492721849171788,0.579323611659937
VTE,EUR_AFR,EUR_AFR_03,0.01,EAS,0.436852833603925,0.027199515809822,0.384496658433662,0.490457841277414
VTE,EUR_AFR,EUR_AFR_03,0.01,AFR,0.633635456397123,0.028789505996748,0.576137446445343,0.68839670533518
VTE,EUR_AFR,EUR_AFR_03,0.01,AMR,0.515045694054174,0.0311439446871129,0.454949089987095,0.574259510507254
VTE,EUR_AFR,EUR_AFR_03,0.1,MELD_lambda0_true,0.748247171978393,0.0212172381168472,0.706056708476462,0.788150636636071
VTE,EUR_AFR,EUR_AFR_03,0.1,MELD_lambda0_equal,0.737445723435534,0.0202204493570198,0.695099690888726,0.776389752269869
VTE,EUR_AFR,EUR_AFR_03,0.1,MELD_lambda1_true,0.749478838102503,0.0222186561623981,0.703802909413081,0.790980876930586
VTE,EUR_AFR,EUR_AFR_03,0.1,MELD_lambda0_scrambled,0.748247171978393,0.0211822364799174,0.706367295900975,0.789224198379093
VTE,EUR_AFR,EUR_AFR_03,0.1,EUR,0.581046041475848,0.0211059597910645,0.539533302064909,0.620766986619622
VTE,EUR_AFR,EUR_AFR_03,0.1,EAS,0.521420722922451,0.0264910494822148,0.467221235138218,0.572310770439392
VTE,EUR_AFR,EUR_AFR_03,0.1,AFR,0.686914034475212,0.0258164032062121,0.636722501257165,0.73641358397992
VTE,EUR_AFR,EUR_AFR_03,0.1,AMR,0.598908111805073,0.0263628040777905,0.545718488992498,0.649032961972522
VTE,EUR_AFR,EUR_AFR_04,0.001,MELD_lambda0_true,0.684938503692403,0.0253100776635283,0.633049694106316,0.731035010194577
VTE,EUR_AFR,EUR_AFR_04,0.001,MELD_lambda0_equal,0.701728518472078,0.0255267786458508,0.650709377238157,0.749114531350873
VTE,EUR_AFR,EUR_AFR_04,0.001,MELD_lambda1_true,0.686689187220476,0.0245993125764963,0.639082741582102,0.73342001377808
VTE,EUR_AFR,EUR_AFR_04,0.001,MELD_lambda0_scrambled,0.655119792561431,0.0259760703617434,0.602217802598061,0.703647740456382
VTE,EUR_AFR,EUR_AFR_04,0.001,EUR,0.395289973671872,0.0253898907612452,0.347219863284637,0.446507998986668
VTE,EUR_AFR,EUR_AFR_04,0.001,EAS,0.306000107772833,0.0263912564386138,0.256462931830358,0.36025684683381
VTE,EUR_AFR,EUR_AFR_04,0.001,AFR,0.498513393206532,0.0351017118869597,0.431358486969243,0.568291004393855
VTE,EUR_AFR,EUR_AFR_04,0.001,AMR,0.400698065634939,0.0403808745267544,0.326812873487195,0.484968603862882
VTE,EUR_AFR,EUR_AFR_04,0.01,MELD_lambda0_true,0.737936720710977,0.0235196422385244,0.691929371380193,0.78128272870713
VTE,EUR_AFR,EUR_AFR_04,0.01,MELD_lambda0_equal,0.743824863358119,0.0225641648537597,0.696270801232019,0.784571121185927
VTE,EUR_AFR,EUR_AFR_04,0.01,MELD_lambda1_true,0.740246930804927,0.022799213506804,0.695011371980136,0.783082385542617
VTE,EUR_AFR,EUR_AFR_04,0.01,MELD_lambda0_scrambled,0.719412977998001,0.0242178122905438,0.669789094941979,0.764814931503661
VTE,EUR_AFR,EUR_AFR_04,0.01,EUR,0.553871009940412,0.0219647985876117,0.510237215156188,0.596090189095267
VTE,EUR_AFR,EUR_AFR_04,0.01,EAS,0.483232204147474,0.024913369644575,0.432464133831487,0.533074571450152
VTE,EUR_AFR,EUR_AFR_04,0.01,AFR,0.616292500524004,0.0289189343458701,0.561696155942134,0.674380075057632
VTE,EUR_AFR,EUR_AFR_04,0.01,AMR,0.545650312104813,0.0318604044437621,0.483541670574621,0.610234372806353
VTE,EUR_AFR,EUR_AFR_04,0.1,MELD_lambda0_true,0.766183369859355,0.0204819031418767,0.722084867647271,0.803855294257437
VTE,EUR_AFR,EUR_AFR_04,0.1,MELD_lambda0_equal,0.757320758818884,0.0200749142078408,0.716389035907876,0.794798494166468
VTE,EUR_AFR,EUR_AFR_04,0.1,MELD_lambda1_true,0.766370753512375,0.0200628076552467,0.724254201192453,0.803144382229964
VTE,EUR_AFR,EUR_AFR_04,0.1,MELD_lambda0_scrambled,0.752643307229389,0.0210068306681453,0.710795536114371,0.790954161891154
VTE,EUR_AFR,EUR_AFR_04,0.1,EUR,0.604256436095188,0.0221997869773553,0.562222962657446,0.64875287263199
VTE,EUR_AFR,EUR_AFR_04,0.1,EAS,0.547139634895445,0.0241235660575393,0.500095514421298,0.592908808575938
VTE,EUR_AFR,EUR_AFR_04,0.1,AFR,0.683238867905771,0.0256090118599627,0.633421380721073,0.73390484923133
VTE,EUR_AFR,EUR_AFR_04,0.1,AMR,0.614863022639884,0.0255722266423202,0.565441827040815,0.665768223741587
VTE,EUR_AFR,EUR_AFR_05,0.001,MELD_lambda0_true,0.728151206798914,0.0231065920307509,0.682362078856544,0.772763573729877
VTE,EUR_AFR,EUR_AFR_05,0.001,MELD_lambda0_equal,0.746239448776545,0.0241363568313093,0.696519452241258,0.789923396080062
VTE,EUR_AFR,EUR_AFR_05,0.001,MELD_lambda1_true,0.728426678655695,0.0231167181628008,0.683176008824482,0.771078459750065
VTE,EUR_AFR,EUR_AFR_05,0.001,MELD_lambda0_scrambled,0.686518383004264,0.025975749322707,0.637640134643059,0.738029531758031
VTE,EUR_AFR,EUR_AFR_05,0.001,EUR,0.446127379992977,0.0289924276879699,0.391810036951589,0.504602128974445
VTE,EUR_AFR,EUR_AFR_05,0.001,EAS,0.348278996058864,0.0278628216930414,0.297317763839994,0.405471520303755
VTE,EUR_AFR,EUR_AFR_05,0.001,AFR,0.515657256359462,0.0309369926620152,0.453354578706868,0.575479010664532
VTE,EUR_AFR,EUR_AFR_05,0.001,AMR,0.46015943832955,0.0298332724909547,0.405334099190266,0.518518833818087
VTE,EUR_AFR,EUR_AFR_05,0.01,MELD_lambda0_true,0.773428881238591,0.0207386093128652,0.730798338351407,0.812878825279883
VTE,EUR_AFR,EUR_AFR_05,0.01,MELD_lambda0_equal,0.780706566098429,0.0187871886691839,0.742447156610139,0.814673805091329
VTE,EUR_AFR,EUR_AFR_05,0.01,MELD_lambda1_true,0.774310862372183,0.0206112694112344,0.732127664702282,0.812175116472076
VTE,EUR_AFR,EUR_AFR_05,0.01,MELD_lambda0_scrambled,0.747193580904757,0.0222406635924137,0.700786500563181,0.7898809657941
VTE,EUR_AFR,EUR_AFR_05,0.01,EUR,0.609896388204123,0.0213348204860948,0.568578160588753,0.652721249146918
VTE,EUR_AFR,EUR_AFR_05,0.01,EAS,0.531016597787428,0.0259553926165458,0.479415010650227,0.582384520932158
VTE,EUR_AFR,EUR_AFR_05,0.01,AFR,0.631570763451394,0.0298161010897285,0.572194728232098,0.688806963991181
VTE,EUR_AFR,EUR_AFR_05,0.01,AMR,0.601970910272975,0.0262505428374317,0.548529841454307,0.651670912280403
VTE,EUR_AFR,EUR_AFR_05,0.1,MELD_lambda0_true,0.791413720101381,0.0182261012704695,0.753281150139691,0.825901998733212
VTE,EUR_AFR,EUR_AFR_05,0.1,MELD_lambda0_equal,0.786966188564829,0.0175174662170004,0.75118764070399,0.820045072012512
VTE,EUR_AFR,EUR_AFR_05,0.1,MELD_lambda1_true,0.791475237293989,0.017623192297315,0.754454570444787,0.823056700560622
VTE,EUR_AFR,EUR_AFR_05,0.1,MELD_lambda0_scrambled,0.772183096108585,0.0197773846286582,0.730138354957315,0.809612236991399
VTE,EUR_AFR,EUR_AFR_05,0.1,EUR,0.66276235633825,0.0192281521909888,0.624811942643246,0.700594970630572
VTE,EUR_AFR,EUR_AFR_05,0.1,EAS,0.600863868808357,0.0201606545411782,0.562104814508685,0.639593096942972
VTE,EUR_AFR,EUR_AFR_05,0.1,AFR,0.689405072441984,0.0254188341770896,0.639210023298221,0.73674002335118
VTE,EUR_AFR,EUR_AFR_05,0.1,AMR,0.661846004725001,0.0235466554244176,0.613373488518408,0.706174988240499
VTE,EUR_AFR,EUR_AFR_06,0.001,MELD_lambda0_true,0.755431000629902,0.0189709565089224,0.717424359415515,0.791820731898202
VTE,EUR_AFR,EUR_AFR_06,0.001,MELD_lambda0_equal,0.760984821612853,0.0202341135624947,0.721993977279652,0.800636308135395
VTE,EUR_AFR,EUR_AFR_06,0.001,MELD_lambda1_true,0.758255352705492,0.0180509303273961,0.722042885019071,0.793163086218627
VTE,EUR_AFR,EUR_AFR_06,0.001,MELD_lambda0_scrambled,0.702809996122828,0.0251467679437834,0.650985479132072,0.750555301676355
VTE,EUR_AFR,EUR_AFR_06,0.001,EUR,0.460196142850708,0.0287291176641879,0.407643143064169,0.517220176118097
VTE,EUR_AFR,EUR_AFR_06,0.001,EAS,0.32382910845231,0.0265135221742937,0.276069788466729,0.381647586117779
VTE,EUR_AFR,EUR_AFR_06,0.001,AFR,0.511399043029735,0.0330071977937119,0.450565818815601,0.57869865566579
VTE,EUR_AFR,EUR_AFR_06,0.001,AMR,0.48413943855383,0.0337354553739931,0.422076401945807,0.553416334183321
VTE,EUR_AFR,EUR_AFR_06,0.01,MELD_lambda0_true,0.800274975320004,0.0169582725585323,0.768225861498295,0.833207817948462
VTE,EUR_AFR,EUR_AFR_06,0.01,MELD_lambda0_equal,0.795826550151478,0.0167020325898144,0.762542704065486,0.828253749232838
VTE,EUR_AFR,EUR_AFR_06,0.01,MELD_lambda1_true,0.800760531994407,0.0158924634840789,0.768989386653749,0.831389661150754
VTE,EUR_AFR,EUR_AFR_06,0.01,MELD_lambda0_scrambled,0.766145889272102,0.0202040944057521,0.725393807859587,0.805629814549177
VTE,EUR_AFR,EUR_AFR_06,0.01,EUR,0.638286906902204,0.0211361030230316,0.596438743607688,0.680394594446682
VTE,EUR_AFR,EUR_AFR_06,0.01,EAS,0.528055312582772,0.0233964673499656,0.4845225156543,0.575305775355775
VTE,EUR_AFR,EUR_AFR_06,0.01,AFR,0.633854567837187,0.0305639029273219,0.575609452129713,0.694179354872036
VTE,EUR_AFR,EUR_AFR_06,0.01,AMR,0.622297421793417,0.0255430186940677,0.571339264319087,0.672784761538562
VTE,EUR_AFR,EUR_AFR_06,0.1,MELD_lambda0_true,0.80978808549247,0.0149028711277825,0.779664527218953,0.837581350908732
VTE,EUR_AFR,EUR_AFR_06,0.1,MELD_lambda0_equal,0.798637200974022,0.0158036133802814,0.76775989548306,0.829468059772111
VTE,EUR_AFR,EUR_AFR_06,0.1,MELD_lambda1_true,0.809311677779838,0.0152009462949054,0.779472713274019,0.838630649026802
VTE,EUR_AFR,EUR_AFR_06,0.1,MELD_lambda0_scrambled,0.783659069599745,0.016631316947429,0.749818405023098,0.815672557447565
VTE,EUR_AFR,EUR_AFR_06,0.1,EUR,0.686407035492838,0.0201577108051035,0.64501404706386,0.724758127909525
VTE,EUR_AFR,EUR_AFR_06,0.1,EAS,0.608010456121468,0.0206735104670022,0.568433528859109,0.649050113323377
VTE,EUR_AFR,EUR_AFR_06,0.1,AFR,0.690520231321625,0.0253313290016622,0.638582593811673,0.739576022619514
VTE,EUR_AFR,EUR_AFR_06,0.1,AMR,0.686814570569314,0.020427003395258,0.646589766726931,0.727774708248083
VTE,EUR_AFR,EUR_AFR_07,0.001,MELD_lambda0_true,0.770727376474793,0.0188211438852665,0.733333556526588,0.806648655633571
VTE,EUR_AFR,EUR_AFR_07,0.001,MELD_lambda0_equal,0.78573568640675,0.017656745884263,0.749870162343598,0.818626663556204
VTE,EUR_AFR,EUR_AFR_07,0.001,MELD_lambda1_true,0.7674969828912,0.0182383539174721,0.730015032721035,0.802162762241325
VTE,EUR_AFR,EUR_AFR_07,0.001,MELD_lambda0_scrambled,0.711818269301656,0.0243956503431683,0.663786450408914,0.758191749015196
VTE,EUR_AFR,EUR_AFR_07,0.001,EUR,0.546466171543807,0.0267789613386997,0.495383370341893,0.599965153478171
VTE,EUR_AFR,EUR_AFR_07,0.001,EAS,0.376952620110801,0.0259287290735586,0.325224146490267,0.428454223553367
VTE,EUR_AFR,EUR_AFR_07,0.001,AFR,0.506491486037603,0.031492736877275,0.447337320520671,0.568538980723202
VTE,EUR_AFR,EUR_AFR_07,0.001,AMR,0.530334488747186,0.0294097060578926,0.472960269365491,0.589390546948771
VTE,EUR_AFR,EUR_AFR_07,0.01,MELD_lambda0_true,0.809787842434666,0.0177519903647601,0.773019261242948,0.842262118400534
VTE,EUR_AFR,EUR_AFR_07,0.01,MELD_lambda0_equal,0.815530998015203,0.0154931621106885,0.783703249000612,0.84551129091996
VTE,EUR_AFR,EUR_AFR_07,0.01,MELD_lambda1_true,0.808573848585208,0.0172904702970108,0.773731096408293,0.840754982092133
VTE,EUR_AFR,EUR_AFR_07,0.01,MELD_lambda0_scrambled,0.769454575478017,0.0211957484101982,0.72822811944343,0.808302367010948
VTE,EUR_AFR,EUR_AFR_07,0.01,EUR,0.70121526796802,0.0183026152458038,0.664088054784673,0.736290581001487
VTE,EUR_AFR,EUR_AFR_07,0.01,EAS,0.578907624440966,0.0221654487385309,0.534068817879833,0.622747795386859
VTE,EUR_AFR,EUR_AFR_07,0.01,AFR,0.625056784905904,0.0279063689083626,0.570278873499576,0.680977394950389
VTE,EUR_AFR,EUR_AFR_07,0.01,AMR,0.673248033799578,0.0247681937575539,0.623610895571915,0.72016358974084
VTE,EUR_AFR,EUR_AFR_07,0.1,MELD_lambda0_true,0.81762734698723,0.0167894242098761,0.783587952892474,0.849186603835112
VTE,EUR_AFR,EUR_AFR_07,0.1,MELD_lambda0_equal,0.818274942684933,0.0151738333883365,0.78764569098637,0.846112917699352
VTE,EUR_AFR,EUR_AFR_07,0.1,MELD_lambda1_true,0.816630739482469,0.0165159353446392,0.781204494157796,0.845303877416597
VTE,EUR_AFR,EUR_AFR_07,0.1,MELD_lambda0_scrambled,0.792338968288224,0.0185900400491638,0.755543067774727,0.827213725693553
VTE,EUR_AFR,EUR_AFR_07,0.1,EUR,0.739845428406914,0.0162913156141131,0.707548070525022,0.7705438420633
VTE,EUR_AFR,EUR_AFR_07,0.1,EAS,0.651633806772453,0.0191582193731741,0.612169662620291,0.687268395610418
VTE,EUR_AFR,EUR_AFR_07,0.1,AFR,0.6873293168367,0.0253701811835891,0.636491218985487,0.734700487820937
VTE,EUR_AFR,EUR_AFR_07,0.1,AMR,0.726622543317319,0.0201031027450466,0.685937504503889,0.763618929164775
VTE,EUR_AFR,EUR_AFR_08,0.001,MELD_lambda0_true,0.801805411832102,0.0155670804436572,0.770912254304608,0.830644634722539
VTE,EUR_AFR,EUR_AFR_08,0.001,MELD_lambda0_equal,0.812283058810682,0.0153645434518469,0.78257896968334,0.841849931022057
VTE,EUR_AFR,EUR_AFR_08,0.001,MELD_lambda1_true,0.799483163516044,0.0163791050307343,0.767177657990936,0.831099563772371
VTE,EUR_AFR,EUR_AFR_08,0.001,MELD_lambda0_scrambled,0.688829562440766,0.0204977936904995,0.649400973240234,0.729891144635294
VTE,EUR_AFR,EUR_AFR_08,0.001,EUR,0.598431232817405,0.0244681102476348,0.549632381089077,0.645422673838741
VTE,EUR_AFR,EUR_AFR_08,0.001,EAS,0.430958662065609,0.0273549853516599,0.379139428362236,0.485247451024344
VTE,EUR_AFR,EUR_AFR_08,0.001,AFR,0.511799735881899,0.0318720623853271,0.452739434500512,0.577309602757067
VTE,EUR_AFR,EUR_AFR_08,0.001,AMR,0.588846048613922,0.0278013415435471,0.535785277846449,0.643602709593576
VTE,EUR_AFR,EUR_AFR_08,0.01,MELD_lambda0_true,0.838986493240422,0.0141967333232593,0.810354418842142,0.86608029663188
VTE,EUR_AFR,EUR_AFR_08,0.01,MELD_lambda0_equal,0.842238083504276,0.0125286054943447,0.818624597444586,0.866455367667668
VTE,EUR_AFR,EUR_AFR_08,0.01,MELD_lambda1_true,0.838845817361614,0.0139459186653493,0.810557800109539,0.865072914301434
VTE,EUR_AFR,EUR_AFR_08,0.01,MELD_lambda0_scrambled,0.750704509711677,0.0187102226103606,0.714214102320622,0.7860151920792
VTE,EUR_AFR,EUR_AFR_08,0.01,EUR,0.747045101446464,0.0179023254401425,0.711153133370017,0.782043918896843
VTE,EUR_AFR,EUR_AFR_08,0.01,EAS,0.619955373604328,0.0205218279705976,0.580167257163779,0.660831744622499
VTE,EUR_AFR,EUR_AFR_08,0.01,AFR,0.627670764700722,0.0269035428360889,0.575008738465636,0.678406833147733
VTE,EUR_AFR,EUR_AFR_08,0.01,AMR,0.711461527515573,0.0197485826956838,0.67418729783337,0.748627269001038
VTE,EUR_AFR,EUR_AFR_08,0.1,MELD_lambda0_true,0.84643270957548,0.0126058411247028,0.821095515431327,0.869951338936485
VTE,EUR_AFR,EUR_AFR_08,0.1,MELD_lambda0_equal,0.845772749578904,0.0120407423171331,0.820822701354632,0.868218509310845
VTE,EUR_AFR,EUR_AFR_08,0.1,MELD_lambda1_true,0.846270168184711,0.0126646723156761,0.81958296276709,0.868942031530851
VTE,EUR_AFR,EUR_AFR_08,0.1,MELD_lambda0_scrambled,0.773815884725298,0.0168330546723716,0.740464841437774,0.80521520385089
VTE,EUR_AFR,EUR_AFR_08,0.1,EUR,0.778108880679075,0.0159573871773075,0.745401888994949,0.808244621774932
VTE,EUR_AFR,EUR_AFR_08,0.1,EAS,0.681181965893456,0.0192050435152807,0.640348803848562,0.716499495148088
VTE,EUR_AFR,EUR_AFR_08,0.1,AFR,0.683165017555464,0.0223593343952064,0.639122441809521,0.725595546646574
VTE,EUR_AFR,EUR_AFR_08,0.1,AMR,0.751608101482427,0.0171055448519423,0.719628095829963,0.784980977027011
VTE,EUR_AFR,EUR_AFR_09,0.001,MELD_lambda0_true,0.822681979006497,0.0151157132832266,0.793330090737067,0.851890707360194
VTE,EUR_AFR,EUR_AFR_09,0.001,MELD_lambda0_equal,0.823233882657913,0.0172227376069169,0.788545905890569,0.856182742138921
VTE,EUR_AFR,EUR_AFR_09,0.001,MELD_lambda1_true,0.825618268339505,0.0150013660241361,0.795640908876756,0.853890405748916
VTE,EUR_AFR,EUR_AFR_09,0.001,MELD_lambda0_scrambled,0.708186400869014,0.0240156724565529,0.661930014191961,0.756330761969486
VTE,EUR_AFR,EUR_AFR_09,0.001,EUR,0.66808720655264,0.0271123023427355,0.613945213735129,0.721907038565781
VTE,EUR_AFR,EUR_AFR_09,0.001,EAS,0.480218971256862,0.0346618428986626,0.41257146592122,0.549057699775935
VTE,EUR_AFR,EUR_AFR_09,0.001,AFR,0.486555725671484,0.0328760232145132,0.423189171492563,0.551741192620849
VTE,EUR_AFR,EUR_AFR_09,0.001,AMR,0.61694049816978,0.0271193057785284,0.567495933413554,0.67506620727923
VTE,EUR_AFR,EUR_AFR_09,0.01,MELD_lambda0_true,0.855471503988127,0.0146386535916472,0.826990012887979,0.882953344651516
VTE,EUR_AFR,EUR_AFR_09,0.01,MELD_lambda0_equal,0.847674631759972,0.0147956821145717,0.819491709081664,0.875829266556203
VTE,EUR_AFR,EUR_AFR_09,0.01,MELD_lambda1_true,0.857765429559882,0.0142613426995136,0.826964289050206,0.882811691045401
VTE,EUR_AFR,EUR_AFR_09,0.01,MELD_lambda0_scrambled,0.802898163364316,0.0164250360334177,0.771113837608159,0.834774763265246
VTE,EUR_AFR,EUR_AFR_09,0.01,EUR,0.79140354999735,0.0170179935049606,0.756731873757868,0.823929429065568
VTE,EUR_AFR,EUR_AFR_09,0.01,EAS,0.648459125488055,0.0257219919782732,0.596328044164515,0.696910404230424
VTE,EUR_AFR,EUR_AFR_09,0.01,AFR,0.611297275043367,0.0323831936592061,0.548604292794589,0.67542392523408
VTE,EUR_AFR,EUR_AFR_09,0.01,AMR,0.738032134008651,0.0212981583205869,0.696226234221155,0.779291576624281
VTE,EUR_AFR,EUR_AFR_09,0.1,MELD_lambda0_true,0.859074287152537,0.0140743285483314,0.82914551032168,0.884638462811706
VTE,EUR_AFR,EUR_AFR_09,0.1,MELD_lambda0_equal,0.848815950752335,0.014913426051974,0.817198496238805,0.87621767953166
VTE,EUR_AFR,EUR_AFR_09,0.1,MELD_lambda1_true,0.859192737784437,0.0141402798665009,0.830111459488618,0.885582203560025
VTE,EUR_AFR,EUR_AFR_09,0.1,MELD_lambda0_scrambled,0.820917787509437,0.0143256909763906,0.791862494122396,0.848801091714483
VTE,EUR_AFR,EUR_AFR_09,0.1,EUR,0.816599316259329,0.0145979378420278,0.787969827044561,0.844996540652817
VTE,EUR_AFR,EUR_AFR_09,0.1,EAS,0.700673533634103,0.0235840187867295,0.651125099461872,0.745380537640256
VTE,EUR_AFR,EUR_AFR_09,0.1,AFR,0.673794020413253,0.0267399719895556,0.617778094651188,0.724335150358975
VTE,EUR_AFR,EUR_AFR_09,0.1,AMR,0.781317312968375,0.0189836434172605,0.742699214053806,0.817618768257612
VTE,EUR_AFR,EUR_AFR_10,0.001,MELD_lambda0_true,0.836811163774051,0.0151713625619848,0.806412193477843,0.86592703472536
VTE,EUR_AFR,EUR_AFR_10,0.001,MELD_lambda0_equal,0.843635186175008,0.0144467260632777,0.813436274483629,0.86963875365393
VTE,EUR_AFR,EUR_AFR_10,0.001,MELD_lambda1_true,0.83910406272279,0.0140802805244204,0.813156960002026,0.867321869070892
VTE,EUR_AFR,EUR_AFR_10,0.001,MELD_lambda0_scrambled,0.670112755204837,0.0179780259017784,0.636565046588141,0.706070147269232
VTE,EUR_AFR,EUR_AFR_10,0.001,EUR,0.746584461986859,0.0214816169695112,0.705865108531561,0.789593579635052
VTE,EUR_AFR,EUR_AFR_10,0.001,EAS,0.518540166357128,0.0320641531130578,0.456890975906948,0.582007832426507
VTE,EUR_AFR,EUR_AFR_10,0.001,AFR,0.506432089500233,0.0300584186702781,0.451860360631237,0.568548878857685
VTE,EUR_AFR,EUR_AFR_10,0.001,AMR,0.692987145528726,0.0240985741040702,0.644878920649025,0.739020177563171
VTE,EUR_AFR,EUR_AFR_10,0.01,MELD_lambda0_true,0.874502137270137,0.0130756998212299,0.847886623196058,0.899482135601435
VTE,EUR_AFR,EUR_AFR_10,0.01,MELD_lambda0_equal,0.869335706986443,0.0119817787369504,0.845214427213418,0.890610920712342
VTE,EUR_AFR,EUR_AFR_10,0.01,MELD_lambda1_true,0.87552852492785,0.0122503171248237,0.850786194684662,0.899086989002809
VTE,EUR_AFR,EUR_AFR_10,0.01,MELD_lambda0_scrambled,0.741711886358577,0.0188742374002714,0.705029420006318,0.779440941858031
VTE,EUR_AFR,EUR_AFR_10,0.01,EUR,0.837452478529586,0.0144941752759114,0.809027284100389,0.865884646203193
VTE,EUR_AFR,EUR_AFR_10,0.01,EAS,0.697649834063367,0.0221687518068571,0.653975267259306,0.740214373461934
VTE,EUR_AFR,EUR_AFR_10,0.01,AFR,0.630852466364524,0.0248806328144703,0.583190007530999,0.679910731820818
VTE,EUR_AFR,EUR_AFR_10,0.01,AMR,0.78671144437632,0.0180704193656052,0.751148593316345,0.822496776017727
VTE,EUR_AFR,EUR_AFR_10,0.1,MELD_lambda0_true,0.878461006872363,0.0119710139479368,0.85264707296903,0.900824309797678
VTE,EUR_AFR,EUR_AFR_10,0.1,MELD_lambda0_equal,0.872185430214875,0.0113884488528963,0.849083468567278,0.892806032131746
VTE,EUR_AFR,EUR_AFR_10,0.1,MELD_lambda1_true,0.878683369829746,0.011804500452375,0.854267785203036,0.899761004431571
VTE,EUR_AFR,EUR_AFR_10,0.1,MELD_lambda0_scrambled,0.774291113153366,0.0172025423768759,0.741969373569791,0.809180133877172
VTE,EUR_AFR,EUR_AFR_10,0.1,EUR,0.855999373898893,0.0128408982239795,0.82963971400683,0.880105367227425
VTE,EUR_AFR,EUR_AFR_10,0.1,EAS,0.751608998616969,0.0195205586244358,0.710840666461392,0.788565053333984
VTE,EUR_AFR,EUR_AFR_10,0.1,AFR,0.696259788166781,0.0214457882002867,0.655472165827289,0.739098974577125
VTE,EUR_AFR,EUR_AFR_10,0.1,AMR,0.813049020604689,0.017079514996318,0.778858061472768,0.84691871205224
VTE,EUR_AFR,EUR_AFR_11,0.001,MELD_lambda0_true,0.844398943273974,0.0176474588330183,0.808381408472474,0.878563623174511
VTE,EUR_AFR,EUR_AFR_11,0.001,MELD_lambda0_equal,0.851936278239432,0.0140562834769441,0.821757025836173,0.878977137803472
VTE,EUR_AFR,EUR_AFR_11,0.001,MELD_lambda1_true,0.844398943273974,0.0182275264978722,0.808085976367677,0.880131436741212
VTE,EUR_AFR,EUR_AFR_11,0.001,MELD_lambda0_scrambled,0.844398943273974,0.0179024997024904,0.809134708526274,0.878293276444413
VTE,EUR_AFR,EUR_AFR_11,0.001,EUR,0.844398943273984,0.0179026290363969,0.809173678227758,0.878691208393909
VTE,EUR_AFR,EUR_AFR_11,0.001,EAS,0.574662006451336,0.0329909326439393,0.507894579160249,0.634960214803668
VTE,EUR_AFR,EUR_AFR_11,0.001,AFR,0.486122244908036,0.0328572673098816,0.42725333904916,0.554515848631974
VTE,EUR_AFR,EUR_AFR_11,0.001,AMR,0.746774284987858,0.0223450757489052,0.703495649343052,0.790467469546391
VTE,EUR_AFR,EUR_AFR_11,0.01,MELD_lambda0_true,0.898435810329226,0.0117899942115159,0.874600426482867,0.920299927369291
VTE,EUR_AFR,EUR_AFR_11,0.01,MELD_lambda0_equal,0.876111530220369,0.0126253031356915,0.849668347009519,0.898859636005278
VTE,EUR_AFR,EUR_AFR_11,0.01,MELD_lambda1_true,0.898435810329226,0.0119647950061604,0.874088261631218,0.919926871503184
VTE,EUR_AFR,EUR_AFR_11,0.01,MELD_lambda0_scrambled,0.898435810329226,0.0116061846586056,0.874241449879076,0.919781744037396
VTE,EUR_AFR,EUR_AFR_11,0.01,EUR,0.898435810329225,0.0120346650937324,0.873561141101484,0.920042604835802
VTE,EUR_AFR,EUR_AFR_11,0.01,EAS,0.728514380047452,0.0231725488723618,0.681939076949195,0.773320098285552
VTE,EUR_AFR,EUR_AFR_11,0.01,AFR,0.609034979321348,0.0313303763857966,0.549433622746802,0.671711343812048
VTE,EUR_AFR,EUR_AFR_11,0.01,AMR,0.82071082928684,0.017332464468129,0.786794129809378,0.854318168919652
VTE,EUR_AFR,EUR_AFR_11,0.1,MELD_lambda0_true,0.903552665938014,0.0100447743389419,0.882052017927979,0.921556153317206
VTE,EUR_AFR,EUR_AFR_11,0.1,MELD_lambda0_equal,0.880851814463392,0.0121558700054189,0.855639319413724,0.902952455758467
VTE,EUR_AFR,EUR_AFR_11,0.1,MELD_lambda1_true,0.903552665938014,0.01050978689918,0.881123527938756,0.922580947049506
VTE,EUR_AFR,EUR_AFR_11,0.1,MELD_lambda0_scrambled,0.903552665938014,0.0104108801477422,0.88085236970111,0.921091357864422
VTE,EUR_AFR,EUR_AFR_11,0.1,EUR,0.903552665938014,0.0100504734882293,0.88179574926871,0.921544012304198
VTE,EUR_AFR,EUR_AFR_11,0.1,EAS,0.766319000715934,0.0211279301072648,0.724522808034178,0.807051710821287
VTE,EUR_AFR,EUR_AFR_11,0.1,AFR,0.666632429950218,0.0242563715597632,0.620627219055793,0.715036112268506
VTE,EUR_AFR,EUR_AFR_11,0.1,AMR,0.839874151683132,0.0146073612398957,0.810831384448365,0.867006954870115
VTE,EUR_EAS,EUR_EAS_01,0.001,MELD_lambda0_true,0.822664219848494,0.016881657636701,0.787991762738683,0.854318285493843
VTE,EUR_EAS,EUR_EAS_01,0.001,MELD_lambda0_equal,0.821782569885797,0.012192272289525,0.797789950030653,0.846556493297532
VTE,EUR_EAS,EUR_EAS_01,0.001,MELD_lambda1_true,0.822664219848494,0.0170375854425155,0.786498413255444,0.85322339746874
VTE,EUR_EAS,EUR_EAS_01,0.001,MELD_lambda0_scrambled,0.61981068097123,0.0227570393832986,0.577573498927882,0.664821402790012
VTE,EUR_EAS,EUR_EAS_01,0.001,EUR,0.619810680971187,0.0231814054317844,0.575362049535965,0.666526145152931
VTE,EUR_EAS,EUR_EAS_01,0.001,EAS,0.82266421984848,0.0170339596992591,0.787005104684304,0.854217994467474
VTE,EUR_EAS,EUR_EAS_01,0.001,AFR,0.447979660722287,0.0257535887164688,0.398926382641826,0.498685794517002
VTE,EUR_EAS,EUR_EAS_01,0.001,AMR,0.603808273801266,0.0279163680963425,0.549653388969812,0.662039415864625
VTE,EUR_EAS,EUR_EAS_01,0.01,MELD_lambda0_true,0.870020399355018,0.0143526505595166,0.840381886451066,0.896807425336889
VTE,EUR_EAS,EUR_EAS_01,0.01,MELD_lambda0_equal,0.844325440096563,0.0119657619399646,0.822254425541688,0.867737167051457
VTE,EUR_EAS,EUR_EAS_01,0.01,MELD_lambda1_true,0.870020399355018,0.0147634220066962,0.839589058138436,0.897134087283679
VTE,EUR_EAS,EUR_EAS_01,0.01,MELD_lambda0_scrambled,0.73623893871119,0.0153616947103337,0.7050700134653,0.766579918535225
VTE,EUR_EAS,EUR_EAS_01,0.01,EUR,0.736238938711188,0.0149969884748627,0.706531079167978,0.766372094094465
VTE,EUR_EAS,EUR_EAS_01,0.01,EAS,0.870020399355017,0.0144301534773812,0.840781224652973,0.897513934812431
VTE,EUR_EAS,EUR_EAS_01,0.01,AFR,0.564090969207342,0.0235862575169239,0.520871987931097,0.609088173345353
VTE,EUR_EAS,EUR_EAS_01,0.01,AMR,0.705918692408074,0.0235548239040522,0.657942322299408,0.751436397274483
VTE,EUR_EAS,EUR_EAS_01,0.1,MELD_lambda0_true,0.874338413657185,0.0125496514701925,0.846803764578372,0.897562984608066
VTE,EUR_EAS,EUR_EAS_01,0.1,MELD_lambda0_equal,0.845722541674628,0.0118970859577321,0.821998594425578,0.869023968251874
VTE,EUR_EAS,EUR_EAS_01,0.1,MELD_lambda1_true,0.874338413657185,0.0123393967824852,0.84746402961654,0.896965661789781
VTE,EUR_EAS,EUR_EAS_01,0.1,MELD_lambda0_scrambled,0.757043462587301,0.0150007287961218,0.7293364738679,0.786985207026764
VTE,EUR_EAS,EUR_EAS_01,0.1,EUR,0.7570434625873,0.0148872214916273,0.728759493009642,0.786852474879868
VTE,EUR_EAS,EUR_EAS_01,0.1,EAS,0.874338413657185,0.0121745402740495,0.850013737964623,0.896527693344027
VTE,EUR_EAS,EUR_EAS_01,0.1,AFR,0.620385618455681,0.0195686838995059,0.586859072827172,0.662929728548413
VTE,EUR_EAS,EUR_EAS_01,0.1,AMR,0.744330618150293,0.0195156129196671,0.704770549223961,0.78277714509547
VTE,EUR_EAS,EUR_EAS_02,0.001,MELD_lambda0_true,0.805695694206058,0.0264120467701664,0.749592685391728,0.853322992236586
VTE,EUR_EAS,EUR_EAS_02,0.001,MELD_lambda0_equal,0.851816652920124,0.0175125293172166,0.817157803038197,0.885568914511957
VTE,EUR_EAS,EUR_EAS_02,0.001,MELD_lambda1_true,0.810773534952001,0.0253510154432234,0.757712898036666,0.856998775340443
VTE,EUR_EAS,EUR_EAS_02,0.001,MELD_lambda0_scrambled,0.805695694206058,0.0257602454067866,0.75255289669907,0.852465732322766
VTE,EUR_EAS,EUR_EAS_02,0.001,EUR,0.738773656842438,0.0272355396317674,0.687650746826154,0.794299790082008
VTE,EUR_EAS,EUR_EAS_02,0.001,EAS,0.67997273358519,0.0321941885216333,0.614394841309672,0.741897232815473
VTE,EUR_EAS,EUR_EAS_02,0.001,AFR,0.4967186645559,0.034080535202509,0.434690425857096,0.565153305929261
VTE,EUR_EAS,EUR_EAS_02,0.001,AMR,0.692151392002435,0.0291876795402227,0.636959949108651,0.749350045066365
VTE,EUR_EAS,EUR_EAS_02,0.01,MELD_lambda0_true,0.859312907904675,0.0155898807184715,0.828944240955026,0.888752284062334
VTE,EUR_EAS,EUR_EAS_02,0.01,MELD_lambda0_equal,0.867613128547981,0.0149775749491984,0.83624495807575,0.895709172042866
VTE,EUR_EAS,EUR_EAS_02,0.01,MELD_lambda1_true,0.861202678634632,0.0161498420893874,0.828534362745786,0.893371952990616
VTE,EUR_EAS,EUR_EAS_02,0.01,MELD_lambda0_scrambled,0.859312907904675,0.0155175565806606,0.828031866013971,0.890536242466741
VTE,EUR_EAS,EUR_EAS_02,0.01,EUR,0.825086550127161,0.0162163267202066,0.793735006637525,0.857222334502283
VTE,EUR_EAS,EUR_EAS_02,0.01,EAS,0.789588950630155,0.0218554489796145,0.745500143399284,0.831113235816759
VTE,EUR_EAS,EUR_EAS_02,0.01,AFR,0.609391304903209,0.0319489735636404,0.551979323765096,0.677582261381485
VTE,EUR_EAS,EUR_EAS_02,0.01,AMR,0.78586857353345,0.0225071077262032,0.740931607110507,0.828308705549092
VTE,EUR_EAS,EUR_EAS_02,0.1,MELD_lambda0_true,0.860419088222568,0.013767688580848,0.833945060068592,0.886549133140384
VTE,EUR_EAS,EUR_EAS_02,0.1,MELD_lambda0_equal,0.868387176267477,0.0133286288760428,0.841810857277291,0.893170515567235
VTE,EUR_EAS,EUR_EAS_02,0.1,MELD_lambda1_true,0.860796440158017,0.0137242431353504,0.832910309705726,0.886688687622315
VTE,EUR_EAS,EUR_EAS_02,0.1,MELD_lambda0_scrambled,0.860419088222568,0.0135962243216902,0.833325776918603,0.885755405786649
VTE,EUR_EAS,EUR_EAS_02,0.1,EUR,0.846695333713456,0.0129861443948472,0.820805397204373,0.871416748427433
VTE,EUR_EAS,EUR_EAS_02,0.1,EAS,0.810339320901739,0.0162905562449857,0.778398520978909,0.842671914600584
VTE,EUR_EAS,EUR_EAS_02,0.1,AFR,0.661831171168986,0.0275408911227993,0.610276954859641,0.717733607585534
VTE,EUR_EAS,EUR_EAS_02,0.1,AMR,0.805157155588719,0.0194246951073305,0.765347258589003,0.84179759896667
VTE,EUR_EAS,EUR_EAS_03,0.001,MELD_lambda0_true,0.808698916272389,0.0214195473010697,0.76438242279173,0.84739829532772
VTE,EUR_EAS,EUR_EAS_03,0.001,MELD_lambda0_equal,0.852059847313263,0.0175108716384907,0.815787853024069,0.884309883892856
VTE,EUR_EAS,EUR_EAS_03,0.001,MELD_lambda1_true,0.816066334588074,0.0210279255480683,0.771145432689556,0.854438673638215
VTE,EUR_EAS,EUR_EAS_03,0.001,MELD_lambda0_scrambled,0.82175772041632,0.0201991658492129,0.7842240299866,0.860947603999682
VTE,EUR_EAS,EUR_EAS_03,0.001,EUR,0.773797826376491,0.0225171998080252,0.73074941059583,0.82022828906946
VTE,EUR_EAS,EUR_EAS_03,0.001,EAS,0.620306755782455,0.0326873945152303,0.555248391018511,0.684193966469676
VTE,EUR_EAS,EUR_EAS_03,0.001,AFR,0.49779505563194,0.0312859171668277,0.439578354515918,0.562105844627227
VTE,EUR_EAS,EUR_EAS_03,0.001,AMR,0.707503591458377,0.0314168322710125,0.64347888973495,0.768425809853568
VTE,EUR_EAS,EUR_EAS_03,0.01,MELD_lambda0_true,0.859706482593879,0.0138603755872835,0.831959767675621,0.885683932740588
VTE,EUR_EAS,EUR_EAS_03,0.01,MELD_lambda0_equal,0.868036251937141,0.0162921162098601,0.833705359885748,0.898798228909905
VTE,EUR_EAS,EUR_EAS_03,0.01,MELD_lambda1_true,0.862146882541029,0.013290848267138,0.836371846697194,0.888571720001653
VTE,EUR_EAS,EUR_EAS_03,0.01,MELD_lambda0_scrambled,0.86442493371808,0.0153164924253315,0.833205597185842,0.892521915286016
VTE,EUR_EAS,EUR_EAS_03,0.01,EUR,0.845200698297917,0.014656421472921,0.816854320117639,0.873135545947122
VTE,EUR_EAS,EUR_EAS_03,0.01,EAS,0.757929185042542,0.022270525465332,0.713612669905631,0.801508455468112
VTE,EUR_EAS,EUR_EAS_03,0.01,AFR,0.599662011299079,0.0298925758559642,0.542577396614849,0.660428928728733
VTE,EUR_EAS,EUR_EAS_03,0.01,AMR,0.797166329165521,0.0233412759300713,0.749414318454536,0.840915524578973
VTE,EUR_EAS,EUR_EAS_03,0.1,MELD_lambda0_true,0.860193739586332,0.0135213720684042,0.832640680883251,0.885759703098029
VTE,EUR_EAS,EUR_EAS_03,0.1,MELD_lambda0_equal,0.868223013568666,0.0151083437312569,0.836863641482525,0.895766467589302
VTE,EUR_EAS,EUR_EAS_03,0.1,MELD_lambda1_true,0.860682189412775,0.0139371639374404,0.832606320230058,0.887252766726655
VTE,EUR_EAS,EUR_EAS_03,0.1,MELD_lambda0_scrambled,0.870387775109035,0.0134813521732282,0.841918499847041,0.89644858235278
VTE,EUR_EAS,EUR_EAS_03,0.1,EUR,0.85934682957912,0.0127791128525635,0.83420690397159,0.884089751333779
VTE,EUR_EAS,EUR_EAS_03,0.1,EAS,0.786592336500004,0.0183837129655064,0.748991425666326,0.8211496164008
VTE,EUR_EAS,EUR_EAS_03,0.1,AFR,0.65039191080169,0.0257068826689543,0.603813790221875,0.706173238808077
VTE,EUR_EAS,EUR_EAS_03,0.1,AMR,0.813419219844302,0.0203156158718093,0.772299998601916,0.851254651672258
VTE,EUR_EAS,EUR_EAS_04,0.001,MELD_lambda0_true,0.841385790600081,0.0203561581519697,0.799552288697145,0.877261861417009
VTE,EUR_EAS,EUR_EAS_04,0.001,MELD_lambda0_equal,0.872125586146002,0.0109003722330318,0.849794817557677,0.892030603791624
VTE,EUR_EAS,EUR_EAS_04,0.001,MELD_lambda1_true,0.845251633194905,0.0183466675788585,0.807604986944922,0.878230599003798
VTE,EUR_EAS,EUR_EAS_04,0.001,MELD_lambda0_scrambled,0.730049136057592,0.0169048245235551,0.697767991773433,0.763929707077816
VTE,EUR_EAS,EUR_EAS_04,0.001,EUR,0.821256548454581,0.0146977188439447,0.792824722098989,0.850209639969671
VTE,EUR_EAS,EUR_EAS_04,0.001,EAS,0.631766484756753,0.0283765211808523,0.575752450229623,0.685110847839232
VTE,EUR_EAS,EUR_EAS_04,0.001,AFR,0.519476918141966,0.0297243829756789,0.464842614638591,0.580831615964506
VTE,EUR_EAS,EUR_EAS_04,0.001,AMR,0.742606565799869,0.0270123357611735,0.686759307470792,0.793261397064869
VTE,EUR_EAS,EUR_EAS_04,0.01,MELD_lambda0_true,0.891428445836109,0.00993160179490807,0.871433360896987,0.91010539547399
VTE,EUR_EAS,EUR_EAS_04,0.01,MELD_lambda0_equal,0.887880463173325,0.00976951802502178,0.868230793921522,0.906747887327449
VTE,EUR_EAS,EUR_EAS_04,0.01,MELD_lambda1_true,0.89363639654957,0.00977910437839074,0.873865478842929,0.912012497658215
VTE,EUR_EAS,EUR_EAS_04,0.01,MELD_lambda0_scrambled,0.784128823880046,0.01512351302514,0.754972824023432,0.815090489393934
VTE,EUR_EAS,EUR_EAS_04,0.01,EUR,0.879374400953453,0.00927085508648561,0.86123629509486,0.898037290746184
VTE,EUR_EAS,EUR_EAS_04,0.01,EAS,0.779349883409702,0.0157723811300217,0.747064119611502,0.809080475809872
VTE,EUR_EAS,EUR_EAS_04,0.01,AFR,0.632089835912048,0.0253254144460757,0.584492271795256,0.683648785914619
VTE,EUR_EAS,EUR_EAS_04,0.01,AMR,0.8190659304955,0.0190603799060245,0.781499727480507,0.856322865521806
VTE,EUR_EAS,EUR_EAS_04,0.1,MELD_lambda0_true,0.888120382331555,0.00911501617409164,0.868863171755521,0.904820215262772
VTE,EUR_EAS,EUR_EAS_04,0.1,MELD_lambda0_equal,0.885308306125632,0.00964047001353887,0.865586285081736,0.902750865464318
VTE,EUR_EAS,EUR_EAS_04,0.1,MELD_lambda1_true,0.888325740091524,0.00961959025020501,0.86858962996493,0.906934241536844
VTE,EUR_EAS,EUR_EAS_04,0.1,MELD_lambda0_scrambled,0.798911739397094,0.0126112070707109,0.773385408128492,0.824379326119165
VTE,EUR_EAS,EUR_EAS_04,0.1,EUR,0.886922412971195,0.00863948711720684,0.870276295688595,0.903760453376276
VTE,EUR_EAS,EUR_EAS_04,0.1,EAS,0.806575757691407,0.013909755639288,0.777203788516119,0.830873554823969
VTE,EUR_EAS,EUR_EAS_04,0.1,AFR,0.687869725733709,0.0189455798876359,0.65249290591665,0.72606202951071
VTE,EUR_EAS,EUR_EAS_04,0.1,AMR,0.830340885379848,0.0163237671811141,0.798782522931074,0.860339968901474
VTE,EUR_EAS,EUR_EAS_05,0.001,MELD_lambda0_true,0.843488536578217,0.0146284032446771,0.814017216081955,0.871405119465081
VTE,EUR_EAS,EUR_EAS_05,0.001,MELD_lambda0_equal,0.862018585159925,0.0137595032750416,0.834168799381305,0.888279297593024
VTE,EUR_EAS,EUR_EAS_05,0.001,MELD_lambda1_true,0.841964876576275,0.0150814385259366,0.812034496335007,0.871514954310725
VTE,EUR_EAS,EUR_EAS_05,0.001,MELD_lambda0_scrambled,0.843488536578217,0.015164675635984,0.813070147731385,0.872234275994949
VTE,EUR_EAS,EUR_EAS_05,0.001,EUR,0.831087519690428,0.0150309953517088,0.801338930305287,0.86037489736166
VTE,EUR_EAS,EUR_EAS_05,0.001,EAS,0.601259694962151,0.0237891647254493,0.55520668928476,0.646132450859482
VTE,EUR_EAS,EUR_EAS_05,0.001,AFR,0.496476444479836,0.0323821455061151,0.437948862854985,0.563912382984068
VTE,EUR_EAS,EUR_EAS_05,0.001,AMR,0.719106465576124,0.0324182472151582,0.654040149639028,0.780672262262654
VTE,EUR_EAS,EUR_EAS_05,0.01,MELD_lambda0_true,0.884772231419548,0.0116092773344433,0.860228726629521,0.9059052307011
VTE,EUR_EAS,EUR_EAS_05,0.01,MELD_lambda0_equal,0.880816767045325,0.0122240508256503,0.855419993272663,0.903672607257085
VTE,EUR_EAS,EUR_EAS_05,0.01,MELD_lambda1_true,0.883624149903718,0.0116673410513301,0.860616679615629,0.905699963302355
VTE,EUR_EAS,EUR_EAS_05,0.01,MELD_lambda0_scrambled,0.884772231419548,0.0113429548955031,0.862328824819519,0.905880758120049
VTE,EUR_EAS,EUR_EAS_05,0.01,EUR,0.884218443320201,0.00956607601492551,0.864256838848897,0.901913093292807
VTE,EUR_EAS,EUR_EAS_05,0.01,EAS,0.747283698536005,0.0175860450859213,0.713728052661026,0.782267729891803
VTE,EUR_EAS,EUR_EAS_05,0.01,AFR,0.624699731148362,0.0288147706498173,0.57043927760841,0.684285597535845
VTE,EUR_EAS,EUR_EAS_05,0.01,AMR,0.803353077971448,0.0219363597348975,0.758984765555097,0.84476815070067
VTE,EUR_EAS,EUR_EAS_05,0.1,MELD_lambda0_true,0.884619108025899,0.0109121755979419,0.862133987469204,0.905238273422629
VTE,EUR_EAS,EUR_EAS_05,0.1,MELD_lambda0_equal,0.880862385668843,0.0112872728148662,0.857412628816388,0.902053968596844
VTE,EUR_EAS,EUR_EAS_05,0.1,MELD_lambda1_true,0.882420237591997,0.0111069133719892,0.859964732911638,0.902884602951649
VTE,EUR_EAS,EUR_EAS_05,0.1,MELD_lambda0_scrambled,0.884619108025899,0.0110885884394127,0.862343814886734,0.905569525947035
VTE,EUR_EAS,EUR_EAS_05,0.1,EUR,0.889983881337312,0.0088250436937078,0.87118950038169,0.90641122636828
VTE,EUR_EAS,EUR_EAS_05,0.1,EAS,0.781051430221508,0.0155105868056278,0.749308156828019,0.81225362139469
VTE,EUR_EAS,EUR_EAS_05,0.1,AFR,0.680580330272082,0.0248336927820729,0.633535248406303,0.73024377960198
VTE,EUR_EAS,EUR_EAS_05,0.1,AMR,0.823715732825053,0.0171914538255971,0.789665388007262,0.856537619029868
VTE,EUR_EAS,EUR_EAS_06,0.001,MELD_lambda0_true,0.857582952307126,0.0133485363350652,0.830516549543405,0.88286721438622
VTE,EUR_EAS,EUR_EAS_06,0.001,MELD_lambda0_equal,0.858926245641825,0.012463224740901,0.833860834149935,0.882834747369344
VTE,EUR_EAS,EUR_EAS_06,0.001,MELD_lambda1_true,0.854595738527928,0.0129668203704702,0.82958584251519,0.880284489043656
VTE,EUR_EAS,EUR_EAS_06,0.001,MELD_lambda0_scrambled,0.750415539975904,0.0194807435719667,0.710195771367389,0.788629913921384
VTE,EUR_EAS,EUR_EAS_06,0.001,EUR,0.838449903705614,0.0143079653770461,0.810418148416776,0.866700022853433
VTE,EUR_EAS,EUR_EAS_06,0.001,EAS,0.603566871683707,0.0240682641963739,0.555378790105541,0.649828033913983
VTE,EUR_EAS,EUR_EAS_06,0.001,AFR,0.51303986934624,0.0303986563530571,0.458335637316224,0.576827654750711
VTE,EUR_EAS,EUR_EAS_06,0.001,AMR,0.741334059306421,0.0256274398321917,0.689677241837635,0.790716223296783
VTE,EUR_EAS,EUR_EAS_06,0.01,MELD_lambda0_true,0.891742206525519,0.0100611780370125,0.871225353201022,0.910944756203512
VTE,EUR_EAS,EUR_EAS_06,0.01,MELD_lambda0_equal,0.878740136153018,0.0119894517046576,0.853364328566806,0.900253159457946
VTE,EUR_EAS,EUR_EAS_06,0.01,MELD_lambda1_true,0.89111116339284,0.00984705901978259,0.871873053341514,0.910283254985036
VTE,EUR_EAS,EUR_EAS_06,0.01,MELD_lambda0_scrambled,0.798565640746395,0.0179820238410328,0.764453883939203,0.833786161053413
VTE,EUR_EAS,EUR_EAS_06,0.01,EUR,0.888647469606084,0.00906242422844827,0.870688643052246,0.906489864126783
VTE,EUR_EAS,EUR_EAS_06,0.01,EAS,0.744081321353016,0.0179118320642978,0.708757476422366,0.777608604128011
VTE,EUR_EAS,EUR_EAS_06,0.01,AFR,0.620258929477704,0.0281025923832568,0.568391239349699,0.676937489462779
VTE,EUR_EAS,EUR_EAS_06,0.01,AMR,0.816847221073987,0.0177479071447441,0.783183139683129,0.852537584359308
VTE,EUR_EAS,EUR_EAS_06,0.1,MELD_lambda0_true,0.8885022628911,0.0102264370147201,0.867092570022041,0.90791535682426
VTE,EUR_EAS,EUR_EAS_06,0.1,MELD_lambda0_equal,0.87820126259607,0.0118345875360884,0.853925248044859,0.899539136941145
VTE,EUR_EAS,EUR_EAS_06,0.1,MELD_lambda1_true,0.886946132956084,0.00976612896022118,0.867646124582167,0.905607100371113
VTE,EUR_EAS,EUR_EAS_06,0.1,MELD_lambda0_scrambled,0.816148671701588,0.015855576176384,0.784581002407664,0.846983198245551
VTE,EUR_EAS,EUR_EAS_06,0.1,EUR,0.891350039915045,0.00876975203098837,0.8740380422793,0.907892986865157
VTE,EUR_EAS,EUR_EAS_06,0.1,EAS,0.772029607113944,0.0158895493557483,0.740143825239287,0.804238645364105
VTE,EUR_EAS,EUR_EAS_06,0.1,AFR,0.668354845321802,0.0246990042444466,0.622414182962187,0.718551666467264
VTE,EUR_EAS,EUR_EAS_06,0.1,AMR,0.832281992360359,0.0151705019874598,0.803460106509895,0.862019626358321
VTE,EUR_EAS,EUR_EAS_07,0.001,MELD_lambda0_true,0.856033968840651,0.012151036485872,0.830812908694525,0.878456807976633
VTE,EUR_EAS,EUR_EAS_07,0.001,MELD_lambda0_equal,0.863216777092067,0.0123857859423144,0.838644538411994,0.88681040532693
VTE,EUR_EAS,EUR_EAS_07,0.001,MELD_lambda1_true,0.854176804666615,0.0125463144593643,0.829045426002203,0.877586031845312
VTE,EUR_EAS,EUR_EAS_07,0.001,MELD_lambda0_scrambled,0.856033968840651,0.0123561319889203,0.831216328839429,0.878729124016948
VTE,EUR_EAS,EUR_EAS_07,0.001,EUR,0.841210874136834,0.0156419118768885,0.811150767477361,0.872282846996253
VTE,EUR_EAS,EUR_EAS_07,0.001,EAS,0.586826830529372,0.0241177119770641,0.535359935486186,0.632699154891401
VTE,EUR_EAS,EUR_EAS_07,0.001,AFR,0.496526869555839,0.033228651326632,0.434402282801495,0.562741110703724
VTE,EUR_EAS,EUR_EAS_07,0.001,AMR,0.730435516710304,0.0249953973083454,0.679994187680129,0.779595017083588
VTE,EUR_EAS,EUR_EAS_07,0.01,MELD_lambda0_true,0.893837691047563,0.00926332405331633,0.874952394351471,0.910976429346433
VTE,EUR_EAS,EUR_EAS_07,0.01,MELD_lambda0_equal,0.881472378970182,0.011161817084904,0.857351116705998,0.901720607597537
VTE,EUR_EAS,EUR_EAS_07,0.01,MELD_lambda1_true,0.892732183755651,0.00974218809075572,0.872912303419943,0.910837747478076
VTE,EUR_EAS,EUR_EAS_07,0.01,MELD_lambda0_scrambled,0.893837691047563,0.0094048026993732,0.874653331986762,0.912080116936868
VTE,EUR_EAS,EUR_EAS_07,0.01,EUR,0.887787708566464,0.0103327914197285,0.867044565969245,0.907879342169333
VTE,EUR_EAS,EUR_EAS_07,0.01,EAS,0.746201630617501,0.0158957280268615,0.715149919462443,0.775496735456734
VTE,EUR_EAS,EUR_EAS_07,0.01,AFR,0.628017642303708,0.029362864709092,0.571865194734818,0.686160162767384
VTE,EUR_EAS,EUR_EAS_07,0.01,AMR,0.820892133211424,0.016293278269491,0.788486996626765,0.852018505145672
VTE,EUR_EAS,EUR_EAS_07,0.1,MELD_lambda0_true,0.892537139302121,0.00898906755458025,0.874552137176996,0.90947814575476
VTE,EUR_EAS,EUR_EAS_07,0.1,MELD_lambda0_equal,0.878064803321345,0.0105309777156847,0.855497853593208,0.897036979015357
VTE,EUR_EAS,EUR_EAS_07,0.1,MELD_lambda1_true,0.89052587302951,0.00938945953689945,0.870925617238652,0.907440437847073
VTE,EUR_EAS,EUR_EAS_07,0.1,MELD_lambda0_scrambled,0.892537139302121,0.00893534696160912,0.873859362200981,0.90951619629529
VTE,EUR_EAS,EUR_EAS_07,0.1,EUR,0.893392803578348,0.00865729926450298,0.875932220883216,0.910037748201656
VTE,EUR_EAS,EUR_EAS_07,0.1,EAS,0.774106363005422,0.0142050784395634,0.744557578798798,0.801837732692206
VTE,EUR_EAS,EUR_EAS_07,0.1,AFR,0.687594433600032,0.0224835202924165,0.644832369904411,0.732762880353185
VTE,EUR_EAS,EUR_EAS_07,0.1,AMR,0.838076005826401,0.0141783159619502,0.809196480050043,0.864427818094859
VTE,EUR_EAS,EUR_EAS_08,0.001,MELD_lambda0_true,0.870667398024299,0.0138960022580728,0.842668710849996,0.897240126627203
VTE,EUR_EAS,EUR_EAS_08,0.001,MELD_lambda0_equal,0.855056725451069,0.0148359410378195,0.825871377447832,0.882731882210979
VTE,EUR_EAS,EUR_EAS_08,0.001,MELD_lambda1_true,0.870410390142779,0.013843756430885,0.84224320050163,0.896493258012619
VTE,EUR_EAS,EUR_EAS_08,0.001,MELD_lambda0_scrambled,0.717131729105269,0.0250884815703477,0.665911315032613,0.764025073466439
VTE,EUR_EAS,EUR_EAS_08,0.001,EUR,0.85660955268262,0.0148026275481445,0.828789111186213,0.886620214006698
VTE,EUR_EAS,EUR_EAS_08,0.001,EAS,0.583167694819137,0.0280499981170268,0.524512502395763,0.6376953323891
VTE,EUR_EAS,EUR_EAS_08,0.001,AFR,0.5151167131849,0.0314949779418309,0.455160408032151,0.575844662928587
VTE,EUR_EAS,EUR_EAS_08,0.001,AMR,0.747633065551965,0.0234252836818155,0.702422842453643,0.793746928612776
VTE,EUR_EAS,EUR_EAS_08,0.01,MELD_lambda0_true,0.903647554279348,0.00972782170898986,0.88382967235533,0.922374027888005
VTE,EUR_EAS,EUR_EAS_08,0.01,MELD_lambda0_equal,0.878735035571708,0.0114420144196229,0.855847693657044,0.900643863762325
VTE,EUR_EAS,EUR_EAS_08,0.01,MELD_lambda1_true,0.903112964240238,0.009733005647182,0.883654549102804,0.921423001969463
VTE,EUR_EAS,EUR_EAS_08,0.01,MELD_lambda0_scrambled,0.787977906531096,0.020594741940684,0.748862726151083,0.826871804871455
VTE,EUR_EAS,EUR_EAS_08,0.01,EUR,0.901724175276487,0.00989348827829442,0.882570506359417,0.921109655082913
VTE,EUR_EAS,EUR_EAS_08,0.01,EAS,0.739456501324771,0.0189805506526366,0.700333627362395,0.775816394351616
VTE,EUR_EAS,EUR_EAS_08,0.01,AFR,0.638081528264765,0.0300532073764896,0.579006297433035,0.695278918824123
VTE,EUR_EAS,EUR_EAS_08,0.01,AMR,0.82138529385132,0.0167525813145553,0.787313188739743,0.853379284119365
VTE,EUR_EAS,EUR_EAS_08,0.1,MELD_lambda0_true,0.90205967951079,0.00905542857434224,0.883022035093454,0.919315572004418
VTE,EUR_EAS,EUR_EAS_08,0.1,MELD_lambda0_equal,0.882664125890029,0.0105484932886957,0.861492619925353,0.902373388161896
VTE,EUR_EAS,EUR_EAS_08,0.1,MELD_lambda1_true,0.90052409482873,0.00875642257022634,0.88283784761371,0.916901958424112
VTE,EUR_EAS,EUR_EAS_08,0.1,MELD_lambda0_scrambled,0.808407989220213,0.0163751999872772,0.774840830341572,0.83984456699992
VTE,EUR_EAS,EUR_EAS_08,0.1,EUR,0.90292011830889,0.00906204073924673,0.884695959855045,0.920673549386856
VTE,EUR_EAS,EUR_EAS_08,0.1,EAS,0.776373795037929,0.014621162081886,0.748181955710786,0.805753737224048
VTE,EUR_EAS,EUR_EAS_08,0.1,AFR,0.690387439290339,0.02554830741281,0.639861309828491,0.739870984653193
VTE,EUR_EAS,EUR_EAS_08,0.1,AMR,0.835427095550942,0.0152448528666851,0.806714012738661,0.865592479575762
VTE,EUR_EAS,EUR_EAS_09,0.001,MELD_lambda0_true,0.885203958788902,0.0104119890854845,0.865422682811317,0.906149648243355
VTE,EUR_EAS,EUR_EAS_09,0.001,MELD_lambda0_equal,0.868939923598736,0.0141582333358963,0.840681514450142,0.893726042438151
VTE,EUR_EAS,EUR_EAS_09,0.001,MELD_lambda1_true,0.884377018183424,0.0102702364296301,0.864044473305147,0.904780296505414
VTE,EUR_EAS,EUR_EAS_09,0.001,MELD_lambda0_scrambled,0.756303316686453,0.0297221372556776,0.694182298983307,0.810726790998066
VTE,EUR_EAS,EUR_EAS_09,0.001,EUR,0.866037599082418,0.0142742084576554,0.839965391348644,0.893461791398617
VTE,EUR_EAS,EUR_EAS_09,0.001,EAS,0.603344910268928,0.032096971918365,0.540273998602348,0.666582724852851
VTE,EUR_EAS,EUR_EAS_09,0.001,AFR,0.530971425000713,0.0329453091760124,0.471690320417966,0.600766971743918
VTE,EUR_EAS,EUR_EAS_09,0.001,AMR,0.746391792896628,0.0291780297784682,0.688876857197128,0.802049370987055
VTE,EUR_EAS,EUR_EAS_09,0.01,MELD_lambda0_true,0.912330765075697,0.00853634379363373,0.895811485014239,0.929314671509843
VTE,EUR_EAS,EUR_EAS_09,0.01,MELD_lambda0_equal,0.891081496979446,0.00921337908994495,0.873949928283321,0.90984085817628
VTE,EUR_EAS,EUR_EAS_09,0.01,MELD_lambda1_true,0.912066741072661,0.00836027723768769,0.895495012065565,0.928447806003562
VTE,EUR_EAS,EUR_EAS_09,0.01,MELD_lambda0_scrambled,0.839783280496091,0.0160412225586199,0.807729301954067,0.870554300596823
VTE,EUR_EAS,EUR_EAS_09,0.01,EUR,0.906334372880834,0.00913542021256977,0.888411731357844,0.923807809674851
VTE,EUR_EAS,EUR_EAS_09,0.01,EAS,0.754340390175337,0.0207858483512596,0.713156079399618,0.796102426195964
VTE,EUR_EAS,EUR_EAS_09,0.01,AFR,0.652659647245284,0.0298256238224186,0.596187209709766,0.710665445901458
VTE,EUR_EAS,EUR_EAS_09,0.01,AMR,0.83124709668692,0.0184719883033629,0.79543148773337,0.866977329942895
VTE,EUR_EAS,EUR_EAS_09,0.1,MELD_lambda0_true,0.910843468503341,0.00860356656583956,0.894161477857398,0.927333240251929
VTE,EUR_EAS,EUR_EAS_09,0.1,MELD_lambda0_equal,0.893213546708691,0.00883200691627331,0.875318481450403,0.910422022760961
VTE,EUR_EAS,EUR_EAS_09,0.1,MELD_lambda1_true,0.91020233657647,0.00839144711074508,0.89306306925134,0.926461396238599
VTE,EUR_EAS,EUR_EAS_09,0.1,MELD_lambda0_scrambled,0.851802914751601,0.0126418958627312,0.825944511984897,0.875515890126173
VTE,EUR_EAS,EUR_EAS_09,0.1,EUR,0.906862028779396,0.00902133190662114,0.889163656017966,0.923807075614623
VTE,EUR_EAS,EUR_EAS_09,0.1,EAS,0.791710554457475,0.0164730035804485,0.759791443219888,0.825057576006754
VTE,EUR_EAS,EUR_EAS_09,0.1,AFR,0.701897773512996,0.0251269256725728,0.654559575144891,0.750466076732338
VTE,EUR_EAS,EUR_EAS_09,0.1,AMR,0.850616550265701,0.0131664787487355,0.824410209867274,0.875878465219856
VTE,EUR_EAS,EUR_EAS_10,0.001,MELD_lambda0_true,0.855999240127914,0.0158926420824425,0.824062263494538,0.886413429596419
VTE,EUR_EAS,EUR_EAS_10,0.001,MELD_lambda0_equal,0.857518630692499,0.0134107812557215,0.830987836722768,0.883419153084767
VTE,EUR_EAS,EUR_EAS_10,0.001,MELD_lambda1_true,0.856325609013435,0.0164053282256088,0.823928464271568,0.88846446987068
VTE,EUR_EAS,EUR_EAS_10,0.001,MELD_lambda0_scrambled,0.691447613809204,0.021207042698855,0.652145568521046,0.73423149651335
VTE,EUR_EAS,EUR_EAS_10,0.001,EUR,0.827660433439977,0.0183363648171234,0.792085702577368,0.865274864618465
VTE,EUR_EAS,EUR_EAS_10,0.001,EAS,0.573822565160246,0.0183323785369149,0.5380711805349,0.608612773594579
VTE,EUR_EAS,EUR_EAS_10,0.001,AFR,0.505535795918688,0.0359536180195318,0.436649930083391,0.578098393067441
VTE,EUR_EAS,EUR_EAS_10,0.001,AMR,0.727623927294885,0.0269484390821682,0.675120095639348,0.780822654896605
VTE,EUR_EAS,EUR_EAS_10,0.01,MELD_lambda0_true,0.893335930425609,0.0125533707828573,0.865996777519568,0.916173448025104
VTE,EUR_EAS,EUR_EAS_10,0.01,MELD_lambda0_equal,0.875024617414602,0.0133866450808729,0.846127182815608,0.899490548134259
VTE,EUR_EAS,EUR_EAS_10,0.01,MELD_lambda1_true,0.893525856764093,0.0131512315029217,0.86666017475037,0.917164265677734
VTE,EUR_EAS,EUR_EAS_10,0.01,MELD_lambda0_scrambled,0.75687307791041,0.0203031798425398,0.718942019036394,0.798952846842335
VTE,EUR_EAS,EUR_EAS_10,0.01,EUR,0.883682844153427,0.0127247742574067,0.859634780597459,0.907918865562436
VTE,EUR_EAS,EUR_EAS_10,0.01,EAS,0.735955294539769,0.016387818621891,0.703910860028717,0.767809212477195
VTE,EUR_EAS,EUR_EAS_10,0.01,AFR,0.626859213282304,0.0324219468959705,0.565249622426072,0.691404617182142
VTE,EUR_EAS,EUR_EAS_10,0.01,AMR,0.809769809212321,0.0198491178353986,0.770276483977172,0.847047403800506
VTE,EUR_EAS,EUR_EAS_10,0.1,MELD_lambda0_true,0.893391308666323,0.0114014155364001,0.869301611276703,0.914234504848073
VTE,EUR_EAS,EUR_EAS_10,0.1,MELD_lambda0_equal,0.873919357748468,0.012653680657644,0.849047835022526,0.897974054972375
VTE,EUR_EAS,EUR_EAS_10,0.1,MELD_lambda1_true,0.893067773641988,0.0117034951114474,0.868796838002954,0.914536639057756
VTE,EUR_EAS,EUR_EAS_10,0.1,MELD_lambda0_scrambled,0.777063412979112,0.0188496444908133,0.73973454949296,0.813612064283904
VTE,EUR_EAS,EUR_EAS_10,0.1,EUR,0.889865078715762,0.0115012396851786,0.865340202767177,0.910542080851404
VTE,EUR_EAS,EUR_EAS_10,0.1,EAS,0.76669975006571,0.0161406322499858,0.733989622286177,0.796894688174761
VTE,EUR_EAS,EUR_EAS_10,0.1,AFR,0.681559789213165,0.0282368724868738,0.628617959587968,0.738032624715681
VTE,EUR_EAS,EUR_EAS_10,0.1,AMR,0.829542157938582,0.0175271557358412,0.794391115240553,0.862204173560717
VTE,EUR_EAS,EUR_EAS_11,0.001,MELD_lambda0_true,0.843523196287724,0.0170599067162975,0.810279060718387,0.876936150877228
VTE,EUR_EAS,EUR_EAS_11,0.001,MELD_lambda0_equal,0.857396945266019,0.0140855696329809,0.828419890586919,0.882773718532677
VTE,EUR_EAS,EUR_EAS_11,0.001,MELD_lambda1_true,0.843523196287724,0.0175848449789271,0.808791911712859,0.876703014183941
VTE,EUR_EAS,EUR_EAS_11,0.001,MELD_lambda0_scrambled,0.477564786541904,0.0401463564901072,0.405889439901791,0.559335784579292
VTE,EUR_EAS,EUR_EAS_11,0.001,EUR,0.84352319628774,0.0174220192031047,0.809108548897373,0.878435621387482
VTE,EUR_EAS,EUR_EAS_11,0.001,EAS,0.587925313504494,0.0281191242253173,0.536984727462752,0.646848889153574
VTE,EUR_EAS,EUR_EAS_11,0.001,AFR,0.477666492991267,0.0398117065942272,0.402638371459762,0.558227538174686
VTE,EUR_EAS,EUR_EAS_11,0.001,AMR,0.730569916338425,0.0263332723300511,0.682428977976385,0.783860338965481
VTE,EUR_EAS,EUR_EAS_11,0.01,MELD_lambda0_true,0.899408827279911,0.0103410123115911,0.879023434620342,0.918922835368099
VTE,EUR_EAS,EUR_EAS_11,0.01,MELD_lambda0_equal,0.880835419169721,0.0128863728768049,0.854898337864334,0.905477605888431
VTE,EUR_EAS,EUR_EAS_11,0.01,MELD_lambda1_true,0.899408827279911,0.010245160653782,0.878822250161273,0.91923655803728
VTE,EUR_EAS,EUR_EAS_11,0.01,MELD_lambda0_scrambled,0.602646507886963,0.0375349051348365,0.532632642149573,0.676240275838631
VTE,EUR_EAS,EUR_EAS_11,0.01,EUR,0.899408827279912,0.010441017292191,0.878833001289172,0.919569435238879
VTE,EUR_EAS,EUR_EAS_11,0.01,EAS,0.751036187241835,0.0164509370323679,0.719739193732052,0.784437047510305
VTE,EUR_EAS,EUR_EAS_11,0.01,AFR,0.602791091488404,0.0375137524496729,0.530080812976239,0.674073089612657
VTE,EUR_EAS,EUR_EAS_11,0.01,AMR,0.820419452707776,0.0179115554537655,0.78454403927994,0.855626867210659
VTE,EUR_EAS,EUR_EAS_11,0.1,MELD_lambda0_true,0.906877509925896,0.00942797985671304,0.886988783815523,0.924780664862149
VTE,EUR_EAS,EUR_EAS_11,0.1,MELD_lambda0_equal,0.882398300004777,0.0123722636208973,0.855758414835459,0.904100339925467
VTE,EUR_EAS,EUR_EAS_11,0.1,MELD_lambda1_true,0.906877509925896,0.00945229973884237,0.888263726898739,0.92449904760368
VTE,EUR_EAS,EUR_EAS_11,0.1,MELD_lambda0_scrambled,0.671342979428372,0.0291551279185085,0.61560733534823,0.728570797192389
VTE,EUR_EAS,EUR_EAS_11,0.1,EUR,0.906877509925896,0.00955955669521809,0.886993361858631,0.924919212291298
VTE,EUR_EAS,EUR_EAS_11,0.1,EAS,0.783035188446406,0.015062434553897,0.755909379011815,0.81255982724635
VTE,EUR_EAS,EUR_EAS_11,0.1,AFR,0.671494681061534,0.0289404518050799,0.617730383178699,0.726614463385992
VTE,EUR_EAS,EUR_EAS_11,0.1,AMR,0.842120679229056,0.015100441441892,0.813419754747628,0.872119185041098
VTE,multi,equal,0.001,MELD_lambda0_true,0.808362614826689,0.0173655757281609,0.771646870954199,0.839544371251975
VTE,multi,equal,0.001,MELD_lambda0_equal,0.808362614826689,0.0173806410593146,0.771198610020671,0.839127289917632
VTE,multi,equal,0.001,MELD_lambda1_true,0.807607932899431,0.0174094201317491,0.771497003860324,0.840356836127065
VTE,multi,equal,0.001,MELD_lambda0_scrambled,0.808362614826689,0.0176413647364529,0.769412196274601,0.841436443866261
VTE,multi,equal,0.001,EUR,0.581766212566938,0.0277592274483615,0.526066496618866,0.636298956236011
VTE,multi,equal,0.001,EAS,0.408221191650634,0.0270405383127552,0.356184336835213,0.460290960683994
VTE,multi,equal,0.001,AFR,0.494954662650444,0.0289844525220099,0.436985293978077,0.549891619408609
VTE,multi,equal,0.001,AMR,0.590420415297041,0.0243540937020414,0.541485302944269,0.635346953602495
VTE,multi,equal,0.01,MELD_lambda0_true,0.830141708885526,0.0129664788924483,0.804148751729495,0.854679732615535
VTE,multi,equal,0.01,MELD_lambda0_equal,0.830141708885526,0.0131378496015833,0.804129307741079,0.85517126548675
VTE,multi,equal,0.01,MELD_lambda1_true,0.828801987160076,0.0135510788018633,0.800692701861726,0.854794285118934
VTE,multi,equal,0.01,MELD_lambda0_scrambled,0.830141708885526,0.013023513390178,0.803920973435731,0.854131620234933
VTE,multi,equal,0.01,EUR,0.716937917950858,0.0172649853189535,0.683982654873604,0.751320658427045
VTE,multi,equal,0.01,EAS,0.623842268202584,0.0210584464624526,0.58216617897477,0.664160489978975
VTE,multi,equal,0.01,AFR,0.61262772739442,0.0283478144298066,0.556837254977936,0.667620006630525
VTE,multi,equal,0.01,AMR,0.712557539486159,0.0180909082709789,0.677535911169999,0.748026613339858
VTE,multi,equal,0.1,MELD_lambda0_true,0.831621694303622,0.0130441776487656,0.805507257138851,0.855653571781591
VTE,multi,equal,0.1,MELD_lambda0_equal,0.831621694303622,0.0124663438520351,0.806053842585752,0.855558524485339
VTE,multi,equal,0.1,MELD_lambda1_true,0.82859932896163,0.0129801078100371,0.803270758991825,0.854264278517344
VTE,multi,equal,0.1,MELD_lambda0_scrambled,0.831621694303622,0.0126368469988923,0.806659813457014,0.854786004842664
VTE,multi,equal,0.1,EUR,0.751509630797626,0.0148987868651857,0.723046590875832,0.77978004896667
VTE,multi,equal,0.1,EAS,0.673214934790049,0.0175980591629963,0.636621644539784,0.707029956660526
VTE,multi,equal,0.1,AFR,0.682689639335129,0.0240582733573566,0.631439495656437,0.727418651813074
VTE,multi,equal,0.1,AMR,0.751387171362097,0.0169540723484135,0.717693504465426,0.783658909266562
VTE,multi,reported,0.001,MELD_lambda0_true,0.875712676070963,0.0099582217373558,0.855561715079616,0.89464970185075
VTE,multi,reported,0.001,MELD_lambda0_equal,0.855578139471639,0.0126124410795662,0.831124402510495,0.879935029554521
VTE,multi,reported,0.001,MELD_lambda1_true,0.875803477632442,0.00932470449274981,0.857935876387572,0.893437744944972
VTE,multi,reported,0.001,MELD_lambda0_scrambled,0.874170697617254,0.0102673206379454,0.853458442576875,0.893889568888043
VTE,multi,reported,0.001,EUR,0.805034170711565,0.0154834504943699,0.774831188490687,0.837215494991045
VTE,multi,reported,0.001,EAS,0.573605345466226,0.0263644709495338,0.52303412990432,0.626619862103095
VTE,multi,reported,0.001,AFR,0.476304564529658,0.0306262331633674,0.418711122904986,0.540891796605489
VTE,multi,reported,0.001,AMR,0.712871260974085,0.0244871942629546,0.668240232958588,0.7631652463327
VTE,multi,reported,0.01,MELD_lambda0_true,0.899265494557957,0.00780950392562602,0.884028128542516,0.91513625097267
VTE,multi,reported,0.01,MELD_lambda0_equal,0.874133717724956,0.0106579672369872,0.852135747019649,0.894472474072041
VTE,multi,reported,0.01,MELD_lambda1_true,0.899146966720178,0.00796808391910366,0.882742602500915,0.914584964739429
VTE,multi,reported,0.01,MELD_lambda0_scrambled,0.89971736263486,0.00754466852698468,0.883931889921591,0.913615674110974
VTE,multi,reported,0.01,EUR,0.87745301058958,0.00825730686346362,0.86159010036063,0.89400080499765
VTE,multi,reported,0.01,EAS,0.724545106230039,0.0191169876710701,0.687143258499253,0.762203600416015
VTE,multi,reported,0.01,AFR,0.606204656575567,0.0287260593951919,0.553706827837869,0.663515226432499
VTE,multi,reported,0.01,AMR,0.811504889791795,0.0141601391729322,0.784563691311491,0.840457370222273
VTE,multi,reported,0.1,MELD_lambda0_true,0.896397248523013,0.00718482032168453,0.882466650455035,0.910569178009109
VTE,multi,reported,0.1,MELD_lambda0_equal,0.875277793483252,0.0095370412821653,0.85602418081355,0.89284210696156
VTE,multi,reported,0.1,MELD_lambda1_true,0.895963605535052,0.00721528382246432,0.880902002935696,0.909568404811685
VTE,multi,reported,0.1,MELD_lambda0_scrambled,0.896099606844908,0.00718103841609049,0.882182748490732,0.91046984639819
VTE,multi,reported,0.1,EUR,0.885526458310359,0.00711291904595618,0.871891049374009,0.899235746422042
VTE,multi,reported,0.1,EAS,0.756059679380617,0.0153101356520568,0.724040184149125,0.785164638504817
VTE,multi,reported,0.1,AFR,0.674657098694697,0.0224877975989658,0.63147073969594,0.720961977182799
VTE,multi,reported,0.1,AMR,0.82684975956777,0.0135144708164728,0.799741845846266,0.8536674419842
VTE,multi,w25rest,0.001,MELD_lambda0_true,0.806796421506789,0.0148653914811506,0.776069277437646,0.836383223528045
VTE,multi,w25rest,0.001,MELD_lambda0_equal,0.806796421506789,0.0149758842497556,0.775661326713568,0.835337617826621
VTE,multi,w25rest,0.001,MELD_lambda1_true,0.806769224120004,0.0145300626381738,0.775743599234268,0.833500143156546
VTE,multi,w25rest,0.001,MELD_lambda0_scrambled,0.806796421506789,0.014964512788159,0.77521738763029,0.835777726898
VTE,multi,w25rest,0.001,EUR,0.537778447303017,0.0284493678932421,0.483791352493729,0.59238745556715
VTE,multi,w25rest,0.001,EAS,0.437015271640361,0.0238239559588013,0.392295511681372,0.486907668014229
VTE,multi,w25rest,0.001,AFR,0.484540048472999,0.0312640878193225,0.426197908613884,0.548007782131499
VTE,multi,w25rest,0.001,AMR,0.547332656155022,0.0328694018446021,0.484752889857903,0.613318131641682
VTE,multi,w25rest,0.01,MELD_lambda0_true,0.824003562415314,0.012691668408463,0.798131590440017,0.848711092809413
VTE,multi,w25rest,0.01,MELD_lambda0_equal,0.824003562415314,0.0123799821795384,0.799347940566805,0.848087590920435
VTE,multi,w25rest,0.01,MELD_lambda1_true,0.823098557122822,0.0127124522970774,0.797246389627081,0.847484625942271
VTE,multi,w25rest,0.01,MELD_lambda0_scrambled,0.824003562415314,0.0124725188580902,0.799963175361333,0.849416560910094
VTE,multi,w25rest,0.01,EUR,0.693379301735153,0.0194298200303524,0.657287165873606,0.73264811993031
VTE,multi,w25rest,0.01,EAS,0.609950721903476,0.019491255765913,0.572208714682012,0.649219673928872
VTE,multi,w25rest,0.01,AFR,0.603490944864972,0.0285125643252926,0.5498526474691,0.659393449789092
VTE,multi,w25rest,0.01,AMR,0.68527230862956,0.0229612182062967,0.644149407123881,0.732468391015415
VTE,multi,w25rest,0.1,MELD_lambda0_true,0.825776296453002,0.0116091148557453,0.802980290264787,0.848895845260477
VTE,multi,w25rest,0.1,MELD_lambda0_equal,0.825776296453002,0.0117817295879459,0.801412118790818,0.84758262530283
VTE,multi,w25rest,0.1,MELD_lambda1_true,0.8227462544741,0.0116253893356256,0.79945740803438,0.844777295036969
VTE,multi,w25rest,0.1,MELD_lambda0_scrambled,0.825776296453002,0.0119622955475571,0.801618937537434,0.849937217105037
VTE,multi,w25rest,0.1,EUR,0.735261175062497,0.0160253159216905,0.703547145480067,0.766333550560285
VTE,multi,w25rest,0.1,EAS,0.67148038130188,0.0168078240831749,0.638084120328022,0.7044081885859
VTE,multi,w25rest,0.1,AFR,0.670676811748163,0.0234028297968945,0.624304261373441,0.715021328086978
VTE,multi,w25rest,0.1,AMR,0.737301803341239,0.0189925872539475,0.699965890662687,0.775040992568513
VTE,multi,w50rest,0.001,MELD_lambda0_true,0.827887675451137,0.0168512486983875,0.793493720215121,0.858956976907317
VTE,multi,w50rest,0.001,MELD_lambda0_equal,0.820826097393106,0.015939357542219,0.786724480202218,0.8494307114131
VTE,multi,w50rest,0.001,MELD_lambda1_true,0.828865880967582,0.0163019715578981,0.796449221814896,0.859687074596305
VTE,multi,w50rest,0.001,MELD_lambda0_scrambled,0.804820262840158,0.0161880846941722,0.77178575735012,0.835238403424364
VTE,multi,w50rest,0.001,EUR,0.648118049640482,0.0208353937316296,0.606561456568895,0.688166400758016
VTE,multi,w50rest,0.001,EAS,0.448102768424081,0.0255552864338649,0.398411827654907,0.497051952712063
VTE,multi,w50rest,0.001,AFR,0.479526200007992,0.0337642375879328,0.415974015458456,0.547237956988605
VTE,multi,w50rest,0.001,AMR,0.632030475630003,0.0287998142293719,0.573791113424406,0.686019752958829
VTE,multi,w50rest,0.01,MELD_lambda0_true,0.850673972466366,0.0127355838720755,0.824621539768721,0.875026943998704
VTE,multi,w50rest,0.01,MELD_lambda0_equal,0.843863430097392,0.0129572466900838,0.817601894875207,0.868052972152602
VTE,multi,w50rest,0.01,MELD_lambda1_true,0.85044924798931,0.0122842739007827,0.824877272711299,0.873213834162436
VTE,multi,w50rest,0.01,MELD_lambda0_scrambled,0.826858460353541,0.0148774701023266,0.79669689332454,0.854505359102101
VTE,multi,w50rest,0.01,EUR,0.763061777761436,0.01500639945329,0.733059546072235,0.791240032844349
VTE,multi,w50rest,0.01,EAS,0.64355248729086,0.019904730859114,0.603100078914014,0.68110620910685
VTE,multi,w50rest,0.01,AFR,0.607149404526348,0.0321024884907649,0.542849695249097,0.668198541641405
VTE,multi,w50rest,0.01,AMR,0.744046462402031,0.0218407041283954,0.696486883178761,0.783238796396834
VTE,multi,w50rest,0.1,MELD_lambda0_true,0.848984081719005,0.0122928656877868,0.823715906653424,0.872218941160953
VTE,multi,w50rest,0.1,MELD_lambda0_equal,0.845041396781287,0.0128545419801743,0.819143193757654,0.868766250514334
VTE,multi,w50rest,0.1,MELD_lambda1_true,0.846366507666318,0.0122956438227274,0.821284480709857,0.869004942832301
VTE,multi,w50rest,0.1,MELD_lambda0_scrambled,0.833277249156211,0.014905614390656,0.802280544845894,0.860540633607007
VTE,multi,w50rest,0.1,EUR,0.786566006258108,0.0138784566094718,0.756742902947331,0.811591530844329
VTE,multi,w50rest,0.1,EAS,0.707899335486156,0.0154526570435923,0.677438620979027,0.737195563914706
VTE,multi,w50rest,0.1,AFR,0.680689263207366,0.0290586139614914,0.619272668963908,0.734133540970478
VTE,multi,w50rest,0.1,AMR,0.772978620671075,0.0182272236061724,0.735175261016257,0.805421342436706
Asthma,EUR_AFR,EUR_AFR_01,0.001,MELD_lambda0_true,0.439352097163325,0.0301773017109651,0.382874136507945,0.499965503886242
Asthma,EUR_AFR,EUR_AFR_01,0.001,MELD_lambda0_equal,0.547880387344531,0.0255889859492807,0.498360333989943,0.597854765238255
Asthma,EUR_AFR,EUR_AFR_01,0.001,MELD_lambda1_true,0.439352097163325,0.0311404836200056,0.386546064469137,0.503389855070331
Asthma,EUR_AFR,EUR_AFR_01,0.001,MELD_lambda0_scrambled,0.439352097163325,0.0305199321235215,0.382812584866129,0.502606784189372
Asthma,EUR_AFR,EUR_AFR_01,0.001,EUR,0.238469435756419,0.0198954379111411,0.201926488465775,0.278589747861957
Asthma,EUR_AFR,EUR_AFR_01,0.001,EAS,0.167939891729118,0.0137676346811659,0.142815075731527,0.196163541524934
Asthma,EUR_AFR,EUR_AFR_01,0.001,AFR,0.43935299673435,0.0311945492138203,0.384406826991761,0.506912401221365
Asthma,EUR_AFR,EUR_AFR_01,0.001,CSA,0.212504088656388,0.0217882905435917,0.172892344080083,0.257673923529444
Asthma,EUR_AFR,EUR_AFR_01,0.001,AMR,0.309393124167287,0.0198352917938087,0.27051988510446,0.34642477897463
Asthma,EUR_AFR,EUR_AFR_01,0.01,MELD_lambda0_true,0.559626159227067,0.0322847682503367,0.498730968452125,0.625357448452067
Asthma,EUR_AFR,EUR_AFR_01,0.01,MELD_lambda0_equal,0.617036331715729,0.0209394282754864,0.576737805397736,0.658398397245757
Asthma,EUR_AFR,EUR_AFR_01,0.01,MELD_lambda1_true,0.559626159227067,0.0312449379616478,0.496344565005324,0.619213625945006
Asthma,EUR_AFR,EUR_AFR_01,0.01,MELD_lambda0_scrambled,0.559626159227067,0.0311172122762191,0.495626108258723,0.618277492144945
Asthma,EUR_AFR,EUR_AFR_01,0.01,EUR,0.395479274361667,0.0224543814506893,0.354982566085109,0.440886238361941
Asthma,EUR_AFR,EUR_AFR_01,0.01,EAS,0.339711685075609,0.0151938812295925,0.310675256050339,0.369949022036959
Asthma,EUR_AFR,EUR_AFR_01,0.01,AFR,0.559626496882353,0.0312019327362381,0.499789741350777,0.624551384203726
Asthma,EUR_AFR,EUR_AFR_01,0.01,CSA,0.378494270043098,0.0235928131837077,0.334100050007109,0.424686523491147
Asthma,EUR_AFR,EUR_AFR_01,0.01,AMR,0.441655847680727,0.0237057602154426,0.398770920067958,0.491229438736764
Asthma,EUR_AFR,EUR_AFR_01,0.1,MELD_lambda0_true,0.628484677650084,0.0260844674960903,0.579109726895715,0.680553907068231
Asthma,EUR_AFR,EUR_AFR_01,0.1,MELD_lambda0_equal,0.636939154753104,0.0189086397091858,0.601390480484841,0.675556366074019
Asthma,EUR_AFR,EUR_AFR_01,0.1,MELD_lambda1_true,0.628484677650084,0.0260253273590731,0.577753487620651,0.67760449449628
Asthma,EUR_AFR,EUR_AFR_01,0.1,MELD_lambda0_scrambled,0.628484677650084,0.0258209115917476,0.575452928775746,0.680695601723978
Asthma,EUR_AFR,EUR_AFR_01,0.1,EUR,0.470250659173428,0.0216269468035928,0.429874668304453,0.513504104459426
Asthma,EUR_AFR,EUR_AFR_01,0.1,EAS,0.417853483943389,0.0163114247126237,0.386645821573621,0.4501279819044
Asthma,EUR_AFR,EUR_AFR_01,0.1,AFR,0.628484415485761,0.0266251891095804,0.579963003451231,0.682382254029905
Asthma,EUR_AFR,EUR_AFR_01,0.1,CSA,0.451797295976305,0.0201772403384165,0.413743808499199,0.491903779069688
Asthma,EUR_AFR,EUR_AFR_01,0.1,AMR,0.49452409201197,0.0226188520086604,0.452946722475962,0.542963800127283
Asthma,EUR_AFR,EUR_AFR_02,0.001,MELD_lambda0_true,0.550855322494442,0.0343811851885125,0.483702448641852,0.614855439319776
Asthma,EUR_AFR,EUR_AFR_02,0.001,MELD_lambda0_equal,0.595539453776333,0.0295425986784082,0.537737144614621,0.654564895189649
Asthma,EUR_AFR,EUR_AFR_02,0.001,MELD_lambda1_true,0.558262684460373,0.0339377584028028,0.494677945368278,0.623675944754745
Asthma,EUR_AFR,EUR_AFR_02,0.001,MELD_lambda0_scrambled,0.315106632337263,0.0279482043231781,0.25947948647518,0.370037700514751
Asthma,EUR_AFR,EUR_AFR_02,0.001,EUR,0.316601388700036,0.0253627799821781,0.270145156761395,0.36615732248438
Asthma,EUR_AFR,EUR_AFR_02,0.001,EAS,0.207203149388806,0.0221940399091566,0.165074886198789,0.252079041982604
Asthma,EUR_AFR,EUR_AFR_02,0.001,AFR,0.439522030926689,0.0324503792832492,0.380464133798303,0.510765554018014
Asthma,EUR_AFR,EUR_AFR_02,0.001,CSA,0.286530116544342,0.0308098165161472,0.228658171762276,0.348175191485428
Asthma,EUR_AFR,EUR_AFR_02,0.001,AMR,0.336183375798211,0.0290038986664245,0.278755555570398,0.39070349383725
Asthma,EUR_AFR,EUR_AFR_02,0.01,MELD_lambda0_true,0.644693060726088,0.0288161102390953,0.591589190072698,0.700770050927633
Asthma,EUR_AFR,EUR_AFR_02,0.01,MELD_lambda0_equal,0.660208300447317,0.0261707734306312,0.607677339236736,0.711779992247012
Asthma,EUR_AFR,EUR_AFR_02,0.01,MELD_lambda1_true,0.649222625890037,0.0288245359317663,0.592477383548286,0.704738209210434
Asthma,EUR_AFR,EUR_AFR_02,0.01,MELD_lambda0_scrambled,0.493995219975165,0.0312490643639095,0.432757289032666,0.554766112129369
Asthma,EUR_AFR,EUR_AFR_02,0.01,EUR,0.47599694181262,0.0273333952311828,0.423075179903054,0.529026771665528
Asthma,EUR_AFR,EUR_AFR_02,0.01,EAS,0.397349654548721,0.0263853508576634,0.34683416645562,0.449237881423782
Asthma,EUR_AFR,EUR_AFR_02,0.01,AFR,0.571415660041694,0.0316532017958166,0.514757491321258,0.636703340715817
Asthma,EUR_AFR,EUR_AFR_02,0.01,CSA,0.462718193067058,0.0320070759026646,0.395669987111261,0.520595424026495
Asthma,EUR_AFR,EUR_AFR_02,0.01,AMR,0.476189760985292,0.0319600110703856,0.413232602888849,0.536389436162744
Asthma,EUR_AFR,EUR_AFR_02,0.1,MELD_lambda0_true,0.693559149141864,0.0254835561737719,0.644653248222811,0.743917662438057
Asthma,EUR_AFR,EUR_AFR_02,0.1,MELD_lambda0_equal,0.683890176626374,0.0229420052890125,0.639045712274261,0.729011282797585
Asthma,EUR_AFR,EUR_AFR_02,0.1,MELD_lambda1_true,0.694873362010577,0.0256058885220794,0.644014077744336,0.744965586931514
Asthma,EUR_AFR,EUR_AFR_02,0.1,MELD_lambda0_scrambled,0.553599553182707,0.0273383849057108,0.499576352233043,0.605924732582646
Asthma,EUR_AFR,EUR_AFR_02,0.1,EUR,0.545691850781718,0.023335605977072,0.499235593675682,0.590991156621143
Asthma,EUR_AFR,EUR_AFR_02,0.1,EAS,0.487515367812573,0.024891411179975,0.4365724490185,0.533510745064271
Asthma,EUR_AFR,EUR_AFR_02,0.1,AFR,0.643829572881091,0.0262147340826176,0.592372624307331,0.695657523826675
Asthma,EUR_AFR,EUR_AFR_02,0.1,CSA,0.534685116419306,0.0292817335358259,0.477451369862225,0.593659550727421
Asthma,EUR_AFR,EUR_AFR_02,0.1,AMR,0.552816086914549,0.0289014486982312,0.496861840012028,0.60810615529508
Asthma,EUR_AFR,EUR_AFR_03,0.001,MELD_lambda0_true,0.609164759749075,0.0297942416854602,0.551977188445478,0.67121294727531
Asthma,EUR_AFR,EUR_AFR_03,0.001,MELD_lambda0_equal,0.637102440912204,0.0273369293646246,0.581283154124112,0.689838132525465
Asthma,EUR_AFR,EUR_AFR_03,0.001,MELD_lambda1_true,0.614616487689951,0.0296824154965044,0.557472532678627,0.677702996726066
Asthma,EUR_AFR,EUR_AFR_03,0.001,MELD_lambda0_scrambled,0.373821385597679,0.0220371862027802,0.332952651170346,0.417604448863237
Asthma,EUR_AFR,EUR_AFR_03,0.001,EUR,0.331838278670355,0.024678519175803,0.285657266110209,0.382321225058555
Asthma,EUR_AFR,EUR_AFR_03,0.001,EAS,0.227097840443828,0.0239720279877846,0.180251153771734,0.275206834268507
Asthma,EUR_AFR,EUR_AFR_03,0.001,AFR,0.452753026232345,0.0314459467577753,0.395870818635887,0.517746588023566
Asthma,EUR_AFR,EUR_AFR_03,0.001,CSA,0.320981780456673,0.0218560209512861,0.281245832202666,0.365838785059353
Asthma,EUR_AFR,EUR_AFR_03,0.001,AMR,0.367214199384029,0.0197845289445766,0.328816804042928,0.405297059993526
Asthma,EUR_AFR,EUR_AFR_03,0.01,MELD_lambda0_true,0.69523953176753,0.0250084764403602,0.648034474297024,0.745679254111781
Asthma,EUR_AFR,EUR_AFR_03,0.01,MELD_lambda0_equal,0.698969033971564,0.0230233524253827,0.652708185875218,0.743450563330316
Asthma,EUR_AFR,EUR_AFR_03,0.01,MELD_lambda1_true,0.697545090471967,0.0250461022449944,0.649093234534394,0.748741458443452
Asthma,EUR_AFR,EUR_AFR_03,0.01,MELD_lambda0_scrambled,0.553771348618364,0.0212744872735077,0.512353553210156,0.59490850891006
Asthma,EUR_AFR,EUR_AFR_03,0.01,EUR,0.503649921547243,0.025126798572778,0.457373525448086,0.554944520043377
Asthma,EUR_AFR,EUR_AFR_03,0.01,EAS,0.435756700878292,0.0263176961248611,0.384797320184989,0.488459397671328
Asthma,EUR_AFR,EUR_AFR_03,0.01,AFR,0.598385922881504,0.028788599557235,0.54313147032656,0.657171324339546
Asthma,EUR_AFR,EUR_AFR_03,0.01,CSA,0.520847463380773,0.0221728469209184,0.478763493643968,0.563996654310304
Asthma,EUR_AFR,EUR_AFR_03,0.01,AMR,0.516389301781445,0.0221770847896734,0.473133088732494,0.561964804069656
Asthma,EUR_AFR,EUR_AFR_03,0.1,MELD_lambda0_true,0.731754024115384,0.0223412081611308,0.686474143896312,0.774917539624897
Asthma,EUR_AFR,EUR_AFR_03,0.1,MELD_lambda0_equal,0.719570376747744,0.0202229569034201,0.680372362615509,0.757672200830949
Asthma,EUR_AFR,EUR_AFR_03,0.1,MELD_lambda1_true,0.731059584704606,0.0219767466555114,0.68940829806253,0.774547513404881
Asthma,EUR_AFR,EUR_AFR_03,0.1,MELD_lambda0_scrambled,0.598789605020567,0.0215499048032013,0.557498103186114,0.640237783852455
Asthma,EUR_AFR,EUR_AFR_03,0.1,EUR,0.58180414456245,0.0236215028623611,0.538813047771471,0.630555162851278
Asthma,EUR_AFR,EUR_AFR_03,0.1,EAS,0.525591243955164,0.0249873602134174,0.478054037270668,0.575593945673835
Asthma,EUR_AFR,EUR_AFR_03,0.1,AFR,0.661304442311242,0.0248757310202087,0.613431974558582,0.711581936333361
Asthma,EUR_AFR,EUR_AFR_03,0.1,CSA,0.583863288401983,0.0239887373255939,0.536858698915434,0.630670650880942
Asthma,EUR_AFR,EUR_AFR_03,0.1,AMR,0.594787596252147,0.0217392475308258,0.554406501845885,0.639082225834217
Asthma,EUR_AFR,EUR_AFR_04,0.001,MELD_lambda0_true,0.633738530750663,0.0354978836028207,0.563746279317171,0.70338031777701
Asthma,EUR_AFR,EUR_AFR_04,0.001,MELD_lambda0_equal,0.683906389353752,0.0222632514775857,0.638612973383632,0.724898772412224
Asthma,EUR_AFR,EUR_AFR_04,0.001,MELD_lambda1_true,0.636226664138539,0.036540327436711,0.564004156994868,0.706996355303388
Asthma,EUR_AFR,EUR_AFR_04,0.001,MELD_lambda0_scrambled,0.603606246724988,0.031546102092161,0.541818542462529,0.661895413124361
Asthma,EUR_AFR,EUR_AFR_04,0.001,EUR,0.373837180842623,0.0239606649703617,0.326778696652577,0.420117105737296
Asthma,EUR_AFR,EUR_AFR_04,0.001,EAS,0.287561145768672,0.0224162010768845,0.243968575015059,0.331918577444028
Asthma,EUR_AFR,EUR_AFR_04,0.001,AFR,0.462009612872991,0.0355100798621444,0.393611408918042,0.531205368541933
Asthma,EUR_AFR,EUR_AFR_04,0.001,CSA,0.359025254524541,0.0237119823424548,0.311519323703979,0.406763727529195
Asthma,EUR_AFR,EUR_AFR_04,0.001,AMR,0.384124064050909,0.0244724391781787,0.336406614195768,0.43145008391286
Asthma,EUR_AFR,EUR_AFR_04,0.01,MELD_lambda0_true,0.711727510199275,0.0265992459031557,0.656977514607983,0.760191044476259
Asthma,EUR_AFR,EUR_AFR_04,0.01,MELD_lambda0_equal,0.735918096043796,0.0203601769188914,0.693893979594482,0.774294605800379
Asthma,EUR_AFR,EUR_AFR_04,0.01,MELD_lambda1_true,0.713557040039486,0.027011202408552,0.659674598304162,0.765819628855132
Asthma,EUR_AFR,EUR_AFR_04,0.01,MELD_lambda0_scrambled,0.700839977168667,0.0251896732160181,0.650455460746492,0.748323386424445
Asthma,EUR_AFR,EUR_AFR_04,0.01,EUR,0.565657684469322,0.0267001368840897,0.512867024848378,0.617662260508432
Asthma,EUR_AFR,EUR_AFR_04,0.01,EAS,0.499159254187609,0.0262725481310178,0.447061675138088,0.551614171417952
Asthma,EUR_AFR,EUR_AFR_04,0.01,AFR,0.590699719720462,0.0320346493773631,0.530389791620003,0.655876781218373
Asthma,EUR_AFR,EUR_AFR_04,0.01,CSA,0.562590608245602,0.0231022697517727,0.518189042439373,0.608185674038492
Asthma,EUR_AFR,EUR_AFR_04,0.01,AMR,0.541374649827419,0.0279386204584267,0.487318167919116,0.595450565634079
Asthma,EUR_AFR,EUR_AFR_04,0.1,MELD_lambda0_true,0.754259636682901,0.0208751936126801,0.714249922559381,0.795518373931139
Asthma,EUR_AFR,EUR_AFR_04,0.1,MELD_lambda0_equal,0.750963141895394,0.0185439486027414,0.716041115092031,0.785868027045377
Asthma,EUR_AFR,EUR_AFR_04,0.1,MELD_lambda1_true,0.753827546896768,0.0209451893405429,0.713817288024553,0.795037285543891
Asthma,EUR_AFR,EUR_AFR_04,0.1,MELD_lambda0_scrambled,0.734713737001242,0.0211251320491408,0.692130727570193,0.776386497381842
Asthma,EUR_AFR,EUR_AFR_04,0.1,EUR,0.63797826872301,0.0229381915893632,0.593292894071969,0.686002738967483
Asthma,EUR_AFR,EUR_AFR_04,0.1,EAS,0.572390224716776,0.0234673808802822,0.528029540721693,0.620079274597846
Asthma,EUR_AFR,EUR_AFR_04,0.1,AFR,0.663896424095962,0.0254803985031786,0.613865827450354,0.715292656540102
Asthma,EUR_AFR,EUR_AFR_04,0.1,CSA,0.628287520517769,0.0200594938354422,0.590394658560318,0.668072548443917
Asthma,EUR_AFR,EUR_AFR_04,0.1,AMR,0.619011077059005,0.0248107430039925,0.572441263959243,0.669292126519387
Asthma,EUR_AFR,EUR_AFR_05,0.001,MELD_lambda0_true,0.686367520106232,0.033654951460201,0.622712417237336,0.751649362244028
Asthma,EUR_AFR,EUR_AFR_05,0.001,MELD_lambda0_equal,0.727770153107562,0.0236945951349441,0.681902661562203,0.776418863667626
Asthma,EUR_AFR,EUR_AFR_05,0.001,MELD_lambda1_true,0.693497946744996,0.0335914111814232,0.625437618204354,0.759820950218315
Asthma,EUR_AFR,EUR_AFR_05,0.001,MELD_lambda0_scrambled,0.661912598812517,0.0293072449865676,0.6072887979812,0.721353054121212
Asthma,EUR_AFR,EUR_AFR_05,0.001,EUR,0.478458114747502,0.0279050834071758,0.426287291193206,0.535560562915376
Asthma,EUR_AFR,EUR_AFR_05,0.001,EAS,0.325004422493792,0.0242519006648029,0.281659844907445,0.376283958171689
Asthma,EUR_AFR,EUR_AFR_05,0.001,AFR,0.496568556004264,0.0387120193506226,0.422480679844213,0.576075459026126
Asthma,EUR_AFR,EUR_AFR_05,0.001,CSA,0.427029038764826,0.0272259678036025,0.374606251946099,0.479361373125658
Asthma,EUR_AFR,EUR_AFR_05,0.001,AMR,0.461495443764192,0.029985193056155,0.40609143625095,0.519859519636715
Asthma,EUR_AFR,EUR_AFR_05,0.01,MELD_lambda0_true,0.761851141868961,0.023227027261917,0.716887466219378,0.807258694375792
Asthma,EUR_AFR,EUR_AFR_05,0.01,MELD_lambda0_equal,0.775739491416067,0.019109544813314,0.740481825574622,0.815119368199553
Asthma,EUR_AFR,EUR_AFR_05,0.01,MELD_lambda1_true,0.7648864774431,0.0228326185064524,0.722503150518123,0.81008834158504
Asthma,EUR_AFR,EUR_AFR_05,0.01,MELD_lambda0_scrambled,0.736347037349358,0.0250229089995955,0.688181406427446,0.787125590770819
Asthma,EUR_AFR,EUR_AFR_05,0.01,EUR,0.64894029281802,0.0239923524973855,0.60563019935116,0.696892970728061
Asthma,EUR_AFR,EUR_AFR_05,0.01,EAS,0.539241298858006,0.0235492701257708,0.494960260596935,0.587154555219452
Asthma,EUR_AFR,EUR_AFR_05,0.01,AFR,0.626617895866136,0.0332263803095112,0.567154145665011,0.691995563132276
Asthma,EUR_AFR,EUR_AFR_05,0.01,CSA,0.623161284665861,0.0247442185389796,0.575805177082388,0.672906439998873
Asthma,EUR_AFR,EUR_AFR_05,0.01,AMR,0.613196195200422,0.0307320034988912,0.556375681049983,0.674295279845014
Asthma,EUR_AFR,EUR_AFR_05,0.1,MELD_lambda0_true,0.791870922959468,0.0184666328640935,0.758284407319285,0.82948598480127
Asthma,EUR_AFR,EUR_AFR_05,0.1,MELD_lambda0_equal,0.792192453762274,0.0160419945107147,0.76172528657924,0.824586812745113
Asthma,EUR_AFR,EUR_AFR_05,0.1,MELD_lambda1_true,0.793179306457546,0.0187443295642171,0.757175398416995,0.832250857447129
Asthma,EUR_AFR,EUR_AFR_05,0.1,MELD_lambda0_scrambled,0.770707275294984,0.0197241911041815,0.733095810296147,0.809838357209102
Asthma,EUR_AFR,EUR_AFR_05,0.1,EUR,0.704766913020137,0.0191571822391716,0.669617911151248,0.742380304197181
Asthma,EUR_AFR,EUR_AFR_05,0.1,EAS,0.61925378306872,0.0212862973904728,0.578290774598025,0.661020933664741
Asthma,EUR_AFR,EUR_AFR_05,0.1,AFR,0.689339954770507,0.0278647200839737,0.63531571444787,0.745307255693293
Asthma,EUR_AFR,EUR_AFR_05,0.1,CSA,0.692386961972902,0.0195086184276145,0.65519928314342,0.732865224179883
Asthma,EUR_AFR,EUR_AFR_05,0.1,AMR,0.684315838251908,0.0226986881045523,0.640944714760308,0.730090482540896
Asthma,EUR_AFR,EUR_AFR_06,0.001,MELD_lambda0_true,0.71484108236976,0.0319677686940099,0.650099624961102,0.775327309726997
Asthma,EUR_AFR,EUR_AFR_06,0.001,MELD_lambda0_equal,0.744137855574578,0.0256910891659323,0.694035261497239,0.791996479774799
Asthma,EUR_AFR,EUR_AFR_06,0.001,MELD_lambda1_true,0.713698806289163,0.0318684564865337,0.652857434126515,0.776464085140963
Asthma,EUR_AFR,EUR_AFR_06,0.001,MELD_lambda0_scrambled,0.548871347718638,0.0301920656245425,0.492895249423388,0.611155269463156
Asthma,EUR_AFR,EUR_AFR_06,0.001,EUR,0.517626716283066,0.0289627890605003,0.460356275463082,0.573044343678855
Asthma,EUR_AFR,EUR_AFR_06,0.001,EAS,0.358234222140706,0.0334028270176707,0.296393480499001,0.426993272170607
Asthma,EUR_AFR,EUR_AFR_06,0.001,AFR,0.480182948359097,0.0358902307882147,0.416067994877221,0.556754909409522
Asthma,EUR_AFR,EUR_AFR_06,0.001,CSA,0.461168588518471,0.0337866481843054,0.396567131198933,0.528692592229931
Asthma,EUR_AFR,EUR_AFR_06,0.001,AMR,0.512608976900376,0.0345100024165231,0.445805905248339,0.580338280239889
Asthma,EUR_AFR,EUR_AFR_06,0.01,MELD_lambda0_true,0.774456996558981,0.0247156717341292,0.726088585880329,0.821882107648771
Asthma,EUR_AFR,EUR_AFR_06,0.01,MELD_lambda0_equal,0.785009187707338,0.0220214096364784,0.74101507231198,0.827762738866425
Asthma,EUR_AFR,EUR_AFR_06,0.01,MELD_lambda1_true,0.774028346019387,0.0227941274651377,0.729114789129943,0.818812902676538
Asthma,EUR_AFR,EUR_AFR_06,0.01,MELD_lambda0_scrambled,0.700102785125331,0.02340816961153,0.656209974891236,0.749427782661131
Asthma,EUR_AFR,EUR_AFR_06,0.01,EUR,0.672650662946321,0.0244785639941204,0.625478575057807,0.723656651702774
Asthma,EUR_AFR,EUR_AFR_06,0.01,EAS,0.55637540541507,0.0325264932790184,0.493822396803342,0.618740555879902
Asthma,EUR_AFR,EUR_AFR_06,0.01,AFR,0.621620164028389,0.0311527810099227,0.561342057496382,0.680824700491419
Asthma,EUR_AFR,EUR_AFR_06,0.01,CSA,0.649711036692132,0.0319308661406613,0.582309800217402,0.708968399558848
Asthma,EUR_AFR,EUR_AFR_06,0.01,AMR,0.641956130848915,0.0325790071353277,0.577902962299218,0.702640905125197
Asthma,EUR_AFR,EUR_AFR_06,0.1,MELD_lambda0_true,0.802158738496743,0.020744758913977,0.762294237909823,0.842844301190888
Asthma,EUR_AFR,EUR_AFR_06,0.1,MELD_lambda0_equal,0.798546509586434,0.0199878724338455,0.760192861356099,0.836388655753543
Asthma,EUR_AFR,EUR_AFR_06,0.1,MELD_lambda1_true,0.801355620561168,0.0209631167869511,0.760581712433582,0.840966316301663
Asthma,EUR_AFR,EUR_AFR_06,0.1,MELD_lambda0_scrambled,0.73712208133274,0.0215163905565337,0.695044984275092,0.778529563062696
Asthma,EUR_AFR,EUR_AFR_06,0.1,EUR,0.734195348273354,0.021312028124554,0.690434226433756,0.77614722760159
Asthma,EUR_AFR,EUR_AFR_06,0.1,EAS,0.632387205704574,0.028447215780618,0.576456364165186,0.688104951136471
Asthma,EUR_AFR,EUR_AFR_06,0.1,AFR,0.687216404089583,0.0286396140106475,0.634489747178093,0.745352471168108
Asthma,EUR_AFR,EUR_AFR_06,0.1,CSA,0.699521670984264,0.0269910863683947,0.644450293217328,0.750097621434309
Asthma,EUR_AFR,EUR_AFR_06,0.1,AMR,0.696836682746929,0.0273563085040817,0.640435899869066,0.747859982598589
Asthma,EUR_AFR,EUR_AFR_07,0.001,MELD_lambda0_true,0.74707236051835,0.0285444491698824,0.690357542021596,0.80031056515889
Asthma,EUR_AFR,EUR_AFR_07,0.001,MELD_lambda0_equal,0.777784457532287,0.0234850781121258,0.728202343497002,0.82018679079921
Asthma,EUR_AFR,EUR_AFR_07,0.001,MELD_lambda1_true,0.748289225305783,0.0275822314676404,0.69714573501249,0.802357197977544
Asthma,EUR_AFR,EUR_AFR_07,0.001,MELD_lambda0_scrambled,0.708477050938856,0.0262724035434455,0.65730238725844,0.761092016834421
Asthma,EUR_AFR,EUR_AFR_07,0.001,EUR,0.565882038823932,0.0332461814178617,0.501075291319175,0.628147322609164
Asthma,EUR_AFR,EUR_AFR_07,0.001,EAS,0.385094299448267,0.0310591717324841,0.3266322325376,0.447942358213029
Asthma,EUR_AFR,EUR_AFR_07,0.001,AFR,0.485794656988195,0.0338347428868707,0.419618787671933,0.554848339091988
Asthma,EUR_AFR,EUR_AFR_07,0.001,CSA,0.501119655821478,0.0337479565350146,0.435776524742109,0.568635298787903
Asthma,EUR_AFR,EUR_AFR_07,0.001,AMR,0.555702717926855,0.028117156745725,0.503977488466141,0.613823866824609
Asthma,EUR_AFR,EUR_AFR_07,0.01,MELD_lambda0_true,0.810975459612794,0.0194903781500739,0.77215137233417,0.848393077009852
Asthma,EUR_AFR,EUR_AFR_07,0.01,MELD_lambda0_equal,0.818371395761436,0.0170624696944256,0.782803932967797,0.849730990173628
Asthma,EUR_AFR,EUR_AFR_07,0.01,MELD_lambda1_true,0.810901834645817,0.0187386684894799,0.772515874932468,0.845442803874981
Asthma,EUR_AFR,EUR_AFR_07,0.01,MELD_lambda0_scrambled,0.77204455716565,0.0213944885502875,0.730465195426777,0.813473942833436
Asthma,EUR_AFR,EUR_AFR_07,0.01,EUR,0.717017650269054,0.0235753680432922,0.67008367934269,0.764679469251983
Asthma,EUR_AFR,EUR_AFR_07,0.01,EAS,0.603564059840879,0.027823955304445,0.546602085552122,0.658258142524059
Asthma,EUR_AFR,EUR_AFR_07,0.01,AFR,0.632914560813383,0.027796540452636,0.581887359977901,0.688124409979765
Asthma,EUR_AFR,EUR_AFR_07,0.01,CSA,0.67857528338134,0.0277095920350097,0.62605907752686,0.731769876897134
Asthma,EUR_AFR,EUR_AFR_07,0.01,AMR,0.684110188450835,0.0218423060037671,0.642221323476051,0.72872394743248
Asthma,EUR_AFR,EUR_AFR_07,0.1,MELD_lambda0_true,0.83250141113753,0.0164695491074039,0.800590513220783,0.864696526989268
Asthma,EUR_AFR,EUR_AFR_07,0.1,MELD_lambda0_equal,0.828923039459924,0.0162480032189948,0.795211931585035,0.859455073651487
Asthma,EUR_AFR,EUR_AFR_07,0.1,MELD_lambda1_true,0.830688656287476,0.0160206172957512,0.796820023844742,0.860676520507838
Asthma,EUR_AFR,EUR_AFR_07,0.1,MELD_lambda0_scrambled,0.800324831285,0.0180104708575808,0.762837068370838,0.835299909941976
Asthma,EUR_AFR,EUR_AFR_07,0.1,EUR,0.768124351739088,0.017347364191543,0.733162885575005,0.802566620244109
Asthma,EUR_AFR,EUR_AFR_07,0.1,EAS,0.668210928472367,0.0241987572031724,0.621051410988789,0.714433443075151
Asthma,EUR_AFR,EUR_AFR_07,0.1,AFR,0.69646968666435,0.0220932787506004,0.652713082925475,0.740512811489481
Asthma,EUR_AFR,EUR_AFR_07,0.1,CSA,0.735952161927087,0.0215503164220451,0.69213550383291,0.777509566866922
Asthma,EUR_AFR,EUR_AFR_07,0.1,AMR,0.737303920729463,0.01832262596247,0.702892007972885,0.773184585183648
Asthma,EUR_AFR,EUR_AFR_08,0.001,MELD_lambda0_true,0.785523449535181,0.0213797663618851,0.744802696580544,0.827968066753448
Asthma,EUR_AFR,EUR_AFR_08,0.001,MELD_lambda0_equal,0.806742461603477,0.0198010469182491,0.767379886725239,0.844773327781263
Asthma,EUR_AFR,EUR_AFR_08,0.001,MELD_lambda1_true,0.783824358125266,0.0222837314149187,0.741627882330986,0.830908362503826
Asthma,EUR_AFR,EUR_AFR_08,0.001,MELD_lambda0_scrambled,0.61456907197413,0.0261735110815917,0.565359226839523,0.668852684286105
Asthma,EUR_AFR,EUR_AFR_08,0.001,EUR,0.619134546158346,0.0228245773910665,0.576935793822788,0.667896578888238
Asthma,EUR_AFR,EUR_AFR_08,0.001,EAS,0.412634638782907,0.031739025493314,0.352703547559252,0.475097701629457
Asthma,EUR_AFR,EUR_AFR_08,0.001,AFR,0.468703976670327,0.0400437692199059,0.396955526978306,0.553140214315176
Asthma,EUR_AFR,EUR_AFR_08,0.001,CSA,0.552006457490414,0.02965827753413,0.49374063339519,0.610612084890975
Asthma,EUR_AFR,EUR_AFR_08,0.001,AMR,0.572081896785589,0.0290215943670724,0.517372795794938,0.629889198369361
Asthma,EUR_AFR,EUR_AFR_08,0.01,MELD_lambda0_true,0.831257857133256,0.017799987815469,0.795486267368723,0.866354635042676
Asthma,EUR_AFR,EUR_AFR_08,0.01,MELD_lambda0_equal,0.839394984334043,0.0165125808697683,0.80623354209545,0.870535490643407
Asthma,EUR_AFR,EUR_AFR_08,0.01,MELD_lambda1_true,0.830048762196128,0.0176840141204352,0.796627208603376,0.865185540581833
Asthma,EUR_AFR,EUR_AFR_08,0.01,MELD_lambda0_scrambled,0.743580632816779,0.0218853533475889,0.701278316857284,0.788456553097039
Asthma,EUR_AFR,EUR_AFR_08,0.01,EUR,0.760468000729769,0.0181589728898307,0.727716147739772,0.797995992050749
Asthma,EUR_AFR,EUR_AFR_08,0.01,EAS,0.614479686748582,0.0274073260062301,0.562796588030459,0.67020468885722
Asthma,EUR_AFR,EUR_AFR_08,0.01,AFR,0.606135970888832,0.0362130615282715,0.539455723925614,0.679095158944457
Asthma,EUR_AFR,EUR_AFR_08,0.01,CSA,0.720188841407444,0.023597424215459,0.675240081046159,0.765706755608711
Asthma,EUR_AFR,EUR_AFR_08,0.01,AMR,0.696843974572884,0.0245423935284915,0.650466085131409,0.743758400373936
Asthma,EUR_AFR,EUR_AFR_08,0.1,MELD_lambda0_true,0.847852011320415,0.0147839884657662,0.817337547248268,0.8763257284127
Asthma,EUR_AFR,EUR_AFR_08,0.1,MELD_lambda0_equal,0.846013179315514,0.0143788901811679,0.818213882924175,0.873701913245603
Asthma,EUR_AFR,EUR_AFR_08,0.1,MELD_lambda1_true,0.845954846166354,0.01503576795665,0.817247917860675,0.875188875375779
Asthma,EUR_AFR,EUR_AFR_08,0.1,MELD_lambda0_scrambled,0.771308277141464,0.0182376336248512,0.736144535395576,0.808271939143201
Asthma,EUR_AFR,EUR_AFR_08,0.1,EUR,0.800008396961274,0.0149480034206983,0.7720512019693,0.830833186248815
Asthma,EUR_AFR,EUR_AFR_08,0.1,EAS,0.684362852100143,0.0224631618579406,0.640951798757475,0.73159899319097
Asthma,EUR_AFR,EUR_AFR_08,0.1,AFR,0.677453325189378,0.0289526729907905,0.620368487253709,0.733029551859342
Asthma,EUR_AFR,EUR_AFR_08,0.1,CSA,0.759857045478603,0.0193561879609294,0.721842476657746,0.797524638630687
Asthma,EUR_AFR,EUR_AFR_08,0.1,AMR,0.750007311517631,0.0187666532442047,0.714490056495972,0.787382723847511
Asthma,EUR_AFR,EUR_AFR_09,0.001,MELD_lambda0_true,0.815748236255253,0.0172012258422276,0.784407795800555,0.849194929091746
Asthma,EUR_AFR,EUR_AFR_09,0.001,MELD_lambda0_equal,0.824057150916619,0.0170436700847642,0.790285645134069,0.857242054638435
Asthma,EUR_AFR,EUR_AFR_09,0.001,MELD_lambda1_true,0.812480961795131,0.0167525590669628,0.781586588161272,0.846593740719152
Asthma,EUR_AFR,EUR_AFR_09,0.001,MELD_lambda0_scrambled,0.665725801201991,0.0245554282719075,0.618258765117524,0.711891189834318
Asthma,EUR_AFR,EUR_AFR_09,0.001,EUR,0.675386951453583,0.02345791730446,0.63167173396747,0.723439565953432
Asthma,EUR_AFR,EUR_AFR_09,0.001,EAS,0.441329083366402,0.0308544940126039,0.381473558098752,0.504094387661191
Asthma,EUR_AFR,EUR_AFR_09,0.001,AFR,0.47690982751531,0.0326869418049169,0.419240077497952,0.546925693574633
Asthma,EUR_AFR,EUR_AFR_09,0.001,CSA,0.600527127213698,0.0313793482754727,0.534683301488919,0.657876116677472
Asthma,EUR_AFR,EUR_AFR_09,0.001,AMR,0.599036120079935,0.0286668938909547,0.545969355918899,0.658801535566663
Asthma,EUR_AFR,EUR_AFR_09,0.01,MELD_lambda0_true,0.856511570160502,0.0139636838368509,0.829200133385264,0.883940845044818
Asthma,EUR_AFR,EUR_AFR_09,0.01,MELD_lambda0_equal,0.851604905865049,0.0144527546812178,0.822451143455912,0.880397801762425
Asthma,EUR_AFR,EUR_AFR_09,0.01,MELD_lambda1_true,0.854350042573886,0.0138868169248854,0.828282254407835,0.882895784077844
Asthma,EUR_AFR,EUR_AFR_09,0.01,MELD_lambda0_scrambled,0.752749607780318,0.0216239271593602,0.71181336116102,0.795745802100028
Asthma,EUR_AFR,EUR_AFR_09,0.01,EUR,0.799701508431668,0.0167043623707804,0.767781580950616,0.832789751353744
Asthma,EUR_AFR,EUR_AFR_09,0.01,EAS,0.652343106245439,0.023116755361701,0.608777944430705,0.698177285400746
Asthma,EUR_AFR,EUR_AFR_09,0.01,AFR,0.613472592351083,0.0276045985112073,0.562745961084976,0.668897783789302
Asthma,EUR_AFR,EUR_AFR_09,0.01,CSA,0.743545136893969,0.0244943593604285,0.69763124862771,0.792961957055529
Asthma,EUR_AFR,EUR_AFR_09,0.01,AMR,0.725057360224418,0.0216828961439364,0.68412879695895,0.770057917048034
Asthma,EUR_AFR,EUR_AFR_09,0.1,MELD_lambda0_true,0.863445342807637,0.0117283189585368,0.841317344999505,0.886182326381254
Asthma,EUR_AFR,EUR_AFR_09,0.1,MELD_lambda0_equal,0.854332693506665,0.0135252987084554,0.828752576739944,0.881144172289273
Asthma,EUR_AFR,EUR_AFR_09,0.1,MELD_lambda1_true,0.861582396342613,0.0118436927575497,0.839676799288417,0.884951518385014
Asthma,EUR_AFR,EUR_AFR_09,0.1,MELD_lambda0_scrambled,0.781717859644878,0.0185932538426613,0.746165820291412,0.819794239738571
Asthma,EUR_AFR,EUR_AFR_09,0.1,EUR,0.830525710655418,0.0126425944373504,0.806703345866542,0.855797333789885
Asthma,EUR_AFR,EUR_AFR_09,0.1,EAS,0.703696194141362,0.0221612683871222,0.660089362913335,0.747431061833574
Asthma,EUR_AFR,EUR_AFR_09,0.1,AFR,0.676260770449924,0.0234518444826456,0.631043606302366,0.721471319420335
Asthma,EUR_AFR,EUR_AFR_09,0.1,CSA,0.774675806533695,0.0214037990121874,0.732845418541587,0.815563448706892
Asthma,EUR_AFR,EUR_AFR_09,0.1,AMR,0.777459805226598,0.0175510348546391,0.74323561833118,0.812702300040233
Asthma,EUR_AFR,EUR_AFR_10,0.001,MELD_lambda0_true,0.833540509180228,0.0205744174292941,0.793486194304148,0.873421814681793
Asthma,EUR_AFR,EUR_AFR_10,0.001,MELD_lambda0_equal,0.847205612410387,0.0163983595957842,0.815618680742945,0.878513203185064
Asthma,EUR_AFR,EUR_AFR_10,0.001,MELD_lambda1_true,0.832973315325329,0.0209885682327817,0.794006617358361,0.87570765969829
Asthma,EUR_AFR,EUR_AFR_10,0.001,MELD_lambda0_scrambled,0.593953980074041,0.0313427050621563,0.533161994307961,0.655442654617467
Asthma,EUR_AFR,EUR_AFR_10,0.001,EUR,0.760603496602836,0.0222110012644302,0.718230107648253,0.805518602655795
Asthma,EUR_AFR,EUR_AFR_10,0.001,EAS,0.492294298440635,0.036365118966173,0.423419375609212,0.565858434300431
Asthma,EUR_AFR,EUR_AFR_10,0.001,AFR,0.449229876546546,0.0426683978231396,0.372219426183373,0.537194923717423
Asthma,EUR_AFR,EUR_AFR_10,0.001,CSA,0.656619557312141,0.0370510002859891,0.584216716252986,0.724910579546325
Asthma,EUR_AFR,EUR_AFR_10,0.001,AMR,0.68036341150457,0.0299427056812117,0.623260711372777,0.738998525185018
Asthma,EUR_AFR,EUR_AFR_10,0.01,MELD_lambda0_true,0.877357570299656,0.0151800706006178,0.847819733644244,0.906199083229558
Asthma,EUR_AFR,EUR_AFR_10,0.01,MELD_lambda0_equal,0.873471498689401,0.0151640294110962,0.843786259175791,0.902362288467247
Asthma,EUR_AFR,EUR_AFR_10,0.01,MELD_lambda1_true,0.876861912338445,0.0152840539331351,0.847559778685367,0.907148001092112
Asthma,EUR_AFR,EUR_AFR_10,0.01,MELD_lambda0_scrambled,0.75767605232866,0.0222671628259386,0.714850430847794,0.803096238733221
Asthma,EUR_AFR,EUR_AFR_10,0.01,EUR,0.851870164903814,0.0163318293690911,0.820825309832531,0.885335452825787
Asthma,EUR_AFR,EUR_AFR_10,0.01,EAS,0.687268829398085,0.0250951195220891,0.639715438364971,0.738010007414405
Asthma,EUR_AFR,EUR_AFR_10,0.01,AFR,0.589156532898192,0.0377672524800498,0.516141991746221,0.663673410628312
Asthma,EUR_AFR,EUR_AFR_10,0.01,CSA,0.788600669781894,0.0243372471579784,0.741106786775648,0.832526236077025
Asthma,EUR_AFR,EUR_AFR_10,0.01,AMR,0.774741685840612,0.0232749131650195,0.729991458814948,0.820210230066298
Asthma,EUR_AFR,EUR_AFR_10,0.1,MELD_lambda0_true,0.88285819716846,0.0136103325850409,0.857089122872064,0.909404234320653
Asthma,EUR_AFR,EUR_AFR_10,0.1,MELD_lambda0_equal,0.873936404608931,0.0139489403482249,0.847978465703797,0.901127394649871
Asthma,EUR_AFR,EUR_AFR_10,0.1,MELD_lambda1_true,0.882402061884287,0.0131343488390536,0.856802673233578,0.907181601849112
Asthma,EUR_AFR,EUR_AFR_10,0.1,MELD_lambda0_scrambled,0.786393192831366,0.0185130788422537,0.751167035395903,0.823024878837026
Asthma,EUR_AFR,EUR_AFR_10,0.1,EUR,0.869905552557351,0.013378312532886,0.843786906644277,0.896092944804994
Asthma,EUR_AFR,EUR_AFR_10,0.1,EAS,0.736766128006702,0.0216936423639732,0.694926792893218,0.778795136463062
Asthma,EUR_AFR,EUR_AFR_10,0.1,AFR,0.660098334041824,0.0309309786598519,0.602579647180908,0.720294728170619
Asthma,EUR_AFR,EUR_AFR_10,0.1,CSA,0.817273002904312,0.0200869892814901,0.775761288437928,0.856926287943382
Asthma,EUR_AFR,EUR_AFR_10,0.1,AMR,0.808878920891908,0.0189453807161947,0.771361845021549,0.846155834962061
Asthma,EUR_AFR,EUR_AFR_11,0.001,MELD_lambda0_true,0.847777291812237,0.0188035925272754,0.811918011588199,0.88490333807658
Asthma,EUR_AFR,EUR_AFR_11,0.001,MELD_lambda0_equal,0.856912852775696,0.0120481232252244,0.834293351811936,0.881791464086336
Asthma,EUR_AFR,EUR_AFR_11,0.001,MELD_lambda1_true,0.847777291812237,0.0184392088176927,0.812687754736847,0.88447412641395
Asthma,EUR_AFR,EUR_AFR_11,0.001,MELD_lambda0_scrambled,0.51091474189588,0.02993363071401,0.454465877846298,0.57248835127931
Asthma,EUR_AFR,EUR_AFR_11,0.001,EUR,0.84777729181222,0.0189562444283982,0.812416287768355,0.885776322384535
Asthma,EUR_AFR,EUR_AFR_11,0.001,EAS,0.510914741895899,0.0305001414066806,0.450525501897602,0.572296935031506
Asthma,EUR_AFR,EUR_AFR_11,0.001,AFR,0.435473008024366,0.0373784896645472,0.36508009567065,0.508326640995063
Asthma,EUR_AFR,EUR_AFR_11,0.001,CSA,0.739351535623989,0.0239494769303741,0.691387650450086,0.785456303983603
Asthma,EUR_AFR,EUR_AFR_11,0.001,AMR,0.70813491588125,0.0291320379917366,0.650530720825413,0.763906917761339
Asthma,EUR_AFR,EUR_AFR_11,0.01,MELD_lambda0_true,0.904076155576779,0.0124245145301252,0.879251235589902,0.927816271921649
Asthma,EUR_AFR,EUR_AFR_11,0.01,MELD_lambda0_equal,0.888247942142806,0.0112468703305626,0.866301599131449,0.909661816685925
Asthma,EUR_AFR,EUR_AFR_11,0.01,MELD_lambda1_true,0.904076155576779,0.0122999854778484,0.880088070240611,0.927400505718732
Asthma,EUR_AFR,EUR_AFR_11,0.01,MELD_lambda0_scrambled,0.711110239612487,0.0222896547396293,0.667921762059163,0.754375473153142
Asthma,EUR_AFR,EUR_AFR_11,0.01,EUR,0.904076155576777,0.0123489887125784,0.879934199751248,0.929013919944647
Asthma,EUR_AFR,EUR_AFR_11,0.01,EAS,0.711110239612487,0.022471091114102,0.666443054610197,0.755267475004079
Asthma,EUR_AFR,EUR_AFR_11,0.01,AFR,0.584125407730562,0.0346828157781415,0.515345783397719,0.654295190753188
Asthma,EUR_AFR,EUR_AFR_11,0.01,CSA,0.838167929867882,0.0161528165204386,0.808244780611725,0.870975631375878
Asthma,EUR_AFR,EUR_AFR_11,0.01,AMR,0.800609444516337,0.021912510280575,0.759419808802376,0.844013322948611
Asthma,EUR_AFR,EUR_AFR_11,0.1,MELD_lambda0_true,0.906984519981881,0.0108636514138249,0.886718757684319,0.929062152572035
Asthma,EUR_AFR,EUR_AFR_11,0.1,MELD_lambda0_equal,0.890718400055221,0.0106552711193796,0.869931762974223,0.911333268279356
Asthma,EUR_AFR,EUR_AFR_11,0.1,MELD_lambda1_true,0.906984519981881,0.0105085912202076,0.886575268584813,0.926610672302641
Asthma,EUR_AFR,EUR_AFR_11,0.1,MELD_lambda0_scrambled,0.758190599441718,0.0185562748353436,0.723547598176743,0.794516631517698
Asthma,EUR_AFR,EUR_AFR_11,0.1,EUR,0.90698451998188,0.0104517444179987,0.887137209408993,0.927612373135011
Asthma,EUR_AFR,EUR_AFR_11,0.1,EAS,0.758190599441717,0.0187870079771673,0.720659292259855,0.794935486941792
Asthma,EUR_AFR,EUR_AFR_11,0.1,AFR,0.65638503288233,0.0261163984452035,0.605788129102868,0.707532839292949
Asthma,EUR_AFR,EUR_AFR_11,0.1,CSA,0.854012974516379,0.0136247015693596,0.827718464513994,0.880898357886078
Asthma,EUR_AFR,EUR_AFR_11,0.1,AMR,0.832031545021766,0.0180117245068841,0.796789377078976,0.866691826250343
Asthma,EUR_EAS,EUR_EAS_01,0.001,MELD_lambda0_true,0.759506484832007,0.0229149054444103,0.716243294897075,0.804387811878095
Asthma,EUR_EAS,EUR_EAS_01,0.001,MELD_lambda0_equal,0.798343319905023,0.013661665283068,0.770978626211156,0.823511105249747
Asthma,EUR_EAS,EUR_EAS_01,0.001,MELD_lambda1_true,0.759506484832007,0.0229773093940749,0.713051217492294,0.803144547602371
Asthma,EUR_EAS,EUR_EAS_01,0.001,MELD_lambda0_scrambled,0.626401404646899,0.0243972428391833,0.581748948439725,0.676732262584758
Asthma,EUR_EAS,EUR_EAS_01,0.001,EUR,0.54211057060579,0.0288048100627597,0.487438407427876,0.599414835898668
Asthma,EUR_EAS,EUR_EAS_01,0.001,EAS,0.759506484831995,0.0222986973592737,0.718109321768303,0.805036491966461
Asthma,EUR_EAS,EUR_EAS_01,0.001,AFR,0.374086139602886,0.02758582709632,0.324155278614039,0.43223903318613
Asthma,EUR_EAS,EUR_EAS_01,0.001,CSA,0.626401404646918,0.0247613918035381,0.580734098163886,0.676367627635486
Asthma,EUR_EAS,EUR_EAS_01,0.001,AMR,0.571714522084818,0.027438049477689,0.515516407022633,0.623606869783328
Asthma,EUR_EAS,EUR_EAS_01,0.01,MELD_lambda0_true,0.858738738976347,0.0137498078218113,0.832557231858264,0.885663057675501
Asthma,EUR_EAS,EUR_EAS_01,0.01,MELD_lambda0_equal,0.829607140712281,0.0133329341565616,0.802092142039477,0.854279445678604
Asthma,EUR_EAS,EUR_EAS_01,0.01,MELD_lambda1_true,0.858738738976347,0.0139004505765736,0.832025907466207,0.88585489063509
Asthma,EUR_EAS,EUR_EAS_01,0.01,MELD_lambda0_scrambled,0.74919983241094,0.0184900220160976,0.714611820802321,0.785623398058383
Asthma,EUR_EAS,EUR_EAS_01,0.01,EUR,0.681445599313173,0.0238599248975951,0.634083926292231,0.726891473577683
Asthma,EUR_EAS,EUR_EAS_01,0.01,EAS,0.858738738976347,0.0140199268554668,0.831949298069674,0.885703010039066
Asthma,EUR_EAS,EUR_EAS_01,0.01,AFR,0.520333837945443,0.0286624253359714,0.467321263743164,0.579207930173667
Asthma,EUR_EAS,EUR_EAS_01,0.01,CSA,0.74919983241094,0.0176760235905237,0.71411410713069,0.784748179679966
Asthma,EUR_EAS,EUR_EAS_01,0.01,AMR,0.67719660068022,0.0259103025310252,0.623690904210918,0.725062092875342
Asthma,EUR_EAS,EUR_EAS_01,0.1,MELD_lambda0_true,0.875180732287438,0.010886145353263,0.853871347056276,0.896618732155315
Asthma,EUR_EAS,EUR_EAS_01,0.1,MELD_lambda0_equal,0.836053007483009,0.0123984195540797,0.8112448777389,0.85992506722734
Asthma,EUR_EAS,EUR_EAS_01,0.1,MELD_lambda1_true,0.875180732287438,0.0108293850194323,0.855446409586809,0.897626145836798
Asthma,EUR_EAS,EUR_EAS_01,0.1,MELD_lambda0_scrambled,0.781256143621789,0.0160679259739802,0.752024552206028,0.813036055913721
Asthma,EUR_EAS,EUR_EAS_01,0.1,EUR,0.734657448947815,0.0209491050085068,0.69458069578319,0.774624257500889
Asthma,EUR_EAS,EUR_EAS_01,0.1,EAS,0.875180732287438,0.0111961843119319,0.85367841363372,0.896963305682952
Asthma,EUR_EAS,EUR_EAS_01,0.1,AFR,0.598865280937187,0.0252535527015931,0.55082738443193,0.648202830070981
Asthma,EUR_EAS,EUR_EAS_01,0.1,CSA,0.78125614362179,0.0160715604399814,0.749735677902829,0.81311636584979
Asthma,EUR_EAS,EUR_EAS_01,0.1,AMR,0.72183719772197,0.018142796873704,0.686651584270902,0.757032618914771
Asthma,EUR_EAS,EUR_EAS_02,0.001,MELD_lambda0_true,0.838270539226609,0.0177401406573948,0.801837144769673,0.871539860504791
Asthma,EUR_EAS,EUR_EAS_02,0.001,MELD_lambda0_equal,0.850134365578119,0.0115885071399496,0.826904995146053,0.872797426207536
Asthma,EUR_EAS,EUR_EAS_02,0.001,MELD_lambda1_true,0.838813821519098,0.0180438956108444,0.801614850235526,0.87127528503984
Asthma,EUR_EAS,EUR_EAS_02,0.001,MELD_lambda0_scrambled,0.698689569097927,0.0221209038799452,0.657174946434826,0.743005112992633
Asthma,EUR_EAS,EUR_EAS_02,0.001,EUR,0.62675207778587,0.026275156578026,0.575284660826047,0.679426050009462
Asthma,EUR_EAS,EUR_EAS_02,0.001,EAS,0.751533709425861,0.0225005540042506,0.706733845061804,0.794072158258862
Asthma,EUR_EAS,EUR_EAS_02,0.001,AFR,0.413739141279598,0.0323993022598406,0.35417908477039,0.483336874157853
Asthma,EUR_EAS,EUR_EAS_02,0.001,CSA,0.679111618749205,0.0227339819112864,0.633008435323493,0.72066510591367
Asthma,EUR_EAS,EUR_EAS_02,0.001,AMR,0.647247444805174,0.0240399303149635,0.601806531875015,0.695916125358055
Asthma,EUR_EAS,EUR_EAS_02,0.01,MELD_lambda0_true,0.892679906806954,0.0126109281904531,0.86724574243754,0.91625844200706
Asthma,EUR_EAS,EUR_EAS_02,0.01,MELD_lambda0_equal,0.877672276628994,0.0108586336482544,0.855816802863295,0.897170460213589
Asthma,EUR_EAS,EUR_EAS_02,0.01,MELD_lambda1_true,0.891759272332936,0.0125686850806576,0.866675112998349,0.915794287042899
Asthma,EUR_EAS,EUR_EAS_02,0.01,MELD_lambda0_scrambled,0.782772503075794,0.0185922615980484,0.746765447373306,0.820069653657626
Asthma,EUR_EAS,EUR_EAS_02,0.01,EUR,0.765060632245119,0.0203032557917694,0.723939928802937,0.802773295573869
Asthma,EUR_EAS,EUR_EAS_02,0.01,EAS,0.851511684755146,0.0148835362322457,0.821980314031231,0.879859160851453
Asthma,EUR_EAS,EUR_EAS_02,0.01,AFR,0.56516632152234,0.0325137103308246,0.502928679836682,0.632180384349202
Asthma,EUR_EAS,EUR_EAS_02,0.01,CSA,0.795199366396774,0.0183458025843364,0.760428274790767,0.831339044636249
Asthma,EUR_EAS,EUR_EAS_02,0.01,AMR,0.748187825694385,0.0200443688851018,0.710845840064123,0.787158000406096
Asthma,EUR_EAS,EUR_EAS_02,0.1,MELD_lambda0_true,0.89741145900861,0.0104851003748837,0.876408372776915,0.91721668064801
Asthma,EUR_EAS,EUR_EAS_02,0.1,MELD_lambda0_equal,0.879288323774641,0.0110289115173297,0.8558273687559,0.899219129623598
Asthma,EUR_EAS,EUR_EAS_02,0.1,MELD_lambda1_true,0.895803452511495,0.0108082133766182,0.872976023794825,0.916303415901422
Asthma,EUR_EAS,EUR_EAS_02,0.1,MELD_lambda0_scrambled,0.800534563708991,0.0174658542913078,0.765617887543055,0.834284866083663
Asthma,EUR_EAS,EUR_EAS_02,0.1,EUR,0.796769124901268,0.0169859824497161,0.762384400925672,0.828032790104835
Asthma,EUR_EAS,EUR_EAS_02,0.1,EAS,0.871796784014976,0.0126017280622769,0.846138707305218,0.89608455311254
Asthma,EUR_EAS,EUR_EAS_02,0.1,AFR,0.642368249327758,0.028766523206789,0.584123933454504,0.698356514491675
Asthma,EUR_EAS,EUR_EAS_02,0.1,CSA,0.82383479805729,0.0152255888306946,0.794326952801203,0.853317589694017
Asthma,EUR_EAS,EUR_EAS_02,0.1,AMR,0.77855495581354,0.0186043684443822,0.741471774263238,0.813259293479976
Asthma,EUR_EAS,EUR_EAS_03,0.001,MELD_lambda0_true,0.848591162126957,0.0194078512806039,0.806773371971966,0.883090012533895
Asthma,EUR_EAS,EUR_EAS_03,0.001,MELD_lambda0_equal,0.871520659678569,0.0106113464366616,0.849791756313336,0.892556785334539
Asthma,EUR_EAS,EUR_EAS_03,0.001,MELD_lambda1_true,0.848778684298912,0.0201252529879165,0.804481527032072,0.883315398870474
Asthma,EUR_EAS,EUR_EAS_03,0.001,MELD_lambda0_scrambled,0.760498358613032,0.0219485932565348,0.715430788820299,0.802155954091823
Asthma,EUR_EAS,EUR_EAS_03,0.001,EUR,0.686792402192882,0.0272030008151425,0.632796858190914,0.737667826505809
Asthma,EUR_EAS,EUR_EAS_03,0.001,EAS,0.704766876051347,0.0245127939940711,0.657691950529606,0.754434821360144
Asthma,EUR_EAS,EUR_EAS_03,0.001,AFR,0.419609519499243,0.0333307335357172,0.359503133148878,0.493148142948509
Asthma,EUR_EAS,EUR_EAS_03,0.001,CSA,0.6962897188372,0.0240675989485448,0.651012791291007,0.743794081079115
Asthma,EUR_EAS,EUR_EAS_03,0.001,AMR,0.681640108129342,0.025510777161951,0.631895335103846,0.733070025071742
Asthma,EUR_EAS,EUR_EAS_03,0.01,MELD_lambda0_true,0.901021172426201,0.0117668396203691,0.875321849982278,0.921790447056516
Asthma,EUR_EAS,EUR_EAS_03,0.01,MELD_lambda0_equal,0.892048638227074,0.010324313291388,0.870756225777449,0.911241648873922
Asthma,EUR_EAS,EUR_EAS_03,0.01,MELD_lambda1_true,0.89953857112291,0.0120156373442852,0.873693359869344,0.920521280679302
Asthma,EUR_EAS,EUR_EAS_03,0.01,MELD_lambda0_scrambled,0.854144867925367,0.0146514427290281,0.825857239266294,0.882480235916099
Asthma,EUR_EAS,EUR_EAS_03,0.01,EUR,0.816358057730248,0.0187179484937367,0.778901542132978,0.852363474567486
Asthma,EUR_EAS,EUR_EAS_03,0.01,EAS,0.838271973973085,0.0157284933379503,0.80802105717453,0.868634374713228
Asthma,EUR_EAS,EUR_EAS_03,0.01,AFR,0.580427576967219,0.0338637875772754,0.517769635022415,0.647258549224063
Asthma,EUR_EAS,EUR_EAS_03,0.01,CSA,0.824139582953286,0.01660522880718,0.792329298938184,0.855872683632324
Asthma,EUR_EAS,EUR_EAS_03,0.01,AMR,0.772175086732557,0.0221698324203557,0.729025596363587,0.815262319205731
Asthma,EUR_EAS,EUR_EAS_03,0.1,MELD_lambda0_true,0.902877708173912,0.0109537715697601,0.879833478193069,0.922316111136148
Asthma,EUR_EAS,EUR_EAS_03,0.1,MELD_lambda0_equal,0.890939575838545,0.011198327052331,0.86782490747294,0.911758825332896
Asthma,EUR_EAS,EUR_EAS_03,0.1,MELD_lambda1_true,0.900303268549075,0.0110800888136724,0.87606188098167,0.920525422384371
Asthma,EUR_EAS,EUR_EAS_03,0.1,MELD_lambda0_scrambled,0.866611551217509,0.0127719060730014,0.840333389730074,0.890395727247453
Asthma,EUR_EAS,EUR_EAS_03,0.1,EUR,0.834293123745685,0.0168187320263868,0.800758931953061,0.863966778612736
Asthma,EUR_EAS,EUR_EAS_03,0.1,EAS,0.860742315126033,0.013900970706861,0.831699168448595,0.88704756525055
Asthma,EUR_EAS,EUR_EAS_03,0.1,AFR,0.656008298209472,0.0305334580780276,0.595538314760521,0.711969212091134
Asthma,EUR_EAS,EUR_EAS_03,0.1,CSA,0.848123604123803,0.0147995181877859,0.81847449987261,0.874712866406055
Asthma,EUR_EAS,EUR_EAS_03,0.1,AMR,0.801978016442066,0.0193179958075795,0.764532527316458,0.839189297561707
Asthma,EUR_EAS,EUR_EAS_04,0.001,MELD_lambda0_true,0.878102091773875,0.0126001783202893,0.854045229617269,0.90221752045226
Asthma,EUR_EAS,EUR_EAS_04,0.001,MELD_lambda0_equal,0.876463045201626,0.012975827098632,0.848271965947722,0.900608372998129
Asthma,EUR_EAS,EUR_EAS_04,0.001,MELD_lambda1_true,0.876239874775588,0.0135519557886677,0.849684621795784,0.902148626238793
Asthma,EUR_EAS,EUR_EAS_04,0.001,MELD_lambda0_scrambled,0.779642520651062,0.0165831878904834,0.749365381775773,0.812913146027395
Asthma,EUR_EAS,EUR_EAS_04,0.001,EUR,0.726182314036287,0.0237732833192546,0.680775247386629,0.772292967218662
Asthma,EUR_EAS,EUR_EAS_04,0.001,EAS,0.706778745075036,0.0221240968043764,0.662003243538606,0.750812306664698
Asthma,EUR_EAS,EUR_EAS_04,0.001,AFR,0.435909913405996,0.0381147913156363,0.366060398112083,0.515676427749791
Asthma,EUR_EAS,EUR_EAS_04,0.001,CSA,0.73075045279681,0.0226564422681169,0.68612475721315,0.775530342905472
Asthma,EUR_EAS,EUR_EAS_04,0.001,AMR,0.693886894151443,0.0273539522129276,0.639339905029931,0.747133905724657
Asthma,EUR_EAS,EUR_EAS_04,0.01,MELD_lambda0_true,0.910867762939083,0.0120181152383666,0.884627575290925,0.932393746197777
Asthma,EUR_EAS,EUR_EAS_04,0.01,MELD_lambda0_equal,0.894343718801041,0.0123467975429351,0.868134290376858,0.916654895175138
Asthma,EUR_EAS,EUR_EAS_04,0.01,MELD_lambda1_true,0.909250264782741,0.0124836487463106,0.882755639547414,0.931160523478246
Asthma,EUR_EAS,EUR_EAS_04,0.01,MELD_lambda0_scrambled,0.856877289240749,0.0132722584127307,0.830633556195628,0.8823318059861
Asthma,EUR_EAS,EUR_EAS_04,0.01,EUR,0.840686234358145,0.0141003276975308,0.812869686888387,0.867928085938244
Asthma,EUR_EAS,EUR_EAS_04,0.01,EAS,0.827600876095824,0.016462431769644,0.794213629871663,0.85889378492957
Asthma,EUR_EAS,EUR_EAS_04,0.01,AFR,0.577229698826277,0.0356639559624296,0.510524300045048,0.650397423296718
Asthma,EUR_EAS,EUR_EAS_04,0.01,CSA,0.830601105418635,0.0161987012992958,0.799649070648873,0.862206242460711
Asthma,EUR_EAS,EUR_EAS_04,0.01,AMR,0.784420099720616,0.0214553866727659,0.742916195390121,0.826941651732379
Asthma,EUR_EAS,EUR_EAS_04,0.1,MELD_lambda0_true,0.908089256350056,0.0112652310662198,0.883609382444995,0.928903440965693
Asthma,EUR_EAS,EUR_EAS_04,0.1,MELD_lambda0_equal,0.891048182250728,0.0128748935427302,0.864311316945561,0.914028215205597
Asthma,EUR_EAS,EUR_EAS_04,0.1,MELD_lambda1_true,0.906237047596985,0.011454378772623,0.881544861137787,0.92619026976845
Asthma,EUR_EAS,EUR_EAS_04,0.1,MELD_lambda0_scrambled,0.860804811502451,0.0139518561463321,0.832829385963273,0.887293870076675
Asthma,EUR_EAS,EUR_EAS_04,0.1,EUR,0.855957512931651,0.0125048883981411,0.8320226363438,0.881619252577079
Asthma,EUR_EAS,EUR_EAS_04,0.1,EAS,0.846450425241096,0.0157813858584942,0.813819168603379,0.875673112484596
Asthma,EUR_EAS,EUR_EAS_04,0.1,AFR,0.643791379491643,0.0329076133266801,0.576342871022451,0.709229909506854
Asthma,EUR_EAS,EUR_EAS_04,0.1,CSA,0.850704456220757,0.0146507444004886,0.821593851121136,0.879651415367246
Asthma,EUR_EAS,EUR_EAS_04,0.1,AMR,0.81060135467998,0.0187256823150808,0.773785581637407,0.846393775689734
Asthma,EUR_EAS,EUR_EAS_05,0.001,MELD_lambda0_true,0.869860433979564,0.0167592862363053,0.836457630524376,0.900241089530924
Asthma,EUR_EAS,EUR_EAS_05,0.001,MELD_lambda0_equal,0.87834517953251,0.0116781043744551,0.856554674134376,0.90123461149673
Asthma,EUR_EAS,EUR_EAS_05,0.001,MELD_lambda1_true,0.861712453938267,0.0185556739957204,0.823752455668711,0.894861697435698
Asthma,EUR_EAS,EUR_EAS_05,0.001,MELD_lambda0_scrambled,0.81817692196089,0.0188676625286704,0.778912109707202,0.85416030201879
Asthma,EUR_EAS,EUR_EAS_05,0.001,EUR,0.744532753912911,0.0199564679419003,0.705042446641433,0.78363713775507
Asthma,EUR_EAS,EUR_EAS_05,0.001,EAS,0.659652484876328,0.0268053114463166,0.60737837788243,0.70983159859704
Asthma,EUR_EAS,EUR_EAS_05,0.001,AFR,0.464530940362713,0.0347355098516003,0.399438836089422,0.535828095569646
Asthma,EUR_EAS,EUR_EAS_05,0.001,CSA,0.730169104810364,0.0278178698224243,0.676669242816747,0.785666344606712
Asthma,EUR_EAS,EUR_EAS_05,0.001,AMR,0.711448246411097,0.0251382684318942,0.665143437155581,0.76376431886715
Asthma,EUR_EAS,EUR_EAS_05,0.01,MELD_lambda0_true,0.905686420153223,0.0135195170481634,0.875369323734309,0.928632528035342
Asthma,EUR_EAS,EUR_EAS_05,0.01,MELD_lambda0_equal,0.894197532336435,0.0123310411617851,0.869388438727987,0.918019077124367
Asthma,EUR_EAS,EUR_EAS_05,0.01,MELD_lambda1_true,0.901693040607911,0.0139441617711943,0.871973986830128,0.926580238697455
Asthma,EUR_EAS,EUR_EAS_05,0.01,MELD_lambda0_scrambled,0.872248902873195,0.014030216142108,0.844150129469391,0.899222904082039
Asthma,EUR_EAS,EUR_EAS_05,0.01,EUR,0.839614876252153,0.0167101361472778,0.80512086370236,0.869897657541737
Asthma,EUR_EAS,EUR_EAS_05,0.01,EAS,0.809091534291489,0.0189337435687146,0.772303586240203,0.845372388115894
Asthma,EUR_EAS,EUR_EAS_05,0.01,AFR,0.606579765671671,0.0348325694334501,0.539381483885075,0.674941821053757
Asthma,EUR_EAS,EUR_EAS_05,0.01,CSA,0.817606205288569,0.0210643709864332,0.774724145207031,0.858316840692623
Asthma,EUR_EAS,EUR_EAS_05,0.01,AMR,0.790373981738876,0.0205207195958134,0.748791470132101,0.829839305551751
Asthma,EUR_EAS,EUR_EAS_05,0.1,MELD_lambda0_true,0.906116541421586,0.012346981172303,0.880175282463171,0.928331132390432
Asthma,EUR_EAS,EUR_EAS_05,0.1,MELD_lambda0_equal,0.890364487191524,0.0125328416325815,0.864638176616689,0.913798594412489
Asthma,EUR_EAS,EUR_EAS_05,0.1,MELD_lambda1_true,0.902394854919836,0.0122526042158345,0.876163637911526,0.924696222738898
Asthma,EUR_EAS,EUR_EAS_05,0.1,MELD_lambda0_scrambled,0.878218040314322,0.0126397727224474,0.853333202700135,0.901719610225567
Asthma,EUR_EAS,EUR_EAS_05,0.1,EUR,0.855043816022599,0.0153769578268381,0.823348865399621,0.883734355369445
Asthma,EUR_EAS,EUR_EAS_05,0.1,EAS,0.837844232317857,0.0169718562312319,0.803253666607453,0.871302014050745
Asthma,EUR_EAS,EUR_EAS_05,0.1,AFR,0.677031067980163,0.0300739281337911,0.618688136371687,0.734176974421933
Asthma,EUR_EAS,EUR_EAS_05,0.1,CSA,0.835241884640162,0.0175231009451998,0.800331461326838,0.868862340254049
Asthma,EUR_EAS,EUR_EAS_05,0.1,AMR,0.810098635308851,0.0174984611717711,0.775361921863751,0.843938206589759
Asthma,EUR_EAS,EUR_EAS_06,0.001,MELD_lambda0_true,0.890195078439817,0.00961564814239035,0.87171548788165,0.909556999386015
Asthma,EUR_EAS,EUR_EAS_06,0.001,MELD_lambda0_equal,0.887004758364533,0.0074137431228878,0.872488721414205,0.901628039868089
Asthma,EUR_EAS,EUR_EAS_06,0.001,MELD_lambda1_true,0.883237697645759,0.00969122553819681,0.864351324043013,0.902217553073399
Asthma,EUR_EAS,EUR_EAS_06,0.001,MELD_lambda0_scrambled,0.74746182238818,0.0169287686063788,0.712570160888972,0.779846218637513
Asthma,EUR_EAS,EUR_EAS_06,0.001,EUR,0.783643152242822,0.0182689825205529,0.745742774232026,0.816478696198347
Asthma,EUR_EAS,EUR_EAS_06,0.001,EAS,0.665267534028267,0.0218269981993495,0.622695268218854,0.706736326465203
Asthma,EUR_EAS,EUR_EAS_06,0.001,AFR,0.442681272738235,0.0315624007557454,0.384044314221696,0.505622727888742
Asthma,EUR_EAS,EUR_EAS_06,0.001,CSA,0.743178884284208,0.0213108353168626,0.701376748950506,0.78579660981956
Asthma,EUR_EAS,EUR_EAS_06,0.001,AMR,0.708257649178843,0.0250627877517656,0.6617171695813,0.759838346950024
Asthma,EUR_EAS,EUR_EAS_06,0.01,MELD_lambda0_true,0.921102666080642,0.00648701494333845,0.909153453848778,0.934405453923759
Asthma,EUR_EAS,EUR_EAS_06,0.01,MELD_lambda0_equal,0.9047404036485,0.00728069993455513,0.890577705781043,0.918895472911124
Asthma,EUR_EAS,EUR_EAS_06,0.01,MELD_lambda1_true,0.917197822099625,0.0069723308984698,0.903607426142942,0.931113841695297
Asthma,EUR_EAS,EUR_EAS_06,0.01,MELD_lambda0_scrambled,0.812939375680884,0.0153350504540929,0.781514933058963,0.841787735145564
Asthma,EUR_EAS,EUR_EAS_06,0.01,EUR,0.867478681767283,0.00996373723375919,0.848353346455996,0.887203980911172
Asthma,EUR_EAS,EUR_EAS_06,0.01,EAS,0.803589344432958,0.0178181214835915,0.76693093451085,0.836390422818459
Asthma,EUR_EAS,EUR_EAS_06,0.01,AFR,0.592751137349323,0.0314577095288328,0.532789095056201,0.654770396899303
Asthma,EUR_EAS,EUR_EAS_06,0.01,CSA,0.833602860017451,0.0146458985297885,0.805240001860847,0.862410762820462
Asthma,EUR_EAS,EUR_EAS_06,0.01,AMR,0.796035000439189,0.0192117532467466,0.76061508217889,0.834483868814348
Asthma,EUR_EAS,EUR_EAS_06,0.1,MELD_lambda0_true,0.916492913758184,0.00651515561611806,0.90415104252457,0.929798454574858
Asthma,EUR_EAS,EUR_EAS_06,0.1,MELD_lambda0_equal,0.90208023967646,0.00759030993070891,0.887813512343433,0.917188713692233
Asthma,EUR_EAS,EUR_EAS_06,0.1,MELD_lambda1_true,0.912842208753411,0.00708701920627953,0.899016834077226,0.926897128045516
Asthma,EUR_EAS,EUR_EAS_06,0.1,MELD_lambda0_scrambled,0.827623336805299,0.0138623533603429,0.799321181491439,0.854958337953137
Asthma,EUR_EAS,EUR_EAS_06,0.1,EUR,0.879509249580964,0.00821334924185936,0.864321127000043,0.896137637811258
Asthma,EUR_EAS,EUR_EAS_06,0.1,EAS,0.829690900420308,0.0154527416774631,0.796494623389375,0.858053111561854
Asthma,EUR_EAS,EUR_EAS_06,0.1,AFR,0.66440626851962,0.0261043039796748,0.61408547352995,0.716417020424371
Asthma,EUR_EAS,EUR_EAS_06,0.1,CSA,0.852656139271927,0.0126887960462734,0.827633308312166,0.877797289725947
Asthma,EUR_EAS,EUR_EAS_06,0.1,AMR,0.82139988813953,0.0149207267098642,0.793537513016814,0.851976170880874
Asthma,EUR_EAS,EUR_EAS_07,0.001,MELD_lambda0_true,0.882007450922205,0.0164515514303295,0.846299403246497,0.908723335013474
Asthma,EUR_EAS,EUR_EAS_07,0.001,MELD_lambda0_equal,0.876191393497104,0.0147361605794256,0.8428364567814,0.900933021677898
Asthma,EUR_EAS,EUR_EAS_07,0.001,MELD_lambda1_true,0.87395382989342,0.0176093117909622,0.83755355090387,0.903973123590485
Asthma,EUR_EAS,EUR_EAS_07,0.001,MELD_lambda0_scrambled,0.758514440936413,0.0237913048810005,0.713036178835719,0.803956660063853
Asthma,EUR_EAS,EUR_EAS_07,0.001,EUR,0.804989639394447,0.0204679995292813,0.764195717375105,0.843540176162209
Asthma,EUR_EAS,EUR_EAS_07,0.001,EAS,0.614282730171835,0.0303360409526746,0.553795929990466,0.671002852721663
Asthma,EUR_EAS,EUR_EAS_07,0.001,AFR,0.481114176700146,0.0348274251709421,0.414282673438174,0.549299020427935
Asthma,EUR_EAS,EUR_EAS_07,0.001,CSA,0.739498920136376,0.0288080421245586,0.681727347159968,0.792171579633541
Asthma,EUR_EAS,EUR_EAS_07,0.001,AMR,0.73431233197332,0.0261040970184313,0.684974284682247,0.784365879902568
Asthma,EUR_EAS,EUR_EAS_07,0.01,MELD_lambda0_true,0.910560785936369,0.014062795571154,0.880499708695014,0.933884091083151
Asthma,EUR_EAS,EUR_EAS_07,0.01,MELD_lambda0_equal,0.895136585984251,0.015276620431235,0.863040543334332,0.921877325627228
Asthma,EUR_EAS,EUR_EAS_07,0.01,MELD_lambda1_true,0.907157062451515,0.0139786835949146,0.875829478417037,0.930592532787345
Asthma,EUR_EAS,EUR_EAS_07,0.01,MELD_lambda0_scrambled,0.822749502130641,0.0184600376538094,0.785788418885351,0.858752601128722
Asthma,EUR_EAS,EUR_EAS_07,0.01,EUR,0.871350168885034,0.0166773779227201,0.835582684140333,0.901528892911546
Asthma,EUR_EAS,EUR_EAS_07,0.01,EAS,0.77805310638127,0.023389776695505,0.72922947930426,0.819458215910906
Asthma,EUR_EAS,EUR_EAS_07,0.01,AFR,0.61898670846732,0.0348269990100476,0.551809077765174,0.687004720395078
Asthma,EUR_EAS,EUR_EAS_07,0.01,CSA,0.829558140698088,0.0214989077958556,0.787287858813745,0.872114547573079
Asthma,EUR_EAS,EUR_EAS_07,0.01,AMR,0.809102531373625,0.0207985506596511,0.767349120277234,0.84805906459693
Asthma,EUR_EAS,EUR_EAS_07,0.1,MELD_lambda0_true,0.908187598545873,0.0127522094006353,0.882366665589355,0.932060827112333
Asthma,EUR_EAS,EUR_EAS_07,0.1,MELD_lambda0_equal,0.892722832215215,0.0148847595274931,0.86166641992699,0.919625906848491
Asthma,EUR_EAS,EUR_EAS_07,0.1,MELD_lambda1_true,0.905665587374706,0.0130971484028115,0.87829947543757,0.929050977919269
Asthma,EUR_EAS,EUR_EAS_07,0.1,MELD_lambda0_scrambled,0.833198978717471,0.0192257181096982,0.793715521100034,0.868036803260032
Asthma,EUR_EAS,EUR_EAS_07,0.1,EUR,0.881877543757126,0.0151818243304312,0.849922030550084,0.909746509806045
Asthma,EUR_EAS,EUR_EAS_07,0.1,EAS,0.814375837543017,0.0188102777313915,0.775502172390982,0.849500174031729
Asthma,EUR_EAS,EUR_EAS_07,0.1,AFR,0.678032715751571,0.031593634575759,0.614617164362808,0.739285356614861
Asthma,EUR_EAS,EUR_EAS_07,0.1,CSA,0.850475700874861,0.018633408284216,0.810898057128435,0.884779281445737
Asthma,EUR_EAS,EUR_EAS_07,0.1,AMR,0.824467791327283,0.0204089162921166,0.784322339818401,0.864431963818383
Asthma,EUR_EAS,EUR_EAS_08,0.001,MELD_lambda0_true,0.870446855813415,0.0183183779946757,0.834270591328685,0.906470159994654
Asthma,EUR_EAS,EUR_EAS_08,0.001,MELD_lambda0_equal,0.872914332065821,0.0131947474754721,0.845922414933281,0.896240631614418
Asthma,EUR_EAS,EUR_EAS_08,0.001,MELD_lambda1_true,0.86638910187256,0.0189468973148767,0.828123161460053,0.901995906656212
Asthma,EUR_EAS,EUR_EAS_08,0.001,MELD_lambda0_scrambled,0.802957384575222,0.0236147267152398,0.756095704706997,0.846937039870346
Asthma,EUR_EAS,EUR_EAS_08,0.001,EUR,0.806343357399235,0.023778821333477,0.758775347503317,0.854044895758334
Asthma,EUR_EAS,EUR_EAS_08,0.001,EAS,0.609345750086676,0.0326526145202063,0.548612429500568,0.674405556546211
Asthma,EUR_EAS,EUR_EAS_08,0.001,AFR,0.470943065094368,0.0350271817212282,0.40523019086876,0.540395582635699
Asthma,EUR_EAS,EUR_EAS_08,0.001,CSA,0.733360844246176,0.030183841051733,0.672348423978978,0.789770677909974
Asthma,EUR_EAS,EUR_EAS_08,0.001,AMR,0.725769551780409,0.0275568952868922,0.670384786237423,0.779153603903844
Asthma,EUR_EAS,EUR_EAS_08,0.01,MELD_lambda0_true,0.907788813134102,0.0122199479997573,0.882466654593209,0.931110966284263
Asthma,EUR_EAS,EUR_EAS_08,0.01,MELD_lambda0_equal,0.894350713253621,0.0130423274983348,0.86773765874462,0.917817961381024
Asthma,EUR_EAS,EUR_EAS_08,0.01,MELD_lambda1_true,0.906149317731584,0.0119770649813864,0.882206069731474,0.929673929269581
Asthma,EUR_EAS,EUR_EAS_08,0.01,MELD_lambda0_scrambled,0.874269627273927,0.0150459385201783,0.845514165570156,0.903445094661969
Asthma,EUR_EAS,EUR_EAS_08,0.01,EUR,0.879509501128719,0.015433208128017,0.848066769373835,0.908621582517065
Asthma,EUR_EAS,EUR_EAS_08,0.01,EAS,0.775245730183216,0.0226542103104515,0.731788975679542,0.81945711375411
Asthma,EUR_EAS,EUR_EAS_08,0.01,AFR,0.618946074301969,0.0337631065073546,0.555861312735283,0.688961506152271
Asthma,EUR_EAS,EUR_EAS_08,0.01,CSA,0.82766947855948,0.0212547791396465,0.784055143884415,0.868936353272481
Asthma,EUR_EAS,EUR_EAS_08,0.01,AMR,0.808765599230812,0.0219255150905986,0.764143836262012,0.852041748276513
Asthma,EUR_EAS,EUR_EAS_08,0.1,MELD_lambda0_true,0.90686698574899,0.011390760946496,0.884032724618235,0.928936151307264
Asthma,EUR_EAS,EUR_EAS_08,0.1,MELD_lambda0_equal,0.893856812980906,0.0134226912996755,0.866917879062837,0.920709846733441
Asthma,EUR_EAS,EUR_EAS_08,0.1,MELD_lambda1_true,0.904250795308554,0.0116893862313528,0.880410656990596,0.926306974794468
Asthma,EUR_EAS,EUR_EAS_08,0.1,MELD_lambda0_scrambled,0.87913830880342,0.0149620683093392,0.848349676258211,0.908011321061889
Asthma,EUR_EAS,EUR_EAS_08,0.1,EUR,0.886210263983265,0.0143128371328741,0.858781643341398,0.914815619222666
Asthma,EUR_EAS,EUR_EAS_08,0.1,EAS,0.809422748655791,0.0191503644077884,0.771892301435033,0.846340500977675
Asthma,EUR_EAS,EUR_EAS_08,0.1,AFR,0.685435751758651,0.0283951174025151,0.63218321742495,0.743432293181254
Asthma,EUR_EAS,EUR_EAS_08,0.1,CSA,0.851306699514143,0.0181078900707162,0.816444843859713,0.884725361697888
Asthma,EUR_EAS,EUR_EAS_08,0.1,AMR,0.828386771048926,0.0212751902880227,0.787036489690869,0.870310524235548
Asthma,EUR_EAS,EUR_EAS_09,0.001,MELD_lambda0_true,0.886703607707828,0.0143079200872952,0.858900967987865,0.916452022922093
Asthma,EUR_EAS,EUR_EAS_09,0.001,MELD_lambda0_equal,0.879439669236639,0.0118640097044079,0.855113526585765,0.902646675760272
Asthma,EUR_EAS,EUR_EAS_09,0.001,MELD_lambda1_true,0.883392162294757,0.014936532803753,0.854186317006368,0.912493196169759
Asthma,EUR_EAS,EUR_EAS_09,0.001,MELD_lambda0_scrambled,0.878439885730209,0.0151229867038903,0.849212827483009,0.908942123913492
Asthma,EUR_EAS,EUR_EAS_09,0.001,EUR,0.833587447028267,0.0212553109000961,0.792229056832669,0.875213477301053
Asthma,EUR_EAS,EUR_EAS_09,0.001,EAS,0.599767320115672,0.0272973364317388,0.544637270579023,0.652521645584624
Asthma,EUR_EAS,EUR_EAS_09,0.001,AFR,0.475744456736551,0.0343277227332908,0.411015097298052,0.546252485430571
Asthma,EUR_EAS,EUR_EAS_09,0.001,CSA,0.764153004208272,0.0281165653562415,0.708185582606521,0.818415965241928
Asthma,EUR_EAS,EUR_EAS_09,0.001,AMR,0.73091937523952,0.030840845875919,0.670869172239505,0.790835742700018
Asthma,EUR_EAS,EUR_EAS_09,0.01,MELD_lambda0_true,0.91892716092963,0.0100001371224005,0.898824222133901,0.937765037914201
Asthma,EUR_EAS,EUR_EAS_09,0.01,MELD_lambda0_equal,0.901480305757224,0.0108857309156387,0.879192256055931,0.922603409053634
Asthma,EUR_EAS,EUR_EAS_09,0.01,MELD_lambda1_true,0.916697456288035,0.0101250365449339,0.896651793956864,0.936687462998191
Asthma,EUR_EAS,EUR_EAS_09,0.01,MELD_lambda0_scrambled,0.91508740465457,0.0103403428395676,0.895254822777717,0.935126939263504
Asthma,EUR_EAS,EUR_EAS_09,0.01,EUR,0.897369158849956,0.0122162917617291,0.874361367070266,0.921609495864337
Asthma,EUR_EAS,EUR_EAS_09,0.01,EAS,0.76100112174989,0.0217993330237419,0.717788194857515,0.804884625052491
Asthma,EUR_EAS,EUR_EAS_09,0.01,AFR,0.622815200382245,0.0345081554140141,0.554814208578135,0.69385433774915
Asthma,EUR_EAS,EUR_EAS_09,0.01,CSA,0.843180747692239,0.0167797706327576,0.811302015386569,0.876718110755213
Asthma,EUR_EAS,EUR_EAS_09,0.01,AMR,0.810179299519034,0.02297707248952,0.766130982190526,0.855845358060805
Asthma,EUR_EAS,EUR_EAS_09,0.1,MELD_lambda0_true,0.91528705949922,0.00945694288468299,0.895941044040118,0.933491192898114
Asthma,EUR_EAS,EUR_EAS_09,0.1,MELD_lambda0_equal,0.89971603426457,0.0108733316056803,0.877588232399386,0.919972212584151
Asthma,EUR_EAS,EUR_EAS_09,0.1,MELD_lambda1_true,0.91305505727131,0.00963198192561052,0.894009454646115,0.931996586181533
Asthma,EUR_EAS,EUR_EAS_09,0.1,MELD_lambda0_scrambled,0.915047385740747,0.00925980218624319,0.896373691388469,0.932446094160147
Asthma,EUR_EAS,EUR_EAS_09,0.1,EUR,0.902983917240847,0.0105427375479706,0.88228601889902,0.923476071399383
Asthma,EUR_EAS,EUR_EAS_09,0.1,EAS,0.79309438613928,0.0191648360489009,0.755570606269958,0.831169643331364
Asthma,EUR_EAS,EUR_EAS_09,0.1,AFR,0.692086317114448,0.0267128250334937,0.642172609709962,0.7446282866711
Asthma,EUR_EAS,EUR_EAS_09,0.1,CSA,0.858968731815071,0.0136797401374747,0.831224809027653,0.88586930654817
Asthma,EUR_EAS,EUR_EAS_09,0.1,AMR,0.8314901685893,0.0194273384296906,0.793145150093156,0.868817372757084
Asthma,EUR_EAS,EUR_EAS_10,0.001,MELD_lambda0_true,0.880476501026304,0.0131691682136085,0.854971030227387,0.905332380739852
Asthma,EUR_EAS,EUR_EAS_10,0.001,MELD_lambda0_equal,0.884995335694294,0.00941268621292676,0.866651542552235,0.903123786330667
Asthma,EUR_EAS,EUR_EAS_10,0.001,MELD_lambda1_true,0.879206644575277,0.0136905441862709,0.851667450982833,0.906107734549774
Asthma,EUR_EAS,EUR_EAS_10,0.001,MELD_lambda0_scrambled,0.868750723576095,0.0149519288746047,0.839844899447421,0.898906004714607
Asthma,EUR_EAS,EUR_EAS_10,0.001,EUR,0.847284468769772,0.0171190365952954,0.812804648846509,0.879410439401268
Asthma,EUR_EAS,EUR_EAS_10,0.001,EAS,0.592426920860791,0.0311229947817957,0.528321039699187,0.647772754092948
Asthma,EUR_EAS,EUR_EAS_10,0.001,AFR,0.471180840287052,0.0405876029442224,0.394932591409484,0.552873486892891
Asthma,EUR_EAS,EUR_EAS_10,0.001,CSA,0.763527609131164,0.0293461484403453,0.704373463513329,0.815405259859804
Asthma,EUR_EAS,EUR_EAS_10,0.001,AMR,0.753507010622258,0.0246596234158432,0.706105364935152,0.801451566250425
Asthma,EUR_EAS,EUR_EAS_10,0.01,MELD_lambda0_true,0.915938784449425,0.00980694977776997,0.896432089446568,0.934229696543677
Asthma,EUR_EAS,EUR_EAS_10,0.01,MELD_lambda0_equal,0.904665268585724,0.0095681008867162,0.885065883162148,0.922522459294338
Asthma,EUR_EAS,EUR_EAS_10,0.01,MELD_lambda1_true,0.91496304005688,0.0099932710541649,0.895040229442401,0.934859147431623
Asthma,EUR_EAS,EUR_EAS_10,0.01,MELD_lambda0_scrambled,0.91286769782712,0.00991517434538947,0.893588275369643,0.932008226828632
Asthma,EUR_EAS,EUR_EAS_10,0.01,EUR,0.903732522138299,0.0106170292366615,0.882740077842131,0.925111956969432
Asthma,EUR_EAS,EUR_EAS_10,0.01,EAS,0.763670582018106,0.0221986730125635,0.717245671147538,0.803967054928257
Asthma,EUR_EAS,EUR_EAS_10,0.01,AFR,0.616107197780944,0.0373332221472625,0.549169967518074,0.695517557869082
Asthma,EUR_EAS,EUR_EAS_10,0.01,CSA,0.857618542012067,0.0154776940440994,0.826327289438473,0.885697501802447
Asthma,EUR_EAS,EUR_EAS_10,0.01,AMR,0.821198698169083,0.0189062362903929,0.783388951600148,0.85888734536745
Asthma,EUR_EAS,EUR_EAS_10,0.1,MELD_lambda0_true,0.917088045653073,0.00880951487558265,0.899532860655385,0.934050498522161
Asthma,EUR_EAS,EUR_EAS_10,0.1,MELD_lambda0_equal,0.903783217304158,0.00963837718640788,0.88465356628055,0.921966358602286
Asthma,EUR_EAS,EUR_EAS_10,0.1,MELD_lambda1_true,0.916356902129452,0.00907314656749721,0.898136094617511,0.933916430221999
Asthma,EUR_EAS,EUR_EAS_10,0.1,MELD_lambda0_scrambled,0.915213190684676,0.00901336025905605,0.897921232596866,0.932699055454476
Asthma,EUR_EAS,EUR_EAS_10,0.1,EUR,0.909976013130151,0.00931239721206328,0.891637751706385,0.92782386698913
Asthma,EUR_EAS,EUR_EAS_10,0.1,EAS,0.801273252544763,0.0189012197223216,0.762330597388842,0.834446775573607
Asthma,EUR_EAS,EUR_EAS_10,0.1,AFR,0.681937332778344,0.0281390143044112,0.628288086751888,0.738562723711581
Asthma,EUR_EAS,EUR_EAS_10,0.1,CSA,0.873851359136,0.0113294560829939,0.851760058009314,0.895957978730094
Asthma,EUR_EAS,EUR_EAS_10,0.1,AMR,0.847919331265243,0.0155948113314209,0.818050203102307,0.877205494189068
Asthma,EUR_EAS,EUR_EAS_11,0.001,MELD_lambda0_true,0.836584468761197,0.0187718519894192,0.800722770693438,0.874739197787879
Asthma,EUR_EAS,EUR_EAS_11,0.001,MELD_lambda0_equal,0.855623952255579,0.0135753111405586,0.828115315753794,0.881252356239113
Asthma,EUR_EAS,EUR_EAS_11,0.001,MELD_lambda1_true,0.836584468761197,0.0190372536165332,0.798350937364676,0.873199417194992
Asthma,EUR_EAS,EUR_EAS_11,0.001,MELD_lambda0_scrambled,0.740946477446598,0.0265863235100605,0.687714370632891,0.791432705557437
Asthma,EUR_EAS,EUR_EAS_11,0.001,EUR,0.836584468761192,0.0191347950866052,0.800968200566611,0.876296379227733
Asthma,EUR_EAS,EUR_EAS_11,0.001,EAS,0.519489312465529,0.0258397404912266,0.468834309829225,0.571383579787335
Asthma,EUR_EAS,EUR_EAS_11,0.001,AFR,0.444525467807341,0.0371611882711268,0.377235468740107,0.523080800844296
Asthma,EUR_EAS,EUR_EAS_11,0.001,CSA,0.740946477446596,0.0272553426115642,0.684914295191965,0.793455455419214
Asthma,EUR_EAS,EUR_EAS_11,0.001,AMR,0.719582221911779,0.0299214997893292,0.662862152762795,0.777224822369371
Asthma,EUR_EAS,EUR_EAS_11,0.01,MELD_lambda0_true,0.893740924555409,0.0130565130000014,0.868425652835384,0.919168187848848
Asthma,EUR_EAS,EUR_EAS_11,0.01,MELD_lambda0_equal,0.882735360271144,0.0143538552301225,0.853365717339307,0.909117850207542
Asthma,EUR_EAS,EUR_EAS_11,0.01,MELD_lambda1_true,0.893740924555409,0.0128292167537969,0.868880674439609,0.918113414718194
Asthma,EUR_EAS,EUR_EAS_11,0.01,MELD_lambda0_scrambled,0.839249472924574,0.0193035793341698,0.799802127367375,0.875942932824701
Asthma,EUR_EAS,EUR_EAS_11,0.01,EUR,0.893740924555409,0.0132309514224071,0.867557068385526,0.918469353647971
Asthma,EUR_EAS,EUR_EAS_11,0.01,EAS,0.712792305780994,0.0210968492608369,0.670546531453891,0.752544885178267
Asthma,EUR_EAS,EUR_EAS_11,0.01,AFR,0.58472831667011,0.036997968976408,0.510885258966421,0.655733013101042
Asthma,EUR_EAS,EUR_EAS_11,0.01,CSA,0.839249472924573,0.018668239086409,0.800023462999844,0.871818645116509
Asthma,EUR_EAS,EUR_EAS_11,0.01,AMR,0.804412094710576,0.0202694200461964,0.765013600607031,0.842902911675272
Asthma,EUR_EAS,EUR_EAS_11,0.1,MELD_lambda0_true,0.897575206918137,0.0120942566453273,0.873225209879877,0.921859215099273
Asthma,EUR_EAS,EUR_EAS_11,0.1,MELD_lambda0_equal,0.884944188797617,0.0139262947564461,0.855796117588998,0.910405163938683
Asthma,EUR_EAS,EUR_EAS_11,0.1,MELD_lambda1_true,0.897575206918137,0.0119812660485212,0.87492775946787,0.921465919151549
Asthma,EUR_EAS,EUR_EAS_11,0.1,MELD_lambda0_scrambled,0.857247621603784,0.0156832459883323,0.826502514212055,0.886854867526406
Asthma,EUR_EAS,EUR_EAS_11,0.1,EUR,0.897575206918137,0.0120717478109477,0.873498146098165,0.921051383519289
Asthma,EUR_EAS,EUR_EAS_11,0.1,EAS,0.762583601253001,0.0197540198759907,0.723475609942155,0.800987098473044
Asthma,EUR_EAS,EUR_EAS_11,0.1,AFR,0.650712674180003,0.0277900826088353,0.597427895165289,0.705350197468011
Asthma,EUR_EAS,EUR_EAS_11,0.1,CSA,0.857247621603784,0.0155664186196217,0.826323843650853,0.887323707923871
Asthma,EUR_EAS,EUR_EAS_11,0.1,AMR,0.831443879476118,0.0172192120386869,0.795903659103158,0.863610739074014
Asthma,multi,equal,0.001,MELD_lambda0_true,0.818612888122985,0.0181014614033986,0.782778047682797,0.853998321139229
Asthma,multi,equal,0.001,MELD_lambda0_equal,0.818612888122985,0.0186278885653958,0.781524813720022,0.854388550800635
Asthma,multi,equal,0.001,MELD_lambda1_true,0.816258104954957,0.0187322098217242,0.781483280642783,0.853461774762582
Asthma,multi,equal,0.001,MELD_lambda0_scrambled,0.818612888122985,0.0188886444485141,0.781652130178725,0.855520143431374
Asthma,multi,equal,0.001,EUR,0.595747957672649,0.0301569370256936,0.540062206140267,0.657107231732585
Asthma,multi,equal,0.001,EAS,0.474086874179651,0.0296819761918554,0.419756847872857,0.537130781823401
Asthma,multi,equal,0.001,AFR,0.474934534251331,0.0371883645749256,0.403671560290697,0.5504049286085
Asthma,multi,equal,0.001,CSA,0.574704872930381,0.0292754063577143,0.519006418985388,0.631780008700928
Asthma,multi,equal,0.001,AMR,0.580305255359564,0.0320162623275833,0.517400173466049,0.643581953792166
Asthma,multi,equal,0.01,MELD_lambda0_true,0.847168917072817,0.0167329954257162,0.813232633745219,0.87915383977414
Asthma,multi,equal,0.01,MELD_lambda0_equal,0.847168917072817,0.0166034894321603,0.813415113328846,0.878857929463442
Asthma,multi,equal,0.01,MELD_lambda1_true,0.844257607590928,0.0168672030659715,0.81191476101142,0.878373865782906
Asthma,multi,equal,0.01,MELD_lambda0_scrambled,0.847168917072817,0.0169788910814069,0.814025863772591,0.880224629910859
Asthma,multi,equal,0.01,EUR,0.737681080635515,0.0223393157065526,0.697431993793812,0.782942448481541
Asthma,multi,equal,0.01,EAS,0.673422241940003,0.0257026527365511,0.622472682235796,0.725653770330265
Asthma,multi,equal,0.01,AFR,0.598092618379152,0.0365485578088996,0.52792876852303,0.668897649486161
Asthma,multi,equal,0.01,CSA,0.73445963203114,0.0241117350899867,0.688671427512507,0.782611262880028
Asthma,multi,equal,0.01,AMR,0.702498604886851,0.0270771601577117,0.650510829954879,0.757965901760443
Asthma,multi,equal,0.1,MELD_lambda0_true,0.852834610844601,0.0155227425867255,0.822938519080132,0.882512183206375
Asthma,multi,equal,0.1,MELD_lambda0_equal,0.852834610844601,0.0155864525165877,0.822879193276238,0.883943402886056
Asthma,multi,equal,0.1,MELD_lambda1_true,0.849456092661705,0.0159014134070887,0.818949879086695,0.880362991591506
Asthma,multi,equal,0.1,MELD_lambda0_scrambled,0.852834610844601,0.0160315954505356,0.819059879037773,0.882980564398264
Asthma,multi,equal,0.1,EUR,0.784274234988949,0.0183351235578892,0.749843828564242,0.82203324014545
Asthma,multi,equal,0.1,EAS,0.73076023370337,0.0213690935950934,0.688201548164326,0.772228185632378
Asthma,multi,equal,0.1,AFR,0.663030581624344,0.0330903406345386,0.597074980231206,0.726466889058132
Asthma,multi,equal,0.1,CSA,0.77797971083123,0.0214508940750082,0.736073048628674,0.820266434538958
Asthma,multi,equal,0.1,AMR,0.755699177849709,0.0218062004771882,0.713570216022712,0.799029900186876
Asthma,multi,reported,0.001,MELD_lambda0_true,0.886312950203519,0.01110148092744,0.865047272446934,0.907970103347783
Asthma,multi,reported,0.001,MELD_lambda0_equal,0.877561042185756,0.00910324278321169,0.860773601977689,0.895927542137843
Asthma,multi,reported,0.001,MELD_lambda1_true,0.884069864776048,0.0108636575144366,0.863443842752603,0.905177205070195
Asthma,multi,reported,0.001,MELD_lambda0_scrambled,0.835585987050519,0.0147824721964146,0.807353555404922,0.864878825430498
Asthma,multi,reported,0.001,EUR,0.810081462140035,0.0182961821521161,0.777135885586358,0.847684260296945
Asthma,multi,reported,0.001,EAS,0.551379251350319,0.0281257738005652,0.49650134689698,0.611291845563447
Asthma,multi,reported,0.001,AFR,0.463992247406958,0.0345779026740282,0.397227452429506,0.532922010382515
Asthma,multi,reported,0.001,CSA,0.742574229333172,0.0264627524722301,0.692385993060817,0.794323014703514
Asthma,multi,reported,0.001,AMR,0.730069534066494,0.0249966570220565,0.681771542819877,0.779830158453727
Asthma,multi,reported,0.01,MELD_lambda0_true,0.909356048684802,0.00904760724683814,0.891901535925618,0.927759601877095
Asthma,multi,reported,0.01,MELD_lambda0_equal,0.900610661170418,0.00938227672523913,0.88136042704869,0.918737986409418
Asthma,multi,reported,0.01,MELD_lambda1_true,0.90736130543576,0.00885834240971984,0.890038913929259,0.925275941396576
Asthma,multi,reported,0.01,MELD_lambda0_scrambled,0.878495853455853,0.0115357238964149,0.856006464273674,0.900663913473229
Asthma,multi,reported,0.01,EUR,0.87750037110489,0.0124157464976416,0.853367054163767,0.901422130647111
Asthma,multi,reported,0.01,EAS,0.753255426555044,0.0185913754901999,0.715059922873127,0.78959532428748
Asthma,multi,reported,0.01,AFR,0.617770275650647,0.0290814943217408,0.561640433555071,0.675854890959892
Asthma,multi,reported,0.01,CSA,0.83946932619481,0.0178974333627134,0.803100266307418,0.87466347125309
Asthma,multi,reported,0.01,AMR,0.808681702283517,0.0191198981986103,0.773411209726461,0.84672347668949
Asthma,multi,reported,0.1,MELD_lambda0_true,0.906928002468759,0.00909059830392453,0.888902430001975,0.925010234349848
Asthma,multi,reported,0.1,MELD_lambda0_equal,0.898800802771691,0.00929238421234276,0.880573617365843,0.916148640335789
Asthma,multi,reported,0.1,MELD_lambda1_true,0.904736899500839,0.00908787669577912,0.887147565791313,0.923191581241344
Asthma,multi,reported,0.1,MELD_lambda0_scrambled,0.879282096916192,0.0116358226598935,0.855674302686238,0.901668110380895
Asthma,multi,reported,0.1,EUR,0.887327892804346,0.0109223757207068,0.867015178573347,0.909185410615962
Asthma,multi,reported,0.1,EAS,0.7954762294424,0.0160837681814887,0.763178669468207,0.827341439843129
Asthma,multi,reported,0.1,AFR,0.692317935447546,0.0256680730441847,0.641300782447054,0.742990049811005
Asthma,multi,reported,0.1,CSA,0.857159556999701,0.0148477580851363,0.828666311911908,0.885373393561996
Asthma,multi,reported,0.1,AMR,0.830950112307078,0.0146500198664808,0.802597285035387,0.86017224299071
Asthma,multi,w25rest,0.001,MELD_lambda0_true,0.825097519506174,0.0190557063930575,0.788060567747976,0.863175360559493
Asthma,multi,w25rest,0.001,MELD_lambda0_equal,0.823629460453017,0.0191418039146078,0.786369090691947,0.861361149045357
Asthma,multi,w25rest,0.001,MELD_lambda1_true,0.824819740918462,0.0193014283315826,0.786643663215604,0.863310907859074
Asthma,multi,w25rest,0.001,MELD_lambda0_scrambled,0.823397329259061,0.0197185618686054,0.785797402640816,0.861621007958001
Asthma,multi,w25rest,0.001,EUR,0.607854527043462,0.029479620146766,0.551081818554727,0.665055222721693
Asthma,multi,w25rest,0.001,EAS,0.470230914008223,0.0306546734448838,0.414184346039188,0.533862177524707
Asthma,multi,w25rest,0.001,AFR,0.457989633946918,0.0354751408975677,0.393342893500145,0.534451095949601
Asthma,multi,w25rest,0.001,CSA,0.591637106749886,0.0286696846630409,0.53564267986215,0.64873288868298
Asthma,multi,w25rest,0.001,AMR,0.615527834237715,0.0303134333055028,0.55746097994603,0.676984702599183
Asthma,multi,w25rest,0.01,MELD_lambda0_true,0.849964644136698,0.0169060022296221,0.817302588415244,0.883935590350103
Asthma,multi,w25rest,0.01,MELD_lambda0_equal,0.849177398231412,0.0170586205330524,0.815280183169047,0.882102100243338
Asthma,multi,w25rest,0.01,MELD_lambda1_true,0.848430669074514,0.0167353391007085,0.816808892895305,0.881188607313641
Asthma,multi,w25rest,0.01,MELD_lambda0_scrambled,0.849636519184973,0.0164472645111066,0.816787943171856,0.881145274118376
Asthma,multi,w25rest,0.01,EUR,0.750664794253386,0.0222098614848982,0.707254218343052,0.793071278550766
Asthma,multi,w25rest,0.01,EAS,0.675433798971401,0.0244973673561925,0.628230891943774,0.723902179236326
Asthma,multi,w25rest,0.01,AFR,0.599799902805001,0.0339459003794758,0.532942851074407,0.667560057129503
Asthma,multi,w25rest,0.01,CSA,0.742797364871233,0.0243164287751191,0.696856250283585,0.789461391142082
Asthma,multi,w25rest,0.01,AMR,0.737334826548864,0.0221500044089069,0.69518060722566,0.78159679186059
Asthma,multi,w25rest,0.1,MELD_lambda0_true,0.854181022590237,0.0158686121295225,0.82225513138002,0.884072265085745
Asthma,multi,w25rest,0.1,MELD_lambda0_equal,0.85374695942986,0.0154948785625532,0.823440187298423,0.885304836579695
Asthma,multi,w25rest,0.1,MELD_lambda1_true,0.85108884356467,0.0153695382148288,0.821808898318829,0.880109426274128
Asthma,multi,w25rest,0.1,MELD_lambda0_scrambled,0.854086529210071,0.0157151490854966,0.824893006828285,0.885049947470202
Asthma,multi,w25rest,0.1,EUR,0.785004697808316,0.019349449966896,0.746485097296512,0.821675459292361
Asthma,multi,w25rest,0.1,EAS,0.731914106791471,0.0211679871038249,0.692503135137478,0.775067003474265
Asthma,multi,w25rest,0.1,AFR,0.666593506279126,0.0278904032019836,0.613918111395349,0.723457176444122
Asthma,multi,w25rest,0.1,CSA,0.782518394453673,0.0210571830761915,0.741767528484582,0.823771624872159
Asthma,multi,w25rest,0.1,AMR,0.773237257274832,0.0184578965880737,0.736332213942477,0.809893058681206
Asthma,multi,w50rest,0.001,MELD_lambda0_true,0.850048522007575,0.0152111538775454,0.821597477677944,0.882013386261673
Asthma,multi,w50rest,0.001,MELD_lambda0_equal,0.84692951305646,0.013439094846077,0.820355149189307,0.872198959937107
Asthma,multi,w50rest,0.001,MELD_lambda1_true,0.850650090680464,0.0148039269458478,0.821288021235728,0.880044247853806
Asthma,multi,w50rest,0.001,MELD_lambda0_scrambled,0.850048522007575,0.0146173565805489,0.822004092392822,0.8794217883411
Asthma,multi,w50rest,0.001,EUR,0.680252458978203,0.0289315424595976,0.625155909360199,0.740547122358457
Asthma,multi,w50rest,0.001,EAS,0.477365654731989,0.0330699644440721,0.409363388860914,0.537581279953074
Asthma,multi,w50rest,0.001,AFR,0.458832842439708,0.0424932364252114,0.377474499059385,0.546267020235864
Asthma,multi,w50rest,0.001,CSA,0.626890516081601,0.0277775095876588,0.575447749337312,0.684336926166646
Asthma,multi,w50rest,0.001,AMR,0.648307514075651,0.0293370770353701,0.591694353299722,0.706179103546239
Asthma,multi,w50rest,0.01,MELD_lambda0_true,0.876570353684483,0.0125972403633418,0.851709456648754,0.900053107408981
Asthma,multi,w50rest,0.01,MELD_lambda0_equal,0.872034217449246,0.0124260236714353,0.847040901932119,0.895931496498688
Asthma,multi,w50rest,0.01,MELD_lambda1_true,0.87570779428152,0.0127053938371619,0.850574898188145,0.899938940327843
Asthma,multi,w50rest,0.01,MELD_lambda0_scrambled,0.876570353684483,0.0121962361896709,0.852557683582243,0.899676477401378
Asthma,multi,w50rest,0.01,EUR,0.802431743097764,0.0196990861310669,0.764607469393734,0.841650655791636
Asthma,multi,w50rest,0.01,EAS,0.688311767538245,0.0267882659196943,0.635718340626726,0.741681530196927
Asthma,multi,w50rest,0.01,AFR,0.595669653932198,0.0366768564377949,0.521127751568183,0.666303930532448
Asthma,multi,w50rest,0.01,CSA,0.772190084412479,0.020620426691078,0.730888817497696,0.812777877894552
Asthma,multi,w50rest,0.01,AMR,0.757745890748668,0.0237809547106934,0.709476649045094,0.803968779657068
Asthma,multi,w50rest,0.1,MELD_lambda0_true,0.876934415421812,0.0118217231805456,0.852725520788074,0.899905412434373
Asthma,multi,w50rest,0.1,MELD_lambda0_equal,0.873132605830618,0.0122666108996315,0.848122610649293,0.89699694132192
Asthma,multi,w50rest,0.1,MELD_lambda1_true,0.875365197736134,0.01205128450054,0.851839235526387,0.898508496309932
Asthma,multi,w50rest,0.1,MELD_lambda0_scrambled,0.876934415421812,0.0116289495217902,0.854692579646097,0.900052189241917
Asthma,multi,w50rest,0.1,EUR,0.83622549957373,0.0143428714571868,0.808774979792625,0.864362257149156
Asthma,multi,w50rest,0.1,EAS,0.748177037407832,0.0199917041909871,0.709808932026022,0.786860962553881
Asthma,multi,w50rest,0.1,AFR,0.666208118930448,0.0299031986023762,0.609239773948527,0.722968478057928
Asthma,multi,w50rest,0.1,CSA,0.81126870795033,0.0166581918374428,0.777182722190271,0.841748589634791
Asthma,multi,w50rest,0.1,AMR,0.793137031929864,0.0192027774954885,0.755128223229468,0.829674563122849
