trait,chr,block_id,candidate,delta,r2,m
Asthma,22,1,MELD_lambda0_afproj,0.001,0.857046046650669,92
Asthma,22,1,MELD_lambda0_reportN,0.001,0.854772582111207,92
Asthma,22,1,MELD_lambda0_equal,0.001,0.851885540785948,92
Asthma,22,1,MELD_lambda1_afproj,0.001,0.851972973265279,92
Asthma,22,1,EUR,0.001,0.802728411877873,92
Asthma,22,1,EAS,0.001,0.686470504898128,92
Asthma,22,1,AFR,0.001,0.59405259114423,92
Asthma,22,1,CSA,0.001,0.828854122761218,92
Asthma,22,1,AMR,0.001,0.815272181834247,92
Asthma,22,1,MID,0.001,0.856728519972287,92
Asthma,22,1,MELD_lambda0_afproj,0.01,0.852537954940635,92
Asthma,22,1,MELD_lambda0_reportN,0.01,0.850812926061227,92
Asthma,22,1,MELD_lambda0_equal,0.01,0.849830066552203,92
Asthma,22,1,MELD_lambda1_afproj,0.01,0.848186140748031,92
Asthma,22,1,EUR,0.01,0.847404708038865,92
Asthma,22,1,EAS,0.01,0.802160535358345,92
Asthma,22,1,AFR,0.01,0.607179073228005,92
Asthma,22,1,CSA,0.01,0.876310122366184,92
Asthma,22,1,AMR,0.01,0.815490051487857,92
Asthma,22,1,MID,0.01,0.851872506718647,92
Asthma,22,1,MELD_lambda0_afproj,0.1,0.844025180743679,92
Asthma,22,1,MELD_lambda0_reportN,0.1,0.843468822750715,92
Asthma,22,1,MELD_lambda0_equal,0.1,0.850828848280905,92
Asthma,22,1,MELD_lambda1_afproj,0.1,0.841552832417477,92
Asthma,22,1,EUR,0.1,0.838643116615356,92
Asthma,22,1,EAS,0.1,0.80060151789869,92
Asthma,22,1,AFR,0.1,0.618147537165951,92
Asthma,22,1,CSA,0.1,0.873514720898366,92
Asthma,22,1,AMR,0.1,0.821391473351971,92
Asthma,22,1,MID,0.1,0.855652934877539,92
Asthma,22,2,MELD_lambda0_afproj,0.001,0.959010211541164,46
Asthma,22,2,MELD_lambda0_reportN,0.001,0.958355023461695,46
Asthma,22,2,MELD_lambda0_equal,0.001,0.952034792793164,46
Asthma,22,2,MELD_lambda1_afproj,0.001,0.958934197050455,46
Asthma,22,2,EUR,0.001,0.956831126589605,46
Asthma,22,2,EAS,0.001,0.800422818204012,46
Asthma,22,2,AFR,0.001,0.907390611236417,46
Asthma,22,2,CSA,0.001,0.957905175643812,46
Asthma,22,2,AMR,0.001,0.946782954313985,46
Asthma,22,2,MID,0.001,0.950295978339611,46
Asthma,22,2,MELD_lambda0_afproj,0.01,0.960206598021609,46
Asthma,22,2,MELD_lambda0_reportN,0.01,0.959706236267434,46
Asthma,22,2,MELD_lambda0_equal,0.01,0.951982598019329,46
Asthma,22,2,MELD_lambda1_afproj,0.01,0.960546669974773,46
Asthma,22,2,EUR,0.01,0.959178013582256,46
Asthma,22,2,EAS,0.01,0.799322871583731,46
Asthma,22,2,AFR,0.01,0.906734169808578,46
Asthma,22,2,CSA,0.01,0.960474766219143,46
Asthma,22,2,AMR,0.01,0.947614759013385,46
Asthma,22,2,MID,0.01,0.949885426120503,46
Asthma,22,2,MELD_lambda0_afproj,0.1,0.960900863044171,46
Asthma,22,2,MELD_lambda0_reportN,0.1,0.960825040355413,46
Asthma,22,2,MELD_lambda0_equal,0.1,0.950029635412966,46
Asthma,22,2,MELD_lambda1_afproj,0.1,0.962614622272387,46
Asthma,22,2,EUR,0.1,0.960263533790408,46
Asthma,22,2,EAS,0.1,0.786132657178062,46
Asthma,22,2,AFR,0.1,0.895825162716347,46
Asthma,22,2,CSA,0.1,0.957177203394858,46
Asthma,22,2,AMR,0.1,0.948455411409645,46
Asthma,22,2,MID,0.1,0.945333537880391,46
Asthma,22,4,MELD_lambda0_afproj,0.001,0.726082777547783,195
Asthma,22,4,MELD_lambda0_reportN,0.001,0.729894617038584,195
Asthma,22,4,MELD_lambda0_equal,0.001,0.760538068758413,195
Asthma,22,4,MELD_lambda1_afproj,0.001,0.742858977747437,195
Asthma,22,4,EUR,0.001,0.614270433960414,195
Asthma,22,4,EAS,0.001,0.472695370029854,195
Asthma,22,4,AFR,0.001,0.622836332982951,195
Asthma,22,4,CSA,0.001,0.621754577343308,195
Asthma,22,4,AMR,0.001,0.525027881238563,195
Asthma,22,4,MID,0.001,0.749122288263424,195
Asthma,22,4,MELD_lambda0_afproj,0.01,0.808192266413589,195
Asthma,22,4,MELD_lambda0_reportN,0.01,0.806994266840704,195
Asthma,22,4,MELD_lambda0_equal,0.01,0.769675746260663,195
Asthma,22,4,MELD_lambda1_afproj,0.01,0.811805733374796,195
Asthma,22,4,EUR,0.01,0.803582312294671,195
Asthma,22,4,EAS,0.01,0.610845452753487,195
Asthma,22,4,AFR,0.01,0.638093259131035,195
Asthma,22,4,CSA,0.01,0.719346333158071,195
Asthma,22,4,AMR,0.01,0.752849812802773,195
Asthma,22,4,MID,0.01,0.772330907663142,195
Asthma,22,4,MELD_lambda0_afproj,0.1,0.819110445741228,195
Asthma,22,4,MELD_lambda0_reportN,0.1,0.818873105356018,195
Asthma,22,4,MELD_lambda0_equal,0.1,0.774580222464056,195
Asthma,22,4,MELD_lambda1_afproj,0.1,0.822284577397281,195
Asthma,22,4,EUR,0.1,0.835708531772444,195
Asthma,22,4,EAS,0.1,0.587415530758447,195
Asthma,22,4,AFR,0.1,0.654171867515559,195
Asthma,22,4,CSA,0.1,0.746581475452464,195
Asthma,22,4,AMR,0.1,0.801391789513416,195
Asthma,22,4,MID,0.1,0.7660885632707,195
Asthma,22,5,MELD_lambda0_afproj,0.001,0.949130472917029,86
Asthma,22,5,MELD_lambda0_reportN,0.001,0.94523945568426,86
Asthma,22,5,MELD_lambda0_equal,0.001,0.965286751557811,86
Asthma,22,5,MELD_lambda1_afproj,0.001,0.950098850851782,86
Asthma,22,5,EUR,0.001,0.903334871565177,86
Asthma,22,5,EAS,0.001,0.825577519132442,86
Asthma,22,5,AFR,0.001,0.887606672997848,86
Asthma,22,5,CSA,0.001,0.910228088613122,86
Asthma,22,5,AMR,0.001,0.91357095392055,86
Asthma,22,5,MID,0.001,0.96994128830422,86
Asthma,22,5,MELD_lambda0_afproj,0.01,0.977774451200387,86
Asthma,22,5,MELD_lambda0_reportN,0.01,0.976896331014088,86
Asthma,22,5,MELD_lambda0_equal,0.01,0.968643136344014,86
Asthma,22,5,MELD_lambda1_afproj,0.01,0.977869629500163,86
Asthma,22,5,EUR,0.01,0.981637611309321,86
Asthma,22,5,EAS,0.01,0.921264035801471,86
Asthma,22,5,AFR,0.01,0.898641390867528,86
Asthma,22,5,CSA,0.01,0.972493207473489,86
Asthma,22,5,AMR,0.01,0.976190891995467,86
Asthma,22,5,MID,0.01,0.969013663936711,86
Asthma,22,5,MELD_lambda0_afproj,0.1,0.977374903733125,86
Asthma,22,5,MELD_lambda0_reportN,0.1,0.977277292649812,86
Asthma,22,5,MELD_lambda0_equal,0.1,0.968864447495884,86
Asthma,22,5,MELD_lambda1_afproj,0.1,0.977466114426181,86
Asthma,22,5,EUR,0.1,0.979433038294901,86
Asthma,22,5,EAS,0.1,0.934669698536322,86
Asthma,22,5,AFR,0.1,0.896205231037638,86
Asthma,22,5,CSA,0.1,0.972984444809204,86
Asthma,22,5,AMR,0.1,0.976742274654145,86
Asthma,22,5,MID,0.1,0.967483870105009,86
Asthma,22,6,MELD_lambda0_afproj,0.001,0.852222567718768,31
Asthma,22,6,MELD_lambda0_reportN,0.001,0.848777224240151,31
Asthma,22,6,MELD_lambda0_equal,0.001,0.832824600925821,31
Asthma,22,6,MELD_lambda1_afproj,0.001,0.880317845817959,31
Asthma,22,6,EUR,0.001,0.864501869747548,31
Asthma,22,6,EAS,0.001,0.679844227342424,31
Asthma,22,6,AFR,0.001,0.768673693778595,31
Asthma,22,6,CSA,0.001,0.882151594439521,31
Asthma,22,6,AMR,0.001,0.859771940344383,31
Asthma,22,6,MID,0.001,0.842806968664599,31
Asthma,22,6,MELD_lambda0_afproj,0.01,0.848299741878258,31
Asthma,22,6,MELD_lambda0_reportN,0.01,0.844984141352655,31
Asthma,22,6,MELD_lambda0_equal,0.01,0.828533977035642,31
Asthma,22,6,MELD_lambda1_afproj,0.01,0.877485528971759,31
Asthma,22,6,EUR,0.01,0.856665289346528,31
Asthma,22,6,EAS,0.01,0.679192437347827,31
Asthma,22,6,AFR,0.01,0.772106340397512,31
Asthma,22,6,CSA,0.01,0.88122633239617,31
Asthma,22,6,AMR,0.01,0.856040526738725,31
Asthma,22,6,MID,0.01,0.839859758979633,31
Asthma,22,6,MELD_lambda0_afproj,0.1,0.806073719045043,31
Asthma,22,6,MELD_lambda0_reportN,0.1,0.802860260804763,31
Asthma,22,6,MELD_lambda0_equal,0.1,0.784513060562204,31
Asthma,22,6,MELD_lambda1_afproj,0.1,0.841614082312775,31
Asthma,22,6,EUR,0.1,0.81779688064854,31
Asthma,22,6,EAS,0.1,0.682226615225442,31
Asthma,22,6,AFR,0.1,0.78847412602649,31
Asthma,22,6,CSA,0.1,0.868715594156229,31
Asthma,22,6,AMR,0.1,0.805138245923844,31
Asthma,22,6,MID,0.1,0.808976555766722,31
Asthma,22,7,MELD_lambda0_afproj,0.001,0.849824942194565,293
Asthma,22,7,MELD_lambda0_reportN,0.001,0.849003923250745,293
Asthma,22,7,MELD_lambda0_equal,0.001,0.907131650312165,293
Asthma,22,7,MELD_lambda1_afproj,0.001,0.855327450969145,293
Asthma,22,7,EUR,0.001,0.806182358010191,293
Asthma,22,7,EAS,0.001,0.727058338971838,293
Asthma,22,7,AFR,0.001,0.504439761578744,293
Asthma,22,7,CSA,0.001,0.686371007904321,293
Asthma,22,7,AMR,0.001,0.812953924769295,293
Asthma,22,7,MID,0.001,0.636316684802145,293
Asthma,22,7,MELD_lambda0_afproj,0.01,0.938875170937202,293
Asthma,22,7,MELD_lambda0_reportN,0.01,0.93896479808922,293
Asthma,22,7,MELD_lambda0_equal,0.01,0.930725782208696,293
Asthma,22,7,MELD_lambda1_afproj,0.01,0.938496771795982,293
Asthma,22,7,EUR,0.01,0.921824962673978,293
Asthma,22,7,EAS,0.01,0.892882734365521,293
Asthma,22,7,AFR,0.01,0.82012458004048,293
Asthma,22,7,CSA,0.01,0.87013405159518,293
Asthma,22,7,AMR,0.01,0.908903840277386,293
Asthma,22,7,MID,0.01,0.886629982109499,293
Asthma,22,7,MELD_lambda0_afproj,0.1,0.936967440262814,293
Asthma,22,7,MELD_lambda0_reportN,0.1,0.937402955750739,293
Asthma,22,7,MELD_lambda0_equal,0.1,0.927374758497152,293
Asthma,22,7,MELD_lambda1_afproj,0.1,0.937119701735524,293
Asthma,22,7,EUR,0.1,0.928764924950361,293
Asthma,22,7,EAS,0.1,0.882898841607888,293
Asthma,22,7,AFR,0.1,0.850093259465593,293
Asthma,22,7,CSA,0.1,0.899976290210389,293
Asthma,22,7,AMR,0.1,0.926518711725474,293
Asthma,22,7,MID,0.1,0.916885640382867,293
Asthma,22,8,MELD_lambda0_afproj,0.001,0.70250576543706,106
Asthma,22,8,MELD_lambda0_reportN,0.001,0.703736185380501,106
Asthma,22,8,MELD_lambda0_equal,0.001,0.669922091661064,106
Asthma,22,8,MELD_lambda1_afproj,0.001,0.701499531420061,106
Asthma,22,8,EUR,0.001,0.406892119813329,106
Asthma,22,8,EAS,0.001,0.466436290619289,106
Asthma,22,8,AFR,0.001,0.406457328538362,106
Asthma,22,8,CSA,0.001,0.634630014027183,106
Asthma,22,8,AMR,0.001,0.692188164495818,106
Asthma,22,8,MID,0.001,0.630829635977018,106
Asthma,22,8,MELD_lambda0_afproj,0.01,0.695761827653746,106
Asthma,22,8,MELD_lambda0_reportN,0.01,0.696623929147616,106
Asthma,22,8,MELD_lambda0_equal,0.01,0.66887419939433,106
Asthma,22,8,MELD_lambda1_afproj,0.01,0.693588220859493,106
Asthma,22,8,EUR,0.01,0.619299534243951,106
Asthma,22,8,EAS,0.01,0.613376356455386,106
Asthma,22,8,AFR,0.01,0.421319550577721,106
Asthma,22,8,CSA,0.01,0.639250855274239,106
Asthma,22,8,AMR,0.01,0.706300980173108,106
Asthma,22,8,MID,0.01,0.629446159095657,106
Asthma,22,8,MELD_lambda0_afproj,0.1,0.672929102163674,106
Asthma,22,8,MELD_lambda0_reportN,0.1,0.674628551559059,106
Asthma,22,8,MELD_lambda0_equal,0.1,0.651150448806505,106
Asthma,22,8,MELD_lambda1_afproj,0.1,0.666558024662229,106
Asthma,22,8,EUR,0.1,0.648051673082695,106
Asthma,22,8,EAS,0.1,0.579927057819666,106
Asthma,22,8,AFR,0.1,0.451921691288296,106
Asthma,22,8,CSA,0.1,0.621684694305479,106
Asthma,22,8,AMR,0.1,0.658497426985769,106
Asthma,22,8,MID,0.1,0.607145294889207,106
Asthma,22,10,MELD_lambda0_afproj,0.001,0.862162698546977,224
Asthma,22,10,MELD_lambda0_reportN,0.001,0.859128160885706,224
Asthma,22,10,MELD_lambda0_equal,0.001,0.938336794754008,224
Asthma,22,10,MELD_lambda1_afproj,0.001,0.829642466640782,224
Asthma,22,10,EUR,0.001,0.763487158449027,224
Asthma,22,10,EAS,0.001,0.473011314921231,224
Asthma,22,10,AFR,0.001,0.792650678603011,224
Asthma,22,10,CSA,0.001,0.694838334448815,224
Asthma,22,10,AMR,0.001,0.687179068306764,224
Asthma,22,10,MID,0.001,0.900737580150299,224
Asthma,22,10,MELD_lambda0_afproj,0.01,0.938784088192031,224
Asthma,22,10,MELD_lambda0_reportN,0.01,0.938949453654044,224
Asthma,22,10,MELD_lambda0_equal,0.01,0.941027965550416,224
Asthma,22,10,MELD_lambda1_afproj,0.01,0.93483121118362,224
Asthma,22,10,EUR,0.01,0.932610324711088,224
Asthma,22,10,EAS,0.01,0.815681968685692,224
Asthma,22,10,AFR,0.01,0.907119953280725,224
Asthma,22,10,CSA,0.01,0.905513345931068,224
Asthma,22,10,AMR,0.01,0.919692484066599,224
Asthma,22,10,MID,0.01,0.931690869393361,224
Asthma,22,10,MELD_lambda0_afproj,0.1,0.943718082396911,224
Asthma,22,10,MELD_lambda0_reportN,0.1,0.943612321202679,224
Asthma,22,10,MELD_lambda0_equal,0.1,0.939596685803154,224
Asthma,22,10,MELD_lambda1_afproj,0.1,0.944842440789056,224
Asthma,22,10,EUR,0.1,0.941289647375024,224
Asthma,22,10,EAS,0.1,0.865352377487279,224
Asthma,22,10,AFR,0.1,0.915267652403411,224
Asthma,22,10,CSA,0.1,0.926483678886428,224
Asthma,22,10,AMR,0.1,0.945085386366985,224
Asthma,22,10,MID,0.1,0.926506646204691,224
Asthma,22,11,MELD_lambda0_afproj,0.001,0.843934640244155,163
Asthma,22,11,MELD_lambda0_reportN,0.001,0.849055280592585,163
Asthma,22,11,MELD_lambda0_equal,0.001,0.911626847148735,163
Asthma,22,11,MELD_lambda1_afproj,0.001,0.860391894439717,163
Asthma,22,11,EUR,0.001,0.847136630422962,163
Asthma,22,11,EAS,0.001,0.624414114519511,163
Asthma,22,11,AFR,0.001,0.682801606424177,163
Asthma,22,11,CSA,0.001,0.762754183414604,163
Asthma,22,11,AMR,0.001,0.788474530360572,163
Asthma,22,11,MID,0.001,0.821902724064156,163
Asthma,22,11,MELD_lambda0_afproj,0.01,0.94647814067459,163
Asthma,22,11,MELD_lambda0_reportN,0.01,0.946917132922753,163
Asthma,22,11,MELD_lambda0_equal,0.01,0.917589671233697,163
Asthma,22,11,MELD_lambda1_afproj,0.01,0.949226514072143,163
Asthma,22,11,EUR,0.01,0.937620393061512,163
Asthma,22,11,EAS,0.01,0.825327858934375,163
Asthma,22,11,AFR,0.01,0.815171798472521,163
Asthma,22,11,CSA,0.01,0.891567216029021,163
Asthma,22,11,AMR,0.01,0.92197638915873,163
Asthma,22,11,MID,0.01,0.904753276642716,163
Asthma,22,11,MELD_lambda0_afproj,0.1,0.944852321518684,163
Asthma,22,11,MELD_lambda0_reportN,0.1,0.944955938160667,163
Asthma,22,11,MELD_lambda0_equal,0.1,0.91188122945543,163
Asthma,22,11,MELD_lambda1_afproj,0.1,0.945937167291638,163
Asthma,22,11,EUR,0.1,0.937910924513554,163
Asthma,22,11,EAS,0.1,0.82689871824925,163
Asthma,22,11,AFR,0.1,0.801929350763872,163
Asthma,22,11,CSA,0.1,0.88829733885652,163
Asthma,22,11,AMR,0.1,0.922746457822174,163
Asthma,22,11,MID,0.1,0.901431441644816,163
Asthma,22,12,MELD_lambda0_afproj,0.001,0.703915941184023,55
Asthma,22,12,MELD_lambda0_reportN,0.001,0.705693019936517,55
Asthma,22,12,MELD_lambda0_equal,0.001,0.799483533950628,55
Asthma,22,12,MELD_lambda1_afproj,0.001,0.729012362540389,55
Asthma,22,12,EUR,0.001,0.570528625810131,55
Asthma,22,12,EAS,0.001,0.393783618434182,55
Asthma,22,12,AFR,0.001,0.699838820257985,55
Asthma,22,12,CSA,0.001,0.530943724440135,55
Asthma,22,12,AMR,0.001,0.802577066051805,55
Asthma,22,12,MID,0.001,0.724129964160014,55
Asthma,22,12,MELD_lambda0_afproj,0.01,0.805096257870515,55
Asthma,22,12,MELD_lambda0_reportN,0.01,0.805433032638212,55
Asthma,22,12,MELD_lambda0_equal,0.01,0.807344853403179,55
Asthma,22,12,MELD_lambda1_afproj,0.01,0.802523637725262,55
Asthma,22,12,EUR,0.01,0.755054405411556,55
Asthma,22,12,EAS,0.01,0.619607101609541,55
Asthma,22,12,AFR,0.01,0.725242625376519,55
Asthma,22,12,CSA,0.01,0.726637295367763,55
Asthma,22,12,AMR,0.01,0.810377671347828,55
Asthma,22,12,MID,0.01,0.840770722844633,55
Asthma,22,12,MELD_lambda0_afproj,0.1,0.783411742955493,55
Asthma,22,12,MELD_lambda0_reportN,0.1,0.78339107070258,55
Asthma,22,12,MELD_lambda0_equal,0.1,0.805539323579153,55
Asthma,22,12,MELD_lambda1_afproj,0.1,0.77935977312099,55
Asthma,22,12,EUR,0.1,0.732383477310107,55
Asthma,22,12,EAS,0.1,0.695438725449219,55
Asthma,22,12,AFR,0.1,0.733522792975473,55
Asthma,22,12,CSA,0.1,0.76207853517556,55
Asthma,22,12,AMR,0.1,0.771903156867094,55
Asthma,22,12,MID,0.1,0.830227227222013,55
Asthma,22,13,MELD_lambda0_afproj,0.001,0.893854020208699,95
Asthma,22,13,MELD_lambda0_reportN,0.001,0.893344308451726,95
Asthma,22,13,MELD_lambda0_equal,0.001,0.955505602415128,95
Asthma,22,13,MELD_lambda1_afproj,0.001,0.90342421199804,95
Asthma,22,13,EUR,0.001,0.89021795358946,95
Asthma,22,13,EAS,0.001,0.830508934055985,95
Asthma,22,13,AFR,0.001,0.920978451080373,95
Asthma,22,13,CSA,0.001,0.939827595677733,95
Asthma,22,13,AMR,0.001,0.901319951501126,95
Asthma,22,13,MID,0.001,0.93419191740439,95
Asthma,22,13,MELD_lambda0_afproj,0.01,0.974337246817093,95
Asthma,22,13,MELD_lambda0_reportN,0.01,0.973579928318954,95
Asthma,22,13,MELD_lambda0_equal,0.01,0.961523862538635,95
Asthma,22,13,MELD_lambda1_afproj,0.01,0.974452719307066,95
Asthma,22,13,EUR,0.01,0.972486369922556,95
Asthma,22,13,EAS,0.01,0.952382972456223,95
Asthma,22,13,AFR,0.01,0.927712628755601,95
Asthma,22,13,CSA,0.01,0.969973010434371,95
Asthma,22,13,AMR,0.01,0.963977294252821,95
Asthma,22,13,MID,0.01,0.957952979989701,95
Asthma,22,13,MELD_lambda0_afproj,0.1,0.975120009827824,95
Asthma,22,13,MELD_lambda0_reportN,0.1,0.97504942326519,95
Asthma,22,13,MELD_lambda0_equal,0.1,0.962197607645095,95
Asthma,22,13,MELD_lambda1_afproj,0.1,0.97486668999133,95
Asthma,22,13,EUR,0.1,0.968272380948873,95
Asthma,22,13,EAS,0.1,0.950103317015864,95
Asthma,22,13,AFR,0.1,0.921434378258884,95
Asthma,22,13,CSA,0.1,0.975874169902,95
Asthma,22,13,AMR,0.1,0.97075677146445,95
Asthma,22,13,MID,0.1,0.960287112127161,95
Asthma,22,14,MELD_lambda0_afproj,0.001,0.949534185943529,79
Asthma,22,14,MELD_lambda0_reportN,0.001,0.945748835257029,79
Asthma,22,14,MELD_lambda0_equal,0.001,0.953214117960252,79
Asthma,22,14,MELD_lambda1_afproj,0.001,0.960284968990716,79
Asthma,22,14,EUR,0.001,0.736570334986831,79
Asthma,22,14,EAS,0.001,0.911046084661829,79
Asthma,22,14,AFR,0.001,0.911912775297514,79
Asthma,22,14,CSA,0.001,0.811035961849766,79
Asthma,22,14,AMR,0.001,0.9329264439325,79
Asthma,22,14,MID,0.001,0.897337542850149,79
Asthma,22,14,MELD_lambda0_afproj,0.01,0.94842937648173,79
Asthma,22,14,MELD_lambda0_reportN,0.01,0.947380380022436,79
Asthma,22,14,MELD_lambda0_equal,0.01,0.947899803504515,79
Asthma,22,14,MELD_lambda1_afproj,0.01,0.956957307716586,79
Asthma,22,14,EUR,0.01,0.851821592635778,79
Asthma,22,14,EAS,0.01,0.901543046074919,79
Asthma,22,14,AFR,0.01,0.913879545612842,79
Asthma,22,14,CSA,0.01,0.90541900881986,79
Asthma,22,14,AMR,0.01,0.929442775577452,79
Asthma,22,14,MID,0.01,0.908983135018976,79
Asthma,22,14,MELD_lambda0_afproj,0.1,0.935756224238961,79
Asthma,22,14,MELD_lambda0_reportN,0.1,0.93554953320419,79
Asthma,22,14,MELD_lambda0_equal,0.1,0.933163261635843,79
Asthma,22,14,MELD_lambda1_afproj,0.1,0.942716934500539,79
Asthma,22,14,EUR,0.1,0.878636573189906,79
Asthma,22,14,EAS,0.1,0.878968525013314,79
Asthma,22,14,AFR,0.1,0.903153424969138,79
Asthma,22,14,CSA,0.1,0.921426944513245,79
Asthma,22,14,AMR,0.1,0.914047693360165,79
Asthma,22,14,MID,0.1,0.900973619821847,79
Asthma,22,16,MELD_lambda0_afproj,0.001,0.871925444028473,51
Asthma,22,16,MELD_lambda0_reportN,0.001,0.868765172216383,51
Asthma,22,16,MELD_lambda0_equal,0.001,0.86920539728246,51
Asthma,22,16,MELD_lambda1_afproj,0.001,0.886050632200151,51
Asthma,22,16,EUR,0.001,0.799662740881911,51
Asthma,22,16,EAS,0.001,0.867529989786241,51
Asthma,22,16,AFR,0.001,0.830802548005329,51
Asthma,22,16,CSA,0.001,0.863475453282645,51
Asthma,22,16,AMR,0.001,0.843019765728653,51
Asthma,22,16,MID,0.001,0.869872963605548,51
Asthma,22,16,MELD_lambda0_afproj,0.01,0.869704025287176,51
Asthma,22,16,MELD_lambda0_reportN,0.01,0.866526644751177,51
Asthma,22,16,MELD_lambda0_equal,0.01,0.868556640439767,51
Asthma,22,16,MELD_lambda1_afproj,0.01,0.890671562578924,51
Asthma,22,16,EUR,0.01,0.873169846454752,51
Asthma,22,16,EAS,0.01,0.89089289214917,51
Asthma,22,16,AFR,0.01,0.830408012800986,51
Asthma,22,16,CSA,0.01,0.86480058993674,51
Asthma,22,16,AMR,0.01,0.868898882027646,51
Asthma,22,16,MID,0.01,0.876143300785706,51
Asthma,22,16,MELD_lambda0_afproj,0.1,0.852445685091765,51
Asthma,22,16,MELD_lambda0_reportN,0.1,0.850465001749135,51
Asthma,22,16,MELD_lambda0_equal,0.1,0.865374565521731,51
Asthma,22,16,MELD_lambda1_afproj,0.1,0.874249828370027,51
Asthma,22,16,EUR,0.1,0.84439577441033,51
Asthma,22,16,EAS,0.1,0.880674088925152,51
Asthma,22,16,AFR,0.1,0.829590780906063,51
Asthma,22,16,CSA,0.1,0.864378032950718,51
Asthma,22,16,AMR,0.1,0.882401300744034,51
Asthma,22,16,MID,0.1,0.873698663721076,51
Asthma,22,17,MELD_lambda0_afproj,0.001,0.923616084417026,90
Asthma,22,17,MELD_lambda0_reportN,0.001,0.922379783042107,90
Asthma,22,17,MELD_lambda0_equal,0.001,0.945619459146337,90
Asthma,22,17,MELD_lambda1_afproj,0.001,0.928224713552463,90
Asthma,22,17,EUR,0.001,0.892184720617246,90
Asthma,22,17,EAS,0.001,0.707487353067901,90
Asthma,22,17,AFR,0.001,0.760783664792885,90
Asthma,22,17,CSA,0.001,0.908854220541437,90
Asthma,22,17,AMR,0.001,0.800182563679072,90
Asthma,22,17,MID,0.001,0.822924621065697,90
Asthma,22,17,MELD_lambda0_afproj,0.01,0.949023308871949,90
Asthma,22,17,MELD_lambda0_reportN,0.01,0.950044586355018,90
Asthma,22,17,MELD_lambda0_equal,0.01,0.947147553632018,90
Asthma,22,17,MELD_lambda1_afproj,0.01,0.950936433802655,90
Asthma,22,17,EUR,0.01,0.943824647498816,90
Asthma,22,17,EAS,0.01,0.909125471015986,90
Asthma,22,17,AFR,0.01,0.880533395389255,90
Asthma,22,17,CSA,0.01,0.95206703304657,90
Asthma,22,17,AMR,0.01,0.940161015780099,90
Asthma,22,17,MID,0.01,0.889765039824657,90
Asthma,22,17,MELD_lambda0_afproj,0.1,0.950218220419645,90
Asthma,22,17,MELD_lambda0_reportN,0.1,0.950795238011702,90
Asthma,22,17,MELD_lambda0_equal,0.1,0.948780188648855,90
Asthma,22,17,MELD_lambda1_afproj,0.1,0.952093872109389,90
Asthma,22,17,EUR,0.1,0.944424486669082,90
Asthma,22,17,EAS,0.1,0.93797234160026,90
Asthma,22,17,AFR,0.1,0.908879565930452,90
Asthma,22,17,CSA,0.1,0.946506278086437,90
Asthma,22,17,AMR,0.1,0.955249829939842,90
Asthma,22,17,MID,0.1,0.904283674629704,90
Asthma,22,19,MELD_lambda0_afproj,0.001,0.657557954440192,218
Asthma,22,19,MELD_lambda0_reportN,0.001,0.642626174760121,218
Asthma,22,19,MELD_lambda0_equal,0.001,0.844465864442173,218
Asthma,22,19,MELD_lambda1_afproj,0.001,0.663351667136976,218
Asthma,22,19,EUR,0.001,0.613962729667736,218
Asthma,22,19,EAS,0.001,0.384729106620549,218
Asthma,22,19,AFR,0.001,0.607726275811258,218
Asthma,22,19,CSA,0.001,0.656927665048772,218
Asthma,22,19,AMR,0.001,0.532338671274828,218
Asthma,22,19,MID,0.001,0.614242522562182,218
Asthma,22,19,MELD_lambda0_afproj,0.01,0.858471079139586,218
Asthma,22,19,MELD_lambda0_reportN,0.01,0.858867314755346,218
Asthma,22,19,MELD_lambda0_equal,0.01,0.847643942482468,218
Asthma,22,19,MELD_lambda1_afproj,0.01,0.854297713945238,218
Asthma,22,19,EUR,0.01,0.862777805614711,218
Asthma,22,19,EAS,0.01,0.676650233803304,218
Asthma,22,19,AFR,0.01,0.790842524192727,218
Asthma,22,19,CSA,0.01,0.778671767099304,218
Asthma,22,19,AMR,0.01,0.831445087260899,218
Asthma,22,19,MID,0.01,0.821009347109081,218
Asthma,22,19,MELD_lambda0_afproj,0.1,0.854466817510065,218
Asthma,22,19,MELD_lambda0_reportN,0.1,0.854922969576283,218
Asthma,22,19,MELD_lambda0_equal,0.1,0.836849558027434,218
Asthma,22,19,MELD_lambda1_afproj,0.1,0.850410458245631,218
Asthma,22,19,EUR,0.1,0.850060077007246,218
Asthma,22,19,EAS,0.1,0.748209619063865,218
Asthma,22,19,AFR,0.1,0.795071095434599,218
Asthma,22,19,CSA,0.1,0.769035468462448,218
Asthma,22,19,AMR,0.1,0.841681204514527,218
Asthma,22,19,MID,0.1,0.834180464855628,218
Asthma,22,20,MELD_lambda0_afproj,0.001,0.960165507550979,110
Asthma,22,20,MELD_lambda0_reportN,0.001,0.960120673805429,110
Asthma,22,20,MELD_lambda0_equal,0.001,0.963084214575273,110
Asthma,22,20,MELD_lambda1_afproj,0.001,0.952389125092438,110
Asthma,22,20,EUR,0.001,0.952228820769436,110
Asthma,22,20,EAS,0.001,0.763629446862068,110
Asthma,22,20,AFR,0.001,0.723244095718922,110
Asthma,22,20,CSA,0.001,0.8645400654796,110
Asthma,22,20,AMR,0.001,0.975886230880029,110
Asthma,22,20,MID,0.001,0.928754273267696,110
Asthma,22,20,MELD_lambda0_afproj,0.01,0.982334797208696,110
Asthma,22,20,MELD_lambda0_reportN,0.01,0.982440540201876,110
Asthma,22,20,MELD_lambda0_equal,0.01,0.981170083103395,110
Asthma,22,20,MELD_lambda1_afproj,0.01,0.981599910014203,110
Asthma,22,20,EUR,0.01,0.980864326338028,110
Asthma,22,20,EAS,0.01,0.972118617628233,110
Asthma,22,20,AFR,0.01,0.931266602781143,110
Asthma,22,20,CSA,0.01,0.969400667274495,110
Asthma,22,20,AMR,0.01,0.968357104385622,110
Asthma,22,20,MID,0.01,0.972915927880172,110
Asthma,22,20,MELD_lambda0_afproj,0.1,0.981954608050646,110
Asthma,22,20,MELD_lambda0_reportN,0.1,0.982168732469831,110
Asthma,22,20,MELD_lambda0_equal,0.1,0.983039390713995,110
Asthma,22,20,MELD_lambda1_afproj,0.1,0.982173358382819,110
Asthma,22,20,EUR,0.1,0.978244247434012,110
Asthma,22,20,EAS,0.1,0.981827368953638,110
Asthma,22,20,AFR,0.1,0.935745700101257,110
Asthma,22,20,CSA,0.1,0.9823967781291,110
Asthma,22,20,AMR,0.1,0.964098714271203,110
Asthma,22,20,MID,0.1,0.97129056343455,110
Asthma,22,21,MELD_lambda0_afproj,0.001,0.950725524819707,51
Asthma,22,21,MELD_lambda0_reportN,0.001,0.951810059958848,51
Asthma,22,21,MELD_lambda0_equal,0.001,0.946695598269645,51
Asthma,22,21,MELD_lambda1_afproj,0.001,0.948235196749441,51
Asthma,22,21,EUR,0.001,0.957598193852599,51
Asthma,22,21,EAS,0.001,0.847584633511353,51
Asthma,22,21,AFR,0.001,0.866625685280853,51
Asthma,22,21,CSA,0.001,0.912670831864691,51
Asthma,22,21,AMR,0.001,0.947058836765749,51
Asthma,22,21,MID,0.001,0.921270851412998,51
Asthma,22,21,MELD_lambda0_afproj,0.01,0.941481176064388,51
Asthma,22,21,MELD_lambda0_reportN,0.01,0.943093385954544,51
Asthma,22,21,MELD_lambda0_equal,0.01,0.942254467452462,51
Asthma,22,21,MELD_lambda1_afproj,0.01,0.939511539527519,51
Asthma,22,21,EUR,0.01,0.94508654965053,51
Asthma,22,21,EAS,0.01,0.870105499968196,51
Asthma,22,21,AFR,0.01,0.866420101339742,51
Asthma,22,21,CSA,0.01,0.904694077012591,51
Asthma,22,21,AMR,0.01,0.946899892538284,51
Asthma,22,21,MID,0.01,0.917822859542919,51
Asthma,22,21,MELD_lambda0_afproj,0.1,0.901686688942629,51
Asthma,22,21,MELD_lambda0_reportN,0.1,0.902988721420088,51
Asthma,22,21,MELD_lambda0_equal,0.1,0.906879834367903,51
Asthma,22,21,MELD_lambda1_afproj,0.1,0.898942797743294,51
Asthma,22,21,EUR,0.1,0.904198980447534,51
Asthma,22,21,EAS,0.1,0.852932506190535,51
Asthma,22,21,AFR,0.1,0.810166319073322,51
Asthma,22,21,CSA,0.1,0.866919544528276,51
Asthma,22,21,AMR,0.1,0.90392648730924,51
Asthma,22,21,MID,0.1,0.892661423068489,51
Asthma,22,22,MELD_lambda0_afproj,0.001,0.707527213207766,166
Asthma,22,22,MELD_lambda0_reportN,0.001,0.700823720278346,166
Asthma,22,22,MELD_lambda0_equal,0.001,0.837338795667208,166
Asthma,22,22,MELD_lambda1_afproj,0.001,0.717099596403335,166
Asthma,22,22,EUR,0.001,0.538611682986767,166
Asthma,22,22,EAS,0.001,0.336670817392736,166
Asthma,22,22,AFR,0.001,0.555218896605539,166
Asthma,22,22,CSA,0.001,0.611939972055433,166
Asthma,22,22,AMR,0.001,0.474119698020777,166
Asthma,22,22,MID,0.001,0.763819599873363,166
Asthma,22,22,MELD_lambda0_afproj,0.01,0.842847211289097,166
Asthma,22,22,MELD_lambda0_reportN,0.01,0.840942874037293,166
Asthma,22,22,MELD_lambda0_equal,0.01,0.840590749989154,166
Asthma,22,22,MELD_lambda1_afproj,0.01,0.840989429106224,166
Asthma,22,22,EUR,0.01,0.802107699345273,166
Asthma,22,22,EAS,0.01,0.703682151908639,166
Asthma,22,22,AFR,0.01,0.555076744122755,166
Asthma,22,22,CSA,0.01,0.789034340650576,166
Asthma,22,22,AMR,0.01,0.791630859469053,166
Asthma,22,22,MID,0.01,0.815333153705402,166
Asthma,22,22,MELD_lambda0_afproj,0.1,0.863234466026307,166
Asthma,22,22,MELD_lambda0_reportN,0.1,0.861828432470768,166
Asthma,22,22,MELD_lambda0_equal,0.1,0.848726843113756,166
Asthma,22,22,MELD_lambda1_afproj,0.1,0.859271668754536,166
Asthma,22,22,EUR,0.1,0.860479417795206,166
Asthma,22,22,EAS,0.1,0.768820292565229,166
Asthma,22,22,AFR,0.1,0.560327448608811,166
Asthma,22,22,CSA,0.1,0.822224597020973,166
Asthma,22,22,AMR,0.1,0.84246633533735,166
Asthma,22,22,MID,0.1,0.832669044569756,166
Asthma,22,23,MELD_lambda0_afproj,0.001,0.819294352478016,212
Asthma,22,23,MELD_lambda0_reportN,0.001,0.80912824462709,212
Asthma,22,23,MELD_lambda0_equal,0.001,0.856707589885165,212
Asthma,22,23,MELD_lambda1_afproj,0.001,0.79781918313666,212
Asthma,22,23,EUR,0.001,0.618386939487333,212
Asthma,22,23,EAS,0.001,0.479822404863961,212
Asthma,22,23,AFR,0.001,0.724341412502738,212
Asthma,22,23,CSA,0.001,0.753626246546324,212
Asthma,22,23,AMR,0.001,0.613322864879633,212
Asthma,22,23,MID,0.001,0.622718475440428,212
Asthma,22,23,MELD_lambda0_afproj,0.01,0.845120070928033,212
Asthma,22,23,MELD_lambda0_reportN,0.01,0.844182476299661,212
Asthma,22,23,MELD_lambda0_equal,0.01,0.856342607091563,212
Asthma,22,23,MELD_lambda1_afproj,0.01,0.835388973731161,212
Asthma,22,23,EUR,0.01,0.789936972125943,212
Asthma,22,23,EAS,0.01,0.760645260191263,212
Asthma,22,23,AFR,0.01,0.728959349131,212
Asthma,22,23,CSA,0.01,0.818666935954906,212
Asthma,22,23,AMR,0.01,0.817026330156259,212
Asthma,22,23,MID,0.01,0.793621180113999,212
Asthma,22,23,MELD_lambda0_afproj,0.1,0.844823679175333,212
Asthma,22,23,MELD_lambda0_reportN,0.1,0.843617751970188,212
Asthma,22,23,MELD_lambda0_equal,0.1,0.853084019843773,212
Asthma,22,23,MELD_lambda1_afproj,0.1,0.84257371072314,212
Asthma,22,23,EUR,0.1,0.824892876079297,212
Asthma,22,23,EAS,0.1,0.777222659676812,212
Asthma,22,23,AFR,0.1,0.732906353627312,212
Asthma,22,23,CSA,0.1,0.838887025825438,212
Asthma,22,23,AMR,0.1,0.84583722583223,212
Asthma,22,23,MID,0.1,0.817882132014781,212
Asthma,22,25,MELD_lambda0_afproj,0.001,0.864049064265119,134
Asthma,22,25,MELD_lambda0_reportN,0.001,0.860353237844104,134
Asthma,22,25,MELD_lambda0_equal,0.001,0.929682382353483,134
Asthma,22,25,MELD_lambda1_afproj,0.001,0.863713181806786,134
Asthma,22,25,EUR,0.001,0.735385360602755,134
Asthma,22,25,EAS,0.001,0.639553941190347,134
Asthma,22,25,AFR,0.001,0.714196397627769,134
Asthma,22,25,CSA,0.001,0.745401760954217,134
Asthma,22,25,AMR,0.001,0.726324098840547,134
Asthma,22,25,MID,0.001,0.848641573568798,134
Asthma,22,25,MELD_lambda0_afproj,0.01,0.925374133207651,134
Asthma,22,25,MELD_lambda0_reportN,0.01,0.924181219919281,134
Asthma,22,25,MELD_lambda0_equal,0.01,0.921893787666798,134
Asthma,22,25,MELD_lambda1_afproj,0.01,0.921415385361899,134
Asthma,22,25,EUR,0.01,0.911643462929601,134
Asthma,22,25,EAS,0.01,0.868124416165172,134
Asthma,22,25,AFR,0.01,0.759888026396352,134
Asthma,22,25,CSA,0.01,0.90989882837065,134
Asthma,22,25,AMR,0.01,0.889801180223323,134
Asthma,22,25,MID,0.01,0.89584489806403,134
Asthma,22,25,MELD_lambda0_afproj,0.1,0.925427993364265,134
Asthma,22,25,MELD_lambda0_reportN,0.1,0.925076344000119,134
Asthma,22,25,MELD_lambda0_equal,0.1,0.908141546541201,134
Asthma,22,25,MELD_lambda1_afproj,0.1,0.921323395147161,134
Asthma,22,25,EUR,0.1,0.922082661544199,134
Asthma,22,25,EAS,0.1,0.885536662556189,134
Asthma,22,25,AFR,0.1,0.755714060635823,134
Asthma,22,25,CSA,0.1,0.90394970382131,134
Asthma,22,25,AMR,0.1,0.906731058201933,134
Asthma,22,25,MID,0.1,0.890203182666653,134
Asthma,22,26,MELD_lambda0_afproj,0.001,0.842507634396748,205
Asthma,22,26,MELD_lambda0_reportN,0.001,0.830922896824495,205
Asthma,22,26,MELD_lambda0_equal,0.001,0.923252399998307,205
Asthma,22,26,MELD_lambda1_afproj,0.001,0.842832636719653,205
Asthma,22,26,EUR,0.001,0.621143106775119,205
Asthma,22,26,EAS,0.001,0.620467734409236,205
Asthma,22,26,AFR,0.001,0.489001401865534,205
Asthma,22,26,CSA,0.001,0.66832707457822,205
Asthma,22,26,AMR,0.001,0.763618793936692,205
Asthma,22,26,MID,0.001,0.574010329027649,205
Asthma,22,26,MELD_lambda0_afproj,0.01,0.922698017999111,205
Asthma,22,26,MELD_lambda0_reportN,0.01,0.921450435727431,205
Asthma,22,26,MELD_lambda0_equal,0.01,0.927056641912785,205
Asthma,22,26,MELD_lambda1_afproj,0.01,0.920705449482958,205
Asthma,22,26,EUR,0.01,0.891104700255877,205
Asthma,22,26,EAS,0.01,0.831637376411538,205
Asthma,22,26,AFR,0.01,0.750081111890275,205
Asthma,22,26,CSA,0.01,0.888939507976223,205
Asthma,22,26,AMR,0.01,0.869605919418276,205
Asthma,22,26,MID,0.01,0.893979527969557,205
Asthma,22,26,MELD_lambda0_afproj,0.1,0.931970533093662,205
Asthma,22,26,MELD_lambda0_reportN,0.1,0.931615116070763,205
Asthma,22,26,MELD_lambda0_equal,0.1,0.919711258775454,205
Asthma,22,26,MELD_lambda1_afproj,0.1,0.929391465566972,205
Asthma,22,26,EUR,0.1,0.913387096652517,205
Asthma,22,26,EAS,0.1,0.863681700972025,205
Asthma,22,26,AFR,0.1,0.756096964949374,205
Asthma,22,26,CSA,0.1,0.885880487511252,205
Asthma,22,26,AMR,0.1,0.894141973004223,205
Asthma,22,26,MID,0.1,0.915216405684047,205
Asthma,22,27,MELD_lambda0_afproj,0.001,0.788438169367129,384
Asthma,22,27,MELD_lambda0_reportN,0.001,0.783478025888387,384
Asthma,22,27,MELD_lambda0_equal,0.001,0.869281126563369,384
Asthma,22,27,MELD_lambda1_afproj,0.001,0.806883062675943,384
Asthma,22,27,EUR,0.001,0.555134009788531,384
Asthma,22,27,EAS,0.001,0.327728643981945,384
Asthma,22,27,AFR,0.001,0.520571762839883,384
Asthma,22,27,CSA,0.001,0.392793193488154,384
Asthma,22,27,AMR,0.001,0.613000026053977,384
Asthma,22,27,MID,0.001,0.412463202533379,384
Asthma,22,27,MELD_lambda0_afproj,0.01,0.896568697207651,384
Asthma,22,27,MELD_lambda0_reportN,0.01,0.898673684265924,384
Asthma,22,27,MELD_lambda0_equal,0.01,0.881793591977373,384
Asthma,22,27,MELD_lambda1_afproj,0.01,0.89803960297776,384
Asthma,22,27,EUR,0.01,0.861584843094916,384
Asthma,22,27,EAS,0.01,0.666288001868015,384
Asthma,22,27,AFR,0.01,0.701971626870677,384
Asthma,22,27,CSA,0.01,0.77578373462543,384
Asthma,22,27,AMR,0.01,0.840098328059074,384
Asthma,22,27,MID,0.01,0.762063957505527,384
Asthma,22,27,MELD_lambda0_afproj,0.1,0.898607749318772,384
Asthma,22,27,MELD_lambda0_reportN,0.1,0.899544997609601,384
Asthma,22,27,MELD_lambda0_equal,0.1,0.881566055228891,384
Asthma,22,27,MELD_lambda1_afproj,0.1,0.898181635161338,384
Asthma,22,27,EUR,0.1,0.887199556527286,384
Asthma,22,27,EAS,0.1,0.756913978635101,384
Asthma,22,27,AFR,0.1,0.718437845024604,384
Asthma,22,27,CSA,0.1,0.835086952864152,384
Asthma,22,27,AMR,0.1,0.872796829720791,384
Asthma,22,27,MID,0.1,0.836213737285664,384
Asthma,22,28,MELD_lambda0_afproj,0.001,0.882337508742109,237
Asthma,22,28,MELD_lambda0_reportN,0.001,0.88143728363105,237
Asthma,22,28,MELD_lambda0_equal,0.001,0.862723010660589,237
Asthma,22,28,MELD_lambda1_afproj,0.001,0.871314360911952,237
Asthma,22,28,EUR,0.001,0.681461370930428,237
Asthma,22,28,EAS,0.001,0.342534464280994,237
Asthma,22,28,AFR,0.001,0.720865340672145,237
Asthma,22,28,CSA,0.001,0.766084031550059,237
Asthma,22,28,AMR,0.001,0.760284899635808,237
Asthma,22,28,MID,0.001,0.812614563545263,237
Asthma,22,28,MELD_lambda0_afproj,0.01,0.884241210249959,237
Asthma,22,28,MELD_lambda0_reportN,0.01,0.885110901532243,237
Asthma,22,28,MELD_lambda0_equal,0.01,0.862633950850025,237
Asthma,22,28,MELD_lambda1_afproj,0.01,0.87689878312993,237
Asthma,22,28,EUR,0.01,0.863871099394563,237
Asthma,22,28,EAS,0.01,0.638314915500764,237
Asthma,22,28,AFR,0.01,0.718167943848284,237
Asthma,22,28,CSA,0.01,0.812341925702157,237
Asthma,22,28,AMR,0.01,0.827376790848009,237
Asthma,22,28,MID,0.01,0.829245511908346,237
Asthma,22,28,MELD_lambda0_afproj,0.1,0.871393030593402,237
Asthma,22,28,MELD_lambda0_reportN,0.1,0.872192766095839,237
Asthma,22,28,MELD_lambda0_equal,0.1,0.854043984161634,237
Asthma,22,28,MELD_lambda1_afproj,0.1,0.863304729591752,237
Asthma,22,28,EUR,0.1,0.86437285233633,237
Asthma,22,28,EAS,0.1,0.726478363565408,237
Asthma,22,28,AFR,0.1,0.701752907478368,237
Asthma,22,28,CSA,0.1,0.811703990152859,237
Asthma,22,28,AMR,0.1,0.840446900608815,237
Asthma,22,28,MID,0.1,0.830546950024906,237
Asthma,22,29,MELD_lambda0_afproj,0.001,0.899743243023143,307
Asthma,22,29,MELD_lambda0_reportN,0.001,0.897748347118962,307
Asthma,22,29,MELD_lambda0_equal,0.001,0.921552979791594,307
Asthma,22,29,MELD_lambda1_afproj,0.001,0.903354335823282,307
Asthma,22,29,EUR,0.001,0.885009790189381,307
Asthma,22,29,EAS,0.001,0.670288480192335,307
Asthma,22,29,AFR,0.001,0.535845068890768,307
Asthma,22,29,CSA,0.001,0.815980461015852,307
Asthma,22,29,AMR,0.001,0.768574243106888,307
Asthma,22,29,MID,0.001,0.746786342952952,307
Asthma,22,29,MELD_lambda0_afproj,0.01,0.950755592550857,307
Asthma,22,29,MELD_lambda0_reportN,0.01,0.949681361522431,307
Asthma,22,29,MELD_lambda0_equal,0.01,0.93712064986168,307
Asthma,22,29,MELD_lambda1_afproj,0.01,0.950312104275793,307
Asthma,22,29,EUR,0.01,0.955972081757828,307
Asthma,22,29,EAS,0.01,0.881274474615843,307
Asthma,22,29,AFR,0.01,0.759159019126663,307
Asthma,22,29,CSA,0.01,0.945855041652478,307
Asthma,22,29,AMR,0.01,0.915401014434913,307
Asthma,22,29,MID,0.01,0.914881412595798,307
Asthma,22,29,MELD_lambda0_afproj,0.1,0.95137590652631,307
Asthma,22,29,MELD_lambda0_reportN,0.1,0.951107398680147,307
Asthma,22,29,MELD_lambda0_equal,0.1,0.937421444047589,307
Asthma,22,29,MELD_lambda1_afproj,0.1,0.949610522414789,307
Asthma,22,29,EUR,0.1,0.95143342971864,307
Asthma,22,29,EAS,0.1,0.908534851747559,307
Asthma,22,29,AFR,0.1,0.804995734586601,307
Asthma,22,29,CSA,0.1,0.949244877417498,307
Asthma,22,29,AMR,0.1,0.933888585914303,307
Asthma,22,29,MID,0.1,0.924363184132715,307
Asthma,22,31,MELD_lambda0_afproj,0.001,0.936640655298569,360
Asthma,22,31,MELD_lambda0_reportN,0.001,0.934571013307468,360
Asthma,22,31,MELD_lambda0_equal,0.001,0.947246614249677,360
Asthma,22,31,MELD_lambda1_afproj,0.001,0.938517092587638,360
Asthma,22,31,EUR,0.001,0.822488122624299,360
Asthma,22,31,EAS,0.001,0.779615119343287,360
Asthma,22,31,AFR,0.001,0.723632269969737,360
Asthma,22,31,CSA,0.001,0.768637785052354,360
Asthma,22,31,AMR,0.001,0.858680001597909,360
Asthma,22,31,MID,0.001,0.825992375502686,360
Asthma,22,31,MELD_lambda0_afproj,0.01,0.971505695795039,360
Asthma,22,31,MELD_lambda0_reportN,0.01,0.971537412783952,360
Asthma,22,31,MELD_lambda0_equal,0.01,0.964286469157975,360
Asthma,22,31,MELD_lambda1_afproj,0.01,0.971904181325463,360
Asthma,22,31,EUR,0.01,0.936012117131875,360
Asthma,22,31,EAS,0.01,0.908811070977193,360
Asthma,22,31,AFR,0.01,0.892139001585638,360
Asthma,22,31,CSA,0.01,0.929659622933523,360
Asthma,22,31,AMR,0.01,0.947274088866675,360
Asthma,22,31,MID,0.01,0.926874296589067,360
Asthma,22,31,MELD_lambda0_afproj,0.1,0.963033152402958,360
Asthma,22,31,MELD_lambda0_reportN,0.1,0.963102443251883,360
Asthma,22,31,MELD_lambda0_equal,0.1,0.954334637110778,360
Asthma,22,31,MELD_lambda1_afproj,0.1,0.962230452511766,360
Asthma,22,31,EUR,0.1,0.947738947982193,360
Asthma,22,31,EAS,0.1,0.920735585160343,360
Asthma,22,31,AFR,0.1,0.909239840328596,360
Asthma,22,31,CSA,0.1,0.937124149379956,360
Asthma,22,31,AMR,0.1,0.943426403023485,360
Asthma,22,31,MID,0.1,0.939042720686105,360
Asthma,22,32,MELD_lambda0_afproj,0.001,0.946536037105574,116
Asthma,22,32,MELD_lambda0_reportN,0.001,0.947089046435291,116
Asthma,22,32,MELD_lambda0_equal,0.001,0.932618252773393,116
Asthma,22,32,MELD_lambda1_afproj,0.001,0.946315324643699,116
Asthma,22,32,EUR,0.001,0.899810390466415,116
Asthma,22,32,EAS,0.001,0.555550013899647,116
Asthma,22,32,AFR,0.001,0.741081595655892,116
Asthma,22,32,CSA,0.001,0.80579302331916,116
Asthma,22,32,AMR,0.001,0.880218873581398,116
Asthma,22,32,MID,0.001,0.803123184784078,116
Asthma,22,32,MELD_lambda0_afproj,0.01,0.94876416753648,116
Asthma,22,32,MELD_lambda0_reportN,0.01,0.949547029966097,116
Asthma,22,32,MELD_lambda0_equal,0.01,0.930917399984233,116
Asthma,22,32,MELD_lambda1_afproj,0.01,0.947892756204357,116
Asthma,22,32,EUR,0.01,0.926155417322787,116
Asthma,22,32,EAS,0.01,0.788072693952836,116
Asthma,22,32,AFR,0.01,0.854903088878984,116
Asthma,22,32,CSA,0.01,0.885807121386071,116
Asthma,22,32,AMR,0.01,0.946827953400085,116
Asthma,22,32,MID,0.01,0.898586583221634,116
Asthma,22,32,MELD_lambda0_afproj,0.1,0.937895212310465,116
Asthma,22,32,MELD_lambda0_reportN,0.1,0.937958017649505,116
Asthma,22,32,MELD_lambda0_equal,0.1,0.926645629199434,116
Asthma,22,32,MELD_lambda1_afproj,0.1,0.938459264845602,116
Asthma,22,32,EUR,0.1,0.919930025132865,116
Asthma,22,32,EAS,0.1,0.830011045338086,116
Asthma,22,32,AFR,0.1,0.881141344986963,116
Asthma,22,32,CSA,0.1,0.899849096135799,116
Asthma,22,32,AMR,0.1,0.949148470309637,116
Asthma,22,32,MID,0.1,0.917175765166304,116
Asthma,22,34,MELD_lambda0_afproj,0.001,0.853420216403596,338
Asthma,22,34,MELD_lambda0_reportN,0.001,0.857588069377019,338
Asthma,22,34,MELD_lambda0_equal,0.001,0.933472501258249,338
Asthma,22,34,MELD_lambda1_afproj,0.001,0.846296895902687,338
Asthma,22,34,EUR,0.001,0.850656913980689,338
Asthma,22,34,EAS,0.001,0.626064425590194,338
Asthma,22,34,AFR,0.001,0.527606778337341,338
Asthma,22,34,CSA,0.001,0.774988742373768,338
Asthma,22,34,AMR,0.001,0.838632289085855,338
Asthma,22,34,MID,0.001,0.730912942795647,338
Asthma,22,34,MELD_lambda0_afproj,0.01,0.94955553501097,338
Asthma,22,34,MELD_lambda0_reportN,0.01,0.951077167192337,338
Asthma,22,34,MELD_lambda0_equal,0.01,0.960241526634804,338
Asthma,22,34,MELD_lambda1_afproj,0.01,0.946598689831696,338
Asthma,22,34,EUR,0.01,0.940139747504079,338
Asthma,22,34,EAS,0.01,0.822340438792418,338
Asthma,22,34,AFR,0.01,0.839594421562118,338
Asthma,22,34,CSA,0.01,0.926545398260987,338
Asthma,22,34,AMR,0.01,0.943364523138814,338
Asthma,22,34,MID,0.01,0.893376654259589,338
Asthma,22,34,MELD_lambda0_afproj,0.1,0.955341668215678,338
Asthma,22,34,MELD_lambda0_reportN,0.1,0.956712206530878,338
Asthma,22,34,MELD_lambda0_equal,0.1,0.949930293585939,338
Asthma,22,34,MELD_lambda1_afproj,0.1,0.952333554768431,338
Asthma,22,34,EUR,0.1,0.948124397584304,338
Asthma,22,34,EAS,0.1,0.853135136345707,338
Asthma,22,34,AFR,0.1,0.873895941766622,338
Asthma,22,34,CSA,0.1,0.939294455127307,338
Asthma,22,34,AMR,0.1,0.937312410000808,338
Asthma,22,34,MID,0.1,0.926516549425041,338
Asthma,22,37,MELD_lambda0_afproj,0.001,0.807561056034013,719
Asthma,22,37,MELD_lambda0_reportN,0.001,0.80629139049537,719
Asthma,22,37,MELD_lambda0_equal,0.001,0.864286941095906,719
Asthma,22,37,MELD_lambda1_afproj,0.001,0.806459467653737,719
Asthma,22,37,EUR,0.001,0.737114080606569,719
Asthma,22,37,EAS,0.001,0.451958883102233,719
Asthma,22,37,AFR,0.001,0.322925117191079,719
Asthma,22,37,CSA,0.001,0.69939848896244,719
Asthma,22,37,AMR,0.001,0.771032905169371,719
Asthma,22,37,MID,0.001,0.765122305140817,719
Asthma,22,37,MELD_lambda0_afproj,0.01,0.930295283379258,719
Asthma,22,37,MELD_lambda0_reportN,0.01,0.929541868573817,719
Asthma,22,37,MELD_lambda0_equal,0.01,0.929101037980675,719
Asthma,22,37,MELD_lambda1_afproj,0.01,0.931720887011643,719
Asthma,22,37,EUR,0.01,0.900765696216038,719
Asthma,22,37,EAS,0.01,0.799077893683691,719
Asthma,22,37,AFR,0.01,0.725501414367626,719
Asthma,22,37,CSA,0.01,0.890832206519416,719
Asthma,22,37,AMR,0.01,0.885105937025071,719
Asthma,22,37,MID,0.01,0.897573265289568,719
Asthma,22,37,MELD_lambda0_afproj,0.1,0.942339495398592,719
Asthma,22,37,MELD_lambda0_reportN,0.1,0.942227869056901,719
Asthma,22,37,MELD_lambda0_equal,0.1,0.931112260605004,719
Asthma,22,37,MELD_lambda1_afproj,0.1,0.941867972498128,719
Asthma,22,37,EUR,0.1,0.929841103229324,719
Asthma,22,37,EAS,0.1,0.87203278579096,719
Asthma,22,37,AFR,0.1,0.812841066984237,719
Asthma,22,37,CSA,0.1,0.912109871373537,719
Asthma,22,37,AMR,0.1,0.916169726219374,719
Asthma,22,37,MID,0.1,0.907657257214468,719
Asthma,22,38,MELD_lambda0_afproj,0.001,0.964554698104037,47
Asthma,22,38,MELD_lambda0_reportN,0.001,0.965648772857105,47
Asthma,22,38,MELD_lambda0_equal,0.001,0.972157708169575,47
Asthma,22,38,MELD_lambda1_afproj,0.001,0.96485672458145,47
Asthma,22,38,EUR,0.001,0.909686478250809,47
Asthma,22,38,EAS,0.001,0.824159971637503,47
Asthma,22,38,AFR,0.001,0.851967441777272,47
Asthma,22,38,CSA,0.001,0.93562917000481,47
Asthma,22,38,AMR,0.001,0.957108294057414,47
Asthma,22,38,MID,0.001,0.956549542108309,47
Asthma,22,38,MELD_lambda0_afproj,0.01,0.966411290236125,47
Asthma,22,38,MELD_lambda0_reportN,0.01,0.967231441420973,47
Asthma,22,38,MELD_lambda0_equal,0.01,0.969894757578117,47
Asthma,22,38,MELD_lambda1_afproj,0.01,0.967782955219151,47
Asthma,22,38,EUR,0.01,0.9505761798666,47
Asthma,22,38,EAS,0.01,0.86985989157856,47
Asthma,22,38,AFR,0.01,0.843360172235121,47
Asthma,22,38,CSA,0.01,0.942475603768936,47
Asthma,22,38,AMR,0.01,0.962628460780082,47
Asthma,22,38,MID,0.01,0.957300086788935,47
Asthma,22,38,MELD_lambda0_afproj,0.1,0.969284449147485,47
Asthma,22,38,MELD_lambda0_reportN,0.1,0.969717286467492,47
Asthma,22,38,MELD_lambda0_equal,0.1,0.966512037584369,47
Asthma,22,38,MELD_lambda1_afproj,0.1,0.970445217921571,47
Asthma,22,38,EUR,0.1,0.965537460098399,47
Asthma,22,38,EAS,0.1,0.905991485430186,47
Asthma,22,38,AFR,0.1,0.82025859263289,47
Asthma,22,38,CSA,0.1,0.955910681323352,47
Asthma,22,38,AMR,0.1,0.963436378492948,47
Asthma,22,38,MID,0.1,0.950767961554938,47
Asthma,22,39,MELD_lambda0_afproj,0.001,0.940497422128273,168
Asthma,22,39,MELD_lambda0_reportN,0.001,0.936227254178282,168
Asthma,22,39,MELD_lambda0_equal,0.001,0.963461463455347,168
Asthma,22,39,MELD_lambda1_afproj,0.001,0.940916260226022,168
Asthma,22,39,EUR,0.001,0.922020209656337,168
Asthma,22,39,EAS,0.001,0.672696576534696,168
Asthma,22,39,AFR,0.001,0.836690752783578,168
Asthma,22,39,CSA,0.001,0.846946882905959,168
Asthma,22,39,AMR,0.001,0.894460470328833,168
Asthma,22,39,MID,0.001,0.860947057277044,168
Asthma,22,39,MELD_lambda0_afproj,0.01,0.972469067549126,168
Asthma,22,39,MELD_lambda0_reportN,0.01,0.972491870426541,168
Asthma,22,39,MELD_lambda0_equal,0.01,0.971397521925294,168
Asthma,22,39,MELD_lambda1_afproj,0.01,0.972448323231827,168
Asthma,22,39,EUR,0.01,0.966116055571768,168
Asthma,22,39,EAS,0.01,0.894789873179559,168
Asthma,22,39,AFR,0.01,0.935389936487133,168
Asthma,22,39,CSA,0.01,0.952717833634821,168
Asthma,22,39,AMR,0.01,0.968471369610613,168
Asthma,22,39,MID,0.01,0.950418846316876,168
Asthma,22,39,MELD_lambda0_afproj,0.1,0.974373384255909,168
Asthma,22,39,MELD_lambda0_reportN,0.1,0.974465080926618,168
Asthma,22,39,MELD_lambda0_equal,0.1,0.972512438373877,168
Asthma,22,39,MELD_lambda1_afproj,0.1,0.975057098004256,168
Asthma,22,39,EUR,0.1,0.96958382757294,168
Asthma,22,39,EAS,0.1,0.928112233991344,168
Asthma,22,39,AFR,0.1,0.930020712211658,168
Asthma,22,39,CSA,0.1,0.956968705663807,168
Asthma,22,39,AMR,0.1,0.972026025269443,168
Asthma,22,39,MID,0.1,0.962427914789729,168
Asthma,22,40,MELD_lambda0_afproj,0.001,0.716498194748391,37
Asthma,22,40,MELD_lambda0_reportN,0.001,0.735681459728158,37
Asthma,22,40,MELD_lambda0_equal,0.001,0.972775786934416,37
Asthma,22,40,MELD_lambda1_afproj,0.001,0.724705656709465,37
Asthma,22,40,EUR,0.001,0.554726252629336,37
Asthma,22,40,EAS,0.001,0.941057550592142,37
Asthma,22,40,AFR,0.001,0.871073051278487,37
Asthma,22,40,CSA,0.001,0.918181664036951,37
Asthma,22,40,AMR,0.001,0.875238992749482,37
Asthma,22,40,MID,0.001,0.956568799693287,37
Asthma,22,40,MELD_lambda0_afproj,0.01,0.921584700060094,37
Asthma,22,40,MELD_lambda0_reportN,0.01,0.922370786587238,37
Asthma,22,40,MELD_lambda0_equal,0.01,0.966866159976069,37
Asthma,22,40,MELD_lambda1_afproj,0.01,0.923234414664971,37
Asthma,22,40,EUR,0.01,0.890243085343051,37
Asthma,22,40,EAS,0.01,0.931881832165191,37
Asthma,22,40,AFR,0.01,0.859808782966602,37
Asthma,22,40,CSA,0.01,0.918256044633065,37
Asthma,22,40,AMR,0.01,0.908265043023671,37
Asthma,22,40,MID,0.01,0.952154491798261,37
Asthma,22,40,MELD_lambda0_afproj,0.1,0.925049789279124,37
Asthma,22,40,MELD_lambda0_reportN,0.1,0.924160274464814,37
Asthma,22,40,MELD_lambda0_equal,0.1,0.933842144542604,37
Asthma,22,40,MELD_lambda1_afproj,0.1,0.927802318208254,37
Asthma,22,40,EUR,0.1,0.91570216095397,37
Asthma,22,40,EAS,0.1,0.901086166785744,37
Asthma,22,40,AFR,0.1,0.788278559207855,37
Asthma,22,40,CSA,0.1,0.918342262172256,37
Asthma,22,40,AMR,0.1,0.926153578306227,37
Asthma,22,40,MID,0.1,0.933715368527809,37
Asthma,22,41,MELD_lambda0_afproj,0.001,0.873797147505797,261
Asthma,22,41,MELD_lambda0_reportN,0.001,0.866443949976427,261
Asthma,22,41,MELD_lambda0_equal,0.001,0.947136275385152,261
Asthma,22,41,MELD_lambda1_afproj,0.001,0.892749436598309,261
Asthma,22,41,EUR,0.001,0.826552395420863,261
Asthma,22,41,EAS,0.001,0.688869557680944,261
Asthma,22,41,AFR,0.001,0.752239071937491,261
Asthma,22,41,CSA,0.001,0.694773241838015,261
Asthma,22,41,AMR,0.001,0.832880997845877,261
Asthma,22,41,MID,0.001,0.876050865388368,261
Asthma,22,41,MELD_lambda0_afproj,0.01,0.952917332364575,261
Asthma,22,41,MELD_lambda0_reportN,0.01,0.951775246589089,261
Asthma,22,41,MELD_lambda0_equal,0.01,0.959488456504261,261
Asthma,22,41,MELD_lambda1_afproj,0.01,0.955422972393677,261
Asthma,22,41,EUR,0.01,0.928634553284832,261
Asthma,22,41,EAS,0.01,0.896257366363507,261
Asthma,22,41,AFR,0.01,0.880812062537062,261
Asthma,22,41,CSA,0.01,0.904620518527289,261
Asthma,22,41,AMR,0.01,0.939373209514707,261
Asthma,22,41,MID,0.01,0.947254676171808,261
Asthma,22,41,MELD_lambda0_afproj,0.1,0.955483334663102,261
Asthma,22,41,MELD_lambda0_reportN,0.1,0.955144356930645,261
Asthma,22,41,MELD_lambda0_equal,0.1,0.954911080571645,261
Asthma,22,41,MELD_lambda1_afproj,0.1,0.954932402018486,261
Asthma,22,41,EUR,0.1,0.947709977267865,261
Asthma,22,41,EAS,0.1,0.915843300859371,261
Asthma,22,41,AFR,0.1,0.88890201692585,261
Asthma,22,41,CSA,0.1,0.906822558768994,261
Asthma,22,41,AMR,0.1,0.955206893146373,261
Asthma,22,41,MID,0.1,0.951347868631355,261
Asthma,22,42,MELD_lambda0_afproj,0.001,0.810013177752577,255
Asthma,22,42,MELD_lambda0_reportN,0.001,0.802230628478268,255
Asthma,22,42,MELD_lambda0_equal,0.001,0.892901621819169,255
Asthma,22,42,MELD_lambda1_afproj,0.001,0.821648990965728,255
Asthma,22,42,EUR,0.001,0.612750659364472,255
Asthma,22,42,EAS,0.001,0.454470403413122,255
Asthma,22,42,AFR,0.001,0.452909750976122,255
Asthma,22,42,CSA,0.001,0.692486794396712,255
Asthma,22,42,AMR,0.001,0.634757225645557,255
Asthma,22,42,MID,0.001,0.762036908763147,255
Asthma,22,42,MELD_lambda0_afproj,0.01,0.922259201978095,255
Asthma,22,42,MELD_lambda0_reportN,0.01,0.922109063359447,255
Asthma,22,42,MELD_lambda0_equal,0.01,0.918141983383418,255
Asthma,22,42,MELD_lambda1_afproj,0.01,0.921666445203484,255
Asthma,22,42,EUR,0.01,0.895039761590839,255
Asthma,22,42,EAS,0.01,0.811580477528171,255
Asthma,22,42,AFR,0.01,0.722968865043886,255
Asthma,22,42,CSA,0.01,0.89222178859679,255
Asthma,22,42,AMR,0.01,0.909242350411725,255
Asthma,22,42,MID,0.01,0.889041072650825,255
Asthma,22,42,MELD_lambda0_afproj,0.1,0.9286863008412,255
Asthma,22,42,MELD_lambda0_reportN,0.1,0.929083912707947,255
Asthma,22,42,MELD_lambda0_equal,0.1,0.909552262546602,255
Asthma,22,42,MELD_lambda1_afproj,0.1,0.925459339726152,255
Asthma,22,42,EUR,0.1,0.926183436594207,255
Asthma,22,42,EAS,0.1,0.832919635099677,255
Asthma,22,42,AFR,0.1,0.732224891903916,255
Asthma,22,42,CSA,0.1,0.898142357269368,255
Asthma,22,42,AMR,0.1,0.927186155103463,255
Asthma,22,42,MID,0.1,0.896493971317498,255
Asthma,22,43,MELD_lambda0_afproj,0.001,0.950393707539825,47
Asthma,22,43,MELD_lambda0_reportN,0.001,0.948169903950029,47
Asthma,22,43,MELD_lambda0_equal,0.001,0.951720793777057,47
Asthma,22,43,MELD_lambda1_afproj,0.001,0.949368640441351,47
Asthma,22,43,EUR,0.001,0.935060686795368,47
Asthma,22,43,EAS,0.001,0.77221021249697,47
Asthma,22,43,AFR,0.001,0.78835064458598,47
Asthma,22,43,CSA,0.001,0.826115322599569,47
Asthma,22,43,AMR,0.001,0.943119483578616,47
Asthma,22,43,MID,0.001,0.951448451739892,47
Asthma,22,43,MELD_lambda0_afproj,0.01,0.945731121483923,47
Asthma,22,43,MELD_lambda0_reportN,0.01,0.943393881852086,47
Asthma,22,43,MELD_lambda0_equal,0.01,0.950481938713671,47
Asthma,22,43,MELD_lambda1_afproj,0.01,0.944617429797666,47
Asthma,22,43,EUR,0.01,0.945871534920781,47
Asthma,22,43,EAS,0.01,0.885222527519187,47
Asthma,22,43,AFR,0.01,0.769308821218838,47
Asthma,22,43,CSA,0.01,0.905165770799888,47
Asthma,22,43,AMR,0.01,0.957070908875452,47
Asthma,22,43,MID,0.01,0.949384499690017,47
Asthma,22,43,MELD_lambda0_afproj,0.1,0.936888116781971,47
Asthma,22,43,MELD_lambda0_reportN,0.1,0.935654394718859,47
Asthma,22,43,MELD_lambda0_equal,0.1,0.935999609177363,47
Asthma,22,43,MELD_lambda1_afproj,0.1,0.936460905502813,47
Asthma,22,43,EUR,0.1,0.92808257664749,47
Asthma,22,43,EAS,0.1,0.912952524114709,47
Asthma,22,43,AFR,0.1,0.718956234535579,47
Asthma,22,43,CSA,0.1,0.909293446011595,47
Asthma,22,43,AMR,0.1,0.948023687354199,47
Asthma,22,43,MID,0.1,0.931729249997471,47
Asthma,22,44,MELD_lambda0_afproj,0.001,0.858907658979752,175
Asthma,22,44,MELD_lambda0_reportN,0.001,0.842026070970344,175
Asthma,22,44,MELD_lambda0_equal,0.001,0.911448318677191,175
Asthma,22,44,MELD_lambda1_afproj,0.001,0.85606039208009,175
Asthma,22,44,EUR,0.001,0.588164639251283,175
Asthma,22,44,EAS,0.001,0.635387471026676,175
Asthma,22,44,AFR,0.001,0.685577386095496,175
Asthma,22,44,CSA,0.001,0.551297177276471,175
Asthma,22,44,AMR,0.001,0.629168949804996,175
Asthma,22,44,MID,0.001,0.767764790774448,175
Asthma,22,44,MELD_lambda0_afproj,0.01,0.904819220557568,175
Asthma,22,44,MELD_lambda0_reportN,0.01,0.902419174003422,175
Asthma,22,44,MELD_lambda0_equal,0.01,0.910625062006536,175
Asthma,22,44,MELD_lambda1_afproj,0.01,0.905027044250186,175
Asthma,22,44,EUR,0.01,0.851141391753833,175
Asthma,22,44,EAS,0.01,0.870210493000011,175
Asthma,22,44,AFR,0.01,0.708043481290984,175
Asthma,22,44,CSA,0.01,0.884225433038033,175
Asthma,22,44,AMR,0.01,0.868900316219703,175
Asthma,22,44,MID,0.01,0.893298640758548,175
Asthma,22,44,MELD_lambda0_afproj,0.1,0.91630067965441,175
Asthma,22,44,MELD_lambda0_reportN,0.1,0.916527631646823,175
Asthma,22,44,MELD_lambda0_equal,0.1,0.903151361329677,175
Asthma,22,44,MELD_lambda1_afproj,0.1,0.915039913454465,175
Asthma,22,44,EUR,0.1,0.902685956339947,175
Asthma,22,44,EAS,0.1,0.89958521602911,175
Asthma,22,44,AFR,0.1,0.733931605632211,175
Asthma,22,44,CSA,0.1,0.90277522698104,175
Asthma,22,44,AMR,0.1,0.888744992678667,175
Asthma,22,44,MID,0.1,0.892170019559421,175
Asthma,22,45,MELD_lambda0_afproj,0.001,0.95567467292169,161
Asthma,22,45,MELD_lambda0_reportN,0.001,0.957998573535236,161
Asthma,22,45,MELD_lambda0_equal,0.001,0.962492422261981,161
Asthma,22,45,MELD_lambda1_afproj,0.001,0.955566730228427,161
Asthma,22,45,EUR,0.001,0.932690788074185,161
Asthma,22,45,EAS,0.001,0.90489862005534,161
Asthma,22,45,AFR,0.001,0.845451123737497,161
Asthma,22,45,CSA,0.001,0.947495407554252,161
Asthma,22,45,AMR,0.001,0.928420739666838,161
Asthma,22,45,MID,0.001,0.938689325164106,161
Asthma,22,45,MELD_lambda0_afproj,0.01,0.973689221188106,161
Asthma,22,45,MELD_lambda0_reportN,0.01,0.973832915656179,161
Asthma,22,45,MELD_lambda0_equal,0.01,0.962131110733249,161
Asthma,22,45,MELD_lambda1_afproj,0.01,0.974189115287573,161
Asthma,22,45,EUR,0.01,0.976870108297322,161
Asthma,22,45,EAS,0.01,0.926604396573858,161
Asthma,22,45,AFR,0.01,0.844163870884307,161
Asthma,22,45,CSA,0.01,0.95224950662746,161
Asthma,22,45,AMR,0.01,0.962558012216868,161
Asthma,22,45,MID,0.01,0.953352307047667,161
Asthma,22,45,MELD_lambda0_afproj,0.1,0.97275141636088,161
Asthma,22,45,MELD_lambda0_reportN,0.1,0.972739670674508,161
Asthma,22,45,MELD_lambda0_equal,0.1,0.960049945843325,161
Asthma,22,45,MELD_lambda1_afproj,0.1,0.973717275944956,161
Asthma,22,45,EUR,0.1,0.976981537458122,161
Asthma,22,45,EAS,0.1,0.924858065399338,161
Asthma,22,45,AFR,0.1,0.83488135759473,161
Asthma,22,45,CSA,0.1,0.951192738106977,161
Asthma,22,45,AMR,0.1,0.962925329007025,161
Asthma,22,45,MID,0.1,0.954567490933717,161
Asthma,22,46,MELD_lambda0_afproj,0.001,0.905203348836191,175
Asthma,22,46,MELD_lambda0_reportN,0.001,0.900446798709538,175
Asthma,22,46,MELD_lambda0_equal,0.001,0.89707194016903,175
Asthma,22,46,MELD_lambda1_afproj,0.001,0.905086803974976,175
Asthma,22,46,EUR,0.001,0.81918977282709,175
Asthma,22,46,EAS,0.001,0.761284177604919,175
Asthma,22,46,AFR,0.001,0.852162723820829,175
Asthma,22,46,CSA,0.001,0.804394959541308,175
Asthma,22,46,AMR,0.001,0.800987303919468,175
Asthma,22,46,MID,0.001,0.757971343599347,175
Asthma,22,46,MELD_lambda0_afproj,0.01,0.939305076474231,175
Asthma,22,46,MELD_lambda0_reportN,0.01,0.937852598614703,175
Asthma,22,46,MELD_lambda0_equal,0.01,0.92241714793119,175
Asthma,22,46,MELD_lambda1_afproj,0.01,0.938064377068891,175
Asthma,22,46,EUR,0.01,0.923286632357765,175
Asthma,22,46,EAS,0.01,0.891211484984621,175
Asthma,22,46,AFR,0.01,0.850240812149339,175
Asthma,22,46,CSA,0.01,0.901086700332288,175
Asthma,22,46,AMR,0.01,0.903787798699618,175
Asthma,22,46,MID,0.01,0.929808008643368,175
Asthma,22,46,MELD_lambda0_afproj,0.1,0.924622394285744,175
Asthma,22,46,MELD_lambda0_reportN,0.1,0.923613722937428,175
Asthma,22,46,MELD_lambda0_equal,0.1,0.916247364479196,175
Asthma,22,46,MELD_lambda1_afproj,0.1,0.920709633747245,175
Asthma,22,46,EUR,0.1,0.920283892977694,175
Asthma,22,46,EAS,0.1,0.879379088537478,175
Asthma,22,46,AFR,0.1,0.835612147159042,175
Asthma,22,46,CSA,0.1,0.897269509299422,175
Asthma,22,46,AMR,0.1,0.906513905357078,175
Asthma,22,46,MID,0.1,0.929226451188636,175
Asthma,22,47,MELD_lambda0_afproj,0.001,0.967202590358879,166
Asthma,22,47,MELD_lambda0_reportN,0.001,0.967524164824134,166
Asthma,22,47,MELD_lambda0_equal,0.001,0.986959270144807,166
Asthma,22,47,MELD_lambda1_afproj,0.001,0.97059515490352,166
Asthma,22,47,EUR,0.001,0.981140134019503,166
Asthma,22,47,EAS,0.001,0.909324971892567,166
Asthma,22,47,AFR,0.001,0.943400469331401,166
Asthma,22,47,CSA,0.001,0.962112604774723,166
Asthma,22,47,AMR,0.001,0.929072047984251,166
Asthma,22,47,MID,0.001,0.961924028195775,166
Asthma,22,47,MELD_lambda0_afproj,0.01,0.990889310792621,166
Asthma,22,47,MELD_lambda0_reportN,0.01,0.990823242216775,166
Asthma,22,47,MELD_lambda0_equal,0.01,0.987245728670902,166
Asthma,22,47,MELD_lambda1_afproj,0.01,0.991145022559358,166
Asthma,22,47,EUR,0.01,0.98981239214367,166
Asthma,22,47,EAS,0.01,0.968068043456596,166
Asthma,22,47,AFR,0.01,0.943382492117833,166
Asthma,22,47,CSA,0.01,0.982191154446592,166
Asthma,22,47,AMR,0.01,0.981203526738364,166
Asthma,22,47,MID,0.01,0.982018148920138,166
Asthma,22,47,MELD_lambda0_afproj,0.1,0.989542986798538,166
Asthma,22,47,MELD_lambda0_reportN,0.1,0.989564956668899,166
Asthma,22,47,MELD_lambda0_equal,0.1,0.986963884450905,166
Asthma,22,47,MELD_lambda1_afproj,0.1,0.98965219144935,166
Asthma,22,47,EUR,0.1,0.986375322088225,166
Asthma,22,47,EAS,0.1,0.980674830973852,166
Asthma,22,47,AFR,0.1,0.942037165098118,166
Asthma,22,47,CSA,0.1,0.982364662153581,166
Asthma,22,47,AMR,0.1,0.987060035257752,166
Asthma,22,47,MID,0.1,0.982687525800687,166
Asthma,22,48,MELD_lambda0_afproj,0.001,0.845984879350262,130
Asthma,22,48,MELD_lambda0_reportN,0.001,0.844302330623963,130
Asthma,22,48,MELD_lambda0_equal,0.001,0.82647606397115,130
Asthma,22,48,MELD_lambda1_afproj,0.001,0.845658229575009,130
Asthma,22,48,EUR,0.001,0.585021617386496,130
Asthma,22,48,EAS,0.001,0.494005808832915,130
Asthma,22,48,AFR,0.001,0.46273479893741,130
Asthma,22,48,CSA,0.001,0.619901962459672,130
Asthma,22,48,AMR,0.001,0.665430952039706,130
Asthma,22,48,MID,0.001,0.57530378490507,130
Asthma,22,48,MELD_lambda0_afproj,0.01,0.879141481532848,130
Asthma,22,48,MELD_lambda0_reportN,0.01,0.87986853945538,130
Asthma,22,48,MELD_lambda0_equal,0.01,0.870028307231261,130
Asthma,22,48,MELD_lambda1_afproj,0.01,0.885452245721935,130
Asthma,22,48,EUR,0.01,0.766346214318766,130
Asthma,22,48,EAS,0.01,0.688465254105755,130
Asthma,22,48,AFR,0.01,0.708346167745948,130
Asthma,22,48,CSA,0.01,0.7516350182576,130
Asthma,22,48,AMR,0.01,0.795844451824085,130
Asthma,22,48,MID,0.01,0.764146138189763,130
Asthma,22,48,MELD_lambda0_afproj,0.1,0.838324839274756,130
Asthma,22,48,MELD_lambda0_reportN,0.1,0.84091030033667,130
Asthma,22,48,MELD_lambda0_equal,0.1,0.851677582618696,130
Asthma,22,48,MELD_lambda1_afproj,0.1,0.850836526703143,130
Asthma,22,48,EUR,0.1,0.790331401905102,130
Asthma,22,48,EAS,0.1,0.697648503074234,130
Asthma,22,48,AFR,0.1,0.732426288497093,130
Asthma,22,48,CSA,0.1,0.736730747232778,130
Asthma,22,48,AMR,0.1,0.775833174305962,130
Asthma,22,48,MID,0.1,0.781980385690641,130
Asthma,22,49,MELD_lambda0_afproj,0.001,0.87603983401495,167
Asthma,22,49,MELD_lambda0_reportN,0.001,0.875551320598306,167
Asthma,22,49,MELD_lambda0_equal,0.001,0.902535681348561,167
Asthma,22,49,MELD_lambda1_afproj,0.001,0.850751026352499,167
Asthma,22,49,EUR,0.001,0.728458308619537,167
Asthma,22,49,EAS,0.001,0.620554459900383,167
Asthma,22,49,AFR,0.001,0.756324666912867,167
Asthma,22,49,CSA,0.001,0.737693087179935,167
Asthma,22,49,AMR,0.001,0.862587769402636,167
Asthma,22,49,MID,0.001,0.883326988625073,167
Asthma,22,49,MELD_lambda0_afproj,0.01,0.929160175045744,167
Asthma,22,49,MELD_lambda0_reportN,0.01,0.930744499739026,167
Asthma,22,49,MELD_lambda0_equal,0.01,0.905000404182021,167
Asthma,22,49,MELD_lambda1_afproj,0.01,0.915731454147096,167
Asthma,22,49,EUR,0.01,0.925378962798086,167
Asthma,22,49,EAS,0.01,0.817933289692753,167
Asthma,22,49,AFR,0.01,0.77876574255534,167
Asthma,22,49,CSA,0.01,0.87366214573009,167
Asthma,22,49,AMR,0.01,0.92340159654441,167
Asthma,22,49,MID,0.01,0.890642298296549,167
Asthma,22,49,MELD_lambda0_afproj,0.1,0.919590435910766,167
Asthma,22,49,MELD_lambda0_reportN,0.1,0.920611613901417,167
Asthma,22,49,MELD_lambda0_equal,0.1,0.901295144733185,167
Asthma,22,49,MELD_lambda1_afproj,0.1,0.910602819681719,167
Asthma,22,49,EUR,0.1,0.925357961455384,167
Asthma,22,49,EAS,0.1,0.832431820623057,167
Asthma,22,49,AFR,0.1,0.795672384166789,167
Asthma,22,49,CSA,0.1,0.894264507796519,167
Asthma,22,49,AMR,0.1,0.921858765836759,167
Asthma,22,49,MID,0.1,0.889547457148717,167
Asthma,22,50,MELD_lambda0_afproj,0.001,0.974743314715834,103
Asthma,22,50,MELD_lambda0_reportN,0.001,0.97460692599964,103
Asthma,22,50,MELD_lambda0_equal,0.001,0.958432691435159,103
Asthma,22,50,MELD_lambda1_afproj,0.001,0.972180697352622,103
Asthma,22,50,EUR,0.001,0.891805404396959,103
Asthma,22,50,EAS,0.001,0.905557166379218,103
Asthma,22,50,AFR,0.001,0.855597041225425,103
Asthma,22,50,CSA,0.001,0.867698647167984,103
Asthma,22,50,AMR,0.001,0.952993969984309,103
Asthma,22,50,MID,0.001,0.952067847437193,103
Asthma,22,50,MELD_lambda0_afproj,0.01,0.971303863794809,103
Asthma,22,50,MELD_lambda0_reportN,0.01,0.970929712142666,103
Asthma,22,50,MELD_lambda0_equal,0.01,0.957231488065118,103
Asthma,22,50,MELD_lambda1_afproj,0.01,0.968982999440937,103
Asthma,22,50,EUR,0.01,0.960039204268228,103
Asthma,22,50,EAS,0.01,0.93745306712604,103
Asthma,22,50,AFR,0.01,0.854136859548616,103
Asthma,22,50,CSA,0.01,0.937045818634114,103
Asthma,22,50,AMR,0.01,0.960033262056724,103
Asthma,22,50,MID,0.01,0.952109843602925,103
Asthma,22,50,MELD_lambda0_afproj,0.1,0.964108056778558,103
Asthma,22,50,MELD_lambda0_reportN,0.1,0.963789059629143,103
Asthma,22,50,MELD_lambda0_equal,0.1,0.949324983109776,103
Asthma,22,50,MELD_lambda1_afproj,0.1,0.962151176811608,103
Asthma,22,50,EUR,0.1,0.959585100937319,103
Asthma,22,50,EAS,0.1,0.928529437945645,103
Asthma,22,50,AFR,0.1,0.847356706675169,103
Asthma,22,50,CSA,0.1,0.929671010771849,103
Asthma,22,50,AMR,0.1,0.953466546821188,103
Asthma,22,50,MID,0.1,0.941635352836487,103
Asthma,22,52,MELD_lambda0_afproj,0.001,0.912566439537998,38
Asthma,22,52,MELD_lambda0_reportN,0.001,0.909668673419027,38
Asthma,22,52,MELD_lambda0_equal,0.001,0.968623445429951,38
Asthma,22,52,MELD_lambda1_afproj,0.001,0.918194487676904,38
Asthma,22,52,EUR,0.001,0.907718062580652,38
Asthma,22,52,EAS,0.001,0.623199570987221,38
Asthma,22,52,AFR,0.001,0.769679842263377,38
Asthma,22,52,CSA,0.001,0.955990341250789,38
Asthma,22,52,AMR,0.001,0.954510950890976,38
Asthma,22,52,MID,0.001,0.84551992608448,38
Asthma,22,52,MELD_lambda0_afproj,0.01,0.949971577744126,38
Asthma,22,52,MELD_lambda0_reportN,0.01,0.949203808330766,38
Asthma,22,52,MELD_lambda0_equal,0.01,0.96702424601675,38
Asthma,22,52,MELD_lambda1_afproj,0.01,0.950856102517824,38
Asthma,22,52,EUR,0.01,0.948897142316628,38
Asthma,22,52,EAS,0.01,0.770206912678594,38
Asthma,22,52,AFR,0.01,0.771937052836804,38
Asthma,22,52,CSA,0.01,0.977952646508641,38
Asthma,22,52,AMR,0.01,0.968787167574604,38
Asthma,22,52,MID,0.01,0.957310738956155,38
Asthma,22,52,MELD_lambda0_afproj,0.1,0.956294959887073,38
Asthma,22,52,MELD_lambda0_reportN,0.1,0.956023790284215,38
Asthma,22,52,MELD_lambda0_equal,0.1,0.969852172205588,38
Asthma,22,52,MELD_lambda1_afproj,0.1,0.958083207089758,38
Asthma,22,52,EUR,0.1,0.952482611526817,38
Asthma,22,52,EAS,0.1,0.8525602178202,38
Asthma,22,52,AFR,0.1,0.791025013049785,38
Asthma,22,52,CSA,0.1,0.980169880484539,38
Asthma,22,52,AMR,0.1,0.956217173273601,38
Asthma,22,52,MID,0.1,0.95804471682585,38
Asthma,22,53,MELD_lambda0_afproj,0.001,0.980228512706956,358
Asthma,22,53,MELD_lambda0_reportN,0.001,0.979982076004598,358
Asthma,22,53,MELD_lambda0_equal,0.001,0.966221527345773,358
Asthma,22,53,MELD_lambda1_afproj,0.001,0.978243728459518,358
Asthma,22,53,EUR,0.001,0.972583065044211,358
Asthma,22,53,EAS,0.001,0.775937042009969,358
Asthma,22,53,AFR,0.001,0.410518675918394,358
Asthma,22,53,CSA,0.001,0.936571960454367,358
Asthma,22,53,AMR,0.001,0.955199242824778,358
Asthma,22,53,MID,0.001,0.948465626962338,358
Asthma,22,53,MELD_lambda0_afproj,0.01,0.994033879203765,358
Asthma,22,53,MELD_lambda0_reportN,0.01,0.993998726530067,358
Asthma,22,53,MELD_lambda0_equal,0.01,0.992965049760249,358
Asthma,22,53,MELD_lambda1_afproj,0.01,0.993654680901109,358
Asthma,22,53,EUR,0.01,0.989866316080416,358
Asthma,22,53,EAS,0.01,0.943865178086884,358
Asthma,22,53,AFR,0.01,0.805760663782814,358
Asthma,22,53,CSA,0.01,0.982688607129994,358
Asthma,22,53,AMR,0.01,0.979789893723585,358
Asthma,22,53,MID,0.01,0.984377317527876,358
Asthma,22,53,MELD_lambda0_afproj,0.1,0.995400717686608,358
Asthma,22,53,MELD_lambda0_reportN,0.1,0.995317684810109,358
Asthma,22,53,MELD_lambda0_equal,0.1,0.993146596856488,358
Asthma,22,53,MELD_lambda1_afproj,0.1,0.995248023387588,358
Asthma,22,53,EUR,0.1,0.991235884632529,358
Asthma,22,53,EAS,0.1,0.971551652442342,358
Asthma,22,53,AFR,0.1,0.880137175131896,358
Asthma,22,53,CSA,0.1,0.989094007986661,358
Asthma,22,53,AMR,0.1,0.987936327445733,358
Asthma,22,53,MID,0.1,0.990822073860468,358
Asthma,22,54,MELD_lambda0_afproj,0.001,0.903093361500452,47
Asthma,22,54,MELD_lambda0_reportN,0.001,0.904702717558748,47
Asthma,22,54,MELD_lambda0_equal,0.001,0.847842668346797,47
Asthma,22,54,MELD_lambda1_afproj,0.001,0.910729447152837,47
Asthma,22,54,EUR,0.001,0.891605314700233,47
Asthma,22,54,EAS,0.001,0.747928261123895,47
Asthma,22,54,AFR,0.001,0.582628597497016,47
Asthma,22,54,CSA,0.001,0.831976617336503,47
Asthma,22,54,AMR,0.001,0.895828088488106,47
Asthma,22,54,MID,0.001,0.793284294353356,47
Asthma,22,54,MELD_lambda0_afproj,0.01,0.897893957242626,47
Asthma,22,54,MELD_lambda0_reportN,0.01,0.899097395706743,47
Asthma,22,54,MELD_lambda0_equal,0.01,0.844709336810221,47
Asthma,22,54,MELD_lambda1_afproj,0.01,0.90561909224023,47
Asthma,22,54,EUR,0.01,0.892991810928205,47
Asthma,22,54,EAS,0.01,0.752874406750942,47
Asthma,22,54,AFR,0.01,0.580972154778107,47
Asthma,22,54,CSA,0.01,0.821231148269222,47
Asthma,22,54,AMR,0.01,0.893639011545079,47
Asthma,22,54,MID,0.01,0.792063121145829,47
Asthma,22,54,MELD_lambda0_afproj,0.1,0.877246666299651,47
Asthma,22,54,MELD_lambda0_reportN,0.1,0.877743478652685,47
Asthma,22,54,MELD_lambda0_equal,0.1,0.819979631060958,47
Asthma,22,54,MELD_lambda1_afproj,0.1,0.883136998984886,47
Asthma,22,54,EUR,0.1,0.884300327028432,47
Asthma,22,54,EAS,0.1,0.768908692480495,47
Asthma,22,54,AFR,0.1,0.562279598729349,47
Asthma,22,54,CSA,0.1,0.775120254721891,47
Asthma,22,54,AMR,0.1,0.864895386552776,47
Asthma,22,54,MID,0.1,0.773165185927275,47
Asthma,22,55,MELD_lambda0_afproj,0.001,0.748436550899397,223
Asthma,22,55,MELD_lambda0_reportN,0.001,0.730033722158228,223
Asthma,22,55,MELD_lambda0_equal,0.001,0.882861897203316,223
Asthma,22,55,MELD_lambda1_afproj,0.001,0.753024504964036,223
Asthma,22,55,EUR,0.001,0.519331240490002,223
Asthma,22,55,EAS,0.001,0.424855269326992,223
Asthma,22,55,AFR,0.001,0.586539757001889,223
Asthma,22,55,CSA,0.001,0.78585235089516,223
Asthma,22,55,AMR,0.001,0.529140907021593,223
Asthma,22,55,MID,0.001,0.72280575055054,223
Asthma,22,55,MELD_lambda0_afproj,0.01,0.878176631283983,223
Asthma,22,55,MELD_lambda0_reportN,0.01,0.875150217700965,223
Asthma,22,55,MELD_lambda0_equal,0.01,0.887076575697256,223
Asthma,22,55,MELD_lambda1_afproj,0.01,0.882115488483589,223
Asthma,22,55,EUR,0.01,0.822760499684603,223
Asthma,22,55,EAS,0.01,0.738267907799362,223
Asthma,22,55,AFR,0.01,0.647981980571279,223
Asthma,22,55,CSA,0.01,0.855881375183428,223
Asthma,22,55,AMR,0.01,0.83091672250964,223
Asthma,22,55,MID,0.01,0.837673075488573,223
Asthma,22,55,MELD_lambda0_afproj,0.1,0.905323073593769,223
Asthma,22,55,MELD_lambda0_reportN,0.1,0.905111402567634,223
Asthma,22,55,MELD_lambda0_equal,0.1,0.885574460800459,223
Asthma,22,55,MELD_lambda1_afproj,0.1,0.906382589018971,223
Asthma,22,55,EUR,0.1,0.890127762578452,223
Asthma,22,55,EAS,0.1,0.770387690994301,223
Asthma,22,55,AFR,0.1,0.666055372094888,223
Asthma,22,55,CSA,0.1,0.872637107434652,223
Asthma,22,55,AMR,0.1,0.890732268563875,223
Asthma,22,55,MID,0.1,0.858679399504881,223
Asthma,22,56,MELD_lambda0_afproj,0.001,0.875108334700034,36
Asthma,22,56,MELD_lambda0_reportN,0.001,0.878218498678169,36
Asthma,22,56,MELD_lambda0_equal,0.001,0.919441570339947,36
Asthma,22,56,MELD_lambda1_afproj,0.001,0.875049587113595,36
Asthma,22,56,EUR,0.001,0.634325438082856,36
Asthma,22,56,EAS,0.001,0.877430558484861,36
Asthma,22,56,AFR,0.001,0.794054819158647,36
Asthma,22,56,CSA,0.001,0.869960664187507,36
Asthma,22,56,AMR,0.001,0.882073493896157,36
Asthma,22,56,MID,0.001,0.872127818835609,36
Asthma,22,56,MELD_lambda0_afproj,0.01,0.888515157646229,36
Asthma,22,56,MELD_lambda0_reportN,0.01,0.890895441958963,36
Asthma,22,56,MELD_lambda0_equal,0.01,0.920614753940955,36
Asthma,22,56,MELD_lambda1_afproj,0.01,0.892033069054666,36
Asthma,22,56,EUR,0.01,0.817986398180406,36
Asthma,22,56,EAS,0.01,0.885601680559631,36
Asthma,22,56,AFR,0.01,0.796069635320151,36
Asthma,22,56,CSA,0.01,0.874753283373102,36
Asthma,22,56,AMR,0.01,0.887182126563086,36
Asthma,22,56,MID,0.01,0.877462711864512,36
Asthma,22,56,MELD_lambda0_afproj,0.1,0.925098842441243,36
Asthma,22,56,MELD_lambda0_reportN,0.1,0.925589541754101,36
Asthma,22,56,MELD_lambda0_equal,0.1,0.925803985687675,36
Asthma,22,56,MELD_lambda1_afproj,0.1,0.932056749189112,36
Asthma,22,56,EUR,0.1,0.915116616308197,36
Asthma,22,56,EAS,0.1,0.91635908940039,36
Asthma,22,56,AFR,0.1,0.813205789981167,36
Asthma,22,56,CSA,0.1,0.891545641509308,36
Asthma,22,56,AMR,0.1,0.920611549645801,36
Asthma,22,56,MID,0.1,0.897659469873542,36
Asthma,22,57,MELD_lambda0_afproj,0.001,0.879253809567341,240
Asthma,22,57,MELD_lambda0_reportN,0.001,0.875482625026876,240
Asthma,22,57,MELD_lambda0_equal,0.001,0.936970871329107,240
Asthma,22,57,MELD_lambda1_afproj,0.001,0.885182487119177,240
Asthma,22,57,EUR,0.001,0.852301104587345,240
Asthma,22,57,EAS,0.001,0.3631621238715,240
Asthma,22,57,AFR,0.001,0.685528981139205,240
Asthma,22,57,CSA,0.001,0.782319547655719,240
Asthma,22,57,AMR,0.001,0.821986753694093,240
Asthma,22,57,MID,0.001,0.847133362519051,240
Asthma,22,57,MELD_lambda0_afproj,0.01,0.964115637486268,240
Asthma,22,57,MELD_lambda0_reportN,0.01,0.96333770530031,240
Asthma,22,57,MELD_lambda0_equal,0.01,0.957283418858775,240
Asthma,22,57,MELD_lambda1_afproj,0.01,0.964919838248167,240
Asthma,22,57,EUR,0.01,0.954261832324735,240
Asthma,22,57,EAS,0.01,0.779978006350668,240
Asthma,22,57,AFR,0.01,0.823723175022178,240
Asthma,22,57,CSA,0.01,0.921223732183387,240
Asthma,22,57,AMR,0.01,0.944237526558061,240
Asthma,22,57,MID,0.01,0.94639666818878,240
Asthma,22,57,MELD_lambda0_afproj,0.1,0.96933782563395,240
Asthma,22,57,MELD_lambda0_reportN,0.1,0.969248966900496,240
Asthma,22,57,MELD_lambda0_equal,0.1,0.958215942556981,240
Asthma,22,57,MELD_lambda1_afproj,0.1,0.9678691128482,240
Asthma,22,57,EUR,0.1,0.965228405835933,240
Asthma,22,57,EAS,0.1,0.857179093894592,240
Asthma,22,57,AFR,0.1,0.84542275877434,240
Asthma,22,57,CSA,0.1,0.939017715284299,240
Asthma,22,57,AMR,0.1,0.95967279781369,240
Asthma,22,57,MID,0.1,0.963530380202109,240
Asthma,22,58,MELD_lambda0_afproj,0.001,0.829072969687745,360
Asthma,22,58,MELD_lambda0_reportN,0.001,0.82919703870467,360
Asthma,22,58,MELD_lambda0_equal,0.001,0.852964720776427,360
Asthma,22,58,MELD_lambda1_afproj,0.001,0.826265853607411,360
Asthma,22,58,EUR,0.001,0.49316175581819,360
Asthma,22,58,EAS,0.001,0.703312851413745,360
Asthma,22,58,AFR,0.001,0.694351978098468,360
Asthma,22,58,CSA,0.001,0.609519331470476,360
Asthma,22,58,AMR,0.001,0.492334009567508,360
Asthma,22,58,MID,0.001,0.665210893988262,360
Asthma,22,58,MELD_lambda0_afproj,0.01,0.85851467866665,360
Asthma,22,58,MELD_lambda0_reportN,0.01,0.859107204247312,360
Asthma,22,58,MELD_lambda0_equal,0.01,0.853393522719165,360
Asthma,22,58,MELD_lambda1_afproj,0.01,0.85728382797831,360
Asthma,22,58,EUR,0.01,0.767647867056236,360
Asthma,22,58,EAS,0.01,0.805451357995118,360
Asthma,22,58,AFR,0.01,0.719190256490854,360
Asthma,22,58,CSA,0.01,0.800715232514086,360
Asthma,22,58,AMR,0.01,0.761103787258526,360
Asthma,22,58,MID,0.01,0.803524189705039,360
Asthma,22,58,MELD_lambda0_afproj,0.1,0.863155233552292,360
Asthma,22,58,MELD_lambda0_reportN,0.1,0.862959449560763,360
Asthma,22,58,MELD_lambda0_equal,0.1,0.855503060816358,360
Asthma,22,58,MELD_lambda1_afproj,0.1,0.863481972728877,360
Asthma,22,58,EUR,0.1,0.837328472071676,360
Asthma,22,58,EAS,0.1,0.822965378564837,360
Asthma,22,58,AFR,0.1,0.723218373431975,360
Asthma,22,58,CSA,0.1,0.82441520913016,360
Asthma,22,58,AMR,0.1,0.817929181850356,360
Asthma,22,58,MID,0.1,0.833175483293814,360
Asthma,22,60,MELD_lambda0_afproj,0.001,0.76795274761151,198
Asthma,22,60,MELD_lambda0_reportN,0.001,0.770387857629625,198
Asthma,22,60,MELD_lambda0_equal,0.001,0.742813089620145,198
Asthma,22,60,MELD_lambda1_afproj,0.001,0.763988096204223,198
Asthma,22,60,EUR,0.001,0.517351282750378,198
Asthma,22,60,EAS,0.001,0.600457766965752,198
Asthma,22,60,AFR,0.001,0.593566259138844,198
Asthma,22,60,CSA,0.001,0.700510926269565,198
Asthma,22,60,AMR,0.001,0.712378513805773,198
Asthma,22,60,MID,0.001,0.524257532049968,198
Asthma,22,60,MELD_lambda0_afproj,0.01,0.789508394094246,198
Asthma,22,60,MELD_lambda0_reportN,0.01,0.791670916612696,198
Asthma,22,60,MELD_lambda0_equal,0.01,0.744560704835783,198
Asthma,22,60,MELD_lambda1_afproj,0.01,0.785192305078743,198
Asthma,22,60,EUR,0.01,0.734695002600517,198
Asthma,22,60,EAS,0.01,0.679402549288599,198
Asthma,22,60,AFR,0.01,0.591906920417535,198
Asthma,22,60,CSA,0.01,0.736759683425487,198
Asthma,22,60,AMR,0.01,0.747219222564574,198
Asthma,22,60,MID,0.01,0.680496966790458,198
Asthma,22,60,MELD_lambda0_afproj,0.1,0.790256764503066,198
Asthma,22,60,MELD_lambda0_reportN,0.1,0.792542039397233,198
Asthma,22,60,MELD_lambda0_equal,0.1,0.744286135080702,198
Asthma,22,60,MELD_lambda1_afproj,0.1,0.784784297537472,198
Asthma,22,60,EUR,0.1,0.759641497060315,198
Asthma,22,60,EAS,0.1,0.688080555991239,198
Asthma,22,60,AFR,0.1,0.583500482722584,198
Asthma,22,60,CSA,0.1,0.749986938496668,198
Asthma,22,60,AMR,0.1,0.732065395568474,198
Asthma,22,60,MID,0.1,0.693737307122214,198
Asthma,22,61,MELD_lambda0_afproj,0.001,0.7665384387695,297
Asthma,22,61,MELD_lambda0_reportN,0.001,0.763962451825544,297
Asthma,22,61,MELD_lambda0_equal,0.001,0.846596611361309,297
Asthma,22,61,MELD_lambda1_afproj,0.001,0.774693461503875,297
Asthma,22,61,EUR,0.001,0.595777112500648,297
Asthma,22,61,EAS,0.001,0.44086333016891,297
Asthma,22,61,AFR,0.001,0.488355763597242,297
Asthma,22,61,CSA,0.001,0.675511043356685,297
Asthma,22,61,AMR,0.001,0.591095676891101,297
Asthma,22,61,MID,0.001,0.61665243985324,297
Asthma,22,61,MELD_lambda0_afproj,0.01,0.87472879575578,297
Asthma,22,61,MELD_lambda0_reportN,0.01,0.874337416867489,297
Asthma,22,61,MELD_lambda0_equal,0.01,0.855503731442073,297
Asthma,22,61,MELD_lambda1_afproj,0.01,0.876107751552631,297
Asthma,22,61,EUR,0.01,0.849269555356206,297
Asthma,22,61,EAS,0.01,0.740967545012058,297
Asthma,22,61,AFR,0.01,0.689020460973493,297
Asthma,22,61,CSA,0.01,0.854118280812088,297
Asthma,22,61,AMR,0.01,0.74832821417197,297
Asthma,22,61,MID,0.01,0.807116422331138,297
Asthma,22,61,MELD_lambda0_afproj,0.1,0.859802518306347,297
Asthma,22,61,MELD_lambda0_reportN,0.1,0.859684824957933,297
Asthma,22,61,MELD_lambda0_equal,0.1,0.84186271673227,297
Asthma,22,61,MELD_lambda1_afproj,0.1,0.859815539731866,297
Asthma,22,61,EUR,0.1,0.854653493090819,297
Asthma,22,61,EAS,0.1,0.794080825815317,297
Asthma,22,61,AFR,0.1,0.71411888869148,297
Asthma,22,61,CSA,0.1,0.857723439221805,297
Asthma,22,61,AMR,0.1,0.760244444721527,297
Asthma,22,61,MID,0.1,0.828735998279521,297
Asthma,22,63,MELD_lambda0_afproj,0.001,0.659386037141779,67
Asthma,22,63,MELD_lambda0_reportN,0.001,0.658682136951904,67
Asthma,22,63,MELD_lambda0_equal,0.001,0.601537918396646,67
Asthma,22,63,MELD_lambda1_afproj,0.001,0.662104556305266,67
Asthma,22,63,EUR,0.001,0.674409473770428,67
Asthma,22,63,EAS,0.001,0.48436186173258,67
Asthma,22,63,AFR,0.001,0.482616615544578,67
Asthma,22,63,CSA,0.001,0.582060391821843,67
Asthma,22,63,AMR,0.001,0.598661196909689,67
Asthma,22,63,MID,0.001,0.636171688793975,67
Asthma,22,63,MELD_lambda0_afproj,0.01,0.652715621459694,67
Asthma,22,63,MELD_lambda0_reportN,0.01,0.651832185502864,67
Asthma,22,63,MELD_lambda0_equal,0.01,0.600743907730564,67
Asthma,22,63,MELD_lambda1_afproj,0.01,0.654795855815416,67
Asthma,22,63,EUR,0.01,0.663689350542092,67
Asthma,22,63,EAS,0.01,0.484530183302182,67
Asthma,22,63,AFR,0.01,0.483898703176397,67
Asthma,22,63,CSA,0.01,0.580970467231118,67
Asthma,22,63,AMR,0.01,0.596637596431571,67
Asthma,22,63,MID,0.01,0.637751002389549,67
Asthma,22,63,MELD_lambda0_afproj,0.1,0.63387586754593,67
Asthma,22,63,MELD_lambda0_reportN,0.1,0.633179978101323,67
Asthma,22,63,MELD_lambda0_equal,0.1,0.591248497851587,67
Asthma,22,63,MELD_lambda1_afproj,0.1,0.632236211497945,67
Asthma,22,63,EUR,0.1,0.645519680364125,67
Asthma,22,63,EAS,0.1,0.471966334286781,67
Asthma,22,63,AFR,0.1,0.493915563556523,67
Asthma,22,63,CSA,0.1,0.568860781643586,67
Asthma,22,63,AMR,0.1,0.577200515432875,67
Asthma,22,63,MID,0.1,0.637046935361476,67
Asthma,22,64,MELD_lambda0_afproj,0.001,0.909923412078059,184
Asthma,22,64,MELD_lambda0_reportN,0.001,0.906706697726158,184
Asthma,22,64,MELD_lambda0_equal,0.001,0.950193224847281,184
Asthma,22,64,MELD_lambda1_afproj,0.001,0.89765485193596,184
Asthma,22,64,EUR,0.001,0.852751043140194,184
Asthma,22,64,EAS,0.001,0.655002870028128,184
Asthma,22,64,AFR,0.001,0.782958675626209,184
Asthma,22,64,CSA,0.001,0.855807244025322,184
Asthma,22,64,AMR,0.001,0.763916533175705,184
Asthma,22,64,MID,0.001,0.899752893074583,184
Asthma,22,64,MELD_lambda0_afproj,0.01,0.951392634095967,184
Asthma,22,64,MELD_lambda0_reportN,0.01,0.950692596700316,184
Asthma,22,64,MELD_lambda0_equal,0.01,0.951044018000333,184
Asthma,22,64,MELD_lambda1_afproj,0.01,0.946166369190557,184
Asthma,22,64,EUR,0.01,0.939300557613516,184
Asthma,22,64,EAS,0.01,0.884499871470689,184
Asthma,22,64,AFR,0.01,0.830895003574296,184
Asthma,22,64,CSA,0.01,0.935787488079937,184
Asthma,22,64,AMR,0.01,0.927526753872232,184
Asthma,22,64,MID,0.01,0.932343458531794,184
Asthma,22,64,MELD_lambda0_afproj,0.1,0.952630788373743,184
Asthma,22,64,MELD_lambda0_reportN,0.1,0.952118018091245,184
Asthma,22,64,MELD_lambda0_equal,0.1,0.946678431604007,184
Asthma,22,64,MELD_lambda1_afproj,0.1,0.94864550662674,184
Asthma,22,64,EUR,0.1,0.945611329197512,184
Asthma,22,64,EAS,0.1,0.890252678949124,184
Asthma,22,64,AFR,0.1,0.8329108581839,184
Asthma,22,64,CSA,0.1,0.94169384131126,184
Asthma,22,64,AMR,0.1,0.941752179861845,184
Asthma,22,64,MID,0.1,0.934203097379806,184
Asthma,22,65,MELD_lambda0_afproj,0.001,0.650498487745063,50
Asthma,22,65,MELD_lambda0_reportN,0.001,0.642998748392219,50
Asthma,22,65,MELD_lambda0_equal,0.001,0.911787449042031,50
Asthma,22,65,MELD_lambda1_afproj,0.001,0.664659922181544,50
Asthma,22,65,EUR,0.001,0.447546931782936,50
Asthma,22,65,EAS,0.001,0.522992901058797,50
Asthma,22,65,AFR,0.001,0.894682859185913,50
Asthma,22,65,CSA,0.001,0.790660668611215,50
Asthma,22,65,AMR,0.001,0.776645413818111,50
Asthma,22,65,MID,0.001,0.899153123355995,50
Asthma,22,65,MELD_lambda0_afproj,0.01,0.934855243624529,50
Asthma,22,65,MELD_lambda0_reportN,0.01,0.934684420038602,50
Asthma,22,65,MELD_lambda0_equal,0.01,0.917895340338168,50
Asthma,22,65,MELD_lambda1_afproj,0.01,0.936274119080259,50
Asthma,22,65,EUR,0.01,0.936031772936408,50
Asthma,22,65,EAS,0.01,0.785934773875325,50
Asthma,22,65,AFR,0.01,0.890851579063315,50
Asthma,22,65,CSA,0.01,0.854568888933363,50
Asthma,22,65,AMR,0.01,0.904031737472932,50
Asthma,22,65,MID,0.01,0.90829559148354,50
Asthma,22,65,MELD_lambda0_afproj,0.1,0.909153578030634,50
Asthma,22,65,MELD_lambda0_reportN,0.1,0.909752842673513,50
Asthma,22,65,MELD_lambda0_equal,0.1,0.912288102508911,50
Asthma,22,65,MELD_lambda1_afproj,0.1,0.912758203255047,50
Asthma,22,65,EUR,0.1,0.903625853509993,50
Asthma,22,65,EAS,0.1,0.84747313503506,50
Asthma,22,65,AFR,0.1,0.879582270516599,50
Asthma,22,65,CSA,0.1,0.86866342564292,50
Asthma,22,65,AMR,0.1,0.908611503715616,50
Asthma,22,65,MID,0.1,0.905696138963131,50
Asthma,22,66,MELD_lambda0_afproj,0.001,0.923690595554782,226
Asthma,22,66,MELD_lambda0_reportN,0.001,0.918346556043623,226
Asthma,22,66,MELD_lambda0_equal,0.001,0.943335954773349,226
Asthma,22,66,MELD_lambda1_afproj,0.001,0.922864494670413,226
Asthma,22,66,EUR,0.001,0.799244610083589,226
Asthma,22,66,EAS,0.001,0.579725037281743,226
Asthma,22,66,AFR,0.001,0.797031114565474,226
Asthma,22,66,CSA,0.001,0.855341819739451,226
Asthma,22,66,AMR,0.001,0.785164909717836,226
Asthma,22,66,MID,0.001,0.903309445557875,226
Asthma,22,66,MELD_lambda0_afproj,0.01,0.947058039661411,226
Asthma,22,66,MELD_lambda0_reportN,0.01,0.946540128974274,226
Asthma,22,66,MELD_lambda0_equal,0.01,0.943221382431856,226
Asthma,22,66,MELD_lambda1_afproj,0.01,0.946139532631844,226
Asthma,22,66,EUR,0.01,0.916130011772322,226
Asthma,22,66,EAS,0.01,0.850694698114298,226
Asthma,22,66,AFR,0.01,0.798934756389826,226
Asthma,22,66,CSA,0.01,0.916675397693078,226
Asthma,22,66,AMR,0.01,0.909864728034976,226
Asthma,22,66,MID,0.01,0.925004696109242,226
Asthma,22,66,MELD_lambda0_afproj,0.1,0.945096153738743,226
Asthma,22,66,MELD_lambda0_reportN,0.1,0.944952312574827,226
Asthma,22,66,MELD_lambda0_equal,0.1,0.938905733407261,226
Asthma,22,66,MELD_lambda1_afproj,0.1,0.943235464088685,226
Asthma,22,66,EUR,0.1,0.931305692749046,226
Asthma,22,66,EAS,0.1,0.871625051680742,226
Asthma,22,66,AFR,0.1,0.798140100289457,226
Asthma,22,66,CSA,0.1,0.924277264642367,226
Asthma,22,66,AMR,0.1,0.920745225952686,226
Asthma,22,66,MID,0.1,0.923841243460862,226
Asthma,22,67,MELD_lambda0_afproj,0.001,0.790527316800062,216
Asthma,22,67,MELD_lambda0_reportN,0.001,0.7794307456075,216
Asthma,22,67,MELD_lambda0_equal,0.001,0.8638796525684,216
Asthma,22,67,MELD_lambda1_afproj,0.001,0.784602055522243,216
Asthma,22,67,EUR,0.001,0.614386325862582,216
Asthma,22,67,EAS,0.001,0.639560822004395,216
Asthma,22,67,AFR,0.001,0.666735504903693,216
Asthma,22,67,CSA,0.001,0.615471437124935,216
Asthma,22,67,AMR,0.001,0.604799801631728,216
Asthma,22,67,MID,0.001,0.734467783932116,216
Asthma,22,67,MELD_lambda0_afproj,0.01,0.868040843505471,216
Asthma,22,67,MELD_lambda0_reportN,0.01,0.866853670509853,216
Asthma,22,67,MELD_lambda0_equal,0.01,0.861934531928754,216
Asthma,22,67,MELD_lambda1_afproj,0.01,0.866301433346491,216
Asthma,22,67,EUR,0.01,0.836251786943263,216
Asthma,22,67,EAS,0.01,0.784107109170714,216
Asthma,22,67,AFR,0.01,0.663902509928317,216
Asthma,22,67,CSA,0.01,0.833518206111174,216
Asthma,22,67,AMR,0.01,0.833929566192847,216
Asthma,22,67,MID,0.01,0.816258094081806,216
Asthma,22,67,MELD_lambda0_afproj,0.1,0.869350065597861,216
Asthma,22,67,MELD_lambda0_reportN,0.1,0.86942857553466,216
Asthma,22,67,MELD_lambda0_equal,0.1,0.848214744560694,216
Asthma,22,67,MELD_lambda1_afproj,0.1,0.869859978309474,216
Asthma,22,67,EUR,0.1,0.864614404947639,216
Asthma,22,67,EAS,0.1,0.786260977412959,216
Asthma,22,67,AFR,0.1,0.655008718488439,216
Asthma,22,67,CSA,0.1,0.829137655443771,216
Asthma,22,67,AMR,0.1,0.859870637344659,216
Asthma,22,67,MID,0.1,0.803779832907224,216
Asthma,22,68,MELD_lambda0_afproj,0.001,0.672462057317132,137
Asthma,22,68,MELD_lambda0_reportN,0.001,0.671906980511588,137
Asthma,22,68,MELD_lambda0_equal,0.001,0.649458627682854,137
Asthma,22,68,MELD_lambda1_afproj,0.001,0.73342429357352,137
Asthma,22,68,EUR,0.001,0.48208107486762,137
Asthma,22,68,EAS,0.001,0.407660393029698,137
Asthma,22,68,AFR,0.001,0.487737239524887,137
Asthma,22,68,CSA,0.001,0.483051954029572,137
Asthma,22,68,AMR,0.001,0.72649090655846,137
Asthma,22,68,MID,0.001,0.621349852240618,137
Asthma,22,68,MELD_lambda0_afproj,0.01,0.682329769101021,137
Asthma,22,68,MELD_lambda0_reportN,0.01,0.680858077510631,137
Asthma,22,68,MELD_lambda0_equal,0.01,0.646936804235563,137
Asthma,22,68,MELD_lambda1_afproj,0.01,0.742728008905921,137
Asthma,22,68,EUR,0.01,0.664651094004215,137
Asthma,22,68,EAS,0.01,0.50813992125838,137
Asthma,22,68,AFR,0.01,0.484058531906496,137
Asthma,22,68,CSA,0.01,0.531438360954277,137
Asthma,22,68,AMR,0.01,0.736547859610103,137
Asthma,22,68,MID,0.01,0.615806012867748,137
Asthma,22,68,MELD_lambda0_afproj,0.1,0.655366128050435,137
Asthma,22,68,MELD_lambda0_reportN,0.1,0.654562187168683,137
Asthma,22,68,MELD_lambda0_equal,0.1,0.627535683666425,137
Asthma,22,68,MELD_lambda1_afproj,0.1,0.710639469367991,137
Asthma,22,68,EUR,0.1,0.65137487241585,137
Asthma,22,68,EAS,0.1,0.520034211860039,137
Asthma,22,68,AFR,0.1,0.461155567968185,137
Asthma,22,68,CSA,0.1,0.554171937298835,137
Asthma,22,68,AMR,0.1,0.703624056724754,137
Asthma,22,68,MID,0.1,0.591200261171569,137
Asthma,22,70,MELD_lambda0_afproj,0.001,0.934533928415743,198
Asthma,22,70,MELD_lambda0_reportN,0.001,0.934634124420391,198
Asthma,22,70,MELD_lambda0_equal,0.001,0.905290120476366,198
Asthma,22,70,MELD_lambda1_afproj,0.001,0.932352656826749,198
Asthma,22,70,EUR,0.001,0.76154275499689,198
Asthma,22,70,EAS,0.001,0.708017499235574,198
Asthma,22,70,AFR,0.001,0.665203232271267,198
Asthma,22,70,CSA,0.001,0.884729753325046,198
Asthma,22,70,AMR,0.001,0.799102626040645,198
Asthma,22,70,MID,0.001,0.90091117623158,198
Asthma,22,70,MELD_lambda0_afproj,0.01,0.932200492621698,198
Asthma,22,70,MELD_lambda0_reportN,0.01,0.932740793627892,198
Asthma,22,70,MELD_lambda0_equal,0.01,0.903831382731147,198
Asthma,22,70,MELD_lambda1_afproj,0.01,0.928618513675874,198
Asthma,22,70,EUR,0.01,0.912307463447906,198
Asthma,22,70,EAS,0.01,0.798997739775229,198
Asthma,22,70,AFR,0.01,0.663190375686002,198
Asthma,22,70,CSA,0.01,0.896178661124119,198
Asthma,22,70,AMR,0.01,0.88640880365389,198
Asthma,22,70,MID,0.01,0.900885322453608,198
Asthma,22,70,MELD_lambda0_afproj,0.1,0.915740188850495,198
Asthma,22,70,MELD_lambda0_reportN,0.1,0.915924807351615,198
Asthma,22,70,MELD_lambda0_equal,0.1,0.892464560223427,198
Asthma,22,70,MELD_lambda1_afproj,0.1,0.911534430208157,198
Asthma,22,70,EUR,0.1,0.909945145670265,198
Asthma,22,70,EAS,0.1,0.789471100513616,198
Asthma,22,70,AFR,0.1,0.660286371357927,198
Asthma,22,70,CSA,0.1,0.882403513956425,198
Asthma,22,70,AMR,0.1,0.886942132289216,198
Asthma,22,70,MID,0.1,0.895622781578702,198
Asthma,22,71,MELD_lambda0_afproj,0.001,0.666222277115029,175
Asthma,22,71,MELD_lambda0_reportN,0.001,0.642971239402257,175
Asthma,22,71,MELD_lambda0_equal,0.001,0.784336252868199,175
Asthma,22,71,MELD_lambda1_afproj,0.001,0.672067270615022,175
Asthma,22,71,EUR,0.001,0.536649219821492,175
Asthma,22,71,EAS,0.001,0.509746853759323,175
Asthma,22,71,AFR,0.001,0.648740132889483,175
Asthma,22,71,CSA,0.001,0.763259650952303,175
Asthma,22,71,AMR,0.001,0.778889785418512,175
Asthma,22,71,MID,0.001,0.775241591988953,175
Asthma,22,71,MELD_lambda0_afproj,0.01,0.74417363151658,175
Asthma,22,71,MELD_lambda0_reportN,0.01,0.743624008337308,175
Asthma,22,71,MELD_lambda0_equal,0.01,0.784513296976283,175
Asthma,22,71,MELD_lambda1_afproj,0.01,0.738566032157069,175
Asthma,22,71,EUR,0.01,0.735657151419603,175
Asthma,22,71,EAS,0.01,0.681527587070674,175
Asthma,22,71,AFR,0.01,0.670758300472424,175
Asthma,22,71,CSA,0.01,0.780577638822304,175
Asthma,22,71,AMR,0.01,0.796353816045901,175
Asthma,22,71,MID,0.01,0.792794681215231,175
Asthma,22,71,MELD_lambda0_afproj,0.1,0.769082384367104,175
Asthma,22,71,MELD_lambda0_reportN,0.1,0.769266723476666,175
Asthma,22,71,MELD_lambda0_equal,0.1,0.774071393285536,175
Asthma,22,71,MELD_lambda1_afproj,0.1,0.763433267870123,175
Asthma,22,71,EUR,0.1,0.770782701098528,175
Asthma,22,71,EAS,0.1,0.691250708104844,175
Asthma,22,71,AFR,0.1,0.661945046276026,175
Asthma,22,71,CSA,0.1,0.776644261251376,175
Asthma,22,71,AMR,0.1,0.78773556725154,175
Asthma,22,71,MID,0.1,0.790338754455725,175
Asthma,22,72,MELD_lambda0_afproj,0.001,0.814824340175707,63
Asthma,22,72,MELD_lambda0_reportN,0.001,0.816163703582848,63
Asthma,22,72,MELD_lambda0_equal,0.001,0.846290853540656,63
Asthma,22,72,MELD_lambda1_afproj,0.001,0.816818751116443,63
Asthma,22,72,EUR,0.001,0.744419124680467,63
Asthma,22,72,EAS,0.001,0.781144097284761,63
Asthma,22,72,AFR,0.001,0.762141276371813,63
Asthma,22,72,CSA,0.001,0.820895914748465,63
Asthma,22,72,AMR,0.001,0.835030541132177,63
Asthma,22,72,MID,0.001,0.795258506229925,63
Asthma,22,72,MELD_lambda0_afproj,0.01,0.822312593520415,63
Asthma,22,72,MELD_lambda0_reportN,0.01,0.823931856585024,63
Asthma,22,72,MELD_lambda0_equal,0.01,0.845570398776555,63
Asthma,22,72,MELD_lambda1_afproj,0.01,0.824870706675714,63
Asthma,22,72,EUR,0.01,0.804423483789295,63
Asthma,22,72,EAS,0.01,0.802264034226196,63
Asthma,22,72,AFR,0.01,0.794934000732882,63
Asthma,22,72,CSA,0.01,0.814506096267461,63
Asthma,22,72,AMR,0.01,0.835929836498568,63
Asthma,22,72,MID,0.01,0.788868825624463,63
Asthma,22,72,MELD_lambda0_afproj,0.1,0.827375545125616,63
Asthma,22,72,MELD_lambda0_reportN,0.1,0.828524381401235,63
Asthma,22,72,MELD_lambda0_equal,0.1,0.842586290467131,63
Asthma,22,72,MELD_lambda1_afproj,0.1,0.832646283538488,63
Asthma,22,72,EUR,0.1,0.819474740026775,63
Asthma,22,72,EAS,0.1,0.793442134843607,63
Asthma,22,72,AFR,0.1,0.796715628303485,63
Asthma,22,72,CSA,0.1,0.802583704960079,63
Asthma,22,72,AMR,0.1,0.842439164183997,63
Asthma,22,72,MID,0.1,0.782222198913385,63
Asthma,22,74,MELD_lambda0_afproj,0.001,0.801817807343609,392
Asthma,22,74,MELD_lambda0_reportN,0.001,0.799602796675815,392
Asthma,22,74,MELD_lambda0_equal,0.001,0.894392391995109,392
Asthma,22,74,MELD_lambda1_afproj,0.001,0.808061214785404,392
Asthma,22,74,EUR,0.001,0.708761966607592,392
Asthma,22,74,EAS,0.001,0.419862274078563,392
Asthma,22,74,AFR,0.001,0.607274086368021,392
Asthma,22,74,CSA,0.001,0.625149166797309,392
Asthma,22,74,AMR,0.001,0.711219262183633,392
Asthma,22,74,MID,0.001,0.688880240785547,392
Asthma,22,74,MELD_lambda0_afproj,0.01,0.914325428083308,392
Asthma,22,74,MELD_lambda0_reportN,0.01,0.914341040885751,392
Asthma,22,74,MELD_lambda0_equal,0.01,0.917624706365479,392
Asthma,22,74,MELD_lambda1_afproj,0.01,0.913146061091808,392
Asthma,22,74,EUR,0.01,0.888160511387897,392
Asthma,22,74,EAS,0.01,0.779581367729084,392
Asthma,22,74,AFR,0.01,0.813387500922802,392
Asthma,22,74,CSA,0.01,0.815281670533354,392
Asthma,22,74,AMR,0.01,0.855444642252811,392
Asthma,22,74,MID,0.01,0.878334288851811,392
Asthma,22,74,MELD_lambda0_afproj,0.1,0.912865863018652,392
Asthma,22,74,MELD_lambda0_reportN,0.1,0.912809857007122,392
Asthma,22,74,MELD_lambda0_equal,0.1,0.906180738132972,392
Asthma,22,74,MELD_lambda1_afproj,0.1,0.910311843007597,392
Asthma,22,74,EUR,0.1,0.905823328846216,392
Asthma,22,74,EAS,0.1,0.831851354854433,392
Asthma,22,74,AFR,0.1,0.815048395254467,392
Asthma,22,74,CSA,0.1,0.865581624403476,392
Asthma,22,74,AMR,0.1,0.877310828059793,392
Asthma,22,74,MID,0.1,0.887278185645295,392
COPD,22,1,MELD_lambda0_afproj,0.001,0.785467684213236,115
COPD,22,1,MELD_lambda0_reportN,0.001,0.786510723576998,115
COPD,22,1,MELD_lambda0_equal,0.001,0.770187188602299,115
COPD,22,1,MELD_lambda1_afproj,0.001,0.767667162580227,115
COPD,22,1,EUR,0.001,0.821915938168502,115
COPD,22,1,EAS,0.001,0.471381839009597,115
COPD,22,1,AFR,0.001,0.607849833196898,115
COPD,22,1,CSA,0.001,0.68350353328364,115
COPD,22,1,AMR,0.001,0.751689146265186,115
COPD,22,1,MID,0.001,0.779270235779676,115
COPD,22,1,MELD_lambda0_afproj,0.01,0.783157699100936,115
COPD,22,1,MELD_lambda0_reportN,0.01,0.78602890728903,115
COPD,22,1,MELD_lambda0_equal,0.01,0.771007757101112,115
COPD,22,1,MELD_lambda1_afproj,0.01,0.766618854126797,115
COPD,22,1,EUR,0.01,0.815482211943131,115
COPD,22,1,EAS,0.01,0.590503170159399,115
COPD,22,1,AFR,0.01,0.616209252711556,115
COPD,22,1,CSA,0.01,0.714882841303761,115
COPD,22,1,AMR,0.01,0.762972984114658,115
COPD,22,1,MID,0.01,0.78277816310494,115
COPD,22,1,MELD_lambda0_afproj,0.1,0.77350520698212,115
COPD,22,1,MELD_lambda0_reportN,0.1,0.776271192052063,115
COPD,22,1,MELD_lambda0_equal,0.1,0.77313938302163,115
COPD,22,1,MELD_lambda1_afproj,0.1,0.759603669166179,115
COPD,22,1,EUR,0.1,0.778178929408941,115
COPD,22,1,EAS,0.1,0.662554811643588,115
COPD,22,1,AFR,0.1,0.630264083329421,115
COPD,22,1,CSA,0.1,0.737822633592101,115
COPD,22,1,AMR,0.1,0.764358446041403,115
COPD,22,1,MID,0.1,0.775429210365808,115
COPD,22,2,MELD_lambda0_afproj,0.001,0.710349687598295,46
COPD,22,2,MELD_lambda0_reportN,0.001,0.71118833298872,46
COPD,22,2,MELD_lambda0_equal,0.001,0.711404687505566,46
COPD,22,2,MELD_lambda1_afproj,0.001,0.704085664981504,46
COPD,22,2,EUR,0.001,0.705040192596552,46
COPD,22,2,EAS,0.001,0.691211518851504,46
COPD,22,2,AFR,0.001,0.628625464276624,46
COPD,22,2,CSA,0.001,0.731202356221722,46
COPD,22,2,AMR,0.001,0.702659032961376,46
COPD,22,2,MID,0.001,0.73049487951879,46
COPD,22,2,MELD_lambda0_afproj,0.01,0.713690839536725,46
COPD,22,2,MELD_lambda0_reportN,0.01,0.714281230360296,46
COPD,22,2,MELD_lambda0_equal,0.01,0.712107123936445,46
COPD,22,2,MELD_lambda1_afproj,0.01,0.707791760721165,46
COPD,22,2,EUR,0.01,0.709141134100555,46
COPD,22,2,EAS,0.01,0.693861327197957,46
COPD,22,2,AFR,0.01,0.626220011412622,46
COPD,22,2,CSA,0.01,0.730820256130247,46
COPD,22,2,AMR,0.01,0.703648338851664,46
COPD,22,2,MID,0.01,0.730339851021987,46
COPD,22,2,MELD_lambda0_afproj,0.1,0.725307523687989,46
COPD,22,2,MELD_lambda0_reportN,0.1,0.725193377594591,46
COPD,22,2,MELD_lambda0_equal,0.1,0.715526690063082,46
COPD,22,2,MELD_lambda1_afproj,0.1,0.720718403690031,46
COPD,22,2,EUR,0.1,0.719891660864828,46
COPD,22,2,EAS,0.1,0.705952479612611,46
COPD,22,2,AFR,0.1,0.606841903016068,46
COPD,22,2,CSA,0.1,0.732298138775181,46
COPD,22,2,AMR,0.1,0.708813750412145,46
COPD,22,2,MID,0.1,0.728310977000679,46
COPD,22,4,MELD_lambda0_afproj,0.001,0.872308717037818,194
COPD,22,4,MELD_lambda0_reportN,0.001,0.87149392611403,194
COPD,22,4,MELD_lambda0_equal,0.001,0.835689623139223,194
COPD,22,4,MELD_lambda1_afproj,0.001,0.86804654944902,194
COPD,22,4,EUR,0.001,0.849786099418595,194
COPD,22,4,EAS,0.001,0.360598177094273,194
COPD,22,4,AFR,0.001,0.644045871231972,194
COPD,22,4,CSA,0.001,0.786714885564598,194
COPD,22,4,AMR,0.001,0.708795400117816,194
COPD,22,4,MID,0.001,0.746882886766682,194
COPD,22,4,MELD_lambda0_afproj,0.01,0.865767210862219,194
COPD,22,4,MELD_lambda0_reportN,0.01,0.866127201231993,194
COPD,22,4,MELD_lambda0_equal,0.01,0.855629599006595,194
COPD,22,4,MELD_lambda1_afproj,0.01,0.864458375818842,194
COPD,22,4,EUR,0.01,0.873990116779418,194
COPD,22,4,EAS,0.01,0.702655874790801,194
COPD,22,4,AFR,0.01,0.702777315498741,194
COPD,22,4,CSA,0.01,0.870077747879317,194
COPD,22,4,AMR,0.01,0.82616269066079,194
COPD,22,4,MID,0.01,0.801078523620078,194
COPD,22,4,MELD_lambda0_afproj,0.1,0.856047378605432,194
COPD,22,4,MELD_lambda0_reportN,0.1,0.856075089555004,194
COPD,22,4,MELD_lambda0_equal,0.1,0.853335042423579,194
COPD,22,4,MELD_lambda1_afproj,0.1,0.853246222415452,194
COPD,22,4,EUR,0.1,0.871883676726965,194
COPD,22,4,EAS,0.1,0.729255756105139,194
COPD,22,4,AFR,0.1,0.715291849549926,194
COPD,22,4,CSA,0.1,0.867106655321523,194
COPD,22,4,AMR,0.1,0.837687748909603,194
COPD,22,4,MID,0.1,0.811972573162716,194
COPD,22,5,MELD_lambda0_afproj,0.001,0.79489525228782,82
COPD,22,5,MELD_lambda0_reportN,0.001,0.787922040677772,82
COPD,22,5,MELD_lambda0_equal,0.001,0.871667750604863,82
COPD,22,5,MELD_lambda1_afproj,0.001,0.801646032840854,82
COPD,22,5,EUR,0.001,0.532089045707408,82
COPD,22,5,EAS,0.001,0.75770267800765,82
COPD,22,5,AFR,0.001,0.840175479782238,82
COPD,22,5,CSA,0.001,0.6168564768597,82
COPD,22,5,AMR,0.001,0.754782181314092,82
COPD,22,5,MID,0.001,0.885785789519613,82
COPD,22,5,MELD_lambda0_afproj,0.01,0.855532951909589,82
COPD,22,5,MELD_lambda0_reportN,0.01,0.854777983521953,82
COPD,22,5,MELD_lambda0_equal,0.01,0.877122860384114,82
COPD,22,5,MELD_lambda1_afproj,0.01,0.858925478684092,82
COPD,22,5,EUR,0.01,0.762897529322005,82
COPD,22,5,EAS,0.01,0.844181538988328,82
COPD,22,5,AFR,0.01,0.871035599877658,82
COPD,22,5,CSA,0.01,0.791127709455577,82
COPD,22,5,AMR,0.01,0.867034333758933,82
COPD,22,5,MID,0.01,0.873888237410458,82
COPD,22,5,MELD_lambda0_afproj,0.1,0.876832545929617,82
COPD,22,5,MELD_lambda0_reportN,0.1,0.876917731596519,82
COPD,22,5,MELD_lambda0_equal,0.1,0.870888782283632,82
COPD,22,5,MELD_lambda1_afproj,0.1,0.87889480319158,82
COPD,22,5,EUR,0.1,0.855227426911372,82
COPD,22,5,EAS,0.1,0.841460947224392,82
COPD,22,5,AFR,0.1,0.888200406411098,82
COPD,22,5,CSA,0.1,0.84381154978071,82
COPD,22,5,AMR,0.1,0.873701553905328,82
COPD,22,5,MID,0.1,0.854613911862432,82
COPD,22,6,MELD_lambda0_afproj,0.001,0.789330866152583,31
COPD,22,6,MELD_lambda0_reportN,0.001,0.7919310190227,31
COPD,22,6,MELD_lambda0_equal,0.001,0.753473537126601,31
COPD,22,6,MELD_lambda1_afproj,0.001,0.785368865174612,31
COPD,22,6,EUR,0.001,0.783744795280725,31
COPD,22,6,EAS,0.001,0.512441753848698,31
COPD,22,6,AFR,0.001,0.475743107045842,31
COPD,22,6,CSA,0.001,0.661502298916629,31
COPD,22,6,AMR,0.001,0.734715056732316,31
COPD,22,6,MID,0.001,0.539385491872831,31
COPD,22,6,MELD_lambda0_afproj,0.01,0.790570396936824,31
COPD,22,6,MELD_lambda0_reportN,0.01,0.79335441766017,31
COPD,22,6,MELD_lambda0_equal,0.01,0.754004595624571,31
COPD,22,6,MELD_lambda1_afproj,0.01,0.789548971432864,31
COPD,22,6,EUR,0.01,0.791091720137503,31
COPD,22,6,EAS,0.01,0.512594347923088,31
COPD,22,6,AFR,0.01,0.474888150097803,31
COPD,22,6,CSA,0.01,0.654026625735481,31
COPD,22,6,AMR,0.01,0.746841811164271,31
COPD,22,6,MID,0.01,0.536252420144866,31
COPD,22,6,MELD_lambda0_afproj,0.1,0.778232319016804,31
COPD,22,6,MELD_lambda0_reportN,0.1,0.780754346944217,31
COPD,22,6,MELD_lambda0_equal,0.1,0.750959232010754,31
COPD,22,6,MELD_lambda1_afproj,0.1,0.77770925281244,31
COPD,22,6,EUR,0.1,0.760226756842603,31
COPD,22,6,EAS,0.1,0.530624148461773,31
COPD,22,6,AFR,0.1,0.470678959885343,31
COPD,22,6,CSA,0.1,0.571846629314315,31
COPD,22,6,AMR,0.1,0.740736707424964,31
COPD,22,6,MID,0.1,0.509480385042515,31
COPD,22,7,MELD_lambda0_afproj,0.001,0.890158004362388,295
COPD,22,7,MELD_lambda0_reportN,0.001,0.89466593287991,295
COPD,22,7,MELD_lambda0_equal,0.001,0.928485587777315,295
COPD,22,7,MELD_lambda1_afproj,0.001,0.898874714838981,295
COPD,22,7,EUR,0.001,0.814678796371294,295
COPD,22,7,EAS,0.001,0.64794611428267,295
COPD,22,7,AFR,0.001,0.516221285704586,295
COPD,22,7,CSA,0.001,0.71675578041146,295
COPD,22,7,AMR,0.001,0.757742337382999,295
COPD,22,7,MID,0.001,0.840241733466939,295
COPD,22,7,MELD_lambda0_afproj,0.01,0.959184273909108,295
COPD,22,7,MELD_lambda0_reportN,0.01,0.95988879841728,295
COPD,22,7,MELD_lambda0_equal,0.01,0.955536373661013,295
COPD,22,7,MELD_lambda1_afproj,0.01,0.957739070413559,295
COPD,22,7,EUR,0.01,0.937337004898,295
COPD,22,7,EAS,0.01,0.894551265749264,295
COPD,22,7,AFR,0.01,0.804744272165302,295
COPD,22,7,CSA,0.01,0.92308238316486,295
COPD,22,7,AMR,0.01,0.930756188647186,295
COPD,22,7,MID,0.01,0.948524311712447,295
COPD,22,7,MELD_lambda0_afproj,0.1,0.958020445594239,295
COPD,22,7,MELD_lambda0_reportN,0.1,0.958596308367515,295
COPD,22,7,MELD_lambda0_equal,0.1,0.950366426018574,295
COPD,22,7,MELD_lambda1_afproj,0.1,0.957446330978611,295
COPD,22,7,EUR,0.1,0.943779316585586,295
COPD,22,7,EAS,0.1,0.902720621868565,295
COPD,22,7,AFR,0.1,0.840368507941029,295
COPD,22,7,CSA,0.1,0.93920733389431,295
COPD,22,7,AMR,0.1,0.945629931511733,295
COPD,22,7,MID,0.1,0.950733117420601,295
COPD,22,8,MELD_lambda0_afproj,0.001,0.887835812825671,106
COPD,22,8,MELD_lambda0_reportN,0.001,0.886418669215016,106
COPD,22,8,MELD_lambda0_equal,0.001,0.870322621106403,106
COPD,22,8,MELD_lambda1_afproj,0.001,0.898635518353377,106
COPD,22,8,EUR,0.001,0.78446299280561,106
COPD,22,8,EAS,0.001,0.513152384871197,106
COPD,22,8,AFR,0.001,0.774709973349477,106
COPD,22,8,CSA,0.001,0.776188652783515,106
COPD,22,8,AMR,0.001,0.795134109742021,106
COPD,22,8,MID,0.001,0.824695390335057,106
COPD,22,8,MELD_lambda0_afproj,0.01,0.896865119394132,106
COPD,22,8,MELD_lambda0_reportN,0.01,0.89612922660969,106
COPD,22,8,MELD_lambda0_equal,0.01,0.874277100198181,106
COPD,22,8,MELD_lambda1_afproj,0.01,0.906637063495164,106
COPD,22,8,EUR,0.01,0.878230027438081,106
COPD,22,8,EAS,0.01,0.803158286479065,106
COPD,22,8,AFR,0.01,0.782242882168881,106
COPD,22,8,CSA,0.01,0.876722818222814,106
COPD,22,8,AMR,0.01,0.900013492022764,106
COPD,22,8,MID,0.01,0.828029999627554,106
COPD,22,8,MELD_lambda0_afproj,0.1,0.88184447156563,106
COPD,22,8,MELD_lambda0_reportN,0.1,0.88227242414903,106
COPD,22,8,MELD_lambda0_equal,0.1,0.875104772262433,106
COPD,22,8,MELD_lambda1_afproj,0.1,0.886520046102356,106
COPD,22,8,EUR,0.1,0.859702175374947,106
COPD,22,8,EAS,0.1,0.792961269256727,106
COPD,22,8,AFR,0.1,0.792334441604817,106
COPD,22,8,CSA,0.1,0.871633764458728,106
COPD,22,8,AMR,0.1,0.899082551414631,106
COPD,22,8,MID,0.1,0.831852662125304,106
COPD,22,10,MELD_lambda0_afproj,0.001,0.72154192094999,226
COPD,22,10,MELD_lambda0_reportN,0.001,0.727764518762793,226
COPD,22,10,MELD_lambda0_equal,0.001,0.88209723621893,226
COPD,22,10,MELD_lambda1_afproj,0.001,0.726228565742513,226
COPD,22,10,EUR,0.001,0.585094698415778,226
COPD,22,10,EAS,0.001,0.541627081781873,226
COPD,22,10,AFR,0.001,0.699469490884562,226
COPD,22,10,CSA,0.001,0.653588794707277,226
COPD,22,10,AMR,0.001,0.768810826796749,226
COPD,22,10,MID,0.001,0.652461702873706,226
COPD,22,10,MELD_lambda0_afproj,0.01,0.860550582647266,226
COPD,22,10,MELD_lambda0_reportN,0.01,0.859924598317959,226
COPD,22,10,MELD_lambda0_equal,0.01,0.883786140201237,226
COPD,22,10,MELD_lambda1_afproj,0.01,0.862251521095746,226
COPD,22,10,EUR,0.01,0.831275542352953,226
COPD,22,10,EAS,0.01,0.784484384790319,226
COPD,22,10,AFR,0.01,0.75292663236339,226
COPD,22,10,CSA,0.01,0.889176235764803,226
COPD,22,10,AMR,0.01,0.857938408610885,226
COPD,22,10,MID,0.01,0.83863944859085,226
COPD,22,10,MELD_lambda0_afproj,0.1,0.876145803584797,226
COPD,22,10,MELD_lambda0_reportN,0.1,0.875898792726723,226
COPD,22,10,MELD_lambda0_equal,0.1,0.880215605491976,226
COPD,22,10,MELD_lambda1_afproj,0.1,0.876630911567353,226
COPD,22,10,EUR,0.1,0.868094799617767,226
COPD,22,10,EAS,0.1,0.823396420030757,226
COPD,22,10,AFR,0.1,0.737012611081213,226
COPD,22,10,CSA,0.1,0.893197632155964,226
COPD,22,10,AMR,0.1,0.872946452302583,226
COPD,22,10,MID,0.1,0.85922565258836,226
COPD,22,11,MELD_lambda0_afproj,0.001,0.902689887297261,168
COPD,22,11,MELD_lambda0_reportN,0.001,0.904822271806587,168
COPD,22,11,MELD_lambda0_equal,0.001,0.926822946287706,168
COPD,22,11,MELD_lambda1_afproj,0.001,0.893691900505558,168
COPD,22,11,EUR,0.001,0.835205630647619,168
COPD,22,11,EAS,0.001,0.574406889727745,168
COPD,22,11,AFR,0.001,0.610073162636299,168
COPD,22,11,CSA,0.001,0.737296425136919,168
COPD,22,11,AMR,0.001,0.775968385661783,168
COPD,22,11,MID,0.001,0.865850447558266,168
COPD,22,11,MELD_lambda0_afproj,0.01,0.941378711045668,168
COPD,22,11,MELD_lambda0_reportN,0.01,0.94161632358051,168
COPD,22,11,MELD_lambda0_equal,0.01,0.941103531419384,168
COPD,22,11,MELD_lambda1_afproj,0.01,0.938926722648015,168
COPD,22,11,EUR,0.01,0.9370452720926,168
COPD,22,11,EAS,0.01,0.86908608362833,168
COPD,22,11,AFR,0.01,0.835173433022636,168
COPD,22,11,CSA,0.01,0.917531382624827,168
COPD,22,11,AMR,0.01,0.918157552861894,168
COPD,22,11,MID,0.01,0.924752345682987,168
COPD,22,11,MELD_lambda0_afproj,0.1,0.944908042921291,168
COPD,22,11,MELD_lambda0_reportN,0.1,0.945036418821491,168
COPD,22,11,MELD_lambda0_equal,0.1,0.9408127843721,168
COPD,22,11,MELD_lambda1_afproj,0.1,0.942288896896453,168
COPD,22,11,EUR,0.1,0.941122795083039,168
COPD,22,11,EAS,0.1,0.909563982074463,168
COPD,22,11,AFR,0.1,0.843636524066463,168
COPD,22,11,CSA,0.1,0.929028930023236,168
COPD,22,11,AMR,0.1,0.930728631215,168
COPD,22,11,MID,0.1,0.927450255538103,168
COPD,22,12,MELD_lambda0_afproj,0.001,0.885572824135918,55
COPD,22,12,MELD_lambda0_reportN,0.001,0.887101379583956,55
COPD,22,12,MELD_lambda0_equal,0.001,0.89066653391329,55
COPD,22,12,MELD_lambda1_afproj,0.001,0.901380109896279,55
COPD,22,12,EUR,0.001,0.844562529958924,55
COPD,22,12,EAS,0.001,0.843716237934697,55
COPD,22,12,AFR,0.001,0.686130539814848,55
COPD,22,12,CSA,0.001,0.717837339990104,55
COPD,22,12,AMR,0.001,0.863304478397898,55
COPD,22,12,MID,0.001,0.834991514471476,55
COPD,22,12,MELD_lambda0_afproj,0.01,0.894202926447256,55
COPD,22,12,MELD_lambda0_reportN,0.01,0.895236604404001,55
COPD,22,12,MELD_lambda0_equal,0.01,0.894030189792893,55
COPD,22,12,MELD_lambda1_afproj,0.01,0.909599740557074,55
COPD,22,12,EUR,0.01,0.871304111439885,55
COPD,22,12,EAS,0.01,0.897393704173915,55
COPD,22,12,AFR,0.01,0.788422162908522,55
COPD,22,12,CSA,0.01,0.843104586319873,55
COPD,22,12,AMR,0.01,0.913713513567193,55
COPD,22,12,MID,0.01,0.854157128472711,55
COPD,22,12,MELD_lambda0_afproj,0.1,0.909474031463224,55
COPD,22,12,MELD_lambda0_reportN,0.1,0.910247244098774,55
COPD,22,12,MELD_lambda0_equal,0.1,0.903138890313511,55
COPD,22,12,MELD_lambda1_afproj,0.1,0.928086397787045,55
COPD,22,12,EUR,0.1,0.890872010151027,55
COPD,22,12,EAS,0.1,0.909023654550697,55
COPD,22,12,AFR,0.1,0.805822305568452,55
COPD,22,12,CSA,0.1,0.873660460804644,55
COPD,22,12,AMR,0.1,0.927975115438838,55
COPD,22,12,MID,0.1,0.881298207925198,55
COPD,22,13,MELD_lambda0_afproj,0.001,0.944513283711533,92
COPD,22,13,MELD_lambda0_reportN,0.001,0.943354466470032,92
COPD,22,13,MELD_lambda0_equal,0.001,0.952107221356053,92
COPD,22,13,MELD_lambda1_afproj,0.001,0.948914501471496,92
COPD,22,13,EUR,0.001,0.860499410769059,92
COPD,22,13,EAS,0.001,0.736441394919199,92
COPD,22,13,AFR,0.001,0.824685995841605,92
COPD,22,13,CSA,0.001,0.913432986648538,92
COPD,22,13,AMR,0.001,0.95341164704482,92
COPD,22,13,MID,0.001,0.804999290623841,92
COPD,22,13,MELD_lambda0_afproj,0.01,0.976096580703793,92
COPD,22,13,MELD_lambda0_reportN,0.01,0.975758256272458,92
COPD,22,13,MELD_lambda0_equal,0.01,0.96107684687299,92
COPD,22,13,MELD_lambda1_afproj,0.01,0.977162944610667,92
COPD,22,13,EUR,0.01,0.962002457814914,92
COPD,22,13,EAS,0.01,0.915788230875108,92
COPD,22,13,AFR,0.01,0.864459617126768,92
COPD,22,13,CSA,0.01,0.953648300530578,92
COPD,22,13,AMR,0.01,0.971620446677971,92
COPD,22,13,MID,0.01,0.938358288013723,92
COPD,22,13,MELD_lambda0_afproj,0.1,0.976043342633308,92
COPD,22,13,MELD_lambda0_reportN,0.1,0.976009816484016,92
COPD,22,13,MELD_lambda0_equal,0.1,0.96557756511046,92
COPD,22,13,MELD_lambda1_afproj,0.1,0.977271506511137,92
COPD,22,13,EUR,0.1,0.974632409443418,92
COPD,22,13,EAS,0.1,0.918781432727864,92
COPD,22,13,AFR,0.1,0.863694012897386,92
COPD,22,13,CSA,0.1,0.956164187083458,92
COPD,22,13,AMR,0.1,0.968513608068644,92
COPD,22,13,MID,0.1,0.959131406828748,92
COPD,22,14,MELD_lambda0_afproj,0.001,0.890143965602508,75
COPD,22,14,MELD_lambda0_reportN,0.001,0.890008808172442,75
COPD,22,14,MELD_lambda0_equal,0.001,0.839413790374686,75
COPD,22,14,MELD_lambda1_afproj,0.001,0.894905934969124,75
COPD,22,14,EUR,0.001,0.70791598577512,75
COPD,22,14,EAS,0.001,0.720252696514125,75
COPD,22,14,AFR,0.001,0.766308497687873,75
COPD,22,14,CSA,0.001,0.76611095933804,75
COPD,22,14,AMR,0.001,0.80140594836875,75
COPD,22,14,MID,0.001,0.762922097532562,75
COPD,22,14,MELD_lambda0_afproj,0.01,0.895073399216195,75
COPD,22,14,MELD_lambda0_reportN,0.01,0.893652021547182,75
COPD,22,14,MELD_lambda0_equal,0.01,0.840147251626231,75
COPD,22,14,MELD_lambda1_afproj,0.01,0.896103066387116,75
COPD,22,14,EUR,0.01,0.861337990791971,75
COPD,22,14,EAS,0.01,0.799359375634566,75
COPD,22,14,AFR,0.01,0.781626207008582,75
COPD,22,14,CSA,0.01,0.797745903690653,75
COPD,22,14,AMR,0.01,0.813601820110064,75
COPD,22,14,MID,0.01,0.788115738842834,75
COPD,22,14,MELD_lambda0_afproj,0.1,0.883992812671669,75
COPD,22,14,MELD_lambda0_reportN,0.1,0.883093907257136,75
COPD,22,14,MELD_lambda0_equal,0.1,0.838179732343809,75
COPD,22,14,MELD_lambda1_afproj,0.1,0.881993058483335,75
COPD,22,14,EUR,0.1,0.837779225349657,75
COPD,22,14,EAS,0.1,0.802999208646135,75
COPD,22,14,AFR,0.1,0.77379086297497,75
COPD,22,14,CSA,0.1,0.811158116631455,75
COPD,22,14,AMR,0.1,0.811349279936285,75
COPD,22,14,MID,0.1,0.810174977148141,75
COPD,22,16,MELD_lambda0_afproj,0.001,0.550282912022852,38
COPD,22,16,MELD_lambda0_reportN,0.001,0.54986439160222,38
COPD,22,16,MELD_lambda0_equal,0.001,0.541381853969784,38
COPD,22,16,MELD_lambda1_afproj,0.001,0.542740651467846,38
COPD,22,16,EUR,0.001,0.539736910176525,38
COPD,22,16,EAS,0.001,0.615026158954814,38
COPD,22,16,AFR,0.001,0.511935434066893,38
COPD,22,16,CSA,0.001,0.555530892220399,38
COPD,22,16,AMR,0.001,0.551932503539256,38
COPD,22,16,MID,0.001,0.541518048003095,38
COPD,22,16,MELD_lambda0_afproj,0.01,0.546065493610319,38
COPD,22,16,MELD_lambda0_reportN,0.01,0.543569773948844,38
COPD,22,16,MELD_lambda0_equal,0.01,0.541140445102408,38
COPD,22,16,MELD_lambda1_afproj,0.01,0.538795608612997,38
COPD,22,16,EUR,0.01,0.536451050975963,38
COPD,22,16,EAS,0.01,0.594031822625017,38
COPD,22,16,AFR,0.01,0.510987921199069,38
COPD,22,16,CSA,0.01,0.566048879234502,38
COPD,22,16,AMR,0.01,0.534363313022609,38
COPD,22,16,MID,0.01,0.536907136330227,38
COPD,22,16,MELD_lambda0_afproj,0.1,0.547555550483571,38
COPD,22,16,MELD_lambda0_reportN,0.1,0.545627394075125,38
COPD,22,16,MELD_lambda0_equal,0.1,0.541456162929004,38
COPD,22,16,MELD_lambda1_afproj,0.1,0.539311234868093,38
COPD,22,16,EUR,0.1,0.545490870520494,38
COPD,22,16,EAS,0.1,0.59264762075649,38
COPD,22,16,AFR,0.1,0.506514133019027,38
COPD,22,16,CSA,0.1,0.572316264114552,38
COPD,22,16,AMR,0.1,0.527132555430205,38
COPD,22,16,MID,0.1,0.536185358345468,38
COPD,22,17,MELD_lambda0_afproj,0.001,0.956209533989309,83
COPD,22,17,MELD_lambda0_reportN,0.001,0.956118901071928,83
COPD,22,17,MELD_lambda0_equal,0.001,0.961600698957891,83
COPD,22,17,MELD_lambda1_afproj,0.001,0.963895715652504,83
COPD,22,17,EUR,0.001,0.872717014629067,83
COPD,22,17,EAS,0.001,0.890360300876574,83
COPD,22,17,AFR,0.001,0.869094645440914,83
COPD,22,17,CSA,0.001,0.952199358105535,83
COPD,22,17,AMR,0.001,0.972288223757328,83
COPD,22,17,MID,0.001,0.876818417163723,83
COPD,22,17,MELD_lambda0_afproj,0.01,0.969172511860845,83
COPD,22,17,MELD_lambda0_reportN,0.01,0.968783436181454,83
COPD,22,17,MELD_lambda0_equal,0.01,0.962022178978792,83
COPD,22,17,MELD_lambda1_afproj,0.01,0.970495748079984,83
COPD,22,17,EUR,0.01,0.962682356577088,83
COPD,22,17,EAS,0.01,0.933714290760694,83
COPD,22,17,AFR,0.01,0.901823163249012,83
COPD,22,17,CSA,0.01,0.960912997777362,83
COPD,22,17,AMR,0.01,0.97364712972193,83
COPD,22,17,MID,0.01,0.953958418910379,83
COPD,22,17,MELD_lambda0_afproj,0.1,0.969612927608082,83
COPD,22,17,MELD_lambda0_reportN,0.1,0.969276797456602,83
COPD,22,17,MELD_lambda0_equal,0.1,0.959598743253022,83
COPD,22,17,MELD_lambda1_afproj,0.1,0.966762997816255,83
COPD,22,17,EUR,0.1,0.968525248297041,83
COPD,22,17,EAS,0.1,0.944661348660941,83
COPD,22,17,AFR,0.1,0.898787425699974,83
COPD,22,17,CSA,0.1,0.954708682120073,83
COPD,22,17,AMR,0.1,0.973525071136367,83
COPD,22,17,MID,0.1,0.956998560648464,83
COPD,22,19,MELD_lambda0_afproj,0.001,0.856017492824363,222
COPD,22,19,MELD_lambda0_reportN,0.001,0.860385516014071,222
COPD,22,19,MELD_lambda0_equal,0.001,0.906161949897697,222
COPD,22,19,MELD_lambda1_afproj,0.001,0.864280243346979,222
COPD,22,19,EUR,0.001,0.646909532296946,222
COPD,22,19,EAS,0.001,0.504112415602122,222
COPD,22,19,AFR,0.001,0.428102558836763,222
COPD,22,19,CSA,0.001,0.716192344483246,222
COPD,22,19,AMR,0.001,0.672868927270402,222
COPD,22,19,MID,0.001,0.834344257234505,222
COPD,22,19,MELD_lambda0_afproj,0.01,0.915535459779921,222
COPD,22,19,MELD_lambda0_reportN,0.01,0.915970482532763,222
COPD,22,19,MELD_lambda0_equal,0.01,0.907309296391719,222
COPD,22,19,MELD_lambda1_afproj,0.01,0.917219038349682,222
COPD,22,19,EUR,0.01,0.894006627880561,222
COPD,22,19,EAS,0.01,0.825365770317339,222
COPD,22,19,AFR,0.01,0.775220158001422,222
COPD,22,19,CSA,0.01,0.872779472214254,222
COPD,22,19,AMR,0.01,0.853214609205991,222
COPD,22,19,MID,0.01,0.881479335131308,222
COPD,22,19,MELD_lambda0_afproj,0.1,0.909536032878096,222
COPD,22,19,MELD_lambda0_reportN,0.1,0.910682438496186,222
COPD,22,19,MELD_lambda0_equal,0.1,0.898406555186583,222
COPD,22,19,MELD_lambda1_afproj,0.1,0.909790704316105,222
COPD,22,19,EUR,0.1,0.908390563148532,222
COPD,22,19,EAS,0.1,0.856714403522492,222
COPD,22,19,AFR,0.1,0.795443503580645,222
COPD,22,19,CSA,0.1,0.878226331022702,222
COPD,22,19,AMR,0.1,0.885814185380143,222
COPD,22,19,MID,0.1,0.882673506689273,222
COPD,22,20,MELD_lambda0_afproj,0.001,0.969206083055411,109
COPD,22,20,MELD_lambda0_reportN,0.001,0.974280389181799,109
COPD,22,20,MELD_lambda0_equal,0.001,0.960437297177894,109
COPD,22,20,MELD_lambda1_afproj,0.001,0.970975733682502,109
COPD,22,20,EUR,0.001,0.876539135310044,109
COPD,22,20,EAS,0.001,0.898964613400394,109
COPD,22,20,AFR,0.001,0.588980403451359,109
COPD,22,20,CSA,0.001,0.901314460580172,109
COPD,22,20,AMR,0.001,0.915305761305555,109
COPD,22,20,MID,0.001,0.942420366131159,109
COPD,22,20,MELD_lambda0_afproj,0.01,0.974666341855106,109
COPD,22,20,MELD_lambda0_reportN,0.01,0.975479473388326,109
COPD,22,20,MELD_lambda0_equal,0.01,0.972989589883566,109
COPD,22,20,MELD_lambda1_afproj,0.01,0.975165359445957,109
COPD,22,20,EUR,0.01,0.966247494214523,109
COPD,22,20,EAS,0.01,0.958691585628471,109
COPD,22,20,AFR,0.01,0.894334450095424,109
COPD,22,20,CSA,0.01,0.975038984340186,109
COPD,22,20,AMR,0.01,0.97058646958842,109
COPD,22,20,MID,0.01,0.976491452126058,109
COPD,22,20,MELD_lambda0_afproj,0.1,0.975688872735679,109
COPD,22,20,MELD_lambda0_reportN,0.1,0.975878587917203,109
COPD,22,20,MELD_lambda0_equal,0.1,0.972688800491851,109
COPD,22,20,MELD_lambda1_afproj,0.1,0.977188069871435,109
COPD,22,20,EUR,0.1,0.970609699056604,109
COPD,22,20,EAS,0.1,0.958673817673021,109
COPD,22,20,AFR,0.1,0.934854697488599,109
COPD,22,20,CSA,0.1,0.980576046220227,109
COPD,22,20,AMR,0.1,0.965723810321938,109
COPD,22,20,MID,0.1,0.975743841881927,109
COPD,22,21,MELD_lambda0_afproj,0.001,0.95919542779375,52
COPD,22,21,MELD_lambda0_reportN,0.001,0.957634155826561,52
COPD,22,21,MELD_lambda0_equal,0.001,0.961596227132344,52
COPD,22,21,MELD_lambda1_afproj,0.001,0.954758498061688,52
COPD,22,21,EUR,0.001,0.973919604041678,52
COPD,22,21,EAS,0.001,0.812460871741131,52
COPD,22,21,AFR,0.001,0.920629485965464,52
COPD,22,21,CSA,0.001,0.907607571581087,52
COPD,22,21,AMR,0.001,0.939672003807716,52
COPD,22,21,MID,0.001,0.953535321682637,52
COPD,22,21,MELD_lambda0_afproj,0.01,0.955270099475282,52
COPD,22,21,MELD_lambda0_reportN,0.01,0.955454811848975,52
COPD,22,21,MELD_lambda0_equal,0.01,0.961879955627881,52
COPD,22,21,MELD_lambda1_afproj,0.01,0.951051843170999,52
COPD,22,21,EUR,0.01,0.967552024661189,52
COPD,22,21,EAS,0.01,0.855374564229742,52
COPD,22,21,AFR,0.01,0.923507594277909,52
COPD,22,21,CSA,0.01,0.924982941129781,52
COPD,22,21,AMR,0.01,0.943525727324324,52
COPD,22,21,MID,0.01,0.954165204596989,52
COPD,22,21,MELD_lambda0_afproj,0.1,0.950519748330341,52
COPD,22,21,MELD_lambda0_reportN,0.1,0.951524605149325,52
COPD,22,21,MELD_lambda0_equal,0.1,0.96263091343485,52
COPD,22,21,MELD_lambda1_afproj,0.1,0.946987702269827,52
COPD,22,21,EUR,0.1,0.95148700606677,52
COPD,22,21,EAS,0.1,0.873333840085871,52
COPD,22,21,AFR,0.1,0.926834277800462,52
COPD,22,21,CSA,0.1,0.932830976961726,52
COPD,22,21,AMR,0.1,0.949731391507528,52
COPD,22,21,MID,0.1,0.957292725319938,52
COPD,22,22,MELD_lambda0_afproj,0.001,0.915859153323722,174
COPD,22,22,MELD_lambda0_reportN,0.001,0.915625443576469,174
COPD,22,22,MELD_lambda0_equal,0.001,0.90661017820819,174
COPD,22,22,MELD_lambda1_afproj,0.001,0.920580597959562,174
COPD,22,22,EUR,0.001,0.641257023431058,174
COPD,22,22,EAS,0.001,0.721016389104935,174
COPD,22,22,AFR,0.001,0.720560422135397,174
COPD,22,22,CSA,0.001,0.820759281171886,174
COPD,22,22,AMR,0.001,0.726801112500271,174
COPD,22,22,MID,0.001,0.819062720613043,174
COPD,22,22,MELD_lambda0_afproj,0.01,0.920602938861808,174
COPD,22,22,MELD_lambda0_reportN,0.01,0.921557166726739,174
COPD,22,22,MELD_lambda0_equal,0.01,0.909615437571334,174
COPD,22,22,MELD_lambda1_afproj,0.01,0.9228117633407,174
COPD,22,22,EUR,0.01,0.886297926340445,174
COPD,22,22,EAS,0.01,0.867873091896727,174
COPD,22,22,AFR,0.01,0.731670789208524,174
COPD,22,22,CSA,0.01,0.877921687150169,174
COPD,22,22,AMR,0.01,0.886710857369661,174
COPD,22,22,MID,0.01,0.854775962741897,174
COPD,22,22,MELD_lambda0_afproj,0.1,0.908713947855951,174
COPD,22,22,MELD_lambda0_reportN,0.1,0.909205756608115,174
COPD,22,22,MELD_lambda0_equal,0.1,0.900497651636998,174
COPD,22,22,MELD_lambda1_afproj,0.1,0.91078190179528,174
COPD,22,22,EUR,0.1,0.903190515207767,174
COPD,22,22,EAS,0.1,0.86452711782487,174
COPD,22,22,AFR,0.1,0.727211375633232,174
COPD,22,22,CSA,0.1,0.881850729083061,174
COPD,22,22,AMR,0.1,0.899428132990373,174
COPD,22,22,MID,0.1,0.858932128178599,174
COPD,22,23,MELD_lambda0_afproj,0.001,0.858021828280857,221
COPD,22,23,MELD_lambda0_reportN,0.001,0.854594825284142,221
COPD,22,23,MELD_lambda0_equal,0.001,0.819499586120976,221
COPD,22,23,MELD_lambda1_afproj,0.001,0.858651120563349,221
COPD,22,23,EUR,0.001,0.636389874177723,221
COPD,22,23,EAS,0.001,0.635788142462966,221
COPD,22,23,AFR,0.001,0.682497422217893,221
COPD,22,23,CSA,0.001,0.755344703996763,221
COPD,22,23,AMR,0.001,0.594846519801248,221
COPD,22,23,MID,0.001,0.673021479122372,221
COPD,22,23,MELD_lambda0_afproj,0.01,0.860550440807325,221
COPD,22,23,MELD_lambda0_reportN,0.01,0.85862902989991,221
COPD,22,23,MELD_lambda0_equal,0.01,0.821149015453045,221
COPD,22,23,MELD_lambda1_afproj,0.01,0.8603077133971,221
COPD,22,23,EUR,0.01,0.789889641512195,221
COPD,22,23,EAS,0.01,0.773683449393739,221
COPD,22,23,AFR,0.01,0.693326612210628,221
COPD,22,23,CSA,0.01,0.809346143855363,221
COPD,22,23,AMR,0.01,0.784997209221026,221
COPD,22,23,MID,0.01,0.787871509136978,221
COPD,22,23,MELD_lambda0_afproj,0.1,0.858617371957375,221
COPD,22,23,MELD_lambda0_reportN,0.1,0.858052700486804,221
COPD,22,23,MELD_lambda0_equal,0.1,0.825928919719733,221
COPD,22,23,MELD_lambda1_afproj,0.1,0.859372719942206,221
COPD,22,23,EUR,0.1,0.809672197691273,221
COPD,22,23,EAS,0.1,0.760127936937649,221
COPD,22,23,AFR,0.1,0.70835935203436,221
COPD,22,23,CSA,0.1,0.806526055368598,221
COPD,22,23,AMR,0.1,0.809824596691274,221
COPD,22,23,MID,0.1,0.791841428556601,221
COPD,22,25,MELD_lambda0_afproj,0.001,0.894964669411663,132
COPD,22,25,MELD_lambda0_reportN,0.001,0.899558655615677,132
COPD,22,25,MELD_lambda0_equal,0.001,0.941583721655142,132
COPD,22,25,MELD_lambda1_afproj,0.001,0.901016995201773,132
COPD,22,25,EUR,0.001,0.795463896254407,132
COPD,22,25,EAS,0.001,0.71891599885336,132
COPD,22,25,AFR,0.001,0.582267690191783,132
COPD,22,25,CSA,0.001,0.81765616851761,132
COPD,22,25,AMR,0.001,0.768944415957894,132
COPD,22,25,MID,0.001,0.90005423006292,132
COPD,22,25,MELD_lambda0_afproj,0.01,0.952412210311188,132
COPD,22,25,MELD_lambda0_reportN,0.01,0.953292485542636,132
COPD,22,25,MELD_lambda0_equal,0.01,0.943041705843928,132
COPD,22,25,MELD_lambda1_afproj,0.01,0.951694883715569,132
COPD,22,25,EUR,0.01,0.940606910966764,132
COPD,22,25,EAS,0.01,0.848135731482645,132
COPD,22,25,AFR,0.01,0.804056180063295,132
COPD,22,25,CSA,0.01,0.92728794097104,132
COPD,22,25,AMR,0.01,0.924332036986957,132
COPD,22,25,MID,0.01,0.934804248528476,132
COPD,22,25,MELD_lambda0_afproj,0.1,0.953589441265026,132
COPD,22,25,MELD_lambda0_reportN,0.1,0.953973038174303,132
COPD,22,25,MELD_lambda0_equal,0.1,0.943113104554575,132
COPD,22,25,MELD_lambda1_afproj,0.1,0.954645003770785,132
COPD,22,25,EUR,0.1,0.951556670799454,132
COPD,22,25,EAS,0.1,0.877107194529223,132
COPD,22,25,AFR,0.1,0.815298378019583,132
COPD,22,25,CSA,0.1,0.935756609337537,132
COPD,22,25,AMR,0.1,0.938666312150053,132
COPD,22,25,MID,0.1,0.941956086688899,132
COPD,22,26,MELD_lambda0_afproj,0.001,0.888898781336869,199
COPD,22,26,MELD_lambda0_reportN,0.001,0.890716755477452,199
COPD,22,26,MELD_lambda0_equal,0.001,0.928588986663511,199
COPD,22,26,MELD_lambda1_afproj,0.001,0.888290356094864,199
COPD,22,26,EUR,0.001,0.75290641879628,199
COPD,22,26,EAS,0.001,0.700734246018721,199
COPD,22,26,AFR,0.001,0.735297475770119,199
COPD,22,26,CSA,0.001,0.848521555145375,199
COPD,22,26,AMR,0.001,0.591010227950921,199
COPD,22,26,MID,0.001,0.79414332756781,199
COPD,22,26,MELD_lambda0_afproj,0.01,0.939484757070098,199
COPD,22,26,MELD_lambda0_reportN,0.01,0.93968911362574,199
COPD,22,26,MELD_lambda0_equal,0.01,0.939063362291115,199
COPD,22,26,MELD_lambda1_afproj,0.01,0.936916962052774,199
COPD,22,26,EUR,0.01,0.914382576652795,199
COPD,22,26,EAS,0.01,0.888782599602181,199
COPD,22,26,AFR,0.01,0.833881214480653,199
COPD,22,26,CSA,0.01,0.939811320961074,199
COPD,22,26,AMR,0.01,0.887775243910017,199
COPD,22,26,MID,0.01,0.899061116985795,199
COPD,22,26,MELD_lambda0_afproj,0.1,0.939265349905533,199
COPD,22,26,MELD_lambda0_reportN,0.1,0.938727809115245,199
COPD,22,26,MELD_lambda0_equal,0.1,0.935775336367739,199
COPD,22,26,MELD_lambda1_afproj,0.1,0.936244147897316,199
COPD,22,26,EUR,0.1,0.921343531339133,199
COPD,22,26,EAS,0.1,0.892314999004767,199
COPD,22,26,AFR,0.1,0.831325588391327,199
COPD,22,26,CSA,0.1,0.933935356406508,199
COPD,22,26,AMR,0.1,0.922887100342434,199
COPD,22,26,MID,0.1,0.920187912307672,199
COPD,22,27,MELD_lambda0_afproj,0.001,0.75006435035601,389
COPD,22,27,MELD_lambda0_reportN,0.001,0.753824270569917,389
COPD,22,27,MELD_lambda0_equal,0.001,0.881952262653844,389
COPD,22,27,MELD_lambda1_afproj,0.001,0.758186656252135,389
COPD,22,27,EUR,0.001,0.457787569078171,389
COPD,22,27,EAS,0.001,0.323535005079898,389
COPD,22,27,AFR,0.001,0.714710580088082,389
COPD,22,27,CSA,0.001,0.58278313300071,389
COPD,22,27,AMR,0.001,0.530968325130428,389
COPD,22,27,MID,0.001,0.653597850607137,389
COPD,22,27,MELD_lambda0_afproj,0.01,0.866504814480371,389
COPD,22,27,MELD_lambda0_reportN,0.01,0.865656030582421,389
COPD,22,27,MELD_lambda0_equal,0.01,0.888220881396005,389
COPD,22,27,MELD_lambda1_afproj,0.01,0.868171327478456,389
COPD,22,27,EUR,0.01,0.78331243225055,389
COPD,22,27,EAS,0.01,0.726966714904321,389
COPD,22,27,AFR,0.01,0.777076747116975,389
COPD,22,27,CSA,0.01,0.839840285695022,389
COPD,22,27,AMR,0.01,0.782374716888155,389
COPD,22,27,MID,0.01,0.782898815551982,389
COPD,22,27,MELD_lambda0_afproj,0.1,0.887986158765914,389
COPD,22,27,MELD_lambda0_reportN,0.1,0.886872224698162,389
COPD,22,27,MELD_lambda0_equal,0.1,0.88614823594881,389
COPD,22,27,MELD_lambda1_afproj,0.1,0.88558331675145,389
COPD,22,27,EUR,0.1,0.855209205540989,389
COPD,22,27,EAS,0.1,0.806900153843896,389
COPD,22,27,AFR,0.1,0.772975134974613,389
COPD,22,27,CSA,0.1,0.866668542783818,389
COPD,22,27,AMR,0.1,0.825240844128107,389
COPD,22,27,MID,0.1,0.826516103542659,389
COPD,22,28,MELD_lambda0_afproj,0.001,0.885142557224974,243
COPD,22,28,MELD_lambda0_reportN,0.001,0.883355444854868,243
COPD,22,28,MELD_lambda0_equal,0.001,0.889036875796184,243
COPD,22,28,MELD_lambda1_afproj,0.001,0.8768844941329,243
COPD,22,28,EUR,0.001,0.564918851041449,243
COPD,22,28,EAS,0.001,0.600241242555424,243
COPD,22,28,AFR,0.001,0.724383311345477,243
COPD,22,28,CSA,0.001,0.806133779103497,243
COPD,22,28,AMR,0.001,0.606545494793385,243
COPD,22,28,MID,0.001,0.832240624673129,243
COPD,22,28,MELD_lambda0_afproj,0.01,0.912408621126864,243
COPD,22,28,MELD_lambda0_reportN,0.01,0.913034452702163,243
COPD,22,28,MELD_lambda0_equal,0.01,0.889650988072861,243
COPD,22,28,MELD_lambda1_afproj,0.01,0.911681694798985,243
COPD,22,28,EUR,0.01,0.85988918270708,243
COPD,22,28,EAS,0.01,0.739662249335621,243
COPD,22,28,AFR,0.01,0.737000193266047,243
COPD,22,28,CSA,0.01,0.843916494016945,243
COPD,22,28,AMR,0.01,0.784123266641734,243
COPD,22,28,MID,0.01,0.837400667985215,243
COPD,22,28,MELD_lambda0_afproj,0.1,0.901309744606318,243
COPD,22,28,MELD_lambda0_reportN,0.1,0.902171757512794,243
COPD,22,28,MELD_lambda0_equal,0.1,0.876870449528493,243
COPD,22,28,MELD_lambda1_afproj,0.1,0.901076185239506,243
COPD,22,28,EUR,0.1,0.872091926689752,243
COPD,22,28,EAS,0.1,0.767286370960532,243
COPD,22,28,AFR,0.1,0.737292439715547,243
COPD,22,28,CSA,0.1,0.843146837406141,243
COPD,22,28,AMR,0.1,0.832557009539479,243
COPD,22,28,MID,0.1,0.834509615124357,243
COPD,22,29,MELD_lambda0_afproj,0.001,0.885137407812008,300
COPD,22,29,MELD_lambda0_reportN,0.001,0.890802348710576,300
COPD,22,29,MELD_lambda0_equal,0.001,0.950604365256724,300
COPD,22,29,MELD_lambda1_afproj,0.001,0.894328959272529,300
COPD,22,29,EUR,0.001,0.838747854087664,300
COPD,22,29,EAS,0.001,0.761916767704358,300
COPD,22,29,AFR,0.001,0.508512225491637,300
COPD,22,29,CSA,0.001,0.697542535728936,300
COPD,22,29,AMR,0.001,0.754470656758169,300
COPD,22,29,MID,0.001,0.732005881480145,300
COPD,22,29,MELD_lambda0_afproj,0.01,0.958609812944551,300
COPD,22,29,MELD_lambda0_reportN,0.01,0.958241943841921,300
COPD,22,29,MELD_lambda0_equal,0.01,0.962631206238224,300
COPD,22,29,MELD_lambda1_afproj,0.01,0.959066179765816,300
COPD,22,29,EUR,0.01,0.934514775815414,300
COPD,22,29,EAS,0.01,0.932409596979544,300
COPD,22,29,AFR,0.01,0.798582754058814,300
COPD,22,29,CSA,0.01,0.92757947291642,300
COPD,22,29,AMR,0.01,0.899451407620406,300
COPD,22,29,MID,0.01,0.897893606150918,300
COPD,22,29,MELD_lambda0_afproj,0.1,0.954177095326883,300
COPD,22,29,MELD_lambda0_reportN,0.1,0.953207162524627,300
COPD,22,29,MELD_lambda0_equal,0.1,0.954667258542562,300
COPD,22,29,MELD_lambda1_afproj,0.1,0.950634561055607,300
COPD,22,29,EUR,0.1,0.914275133556627,300
COPD,22,29,EAS,0.1,0.935709762757005,300
COPD,22,29,AFR,0.1,0.849202434636619,300
COPD,22,29,CSA,0.1,0.943784060751154,300
COPD,22,29,AMR,0.1,0.913372465058926,300
COPD,22,29,MID,0.1,0.907239955762233,300
COPD,22,31,MELD_lambda0_afproj,0.001,0.906907425716372,361
COPD,22,31,MELD_lambda0_reportN,0.001,0.910072829811639,361
COPD,22,31,MELD_lambda0_equal,0.001,0.929406403700511,361
COPD,22,31,MELD_lambda1_afproj,0.001,0.904616651167688,361
COPD,22,31,EUR,0.001,0.83310398014374,361
COPD,22,31,EAS,0.001,0.657992069199105,361
COPD,22,31,AFR,0.001,0.591072627196709,361
COPD,22,31,CSA,0.001,0.687631217317169,361
COPD,22,31,AMR,0.001,0.853216152357281,361
COPD,22,31,MID,0.001,0.862000969602734,361
COPD,22,31,MELD_lambda0_afproj,0.01,0.966695174418401,361
COPD,22,31,MELD_lambda0_reportN,0.01,0.966930613478667,361
COPD,22,31,MELD_lambda0_equal,0.01,0.964547084469696,361
COPD,22,31,MELD_lambda1_afproj,0.01,0.961847669451738,361
COPD,22,31,EUR,0.01,0.922397905241406,361
COPD,22,31,EAS,0.01,0.893078748092951,361
COPD,22,31,AFR,0.01,0.865684878273839,361
COPD,22,31,CSA,0.01,0.901290298802342,361
COPD,22,31,AMR,0.01,0.936525780767694,361
COPD,22,31,MID,0.01,0.930242138738065,361
COPD,22,31,MELD_lambda0_afproj,0.1,0.96824401735594,361
COPD,22,31,MELD_lambda0_reportN,0.1,0.967818778256032,361
COPD,22,31,MELD_lambda0_equal,0.1,0.964074439435053,361
COPD,22,31,MELD_lambda1_afproj,0.1,0.962959099128045,361
COPD,22,31,EUR,0.1,0.931638686084249,361
COPD,22,31,EAS,0.1,0.936395788278264,361
COPD,22,31,AFR,0.1,0.914929233283835,361
COPD,22,31,CSA,0.1,0.924658861410022,361
COPD,22,31,AMR,0.1,0.948711475772482,361
COPD,22,31,MID,0.1,0.942162901560268,361
COPD,22,32,MELD_lambda0_afproj,0.001,0.844777200885181,116
COPD,22,32,MELD_lambda0_reportN,0.001,0.844226600948284,116
COPD,22,32,MELD_lambda0_equal,0.001,0.892052139805156,116
COPD,22,32,MELD_lambda1_afproj,0.001,0.822808225254858,116
COPD,22,32,EUR,0.001,0.597107901120732,116
COPD,22,32,EAS,0.001,0.702817405824913,116
COPD,22,32,AFR,0.001,0.788719330664898,116
COPD,22,32,CSA,0.001,0.798125724597287,116
COPD,22,32,AMR,0.001,0.823500780972097,116
COPD,22,32,MID,0.001,0.832224151631713,116
COPD,22,32,MELD_lambda0_afproj,0.01,0.875273927784536,116
COPD,22,32,MELD_lambda0_reportN,0.01,0.87679964717108,116
COPD,22,32,MELD_lambda0_equal,0.01,0.889519677444949,116
COPD,22,32,MELD_lambda1_afproj,0.01,0.855803454886941,116
COPD,22,32,EUR,0.01,0.838819425080395,116
COPD,22,32,EAS,0.01,0.81386716268461,116
COPD,22,32,AFR,0.01,0.826701953503479,116
COPD,22,32,CSA,0.01,0.857751759830718,116
COPD,22,32,AMR,0.01,0.880250014085548,116
COPD,22,32,MID,0.01,0.861903308753763,116
COPD,22,32,MELD_lambda0_afproj,0.1,0.869428194127724,116
COPD,22,32,MELD_lambda0_reportN,0.1,0.870218684082726,116
COPD,22,32,MELD_lambda0_equal,0.1,0.86603587049531,116
COPD,22,32,MELD_lambda1_afproj,0.1,0.854261002351764,116
COPD,22,32,EUR,0.1,0.854553337163588,116
COPD,22,32,EAS,0.1,0.824761434678292,116
COPD,22,32,AFR,0.1,0.809512721510343,116
COPD,22,32,CSA,0.1,0.829876694097175,116
COPD,22,32,AMR,0.1,0.85428665969495,116
COPD,22,32,MID,0.1,0.838617210047946,116
COPD,22,34,MELD_lambda0_afproj,0.001,0.89650594725165,328
COPD,22,34,MELD_lambda0_reportN,0.001,0.893455057685411,328
COPD,22,34,MELD_lambda0_equal,0.001,0.945877585568889,328
COPD,22,34,MELD_lambda1_afproj,0.001,0.906503368405172,328
COPD,22,34,EUR,0.001,0.865206374978765,328
COPD,22,34,EAS,0.001,0.662583349540123,328
COPD,22,34,AFR,0.001,0.476258368270795,328
COPD,22,34,CSA,0.001,0.792479137250932,328
COPD,22,34,AMR,0.001,0.867569557071172,328
COPD,22,34,MID,0.001,0.804098149696755,328
COPD,22,34,MELD_lambda0_afproj,0.01,0.959630830975913,328
COPD,22,34,MELD_lambda0_reportN,0.01,0.959611966641877,328
COPD,22,34,MELD_lambda0_equal,0.01,0.962933617480293,328
COPD,22,34,MELD_lambda1_afproj,0.01,0.961778276987127,328
COPD,22,34,EUR,0.01,0.937856130002513,328
COPD,22,34,EAS,0.01,0.860290410633144,328
COPD,22,34,AFR,0.01,0.795111204657933,328
COPD,22,34,CSA,0.01,0.935014665066478,328
COPD,22,34,AMR,0.01,0.944226986760236,328
COPD,22,34,MID,0.01,0.923375050619041,328
COPD,22,34,MELD_lambda0_afproj,0.1,0.962751935016521,328
COPD,22,34,MELD_lambda0_reportN,0.1,0.963152216426606,328
COPD,22,34,MELD_lambda0_equal,0.1,0.958158755957485,328
COPD,22,34,MELD_lambda1_afproj,0.1,0.962128085319208,328
COPD,22,34,EUR,0.1,0.956602819698602,328
COPD,22,34,EAS,0.1,0.89561706718076,328
COPD,22,34,AFR,0.1,0.840764231223054,328
COPD,22,34,CSA,0.1,0.950802868804292,328
COPD,22,34,AMR,0.1,0.954250881343607,328
COPD,22,34,MID,0.1,0.937402525113713,328
COPD,22,37,MELD_lambda0_afproj,0.001,0.770829190265799,715
COPD,22,37,MELD_lambda0_reportN,0.001,0.769286358601993,715
COPD,22,37,MELD_lambda0_equal,0.001,0.87919969255719,715
COPD,22,37,MELD_lambda1_afproj,0.001,0.769323872731977,715
COPD,22,37,EUR,0.001,0.709888375588031,715
COPD,22,37,EAS,0.001,0.517259596502967,715
COPD,22,37,AFR,0.001,0.373708367550312,715
COPD,22,37,CSA,0.001,0.616963223874465,715
COPD,22,37,AMR,0.001,0.546975013112432,715
COPD,22,37,MID,0.001,0.499875064023185,715
COPD,22,37,MELD_lambda0_afproj,0.01,0.934103417740674,715
COPD,22,37,MELD_lambda0_reportN,0.01,0.932465886339015,715
COPD,22,37,MELD_lambda0_equal,0.01,0.924356055597728,715
COPD,22,37,MELD_lambda1_afproj,0.01,0.9341664078921,715
COPD,22,37,EUR,0.01,0.896796418895987,715
COPD,22,37,EAS,0.01,0.829678554446901,715
COPD,22,37,AFR,0.01,0.702940730056709,715
COPD,22,37,CSA,0.01,0.879885851548981,715
COPD,22,37,AMR,0.01,0.806397289009595,715
COPD,22,37,MID,0.01,0.821428039178946,715
COPD,22,37,MELD_lambda0_afproj,0.1,0.945550429833573,715
COPD,22,37,MELD_lambda0_reportN,0.1,0.945298560889988,715
COPD,22,37,MELD_lambda0_equal,0.1,0.928751598447558,715
COPD,22,37,MELD_lambda1_afproj,0.1,0.943797980958735,715
COPD,22,37,EUR,0.1,0.923200424665091,715
COPD,22,37,EAS,0.1,0.880606985179388,715
COPD,22,37,AFR,0.1,0.757325586250685,715
COPD,22,37,CSA,0.1,0.905588961752856,715
COPD,22,37,AMR,0.1,0.897390300566725,715
COPD,22,37,MID,0.1,0.895661362155719,715
COPD,22,38,MELD_lambda0_afproj,0.001,0.754712859411692,53
COPD,22,38,MELD_lambda0_reportN,0.001,0.756514705274658,53
COPD,22,38,MELD_lambda0_equal,0.001,0.77573757888154,53
COPD,22,38,MELD_lambda1_afproj,0.001,0.732350651611843,53
COPD,22,38,EUR,0.001,0.63219392522241,53
COPD,22,38,EAS,0.001,0.624522981559818,53
COPD,22,38,AFR,0.001,0.710668035173436,53
COPD,22,38,CSA,0.001,0.674294989286052,53
COPD,22,38,AMR,0.001,0.527766713339896,53
COPD,22,38,MID,0.001,0.683309842318269,53
COPD,22,38,MELD_lambda0_afproj,0.01,0.765136019505629,53
COPD,22,38,MELD_lambda0_reportN,0.01,0.767487873799347,53
COPD,22,38,MELD_lambda0_equal,0.01,0.765378852974872,53
COPD,22,38,MELD_lambda1_afproj,0.01,0.739726306695944,53
COPD,22,38,EUR,0.01,0.683915031938576,53
COPD,22,38,EAS,0.01,0.655676906011536,53
COPD,22,38,AFR,0.01,0.733350063065435,53
COPD,22,38,CSA,0.01,0.758325984877443,53
COPD,22,38,AMR,0.01,0.733709501827056,53
COPD,22,38,MID,0.01,0.715773430092179,53
COPD,22,38,MELD_lambda0_afproj,0.1,0.722724171670897,53
COPD,22,38,MELD_lambda0_reportN,0.1,0.723367024431619,53
COPD,22,38,MELD_lambda0_equal,0.1,0.700959305531526,53
COPD,22,38,MELD_lambda1_afproj,0.1,0.692546536742066,53
COPD,22,38,EUR,0.1,0.701414589717514,53
COPD,22,38,EAS,0.1,0.579752125912009,53
COPD,22,38,AFR,0.1,0.693336679978209,53
COPD,22,38,CSA,0.1,0.680080611466345,53
COPD,22,38,AMR,0.1,0.6821113003827,53
COPD,22,38,MID,0.1,0.691072193438115,53
COPD,22,39,MELD_lambda0_afproj,0.001,0.89190663375709,166
COPD,22,39,MELD_lambda0_reportN,0.001,0.895678689521716,166
COPD,22,39,MELD_lambda0_equal,0.001,0.879435101019429,166
COPD,22,39,MELD_lambda1_afproj,0.001,0.874882668608865,166
COPD,22,39,EUR,0.001,0.757721341326606,166
COPD,22,39,EAS,0.001,0.478639642964805,166
COPD,22,39,AFR,0.001,0.649867510351052,166
COPD,22,39,CSA,0.001,0.574480586258703,166
COPD,22,39,AMR,0.001,0.771471331583015,166
COPD,22,39,MID,0.001,0.782479396665584,166
COPD,22,39,MELD_lambda0_afproj,0.01,0.903553106210527,166
COPD,22,39,MELD_lambda0_reportN,0.01,0.90517995889498,166
COPD,22,39,MELD_lambda0_equal,0.01,0.878154071997271,166
COPD,22,39,MELD_lambda1_afproj,0.01,0.902915001686005,166
COPD,22,39,EUR,0.01,0.881373710700244,166
COPD,22,39,EAS,0.01,0.747357291221298,166
COPD,22,39,AFR,0.01,0.741557628580545,166
COPD,22,39,CSA,0.01,0.837860877896467,166
COPD,22,39,AMR,0.01,0.88295001535585,166
COPD,22,39,MID,0.01,0.860097732175328,166
COPD,22,39,MELD_lambda0_afproj,0.1,0.895378912072389,166
COPD,22,39,MELD_lambda0_reportN,0.1,0.896695095985812,166
COPD,22,39,MELD_lambda0_equal,0.1,0.876689905277649,166
COPD,22,39,MELD_lambda1_afproj,0.1,0.894708844546621,166
COPD,22,39,EUR,0.1,0.874981684715647,166
COPD,22,39,EAS,0.1,0.849643469597638,166
COPD,22,39,AFR,0.1,0.782147970806361,166
COPD,22,39,CSA,0.1,0.868147408625667,166
COPD,22,39,AMR,0.1,0.867217462878085,166
COPD,22,39,MID,0.1,0.864116091350677,166
COPD,22,40,MELD_lambda0_afproj,0.001,0.957670045396604,37
COPD,22,40,MELD_lambda0_reportN,0.001,0.958341978209578,37
COPD,22,40,MELD_lambda0_equal,0.001,0.953817043586321,37
COPD,22,40,MELD_lambda1_afproj,0.001,0.955833792784559,37
COPD,22,40,EUR,0.001,0.945380782941027,37
COPD,22,40,EAS,0.001,0.949700276520008,37
COPD,22,40,AFR,0.001,0.936862559458619,37
COPD,22,40,CSA,0.001,0.92096423305353,37
COPD,22,40,AMR,0.001,0.958399660909885,37
COPD,22,40,MID,0.001,0.96431476077778,37
COPD,22,40,MELD_lambda0_afproj,0.01,0.953374008846778,37
COPD,22,40,MELD_lambda0_reportN,0.01,0.954070798485744,37
COPD,22,40,MELD_lambda0_equal,0.01,0.955547882840181,37
COPD,22,40,MELD_lambda1_afproj,0.01,0.95251988568766,37
COPD,22,40,EUR,0.01,0.94801006220621,37
COPD,22,40,EAS,0.01,0.958818426598351,37
COPD,22,40,AFR,0.01,0.939306831672973,37
COPD,22,40,CSA,0.01,0.940842570952032,37
COPD,22,40,AMR,0.01,0.955903572185511,37
COPD,22,40,MID,0.01,0.965801984941234,37
COPD,22,40,MELD_lambda0_afproj,0.1,0.955126844440395,37
COPD,22,40,MELD_lambda0_reportN,0.1,0.955495404263052,37
COPD,22,40,MELD_lambda0_equal,0.1,0.95858158507489,37
COPD,22,40,MELD_lambda1_afproj,0.1,0.955795337027147,37
COPD,22,40,EUR,0.1,0.954569359404551,37
COPD,22,40,EAS,0.1,0.957407615223151,37
COPD,22,40,AFR,0.1,0.943828624832267,37
COPD,22,40,CSA,0.1,0.954714892868103,37
COPD,22,40,AMR,0.1,0.95328911596797,37
COPD,22,40,MID,0.1,0.965720129981272,37
COPD,22,41,MELD_lambda0_afproj,0.001,0.901414286849363,256
COPD,22,41,MELD_lambda0_reportN,0.001,0.901878915612362,256
COPD,22,41,MELD_lambda0_equal,0.001,0.939338568295739,256
COPD,22,41,MELD_lambda1_afproj,0.001,0.892231083269506,256
COPD,22,41,EUR,0.001,0.797422926418561,256
COPD,22,41,EAS,0.001,0.737510600142768,256
COPD,22,41,AFR,0.001,0.684462260732891,256
COPD,22,41,CSA,0.001,0.770099876866955,256
COPD,22,41,AMR,0.001,0.854163821094531,256
COPD,22,41,MID,0.001,0.808548967707803,256
COPD,22,41,MELD_lambda0_afproj,0.01,0.947884576590037,256
COPD,22,41,MELD_lambda0_reportN,0.01,0.948492655845016,256
COPD,22,41,MELD_lambda0_equal,0.01,0.943851333413669,256
COPD,22,41,MELD_lambda1_afproj,0.01,0.945176975856022,256
COPD,22,41,EUR,0.01,0.933632638384198,256
COPD,22,41,EAS,0.01,0.897513509407393,256
COPD,22,41,AFR,0.01,0.849714888188636,256
COPD,22,41,CSA,0.01,0.928191350804988,256
COPD,22,41,AMR,0.01,0.926090589495561,256
COPD,22,41,MID,0.01,0.895826029378066,256
COPD,22,41,MELD_lambda0_afproj,0.1,0.945614625551098,256
COPD,22,41,MELD_lambda0_reportN,0.1,0.946365195918744,256
COPD,22,41,MELD_lambda0_equal,0.1,0.943360855592302,256
COPD,22,41,MELD_lambda1_afproj,0.1,0.946325641842276,256
COPD,22,41,EUR,0.1,0.940616557936113,256
COPD,22,41,EAS,0.1,0.915243462558831,256
COPD,22,41,AFR,0.1,0.87564027209298,256
COPD,22,41,CSA,0.1,0.941800297255385,256
COPD,22,41,AMR,0.1,0.938906258644674,256
COPD,22,41,MID,0.1,0.919334226069012,256
COPD,22,42,MELD_lambda0_afproj,0.001,0.580045498525785,249
COPD,22,42,MELD_lambda0_reportN,0.001,0.57619611425227,249
COPD,22,42,MELD_lambda0_equal,0.001,0.774952694368269,249
COPD,22,42,MELD_lambda1_afproj,0.001,0.584963267413114,249
COPD,22,42,EUR,0.001,0.397138837420152,249
COPD,22,42,EAS,0.001,0.311796050641209,249
COPD,22,42,AFR,0.001,0.149404342737518,249
COPD,22,42,CSA,0.001,0.442591864766782,249
COPD,22,42,AMR,0.001,0.350811984377636,249
COPD,22,42,MID,0.001,0.340367124419542,249
COPD,22,42,MELD_lambda0_afproj,0.01,0.76189842713721,249
COPD,22,42,MELD_lambda0_reportN,0.01,0.765523132610856,249
COPD,22,42,MELD_lambda0_equal,0.01,0.787400090588448,249
COPD,22,42,MELD_lambda1_afproj,0.01,0.752423452394542,249
COPD,22,42,EUR,0.01,0.7266760700236,249
COPD,22,42,EAS,0.01,0.672238105691921,249
COPD,22,42,AFR,0.01,0.484310927195303,249
COPD,22,42,CSA,0.01,0.743161957088935,249
COPD,22,42,AMR,0.01,0.71394890273604,249
COPD,22,42,MID,0.01,0.708378919033608,249
COPD,22,42,MELD_lambda0_afproj,0.1,0.753494751544769,249
COPD,22,42,MELD_lambda0_reportN,0.1,0.754955194791815,249
COPD,22,42,MELD_lambda0_equal,0.1,0.754420279621924,249
COPD,22,42,MELD_lambda1_afproj,0.1,0.741774567321317,249
COPD,22,42,EUR,0.1,0.755606873913837,249
COPD,22,42,EAS,0.1,0.712839523675535,249
COPD,22,42,AFR,0.1,0.570931636977382,249
COPD,22,42,CSA,0.1,0.711993437459442,249
COPD,22,42,AMR,0.1,0.753042514047587,249
COPD,22,42,MID,0.1,0.71981575536258,249
COPD,22,43,MELD_lambda0_afproj,0.001,0.762737478227132,52
COPD,22,43,MELD_lambda0_reportN,0.001,0.769083376327762,52
COPD,22,43,MELD_lambda0_equal,0.001,0.902782709096951,52
COPD,22,43,MELD_lambda1_afproj,0.001,0.758693016262166,52
COPD,22,43,EUR,0.001,0.623754350913729,52
COPD,22,43,EAS,0.001,0.612385106008521,52
COPD,22,43,AFR,0.001,0.692554845099004,52
COPD,22,43,CSA,0.001,0.713722200930874,52
COPD,22,43,AMR,0.001,0.857999229890009,52
COPD,22,43,MID,0.001,0.886229408596805,52
COPD,22,43,MELD_lambda0_afproj,0.01,0.91731089507459,52
COPD,22,43,MELD_lambda0_reportN,0.01,0.920193825721511,52
COPD,22,43,MELD_lambda0_equal,0.01,0.909364507762111,52
COPD,22,43,MELD_lambda1_afproj,0.01,0.901921950951083,52
COPD,22,43,EUR,0.01,0.888324887635619,52
COPD,22,43,EAS,0.01,0.72756990849493,52
COPD,22,43,AFR,0.01,0.711656119299248,52
COPD,22,43,CSA,0.01,0.869751038056606,52
COPD,22,43,AMR,0.01,0.894611941705025,52
COPD,22,43,MID,0.01,0.895289288604884,52
COPD,22,43,MELD_lambda0_afproj,0.1,0.891907200059822,52
COPD,22,43,MELD_lambda0_reportN,0.1,0.891811151846419,52
COPD,22,43,MELD_lambda0_equal,0.1,0.887567050117927,52
COPD,22,43,MELD_lambda1_afproj,0.1,0.880496638656278,52
COPD,22,43,EUR,0.1,0.877850582832307,52
COPD,22,43,EAS,0.1,0.790399489825796,52
COPD,22,43,AFR,0.1,0.712097142644439,52
COPD,22,43,CSA,0.1,0.867065386138869,52
COPD,22,43,AMR,0.1,0.890981884291594,52
COPD,22,43,MID,0.1,0.876520270889777,52
COPD,22,44,MELD_lambda0_afproj,0.001,0.885138913634406,180
COPD,22,44,MELD_lambda0_reportN,0.001,0.8906909818598,180
COPD,22,44,MELD_lambda0_equal,0.001,0.913273229874859,180
COPD,22,44,MELD_lambda1_afproj,0.001,0.879499260796214,180
COPD,22,44,EUR,0.001,0.715187356046268,180
COPD,22,44,EAS,0.001,0.705717958073395,180
COPD,22,44,AFR,0.001,0.695777998404109,180
COPD,22,44,CSA,0.001,0.895591728688057,180
COPD,22,44,AMR,0.001,0.854894619689425,180
COPD,22,44,MID,0.001,0.90564283012415,180
COPD,22,44,MELD_lambda0_afproj,0.01,0.917835052741488,180
COPD,22,44,MELD_lambda0_reportN,0.01,0.918431390711163,180
COPD,22,44,MELD_lambda0_equal,0.01,0.918694325919993,180
COPD,22,44,MELD_lambda1_afproj,0.01,0.912800339282404,180
COPD,22,44,EUR,0.01,0.90329997318289,180
COPD,22,44,EAS,0.01,0.881759045092071,180
COPD,22,44,AFR,0.01,0.714518090961818,180
COPD,22,44,CSA,0.01,0.924707767925742,180
COPD,22,44,AMR,0.01,0.904979799265223,180
COPD,22,44,MID,0.01,0.915056558801975,180
COPD,22,44,MELD_lambda0_afproj,0.1,0.926131468390916,180
COPD,22,44,MELD_lambda0_reportN,0.1,0.925928756545576,180
COPD,22,44,MELD_lambda0_equal,0.1,0.915563277286708,180
COPD,22,44,MELD_lambda1_afproj,0.1,0.922099493245226,180
COPD,22,44,EUR,0.1,0.920308880599483,180
COPD,22,44,EAS,0.1,0.895155862383651,180
COPD,22,44,AFR,0.1,0.723832163288044,180
COPD,22,44,CSA,0.1,0.919420437390401,180
COPD,22,44,AMR,0.1,0.905812695041617,180
COPD,22,44,MID,0.1,0.915278648476612,180
COPD,22,45,MELD_lambda0_afproj,0.001,0.854839540768192,157
COPD,22,45,MELD_lambda0_reportN,0.001,0.841457674854666,157
COPD,22,45,MELD_lambda0_equal,0.001,0.905929971443676,157
COPD,22,45,MELD_lambda1_afproj,0.001,0.855368318943039,157
COPD,22,45,EUR,0.001,0.641151053884158,157
COPD,22,45,EAS,0.001,0.80589150931785,157
COPD,22,45,AFR,0.001,0.669239078448931,157
COPD,22,45,CSA,0.001,0.874041089001264,157
COPD,22,45,AMR,0.001,0.763806527568324,157
COPD,22,45,MID,0.001,0.822890429852548,157
COPD,22,45,MELD_lambda0_afproj,0.01,0.89178783844912,157
COPD,22,45,MELD_lambda0_reportN,0.01,0.888601078137762,157
COPD,22,45,MELD_lambda0_equal,0.01,0.90628934522555,157
COPD,22,45,MELD_lambda1_afproj,0.01,0.890434212341677,157
COPD,22,45,EUR,0.01,0.858625172207634,157
COPD,22,45,EAS,0.01,0.889604784160401,157
COPD,22,45,AFR,0.01,0.718927032167411,157
COPD,22,45,CSA,0.01,0.88496555860797,157
COPD,22,45,AMR,0.01,0.883468111888238,157
COPD,22,45,MID,0.01,0.896714043825903,157
COPD,22,45,MELD_lambda0_afproj,0.1,0.903458654302986,157
COPD,22,45,MELD_lambda0_reportN,0.1,0.902512640074069,157
COPD,22,45,MELD_lambda0_equal,0.1,0.905814739719872,157
COPD,22,45,MELD_lambda1_afproj,0.1,0.904178028942998,157
COPD,22,45,EUR,0.1,0.890657561902799,157
COPD,22,45,EAS,0.1,0.899303381496232,157
COPD,22,45,AFR,0.1,0.725720509187336,157
COPD,22,45,CSA,0.1,0.891847074165752,157
COPD,22,45,AMR,0.1,0.900616793632261,157
COPD,22,45,MID,0.1,0.905937165345104,157
COPD,22,46,MELD_lambda0_afproj,0.001,0.675592327011258,175
COPD,22,46,MELD_lambda0_reportN,0.001,0.682460470358146,175
COPD,22,46,MELD_lambda0_equal,0.001,0.729879284128826,175
COPD,22,46,MELD_lambda1_afproj,0.001,0.679807780474466,175
COPD,22,46,EUR,0.001,0.546519059971341,175
COPD,22,46,EAS,0.001,0.573487672443621,175
COPD,22,46,AFR,0.001,0.571940061061711,175
COPD,22,46,CSA,0.001,0.552756188563174,175
COPD,22,46,AMR,0.001,0.561380360670649,175
COPD,22,46,MID,0.001,0.429560194189665,175
COPD,22,46,MELD_lambda0_afproj,0.01,0.799424694612277,175
COPD,22,46,MELD_lambda0_reportN,0.01,0.801964912359326,175
COPD,22,46,MELD_lambda0_equal,0.01,0.816466996589116,175
COPD,22,46,MELD_lambda1_afproj,0.01,0.789731285985624,175
COPD,22,46,EUR,0.01,0.748744446425322,175
COPD,22,46,EAS,0.01,0.80725386021345,175
COPD,22,46,AFR,0.01,0.757011324095532,175
COPD,22,46,CSA,0.01,0.778980506686885,175
COPD,22,46,AMR,0.01,0.736618282219557,175
COPD,22,46,MID,0.01,0.730629286666949,175
COPD,22,46,MELD_lambda0_afproj,0.1,0.809626318725606,175
COPD,22,46,MELD_lambda0_reportN,0.1,0.81121864883617,175
COPD,22,46,MELD_lambda0_equal,0.1,0.822845566480508,175
COPD,22,46,MELD_lambda1_afproj,0.1,0.79582552462737,175
COPD,22,46,EUR,0.1,0.773587669888416,175
COPD,22,46,EAS,0.1,0.826087480396556,175
COPD,22,46,AFR,0.1,0.766482744435277,175
COPD,22,46,CSA,0.1,0.808569066875016,175
COPD,22,46,AMR,0.1,0.780720728419833,175
COPD,22,46,MID,0.1,0.770860132313071,175
COPD,22,47,MELD_lambda0_afproj,0.001,0.741392827543147,174
COPD,22,47,MELD_lambda0_reportN,0.001,0.74600797356228,174
COPD,22,47,MELD_lambda0_equal,0.001,0.855984203586864,174
COPD,22,47,MELD_lambda1_afproj,0.001,0.744054041914211,174
COPD,22,47,EUR,0.001,0.684111141369997,174
COPD,22,47,EAS,0.001,0.467885075160724,174
COPD,22,47,AFR,0.001,0.691476903273809,174
COPD,22,47,CSA,0.001,0.546762490612998,174
COPD,22,47,AMR,0.001,0.616859137431991,174
COPD,22,47,MID,0.001,0.670460701487208,174
COPD,22,47,MELD_lambda0_afproj,0.01,0.873173414490414,174
COPD,22,47,MELD_lambda0_reportN,0.01,0.873830747059454,174
COPD,22,47,MELD_lambda0_equal,0.01,0.861817979411143,174
COPD,22,47,MELD_lambda1_afproj,0.01,0.86444738319949,174
COPD,22,47,EUR,0.01,0.858601368934983,174
COPD,22,47,EAS,0.01,0.803010382295349,174
COPD,22,47,AFR,0.01,0.725033693116362,174
COPD,22,47,CSA,0.01,0.811830112616829,174
COPD,22,47,AMR,0.01,0.795082974421355,174
COPD,22,47,MID,0.01,0.865069164153532,174
COPD,22,47,MELD_lambda0_afproj,0.1,0.862835913964747,174
COPD,22,47,MELD_lambda0_reportN,0.1,0.862978684630741,174
COPD,22,47,MELD_lambda0_equal,0.1,0.856471182138835,174
COPD,22,47,MELD_lambda1_afproj,0.1,0.852261297144332,174
COPD,22,47,EUR,0.1,0.858511847536882,174
COPD,22,47,EAS,0.1,0.797826505966973,174
COPD,22,47,AFR,0.1,0.725448756269955,174
COPD,22,47,CSA,0.1,0.866467809997311,174
COPD,22,47,AMR,0.1,0.830505764319506,174
COPD,22,47,MID,0.1,0.857604470689109,174
COPD,22,48,MELD_lambda0_afproj,0.001,0.879702274613794,135
COPD,22,48,MELD_lambda0_reportN,0.001,0.874551164453113,135
COPD,22,48,MELD_lambda0_equal,0.001,0.863197326357517,135
COPD,22,48,MELD_lambda1_afproj,0.001,0.873856556804206,135
COPD,22,48,EUR,0.001,0.773988389226319,135
COPD,22,48,EAS,0.001,0.637411746277593,135
COPD,22,48,AFR,0.001,0.32551180330801,135
COPD,22,48,CSA,0.001,0.723766602344815,135
COPD,22,48,AMR,0.001,0.778161967508805,135
COPD,22,48,MID,0.001,0.847167990774716,135
COPD,22,48,MELD_lambda0_afproj,0.01,0.927670304091108,135
COPD,22,48,MELD_lambda0_reportN,0.01,0.925138317326718,135
COPD,22,48,MELD_lambda0_equal,0.01,0.914783468018421,135
COPD,22,48,MELD_lambda1_afproj,0.01,0.924011875954623,135
COPD,22,48,EUR,0.01,0.892160022838436,135
COPD,22,48,EAS,0.01,0.904204574549278,135
COPD,22,48,AFR,0.01,0.750003931589865,135
COPD,22,48,CSA,0.01,0.896329309151285,135
COPD,22,48,AMR,0.01,0.897839321807834,135
COPD,22,48,MID,0.01,0.88508183171282,135
COPD,22,48,MELD_lambda0_afproj,0.1,0.906689705199079,135
COPD,22,48,MELD_lambda0_reportN,0.1,0.905709998409587,135
COPD,22,48,MELD_lambda0_equal,0.1,0.895176466347491,135
COPD,22,48,MELD_lambda1_afproj,0.1,0.90411788057559,135
COPD,22,48,EUR,0.1,0.878412248719728,135
COPD,22,48,EAS,0.1,0.898642680760686,135
COPD,22,48,AFR,0.1,0.800384977850248,135
COPD,22,48,CSA,0.1,0.896500277446831,135
COPD,22,48,AMR,0.1,0.879916199000878,135
COPD,22,48,MID,0.1,0.853982489444794,135
COPD,22,49,MELD_lambda0_afproj,0.001,0.660883369680114,159
COPD,22,49,MELD_lambda0_reportN,0.001,0.66393590653787,159
COPD,22,49,MELD_lambda0_equal,0.001,0.826794894737691,159
COPD,22,49,MELD_lambda1_afproj,0.001,0.650301115711929,159
COPD,22,49,EUR,0.001,0.596727273355196,159
COPD,22,49,EAS,0.001,0.77467514284298,159
COPD,22,49,AFR,0.001,0.735982520805128,159
COPD,22,49,CSA,0.001,0.520261588459721,159
COPD,22,49,AMR,0.001,0.70056736677829,159
COPD,22,49,MID,0.001,0.716783099178675,159
COPD,22,49,MELD_lambda0_afproj,0.01,0.794370977927189,159
COPD,22,49,MELD_lambda0_reportN,0.01,0.794403978561916,159
COPD,22,49,MELD_lambda0_equal,0.01,0.834744635284522,159
COPD,22,49,MELD_lambda1_afproj,0.01,0.776397101939453,159
COPD,22,49,EUR,0.01,0.772602534386713,159
COPD,22,49,EAS,0.01,0.796141242295621,159
COPD,22,49,AFR,0.01,0.792707890933122,159
COPD,22,49,CSA,0.01,0.776388710241673,159
COPD,22,49,AMR,0.01,0.814994641851804,159
COPD,22,49,MID,0.01,0.800250099628797,159
COPD,22,49,MELD_lambda0_afproj,0.1,0.820067589179666,159
COPD,22,49,MELD_lambda0_reportN,0.1,0.820052542682887,159
COPD,22,49,MELD_lambda0_equal,0.1,0.837156875944675,159
COPD,22,49,MELD_lambda1_afproj,0.1,0.795510287006777,159
COPD,22,49,EUR,0.1,0.802895734573828,159
COPD,22,49,EAS,0.1,0.77013084713652,159
COPD,22,49,AFR,0.1,0.778590566201637,159
COPD,22,49,CSA,0.1,0.804210875710878,159
COPD,22,49,AMR,0.1,0.832484304467565,159
COPD,22,49,MID,0.1,0.831288073226442,159
COPD,22,50,MELD_lambda0_afproj,0.001,0.944180526252003,93
COPD,22,50,MELD_lambda0_reportN,0.001,0.94538800433459,93
COPD,22,50,MELD_lambda0_equal,0.001,0.935469137648183,93
COPD,22,50,MELD_lambda1_afproj,0.001,0.932387199385842,93
COPD,22,50,EUR,0.001,0.735853795542714,93
COPD,22,50,EAS,0.001,0.889156648756931,93
COPD,22,50,AFR,0.001,0.893037494488405,93
COPD,22,50,CSA,0.001,0.931371931759516,93
COPD,22,50,AMR,0.001,0.934425555182756,93
COPD,22,50,MID,0.001,0.924544626367324,93
COPD,22,50,MELD_lambda0_afproj,0.01,0.949292843672738,93
COPD,22,50,MELD_lambda0_reportN,0.01,0.949847300188181,93
COPD,22,50,MELD_lambda0_equal,0.01,0.936470849868091,93
COPD,22,50,MELD_lambda1_afproj,0.01,0.938943227239578,93
COPD,22,50,EUR,0.01,0.935879435069755,93
COPD,22,50,EAS,0.01,0.898754432500297,93
COPD,22,50,AFR,0.01,0.89343924836809,93
COPD,22,50,CSA,0.01,0.939402478627928,93
COPD,22,50,AMR,0.01,0.93885914533614,93
COPD,22,50,MID,0.01,0.932544349540053,93
COPD,22,50,MELD_lambda0_afproj,0.1,0.94970010922468,93
COPD,22,50,MELD_lambda0_reportN,0.1,0.950040369548998,93
COPD,22,50,MELD_lambda0_equal,0.1,0.934992145369596,93
COPD,22,50,MELD_lambda1_afproj,0.1,0.93975637480934,93
COPD,22,50,EUR,0.1,0.953758940475986,93
COPD,22,50,EAS,0.1,0.897685779438667,93
COPD,22,50,AFR,0.1,0.892546425870718,93
COPD,22,50,CSA,0.1,0.936179848863906,93
COPD,22,50,AMR,0.1,0.936007922955145,93
COPD,22,50,MID,0.1,0.933387863211836,93
COPD,22,52,MELD_lambda0_afproj,0.001,0.812154893216867,37
COPD,22,52,MELD_lambda0_reportN,0.001,0.826525606113159,37
COPD,22,52,MELD_lambda0_equal,0.001,0.921389888497411,37
COPD,22,52,MELD_lambda1_afproj,0.001,0.790724347405682,37
COPD,22,52,EUR,0.001,0.911548347763816,37
COPD,22,52,EAS,0.001,0.838202295433527,37
COPD,22,52,AFR,0.001,0.571230857151075,37
COPD,22,52,CSA,0.001,0.757000101423232,37
COPD,22,52,AMR,0.001,0.843337927414934,37
COPD,22,52,MID,0.001,0.788765940718194,37
COPD,22,52,MELD_lambda0_afproj,0.01,0.933274104535475,37
COPD,22,52,MELD_lambda0_reportN,0.01,0.938952605502846,37
COPD,22,52,MELD_lambda0_equal,0.01,0.939434892808209,37
COPD,22,52,MELD_lambda1_afproj,0.01,0.926818662342689,37
COPD,22,52,EUR,0.01,0.950949917347646,37
COPD,22,52,EAS,0.01,0.853495756586202,37
COPD,22,52,AFR,0.01,0.823618631508914,37
COPD,22,52,CSA,0.01,0.862988342559541,37
COPD,22,52,AMR,0.01,0.958949608596345,37
COPD,22,52,MID,0.01,0.935672511008014,37
COPD,22,52,MELD_lambda0_afproj,0.1,0.888881566159396,37
COPD,22,52,MELD_lambda0_reportN,0.1,0.893856224998141,37
COPD,22,52,MELD_lambda0_equal,0.1,0.925255846071622,37
COPD,22,52,MELD_lambda1_afproj,0.1,0.883633526592893,37
COPD,22,52,EUR,0.1,0.919859303221021,37
COPD,22,52,EAS,0.1,0.821895614877763,37
COPD,22,52,AFR,0.1,0.829672689832853,37
COPD,22,52,CSA,0.1,0.867305096934526,37
COPD,22,52,AMR,0.1,0.952708034147381,37
COPD,22,52,MID,0.1,0.918293716067352,37
COPD,22,53,MELD_lambda0_afproj,0.001,0.836596508031367,345
COPD,22,53,MELD_lambda0_reportN,0.001,0.833685691968017,345
COPD,22,53,MELD_lambda0_equal,0.001,0.933700927622675,345
COPD,22,53,MELD_lambda1_afproj,0.001,0.822814173254163,345
COPD,22,53,EUR,0.001,0.764736897109599,345
COPD,22,53,EAS,0.001,0.701178060655526,345
COPD,22,53,AFR,0.001,0.389710809336737,345
COPD,22,53,CSA,0.001,0.858805941839752,345
COPD,22,53,AMR,0.001,0.893250106613367,345
COPD,22,53,MID,0.001,0.857129265758733,345
COPD,22,53,MELD_lambda0_afproj,0.01,0.965935878110326,345
COPD,22,53,MELD_lambda0_reportN,0.01,0.96619645054457,345
COPD,22,53,MELD_lambda0_equal,0.01,0.969251671147826,345
COPD,22,53,MELD_lambda1_afproj,0.01,0.964437334457639,345
COPD,22,53,EUR,0.01,0.936181620662818,345
COPD,22,53,EAS,0.01,0.906893689278382,345
COPD,22,53,AFR,0.01,0.779125970591168,345
COPD,22,53,CSA,0.01,0.944730660210694,345
COPD,22,53,AMR,0.01,0.959714788750361,345
COPD,22,53,MID,0.01,0.95667786201842,345
COPD,22,53,MELD_lambda0_afproj,0.1,0.972147010321175,345
COPD,22,53,MELD_lambda0_reportN,0.1,0.972921589212498,345
COPD,22,53,MELD_lambda0_equal,0.1,0.970362845271588,345
COPD,22,53,MELD_lambda1_afproj,0.1,0.972534949385194,345
COPD,22,53,EUR,0.1,0.956526520050965,345
COPD,22,53,EAS,0.1,0.943495276187899,345
COPD,22,53,AFR,0.1,0.879697264998713,345
COPD,22,53,CSA,0.1,0.95451530554032,345
COPD,22,53,AMR,0.1,0.956031922940893,345
COPD,22,53,MID,0.1,0.956797621242879,345
COPD,22,54,MELD_lambda0_afproj,0.001,0.817178019563186,50
COPD,22,54,MELD_lambda0_reportN,0.001,0.824007221378674,50
COPD,22,54,MELD_lambda0_equal,0.001,0.799486108275678,50
COPD,22,54,MELD_lambda1_afproj,0.001,0.807993062583323,50
COPD,22,54,EUR,0.001,0.811038584712791,50
COPD,22,54,EAS,0.001,0.651691019888736,50
COPD,22,54,AFR,0.001,0.380301948360611,50
COPD,22,54,CSA,0.001,0.714194369385314,50
COPD,22,54,AMR,0.001,0.874101535802245,50
COPD,22,54,MID,0.001,0.776007406117046,50
COPD,22,54,MELD_lambda0_afproj,0.01,0.814501689102201,50
COPD,22,54,MELD_lambda0_reportN,0.01,0.81972983754404,50
COPD,22,54,MELD_lambda0_equal,0.01,0.800801051072539,50
COPD,22,54,MELD_lambda1_afproj,0.01,0.802491573178746,50
COPD,22,54,EUR,0.01,0.816070693023849,50
COPD,22,54,EAS,0.01,0.658220281085717,50
COPD,22,54,AFR,0.01,0.37888808100951,50
COPD,22,54,CSA,0.01,0.716973369814886,50
COPD,22,54,AMR,0.01,0.872666509634842,50
COPD,22,54,MID,0.01,0.765953778738624,50
COPD,22,54,MELD_lambda0_afproj,0.1,0.814953425782858,50
COPD,22,54,MELD_lambda0_reportN,0.1,0.818219142166528,50
COPD,22,54,MELD_lambda0_equal,0.1,0.813296415778825,50
COPD,22,54,MELD_lambda1_afproj,0.1,0.798126389720243,50
COPD,22,54,EUR,0.1,0.824899405768628,50
COPD,22,54,EAS,0.1,0.651731862479304,50
COPD,22,54,AFR,0.1,0.368803405311992,50
COPD,22,54,CSA,0.1,0.716690479649363,50
COPD,22,54,AMR,0.1,0.865458697390834,50
COPD,22,54,MID,0.1,0.666955749772811,50
COPD,22,55,MELD_lambda0_afproj,0.001,0.690940216661517,214
COPD,22,55,MELD_lambda0_reportN,0.001,0.68930884800456,214
COPD,22,55,MELD_lambda0_equal,0.001,0.814859547184734,214
COPD,22,55,MELD_lambda1_afproj,0.001,0.659647367527814,214
COPD,22,55,EUR,0.001,0.464254307691251,214
COPD,22,55,EAS,0.001,0.43813836549109,214
COPD,22,55,AFR,0.001,0.521644572238113,214
COPD,22,55,CSA,0.001,0.439952495160584,214
COPD,22,55,AMR,0.001,0.55306141805695,214
COPD,22,55,MID,0.001,0.565653186348225,214
COPD,22,55,MELD_lambda0_afproj,0.01,0.834829522758321,214
COPD,22,55,MELD_lambda0_reportN,0.01,0.836010070564266,214
COPD,22,55,MELD_lambda0_equal,0.01,0.841292735552737,214
COPD,22,55,MELD_lambda1_afproj,0.01,0.820474900308817,214
COPD,22,55,EUR,0.01,0.714427707432154,214
COPD,22,55,EAS,0.01,0.658552922266134,214
COPD,22,55,AFR,0.01,0.563161157270748,214
COPD,22,55,CSA,0.01,0.753452343572099,214
COPD,22,55,AMR,0.01,0.803305224379933,214
COPD,22,55,MID,0.01,0.749136270885328,214
COPD,22,55,MELD_lambda0_afproj,0.1,0.841391299813898,214
COPD,22,55,MELD_lambda0_reportN,0.1,0.842631892280013,214
COPD,22,55,MELD_lambda0_equal,0.1,0.837523828142001,214
COPD,22,55,MELD_lambda1_afproj,0.1,0.835149858672904,214
COPD,22,55,EUR,0.1,0.790963906801215,214
COPD,22,55,EAS,0.1,0.698221349355367,214
COPD,22,55,AFR,0.1,0.5818031969861,214
COPD,22,55,CSA,0.1,0.78967494917351,214
COPD,22,55,AMR,0.1,0.807602978574536,214
COPD,22,55,MID,0.1,0.785289041126259,214
COPD,22,56,MELD_lambda0_afproj,0.001,0.845973240491536,31
COPD,22,56,MELD_lambda0_reportN,0.001,0.843966422061008,31
COPD,22,56,MELD_lambda0_equal,0.001,0.778571382580372,31
COPD,22,56,MELD_lambda1_afproj,0.001,0.850430978119383,31
COPD,22,56,EUR,0.001,0.806828798580975,31
COPD,22,56,EAS,0.001,0.800858559758937,31
COPD,22,56,AFR,0.001,0.650910698054912,31
COPD,22,56,CSA,0.001,0.78908751882614,31
COPD,22,56,AMR,0.001,0.729515948404566,31
COPD,22,56,MID,0.001,0.758844672080363,31
COPD,22,56,MELD_lambda0_afproj,0.01,0.838115542676751,31
COPD,22,56,MELD_lambda0_reportN,0.01,0.835575680928499,31
COPD,22,56,MELD_lambda0_equal,0.01,0.775836976506401,31
COPD,22,56,MELD_lambda1_afproj,0.01,0.840877193650823,31
COPD,22,56,EUR,0.01,0.784822582907024,31
COPD,22,56,EAS,0.01,0.803894503723818,31
COPD,22,56,AFR,0.01,0.651734926589129,31
COPD,22,56,CSA,0.01,0.785760539048839,31
COPD,22,56,AMR,0.01,0.724203831469196,31
COPD,22,56,MID,0.01,0.7556547614054,31
COPD,22,56,MELD_lambda0_afproj,0.1,0.807254488981568,31
COPD,22,56,MELD_lambda0_reportN,0.1,0.80550253910686,31
COPD,22,56,MELD_lambda0_equal,0.1,0.763734317178585,31
COPD,22,56,MELD_lambda1_afproj,0.1,0.80110238931834,31
COPD,22,56,EUR,0.1,0.760078698150325,31
COPD,22,56,EAS,0.1,0.814073175470467,31
COPD,22,56,AFR,0.1,0.658269606235296,31
COPD,22,56,CSA,0.1,0.765856443178984,31
COPD,22,56,AMR,0.1,0.717730221160495,31
COPD,22,56,MID,0.1,0.753339855868868,31
COPD,22,57,MELD_lambda0_afproj,0.001,0.887043429219245,239
COPD,22,57,MELD_lambda0_reportN,0.001,0.881584477129408,239
COPD,22,57,MELD_lambda0_equal,0.001,0.904523436859586,239
COPD,22,57,MELD_lambda1_afproj,0.001,0.876253997573933,239
COPD,22,57,EUR,0.001,0.83924834850298,239
COPD,22,57,EAS,0.001,0.671798328454526,239
COPD,22,57,AFR,0.001,0.386240844405304,239
COPD,22,57,CSA,0.001,0.761227183657486,239
COPD,22,57,AMR,0.001,0.742342145610522,239
COPD,22,57,MID,0.001,0.843926043534895,239
COPD,22,57,MELD_lambda0_afproj,0.01,0.922008184342248,239
COPD,22,57,MELD_lambda0_reportN,0.01,0.921614031315736,239
COPD,22,57,MELD_lambda0_equal,0.01,0.917649307767612,239
COPD,22,57,MELD_lambda1_afproj,0.01,0.917551063591168,239
COPD,22,57,EUR,0.01,0.911572795727924,239
COPD,22,57,EAS,0.01,0.816750579195163,239
COPD,22,57,AFR,0.01,0.738231378799818,239
COPD,22,57,CSA,0.01,0.892944609843664,239
COPD,22,57,AMR,0.01,0.88014480286937,239
COPD,22,57,MID,0.01,0.904012836597435,239
COPD,22,57,MELD_lambda0_afproj,0.1,0.908742862211663,239
COPD,22,57,MELD_lambda0_reportN,0.1,0.909197361314378,239
COPD,22,57,MELD_lambda0_equal,0.1,0.912173151829291,239
COPD,22,57,MELD_lambda1_afproj,0.1,0.904899665477764,239
COPD,22,57,EUR,0.1,0.909127423831483,239
COPD,22,57,EAS,0.1,0.819195376961651,239
COPD,22,57,AFR,0.1,0.784674980641199,239
COPD,22,57,CSA,0.1,0.900320342143828,239
COPD,22,57,AMR,0.1,0.902381074912664,239
COPD,22,57,MID,0.1,0.916030172950785,239
COPD,22,58,MELD_lambda0_afproj,0.001,0.627656941087964,362
COPD,22,58,MELD_lambda0_reportN,0.001,0.638194147994954,362
COPD,22,58,MELD_lambda0_equal,0.001,0.760178214377526,362
COPD,22,58,MELD_lambda1_afproj,0.001,0.615439196945828,362
COPD,22,58,EUR,0.001,0.215119419349683,362
COPD,22,58,EAS,0.001,0.262678452450505,362
COPD,22,58,AFR,0.001,0.466035938423287,362
COPD,22,58,CSA,0.001,0.326527113300915,362
COPD,22,58,AMR,0.001,0.211935175466173,362
COPD,22,58,MID,0.001,0.469807679853254,362
COPD,22,58,MELD_lambda0_afproj,0.01,0.73650941810623,362
COPD,22,58,MELD_lambda0_reportN,0.01,0.739694275240864,362
COPD,22,58,MELD_lambda0_equal,0.01,0.761985856454338,362
COPD,22,58,MELD_lambda1_afproj,0.01,0.730992756088779,362
COPD,22,58,EUR,0.01,0.606393001114393,362
COPD,22,58,EAS,0.01,0.594537092072828,362
COPD,22,58,AFR,0.01,0.572169634724726,362
COPD,22,58,CSA,0.01,0.689965669874721,362
COPD,22,58,AMR,0.01,0.575612576551698,362
COPD,22,58,MID,0.01,0.66417296665485,362
COPD,22,58,MELD_lambda0_afproj,0.1,0.756278225922594,362
COPD,22,58,MELD_lambda0_reportN,0.1,0.75767060919015,362
COPD,22,58,MELD_lambda0_equal,0.1,0.751143935407065,362
COPD,22,58,MELD_lambda1_afproj,0.1,0.750808580379651,362
COPD,22,58,EUR,0.1,0.738922638408518,362
COPD,22,58,EAS,0.1,0.643917159405477,362
COPD,22,58,AFR,0.1,0.598472891807638,362
COPD,22,58,CSA,0.1,0.735716768638017,362
COPD,22,58,AMR,0.1,0.645838537888773,362
COPD,22,58,MID,0.1,0.703972090766401,362
COPD,22,60,MELD_lambda0_afproj,0.001,0.878747628016062,195
COPD,22,60,MELD_lambda0_reportN,0.001,0.879211004725119,195
COPD,22,60,MELD_lambda0_equal,0.001,0.810953364349753,195
COPD,22,60,MELD_lambda1_afproj,0.001,0.868410400678578,195
COPD,22,60,EUR,0.001,0.676664774649646,195
COPD,22,60,EAS,0.001,0.645764114310054,195
COPD,22,60,AFR,0.001,0.564427675797549,195
COPD,22,60,CSA,0.001,0.674002401038767,195
COPD,22,60,AMR,0.001,0.640089095390823,195
COPD,22,60,MID,0.001,0.773976845966749,195
COPD,22,60,MELD_lambda0_afproj,0.01,0.876785001283588,195
COPD,22,60,MELD_lambda0_reportN,0.01,0.876915601016636,195
COPD,22,60,MELD_lambda0_equal,0.01,0.810768920632472,195
COPD,22,60,MELD_lambda1_afproj,0.01,0.873001974152982,195
COPD,22,60,EUR,0.01,0.87328873995102,195
COPD,22,60,EAS,0.01,0.712798544521514,195
COPD,22,60,AFR,0.01,0.569050998082013,195
COPD,22,60,CSA,0.01,0.746324392271722,195
COPD,22,60,AMR,0.01,0.747069353577501,195
COPD,22,60,MID,0.01,0.80789249583912,195
COPD,22,60,MELD_lambda0_afproj,0.1,0.870521647832808,195
COPD,22,60,MELD_lambda0_reportN,0.1,0.871554381506888,195
COPD,22,60,MELD_lambda0_equal,0.1,0.810110374233362,195
COPD,22,60,MELD_lambda1_afproj,0.1,0.866568402875831,195
COPD,22,60,EUR,0.1,0.896309025419697,195
COPD,22,60,EAS,0.1,0.706386190842162,195
COPD,22,60,AFR,0.1,0.57671604323874,195
COPD,22,60,CSA,0.1,0.768668472566526,195
COPD,22,60,AMR,0.1,0.789115542908108,195
COPD,22,60,MID,0.1,0.803395089051044,195
COPD,22,61,MELD_lambda0_afproj,0.001,0.739250646664917,298
COPD,22,61,MELD_lambda0_reportN,0.001,0.737788068541081,298
COPD,22,61,MELD_lambda0_equal,0.001,0.813357827232118,298
COPD,22,61,MELD_lambda1_afproj,0.001,0.769973928091013,298
COPD,22,61,EUR,0.001,0.673525326034889,298
COPD,22,61,EAS,0.001,0.199439897352563,298
COPD,22,61,AFR,0.001,0.503943373139977,298
COPD,22,61,CSA,0.001,0.590197586618478,298
COPD,22,61,AMR,0.001,0.628767192152512,298
COPD,22,61,MID,0.001,0.538716445322352,298
COPD,22,61,MELD_lambda0_afproj,0.01,0.863484791813507,298
COPD,22,61,MELD_lambda0_reportN,0.01,0.86181420603948,298
COPD,22,61,MELD_lambda0_equal,0.01,0.852282596876944,298
COPD,22,61,MELD_lambda1_afproj,0.01,0.868782980286663,298
COPD,22,61,EUR,0.01,0.831598378959778,298
COPD,22,61,EAS,0.01,0.678880103592282,298
COPD,22,61,AFR,0.01,0.6049423171838,298
COPD,22,61,CSA,0.01,0.828386834106189,298
COPD,22,61,AMR,0.01,0.823204837055154,298
COPD,22,61,MID,0.01,0.801897578823331,298
COPD,22,61,MELD_lambda0_afproj,0.1,0.873419764282298,298
COPD,22,61,MELD_lambda0_reportN,0.1,0.872659859956068,298
COPD,22,61,MELD_lambda0_equal,0.1,0.851954265076646,298
COPD,22,61,MELD_lambda1_afproj,0.1,0.871339520456183,298
COPD,22,61,EUR,0.1,0.855652063615295,298
COPD,22,61,EAS,0.1,0.780093177791463,298
COPD,22,61,AFR,0.1,0.629955602990291,298
COPD,22,61,CSA,0.1,0.845770766193694,298
COPD,22,61,AMR,0.1,0.850538689405962,298
COPD,22,61,MID,0.1,0.833828082654894,298
COPD,22,63,MELD_lambda0_afproj,0.001,0.842546035271459,58
COPD,22,63,MELD_lambda0_reportN,0.001,0.839300075660938,58
COPD,22,63,MELD_lambda0_equal,0.001,0.852977009559024,58
COPD,22,63,MELD_lambda1_afproj,0.001,0.854948500579807,58
COPD,22,63,EUR,0.001,0.817755871808895,58
COPD,22,63,EAS,0.001,0.817298064181278,58
COPD,22,63,AFR,0.001,0.521488139761739,58
COPD,22,63,CSA,0.001,0.852597724810614,58
COPD,22,63,AMR,0.001,0.853738799556039,58
COPD,22,63,MID,0.001,0.848993065091683,58
COPD,22,63,MELD_lambda0_afproj,0.01,0.848727838116639,58
COPD,22,63,MELD_lambda0_reportN,0.01,0.846029039759336,58
COPD,22,63,MELD_lambda0_equal,0.01,0.854900952169334,58
COPD,22,63,MELD_lambda1_afproj,0.01,0.86016016670865,58
COPD,22,63,EUR,0.01,0.832859570662487,58
COPD,22,63,EAS,0.01,0.816506024018168,58
COPD,22,63,AFR,0.01,0.524369711236455,58
COPD,22,63,CSA,0.01,0.854640651184872,58
COPD,22,63,AMR,0.01,0.858276989723955,58
COPD,22,63,MID,0.01,0.852585312520191,58
COPD,22,63,MELD_lambda0_afproj,0.1,0.859238245031385,58
COPD,22,63,MELD_lambda0_reportN,0.1,0.858356074856496,58
COPD,22,63,MELD_lambda0_equal,0.1,0.859827640258615,58
COPD,22,63,MELD_lambda1_afproj,0.1,0.86686086684981,58
COPD,22,63,EUR,0.1,0.859552195434806,58
COPD,22,63,EAS,0.1,0.792986885636123,58
COPD,22,63,AFR,0.1,0.546400721416454,58
COPD,22,63,CSA,0.1,0.865029216318891,58
COPD,22,63,AMR,0.1,0.865930527643057,58
COPD,22,63,MID,0.1,0.858241652240701,58
COPD,22,64,MELD_lambda0_afproj,0.001,0.853811384176598,181
COPD,22,64,MELD_lambda0_reportN,0.001,0.858936959611814,181
COPD,22,64,MELD_lambda0_equal,0.001,0.896895056456812,181
COPD,22,64,MELD_lambda1_afproj,0.001,0.864365600745556,181
COPD,22,64,EUR,0.001,0.772640566041904,181
COPD,22,64,EAS,0.001,0.64208320168351,181
COPD,22,64,AFR,0.001,0.692253977187823,181
COPD,22,64,CSA,0.001,0.716758612816109,181
COPD,22,64,AMR,0.001,0.76491729011798,181
COPD,22,64,MID,0.001,0.847257276254807,181
COPD,22,64,MELD_lambda0_afproj,0.01,0.905300134684037,181
COPD,22,64,MELD_lambda0_reportN,0.01,0.904897424280382,181
COPD,22,64,MELD_lambda0_equal,0.01,0.899403841567613,181
COPD,22,64,MELD_lambda1_afproj,0.01,0.909895876333298,181
COPD,22,64,EUR,0.01,0.878312857043759,181
COPD,22,64,EAS,0.01,0.832628515733001,181
COPD,22,64,AFR,0.01,0.731301055989048,181
COPD,22,64,CSA,0.01,0.861557243459088,181
COPD,22,64,AMR,0.01,0.877415533100225,181
COPD,22,64,MID,0.01,0.855342086935197,181
COPD,22,64,MELD_lambda0_afproj,0.1,0.900458857251177,181
COPD,22,64,MELD_lambda0_reportN,0.1,0.899344653056363,181
COPD,22,64,MELD_lambda0_equal,0.1,0.891609630727174,181
COPD,22,64,MELD_lambda1_afproj,0.1,0.905259000559301,181
COPD,22,64,EUR,0.1,0.876580190207598,181
COPD,22,64,EAS,0.1,0.854392589592912,181
COPD,22,64,AFR,0.1,0.756698235399854,181
COPD,22,64,CSA,0.1,0.876632531472771,181
COPD,22,64,AMR,0.1,0.87195261223723,181
COPD,22,64,MID,0.1,0.858416008897497,181
COPD,22,65,MELD_lambda0_afproj,0.001,0.901582610064204,48
COPD,22,65,MELD_lambda0_reportN,0.001,0.905300353516344,48
COPD,22,65,MELD_lambda0_equal,0.001,0.943654871752971,48
COPD,22,65,MELD_lambda1_afproj,0.001,0.894406110933263,48
COPD,22,65,EUR,0.001,0.631834464621169,48
COPD,22,65,EAS,0.001,0.869425436013568,48
COPD,22,65,AFR,0.001,0.850217314914556,48
COPD,22,65,CSA,0.001,0.947502438756388,48
COPD,22,65,AMR,0.001,0.87506384689461,48
COPD,22,65,MID,0.001,0.878091612438362,48
COPD,22,65,MELD_lambda0_afproj,0.01,0.927709249218251,48
COPD,22,65,MELD_lambda0_reportN,0.01,0.922940204314721,48
COPD,22,65,MELD_lambda0_equal,0.01,0.943455888532378,48
COPD,22,65,MELD_lambda1_afproj,0.01,0.923023724764221,48
COPD,22,65,EUR,0.01,0.889777061080868,48
COPD,22,65,EAS,0.01,0.919166976399054,48
COPD,22,65,AFR,0.01,0.852030876205383,48
COPD,22,65,CSA,0.01,0.950145990560321,48
COPD,22,65,AMR,0.01,0.928048089483697,48
COPD,22,65,MID,0.01,0.900801507411394,48
COPD,22,65,MELD_lambda0_afproj,0.1,0.941866079208234,48
COPD,22,65,MELD_lambda0_reportN,0.1,0.938798683522874,48
COPD,22,65,MELD_lambda0_equal,0.1,0.941830836572135,48
COPD,22,65,MELD_lambda1_afproj,0.1,0.94211572347374,48
COPD,22,65,EUR,0.1,0.920467380840845,48
COPD,22,65,EAS,0.1,0.926240188127216,48
COPD,22,65,AFR,0.1,0.856458602829186,48
COPD,22,65,CSA,0.1,0.957235885934399,48
COPD,22,65,AMR,0.1,0.929414242652754,48
COPD,22,65,MID,0.1,0.93490046188396,48
COPD,22,66,MELD_lambda0_afproj,0.001,0.861078611084007,217
COPD,22,66,MELD_lambda0_reportN,0.001,0.861588412095154,217
COPD,22,66,MELD_lambda0_equal,0.001,0.895524604954674,217
COPD,22,66,MELD_lambda1_afproj,0.001,0.855427435553203,217
COPD,22,66,EUR,0.001,0.503140583470114,217
COPD,22,66,EAS,0.001,0.627015010608183,217
COPD,22,66,AFR,0.001,0.777677084445699,217
COPD,22,66,CSA,0.001,0.730247732879957,217
COPD,22,66,AMR,0.001,0.76449201332799,217
COPD,22,66,MID,0.001,0.74716696163109,217
COPD,22,66,MELD_lambda0_afproj,0.01,0.902430683163111,217
COPD,22,66,MELD_lambda0_reportN,0.01,0.901163796104674,217
COPD,22,66,MELD_lambda0_equal,0.01,0.895749202299064,217
COPD,22,66,MELD_lambda1_afproj,0.01,0.899025749905809,217
COPD,22,66,EUR,0.01,0.78634740293588,217
COPD,22,66,EAS,0.01,0.83580563808285,217
COPD,22,66,AFR,0.01,0.781828256278833,217
COPD,22,66,CSA,0.01,0.872646809439103,217
COPD,22,66,AMR,0.01,0.863426443603835,217
COPD,22,66,MID,0.01,0.839783372003922,217
COPD,22,66,MELD_lambda0_afproj,0.1,0.902293243158203,217
COPD,22,66,MELD_lambda0_reportN,0.1,0.901217489995547,217
COPD,22,66,MELD_lambda0_equal,0.1,0.887439864709706,217
COPD,22,66,MELD_lambda1_afproj,0.1,0.898192035581845,217
COPD,22,66,EUR,0.1,0.840315546494248,217
COPD,22,66,EAS,0.1,0.841698223083834,217
COPD,22,66,AFR,0.1,0.777094232179176,217
COPD,22,66,CSA,0.1,0.871138384396974,217
COPD,22,66,AMR,0.1,0.850159571717562,217
COPD,22,66,MID,0.1,0.839635198748301,217
COPD,22,67,MELD_lambda0_afproj,0.001,0.775868207843866,219
COPD,22,67,MELD_lambda0_reportN,0.001,0.765090958223635,219
COPD,22,67,MELD_lambda0_equal,0.001,0.812912467556989,219
COPD,22,67,MELD_lambda1_afproj,0.001,0.769485412658671,219
COPD,22,67,EUR,0.001,0.327105695590561,219
COPD,22,67,EAS,0.001,0.712170619115383,219
COPD,22,67,AFR,0.001,0.413546188495345,219
COPD,22,67,CSA,0.001,0.516938755958775,219
COPD,22,67,AMR,0.001,0.343357674828462,219
COPD,22,67,MID,0.001,0.369255417780913,219
COPD,22,67,MELD_lambda0_afproj,0.01,0.854345555407382,219
COPD,22,67,MELD_lambda0_reportN,0.01,0.852230155473683,219
COPD,22,67,MELD_lambda0_equal,0.01,0.82196674110322,219
COPD,22,67,MELD_lambda1_afproj,0.01,0.853401452597426,219
COPD,22,67,EUR,0.01,0.726105096690527,219
COPD,22,67,EAS,0.01,0.81120940374101,219
COPD,22,67,AFR,0.01,0.44835581373165,219
COPD,22,67,CSA,0.01,0.763799051686595,219
COPD,22,67,AMR,0.01,0.650065620808425,219
COPD,22,67,MID,0.01,0.740288990594415,219
COPD,22,67,MELD_lambda0_afproj,0.1,0.84157994263786,219
COPD,22,67,MELD_lambda0_reportN,0.1,0.840446978432851,219
COPD,22,67,MELD_lambda0_equal,0.1,0.814857292500534,219
COPD,22,67,MELD_lambda1_afproj,0.1,0.838640242731692,219
COPD,22,67,EUR,0.1,0.782984145243863,219
COPD,22,67,EAS,0.1,0.804230961798968,219
COPD,22,67,AFR,0.1,0.473742407368106,219
COPD,22,67,CSA,0.1,0.784739727115498,219
COPD,22,67,AMR,0.1,0.725127026972122,219
COPD,22,67,MID,0.1,0.78443354603428,219
COPD,22,68,MELD_lambda0_afproj,0.001,0.804242329169554,153
COPD,22,68,MELD_lambda0_reportN,0.001,0.808026058506623,153
COPD,22,68,MELD_lambda0_equal,0.001,0.835238676309475,153
COPD,22,68,MELD_lambda1_afproj,0.001,0.807359298839006,153
COPD,22,68,EUR,0.001,0.380303741069894,153
COPD,22,68,EAS,0.001,0.650363087077512,153
COPD,22,68,AFR,0.001,0.645363363683755,153
COPD,22,68,CSA,0.001,0.726827259377983,153
COPD,22,68,AMR,0.001,0.786658549026212,153
COPD,22,68,MID,0.001,0.805922718207288,153
COPD,22,68,MELD_lambda0_afproj,0.01,0.800091814754358,153
COPD,22,68,MELD_lambda0_reportN,0.01,0.801708653615314,153
COPD,22,68,MELD_lambda0_equal,0.01,0.833291690685244,153
COPD,22,68,MELD_lambda1_afproj,0.01,0.807750984554622,153
COPD,22,68,EUR,0.01,0.706971830021178,153
COPD,22,68,EAS,0.01,0.684128021604627,153
COPD,22,68,AFR,0.01,0.646861081206876,153
COPD,22,68,CSA,0.01,0.749921603678634,153
COPD,22,68,AMR,0.01,0.802861150840563,153
COPD,22,68,MID,0.01,0.799806744562386,153
COPD,22,68,MELD_lambda0_afproj,0.1,0.804045912583112,153
COPD,22,68,MELD_lambda0_reportN,0.1,0.803909409250257,153
COPD,22,68,MELD_lambda0_equal,0.1,0.821880633755384,153
COPD,22,68,MELD_lambda1_afproj,0.1,0.810316849614911,153
COPD,22,68,EUR,0.1,0.775650247379237,153
COPD,22,68,EAS,0.1,0.69811947896641,153
COPD,22,68,AFR,0.1,0.657402019963688,153
COPD,22,68,CSA,0.1,0.763338050046437,153
COPD,22,68,AMR,0.1,0.803090947074485,153
COPD,22,68,MID,0.1,0.784743355557632,153
COPD,22,69,MELD_lambda0_afproj,0.001,0.772000467840662,30
COPD,22,69,MELD_lambda0_reportN,0.001,0.773256820686021,30
COPD,22,69,MELD_lambda0_equal,0.001,0.792253866712557,30
COPD,22,69,MELD_lambda1_afproj,0.001,0.797463871977931,30
COPD,22,69,EUR,0.001,0.734175543089047,30
COPD,22,69,EAS,0.001,0.754944484334274,30
COPD,22,69,AFR,0.001,0.668967050394907,30
COPD,22,69,CSA,0.001,0.73034447659538,30
COPD,22,69,AMR,0.001,0.754759548824537,30
COPD,22,69,MID,0.001,0.657526534857175,30
COPD,22,69,MELD_lambda0_afproj,0.01,0.7932850540627,30
COPD,22,69,MELD_lambda0_reportN,0.01,0.797540302733648,30
COPD,22,69,MELD_lambda0_equal,0.01,0.799595108212891,30
COPD,22,69,MELD_lambda1_afproj,0.01,0.829885965180943,30
COPD,22,69,EUR,0.01,0.724391326016244,30
COPD,22,69,EAS,0.01,0.763441032735903,30
COPD,22,69,AFR,0.01,0.665711710186643,30
COPD,22,69,CSA,0.01,0.733275736311626,30
COPD,22,69,AMR,0.01,0.768703208733789,30
COPD,22,69,MID,0.01,0.665418908981383,30
COPD,22,69,MELD_lambda0_afproj,0.1,0.823582835842596,30
COPD,22,69,MELD_lambda0_reportN,0.1,0.825860119378011,30
COPD,22,69,MELD_lambda0_equal,0.1,0.824739897645218,30
COPD,22,69,MELD_lambda1_afproj,0.1,0.862844075317648,30
COPD,22,69,EUR,0.1,0.741868328143102,30
COPD,22,69,EAS,0.1,0.800745076802658,30
COPD,22,69,AFR,0.1,0.66669736591331,30
COPD,22,69,CSA,0.1,0.758327378286599,30
COPD,22,69,AMR,0.1,0.798110990680696,30
COPD,22,69,MID,0.1,0.715541518745992,30
COPD,22,70,MELD_lambda0_afproj,0.001,0.881251931138758,190
COPD,22,70,MELD_lambda0_reportN,0.001,0.885564161258992,190
COPD,22,70,MELD_lambda0_equal,0.001,0.925486045484035,190
COPD,22,70,MELD_lambda1_afproj,0.001,0.877295705341641,190
COPD,22,70,EUR,0.001,0.780928252350659,190
COPD,22,70,EAS,0.001,0.72441157820657,190
COPD,22,70,AFR,0.001,0.694734167916655,190
COPD,22,70,CSA,0.001,0.843444057154047,190
COPD,22,70,AMR,0.001,0.796910974916269,190
COPD,22,70,MID,0.001,0.891807353155213,190
COPD,22,70,MELD_lambda0_afproj,0.01,0.922871269264499,190
COPD,22,70,MELD_lambda0_reportN,0.01,0.924615276991718,190
COPD,22,70,MELD_lambda0_equal,0.01,0.927150907764931,190
COPD,22,70,MELD_lambda1_afproj,0.01,0.922996450072554,190
COPD,22,70,EUR,0.01,0.898765259916306,190
COPD,22,70,EAS,0.01,0.817453826013657,190
COPD,22,70,AFR,0.01,0.718546238486882,190
COPD,22,70,CSA,0.01,0.883070838172151,190
COPD,22,70,AMR,0.01,0.911184817056139,190
COPD,22,70,MID,0.01,0.905108949979589,190
COPD,22,70,MELD_lambda0_afproj,0.1,0.928859604269064,190
COPD,22,70,MELD_lambda0_reportN,0.1,0.930066902507546,190
COPD,22,70,MELD_lambda0_equal,0.1,0.919883919365469,190
COPD,22,70,MELD_lambda1_afproj,0.1,0.927693015837756,190
COPD,22,70,EUR,0.1,0.921511397758821,190
COPD,22,70,EAS,0.1,0.832183321285494,190
COPD,22,70,AFR,0.1,0.719624614764024,190
COPD,22,70,CSA,0.1,0.876566752458019,190
COPD,22,70,AMR,0.1,0.912893729532458,190
COPD,22,70,MID,0.1,0.896450963245932,190
COPD,22,71,MELD_lambda0_afproj,0.001,0.865379544538897,164
COPD,22,71,MELD_lambda0_reportN,0.001,0.871687488695263,164
COPD,22,71,MELD_lambda0_equal,0.001,0.893067267673398,164
COPD,22,71,MELD_lambda1_afproj,0.001,0.877665113475281,164
COPD,22,71,EUR,0.001,0.547014080236693,164
COPD,22,71,EAS,0.001,0.644564321714722,164
COPD,22,71,AFR,0.001,0.711415177688876,164
COPD,22,71,CSA,0.001,0.841752670706698,164
COPD,22,71,AMR,0.001,0.834186639985771,164
COPD,22,71,MID,0.001,0.828966893024413,164
COPD,22,71,MELD_lambda0_afproj,0.01,0.908989371535382,164
COPD,22,71,MELD_lambda0_reportN,0.01,0.910208784610378,164
COPD,22,71,MELD_lambda0_equal,0.01,0.894228711862039,164
COPD,22,71,MELD_lambda1_afproj,0.01,0.913121224267147,164
COPD,22,71,EUR,0.01,0.853103385679358,164
COPD,22,71,EAS,0.01,0.769898005722591,164
COPD,22,71,AFR,0.01,0.72607955290397,164
COPD,22,71,CSA,0.01,0.865968270575321,164
COPD,22,71,AMR,0.01,0.860371257894145,164
COPD,22,71,MID,0.01,0.845147880368602,164
COPD,22,71,MELD_lambda0_afproj,0.1,0.918955833269919,164
COPD,22,71,MELD_lambda0_reportN,0.1,0.919394749178259,164
COPD,22,71,MELD_lambda0_equal,0.1,0.895828490009028,164
COPD,22,71,MELD_lambda1_afproj,0.1,0.919051565187734,164
COPD,22,71,EUR,0.1,0.881586008104805,164
COPD,22,71,EAS,0.1,0.787178565567234,164
COPD,22,71,AFR,0.1,0.742404962234925,164
COPD,22,71,CSA,0.1,0.880382266492058,164
COPD,22,71,AMR,0.1,0.860157294026409,164
COPD,22,71,MID,0.1,0.863604666013186,164
COPD,22,72,MELD_lambda0_afproj,0.001,0.903863882809804,63
COPD,22,72,MELD_lambda0_reportN,0.001,0.903849389869039,63
COPD,22,72,MELD_lambda0_equal,0.001,0.860817343653473,63
COPD,22,72,MELD_lambda1_afproj,0.001,0.906083240832654,63
COPD,22,72,EUR,0.001,0.904241716636223,63
COPD,22,72,EAS,0.001,0.865794665163429,63
COPD,22,72,AFR,0.001,0.641221920320963,63
COPD,22,72,CSA,0.001,0.882421930374817,63
COPD,22,72,AMR,0.001,0.872871549687024,63
COPD,22,72,MID,0.001,0.819555752456894,63
COPD,22,72,MELD_lambda0_afproj,0.01,0.901594424590814,63
COPD,22,72,MELD_lambda0_reportN,0.01,0.901209643566582,63
COPD,22,72,MELD_lambda0_equal,0.01,0.864487497682963,63
COPD,22,72,MELD_lambda1_afproj,0.01,0.904332893661069,63
COPD,22,72,EUR,0.01,0.901061605619086,63
COPD,22,72,EAS,0.01,0.857642760477138,63
COPD,22,72,AFR,0.01,0.644719635472227,63
COPD,22,72,CSA,0.01,0.886699510848982,63
COPD,22,72,AMR,0.01,0.873502159369015,63
COPD,22,72,MID,0.01,0.835714407629252,63
COPD,22,72,MELD_lambda0_afproj,0.1,0.889794502529053,63
COPD,22,72,MELD_lambda0_reportN,0.1,0.889411161257628,63
COPD,22,72,MELD_lambda0_equal,0.1,0.864236897305297,63
COPD,22,72,MELD_lambda1_afproj,0.1,0.892756818336184,63
COPD,22,72,EUR,0.1,0.888504593808212,63
COPD,22,72,EAS,0.1,0.839608493500025,63
COPD,22,72,AFR,0.1,0.652523691663036,63
COPD,22,72,CSA,0.1,0.882005401407478,63
COPD,22,72,AMR,0.1,0.86303691753681,63
COPD,22,72,MID,0.1,0.836485394400142,63
COPD,22,74,MELD_lambda0_afproj,0.001,0.745086040272948,381
COPD,22,74,MELD_lambda0_reportN,0.001,0.743571522785052,381
COPD,22,74,MELD_lambda0_equal,0.001,0.884531744638728,381
COPD,22,74,MELD_lambda1_afproj,0.001,0.742269391991812,381
COPD,22,74,EUR,0.001,0.540535888232497,381
COPD,22,74,EAS,0.001,0.473008447780283,381
COPD,22,74,AFR,0.001,0.41459905177064,381
COPD,22,74,CSA,0.001,0.471931901515159,381
COPD,22,74,AMR,0.001,0.61217275767525,381
COPD,22,74,MID,0.001,0.593073453761937,381
COPD,22,74,MELD_lambda0_afproj,0.01,0.907065999723828,381
COPD,22,74,MELD_lambda0_reportN,0.01,0.907189067837701,381
COPD,22,74,MELD_lambda0_equal,0.01,0.909572645212157,381
COPD,22,74,MELD_lambda1_afproj,0.01,0.906463999139729,381
COPD,22,74,EUR,0.01,0.874471280822686,381
COPD,22,74,EAS,0.01,0.768586767152159,381
COPD,22,74,AFR,0.01,0.740944085397514,381
COPD,22,74,CSA,0.01,0.812998253313002,381
COPD,22,74,AMR,0.01,0.842096895856146,381
COPD,22,74,MID,0.01,0.864923377077804,381
COPD,22,74,MELD_lambda0_afproj,0.1,0.906235604286825,381
COPD,22,74,MELD_lambda0_reportN,0.1,0.906777414094257,381
COPD,22,74,MELD_lambda0_equal,0.1,0.900396091227651,381
COPD,22,74,MELD_lambda1_afproj,0.1,0.903734544814664,381
COPD,22,74,EUR,0.1,0.90093610263316,381
COPD,22,74,EAS,0.1,0.776572683939905,381
COPD,22,74,AFR,0.1,0.789136699128677,381
COPD,22,74,CSA,0.1,0.861518843025485,381
COPD,22,74,AMR,0.1,0.887034888310481,381
COPD,22,74,MID,0.1,0.888219900506219,381
Gout,22,1,MELD_lambda0_afproj,0.001,0.843426587871632,115
Gout,22,1,MELD_lambda0_reportN,0.001,0.845731924390499,115
Gout,22,1,MELD_lambda0_equal,0.001,0.852979300929384,115
Gout,22,1,MELD_lambda1_afproj,0.001,0.845550727440611,115
Gout,22,1,EUR,0.001,0.559164855853857,115
Gout,22,1,EAS,0.001,0.713673637615768,115
Gout,22,1,AFR,0.001,0.489062344076348,115
Gout,22,1,CSA,0.001,0.735579913663918,115
Gout,22,1,AMR,0.001,0.70215498254695,115
Gout,22,1,MID,0.001,0.80764818956938,115
Gout,22,1,MELD_lambda0_afproj,0.01,0.8695934769192,115
Gout,22,1,MELD_lambda0_reportN,0.01,0.870035274249551,115
Gout,22,1,MELD_lambda0_equal,0.01,0.861426613539248,115
Gout,22,1,MELD_lambda1_afproj,0.01,0.867595922604179,115
Gout,22,1,EUR,0.01,0.837368744315253,115
Gout,22,1,EAS,0.01,0.825880671124397,115
Gout,22,1,AFR,0.01,0.712132993142966,115
Gout,22,1,CSA,0.01,0.847428649516918,115
Gout,22,1,AMR,0.01,0.844719105992327,115
Gout,22,1,MID,0.01,0.815748218125113,115
Gout,22,1,MELD_lambda0_afproj,0.1,0.870144556594819,115
Gout,22,1,MELD_lambda0_reportN,0.1,0.87061446793524,115
Gout,22,1,MELD_lambda0_equal,0.1,0.858381146321978,115
Gout,22,1,MELD_lambda1_afproj,0.1,0.861908514553519,115
Gout,22,1,EUR,0.1,0.876006252975951,115
Gout,22,1,EAS,0.1,0.82701778645598,115
Gout,22,1,AFR,0.1,0.752783789998506,115
Gout,22,1,CSA,0.1,0.858999360928923,115
Gout,22,1,AMR,0.1,0.877427218458749,115
Gout,22,1,MID,0.1,0.822995477759786,115
Gout,22,2,MELD_lambda0_afproj,0.001,0.920073206114511,46
Gout,22,2,MELD_lambda0_reportN,0.001,0.922872126382343,46
Gout,22,2,MELD_lambda0_equal,0.001,0.913265701666785,46
Gout,22,2,MELD_lambda1_afproj,0.001,0.893847460577435,46
Gout,22,2,EUR,0.001,0.918037996988304,46
Gout,22,2,EAS,0.001,0.717974783468083,46
Gout,22,2,AFR,0.001,0.852530452265353,46
Gout,22,2,CSA,0.001,0.869359811154642,46
Gout,22,2,AMR,0.001,0.903496367634257,46
Gout,22,2,MID,0.001,0.894915999066993,46
Gout,22,2,MELD_lambda0_afproj,0.01,0.920471453582192,46
Gout,22,2,MELD_lambda0_reportN,0.01,0.922757362203267,46
Gout,22,2,MELD_lambda0_equal,0.01,0.911774262883375,46
Gout,22,2,MELD_lambda1_afproj,0.01,0.89455284409634,46
Gout,22,2,EUR,0.01,0.919887723489246,46
Gout,22,2,EAS,0.01,0.75405826269981,46
Gout,22,2,AFR,0.01,0.851857338807013,46
Gout,22,2,CSA,0.01,0.872215054276919,46
Gout,22,2,AMR,0.01,0.902841964802622,46
Gout,22,2,MID,0.01,0.892656345809546,46
Gout,22,2,MELD_lambda0_afproj,0.1,0.914248063630514,46
Gout,22,2,MELD_lambda0_reportN,0.1,0.91515800649123,46
Gout,22,2,MELD_lambda0_equal,0.1,0.9008745186979,46
Gout,22,2,MELD_lambda1_afproj,0.1,0.890868120549249,46
Gout,22,2,EUR,0.1,0.915405186323629,46
Gout,22,2,EAS,0.1,0.746372929160656,46
Gout,22,2,AFR,0.1,0.847699074610691,46
Gout,22,2,CSA,0.1,0.878066929428212,46
Gout,22,2,AMR,0.1,0.895419304684446,46
Gout,22,2,MID,0.1,0.874271448164172,46
Gout,22,4,MELD_lambda0_afproj,0.001,0.691942792907915,194
Gout,22,4,MELD_lambda0_reportN,0.001,0.692776285149192,194
Gout,22,4,MELD_lambda0_equal,0.001,0.664108761513645,194
Gout,22,4,MELD_lambda1_afproj,0.001,0.675558556070139,194
Gout,22,4,EUR,0.001,0.455495740508652,194
Gout,22,4,EAS,0.001,0.423352333194034,194
Gout,22,4,AFR,0.001,0.513670144646844,194
Gout,22,4,CSA,0.001,0.655055098993735,194
Gout,22,4,AMR,0.001,0.322123493582969,194
Gout,22,4,MID,0.001,0.729379674886837,194
Gout,22,4,MELD_lambda0_afproj,0.01,0.736054645089217,194
Gout,22,4,MELD_lambda0_reportN,0.01,0.734576225610096,194
Gout,22,4,MELD_lambda0_equal,0.01,0.701149210563054,194
Gout,22,4,MELD_lambda1_afproj,0.01,0.730338743166909,194
Gout,22,4,EUR,0.01,0.710286921817919,194
Gout,22,4,EAS,0.01,0.602434783808951,194
Gout,22,4,AFR,0.01,0.554328088386792,194
Gout,22,4,CSA,0.01,0.719746023804665,194
Gout,22,4,AMR,0.01,0.559434926896959,194
Gout,22,4,MID,0.01,0.725864877440973,194
Gout,22,4,MELD_lambda0_afproj,0.1,0.733843393715087,194
Gout,22,4,MELD_lambda0_reportN,0.1,0.733822082265606,194
Gout,22,4,MELD_lambda0_equal,0.1,0.70013144353487,194
Gout,22,4,MELD_lambda1_afproj,0.1,0.729819744420496,194
Gout,22,4,EUR,0.1,0.723667615873802,194
Gout,22,4,EAS,0.1,0.597207696704686,194
Gout,22,4,AFR,0.1,0.551144754588686,194
Gout,22,4,CSA,0.1,0.695213693746145,194
Gout,22,4,AMR,0.1,0.653545635124221,194
Gout,22,4,MID,0.1,0.708244311948075,194
Gout,22,5,MELD_lambda0_afproj,0.001,0.569914666404125,82
Gout,22,5,MELD_lambda0_reportN,0.001,0.589008926482356,82
Gout,22,5,MELD_lambda0_equal,0.001,0.538594118653801,82
Gout,22,5,MELD_lambda1_afproj,0.001,0.580055642477919,82
Gout,22,5,EUR,0.001,0.494198339690405,82
Gout,22,5,EAS,0.001,0.143403038997788,82
Gout,22,5,AFR,0.001,0.552324180670059,82
Gout,22,5,CSA,0.001,0.501057390548836,82
Gout,22,5,AMR,0.001,0.446339767966925,82
Gout,22,5,MID,0.001,0.543786968805467,82
Gout,22,5,MELD_lambda0_afproj,0.01,0.529641252281774,82
Gout,22,5,MELD_lambda0_reportN,0.01,0.542546522911993,82
Gout,22,5,MELD_lambda0_equal,0.01,0.533840497077326,82
Gout,22,5,MELD_lambda1_afproj,0.01,0.533958901893913,82
Gout,22,5,EUR,0.01,0.571994453560019,82
Gout,22,5,EAS,0.01,0.341880744936149,82
Gout,22,5,AFR,0.01,0.539402863961796,82
Gout,22,5,CSA,0.01,0.460070472541224,82
Gout,22,5,AMR,0.01,0.502549877714221,82
Gout,22,5,MID,0.01,0.556896948443725,82
Gout,22,5,MELD_lambda0_afproj,0.1,0.460678806447501,82
Gout,22,5,MELD_lambda0_reportN,0.1,0.469427871413061,82
Gout,22,5,MELD_lambda0_equal,0.1,0.503440463933055,82
Gout,22,5,MELD_lambda1_afproj,0.1,0.45074939304956,82
Gout,22,5,EUR,0.1,0.484964643199923,82
Gout,22,5,EAS,0.1,0.350187425618876,82
Gout,22,5,AFR,0.1,0.54233415489993,82
Gout,22,5,CSA,0.1,0.375822715193003,82
Gout,22,5,AMR,0.1,0.452323299347077,82
Gout,22,5,MID,0.1,0.556571357093456,82
Gout,22,6,MELD_lambda0_afproj,0.001,0.790744332461108,31
Gout,22,6,MELD_lambda0_reportN,0.001,0.790386687755931,31
Gout,22,6,MELD_lambda0_equal,0.001,0.70136877581836,31
Gout,22,6,MELD_lambda1_afproj,0.001,0.754611779928688,31
Gout,22,6,EUR,0.001,0.969237455545485,31
Gout,22,6,EAS,0.001,0.756938550177803,31
Gout,22,6,AFR,0.001,0.490299032513503,31
Gout,22,6,CSA,0.001,0.640289592753191,31
Gout,22,6,AMR,0.001,0.746057402590457,31
Gout,22,6,MID,0.001,0.739650722647156,31
Gout,22,6,MELD_lambda0_afproj,0.01,0.767953941312421,31
Gout,22,6,MELD_lambda0_reportN,0.01,0.769222183971283,31
Gout,22,6,MELD_lambda0_equal,0.01,0.698571288252849,31
Gout,22,6,MELD_lambda1_afproj,0.01,0.75461863581335,31
Gout,22,6,EUR,0.01,0.951655700849855,31
Gout,22,6,EAS,0.01,0.6276912992099,31
Gout,22,6,AFR,0.01,0.490439947008979,31
Gout,22,6,CSA,0.01,0.632654001737908,31
Gout,22,6,AMR,0.01,0.745283543462405,31
Gout,22,6,MID,0.01,0.737818675298826,31
Gout,22,6,MELD_lambda0_afproj,0.1,0.650170048748191,31
Gout,22,6,MELD_lambda0_reportN,0.1,0.655751757314046,31
Gout,22,6,MELD_lambda0_equal,0.1,0.664166928426924,31
Gout,22,6,MELD_lambda1_afproj,0.1,0.699262216630692,31
Gout,22,6,EUR,0.1,0.817645216931705,31
Gout,22,6,EAS,0.1,0.448098111333247,31
Gout,22,6,AFR,0.1,0.490758316140326,31
Gout,22,6,CSA,0.1,0.56041406049007,31
Gout,22,6,AMR,0.1,0.720070627701888,31
Gout,22,6,MID,0.1,0.723523359864974,31
Gout,22,7,MELD_lambda0_afproj,0.001,0.939408764039678,295
Gout,22,7,MELD_lambda0_reportN,0.001,0.943591780675897,295
Gout,22,7,MELD_lambda0_equal,0.001,0.944929872450557,295
Gout,22,7,MELD_lambda1_afproj,0.001,0.94259539614511,295
Gout,22,7,EUR,0.001,0.804139711828423,295
Gout,22,7,EAS,0.001,0.770024052786875,295
Gout,22,7,AFR,0.001,0.66435378725306,295
Gout,22,7,CSA,0.001,0.718586119116629,295
Gout,22,7,AMR,0.001,0.889414681642705,295
Gout,22,7,MID,0.001,0.744141376558136,295
Gout,22,7,MELD_lambda0_afproj,0.01,0.970598679051501,295
Gout,22,7,MELD_lambda0_reportN,0.01,0.971486553212359,295
Gout,22,7,MELD_lambda0_equal,0.01,0.957817582295156,295
Gout,22,7,MELD_lambda1_afproj,0.01,0.969483213528637,295
Gout,22,7,EUR,0.01,0.940519635596917,295
Gout,22,7,EAS,0.01,0.926484138271022,295
Gout,22,7,AFR,0.01,0.906817412772626,295
Gout,22,7,CSA,0.01,0.906267979203239,295
Gout,22,7,AMR,0.01,0.948294577069787,295
Gout,22,7,MID,0.01,0.920216286876133,295
Gout,22,7,MELD_lambda0_afproj,0.1,0.965494405364586,295
Gout,22,7,MELD_lambda0_reportN,0.1,0.966268512410934,295
Gout,22,7,MELD_lambda0_equal,0.1,0.954665218067916,295
Gout,22,7,MELD_lambda1_afproj,0.1,0.963999822186311,295
Gout,22,7,EUR,0.1,0.958082746292627,295
Gout,22,7,EAS,0.1,0.925136356260705,295
Gout,22,7,AFR,0.1,0.922035600534871,295
Gout,22,7,CSA,0.1,0.935929840156785,295
Gout,22,7,AMR,0.1,0.952834533742789,295
Gout,22,7,MID,0.1,0.950391885933818,295
Gout,22,8,MELD_lambda0_afproj,0.001,0.871931241235893,106
Gout,22,8,MELD_lambda0_reportN,0.001,0.866675604988052,106
Gout,22,8,MELD_lambda0_equal,0.001,0.87364730663504,106
Gout,22,8,MELD_lambda1_afproj,0.001,0.873284490528085,106
Gout,22,8,EUR,0.001,0.644736573760203,106
Gout,22,8,EAS,0.001,0.812601352168623,106
Gout,22,8,AFR,0.001,0.631661277411466,106
Gout,22,8,CSA,0.001,0.733355099763833,106
Gout,22,8,AMR,0.001,0.726178071741202,106
Gout,22,8,MID,0.001,0.849794218514295,106
Gout,22,8,MELD_lambda0_afproj,0.01,0.893571143941743,106
Gout,22,8,MELD_lambda0_reportN,0.01,0.891953399107014,106
Gout,22,8,MELD_lambda0_equal,0.01,0.882050579239517,106
Gout,22,8,MELD_lambda1_afproj,0.01,0.894790409655852,106
Gout,22,8,EUR,0.01,0.871362902483396,106
Gout,22,8,EAS,0.01,0.840931034313526,106
Gout,22,8,AFR,0.01,0.713381405144041,106
Gout,22,8,CSA,0.01,0.802589978047254,106
Gout,22,8,AMR,0.01,0.87944054902785,106
Gout,22,8,MID,0.01,0.857563380531765,106
Gout,22,8,MELD_lambda0_afproj,0.1,0.868923746612544,106
Gout,22,8,MELD_lambda0_reportN,0.1,0.868176489867555,106
Gout,22,8,MELD_lambda0_equal,0.1,0.865107562080365,106
Gout,22,8,MELD_lambda1_afproj,0.1,0.86227242051761,106
Gout,22,8,EUR,0.1,0.858950114546808,106
Gout,22,8,EAS,0.1,0.807214811206557,106
Gout,22,8,AFR,0.1,0.740910592786921,106
Gout,22,8,CSA,0.1,0.81837492381256,106
Gout,22,8,AMR,0.1,0.844005436352494,106
Gout,22,8,MID,0.1,0.849754085697969,106
Gout,22,10,MELD_lambda0_afproj,0.001,0.772044003278543,226
Gout,22,10,MELD_lambda0_reportN,0.001,0.771479834168286,226
Gout,22,10,MELD_lambda0_equal,0.001,0.881737895427463,226
Gout,22,10,MELD_lambda1_afproj,0.001,0.75322046743153,226
Gout,22,10,EUR,0.001,0.54867133793017,226
Gout,22,10,EAS,0.001,0.564705210182013,226
Gout,22,10,AFR,0.001,0.511197630764515,226
Gout,22,10,CSA,0.001,0.595228138426897,226
Gout,22,10,AMR,0.001,0.437836040312867,226
Gout,22,10,MID,0.001,0.559052369377523,226
Gout,22,10,MELD_lambda0_afproj,0.01,0.895395916009074,226
Gout,22,10,MELD_lambda0_reportN,0.01,0.89433128165638,226
Gout,22,10,MELD_lambda0_equal,0.01,0.882698013987477,226
Gout,22,10,MELD_lambda1_afproj,0.01,0.88830664149289,226
Gout,22,10,EUR,0.01,0.856185968389053,226
Gout,22,10,EAS,0.01,0.781191030900122,226
Gout,22,10,AFR,0.01,0.701018975608236,226
Gout,22,10,CSA,0.01,0.856240349608909,226
Gout,22,10,AMR,0.01,0.801005440330524,226
Gout,22,10,MID,0.01,0.818764594985035,226
Gout,22,10,MELD_lambda0_afproj,0.1,0.89915490062689,226
Gout,22,10,MELD_lambda0_reportN,0.1,0.899582380603876,226
Gout,22,10,MELD_lambda0_equal,0.1,0.874732598262293,226
Gout,22,10,MELD_lambda1_afproj,0.1,0.891515336214341,226
Gout,22,10,EUR,0.1,0.896378770363571,226
Gout,22,10,EAS,0.1,0.779627371014699,226
Gout,22,10,AFR,0.1,0.71630982152053,226
Gout,22,10,CSA,0.1,0.864307487872397,226
Gout,22,10,AMR,0.1,0.865441789160061,226
Gout,22,10,MID,0.1,0.866085819592873,226
Gout,22,11,MELD_lambda0_afproj,0.001,0.787192732323634,168
Gout,22,11,MELD_lambda0_reportN,0.001,0.782088221651528,168
Gout,22,11,MELD_lambda0_equal,0.001,0.881864550178915,168
Gout,22,11,MELD_lambda1_afproj,0.001,0.790213941373195,168
Gout,22,11,EUR,0.001,0.730637802881693,168
Gout,22,11,EAS,0.001,0.790406403206891,168
Gout,22,11,AFR,0.001,0.628704558282891,168
Gout,22,11,CSA,0.001,0.712737675224097,168
Gout,22,11,AMR,0.001,0.822818119503824,168
Gout,22,11,MID,0.001,0.763406265516772,168
Gout,22,11,MELD_lambda0_afproj,0.01,0.884945854676906,168
Gout,22,11,MELD_lambda0_reportN,0.01,0.883730505479429,168
Gout,22,11,MELD_lambda0_equal,0.01,0.884842007691245,168
Gout,22,11,MELD_lambda1_afproj,0.01,0.881190251153138,168
Gout,22,11,EUR,0.01,0.858034307472596,168
Gout,22,11,EAS,0.01,0.893204374772543,168
Gout,22,11,AFR,0.01,0.78299581005887,168
Gout,22,11,CSA,0.01,0.860383527865226,168
Gout,22,11,AMR,0.01,0.882372397465485,168
Gout,22,11,MID,0.01,0.849447904065075,168
Gout,22,11,MELD_lambda0_afproj,0.1,0.903843797914264,168
Gout,22,11,MELD_lambda0_reportN,0.1,0.90338764674497,168
Gout,22,11,MELD_lambda0_equal,0.1,0.881601008254225,168
Gout,22,11,MELD_lambda1_afproj,0.1,0.89982913466802,168
Gout,22,11,EUR,0.1,0.894462755509787,168
Gout,22,11,EAS,0.1,0.894892023997567,168
Gout,22,11,AFR,0.1,0.786550756648993,168
Gout,22,11,CSA,0.1,0.865151940793683,168
Gout,22,11,AMR,0.1,0.874013889109678,168
Gout,22,11,MID,0.1,0.857213389662968,168
Gout,22,12,MELD_lambda0_afproj,0.001,0.963289812540768,55
Gout,22,12,MELD_lambda0_reportN,0.001,0.964842658368952,55
Gout,22,12,MELD_lambda0_equal,0.001,0.958359688669796,55
Gout,22,12,MELD_lambda1_afproj,0.001,0.964462324580221,55
Gout,22,12,EUR,0.001,0.970176071656227,55
Gout,22,12,EAS,0.001,0.878668069477105,55
Gout,22,12,AFR,0.001,0.861690307193492,55
Gout,22,12,CSA,0.001,0.886932139316836,55
Gout,22,12,AMR,0.001,0.923361103597928,55
Gout,22,12,MID,0.001,0.913972882005332,55
Gout,22,12,MELD_lambda0_afproj,0.01,0.976406488163096,55
Gout,22,12,MELD_lambda0_reportN,0.01,0.976265826061714,55
Gout,22,12,MELD_lambda0_equal,0.01,0.96451612059158,55
Gout,22,12,MELD_lambda1_afproj,0.01,0.976355042072435,55
Gout,22,12,EUR,0.01,0.96479244602814,55
Gout,22,12,EAS,0.01,0.943035403441563,55
Gout,22,12,AFR,0.01,0.885616878655553,55
Gout,22,12,CSA,0.01,0.958934727245671,55
Gout,22,12,AMR,0.01,0.970443686889956,55
Gout,22,12,MID,0.01,0.94679390136985,55
Gout,22,12,MELD_lambda0_afproj,0.1,0.974703293406901,55
Gout,22,12,MELD_lambda0_reportN,0.1,0.975037084573688,55
Gout,22,12,MELD_lambda0_equal,0.1,0.965183039664823,55
Gout,22,12,MELD_lambda1_afproj,0.1,0.974940005717344,55
Gout,22,12,EUR,0.1,0.961596246741007,55
Gout,22,12,EAS,0.1,0.947084147863027,55
Gout,22,12,AFR,0.1,0.889676268806274,55
Gout,22,12,CSA,0.1,0.962131029678448,55
Gout,22,12,AMR,0.1,0.968123830588042,55
Gout,22,12,MID,0.1,0.950506251100694,55
Gout,22,13,MELD_lambda0_afproj,0.001,0.935376035873394,92
Gout,22,13,MELD_lambda0_reportN,0.001,0.933135580470977,92
Gout,22,13,MELD_lambda0_equal,0.001,0.972384858160436,92
Gout,22,13,MELD_lambda1_afproj,0.001,0.931972204401759,92
Gout,22,13,EUR,0.001,0.913912593653647,92
Gout,22,13,EAS,0.001,0.761232190747465,92
Gout,22,13,AFR,0.001,0.913543386327157,92
Gout,22,13,CSA,0.001,0.871401922834752,92
Gout,22,13,AMR,0.001,0.89521315207084,92
Gout,22,13,MID,0.001,0.887843824966345,92
Gout,22,13,MELD_lambda0_afproj,0.01,0.969629134274885,92
Gout,22,13,MELD_lambda0_reportN,0.01,0.96978498572417,92
Gout,22,13,MELD_lambda0_equal,0.01,0.973664877817095,92
Gout,22,13,MELD_lambda1_afproj,0.01,0.969688424558518,92
Gout,22,13,EUR,0.01,0.950895194563235,92
Gout,22,13,EAS,0.01,0.901818470300392,92
Gout,22,13,AFR,0.01,0.926005343691617,92
Gout,22,13,CSA,0.01,0.959302802298505,92
Gout,22,13,AMR,0.01,0.962948083240087,92
Gout,22,13,MID,0.01,0.967807560972112,92
Gout,22,13,MELD_lambda0_afproj,0.1,0.9557208488644,92
Gout,22,13,MELD_lambda0_reportN,0.1,0.957112680315758,92
Gout,22,13,MELD_lambda0_equal,0.1,0.958779708087124,92
Gout,22,13,MELD_lambda1_afproj,0.1,0.954896674464433,92
Gout,22,13,EUR,0.1,0.94177956708304,92
Gout,22,13,EAS,0.1,0.906377446676582,92
Gout,22,13,AFR,0.1,0.913686457700881,92
Gout,22,13,CSA,0.1,0.946685885860119,92
Gout,22,13,AMR,0.1,0.94804867856838,92
Gout,22,13,MID,0.1,0.966679676122502,92
Gout,22,14,MELD_lambda0_afproj,0.001,0.898885175982036,76
Gout,22,14,MELD_lambda0_reportN,0.001,0.900553790156031,76
Gout,22,14,MELD_lambda0_equal,0.001,0.816060256387252,76
Gout,22,14,MELD_lambda1_afproj,0.001,0.899404936844223,76
Gout,22,14,EUR,0.001,0.825345048765397,76
Gout,22,14,EAS,0.001,0.736687378603969,76
Gout,22,14,AFR,0.001,0.634440755903416,76
Gout,22,14,CSA,0.001,0.620459219815293,76
Gout,22,14,AMR,0.001,0.813781361019469,76
Gout,22,14,MID,0.001,0.87163587853181,76
Gout,22,14,MELD_lambda0_afproj,0.01,0.898063931518775,76
Gout,22,14,MELD_lambda0_reportN,0.01,0.900171158545292,76
Gout,22,14,MELD_lambda0_equal,0.01,0.820618946638412,76
Gout,22,14,MELD_lambda1_afproj,0.01,0.899274380721295,76
Gout,22,14,EUR,0.01,0.887322990015392,76
Gout,22,14,EAS,0.01,0.740993045401023,76
Gout,22,14,AFR,0.01,0.632194662046321,76
Gout,22,14,CSA,0.01,0.773071290509231,76
Gout,22,14,AMR,0.01,0.844724123626111,76
Gout,22,14,MID,0.01,0.834045275150572,76
Gout,22,14,MELD_lambda0_afproj,0.1,0.901736479809307,76
Gout,22,14,MELD_lambda0_reportN,0.1,0.902927918691863,76
Gout,22,14,MELD_lambda0_equal,0.1,0.836106331821867,76
Gout,22,14,MELD_lambda1_afproj,0.1,0.907244379673734,76
Gout,22,14,EUR,0.1,0.906577865795934,76
Gout,22,14,EAS,0.1,0.735663908486646,76
Gout,22,14,AFR,0.1,0.630080783762184,76
Gout,22,14,CSA,0.1,0.815412238831113,76
Gout,22,14,AMR,0.1,0.868437520026092,76
Gout,22,14,MID,0.1,0.814391569872755,76
Gout,22,16,MELD_lambda0_afproj,0.001,0.840491050184879,38
Gout,22,16,MELD_lambda0_reportN,0.001,0.858652810782019,38
Gout,22,16,MELD_lambda0_equal,0.001,0.825454155879524,38
Gout,22,16,MELD_lambda1_afproj,0.001,0.804388661515273,38
Gout,22,16,EUR,0.001,0.831256937784377,38
Gout,22,16,EAS,0.001,0.673955070909493,38
Gout,22,16,AFR,0.001,0.608531777839263,38
Gout,22,16,CSA,0.001,0.682124477365874,38
Gout,22,16,AMR,0.001,0.865633758488807,38
Gout,22,16,MID,0.001,0.809316719935614,38
Gout,22,16,MELD_lambda0_afproj,0.01,0.824315791189652,38
Gout,22,16,MELD_lambda0_reportN,0.01,0.841797062492414,38
Gout,22,16,MELD_lambda0_equal,0.01,0.81589031143805,38
Gout,22,16,MELD_lambda1_afproj,0.01,0.776242638639493,38
Gout,22,16,EUR,0.01,0.81958522702561,38
Gout,22,16,EAS,0.01,0.689918863833873,38
Gout,22,16,AFR,0.01,0.606625806542852,38
Gout,22,16,CSA,0.01,0.675749485415854,38
Gout,22,16,AMR,0.01,0.821904451603938,38
Gout,22,16,MID,0.01,0.793513902964215,38
Gout,22,16,MELD_lambda0_afproj,0.1,0.806492601419433,38
Gout,22,16,MELD_lambda0_reportN,0.1,0.814096902236337,38
Gout,22,16,MELD_lambda0_equal,0.1,0.781865645381226,38
Gout,22,16,MELD_lambda1_afproj,0.1,0.738954353182449,38
Gout,22,16,EUR,0.1,0.80272945473168,38
Gout,22,16,EAS,0.1,0.760551658987625,38
Gout,22,16,AFR,0.1,0.596774887547705,38
Gout,22,16,CSA,0.1,0.688800561093791,38
Gout,22,16,AMR,0.1,0.781247348988685,38
Gout,22,16,MID,0.1,0.748129415081708,38
Gout,22,17,MELD_lambda0_afproj,0.001,0.749984629020986,83
Gout,22,17,MELD_lambda0_reportN,0.001,0.73561411273492,83
Gout,22,17,MELD_lambda0_equal,0.001,0.840636034263521,83
Gout,22,17,MELD_lambda1_afproj,0.001,0.779797010056727,83
Gout,22,17,EUR,0.001,0.721870350059144,83
Gout,22,17,EAS,0.001,0.599882429887382,83
Gout,22,17,AFR,0.001,0.722009503942262,83
Gout,22,17,CSA,0.001,0.811216667392122,83
Gout,22,17,AMR,0.001,0.836784826752286,83
Gout,22,17,MID,0.001,0.880567183133386,83
Gout,22,17,MELD_lambda0_afproj,0.01,0.828578299911353,83
Gout,22,17,MELD_lambda0_reportN,0.01,0.82952667660454,83
Gout,22,17,MELD_lambda0_equal,0.01,0.849318568955576,83
Gout,22,17,MELD_lambda1_afproj,0.01,0.842797003936862,83
Gout,22,17,EUR,0.01,0.841079183451532,83
Gout,22,17,EAS,0.01,0.809361354846858,83
Gout,22,17,AFR,0.01,0.783013476063225,83
Gout,22,17,CSA,0.01,0.830502440256756,83
Gout,22,17,AMR,0.01,0.84047451965652,83
Gout,22,17,MID,0.01,0.885090405899065,83
Gout,22,17,MELD_lambda0_afproj,0.1,0.825721783223447,83
Gout,22,17,MELD_lambda0_reportN,0.1,0.82762695051399,83
Gout,22,17,MELD_lambda0_equal,0.1,0.842967602363526,83
Gout,22,17,MELD_lambda1_afproj,0.1,0.838877668734178,83
Gout,22,17,EUR,0.1,0.831242721629448,83
Gout,22,17,EAS,0.1,0.798332152680979,83
Gout,22,17,AFR,0.1,0.76345783900176,83
Gout,22,17,CSA,0.1,0.825099361102376,83
Gout,22,17,AMR,0.1,0.822513401936459,83
Gout,22,17,MID,0.1,0.856128994063097,83
Gout,22,19,MELD_lambda0_afproj,0.001,0.857665977387174,222
Gout,22,19,MELD_lambda0_reportN,0.001,0.856563519053682,222
Gout,22,19,MELD_lambda0_equal,0.001,0.898097779674911,222
Gout,22,19,MELD_lambda1_afproj,0.001,0.862666814374362,222
Gout,22,19,EUR,0.001,0.628811040231605,222
Gout,22,19,EAS,0.001,0.467648786539028,222
Gout,22,19,AFR,0.001,0.664218680487781,222
Gout,22,19,CSA,0.001,0.647558855628434,222
Gout,22,19,AMR,0.001,0.658697271753101,222
Gout,22,19,MID,0.001,0.668230697778953,222
Gout,22,19,MELD_lambda0_afproj,0.01,0.901310457174889,222
Gout,22,19,MELD_lambda0_reportN,0.01,0.90196259243428,222
Gout,22,19,MELD_lambda0_equal,0.01,0.909173234989574,222
Gout,22,19,MELD_lambda1_afproj,0.01,0.898826407205045,222
Gout,22,19,EUR,0.01,0.857314883700441,222
Gout,22,19,EAS,0.01,0.813059572028887,222
Gout,22,19,AFR,0.01,0.819301051636197,222
Gout,22,19,CSA,0.01,0.845376667907561,222
Gout,22,19,AMR,0.01,0.850852220442718,222
Gout,22,19,MID,0.01,0.845004400771935,222
Gout,22,19,MELD_lambda0_afproj,0.1,0.906202279994149,222
Gout,22,19,MELD_lambda0_reportN,0.1,0.906259943436548,222
Gout,22,19,MELD_lambda0_equal,0.1,0.911498826004568,222
Gout,22,19,MELD_lambda1_afproj,0.1,0.903902486332461,222
Gout,22,19,EUR,0.1,0.884849093931396,222
Gout,22,19,EAS,0.1,0.873935434389226,222
Gout,22,19,AFR,0.1,0.836545630183041,222
Gout,22,19,CSA,0.1,0.890662211190689,222
Gout,22,19,AMR,0.1,0.89445816870469,222
Gout,22,19,MID,0.1,0.884590097049175,222
Gout,22,20,MELD_lambda0_afproj,0.001,0.608396994474841,109
Gout,22,20,MELD_lambda0_reportN,0.001,0.611214960097008,109
Gout,22,20,MELD_lambda0_equal,0.001,0.832864349307061,109
Gout,22,20,MELD_lambda1_afproj,0.001,0.614560070462104,109
Gout,22,20,EUR,0.001,0.327388891129961,109
Gout,22,20,EAS,0.001,0.524634523213857,109
Gout,22,20,AFR,0.001,0.574655009235405,109
Gout,22,20,CSA,0.001,0.570583485913564,109
Gout,22,20,AMR,0.001,0.666874443598951,109
Gout,22,20,MID,0.001,0.574665764383283,109
Gout,22,20,MELD_lambda0_afproj,0.01,0.878192264628571,109
Gout,22,20,MELD_lambda0_reportN,0.01,0.88053663728578,109
Gout,22,20,MELD_lambda0_equal,0.01,0.875640329629135,109
Gout,22,20,MELD_lambda1_afproj,0.01,0.871677686897401,109
Gout,22,20,EUR,0.01,0.833662789286367,109
Gout,22,20,EAS,0.01,0.735691064328894,109
Gout,22,20,AFR,0.01,0.79462702251927,109
Gout,22,20,CSA,0.01,0.794821724334213,109
Gout,22,20,AMR,0.01,0.858256456102941,109
Gout,22,20,MID,0.01,0.886141500441886,109
Gout,22,20,MELD_lambda0_afproj,0.1,0.884453946612152,109
Gout,22,20,MELD_lambda0_reportN,0.1,0.886939943786679,109
Gout,22,20,MELD_lambda0_equal,0.1,0.875047317734303,109
Gout,22,20,MELD_lambda1_afproj,0.1,0.875152097834935,109
Gout,22,20,EUR,0.1,0.868590176917605,109
Gout,22,20,EAS,0.1,0.791382813886027,109
Gout,22,20,AFR,0.1,0.786303673093978,109
Gout,22,20,CSA,0.1,0.815702282710668,109
Gout,22,20,AMR,0.1,0.866058948693018,109
Gout,22,20,MID,0.1,0.885001429822877,109
Gout,22,21,MELD_lambda0_afproj,0.001,0.82404904895805,52
Gout,22,21,MELD_lambda0_reportN,0.001,0.826941216387246,52
Gout,22,21,MELD_lambda0_equal,0.001,0.926434815326299,52
Gout,22,21,MELD_lambda1_afproj,0.001,0.81189329832984,52
Gout,22,21,EUR,0.001,0.814347598899811,52
Gout,22,21,EAS,0.001,0.624219769892858,52
Gout,22,21,AFR,0.001,0.779700685022675,52
Gout,22,21,CSA,0.001,0.902734467558611,52
Gout,22,21,AMR,0.001,0.88023251744222,52
Gout,22,21,MID,0.001,0.937185075834857,52
Gout,22,21,MELD_lambda0_afproj,0.01,0.818801812118657,52
Gout,22,21,MELD_lambda0_reportN,0.01,0.821331848434952,52
Gout,22,21,MELD_lambda0_equal,0.01,0.926207086437709,52
Gout,22,21,MELD_lambda1_afproj,0.01,0.802260685464283,52
Gout,22,21,EUR,0.01,0.77833352911938,52
Gout,22,21,EAS,0.01,0.769106527274149,52
Gout,22,21,AFR,0.01,0.80930340335232,52
Gout,22,21,CSA,0.01,0.90689452895078,52
Gout,22,21,AMR,0.01,0.876475904555563,52
Gout,22,21,MID,0.01,0.937268370198671,52
Gout,22,21,MELD_lambda0_afproj,0.1,0.848047371975341,52
Gout,22,21,MELD_lambda0_reportN,0.1,0.848250880747641,52
Gout,22,21,MELD_lambda0_equal,0.1,0.922113827154062,52
Gout,22,21,MELD_lambda1_afproj,0.1,0.83029371325954,52
Gout,22,21,EUR,0.1,0.844476436535186,52
Gout,22,21,EAS,0.1,0.835721687915038,52
Gout,22,21,AFR,0.1,0.851499934636192,52
Gout,22,21,CSA,0.1,0.91381804749546,52
Gout,22,21,AMR,0.1,0.861594508462219,52
Gout,22,21,MID,0.1,0.931276573637105,52
Gout,22,22,MELD_lambda0_afproj,0.001,0.672991144406426,174
Gout,22,22,MELD_lambda0_reportN,0.001,0.665204095720371,174
Gout,22,22,MELD_lambda0_equal,0.001,0.799882401588479,174
Gout,22,22,MELD_lambda1_afproj,0.001,0.66881356423023,174
Gout,22,22,EUR,0.001,0.549137874295592,174
Gout,22,22,EAS,0.001,0.719928290822171,174
Gout,22,22,AFR,0.001,0.398208798336689,174
Gout,22,22,CSA,0.001,0.491154223107668,174
Gout,22,22,AMR,0.001,0.643151264778802,174
Gout,22,22,MID,0.001,0.76642636440953,174
Gout,22,22,MELD_lambda0_afproj,0.01,0.83662034809348,174
Gout,22,22,MELD_lambda0_reportN,0.01,0.834766413656957,174
Gout,22,22,MELD_lambda0_equal,0.01,0.841301096282516,174
Gout,22,22,MELD_lambda1_afproj,0.01,0.843815939278833,174
Gout,22,22,EUR,0.01,0.854370639695558,174
Gout,22,22,EAS,0.01,0.810156010232438,174
Gout,22,22,AFR,0.01,0.659495988253371,174
Gout,22,22,CSA,0.01,0.799625337870135,174
Gout,22,22,AMR,0.01,0.840519053881397,174
Gout,22,22,MID,0.01,0.826931083174882,174
Gout,22,22,MELD_lambda0_afproj,0.1,0.843960466866134,174
Gout,22,22,MELD_lambda0_reportN,0.1,0.84355164531004,174
Gout,22,22,MELD_lambda0_equal,0.1,0.833453328440861,174
Gout,22,22,MELD_lambda1_afproj,0.1,0.857163580665504,174
Gout,22,22,EUR,0.1,0.837074146744512,174
Gout,22,22,EAS,0.1,0.822051473518426,174
Gout,22,22,AFR,0.1,0.697821628267669,174
Gout,22,22,CSA,0.1,0.803980270234798,174
Gout,22,22,AMR,0.1,0.815050167012831,174
Gout,22,22,MID,0.1,0.813650956658561,174
Gout,22,23,MELD_lambda0_afproj,0.001,0.816893648192671,221
Gout,22,23,MELD_lambda0_reportN,0.001,0.816155918266472,221
Gout,22,23,MELD_lambda0_equal,0.001,0.897873607961358,221
Gout,22,23,MELD_lambda1_afproj,0.001,0.809701537428624,221
Gout,22,23,EUR,0.001,0.449002403721324,221
Gout,22,23,EAS,0.001,0.512468127146076,221
Gout,22,23,AFR,0.001,0.660156786515072,221
Gout,22,23,CSA,0.001,0.729832357559005,221
Gout,22,23,AMR,0.001,0.604194001832314,221
Gout,22,23,MID,0.001,0.667652289622431,221
Gout,22,23,MELD_lambda0_afproj,0.01,0.869153694759025,221
Gout,22,23,MELD_lambda0_reportN,0.01,0.868891422906251,221
Gout,22,23,MELD_lambda0_equal,0.01,0.898558605835639,221
Gout,22,23,MELD_lambda1_afproj,0.01,0.866450061349858,221
Gout,22,23,EUR,0.01,0.735186992594453,221
Gout,22,23,EAS,0.01,0.794710377406004,221
Gout,22,23,AFR,0.01,0.698979581874347,221
Gout,22,23,CSA,0.01,0.834766140693216,221
Gout,22,23,AMR,0.01,0.810813051524237,221
Gout,22,23,MID,0.01,0.831461046530832,221
Gout,22,23,MELD_lambda0_afproj,0.1,0.881043723721171,221
Gout,22,23,MELD_lambda0_reportN,0.1,0.881657316688084,221
Gout,22,23,MELD_lambda0_equal,0.1,0.898244361121969,221
Gout,22,23,MELD_lambda1_afproj,0.1,0.883065287196583,221
Gout,22,23,EUR,0.1,0.803632505761185,221
Gout,22,23,EAS,0.1,0.820600305506064,221
Gout,22,23,AFR,0.1,0.717734346925539,221
Gout,22,23,CSA,0.1,0.848961379041975,221
Gout,22,23,AMR,0.1,0.855341475316388,221
Gout,22,23,MID,0.1,0.848215818501889,221
Gout,22,25,MELD_lambda0_afproj,0.001,0.754086186726002,132
Gout,22,25,MELD_lambda0_reportN,0.001,0.748310382405835,132
Gout,22,25,MELD_lambda0_equal,0.001,0.834380135537757,132
Gout,22,25,MELD_lambda1_afproj,0.001,0.749769349221721,132
Gout,22,25,EUR,0.001,0.587570169509083,132
Gout,22,25,EAS,0.001,0.503918017170073,132
Gout,22,25,AFR,0.001,0.67423442378399,132
Gout,22,25,CSA,0.001,0.483174636953746,132
Gout,22,25,AMR,0.001,0.696136479922536,132
Gout,22,25,MID,0.001,0.665516857109784,132
Gout,22,25,MELD_lambda0_afproj,0.01,0.855855865159986,132
Gout,22,25,MELD_lambda0_reportN,0.01,0.854138704535912,132
Gout,22,25,MELD_lambda0_equal,0.01,0.839651395457085,132
Gout,22,25,MELD_lambda1_afproj,0.01,0.861235698378635,132
Gout,22,25,EUR,0.01,0.859248820008783,132
Gout,22,25,EAS,0.01,0.733755298161862,132
Gout,22,25,AFR,0.01,0.697709316638177,132
Gout,22,25,CSA,0.01,0.746916941044351,132
Gout,22,25,AMR,0.01,0.82731633447536,132
Gout,22,25,MID,0.01,0.813189996403261,132
Gout,22,25,MELD_lambda0_afproj,0.1,0.863638030373484,132
Gout,22,25,MELD_lambda0_reportN,0.1,0.862794924230975,132
Gout,22,25,MELD_lambda0_equal,0.1,0.834094575157219,132
Gout,22,25,MELD_lambda1_afproj,0.1,0.869667078753471,132
Gout,22,25,EUR,0.1,0.871376310851296,132
Gout,22,25,EAS,0.1,0.753748286873586,132
Gout,22,25,AFR,0.1,0.690364767601056,132
Gout,22,25,CSA,0.1,0.797700638313269,132
Gout,22,25,AMR,0.1,0.807325836363932,132
Gout,22,25,MID,0.1,0.819434462200234,132
Gout,22,26,MELD_lambda0_afproj,0.001,0.769628540448863,199
Gout,22,26,MELD_lambda0_reportN,0.001,0.777025255997868,199
Gout,22,26,MELD_lambda0_equal,0.001,0.853363639618093,199
Gout,22,26,MELD_lambda1_afproj,0.001,0.761588167427983,199
Gout,22,26,EUR,0.001,0.647830475623333,199
Gout,22,26,EAS,0.001,0.545064331769081,199
Gout,22,26,AFR,0.001,0.517368086667409,199
Gout,22,26,CSA,0.001,0.697568019309697,199
Gout,22,26,AMR,0.001,0.840062256910665,199
Gout,22,26,MID,0.001,0.764770945530923,199
Gout,22,26,MELD_lambda0_afproj,0.01,0.873445959250446,199
Gout,22,26,MELD_lambda0_reportN,0.01,0.875080162165445,199
Gout,22,26,MELD_lambda0_equal,0.01,0.864603849349263,199
Gout,22,26,MELD_lambda1_afproj,0.01,0.868305818469976,199
Gout,22,26,EUR,0.01,0.86144293071217,199
Gout,22,26,EAS,0.01,0.748649743520051,199
Gout,22,26,AFR,0.01,0.617011857636619,199
Gout,22,26,CSA,0.01,0.834970339137977,199
Gout,22,26,AMR,0.01,0.853472703810983,199
Gout,22,26,MID,0.01,0.844276940486737,199
Gout,22,26,MELD_lambda0_afproj,0.1,0.882792129082215,199
Gout,22,26,MELD_lambda0_reportN,0.1,0.883423337988791,199
Gout,22,26,MELD_lambda0_equal,0.1,0.857490537985753,199
Gout,22,26,MELD_lambda1_afproj,0.1,0.879316530130785,199
Gout,22,26,EUR,0.1,0.885439385283931,199
Gout,22,26,EAS,0.1,0.775129656673919,199
Gout,22,26,AFR,0.1,0.627588559789776,199
Gout,22,26,CSA,0.1,0.858114618709542,199
Gout,22,26,AMR,0.1,0.838207152612456,199
Gout,22,26,MID,0.1,0.848574545030679,199
Gout,22,27,MELD_lambda0_afproj,0.001,0.553276806661722,390
Gout,22,27,MELD_lambda0_reportN,0.001,0.55284478817847,390
Gout,22,27,MELD_lambda0_equal,0.001,0.7281214490132,390
Gout,22,27,MELD_lambda1_afproj,0.001,0.567910625356377,390
Gout,22,27,EUR,0.001,0.433028481233752,390
Gout,22,27,EAS,0.001,0.402081866759442,390
Gout,22,27,AFR,0.001,0.370148271030993,390
Gout,22,27,CSA,0.001,0.328833625458598,390
Gout,22,27,AMR,0.001,0.167607104403175,390
Gout,22,27,MID,0.001,0.429795357540353,390
Gout,22,27,MELD_lambda0_afproj,0.01,0.747835313175122,390
Gout,22,27,MELD_lambda0_reportN,0.01,0.746499332593214,390
Gout,22,27,MELD_lambda0_equal,0.01,0.732098787505632,390
Gout,22,27,MELD_lambda1_afproj,0.01,0.742008889701703,390
Gout,22,27,EUR,0.01,0.74239714914073,390
Gout,22,27,EAS,0.01,0.661122093649712,390
Gout,22,27,AFR,0.01,0.610667296648866,390
Gout,22,27,CSA,0.01,0.624997879621888,390
Gout,22,27,AMR,0.01,0.451620943883189,390
Gout,22,27,MID,0.01,0.607644033416945,390
Gout,22,27,MELD_lambda0_afproj,0.1,0.756538462718864,390
Gout,22,27,MELD_lambda0_reportN,0.1,0.756194422040584,390
Gout,22,27,MELD_lambda0_equal,0.1,0.726645990678507,390
Gout,22,27,MELD_lambda1_afproj,0.1,0.751554330861171,390
Gout,22,27,EUR,0.1,0.726671465399035,390
Gout,22,27,EAS,0.1,0.690461980541527,390
Gout,22,27,AFR,0.1,0.629079749267711,390
Gout,22,27,CSA,0.1,0.690890315779224,390
Gout,22,27,AMR,0.1,0.591074332677569,390
Gout,22,27,MID,0.1,0.636547195608826,390
Gout,22,28,MELD_lambda0_afproj,0.001,0.836706173059511,243
Gout,22,28,MELD_lambda0_reportN,0.001,0.834877656669627,243
Gout,22,28,MELD_lambda0_equal,0.001,0.85381654604179,243
Gout,22,28,MELD_lambda1_afproj,0.001,0.839198498905139,243
Gout,22,28,EUR,0.001,0.443682843152858,243
Gout,22,28,EAS,0.001,0.621919467443116,243
Gout,22,28,AFR,0.001,0.656316280235241,243
Gout,22,28,CSA,0.001,0.688105679371201,243
Gout,22,28,AMR,0.001,0.656758728407221,243
Gout,22,28,MID,0.001,0.72022869428231,243
Gout,22,28,MELD_lambda0_afproj,0.01,0.856624350935211,243
Gout,22,28,MELD_lambda0_reportN,0.01,0.854684388663776,243
Gout,22,28,MELD_lambda0_equal,0.01,0.853334528580187,243
Gout,22,28,MELD_lambda1_afproj,0.01,0.857700129662647,243
Gout,22,28,EUR,0.01,0.735858749943555,243
Gout,22,28,EAS,0.01,0.732464515033987,243
Gout,22,28,AFR,0.01,0.668125642307428,243
Gout,22,28,CSA,0.01,0.78695065950461,243
Gout,22,28,AMR,0.01,0.792810892833241,243
Gout,22,28,MID,0.01,0.784151362417759,243
Gout,22,28,MELD_lambda0_afproj,0.1,0.857935617006136,243
Gout,22,28,MELD_lambda0_reportN,0.1,0.857120532522558,243
Gout,22,28,MELD_lambda0_equal,0.1,0.841971197097437,243
Gout,22,28,MELD_lambda1_afproj,0.1,0.85667667415128,243
Gout,22,28,EUR,0.1,0.783120521879933,243
Gout,22,28,EAS,0.1,0.737419512263728,243
Gout,22,28,AFR,0.1,0.674601525336094,243
Gout,22,28,CSA,0.1,0.796768675686612,243
Gout,22,28,AMR,0.1,0.797637062521995,243
Gout,22,28,MID,0.1,0.796006735913094,243
Gout,22,29,MELD_lambda0_afproj,0.001,0.881777624313966,300
Gout,22,29,MELD_lambda0_reportN,0.001,0.883967796318511,300
Gout,22,29,MELD_lambda0_equal,0.001,0.952065562723011,300
Gout,22,29,MELD_lambda1_afproj,0.001,0.890365219120254,300
Gout,22,29,EUR,0.001,0.753502566571549,300
Gout,22,29,EAS,0.001,0.787508447575288,300
Gout,22,29,AFR,0.001,0.435554555180257,300
Gout,22,29,CSA,0.001,0.694582178095814,300
Gout,22,29,AMR,0.001,0.834394385957656,300
Gout,22,29,MID,0.001,0.833872369329665,300
Gout,22,29,MELD_lambda0_afproj,0.01,0.953822643385268,300
Gout,22,29,MELD_lambda0_reportN,0.01,0.953136605802039,300
Gout,22,29,MELD_lambda0_equal,0.01,0.959751810473651,300
Gout,22,29,MELD_lambda1_afproj,0.01,0.952625036960625,300
Gout,22,29,EUR,0.01,0.898939159803194,300
Gout,22,29,EAS,0.01,0.910229385249865,300
Gout,22,29,AFR,0.01,0.75455113948728,300
Gout,22,29,CSA,0.01,0.914714955154039,300
Gout,22,29,AMR,0.01,0.934401941659065,300
Gout,22,29,MID,0.01,0.933467512849679,300
Gout,22,29,MELD_lambda0_afproj,0.1,0.957749152205698,300
Gout,22,29,MELD_lambda0_reportN,0.1,0.957333593314165,300
Gout,22,29,MELD_lambda0_equal,0.1,0.957573222918809,300
Gout,22,29,MELD_lambda1_afproj,0.1,0.955121150779663,300
Gout,22,29,EUR,0.1,0.939415253637214,300
Gout,22,29,EAS,0.1,0.911353762438695,300
Gout,22,29,AFR,0.1,0.836508539753745,300
Gout,22,29,CSA,0.1,0.935695352602849,300
Gout,22,29,AMR,0.1,0.952543802819209,300
Gout,22,29,MID,0.1,0.939272785152096,300
Gout,22,31,MELD_lambda0_afproj,0.001,0.86828306479762,363
Gout,22,31,MELD_lambda0_reportN,0.001,0.867622145987551,363
Gout,22,31,MELD_lambda0_equal,0.001,0.945818834936481,363
Gout,22,31,MELD_lambda1_afproj,0.001,0.881466631988026,363
Gout,22,31,EUR,0.001,0.69817315722184,363
Gout,22,31,EAS,0.001,0.688273213713042,363
Gout,22,31,AFR,0.001,0.384462079262243,363
Gout,22,31,CSA,0.001,0.648001084997078,363
Gout,22,31,AMR,0.001,0.849399759656742,363
Gout,22,31,MID,0.001,0.782990801710768,363
Gout,22,31,MELD_lambda0_afproj,0.01,0.946154778920542,363
Gout,22,31,MELD_lambda0_reportN,0.01,0.945148009408189,363
Gout,22,31,MELD_lambda0_equal,0.01,0.960630771107885,363
Gout,22,31,MELD_lambda1_afproj,0.01,0.946996413672747,363
Gout,22,31,EUR,0.01,0.88979042867633,363
Gout,22,31,EAS,0.01,0.887804473841326,363
Gout,22,31,AFR,0.01,0.784892201707814,363
Gout,22,31,CSA,0.01,0.894763125881862,363
Gout,22,31,AMR,0.01,0.926895397586755,363
Gout,22,31,MID,0.01,0.922358806241827,363
Gout,22,31,MELD_lambda0_afproj,0.1,0.955201294305042,363
Gout,22,31,MELD_lambda0_reportN,0.1,0.954892856696368,363
Gout,22,31,MELD_lambda0_equal,0.1,0.955866354973053,363
Gout,22,31,MELD_lambda1_afproj,0.1,0.954516723222148,363
Gout,22,31,EUR,0.1,0.934995910228198,363
Gout,22,31,EAS,0.1,0.907190794540089,363
Gout,22,31,AFR,0.1,0.861195468550367,363
Gout,22,31,CSA,0.1,0.923543192277861,363
Gout,22,31,AMR,0.1,0.945063498929213,363
Gout,22,31,MID,0.1,0.944993137580051,363
Gout,22,32,MELD_lambda0_afproj,0.001,0.849196612510584,116
Gout,22,32,MELD_lambda0_reportN,0.001,0.843450911769764,116
Gout,22,32,MELD_lambda0_equal,0.001,0.90532966727321,116
Gout,22,32,MELD_lambda1_afproj,0.001,0.849535887023022,116
Gout,22,32,EUR,0.001,0.609060940712119,116
Gout,22,32,EAS,0.001,0.621293214018801,116
Gout,22,32,AFR,0.001,0.796581658839774,116
Gout,22,32,CSA,0.001,0.852613190879657,116
Gout,22,32,AMR,0.001,0.65913429318324,116
Gout,22,32,MID,0.001,0.745765643943204,116
Gout,22,32,MELD_lambda0_afproj,0.01,0.91281983174793,116
Gout,22,32,MELD_lambda0_reportN,0.01,0.912755353480731,116
Gout,22,32,MELD_lambda0_equal,0.01,0.910035743245362,116
Gout,22,32,MELD_lambda1_afproj,0.01,0.913016751195888,116
Gout,22,32,EUR,0.01,0.798740305594241,116
Gout,22,32,EAS,0.01,0.843249912650752,116
Gout,22,32,AFR,0.01,0.788206217694166,116
Gout,22,32,CSA,0.01,0.905984405958682,116
Gout,22,32,AMR,0.01,0.858383936188242,116
Gout,22,32,MID,0.01,0.869521978599914,116
Gout,22,32,MELD_lambda0_afproj,0.1,0.923151368346678,116
Gout,22,32,MELD_lambda0_reportN,0.1,0.922707201238591,116
Gout,22,32,MELD_lambda0_equal,0.1,0.913384190445868,116
Gout,22,32,MELD_lambda1_afproj,0.1,0.922937751757291,116
Gout,22,32,EUR,0.1,0.857106900088751,116
Gout,22,32,EAS,0.1,0.878734570159982,116
Gout,22,32,AFR,0.1,0.774421242301473,116
Gout,22,32,CSA,0.1,0.920602998925192,116
Gout,22,32,AMR,0.1,0.878692764839557,116
Gout,22,32,MID,0.1,0.888416536431842,116
Gout,22,34,MELD_lambda0_afproj,0.001,0.814049437202528,328
Gout,22,34,MELD_lambda0_reportN,0.001,0.823405553425511,328
Gout,22,34,MELD_lambda0_equal,0.001,0.931643391191686,328
Gout,22,34,MELD_lambda1_afproj,0.001,0.827429682476278,328
Gout,22,34,EUR,0.001,0.690943345179112,328
Gout,22,34,EAS,0.001,0.534536910157689,328
Gout,22,34,AFR,0.001,0.502406614512782,328
Gout,22,34,CSA,0.001,0.693247500253278,328
Gout,22,34,AMR,0.001,0.827582207392429,328
Gout,22,34,MID,0.001,0.652253175092554,328
Gout,22,34,MELD_lambda0_afproj,0.01,0.926128254536333,328
Gout,22,34,MELD_lambda0_reportN,0.01,0.927034120438449,328
Gout,22,34,MELD_lambda0_equal,0.01,0.956296569178108,328
Gout,22,34,MELD_lambda1_afproj,0.01,0.933656865473952,328
Gout,22,34,EUR,0.01,0.877837882001195,328
Gout,22,34,EAS,0.01,0.874160153945927,328
Gout,22,34,AFR,0.01,0.841248720542208,328
Gout,22,34,CSA,0.01,0.904254920090756,328
Gout,22,34,AMR,0.01,0.915821776620226,328
Gout,22,34,MID,0.01,0.848767328615846,328
Gout,22,34,MELD_lambda0_afproj,0.1,0.940107360570861,328
Gout,22,34,MELD_lambda0_reportN,0.1,0.939957954055632,328
Gout,22,34,MELD_lambda0_equal,0.1,0.950137951730068,328
Gout,22,34,MELD_lambda1_afproj,0.1,0.940867897921713,328
Gout,22,34,EUR,0.1,0.915061300343291,328
Gout,22,34,EAS,0.1,0.928961332318898,328
Gout,22,34,AFR,0.1,0.875160901285268,328
Gout,22,34,CSA,0.1,0.930621506510335,328
Gout,22,34,AMR,0.1,0.932907103164842,328
Gout,22,34,MID,0.1,0.901930742299128,328
Gout,22,37,MELD_lambda0_afproj,0.001,0.769910354650251,718
Gout,22,37,MELD_lambda0_reportN,0.001,0.765291685081897,718
Gout,22,37,MELD_lambda0_equal,0.001,0.759128245249642,718
Gout,22,37,MELD_lambda1_afproj,0.001,0.785207807481246,718
Gout,22,37,EUR,0.001,0.658213733172808,718
Gout,22,37,EAS,0.001,0.412323757518532,718
Gout,22,37,AFR,0.001,0.256705778428636,718
Gout,22,37,CSA,0.001,0.542581640950621,718
Gout,22,37,AMR,0.001,0.658312684888674,718
Gout,22,37,MID,0.001,0.494338826546735,718
Gout,22,37,MELD_lambda0_afproj,0.01,0.884320141197,718
Gout,22,37,MELD_lambda0_reportN,0.01,0.883974070444389,718
Gout,22,37,MELD_lambda0_equal,0.01,0.872294123942567,718
Gout,22,37,MELD_lambda1_afproj,0.01,0.884667539557241,718
Gout,22,37,EUR,0.01,0.815637953555434,718
Gout,22,37,EAS,0.01,0.750782914514031,718
Gout,22,37,AFR,0.01,0.611298609205936,718
Gout,22,37,CSA,0.01,0.793904823437602,718
Gout,22,37,AMR,0.01,0.805836880547077,718
Gout,22,37,MID,0.01,0.750428606449491,718
Gout,22,37,MELD_lambda0_afproj,0.1,0.879204614047562,718
Gout,22,37,MELD_lambda0_reportN,0.1,0.879700197696744,718
Gout,22,37,MELD_lambda0_equal,0.1,0.868486540924898,718
Gout,22,37,MELD_lambda1_afproj,0.1,0.877234340604943,718
Gout,22,37,EUR,0.1,0.85450524807647,718
Gout,22,37,EAS,0.1,0.82065460630538,718
Gout,22,37,AFR,0.1,0.694379079417915,718
Gout,22,37,CSA,0.1,0.838934648617479,718
Gout,22,37,AMR,0.1,0.840082965887395,718
Gout,22,37,MID,0.1,0.814780633807813,718
Gout,22,38,MELD_lambda0_afproj,0.001,0.961781902348568,55
Gout,22,38,MELD_lambda0_reportN,0.001,0.960456159045106,55
Gout,22,38,MELD_lambda0_equal,0.001,0.963688009504022,55
Gout,22,38,MELD_lambda1_afproj,0.001,0.959289275996363,55
Gout,22,38,EUR,0.001,0.95391438459581,55
Gout,22,38,EAS,0.001,0.852494900160926,55
Gout,22,38,AFR,0.001,0.920871326352066,55
Gout,22,38,CSA,0.001,0.947859798466103,55
Gout,22,38,AMR,0.001,0.955039242984449,55
Gout,22,38,MID,0.001,0.951227031580429,55
Gout,22,38,MELD_lambda0_afproj,0.01,0.961055160056714,55
Gout,22,38,MELD_lambda0_reportN,0.01,0.960057707454,55
Gout,22,38,MELD_lambda0_equal,0.01,0.963280711951009,55
Gout,22,38,MELD_lambda1_afproj,0.01,0.959055236373445,55
Gout,22,38,EUR,0.01,0.948253843519769,55
Gout,22,38,EAS,0.01,0.934314923093543,55
Gout,22,38,AFR,0.01,0.921066624140149,55
Gout,22,38,CSA,0.01,0.957109118853113,55
Gout,22,38,AMR,0.01,0.957075398259137,55
Gout,22,38,MID,0.01,0.950965744936631,55
Gout,22,38,MELD_lambda0_afproj,0.1,0.966480765365388,55
Gout,22,38,MELD_lambda0_reportN,0.1,0.965922668249847,55
Gout,22,38,MELD_lambda0_equal,0.1,0.961868671355065,55
Gout,22,38,MELD_lambda1_afproj,0.1,0.967180717547438,55
Gout,22,38,EUR,0.1,0.959632124132467,55
Gout,22,38,EAS,0.1,0.953685307991227,55
Gout,22,38,AFR,0.1,0.922097781055899,55
Gout,22,38,CSA,0.1,0.958373704181103,55
Gout,22,38,AMR,0.1,0.956730293607885,55
Gout,22,38,MID,0.1,0.950039152457363,55
Gout,22,39,MELD_lambda0_afproj,0.001,0.844557541277347,166
Gout,22,39,MELD_lambda0_reportN,0.001,0.848896349073925,166
Gout,22,39,MELD_lambda0_equal,0.001,0.901500689817288,166
Gout,22,39,MELD_lambda1_afproj,0.001,0.853855778556598,166
Gout,22,39,EUR,0.001,0.695879029758629,166
Gout,22,39,EAS,0.001,0.656869657379235,166
Gout,22,39,AFR,0.001,0.752438952341164,166
Gout,22,39,CSA,0.001,0.823332357112725,166
Gout,22,39,AMR,0.001,0.755609554806898,166
Gout,22,39,MID,0.001,0.826010077486608,166
Gout,22,39,MELD_lambda0_afproj,0.01,0.937493295954785,166
Gout,22,39,MELD_lambda0_reportN,0.01,0.938385784508264,166
Gout,22,39,MELD_lambda0_equal,0.01,0.937270776965929,166
Gout,22,39,MELD_lambda1_afproj,0.01,0.93924015462024,166
Gout,22,39,EUR,0.01,0.905203614063361,166
Gout,22,39,EAS,0.01,0.917338712674299,166
Gout,22,39,AFR,0.01,0.874358068044466,166
Gout,22,39,CSA,0.01,0.907954951411626,166
Gout,22,39,AMR,0.01,0.907082177474838,166
Gout,22,39,MID,0.01,0.902475138692735,166
Gout,22,39,MELD_lambda0_afproj,0.1,0.93719865842855,166
Gout,22,39,MELD_lambda0_reportN,0.1,0.937643391994212,166
Gout,22,39,MELD_lambda0_equal,0.1,0.936201974899915,166
Gout,22,39,MELD_lambda1_afproj,0.1,0.937466514506518,166
Gout,22,39,EUR,0.1,0.91820990163709,166
Gout,22,39,EAS,0.1,0.935773340376104,166
Gout,22,39,AFR,0.1,0.871375208484722,166
Gout,22,39,CSA,0.1,0.918354553074504,166
Gout,22,39,AMR,0.1,0.922488641309098,166
Gout,22,39,MID,0.1,0.910921692477906,166
Gout,22,40,MELD_lambda0_afproj,0.001,0.962002789629934,37
Gout,22,40,MELD_lambda0_reportN,0.001,0.964401994045777,37
Gout,22,40,MELD_lambda0_equal,0.001,0.980519105849166,37
Gout,22,40,MELD_lambda1_afproj,0.001,0.962722075653122,37
Gout,22,40,EUR,0.001,0.974831620439014,37
Gout,22,40,EAS,0.001,0.982781013591164,37
Gout,22,40,AFR,0.001,0.973848364457496,37
Gout,22,40,CSA,0.001,0.938963920058522,37
Gout,22,40,AMR,0.001,0.923424476548034,37
Gout,22,40,MID,0.001,0.98034302253014,37
Gout,22,40,MELD_lambda0_afproj,0.01,0.975563214575657,37
Gout,22,40,MELD_lambda0_reportN,0.01,0.976619344335046,37
Gout,22,40,MELD_lambda0_equal,0.01,0.980711126718609,37
Gout,22,40,MELD_lambda1_afproj,0.01,0.974474200962462,37
Gout,22,40,EUR,0.01,0.976441264345111,37
Gout,22,40,EAS,0.01,0.98188737963967,37
Gout,22,40,AFR,0.01,0.973384179621438,37
Gout,22,40,CSA,0.01,0.988148339902733,37
Gout,22,40,AMR,0.01,0.953693315095561,37
Gout,22,40,MID,0.01,0.979820908537678,37
Gout,22,40,MELD_lambda0_afproj,0.1,0.975484407910874,37
Gout,22,40,MELD_lambda0_reportN,0.1,0.975775204886251,37
Gout,22,40,MELD_lambda0_equal,0.1,0.979295466682001,37
Gout,22,40,MELD_lambda1_afproj,0.1,0.973931055053283,37
Gout,22,40,EUR,0.1,0.978053325928129,37
Gout,22,40,EAS,0.1,0.955146235038766,37
Gout,22,40,AFR,0.1,0.97038913030006,37
Gout,22,40,CSA,0.1,0.979450531721121,37
Gout,22,40,AMR,0.1,0.973534394828015,37
Gout,22,40,MID,0.1,0.976932087372928,37
Gout,22,41,MELD_lambda0_afproj,0.001,0.847373841081435,256
Gout,22,41,MELD_lambda0_reportN,0.001,0.832971880569683,256
Gout,22,41,MELD_lambda0_equal,0.001,0.92779869057191,256
Gout,22,41,MELD_lambda1_afproj,0.001,0.861487431134946,256
Gout,22,41,EUR,0.001,0.718627344807645,256
Gout,22,41,EAS,0.001,0.776280380679595,256
Gout,22,41,AFR,0.001,0.570616724543269,256
Gout,22,41,CSA,0.001,0.673073525316774,256
Gout,22,41,AMR,0.001,0.798054331580222,256
Gout,22,41,MID,0.001,0.650147147890433,256
Gout,22,41,MELD_lambda0_afproj,0.01,0.939668094304363,256
Gout,22,41,MELD_lambda0_reportN,0.01,0.936676310111347,256
Gout,22,41,MELD_lambda0_equal,0.01,0.934174116215511,256
Gout,22,41,MELD_lambda1_afproj,0.01,0.941102659609454,256
Gout,22,41,EUR,0.01,0.88848509393773,256
Gout,22,41,EAS,0.01,0.932997002880785,256
Gout,22,41,AFR,0.01,0.778495998541732,256
Gout,22,41,CSA,0.01,0.895038803570091,256
Gout,22,41,AMR,0.01,0.916432472719339,256
Gout,22,41,MID,0.01,0.85980040908558,256
Gout,22,41,MELD_lambda0_afproj,0.1,0.947231971245363,256
Gout,22,41,MELD_lambda0_reportN,0.1,0.946442609005664,256
Gout,22,41,MELD_lambda0_equal,0.1,0.931648412779081,256
Gout,22,41,MELD_lambda1_afproj,0.1,0.946529710727577,256
Gout,22,41,EUR,0.1,0.921855230480891,256
Gout,22,41,EAS,0.1,0.942191343449853,256
Gout,22,41,AFR,0.1,0.813711298633088,256
Gout,22,41,CSA,0.1,0.92062258899671,256
Gout,22,41,AMR,0.1,0.922784495990572,256
Gout,22,41,MID,0.1,0.905134333430368,256
Gout,22,42,MELD_lambda0_afproj,0.001,0.875796540892739,249
Gout,22,42,MELD_lambda0_reportN,0.001,0.877183978870594,249
Gout,22,42,MELD_lambda0_equal,0.001,0.858990330678332,249
Gout,22,42,MELD_lambda1_afproj,0.001,0.885728853790702,249
Gout,22,42,EUR,0.001,0.681609713398762,249
Gout,22,42,EAS,0.001,0.367027578610896,249
Gout,22,42,AFR,0.001,0.446267028164143,249
Gout,22,42,CSA,0.001,0.709962911832234,249
Gout,22,42,AMR,0.001,0.594430431859786,249
Gout,22,42,MID,0.001,0.594094355983919,249
Gout,22,42,MELD_lambda0_afproj,0.01,0.914726726384265,249
Gout,22,42,MELD_lambda0_reportN,0.01,0.913843004962132,249
Gout,22,42,MELD_lambda0_equal,0.01,0.891312020015197,249
Gout,22,42,MELD_lambda1_afproj,0.01,0.916485251959133,249
Gout,22,42,EUR,0.01,0.902811412444382,249
Gout,22,42,EAS,0.01,0.749759989784735,249
Gout,22,42,AFR,0.01,0.73708848898046,249
Gout,22,42,CSA,0.01,0.862103584918125,249
Gout,22,42,AMR,0.01,0.874579997323268,249
Gout,22,42,MID,0.01,0.856099524631066,249
Gout,22,42,MELD_lambda0_afproj,0.1,0.910156632436181,249
Gout,22,42,MELD_lambda0_reportN,0.1,0.909852272267013,249
Gout,22,42,MELD_lambda0_equal,0.1,0.885274729881816,249
Gout,22,42,MELD_lambda1_afproj,0.1,0.907694618774899,249
Gout,22,42,EUR,0.1,0.906392579597853,249
Gout,22,42,EAS,0.1,0.832633167980097,249
Gout,22,42,AFR,0.1,0.755980533858041,249
Gout,22,42,CSA,0.1,0.872571428075757,249
Gout,22,42,AMR,0.1,0.893537340490382,249
Gout,22,42,MID,0.1,0.85776068234,249
Gout,22,43,MELD_lambda0_afproj,0.001,0.810475648730403,52
Gout,22,43,MELD_lambda0_reportN,0.001,0.82957614329268,52
Gout,22,43,MELD_lambda0_equal,0.001,0.80130588183737,52
Gout,22,43,MELD_lambda1_afproj,0.001,0.812355391101793,52
Gout,22,43,EUR,0.001,0.587826297299201,52
Gout,22,43,EAS,0.001,0.427674536537952,52
Gout,22,43,AFR,0.001,0.667421062311835,52
Gout,22,43,CSA,0.001,0.490733757788235,52
Gout,22,43,AMR,0.001,0.711804398303761,52
Gout,22,43,MID,0.001,0.760307510149644,52
Gout,22,43,MELD_lambda0_afproj,0.01,0.771005793077377,52
Gout,22,43,MELD_lambda0_reportN,0.01,0.776543040911302,52
Gout,22,43,MELD_lambda0_equal,0.01,0.797109366261777,52
Gout,22,43,MELD_lambda1_afproj,0.01,0.774570452585596,52
Gout,22,43,EUR,0.01,0.723569181292164,52
Gout,22,43,EAS,0.01,0.686215171166793,52
Gout,22,43,AFR,0.01,0.667018673249638,52
Gout,22,43,CSA,0.01,0.796267210454397,52
Gout,22,43,AMR,0.01,0.757291522897595,52
Gout,22,43,MID,0.01,0.74783781094747,52
Gout,22,43,MELD_lambda0_afproj,0.1,0.71566897543282,52
Gout,22,43,MELD_lambda0_reportN,0.1,0.717007826685985,52
Gout,22,43,MELD_lambda0_equal,0.1,0.770560534079891,52
Gout,22,43,MELD_lambda1_afproj,0.1,0.70971486653944,52
Gout,22,43,EUR,0.1,0.702500035544733,52
Gout,22,43,EAS,0.1,0.730591306383631,52
Gout,22,43,AFR,0.1,0.668677214286212,52
Gout,22,43,CSA,0.1,0.838983468659762,52
Gout,22,43,AMR,0.1,0.713792261168137,52
Gout,22,43,MID,0.1,0.712821437670131,52
Gout,22,44,MELD_lambda0_afproj,0.001,0.849092251966345,181
Gout,22,44,MELD_lambda0_reportN,0.001,0.852589198086569,181
Gout,22,44,MELD_lambda0_equal,0.001,0.845070981627848,181
Gout,22,44,MELD_lambda1_afproj,0.001,0.856368535733139,181
Gout,22,44,EUR,0.001,0.674208803335203,181
Gout,22,44,EAS,0.001,0.514558736508184,181
Gout,22,44,AFR,0.001,0.429958985320067,181
Gout,22,44,CSA,0.001,0.479988655730902,181
Gout,22,44,AMR,0.001,0.715677993030087,181
Gout,22,44,MID,0.001,0.679381374428984,181
Gout,22,44,MELD_lambda0_afproj,0.01,0.897013315568722,181
Gout,22,44,MELD_lambda0_reportN,0.01,0.89776094353636,181
Gout,22,44,MELD_lambda0_equal,0.01,0.854916007457862,181
Gout,22,44,MELD_lambda1_afproj,0.01,0.891530293041575,181
Gout,22,44,EUR,0.01,0.875813069346348,181
Gout,22,44,EAS,0.01,0.74456880728097,181
Gout,22,44,AFR,0.01,0.645729621325584,181
Gout,22,44,CSA,0.01,0.779453640479197,181
Gout,22,44,AMR,0.01,0.877202716530793,181
Gout,22,44,MID,0.01,0.793306976502169,181
Gout,22,44,MELD_lambda0_afproj,0.1,0.877282611044099,181
Gout,22,44,MELD_lambda0_reportN,0.1,0.878102357697568,181
Gout,22,44,MELD_lambda0_equal,0.1,0.85114795364686,181
Gout,22,44,MELD_lambda1_afproj,0.1,0.869838734480217,181
Gout,22,44,EUR,0.1,0.873447624028533,181
Gout,22,44,EAS,0.1,0.780296069903274,181
Gout,22,44,AFR,0.1,0.651104425306775,181
Gout,22,44,CSA,0.1,0.831195611959295,181
Gout,22,44,AMR,0.1,0.882295207245078,181
Gout,22,44,MID,0.1,0.808269752376788,181
Gout,22,45,MELD_lambda0_afproj,0.001,0.469610587522638,157
Gout,22,45,MELD_lambda0_reportN,0.001,0.46466559182541,157
Gout,22,45,MELD_lambda0_equal,0.001,0.764240502130557,157
Gout,22,45,MELD_lambda1_afproj,0.001,0.456335893802147,157
Gout,22,45,EUR,0.001,0.324123156757186,157
Gout,22,45,EAS,0.001,0.567364268660279,157
Gout,22,45,AFR,0.001,0.543123592043789,157
Gout,22,45,CSA,0.001,0.686128852940216,157
Gout,22,45,AMR,0.001,0.587425381989922,157
Gout,22,45,MID,0.001,0.738830739587368,157
Gout,22,45,MELD_lambda0_afproj,0.01,0.668389197139867,157
Gout,22,45,MELD_lambda0_reportN,0.01,0.664682054993086,157
Gout,22,45,MELD_lambda0_equal,0.01,0.771107796180739,157
Gout,22,45,MELD_lambda1_afproj,0.01,0.670523506600017,157
Gout,22,45,EUR,0.01,0.578988380461684,157
Gout,22,45,EAS,0.01,0.741264478597502,157
Gout,22,45,AFR,0.01,0.539582472181756,157
Gout,22,45,CSA,0.01,0.765964262597105,157
Gout,22,45,AMR,0.01,0.716186523742336,157
Gout,22,45,MID,0.01,0.803261608694914,157
Gout,22,45,MELD_lambda0_afproj,0.1,0.731109792027909,157
Gout,22,45,MELD_lambda0_reportN,0.1,0.729037527798916,157
Gout,22,45,MELD_lambda0_equal,0.1,0.787319955794442,157
Gout,22,45,MELD_lambda1_afproj,0.1,0.741583245672025,157
Gout,22,45,EUR,0.1,0.684283305592456,157
Gout,22,45,EAS,0.1,0.756549308508047,157
Gout,22,45,AFR,0.1,0.54843270606714,157
Gout,22,45,CSA,0.1,0.777508801390046,157
Gout,22,45,AMR,0.1,0.790968113990893,157
Gout,22,45,MID,0.1,0.822767834086402,157
Gout,22,46,MELD_lambda0_afproj,0.001,0.792144852571809,175
Gout,22,46,MELD_lambda0_reportN,0.001,0.795305620183663,175
Gout,22,46,MELD_lambda0_equal,0.001,0.872263810636153,175
Gout,22,46,MELD_lambda1_afproj,0.001,0.807707478185637,175
Gout,22,46,EUR,0.001,0.697051428990409,175
Gout,22,46,EAS,0.001,0.500762240983563,175
Gout,22,46,AFR,0.001,0.668830386505348,175
Gout,22,46,CSA,0.001,0.659968386166215,175
Gout,22,46,AMR,0.001,0.684527118386073,175
Gout,22,46,MID,0.001,0.586444885873146,175
Gout,22,46,MELD_lambda0_afproj,0.01,0.903276103027826,175
Gout,22,46,MELD_lambda0_reportN,0.01,0.903043476954359,175
Gout,22,46,MELD_lambda0_equal,0.01,0.884959259729692,175
Gout,22,46,MELD_lambda1_afproj,0.01,0.90020216460407,175
Gout,22,46,EUR,0.01,0.891549491989656,175
Gout,22,46,EAS,0.01,0.830034277623476,175
Gout,22,46,AFR,0.01,0.70865269384691,175
Gout,22,46,CSA,0.01,0.843032530493097,175
Gout,22,46,AMR,0.01,0.844591657395909,175
Gout,22,46,MID,0.01,0.873472330820024,175
Gout,22,46,MELD_lambda0_afproj,0.1,0.899005167226344,175
Gout,22,46,MELD_lambda0_reportN,0.1,0.898768961821646,175
Gout,22,46,MELD_lambda0_equal,0.1,0.881974009071306,175
Gout,22,46,MELD_lambda1_afproj,0.1,0.895094064359994,175
Gout,22,46,EUR,0.1,0.903941468603164,175
Gout,22,46,EAS,0.1,0.863475612407538,175
Gout,22,46,AFR,0.1,0.722688524806577,175
Gout,22,46,CSA,0.1,0.876446682707937,175
Gout,22,46,AMR,0.1,0.866711773592929,175
Gout,22,46,MID,0.1,0.888337998518474,175
Gout,22,47,MELD_lambda0_afproj,0.001,0.777779072632755,174
Gout,22,47,MELD_lambda0_reportN,0.001,0.766640913043938,174
Gout,22,47,MELD_lambda0_equal,0.001,0.910434034950175,174
Gout,22,47,MELD_lambda1_afproj,0.001,0.781154366534944,174
Gout,22,47,EUR,0.001,0.548535658847454,174
Gout,22,47,EAS,0.001,0.758212550912709,174
Gout,22,47,AFR,0.001,0.699661983360128,174
Gout,22,47,CSA,0.001,0.67913660396859,174
Gout,22,47,AMR,0.001,0.7020719668859,174
Gout,22,47,MID,0.001,0.773087169318842,174
Gout,22,47,MELD_lambda0_afproj,0.01,0.882577867404118,174
Gout,22,47,MELD_lambda0_reportN,0.01,0.879254191928568,174
Gout,22,47,MELD_lambda0_equal,0.01,0.914988202038632,174
Gout,22,47,MELD_lambda1_afproj,0.01,0.879207770194677,174
Gout,22,47,EUR,0.01,0.840123991891583,174
Gout,22,47,EAS,0.01,0.901074400849255,174
Gout,22,47,AFR,0.01,0.836607316547375,174
Gout,22,47,CSA,0.01,0.910952285106343,174
Gout,22,47,AMR,0.01,0.866028881355335,174
Gout,22,47,MID,0.01,0.90034562666049,174
Gout,22,47,MELD_lambda0_afproj,0.1,0.903182315410177,174
Gout,22,47,MELD_lambda0_reportN,0.1,0.902650483001224,174
Gout,22,47,MELD_lambda0_equal,0.1,0.91173804677487,174
Gout,22,47,MELD_lambda1_afproj,0.1,0.900963823557801,174
Gout,22,47,EUR,0.1,0.8871120544084,174
Gout,22,47,EAS,0.1,0.885708347832391,174
Gout,22,47,AFR,0.1,0.858260973020208,174
Gout,22,47,CSA,0.1,0.909579953826764,174
Gout,22,47,AMR,0.1,0.881324491785561,174
Gout,22,47,MID,0.1,0.90881171426247,174
Gout,22,48,MELD_lambda0_afproj,0.001,0.821923883535074,135
Gout,22,48,MELD_lambda0_reportN,0.001,0.837704058002428,135
Gout,22,48,MELD_lambda0_equal,0.001,0.879769579985343,135
Gout,22,48,MELD_lambda1_afproj,0.001,0.81881914168998,135
Gout,22,48,EUR,0.001,0.555876697632156,135
Gout,22,48,EAS,0.001,0.686728366707359,135
Gout,22,48,AFR,0.001,0.771785077176331,135
Gout,22,48,CSA,0.001,0.657211908486875,135
Gout,22,48,AMR,0.001,0.568769843743879,135
Gout,22,48,MID,0.001,0.711743961224963,135
Gout,22,48,MELD_lambda0_afproj,0.01,0.920190275265509,135
Gout,22,48,MELD_lambda0_reportN,0.01,0.923555050329137,135
Gout,22,48,MELD_lambda0_equal,0.01,0.925128377921534,135
Gout,22,48,MELD_lambda1_afproj,0.01,0.917554227424989,135
Gout,22,48,EUR,0.01,0.87433825320737,135
Gout,22,48,EAS,0.01,0.877091202874128,135
Gout,22,48,AFR,0.01,0.872762577274359,135
Gout,22,48,CSA,0.01,0.893919433560139,135
Gout,22,48,AMR,0.01,0.869007460973971,135
Gout,22,48,MID,0.01,0.92551493337026,135
Gout,22,48,MELD_lambda0_afproj,0.1,0.918382700204947,135
Gout,22,48,MELD_lambda0_reportN,0.1,0.920333672803414,135
Gout,22,48,MELD_lambda0_equal,0.1,0.921619869209795,135
Gout,22,48,MELD_lambda1_afproj,0.1,0.913784741767251,135
Gout,22,48,EUR,0.1,0.906486157115232,135
Gout,22,48,EAS,0.1,0.865489826604218,135
Gout,22,48,AFR,0.1,0.884791570687349,135
Gout,22,48,CSA,0.1,0.88808894707834,135
Gout,22,48,AMR,0.1,0.899447392765758,135
Gout,22,48,MID,0.1,0.914303294840972,135
Gout,22,49,MELD_lambda0_afproj,0.001,0.719465479019963,159
Gout,22,49,MELD_lambda0_reportN,0.001,0.723343012585433,159
Gout,22,49,MELD_lambda0_equal,0.001,0.911938516944496,159
Gout,22,49,MELD_lambda1_afproj,0.001,0.753612385996844,159
Gout,22,49,EUR,0.001,0.688857871581411,159
Gout,22,49,EAS,0.001,0.813539294116249,159
Gout,22,49,AFR,0.001,0.621107983837378,159
Gout,22,49,CSA,0.001,0.804756535783969,159
Gout,22,49,AMR,0.001,0.90675301260362,159
Gout,22,49,MID,0.001,0.8586143090871,159
Gout,22,49,MELD_lambda0_afproj,0.01,0.893999518109033,159
Gout,22,49,MELD_lambda0_reportN,0.01,0.894054601557921,159
Gout,22,49,MELD_lambda0_equal,0.01,0.915007114548769,159
Gout,22,49,MELD_lambda1_afproj,0.01,0.900549418594913,159
Gout,22,49,EUR,0.01,0.891419210215118,159
Gout,22,49,EAS,0.01,0.858542906797381,159
Gout,22,49,AFR,0.01,0.733087314901789,159
Gout,22,49,CSA,0.01,0.901693877757805,159
Gout,22,49,AMR,0.01,0.906004068982232,159
Gout,22,49,MID,0.01,0.908194359458466,159
Gout,22,49,MELD_lambda0_afproj,0.1,0.914273436527972,159
Gout,22,49,MELD_lambda0_reportN,0.1,0.914667963067742,159
Gout,22,49,MELD_lambda0_equal,0.1,0.909228868655056,159
Gout,22,49,MELD_lambda1_afproj,0.1,0.910999801590558,159
Gout,22,49,EUR,0.1,0.909506797360668,159
Gout,22,49,EAS,0.1,0.871069982088328,159
Gout,22,49,AFR,0.1,0.77352090063545,159
Gout,22,49,CSA,0.1,0.899725213915394,159
Gout,22,49,AMR,0.1,0.899463664637478,159
Gout,22,49,MID,0.1,0.916006866164734,159
Gout,22,50,MELD_lambda0_afproj,0.001,0.910751722846972,93
Gout,22,50,MELD_lambda0_reportN,0.001,0.909122905176887,93
Gout,22,50,MELD_lambda0_equal,0.001,0.850894210532696,93
Gout,22,50,MELD_lambda1_afproj,0.001,0.895738570064803,93
Gout,22,50,EUR,0.001,0.751080194904197,93
Gout,22,50,EAS,0.001,0.858873179865244,93
Gout,22,50,AFR,0.001,0.695830007740345,93
Gout,22,50,CSA,0.001,0.754905075313744,93
Gout,22,50,AMR,0.001,0.859826833518726,93
Gout,22,50,MID,0.001,0.781512665157046,93
Gout,22,50,MELD_lambda0_afproj,0.01,0.90703883221613,93
Gout,22,50,MELD_lambda0_reportN,0.01,0.906051367523457,93
Gout,22,50,MELD_lambda0_equal,0.01,0.853846426812407,93
Gout,22,50,MELD_lambda1_afproj,0.01,0.894213352358081,93
Gout,22,50,EUR,0.01,0.886168427499458,93
Gout,22,50,EAS,0.01,0.874826672535013,93
Gout,22,50,AFR,0.01,0.698104263619189,93
Gout,22,50,CSA,0.01,0.786950368371064,93
Gout,22,50,AMR,0.01,0.865225030712429,93
Gout,22,50,MID,0.01,0.819381877435614,93
Gout,22,50,MELD_lambda0_afproj,0.1,0.879137433651037,93
Gout,22,50,MELD_lambda0_reportN,0.1,0.879614644532534,93
Gout,22,50,MELD_lambda0_equal,0.1,0.846453508350532,93
Gout,22,50,MELD_lambda1_afproj,0.1,0.869041277042165,93
Gout,22,50,EUR,0.1,0.864324347492515,93
Gout,22,50,EAS,0.1,0.884203997841027,93
Gout,22,50,AFR,0.1,0.690298281389024,93
Gout,22,50,CSA,0.1,0.783751060266562,93
Gout,22,50,AMR,0.1,0.850198072041331,93
Gout,22,50,MID,0.1,0.828135487154067,93
Gout,22,52,MELD_lambda0_afproj,0.001,0.828868884720668,37
Gout,22,52,MELD_lambda0_reportN,0.001,0.828533372452884,37
Gout,22,52,MELD_lambda0_equal,0.001,0.863983857823691,37
Gout,22,52,MELD_lambda1_afproj,0.001,0.839925282765533,37
Gout,22,52,EUR,0.001,0.909489807261377,37
Gout,22,52,EAS,0.001,0.937097616969,37
Gout,22,52,AFR,0.001,0.616907779989329,37
Gout,22,52,CSA,0.001,0.906555107388085,37
Gout,22,52,AMR,0.001,0.776000689966601,37
Gout,22,52,MID,0.001,0.893591344020158,37
Gout,22,52,MELD_lambda0_afproj,0.01,0.926542450221418,37
Gout,22,52,MELD_lambda0_reportN,0.01,0.923394669137877,37
Gout,22,52,MELD_lambda0_equal,0.01,0.863045379130393,37
Gout,22,52,MELD_lambda1_afproj,0.01,0.930966932247764,37
Gout,22,52,EUR,0.01,0.94337675395531,37
Gout,22,52,EAS,0.01,0.861738273969309,37
Gout,22,52,AFR,0.01,0.718393216146378,37
Gout,22,52,CSA,0.01,0.939658862890864,37
Gout,22,52,AMR,0.01,0.867915982786417,37
Gout,22,52,MID,0.01,0.90298550759295,37
Gout,22,52,MELD_lambda0_afproj,0.1,0.926127727676445,37
Gout,22,52,MELD_lambda0_reportN,0.1,0.924887706297849,37
Gout,22,52,MELD_lambda0_equal,0.1,0.869519490598581,37
Gout,22,52,MELD_lambda1_afproj,0.1,0.928224274215003,37
Gout,22,52,EUR,0.1,0.950212873104707,37
Gout,22,52,EAS,0.1,0.851942677710022,37
Gout,22,52,AFR,0.1,0.717528537491269,37
Gout,22,52,CSA,0.1,0.94289237103577,37
Gout,22,52,AMR,0.1,0.901217205954036,37
Gout,22,52,MID,0.1,0.884935963160183,37
Gout,22,53,MELD_lambda0_afproj,0.001,0.970796849282947,347
Gout,22,53,MELD_lambda0_reportN,0.001,0.971581673563939,347
Gout,22,53,MELD_lambda0_equal,0.001,0.950176540984344,347
Gout,22,53,MELD_lambda1_afproj,0.001,0.969855273481542,347
Gout,22,53,EUR,0.001,0.922508897788717,347
Gout,22,53,EAS,0.001,0.865315811086548,347
Gout,22,53,AFR,0.001,0.336743845090894,347
Gout,22,53,CSA,0.001,0.936693572647164,347
Gout,22,53,AMR,0.001,0.952915784640114,347
Gout,22,53,MID,0.001,0.878613067983401,347
Gout,22,53,MELD_lambda0_afproj,0.01,0.989578411915778,347
Gout,22,53,MELD_lambda0_reportN,0.01,0.989719077039013,347
Gout,22,53,MELD_lambda0_equal,0.01,0.986331740734918,347
Gout,22,53,MELD_lambda1_afproj,0.01,0.988901540098102,347
Gout,22,53,EUR,0.01,0.96551298944612,347
Gout,22,53,EAS,0.01,0.962873453084056,347
Gout,22,53,AFR,0.01,0.802348430953209,347
Gout,22,53,CSA,0.01,0.973956004687708,347
Gout,22,53,AMR,0.01,0.973885601960852,347
Gout,22,53,MID,0.01,0.969916300537529,347
Gout,22,53,MELD_lambda0_afproj,0.1,0.988233313675713,347
Gout,22,53,MELD_lambda0_reportN,0.1,0.988239832935504,347
Gout,22,53,MELD_lambda0_equal,0.1,0.986122462083453,347
Gout,22,53,MELD_lambda1_afproj,0.1,0.988335064387932,347
Gout,22,53,EUR,0.1,0.972482762727037,347
Gout,22,53,EAS,0.1,0.976768238596139,347
Gout,22,53,AFR,0.1,0.910340773821378,347
Gout,22,53,CSA,0.1,0.978299988495008,347
Gout,22,53,AMR,0.1,0.972331513609954,347
Gout,22,53,MID,0.1,0.97915353229055,347
Gout,22,54,MELD_lambda0_afproj,0.001,0.843501089941543,50
Gout,22,54,MELD_lambda0_reportN,0.001,0.842675244307028,50
Gout,22,54,MELD_lambda0_equal,0.001,0.804491830570002,50
Gout,22,54,MELD_lambda1_afproj,0.001,0.842635848479041,50
Gout,22,54,EUR,0.001,0.646402356331241,50
Gout,22,54,EAS,0.001,0.704687558483035,50
Gout,22,54,AFR,0.001,0.390497771277724,50
Gout,22,54,CSA,0.001,0.591903164373772,50
Gout,22,54,AMR,0.001,0.550453013748208,50
Gout,22,54,MID,0.001,0.77435134543881,50
Gout,22,54,MELD_lambda0_afproj,0.01,0.847362489334448,50
Gout,22,54,MELD_lambda0_reportN,0.01,0.847367431643289,50
Gout,22,54,MELD_lambda0_equal,0.01,0.804121636957265,50
Gout,22,54,MELD_lambda1_afproj,0.01,0.848148640340014,50
Gout,22,54,EUR,0.01,0.643988922049578,50
Gout,22,54,EAS,0.01,0.704300664135508,50
Gout,22,54,AFR,0.01,0.395844160357304,50
Gout,22,54,CSA,0.01,0.59468805821789,50
Gout,22,54,AMR,0.01,0.57841326599719,50
Gout,22,54,MID,0.01,0.766238464581909,50
Gout,22,54,MELD_lambda0_afproj,0.1,0.843015624124745,50
Gout,22,54,MELD_lambda0_reportN,0.1,0.843704642840741,50
Gout,22,54,MELD_lambda0_equal,0.1,0.794871775808524,50
Gout,22,54,MELD_lambda1_afproj,0.1,0.849214049909614,50
Gout,22,54,EUR,0.1,0.628837632130878,50
Gout,22,54,EAS,0.1,0.712611230351989,50
Gout,22,54,AFR,0.1,0.415459034883161,50
Gout,22,54,CSA,0.1,0.567339684956079,50
Gout,22,54,AMR,0.1,0.596670790395465,50
Gout,22,54,MID,0.1,0.72849026609794,50
Gout,22,55,MELD_lambda0_afproj,0.001,0.637476710146026,215
Gout,22,55,MELD_lambda0_reportN,0.001,0.638396674969382,215
Gout,22,55,MELD_lambda0_equal,0.001,0.866234385578537,215
Gout,22,55,MELD_lambda1_afproj,0.001,0.634018179446216,215
Gout,22,55,EUR,0.001,0.485239806976507,215
Gout,22,55,EAS,0.001,0.673819138856235,215
Gout,22,55,AFR,0.001,0.624160961443212,215
Gout,22,55,CSA,0.001,0.628237682478721,215
Gout,22,55,AMR,0.001,0.599768428840765,215
Gout,22,55,MID,0.001,0.594725468878657,215
Gout,22,55,MELD_lambda0_afproj,0.01,0.851754474609762,215
Gout,22,55,MELD_lambda0_reportN,0.01,0.849839178449019,215
Gout,22,55,MELD_lambda0_equal,0.01,0.866109284513414,215
Gout,22,55,MELD_lambda1_afproj,0.01,0.845530210229973,215
Gout,22,55,EUR,0.01,0.784622765282019,215
Gout,22,55,EAS,0.01,0.802302797189734,215
Gout,22,55,AFR,0.01,0.698993348664144,215
Gout,22,55,CSA,0.01,0.82309348475005,215
Gout,22,55,AMR,0.01,0.844688938773355,215
Gout,22,55,MID,0.01,0.776074962235333,215
Gout,22,55,MELD_lambda0_afproj,0.1,0.868426334294056,215
Gout,22,55,MELD_lambda0_reportN,0.1,0.868129534178022,215
Gout,22,55,MELD_lambda0_equal,0.1,0.852808805681677,215
Gout,22,55,MELD_lambda1_afproj,0.1,0.860654724041015,215
Gout,22,55,EUR,0.1,0.83898964441979,215
Gout,22,55,EAS,0.1,0.772861896551223,215
Gout,22,55,AFR,0.1,0.714774344274386,215
Gout,22,55,CSA,0.1,0.824657066533026,215
Gout,22,55,AMR,0.1,0.836188892632975,215
Gout,22,55,MID,0.1,0.799713827283218,215
Gout,22,56,MELD_lambda0_afproj,0.001,0.958050011504801,31
Gout,22,56,MELD_lambda0_reportN,0.001,0.954412061089644,31
Gout,22,56,MELD_lambda0_equal,0.001,0.928459195878407,31
Gout,22,56,MELD_lambda1_afproj,0.001,0.960042215173652,31
Gout,22,56,EUR,0.001,0.727623831273759,31
Gout,22,56,EAS,0.001,0.96079527507521,31
Gout,22,56,AFR,0.001,0.65341939001722,31
Gout,22,56,CSA,0.001,0.920354973642298,31
Gout,22,56,AMR,0.001,0.620023562179222,31
Gout,22,56,MID,0.001,0.753038282980498,31
Gout,22,56,MELD_lambda0_afproj,0.01,0.957549005573493,31
Gout,22,56,MELD_lambda0_reportN,0.01,0.953884383235223,31
Gout,22,56,MELD_lambda0_equal,0.01,0.926862539544191,31
Gout,22,56,MELD_lambda1_afproj,0.01,0.958153329897001,31
Gout,22,56,EUR,0.01,0.694541868409057,31
Gout,22,56,EAS,0.01,0.956666758561724,31
Gout,22,56,AFR,0.01,0.654355664181281,31
Gout,22,56,CSA,0.01,0.921313447565768,31
Gout,22,56,AMR,0.01,0.604556348764793,31
Gout,22,56,MID,0.01,0.754014684177597,31
Gout,22,56,MELD_lambda0_afproj,0.1,0.94590697340573,31
Gout,22,56,MELD_lambda0_reportN,0.1,0.942736091628457,31
Gout,22,56,MELD_lambda0_equal,0.1,0.908485346905514,31
Gout,22,56,MELD_lambda1_afproj,0.1,0.937711959418643,31
Gout,22,56,EUR,0.1,0.66449229192112,31
Gout,22,56,EAS,0.1,0.937352663977205,31
Gout,22,56,AFR,0.1,0.663975788162497,31
Gout,22,56,CSA,0.1,0.916766020399948,31
Gout,22,56,AMR,0.1,0.627440824899991,31
Gout,22,56,MID,0.1,0.738905997976481,31
Gout,22,57,MELD_lambda0_afproj,0.001,0.878441198909651,239
Gout,22,57,MELD_lambda0_reportN,0.001,0.887774842459786,239
Gout,22,57,MELD_lambda0_equal,0.001,0.933239816170767,239
Gout,22,57,MELD_lambda1_afproj,0.001,0.872958988092222,239
Gout,22,57,EUR,0.001,0.863189757771411,239
Gout,22,57,EAS,0.001,0.518698359805557,239
Gout,22,57,AFR,0.001,0.456147388923621,239
Gout,22,57,CSA,0.001,0.738028863638611,239
Gout,22,57,AMR,0.001,0.892596882163118,239
Gout,22,57,MID,0.001,0.75154002239871,239
Gout,22,57,MELD_lambda0_afproj,0.01,0.952421538828291,239
Gout,22,57,MELD_lambda0_reportN,0.01,0.95304158324761,239
Gout,22,57,MELD_lambda0_equal,0.01,0.941208930252958,239
Gout,22,57,MELD_lambda1_afproj,0.01,0.94751254078863,239
Gout,22,57,EUR,0.01,0.936064749915112,239
Gout,22,57,EAS,0.01,0.853635132454253,239
Gout,22,57,AFR,0.01,0.762515774074138,239
Gout,22,57,CSA,0.01,0.929429040034455,239
Gout,22,57,AMR,0.01,0.931797644534312,239
Gout,22,57,MID,0.01,0.913203799370513,239
Gout,22,57,MELD_lambda0_afproj,0.1,0.951820907215633,239
Gout,22,57,MELD_lambda0_reportN,0.1,0.951306410414122,239
Gout,22,57,MELD_lambda0_equal,0.1,0.935825669504285,239
Gout,22,57,MELD_lambda1_afproj,0.1,0.948978616112147,239
Gout,22,57,EUR,0.1,0.944741540229633,239
Gout,22,57,EAS,0.1,0.890770077500369,239
Gout,22,57,AFR,0.1,0.781509867685211,239
Gout,22,57,CSA,0.1,0.943246787692246,239
Gout,22,57,AMR,0.1,0.931387879014267,239
Gout,22,57,MID,0.1,0.931254173800006,239
Gout,22,58,MELD_lambda0_afproj,0.001,0.865349869171775,362
Gout,22,58,MELD_lambda0_reportN,0.001,0.867829098447806,362
Gout,22,58,MELD_lambda0_equal,0.001,0.888795553172795,362
Gout,22,58,MELD_lambda1_afproj,0.001,0.857088562351744,362
Gout,22,58,EUR,0.001,0.710116839412696,362
Gout,22,58,EAS,0.001,0.454815200046111,362
Gout,22,58,AFR,0.001,0.801497873585816,362
Gout,22,58,CSA,0.001,0.716827472155518,362
Gout,22,58,AMR,0.001,0.683415224985362,362
Gout,22,58,MID,0.001,0.792544007063277,362
Gout,22,58,MELD_lambda0_afproj,0.01,0.898082860304674,362
Gout,22,58,MELD_lambda0_reportN,0.01,0.897304830540276,362
Gout,22,58,MELD_lambda0_equal,0.01,0.888731195730758,362
Gout,22,58,MELD_lambda1_afproj,0.01,0.89704314426322,362
Gout,22,58,EUR,0.01,0.883020720383115,362
Gout,22,58,EAS,0.01,0.77715101589434,362
Gout,22,58,AFR,0.01,0.816266589298183,362
Gout,22,58,CSA,0.01,0.89481903862994,362
Gout,22,58,AMR,0.01,0.858430468816641,362
Gout,22,58,MID,0.01,0.859158197515127,362
Gout,22,58,MELD_lambda0_afproj,0.1,0.893430439438274,362
Gout,22,58,MELD_lambda0_reportN,0.1,0.892394482842535,362
Gout,22,58,MELD_lambda0_equal,0.1,0.88529247070436,362
Gout,22,58,MELD_lambda1_afproj,0.1,0.890757902126008,362
Gout,22,58,EUR,0.1,0.895765407682518,362
Gout,22,58,EAS,0.1,0.840108094481351,362
Gout,22,58,AFR,0.1,0.822028027706118,362
Gout,22,58,CSA,0.1,0.900503751207489,362
Gout,22,58,AMR,0.1,0.861923112213025,362
Gout,22,58,MID,0.1,0.866441236204998,362
Gout,22,60,MELD_lambda0_afproj,0.001,0.78609737484212,195
Gout,22,60,MELD_lambda0_reportN,0.001,0.797513184402807,195
Gout,22,60,MELD_lambda0_equal,0.001,0.813944381176639,195
Gout,22,60,MELD_lambda1_afproj,0.001,0.803029425175926,195
Gout,22,60,EUR,0.001,0.440620267593469,195
Gout,22,60,EAS,0.001,0.620190216873053,195
Gout,22,60,AFR,0.001,0.674603699946121,195
Gout,22,60,CSA,0.001,0.737523903655868,195
Gout,22,60,AMR,0.001,0.562503375215419,195
Gout,22,60,MID,0.001,0.749261765226781,195
Gout,22,60,MELD_lambda0_afproj,0.01,0.815545084871862,195
Gout,22,60,MELD_lambda0_reportN,0.01,0.816671516885721,195
Gout,22,60,MELD_lambda0_equal,0.01,0.812484752300857,195
Gout,22,60,MELD_lambda1_afproj,0.01,0.808438714078263,195
Gout,22,60,EUR,0.01,0.750749400542291,195
Gout,22,60,EAS,0.01,0.693871326676623,195
Gout,22,60,AFR,0.01,0.680291529292566,195
Gout,22,60,CSA,0.01,0.765304886076849,195
Gout,22,60,AMR,0.01,0.692634488782273,195
Gout,22,60,MID,0.01,0.77145957034531,195
Gout,22,60,MELD_lambda0_afproj,0.1,0.813461068910238,195
Gout,22,60,MELD_lambda0_reportN,0.1,0.813723426380189,195
Gout,22,60,MELD_lambda0_equal,0.1,0.801361811472673,195
Gout,22,60,MELD_lambda1_afproj,0.1,0.806132154733205,195
Gout,22,60,EUR,0.1,0.800503031510466,195
Gout,22,60,EAS,0.1,0.697174836392101,195
Gout,22,60,AFR,0.1,0.684276306116013,195
Gout,22,60,CSA,0.1,0.749635938059002,195
Gout,22,60,AMR,0.1,0.719019266044638,195
Gout,22,60,MID,0.1,0.766872271712565,195
Gout,22,61,MELD_lambda0_afproj,0.001,0.841034042630139,298
Gout,22,61,MELD_lambda0_reportN,0.001,0.842836896735788,298
Gout,22,61,MELD_lambda0_equal,0.001,0.893255108034039,298
Gout,22,61,MELD_lambda1_afproj,0.001,0.845515748717537,298
Gout,22,61,EUR,0.001,0.753886516431216,298
Gout,22,61,EAS,0.001,0.63900170217833,298
Gout,22,61,AFR,0.001,0.606621966350547,298
Gout,22,61,CSA,0.001,0.678788613375209,298
Gout,22,61,AMR,0.001,0.742489920525257,298
Gout,22,61,MID,0.001,0.786691252255829,298
Gout,22,61,MELD_lambda0_afproj,0.01,0.915286279087637,298
Gout,22,61,MELD_lambda0_reportN,0.01,0.915998546748456,298
Gout,22,61,MELD_lambda0_equal,0.01,0.897899851395524,298
Gout,22,61,MELD_lambda1_afproj,0.01,0.913612226898073,298
Gout,22,61,EUR,0.01,0.897933370848971,298
Gout,22,61,EAS,0.01,0.832552101235015,298
Gout,22,61,AFR,0.01,0.764035237207624,298
Gout,22,61,CSA,0.01,0.837654269098602,298
Gout,22,61,AMR,0.01,0.884107758862359,298
Gout,22,61,MID,0.01,0.850506140214565,298
Gout,22,61,MELD_lambda0_afproj,0.1,0.906140556108246,298
Gout,22,61,MELD_lambda0_reportN,0.1,0.906597792680371,298
Gout,22,61,MELD_lambda0_equal,0.1,0.890405007620333,298
Gout,22,61,MELD_lambda1_afproj,0.1,0.90251811012327,298
Gout,22,61,EUR,0.1,0.894168178947555,298
Gout,22,61,EAS,0.1,0.849488095531657,298
Gout,22,61,AFR,0.1,0.764181964629619,298
Gout,22,61,CSA,0.1,0.859851832831565,298
Gout,22,61,AMR,0.1,0.888119590781384,298
Gout,22,61,MID,0.1,0.844754345664837,298
Gout,22,63,MELD_lambda0_afproj,0.001,0.74671545715527,58
Gout,22,63,MELD_lambda0_reportN,0.001,0.735948344914316,58
Gout,22,63,MELD_lambda0_equal,0.001,0.740955262430583,58
Gout,22,63,MELD_lambda1_afproj,0.001,0.727939180781295,58
Gout,22,63,EUR,0.001,0.826867068052587,58
Gout,22,63,EAS,0.001,0.678952822057754,58
Gout,22,63,AFR,0.001,0.617695301860043,58
Gout,22,63,CSA,0.001,0.839163625459453,58
Gout,22,63,AMR,0.001,0.621482185777651,58
Gout,22,63,MID,0.001,0.673735154199697,58
Gout,22,63,MELD_lambda0_afproj,0.01,0.711330943617964,58
Gout,22,63,MELD_lambda0_reportN,0.01,0.704307359883478,58
Gout,22,63,MELD_lambda0_equal,0.01,0.744173237598332,58
Gout,22,63,MELD_lambda1_afproj,0.01,0.694552922175773,58
Gout,22,63,EUR,0.01,0.668641493000549,58
Gout,22,63,EAS,0.01,0.686290289771011,58
Gout,22,63,AFR,0.01,0.615663323588632,58
Gout,22,63,CSA,0.01,0.845556426477118,58
Gout,22,63,AMR,0.01,0.627512367259644,58
Gout,22,63,MID,0.01,0.679653644313317,58
Gout,22,63,MELD_lambda0_afproj,0.1,0.706857740085576,58
Gout,22,63,MELD_lambda0_reportN,0.1,0.701680724719517,58
Gout,22,63,MELD_lambda0_equal,0.1,0.771666006761144,58
Gout,22,63,MELD_lambda1_afproj,0.1,0.694332566668625,58
Gout,22,63,EUR,0.1,0.665192471366902,58
Gout,22,63,EAS,0.1,0.718935930276364,58
Gout,22,63,AFR,0.1,0.586442906397595,58
Gout,22,63,CSA,0.1,0.85162581134733,58
Gout,22,63,AMR,0.1,0.668205905139877,58
Gout,22,63,MID,0.1,0.709747501567636,58
Gout,22,64,MELD_lambda0_afproj,0.001,0.852924538181119,181
Gout,22,64,MELD_lambda0_reportN,0.001,0.849967975909926,181
Gout,22,64,MELD_lambda0_equal,0.001,0.908287443816537,181
Gout,22,64,MELD_lambda1_afproj,0.001,0.851463463492298,181
Gout,22,64,EUR,0.001,0.669295976845475,181
Gout,22,64,EAS,0.001,0.729125481128333,181
Gout,22,64,AFR,0.001,0.851650514763386,181
Gout,22,64,CSA,0.001,0.715558732849669,181
Gout,22,64,AMR,0.001,0.685495025621546,181
Gout,22,64,MID,0.001,0.858843902978572,181
Gout,22,64,MELD_lambda0_afproj,0.01,0.913881493844423,181
Gout,22,64,MELD_lambda0_reportN,0.01,0.912776374867499,181
Gout,22,64,MELD_lambda0_equal,0.01,0.90725580867989,181
Gout,22,64,MELD_lambda1_afproj,0.01,0.909947761407938,181
Gout,22,64,EUR,0.01,0.901532057633002,181
Gout,22,64,EAS,0.01,0.807258992463698,181
Gout,22,64,AFR,0.01,0.853829069045439,181
Gout,22,64,CSA,0.01,0.853731672676128,181
Gout,22,64,AMR,0.01,0.883105287686706,181
Gout,22,64,MID,0.01,0.877747790732859,181
Gout,22,64,MELD_lambda0_afproj,0.1,0.904268766106528,181
Gout,22,64,MELD_lambda0_reportN,0.1,0.904258634684321,181
Gout,22,64,MELD_lambda0_equal,0.1,0.889361760049252,181
Gout,22,64,MELD_lambda1_afproj,0.1,0.899962356054205,181
Gout,22,64,EUR,0.1,0.907356301512828,181
Gout,22,64,EAS,0.1,0.796116941208084,181
Gout,22,64,AFR,0.1,0.842037709795997,181
Gout,22,64,CSA,0.1,0.857557962570201,181
Gout,22,64,AMR,0.1,0.880391484675229,181
Gout,22,64,MID,0.1,0.873666406373781,181
Gout,22,65,MELD_lambda0_afproj,0.001,0.909543470667828,48
Gout,22,65,MELD_lambda0_reportN,0.001,0.911058501803273,48
Gout,22,65,MELD_lambda0_equal,0.001,0.924889914963017,48
Gout,22,65,MELD_lambda1_afproj,0.001,0.897845508251378,48
Gout,22,65,EUR,0.001,0.748759213455424,48
Gout,22,65,EAS,0.001,0.827820688550645,48
Gout,22,65,AFR,0.001,0.912423517380689,48
Gout,22,65,CSA,0.001,0.909981401631958,48
Gout,22,65,AMR,0.001,0.825756929512826,48
Gout,22,65,MID,0.001,0.918678775694371,48
Gout,22,65,MELD_lambda0_afproj,0.01,0.916992077878088,48
Gout,22,65,MELD_lambda0_reportN,0.01,0.9174633869406,48
Gout,22,65,MELD_lambda0_equal,0.01,0.926001219276381,48
Gout,22,65,MELD_lambda1_afproj,0.01,0.912171439323699,48
Gout,22,65,EUR,0.01,0.897881121325608,48
Gout,22,65,EAS,0.01,0.909036825702683,48
Gout,22,65,AFR,0.01,0.91380400008791,48
Gout,22,65,CSA,0.01,0.918270439990753,48
Gout,22,65,AMR,0.01,0.881234841085539,48
Gout,22,65,MID,0.01,0.919443868480012,48
Gout,22,65,MELD_lambda0_afproj,0.1,0.926590810201061,48
Gout,22,65,MELD_lambda0_reportN,0.1,0.926590628008318,48
Gout,22,65,MELD_lambda0_equal,0.1,0.926834379862693,48
Gout,22,65,MELD_lambda1_afproj,0.1,0.9243361409545,48
Gout,22,65,EUR,0.1,0.917912030228502,48
Gout,22,65,EAS,0.1,0.93517798812036,48
Gout,22,65,AFR,0.1,0.915540934719853,48
Gout,22,65,CSA,0.1,0.919006168619777,48
Gout,22,65,AMR,0.1,0.903972786549862,48
Gout,22,65,MID,0.1,0.91652597806109,48
Gout,22,66,MELD_lambda0_afproj,0.001,0.691550633757173,217
Gout,22,66,MELD_lambda0_reportN,0.001,0.684202430862355,217
Gout,22,66,MELD_lambda0_equal,0.001,0.814383279701771,217
Gout,22,66,MELD_lambda1_afproj,0.001,0.699856337799541,217
Gout,22,66,EUR,0.001,0.43704844354173,217
Gout,22,66,EAS,0.001,0.390092482373316,217
Gout,22,66,AFR,0.001,0.662280614302123,217
Gout,22,66,CSA,0.001,0.631464295936591,217
Gout,22,66,AMR,0.001,0.608977119745765,217
Gout,22,66,MID,0.001,0.634603605046052,217
Gout,22,66,MELD_lambda0_afproj,0.01,0.822378124915959,217
Gout,22,66,MELD_lambda0_reportN,0.01,0.822889372792439,217
Gout,22,66,MELD_lambda0_equal,0.01,0.822552218433457,217
Gout,22,66,MELD_lambda1_afproj,0.01,0.822882078043528,217
Gout,22,66,EUR,0.01,0.758734394546574,217
Gout,22,66,EAS,0.01,0.748486446034921,217
Gout,22,66,AFR,0.01,0.669895544721612,217
Gout,22,66,CSA,0.01,0.798230150736116,217
Gout,22,66,AMR,0.01,0.811362140260637,217
Gout,22,66,MID,0.01,0.786442828155498,217
Gout,22,66,MELD_lambda0_afproj,0.1,0.833203049509395,217
Gout,22,66,MELD_lambda0_reportN,0.1,0.832164452428393,217
Gout,22,66,MELD_lambda0_equal,0.1,0.834898622963067,217
Gout,22,66,MELD_lambda1_afproj,0.1,0.834053599886891,217
Gout,22,66,EUR,0.1,0.82367976611028,217
Gout,22,66,EAS,0.1,0.82022340556217,217
Gout,22,66,AFR,0.1,0.692294687620723,217
Gout,22,66,CSA,0.1,0.835108090266257,217
Gout,22,66,AMR,0.1,0.822529397962061,217
Gout,22,66,MID,0.1,0.833417394882624,217
Gout,22,67,MELD_lambda0_afproj,0.001,0.771432543897323,219
Gout,22,67,MELD_lambda0_reportN,0.001,0.76926254167767,219
Gout,22,67,MELD_lambda0_equal,0.001,0.820610460360019,219
Gout,22,67,MELD_lambda1_afproj,0.001,0.770550354027853,219
Gout,22,67,EUR,0.001,0.490505089180184,219
Gout,22,67,EAS,0.001,0.587233685679377,219
Gout,22,67,AFR,0.001,0.440687257763154,219
Gout,22,67,CSA,0.001,0.626399370296604,219
Gout,22,67,AMR,0.001,0.44073723843129,219
Gout,22,67,MID,0.001,0.602749726231889,219
Gout,22,67,MELD_lambda0_afproj,0.01,0.835935530047992,219
Gout,22,67,MELD_lambda0_reportN,0.01,0.832440283702536,219
Gout,22,67,MELD_lambda0_equal,0.01,0.826710299730238,219
Gout,22,67,MELD_lambda1_afproj,0.01,0.834256473024711,219
Gout,22,67,EUR,0.01,0.712404597712641,219
Gout,22,67,EAS,0.01,0.756784728105673,219
Gout,22,67,AFR,0.01,0.470557823347278,219
Gout,22,67,CSA,0.01,0.79661145811478,219
Gout,22,67,AMR,0.01,0.698905671604123,219
Gout,22,67,MID,0.01,0.78558221143345,219
Gout,22,67,MELD_lambda0_afproj,0.1,0.840370996459687,219
Gout,22,67,MELD_lambda0_reportN,0.1,0.836815401512574,219
Gout,22,67,MELD_lambda0_equal,0.1,0.837638912871077,219
Gout,22,67,MELD_lambda1_afproj,0.1,0.837135726761443,219
Gout,22,67,EUR,0.1,0.752638187531973,219
Gout,22,67,EAS,0.1,0.804244591124021,219
Gout,22,67,AFR,0.1,0.473153015855117,219
Gout,22,67,CSA,0.1,0.805364381247823,219
Gout,22,67,AMR,0.1,0.77178737876912,219
Gout,22,67,MID,0.1,0.820230537510197,219
Gout,22,68,MELD_lambda0_afproj,0.001,0.820562649329994,153
Gout,22,68,MELD_lambda0_reportN,0.001,0.826157521829051,153
Gout,22,68,MELD_lambda0_equal,0.001,0.829269722840832,153
Gout,22,68,MELD_lambda1_afproj,0.001,0.815322398899814,153
Gout,22,68,EUR,0.001,0.515708892237023,153
Gout,22,68,EAS,0.001,0.7650505646416,153
Gout,22,68,AFR,0.001,0.65652352760307,153
Gout,22,68,CSA,0.001,0.824395681242318,153
Gout,22,68,AMR,0.001,0.816933793258227,153
Gout,22,68,MID,0.001,0.743317158435519,153
Gout,22,68,MELD_lambda0_afproj,0.01,0.848615576905404,153
Gout,22,68,MELD_lambda0_reportN,0.01,0.846335344486282,153
Gout,22,68,MELD_lambda0_equal,0.01,0.829698937431438,153
Gout,22,68,MELD_lambda1_afproj,0.01,0.840856051287394,153
Gout,22,68,EUR,0.01,0.80617059963228,153
Gout,22,68,EAS,0.01,0.813620378704909,153
Gout,22,68,AFR,0.01,0.65404667326341,153
Gout,22,68,CSA,0.01,0.818917629523028,153
Gout,22,68,AMR,0.01,0.848891222704894,153
Gout,22,68,MID,0.01,0.744163236578854,153
Gout,22,68,MELD_lambda0_afproj,0.1,0.853211167844743,153
Gout,22,68,MELD_lambda0_reportN,0.1,0.852238837989555,153
Gout,22,68,MELD_lambda0_equal,0.1,0.828341322447914,153
Gout,22,68,MELD_lambda1_afproj,0.1,0.84773223997847,153
Gout,22,68,EUR,0.1,0.834529808032208,153
Gout,22,68,EAS,0.1,0.789606037281167,153
Gout,22,68,AFR,0.1,0.648155365536562,153
Gout,22,68,CSA,0.1,0.807618924761889,153
Gout,22,68,AMR,0.1,0.858692096981427,153
Gout,22,68,MID,0.1,0.743826059456043,153
Gout,22,69,MELD_lambda0_afproj,0.001,0.964738045583336,30
Gout,22,69,MELD_lambda0_reportN,0.001,0.963118015534195,30
Gout,22,69,MELD_lambda0_equal,0.001,0.968324207260545,30
Gout,22,69,MELD_lambda1_afproj,0.001,0.969069439247102,30
Gout,22,69,EUR,0.001,0.937224036331464,30
Gout,22,69,EAS,0.001,0.982438000044971,30
Gout,22,69,AFR,0.001,0.874944582103708,30
Gout,22,69,CSA,0.001,0.969639296345781,30
Gout,22,69,AMR,0.001,0.928493100234445,30
Gout,22,69,MID,0.001,0.958926928098712,30
Gout,22,69,MELD_lambda0_afproj,0.01,0.964356792874994,30
Gout,22,69,MELD_lambda0_reportN,0.01,0.962653845814328,30
Gout,22,69,MELD_lambda0_equal,0.01,0.97049691927988,30
Gout,22,69,MELD_lambda1_afproj,0.01,0.968154749053512,30
Gout,22,69,EUR,0.01,0.951399957768973,30
Gout,22,69,EAS,0.01,0.986477443770857,30
Gout,22,69,AFR,0.01,0.87834323260769,30
Gout,22,69,CSA,0.01,0.971879806779999,30
Gout,22,69,AMR,0.01,0.935885865883044,30
Gout,22,69,MID,0.01,0.961467767869508,30
Gout,22,69,MELD_lambda0_afproj,0.1,0.968396222141378,30
Gout,22,69,MELD_lambda0_reportN,0.1,0.967292425452732,30
Gout,22,69,MELD_lambda0_equal,0.1,0.977882792216558,30
Gout,22,69,MELD_lambda1_afproj,0.1,0.971473536597477,30
Gout,22,69,EUR,0.1,0.946518831194055,30
Gout,22,69,EAS,0.1,0.987672295622231,30
Gout,22,69,AFR,0.1,0.903885370434818,30
Gout,22,69,CSA,0.1,0.979393501424546,30
Gout,22,69,AMR,0.1,0.953247937156232,30
Gout,22,69,MID,0.1,0.969608609146382,30
Gout,22,70,MELD_lambda0_afproj,0.001,0.845871806879087,194
Gout,22,70,MELD_lambda0_reportN,0.001,0.847129596487781,194
Gout,22,70,MELD_lambda0_equal,0.001,0.870452494681187,194
Gout,22,70,MELD_lambda1_afproj,0.001,0.840824055887335,194
Gout,22,70,EUR,0.001,0.643700287279929,194
Gout,22,70,EAS,0.001,0.814131572697086,194
Gout,22,70,AFR,0.001,0.591726061442631,194
Gout,22,70,CSA,0.001,0.594363206794849,194
Gout,22,70,AMR,0.001,0.648995941580014,194
Gout,22,70,MID,0.001,0.709705760824208,194
Gout,22,70,MELD_lambda0_afproj,0.01,0.866010134517434,194
Gout,22,70,MELD_lambda0_reportN,0.01,0.865514273691948,194
Gout,22,70,MELD_lambda0_equal,0.01,0.87091709703822,194
Gout,22,70,MELD_lambda1_afproj,0.01,0.863820794798652,194
Gout,22,70,EUR,0.01,0.816835707253354,194
Gout,22,70,EAS,0.01,0.847655694626464,194
Gout,22,70,AFR,0.01,0.663327579127093,194
Gout,22,70,CSA,0.01,0.774066821710646,194
Gout,22,70,AMR,0.01,0.798962305851118,194
Gout,22,70,MID,0.01,0.838629606767565,194
Gout,22,70,MELD_lambda0_afproj,0.1,0.868467641203207,194
Gout,22,70,MELD_lambda0_reportN,0.1,0.868330546379249,194
Gout,22,70,MELD_lambda0_equal,0.1,0.864347062358449,194
Gout,22,70,MELD_lambda1_afproj,0.1,0.866300619319035,194
Gout,22,70,EUR,0.1,0.83238394027116,194
Gout,22,70,EAS,0.1,0.852340212925596,194
Gout,22,70,AFR,0.1,0.667347935423681,194
Gout,22,70,CSA,0.1,0.819244103379981,194
Gout,22,70,AMR,0.1,0.806546312293683,194
Gout,22,70,MID,0.1,0.840200902786719,194
Gout,22,71,MELD_lambda0_afproj,0.001,0.883988767814509,166
Gout,22,71,MELD_lambda0_reportN,0.001,0.884857843461899,166
Gout,22,71,MELD_lambda0_equal,0.001,0.867885478830405,166
Gout,22,71,MELD_lambda1_afproj,0.001,0.868763015847351,166
Gout,22,71,EUR,0.001,0.755587940207076,166
Gout,22,71,EAS,0.001,0.538328147482636,166
Gout,22,71,AFR,0.001,0.717367775734751,166
Gout,22,71,CSA,0.001,0.792422703121202,166
Gout,22,71,AMR,0.001,0.771476112919639,166
Gout,22,71,MID,0.001,0.819257791809658,166
Gout,22,71,MELD_lambda0_afproj,0.01,0.887969558380193,166
Gout,22,71,MELD_lambda0_reportN,0.01,0.888891167855688,166
Gout,22,71,MELD_lambda0_equal,0.01,0.867622262563601,166
Gout,22,71,MELD_lambda1_afproj,0.01,0.877512370933398,166
Gout,22,71,EUR,0.01,0.877362891886709,166
Gout,22,71,EAS,0.01,0.756378979166739,166
Gout,22,71,AFR,0.01,0.727744181229071,166
Gout,22,71,CSA,0.01,0.796396974041619,166
Gout,22,71,AMR,0.01,0.832741919882506,166
Gout,22,71,MID,0.01,0.837641313099425,166
Gout,22,71,MELD_lambda0_afproj,0.1,0.879850802976665,166
Gout,22,71,MELD_lambda0_reportN,0.1,0.881011953205633,166
Gout,22,71,MELD_lambda0_equal,0.1,0.860966926677908,166
Gout,22,71,MELD_lambda1_afproj,0.1,0.872281963517782,166
Gout,22,71,EUR,0.1,0.864866954686435,166
Gout,22,71,EAS,0.1,0.775772898585412,166
Gout,22,71,AFR,0.1,0.711314927410487,166
Gout,22,71,CSA,0.1,0.797614549750512,166
Gout,22,71,AMR,0.1,0.837617033009903,166
Gout,22,71,MID,0.1,0.835767421184854,166
Gout,22,72,MELD_lambda0_afproj,0.001,0.910258686578703,63
Gout,22,72,MELD_lambda0_reportN,0.001,0.908915563328385,63
Gout,22,72,MELD_lambda0_equal,0.001,0.881686536781153,63
Gout,22,72,MELD_lambda1_afproj,0.001,0.904499438024463,63
Gout,22,72,EUR,0.001,0.874445923612352,63
Gout,22,72,EAS,0.001,0.875865448311068,63
Gout,22,72,AFR,0.001,0.674015684731837,63
Gout,22,72,CSA,0.001,0.883141294952823,63
Gout,22,72,AMR,0.001,0.894142984741517,63
Gout,22,72,MID,0.001,0.857495073707966,63
Gout,22,72,MELD_lambda0_afproj,0.01,0.91081502680608,63
Gout,22,72,MELD_lambda0_reportN,0.01,0.90946331770293,63
Gout,22,72,MELD_lambda0_equal,0.01,0.881594617734184,63
Gout,22,72,MELD_lambda1_afproj,0.01,0.906544711551698,63
Gout,22,72,EUR,0.01,0.884052493554741,63
Gout,22,72,EAS,0.01,0.882822066121971,63
Gout,22,72,AFR,0.01,0.675352341654979,63
Gout,22,72,CSA,0.01,0.883063351088222,63
Gout,22,72,AMR,0.01,0.896129534455102,63
Gout,22,72,MID,0.01,0.854278978551473,63
Gout,22,72,MELD_lambda0_afproj,0.1,0.909032962941213,63
Gout,22,72,MELD_lambda0_reportN,0.1,0.908126866948309,63
Gout,22,72,MELD_lambda0_equal,0.1,0.882961460479017,63
Gout,22,72,MELD_lambda1_afproj,0.1,0.909776524071294,63
Gout,22,72,EUR,0.1,0.897766828180935,63
Gout,22,72,EAS,0.1,0.879948978933496,63
Gout,22,72,AFR,0.1,0.669621246626084,63
Gout,22,72,CSA,0.1,0.883916917064916,63
Gout,22,72,AMR,0.1,0.903575905075337,63
Gout,22,72,MID,0.1,0.856401655005588,63
Gout,22,74,MELD_lambda0_afproj,0.001,0.647643462955201,381
Gout,22,74,MELD_lambda0_reportN,0.001,0.639941960967855,381
Gout,22,74,MELD_lambda0_equal,0.001,0.835057038592754,381
Gout,22,74,MELD_lambda1_afproj,0.001,0.653295350514385,381
Gout,22,74,EUR,0.001,0.425700495025526,381
Gout,22,74,EAS,0.001,0.433076413980696,381
Gout,22,74,AFR,0.001,0.435068453635701,381
Gout,22,74,CSA,0.001,0.4346944158575,381
Gout,22,74,AMR,0.001,0.521218380748841,381
Gout,22,74,MID,0.001,0.44121210324532,381
Gout,22,74,MELD_lambda0_afproj,0.01,0.862788566241482,381
Gout,22,74,MELD_lambda0_reportN,0.01,0.859913156863135,381
Gout,22,74,MELD_lambda0_equal,0.01,0.873097395664151,381
Gout,22,74,MELD_lambda1_afproj,0.01,0.861375555704464,381
Gout,22,74,EUR,0.01,0.75802952849615,381
Gout,22,74,EAS,0.01,0.832635288853976,381
Gout,22,74,AFR,0.01,0.694000738189958,381
Gout,22,74,CSA,0.01,0.753953342596938,381
Gout,22,74,AMR,0.01,0.813350205829042,381
Gout,22,74,MID,0.01,0.775521555638261,381
Gout,22,74,MELD_lambda0_afproj,0.1,0.872196002208911,381
Gout,22,74,MELD_lambda0_reportN,0.1,0.871953393470276,381
Gout,22,74,MELD_lambda0_equal,0.1,0.867025073249193,381
Gout,22,74,MELD_lambda1_afproj,0.1,0.866118697803259,381
Gout,22,74,EUR,0.1,0.823694030970867,381
Gout,22,74,EAS,0.1,0.86459727513031,381
Gout,22,74,AFR,0.1,0.725996612643738,381
Gout,22,74,CSA,0.1,0.800457683055608,381
Gout,22,74,AMR,0.1,0.845335764291257,381
Gout,22,74,MID,0.1,0.817881009485911,381
HF,22,1,MELD_lambda0_afproj,0.001,0.894462331243462,66
HF,22,1,MELD_lambda0_reportN,0.001,0.893704676576847,66
HF,22,1,MELD_lambda0_equal,0.001,0.876351273519362,66
HF,22,1,MELD_lambda1_afproj,0.001,0.893126180773112,66
HF,22,1,EUR,0.001,0.870666989234693,66
HF,22,1,EAS,0.001,0.843693977049484,66
HF,22,1,AFR,0.001,0.704495206245421,66
HF,22,1,CSA,0.001,0.908545700091934,66
HF,22,1,AMR,0.001,0.865614691838643,66
HF,22,1,MID,0.001,0.879721646073055,66
HF,22,1,MELD_lambda0_afproj,0.01,0.892710925537317,66
HF,22,1,MELD_lambda0_reportN,0.01,0.891606322541913,66
HF,22,1,MELD_lambda0_equal,0.01,0.874325857795443,66
HF,22,1,MELD_lambda1_afproj,0.01,0.890712334590574,66
HF,22,1,EUR,0.01,0.89336981947202,66
HF,22,1,EAS,0.01,0.846612089529315,66
HF,22,1,AFR,0.01,0.706881807832144,66
HF,22,1,CSA,0.01,0.901070253395311,66
HF,22,1,AMR,0.01,0.859239178195487,66
HF,22,1,MID,0.01,0.880393778247723,66
HF,22,1,MELD_lambda0_afproj,0.1,0.871327593696605,66
HF,22,1,MELD_lambda0_reportN,0.1,0.870378880673264,66
HF,22,1,MELD_lambda0_equal,0.1,0.853826011343834,66
HF,22,1,MELD_lambda1_afproj,0.1,0.865960296495468,66
HF,22,1,EUR,0.1,0.863162511637849,66
HF,22,1,EAS,0.1,0.832924290319171,66
HF,22,1,AFR,0.1,0.708751016119222,66
HF,22,1,CSA,0.1,0.859010724811841,66
HF,22,1,AMR,0.1,0.82687065689529,66
HF,22,1,MID,0.1,0.86292804696924,66
HF,22,2,MELD_lambda0_afproj,0.001,0.756310402153557,39
HF,22,2,MELD_lambda0_reportN,0.001,0.746422934934389,39
HF,22,2,MELD_lambda0_equal,0.001,0.713157018318851,39
HF,22,2,MELD_lambda1_afproj,0.001,0.725397692119852,39
HF,22,2,EUR,0.001,0.786055775949107,39
HF,22,2,EAS,0.001,0.684177514705024,39
HF,22,2,AFR,0.001,0.728976037299989,39
HF,22,2,CSA,0.001,0.851746579247968,39
HF,22,2,AMR,0.001,0.673607159595911,39
HF,22,2,MID,0.001,0.602040866115178,39
HF,22,2,MELD_lambda0_afproj,0.01,0.780360001302231,39
HF,22,2,MELD_lambda0_reportN,0.01,0.76558287451429,39
HF,22,2,MELD_lambda0_equal,0.01,0.718788073141606,39
HF,22,2,MELD_lambda1_afproj,0.01,0.746193806421309,39
HF,22,2,EUR,0.01,0.805675346204961,39
HF,22,2,EAS,0.01,0.709686494699263,39
HF,22,2,AFR,0.01,0.729500745752066,39
HF,22,2,CSA,0.01,0.828176614888676,39
HF,22,2,AMR,0.01,0.684034187994152,39
HF,22,2,MID,0.01,0.607018275868888,39
HF,22,2,MELD_lambda0_afproj,0.1,0.781470175169594,39
HF,22,2,MELD_lambda0_reportN,0.1,0.772214003409718,39
HF,22,2,MELD_lambda0_equal,0.1,0.736847216232645,39
HF,22,2,MELD_lambda1_afproj,0.1,0.774504600494562,39
HF,22,2,EUR,0.1,0.751110085934577,39
HF,22,2,EAS,0.1,0.567351042913931,39
HF,22,2,AFR,0.1,0.713416868080365,39
HF,22,2,CSA,0.1,0.714625714261198,39
HF,22,2,AMR,0.1,0.720536444308674,39
HF,22,2,MID,0.1,0.638693153401827,39
HF,22,4,MELD_lambda0_afproj,0.001,0.76091089197229,160
HF,22,4,MELD_lambda0_reportN,0.001,0.755979636531394,160
HF,22,4,MELD_lambda0_equal,0.001,0.703911722538531,160
HF,22,4,MELD_lambda1_afproj,0.001,0.761535895759309,160
HF,22,4,EUR,0.001,0.61312464081566,160
HF,22,4,EAS,0.001,0.339238848268311,160
HF,22,4,AFR,0.001,0.550571045679383,160
HF,22,4,CSA,0.001,0.51739548279699,160
HF,22,4,AMR,0.001,0.584102202079189,160
HF,22,4,MID,0.001,0.639402295147828,160
HF,22,4,MELD_lambda0_afproj,0.01,0.733654512704562,160
HF,22,4,MELD_lambda0_reportN,0.01,0.734002273726595,160
HF,22,4,MELD_lambda0_equal,0.01,0.708156906573621,160
HF,22,4,MELD_lambda1_afproj,0.01,0.736066976813708,160
HF,22,4,EUR,0.01,0.713948135967785,160
HF,22,4,EAS,0.01,0.706769716529624,160
HF,22,4,AFR,0.01,0.549679953732653,160
HF,22,4,CSA,0.01,0.69754862703677,160
HF,22,4,AMR,0.01,0.687868045109791,160
HF,22,4,MID,0.01,0.692131081963281,160
HF,22,4,MELD_lambda0_afproj,0.1,0.711221547717227,160
HF,22,4,MELD_lambda0_reportN,0.1,0.711498135624241,160
HF,22,4,MELD_lambda0_equal,0.1,0.701326689430907,160
HF,22,4,MELD_lambda1_afproj,0.1,0.714328778757523,160
HF,22,4,EUR,0.1,0.699936314835582,160
HF,22,4,EAS,0.1,0.711017400685362,160
HF,22,4,AFR,0.1,0.549821059140049,160
HF,22,4,CSA,0.1,0.70589211332208,160
HF,22,4,AMR,0.1,0.686716018488695,160
HF,22,4,MID,0.1,0.695999045560557,160
HF,22,5,MELD_lambda0_afproj,0.001,0.946038355795513,86
HF,22,5,MELD_lambda0_reportN,0.001,0.945517817075079,86
HF,22,5,MELD_lambda0_equal,0.001,0.905930242979204,86
HF,22,5,MELD_lambda1_afproj,0.001,0.950942301677119,86
HF,22,5,EUR,0.001,0.891301389812893,86
HF,22,5,EAS,0.001,0.749181270285793,86
HF,22,5,AFR,0.001,0.855971219157664,86
HF,22,5,CSA,0.001,0.862208864934195,86
HF,22,5,AMR,0.001,0.93697617918467,86
HF,22,5,MID,0.001,0.944013606929128,86
HF,22,5,MELD_lambda0_afproj,0.01,0.949410771061747,86
HF,22,5,MELD_lambda0_reportN,0.01,0.950076343792539,86
HF,22,5,MELD_lambda0_equal,0.01,0.907445275241956,86
HF,22,5,MELD_lambda1_afproj,0.01,0.951724457145886,86
HF,22,5,EUR,0.01,0.965940872250007,86
HF,22,5,EAS,0.01,0.923766848504138,86
HF,22,5,AFR,0.01,0.873676836787445,86
HF,22,5,CSA,0.01,0.880912889385434,86
HF,22,5,AMR,0.01,0.941584379849312,86
HF,22,5,MID,0.01,0.942939116786235,86
HF,22,5,MELD_lambda0_afproj,0.1,0.944363476289616,86
HF,22,5,MELD_lambda0_reportN,0.1,0.945384891779992,86
HF,22,5,MELD_lambda0_equal,0.1,0.909775236413935,86
HF,22,5,MELD_lambda1_afproj,0.1,0.946231292002452,86
HF,22,5,EUR,0.1,0.951366647199174,86
HF,22,5,EAS,0.1,0.922669397152387,86
HF,22,5,AFR,0.1,0.892941403291394,86
HF,22,5,CSA,0.1,0.85431432169181,86
HF,22,5,AMR,0.1,0.928803728106043,86
HF,22,5,MID,0.1,0.940353236937331,86
HF,22,7,MELD_lambda0_afproj,0.001,0.898038512872449,278
HF,22,7,MELD_lambda0_reportN,0.001,0.895234046673319,278
HF,22,7,MELD_lambda0_equal,0.001,0.900497177273432,278
HF,22,7,MELD_lambda1_afproj,0.001,0.906422853067827,278
HF,22,7,EUR,0.001,0.801405978933413,278
HF,22,7,EAS,0.001,0.610986719689865,278
HF,22,7,AFR,0.001,0.540350311794431,278
HF,22,7,CSA,0.001,0.633858040044592,278
HF,22,7,AMR,0.001,0.629849888583522,278
HF,22,7,MID,0.001,0.767112666852783,278
HF,22,7,MELD_lambda0_afproj,0.01,0.956995688714208,278
HF,22,7,MELD_lambda0_reportN,0.01,0.957230370703725,278
HF,22,7,MELD_lambda0_equal,0.01,0.940927682254562,278
HF,22,7,MELD_lambda1_afproj,0.01,0.957841971047099,278
HF,22,7,EUR,0.01,0.944003919668984,278
HF,22,7,EAS,0.01,0.859972724989483,278
HF,22,7,AFR,0.01,0.756267050249864,278
HF,22,7,CSA,0.01,0.881265491112796,278
HF,22,7,AMR,0.01,0.873430919238009,278
HF,22,7,MID,0.01,0.91105172359609,278
HF,22,7,MELD_lambda0_afproj,0.1,0.954762268825782,278
HF,22,7,MELD_lambda0_reportN,0.1,0.955254990702608,278
HF,22,7,MELD_lambda0_equal,0.1,0.936886605720667,278
HF,22,7,MELD_lambda1_afproj,0.1,0.954338805334372,278
HF,22,7,EUR,0.1,0.942064771489449,278
HF,22,7,EAS,0.1,0.886741134713467,278
HF,22,7,AFR,0.1,0.787279304845443,278
HF,22,7,CSA,0.1,0.912184132280312,278
HF,22,7,AMR,0.1,0.925431580747682,278
HF,22,7,MID,0.1,0.915861968859049,278
HF,22,8,MELD_lambda0_afproj,0.001,0.659409944049299,86
HF,22,8,MELD_lambda0_reportN,0.001,0.665880959625963,86
HF,22,8,MELD_lambda0_equal,0.001,0.683661632620357,86
HF,22,8,MELD_lambda1_afproj,0.001,0.656534593230144,86
HF,22,8,EUR,0.001,0.649618124033443,86
HF,22,8,EAS,0.001,0.514655206854488,86
HF,22,8,AFR,0.001,0.537571397886303,86
HF,22,8,CSA,0.001,0.552111272453224,86
HF,22,8,AMR,0.001,0.501339029815037,86
HF,22,8,MID,0.001,0.690211675469541,86
HF,22,8,MELD_lambda0_afproj,0.01,0.659610384468748,86
HF,22,8,MELD_lambda0_reportN,0.01,0.662779515789515,86
HF,22,8,MELD_lambda0_equal,0.01,0.684164529181395,86
HF,22,8,MELD_lambda1_afproj,0.01,0.660627486881867,86
HF,22,8,EUR,0.01,0.634440801937756,86
HF,22,8,EAS,0.01,0.625352523889492,86
HF,22,8,AFR,0.01,0.542161488863897,86
HF,22,8,CSA,0.01,0.647421348224391,86
HF,22,8,AMR,0.01,0.593615376492487,86
HF,22,8,MID,0.01,0.685841989457543,86
HF,22,8,MELD_lambda0_afproj,0.1,0.670793072126471,86
HF,22,8,MELD_lambda0_reportN,0.1,0.672560514108825,86
HF,22,8,MELD_lambda0_equal,0.1,0.680935468391142,86
HF,22,8,MELD_lambda1_afproj,0.1,0.670013102407339,86
HF,22,8,EUR,0.1,0.645689301294271,86
HF,22,8,EAS,0.1,0.682862025681107,86
HF,22,8,AFR,0.1,0.553540839708189,86
HF,22,8,CSA,0.1,0.653334374517278,86
HF,22,8,AMR,0.1,0.617717970599738,86
HF,22,8,MID,0.1,0.666233841360543,86
HF,22,10,MELD_lambda0_afproj,0.001,0.835932274018787,192
HF,22,10,MELD_lambda0_reportN,0.001,0.836145516591659,192
HF,22,10,MELD_lambda0_equal,0.001,0.89698133270943,192
HF,22,10,MELD_lambda1_afproj,0.001,0.864498379058838,192
HF,22,10,EUR,0.001,0.66531799857609,192
HF,22,10,EAS,0.001,0.569075749793767,192
HF,22,10,AFR,0.001,0.543137144741859,192
HF,22,10,CSA,0.001,0.663440676996426,192
HF,22,10,AMR,0.001,0.712978490909164,192
HF,22,10,MID,0.001,0.726168001199973,192
HF,22,10,MELD_lambda0_afproj,0.01,0.923324249127995,192
HF,22,10,MELD_lambda0_reportN,0.01,0.920716708956191,192
HF,22,10,MELD_lambda0_equal,0.01,0.901427841641724,192
HF,22,10,MELD_lambda1_afproj,0.01,0.919900670343187,192
HF,22,10,EUR,0.01,0.851884222707179,192
HF,22,10,EAS,0.01,0.876210279151323,192
HF,22,10,AFR,0.01,0.709889205261666,192
HF,22,10,CSA,0.01,0.878234570682985,192
HF,22,10,AMR,0.01,0.830596844736948,192
HF,22,10,MID,0.01,0.862152944679244,192
HF,22,10,MELD_lambda0_afproj,0.1,0.904289177559788,192
HF,22,10,MELD_lambda0_reportN,0.1,0.902412561759234,192
HF,22,10,MELD_lambda0_equal,0.1,0.894791138871461,192
HF,22,10,MELD_lambda1_afproj,0.1,0.904779692921353,192
HF,22,10,EUR,0.1,0.839482201473933,192
HF,22,10,EAS,0.1,0.891980015856351,192
HF,22,10,AFR,0.1,0.719402458245971,192
HF,22,10,CSA,0.1,0.892744790838195,192
HF,22,10,AMR,0.1,0.860964144085183,192
HF,22,10,MID,0.1,0.862903158687359,192
HF,22,11,MELD_lambda0_afproj,0.001,0.859139367859445,123
HF,22,11,MELD_lambda0_reportN,0.001,0.855666070993215,123
HF,22,11,MELD_lambda0_equal,0.001,0.901810349983733,123
HF,22,11,MELD_lambda1_afproj,0.001,0.862029042926551,123
HF,22,11,EUR,0.001,0.793434320546977,123
HF,22,11,EAS,0.001,0.888058170771421,123
HF,22,11,AFR,0.001,0.609821615050868,123
HF,22,11,CSA,0.001,0.835067834185709,123
HF,22,11,AMR,0.001,0.833361702431431,123
HF,22,11,MID,0.001,0.690191828122631,123
HF,22,11,MELD_lambda0_afproj,0.01,0.927422788627034,123
HF,22,11,MELD_lambda0_reportN,0.01,0.928342634456761,123
HF,22,11,MELD_lambda0_equal,0.01,0.918025619253388,123
HF,22,11,MELD_lambda1_afproj,0.01,0.926453530696494,123
HF,22,11,EUR,0.01,0.919716053114522,123
HF,22,11,EAS,0.01,0.9072398879994,123
HF,22,11,AFR,0.01,0.769486340330911,123
HF,22,11,CSA,0.01,0.937131018115929,123
HF,22,11,AMR,0.01,0.932629127370709,123
HF,22,11,MID,0.01,0.895151629759733,123
HF,22,11,MELD_lambda0_afproj,0.1,0.9112668941951,123
HF,22,11,MELD_lambda0_reportN,0.1,0.911157057851121,123
HF,22,11,MELD_lambda0_equal,0.1,0.905130216972057,123
HF,22,11,MELD_lambda1_afproj,0.1,0.910600140006389,123
HF,22,11,EUR,0.1,0.90294798338127,123
HF,22,11,EAS,0.1,0.883843366918702,123
HF,22,11,AFR,0.1,0.790544336031069,123
HF,22,11,CSA,0.1,0.911851190149852,123
HF,22,11,AMR,0.1,0.915477590047087,123
HF,22,11,MID,0.1,0.889718046007112,123
HF,22,12,MELD_lambda0_afproj,0.001,0.913308708786478,48
HF,22,12,MELD_lambda0_reportN,0.001,0.910851904138821,48
HF,22,12,MELD_lambda0_equal,0.001,0.871489108027616,48
HF,22,12,MELD_lambda1_afproj,0.001,0.902702062504004,48
HF,22,12,EUR,0.001,0.904764101985361,48
HF,22,12,EAS,0.001,0.879289744168954,48
HF,22,12,AFR,0.001,0.658940991933719,48
HF,22,12,CSA,0.001,0.723879075888443,48
HF,22,12,AMR,0.001,0.860112647766346,48
HF,22,12,MID,0.001,0.882609684306764,48
HF,22,12,MELD_lambda0_afproj,0.01,0.901939117096841,48
HF,22,12,MELD_lambda0_reportN,0.01,0.89997193596468,48
HF,22,12,MELD_lambda0_equal,0.01,0.867183680839883,48
HF,22,12,MELD_lambda1_afproj,0.01,0.889710197048287,48
HF,22,12,EUR,0.01,0.897251060723202,48
HF,22,12,EAS,0.01,0.894327877299431,48
HF,22,12,AFR,0.01,0.691949018591768,48
HF,22,12,CSA,0.01,0.829907792088327,48
HF,22,12,AMR,0.01,0.854156729770813,48
HF,22,12,MID,0.01,0.870496894323583,48
HF,22,12,MELD_lambda0_afproj,0.1,0.879419245118886,48
HF,22,12,MELD_lambda0_reportN,0.1,0.878285016349108,48
HF,22,12,MELD_lambda0_equal,0.1,0.858133868671033,48
HF,22,12,MELD_lambda1_afproj,0.1,0.881653516986251,48
HF,22,12,EUR,0.1,0.876794616782932,48
HF,22,12,EAS,0.1,0.89484300538073,48
HF,22,12,AFR,0.1,0.688375013332708,48
HF,22,12,CSA,0.1,0.838779620607138,48
HF,22,12,AMR,0.1,0.844244396536737,48
HF,22,12,MID,0.1,0.863987105841205,48
HF,22,13,MELD_lambda0_afproj,0.001,0.899593557660731,91
HF,22,13,MELD_lambda0_reportN,0.001,0.893782470340849,91
HF,22,13,MELD_lambda0_equal,0.001,0.960414765423522,91
HF,22,13,MELD_lambda1_afproj,0.001,0.906998911647586,91
HF,22,13,EUR,0.001,0.847944830945453,91
HF,22,13,EAS,0.001,0.753599643879079,91
HF,22,13,AFR,0.001,0.868167252440619,91
HF,22,13,CSA,0.001,0.785710323757344,91
HF,22,13,AMR,0.001,0.901770146747328,91
HF,22,13,MID,0.001,0.796144767774862,91
HF,22,13,MELD_lambda0_afproj,0.01,0.970686614326512,91
HF,22,13,MELD_lambda0_reportN,0.01,0.970009582630408,91
HF,22,13,MELD_lambda0_equal,0.01,0.971934370387242,91
HF,22,13,MELD_lambda1_afproj,0.01,0.970838184970698,91
HF,22,13,EUR,0.01,0.932882390025838,91
HF,22,13,EAS,0.01,0.942582170356686,91
HF,22,13,AFR,0.01,0.915520143160688,91
HF,22,13,CSA,0.01,0.945942976910289,91
HF,22,13,AMR,0.01,0.95845675547891,91
HF,22,13,MID,0.01,0.93908591151281,91
HF,22,13,MELD_lambda0_afproj,0.1,0.968067416091953,91
HF,22,13,MELD_lambda0_reportN,0.1,0.968651608943937,91
HF,22,13,MELD_lambda0_equal,0.1,0.965812145871065,91
HF,22,13,MELD_lambda1_afproj,0.1,0.967116781783986,91
HF,22,13,EUR,0.1,0.939999464195662,91
HF,22,13,EAS,0.1,0.959511829887042,91
HF,22,13,AFR,0.1,0.913170851039986,91
HF,22,13,CSA,0.1,0.957073562237928,91
HF,22,13,AMR,0.1,0.953433824924747,91
HF,22,13,MID,0.1,0.946830993664213,91
HF,22,14,MELD_lambda0_afproj,0.001,0.717529368392285,58
HF,22,14,MELD_lambda0_reportN,0.001,0.717592879788367,58
HF,22,14,MELD_lambda0_equal,0.001,0.711209063040167,58
HF,22,14,MELD_lambda1_afproj,0.001,0.703311311309219,58
HF,22,14,EUR,0.001,0.650647633404175,58
HF,22,14,EAS,0.001,0.612564139551132,58
HF,22,14,AFR,0.001,0.565756429871622,58
HF,22,14,CSA,0.001,0.563553075402556,58
HF,22,14,AMR,0.001,0.692972092482348,58
HF,22,14,MID,0.001,0.717733045306051,58
HF,22,14,MELD_lambda0_afproj,0.01,0.700294046226656,58
HF,22,14,MELD_lambda0_reportN,0.01,0.701946421616281,58
HF,22,14,MELD_lambda0_equal,0.01,0.707837127181958,58
HF,22,14,MELD_lambda1_afproj,0.01,0.697014273219929,58
HF,22,14,EUR,0.01,0.679739619073303,58
HF,22,14,EAS,0.01,0.701145172767239,58
HF,22,14,AFR,0.01,0.571961359236062,58
HF,22,14,CSA,0.01,0.67805517665475,58
HF,22,14,AMR,0.01,0.695039321402267,58
HF,22,14,MID,0.01,0.701133640132755,58
HF,22,14,MELD_lambda0_afproj,0.1,0.701076095338066,58
HF,22,14,MELD_lambda0_reportN,0.1,0.702478715342696,58
HF,22,14,MELD_lambda0_equal,0.1,0.700587706919663,58
HF,22,14,MELD_lambda1_afproj,0.1,0.700107587063135,58
HF,22,14,EUR,0.1,0.695189245327116,58
HF,22,14,EAS,0.1,0.717509902491622,58
HF,22,14,AFR,0.1,0.576021893345166,58
HF,22,14,CSA,0.1,0.672323710444455,58
HF,22,14,AMR,0.1,0.69771562092961,58
HF,22,14,MID,0.1,0.690039595992336,58
HF,22,16,MELD_lambda0_afproj,0.001,0.972604332697762,44
HF,22,16,MELD_lambda0_reportN,0.001,0.969980721616884,44
HF,22,16,MELD_lambda0_equal,0.001,0.965996434217975,44
HF,22,16,MELD_lambda1_afproj,0.001,0.97013854968469,44
HF,22,16,EUR,0.001,0.937008639572545,44
HF,22,16,EAS,0.001,0.931006549319286,44
HF,22,16,AFR,0.001,0.881964035431242,44
HF,22,16,CSA,0.001,0.953625978903173,44
HF,22,16,AMR,0.001,0.958391651942638,44
HF,22,16,MID,0.001,0.961026095169079,44
HF,22,16,MELD_lambda0_afproj,0.01,0.975351026088468,44
HF,22,16,MELD_lambda0_reportN,0.01,0.974513012621607,44
HF,22,16,MELD_lambda0_equal,0.01,0.966171298010772,44
HF,22,16,MELD_lambda1_afproj,0.01,0.973963625213745,44
HF,22,16,EUR,0.01,0.957806418248064,44
HF,22,16,EAS,0.01,0.941427819163751,44
HF,22,16,AFR,0.01,0.881071858354945,44
HF,22,16,CSA,0.01,0.953671475534866,44
HF,22,16,AMR,0.01,0.975288023587871,44
HF,22,16,MID,0.01,0.959440916791985,44
HF,22,16,MELD_lambda0_afproj,0.1,0.977120754220801,44
HF,22,16,MELD_lambda0_reportN,0.1,0.976216717831169,44
HF,22,16,MELD_lambda0_equal,0.1,0.963042059003453,44
HF,22,16,MELD_lambda1_afproj,0.1,0.97810877553718,44
HF,22,16,EUR,0.1,0.971047288795743,44
HF,22,16,EAS,0.1,0.948483894450969,44
HF,22,16,AFR,0.1,0.872469800834097,44
HF,22,16,CSA,0.1,0.953371877194971,44
HF,22,16,AMR,0.1,0.977361340389146,44
HF,22,16,MID,0.1,0.954695915256405,44
HF,22,17,MELD_lambda0_afproj,0.001,0.951353794165024,85
HF,22,17,MELD_lambda0_reportN,0.001,0.953915703424124,85
HF,22,17,MELD_lambda0_equal,0.001,0.90530145970165,85
HF,22,17,MELD_lambda1_afproj,0.001,0.950525778023054,85
HF,22,17,EUR,0.001,0.924904104872359,85
HF,22,17,EAS,0.001,0.847154887591324,85
HF,22,17,AFR,0.001,0.696786883506346,85
HF,22,17,CSA,0.001,0.936641515906008,85
HF,22,17,AMR,0.001,0.595688326612675,85
HF,22,17,MID,0.001,0.871198190674882,85
HF,22,17,MELD_lambda0_afproj,0.01,0.969432160285032,85
HF,22,17,MELD_lambda0_reportN,0.01,0.967607547249233,85
HF,22,17,MELD_lambda0_equal,0.01,0.917514244287909,85
HF,22,17,MELD_lambda1_afproj,0.01,0.969008504156964,85
HF,22,17,EUR,0.01,0.967467708496841,85
HF,22,17,EAS,0.01,0.892153313741737,85
HF,22,17,AFR,0.01,0.826954888386987,85
HF,22,17,CSA,0.01,0.960665124356152,85
HF,22,17,AMR,0.01,0.861812739672475,85
HF,22,17,MID,0.01,0.916672960635974,85
HF,22,17,MELD_lambda0_afproj,0.1,0.945188387152569,85
HF,22,17,MELD_lambda0_reportN,0.1,0.944765394520811,85
HF,22,17,MELD_lambda0_equal,0.1,0.912055792215842,85
HF,22,17,MELD_lambda1_afproj,0.1,0.945221119109769,85
HF,22,17,EUR,0.1,0.940298733919927,85
HF,22,17,EAS,0.1,0.86963051215743,85
HF,22,17,AFR,0.1,0.818356652142036,85
HF,22,17,CSA,0.1,0.940302701855847,85
HF,22,17,AMR,0.1,0.877362865005548,85
HF,22,17,MID,0.1,0.911228576887542,85
HF,22,19,MELD_lambda0_afproj,0.001,0.89782731998634,196
HF,22,19,MELD_lambda0_reportN,0.001,0.900756463442494,196
HF,22,19,MELD_lambda0_equal,0.001,0.950289707631451,196
HF,22,19,MELD_lambda1_afproj,0.001,0.898408919969257,196
HF,22,19,EUR,0.001,0.671239452630236,196
HF,22,19,EAS,0.001,0.664165028315723,196
HF,22,19,AFR,0.001,0.813276472181948,196
HF,22,19,CSA,0.001,0.745161521881206,196
HF,22,19,AMR,0.001,0.771640477990133,196
HF,22,19,MID,0.001,0.799403223067835,196
HF,22,19,MELD_lambda0_afproj,0.01,0.951534174470731,196
HF,22,19,MELD_lambda0_reportN,0.01,0.95158648357796,196
HF,22,19,MELD_lambda0_equal,0.01,0.951180972114653,196
HF,22,19,MELD_lambda1_afproj,0.01,0.949977127962946,196
HF,22,19,EUR,0.01,0.907722464295708,196
HF,22,19,EAS,0.01,0.895273467235888,196
HF,22,19,AFR,0.01,0.850102593432729,196
HF,22,19,CSA,0.01,0.900586538808712,196
HF,22,19,AMR,0.01,0.943232204003017,196
HF,22,19,MID,0.01,0.907469449781576,196
HF,22,19,MELD_lambda0_afproj,0.1,0.951957087690438,196
HF,22,19,MELD_lambda0_reportN,0.1,0.95240561724134,196
HF,22,19,MELD_lambda0_equal,0.1,0.946136006080146,196
HF,22,19,MELD_lambda1_afproj,0.1,0.95195299400216,196
HF,22,19,EUR,0.1,0.929049608639239,196
HF,22,19,EAS,0.1,0.914256544016384,196
HF,22,19,AFR,0.1,0.853332266430707,196
HF,22,19,CSA,0.1,0.912215393217991,196
HF,22,19,AMR,0.1,0.951746543440375,196
HF,22,19,MID,0.1,0.917710368923569,196
HF,22,20,MELD_lambda0_afproj,0.001,0.948209260479362,94
HF,22,20,MELD_lambda0_reportN,0.001,0.943861162966143,94
HF,22,20,MELD_lambda0_equal,0.001,0.957456237711285,94
HF,22,20,MELD_lambda1_afproj,0.001,0.949234890968673,94
HF,22,20,EUR,0.001,0.631507612300717,94
HF,22,20,EAS,0.001,0.717113592705052,94
HF,22,20,AFR,0.001,0.519378937452701,94
HF,22,20,CSA,0.001,0.826909145742216,94
HF,22,20,AMR,0.001,0.858616304003692,94
HF,22,20,MID,0.001,0.95376444428134,94
HF,22,20,MELD_lambda0_afproj,0.01,0.953177553507666,94
HF,22,20,MELD_lambda0_reportN,0.01,0.952810957497007,94
HF,22,20,MELD_lambda0_equal,0.01,0.959116402575943,94
HF,22,20,MELD_lambda1_afproj,0.01,0.957172119072468,94
HF,22,20,EUR,0.01,0.903126513782354,94
HF,22,20,EAS,0.01,0.912895544323754,94
HF,22,20,AFR,0.01,0.825850048712719,94
HF,22,20,CSA,0.01,0.942147240508052,94
HF,22,20,AMR,0.01,0.930695666911065,94
HF,22,20,MID,0.01,0.977276283945418,94
HF,22,20,MELD_lambda0_afproj,0.1,0.952976545540357,94
HF,22,20,MELD_lambda0_reportN,0.1,0.954263010237886,94
HF,22,20,MELD_lambda0_equal,0.1,0.962559503984961,94
HF,22,20,MELD_lambda1_afproj,0.1,0.957115001595101,94
HF,22,20,EUR,0.1,0.92071531941802,94
HF,22,20,EAS,0.1,0.946814199844596,94
HF,22,20,AFR,0.1,0.883371970578522,94
HF,22,20,CSA,0.1,0.951156050328195,94
HF,22,20,AMR,0.1,0.908171503041079,94
HF,22,20,MID,0.1,0.964544176502526,94
HF,22,21,MELD_lambda0_afproj,0.001,0.959303349448687,51
HF,22,21,MELD_lambda0_reportN,0.001,0.959236235076176,51
HF,22,21,MELD_lambda0_equal,0.001,0.950957658584267,51
HF,22,21,MELD_lambda1_afproj,0.001,0.962830834012973,51
HF,22,21,EUR,0.001,0.952174619095507,51
HF,22,21,EAS,0.001,0.732112717249683,51
HF,22,21,AFR,0.001,0.88988021819445,51
HF,22,21,CSA,0.001,0.943389915799819,51
HF,22,21,AMR,0.001,0.929078338959532,51
HF,22,21,MID,0.001,0.945779780878952,51
HF,22,21,MELD_lambda0_afproj,0.01,0.956519898090341,51
HF,22,21,MELD_lambda0_reportN,0.01,0.956622286375256,51
HF,22,21,MELD_lambda0_equal,0.01,0.951100816149399,51
HF,22,21,MELD_lambda1_afproj,0.01,0.961377774084067,51
HF,22,21,EUR,0.01,0.949068817458726,51
HF,22,21,EAS,0.01,0.866305259254005,51
HF,22,21,AFR,0.01,0.891252980759342,51
HF,22,21,CSA,0.01,0.949380912788262,51
HF,22,21,AMR,0.01,0.94764318065396,51
HF,22,21,MID,0.01,0.947661439138881,51
HF,22,21,MELD_lambda0_afproj,0.1,0.946970996902826,51
HF,22,21,MELD_lambda0_reportN,0.1,0.946375519999505,51
HF,22,21,MELD_lambda0_equal,0.1,0.946061127380606,51
HF,22,21,MELD_lambda1_afproj,0.1,0.953793270767703,51
HF,22,21,EUR,0.1,0.937021207700188,51
HF,22,21,EAS,0.1,0.877432483457293,51
HF,22,21,AFR,0.1,0.888417244980884,51
HF,22,21,CSA,0.1,0.940006868797719,51
HF,22,21,AMR,0.1,0.939396468872314,51
HF,22,21,MID,0.1,0.94882320119662,51
HF,22,22,MELD_lambda0_afproj,0.001,0.799403520544451,152
HF,22,22,MELD_lambda0_reportN,0.001,0.801340212491877,152
HF,22,22,MELD_lambda0_equal,0.001,0.820484750111743,152
HF,22,22,MELD_lambda1_afproj,0.001,0.793620729748516,152
HF,22,22,EUR,0.001,0.842155825084356,152
HF,22,22,EAS,0.001,0.646319506138241,152
HF,22,22,AFR,0.001,0.662629405926238,152
HF,22,22,CSA,0.001,0.793413393781755,152
HF,22,22,AMR,0.001,0.746533405300264,152
HF,22,22,MID,0.001,0.779594105036235,152
HF,22,22,MELD_lambda0_afproj,0.01,0.86641273193975,152
HF,22,22,MELD_lambda0_reportN,0.01,0.866126564790665,152
HF,22,22,MELD_lambda0_equal,0.01,0.842849813795217,152
HF,22,22,MELD_lambda1_afproj,0.01,0.855827018944115,152
HF,22,22,EUR,0.01,0.902802439751953,152
HF,22,22,EAS,0.01,0.717421970514149,152
HF,22,22,AFR,0.01,0.706943839932089,152
HF,22,22,CSA,0.01,0.871908956578566,152
HF,22,22,AMR,0.01,0.832659495883614,152
HF,22,22,MID,0.01,0.835193824022112,152
HF,22,22,MELD_lambda0_afproj,0.1,0.86487103733006,152
HF,22,22,MELD_lambda0_reportN,0.1,0.864652430355441,152
HF,22,22,MELD_lambda0_equal,0.1,0.85197500091424,152
HF,22,22,MELD_lambda1_afproj,0.1,0.852017832606893,152
HF,22,22,EUR,0.1,0.887471286578501,152
HF,22,22,EAS,0.1,0.746204342529554,152
HF,22,22,AFR,0.1,0.745700365353089,152
HF,22,22,CSA,0.1,0.867041520164897,152
HF,22,22,AMR,0.1,0.830484422693301,152
HF,22,22,MID,0.1,0.874736476189203,152
HF,22,23,MELD_lambda0_afproj,0.001,0.907853529158355,166
HF,22,23,MELD_lambda0_reportN,0.001,0.904800698174144,166
HF,22,23,MELD_lambda0_equal,0.001,0.916626659297785,166
HF,22,23,MELD_lambda1_afproj,0.001,0.907023289660473,166
HF,22,23,EUR,0.001,0.749683206370958,166
HF,22,23,EAS,0.001,0.771424068901342,166
HF,22,23,AFR,0.001,0.802165786944,166
HF,22,23,CSA,0.001,0.913920453433809,166
HF,22,23,AMR,0.001,0.881739347251585,166
HF,22,23,MID,0.001,0.869952031628126,166
HF,22,23,MELD_lambda0_afproj,0.01,0.910365104937249,166
HF,22,23,MELD_lambda0_reportN,0.01,0.90876945257913,166
HF,22,23,MELD_lambda0_equal,0.01,0.915437212213973,166
HF,22,23,MELD_lambda1_afproj,0.01,0.908242935102204,166
HF,22,23,EUR,0.01,0.874970102370022,166
HF,22,23,EAS,0.01,0.872605866964815,166
HF,22,23,AFR,0.01,0.812014033255889,166
HF,22,23,CSA,0.01,0.911333868713302,166
HF,22,23,AMR,0.01,0.90563055927582,166
HF,22,23,MID,0.01,0.903408066559827,166
HF,22,23,MELD_lambda0_afproj,0.1,0.906126471845097,166
HF,22,23,MELD_lambda0_reportN,0.1,0.905653273953417,166
HF,22,23,MELD_lambda0_equal,0.1,0.90816212881961,166
HF,22,23,MELD_lambda1_afproj,0.1,0.904893749553721,166
HF,22,23,EUR,0.1,0.888321848058546,166
HF,22,23,EAS,0.1,0.878540942090925,166
HF,22,23,AFR,0.1,0.80887116672166,166
HF,22,23,CSA,0.1,0.90598903874488,166
HF,22,23,AMR,0.1,0.899549092417557,166
HF,22,23,MID,0.1,0.901513623170149,166
HF,22,25,MELD_lambda0_afproj,0.001,0.929777854025456,115
HF,22,25,MELD_lambda0_reportN,0.001,0.928690942138703,115
HF,22,25,MELD_lambda0_equal,0.001,0.906600783972625,115
HF,22,25,MELD_lambda1_afproj,0.001,0.925854727534643,115
HF,22,25,EUR,0.001,0.890559053145969,115
HF,22,25,EAS,0.001,0.820989148831797,115
HF,22,25,AFR,0.001,0.847615734759194,115
HF,22,25,CSA,0.001,0.79518079361955,115
HF,22,25,AMR,0.001,0.799247550495915,115
HF,22,25,MID,0.001,0.83552095605231,115
HF,22,25,MELD_lambda0_afproj,0.01,0.922789317367185,115
HF,22,25,MELD_lambda0_reportN,0.01,0.923147693578952,115
HF,22,25,MELD_lambda0_equal,0.01,0.929727236845885,115
HF,22,25,MELD_lambda1_afproj,0.01,0.92334702804081,115
HF,22,25,EUR,0.01,0.916279804225669,115
HF,22,25,EAS,0.01,0.867943851240679,115
HF,22,25,AFR,0.01,0.846613404335144,115
HF,22,25,CSA,0.01,0.89160299499518,115
HF,22,25,AMR,0.01,0.90590262536315,115
HF,22,25,MID,0.01,0.930342500526489,115
HF,22,25,MELD_lambda0_afproj,0.1,0.918047852672037,115
HF,22,25,MELD_lambda0_reportN,0.1,0.918273046070192,115
HF,22,25,MELD_lambda0_equal,0.1,0.922359764188865,115
HF,22,25,MELD_lambda1_afproj,0.1,0.920295147380357,115
HF,22,25,EUR,0.1,0.9152779922963,115
HF,22,25,EAS,0.1,0.867868854633348,115
HF,22,25,AFR,0.1,0.837951195765947,115
HF,22,25,CSA,0.1,0.898716140165275,115
HF,22,25,AMR,0.1,0.908840520852147,115
HF,22,25,MID,0.1,0.928655697260825,115
HF,22,26,MELD_lambda0_afproj,0.001,0.815989864283568,184
HF,22,26,MELD_lambda0_reportN,0.001,0.803011528019053,184
HF,22,26,MELD_lambda0_equal,0.001,0.837807617726639,184
HF,22,26,MELD_lambda1_afproj,0.001,0.809471506164626,184
HF,22,26,EUR,0.001,0.710376224582723,184
HF,22,26,EAS,0.001,0.578007793005664,184
HF,22,26,AFR,0.001,0.414569627521085,184
HF,22,26,CSA,0.001,0.535536212354741,184
HF,22,26,AMR,0.001,0.58845839557334,184
HF,22,26,MID,0.001,0.745771465343321,184
HF,22,26,MELD_lambda0_afproj,0.01,0.858563828867569,184
HF,22,26,MELD_lambda0_reportN,0.01,0.859033375486131,184
HF,22,26,MELD_lambda0_equal,0.01,0.843309246623683,184
HF,22,26,MELD_lambda1_afproj,0.01,0.855490055877229,184
HF,22,26,EUR,0.01,0.825952815844361,184
HF,22,26,EAS,0.01,0.779044068331077,184
HF,22,26,AFR,0.01,0.60725857024663,184
HF,22,26,CSA,0.01,0.751759567143162,184
HF,22,26,AMR,0.01,0.796136752469189,184
HF,22,26,MID,0.01,0.802896243186661,184
HF,22,26,MELD_lambda0_afproj,0.1,0.844653570803461,184
HF,22,26,MELD_lambda0_reportN,0.1,0.845227200081143,184
HF,22,26,MELD_lambda0_equal,0.1,0.835973929806105,184
HF,22,26,MELD_lambda1_afproj,0.1,0.842275340440683,184
HF,22,26,EUR,0.1,0.818817510385494,184
HF,22,26,EAS,0.1,0.81249427446537,184
HF,22,26,AFR,0.1,0.626260210993246,184
HF,22,26,CSA,0.1,0.78459223740839,184
HF,22,26,AMR,0.1,0.805312662516907,184
HF,22,26,MID,0.1,0.823386411106058,184
HF,22,27,MELD_lambda0_afproj,0.001,0.798297735246609,340
HF,22,27,MELD_lambda0_reportN,0.001,0.801932301990576,340
HF,22,27,MELD_lambda0_equal,0.001,0.896846916353,340
HF,22,27,MELD_lambda1_afproj,0.001,0.805529962241126,340
HF,22,27,EUR,0.001,0.601811004206791,340
HF,22,27,EAS,0.001,0.577488375520451,340
HF,22,27,AFR,0.001,0.630283381981194,340
HF,22,27,CSA,0.001,0.727632114698489,340
HF,22,27,AMR,0.001,0.686467492882008,340
HF,22,27,MID,0.001,0.729190338197097,340
HF,22,27,MELD_lambda0_afproj,0.01,0.896720105084316,340
HF,22,27,MELD_lambda0_reportN,0.01,0.894703819776525,340
HF,22,27,MELD_lambda0_equal,0.01,0.901340027242883,340
HF,22,27,MELD_lambda1_afproj,0.01,0.898829503450684,340
HF,22,27,EUR,0.01,0.85408442217712,340
HF,22,27,EAS,0.01,0.82115164200988,340
HF,22,27,AFR,0.01,0.73889862792176,340
HF,22,27,CSA,0.01,0.863496753110906,340
HF,22,27,AMR,0.01,0.865418205773664,340
HF,22,27,MID,0.01,0.840827373960608,340
HF,22,27,MELD_lambda0_afproj,0.1,0.899678348996631,340
HF,22,27,MELD_lambda0_reportN,0.1,0.897829367929152,340
HF,22,27,MELD_lambda0_equal,0.1,0.896997017620438,340
HF,22,27,MELD_lambda1_afproj,0.1,0.902889324316948,340
HF,22,27,EUR,0.1,0.881887008332188,340
HF,22,27,EAS,0.1,0.833460274834469,340
HF,22,27,AFR,0.1,0.745606008606988,340
HF,22,27,CSA,0.1,0.892280697193652,340
HF,22,27,AMR,0.1,0.890389314241174,340
HF,22,27,MID,0.1,0.86452556701008,340
HF,22,28,MELD_lambda0_afproj,0.001,0.860737738060099,218
HF,22,28,MELD_lambda0_reportN,0.001,0.860598905709341,218
HF,22,28,MELD_lambda0_equal,0.001,0.877268000301587,218
HF,22,28,MELD_lambda1_afproj,0.001,0.831376479463474,218
HF,22,28,EUR,0.001,0.637500254733901,218
HF,22,28,EAS,0.001,0.621262447166901,218
HF,22,28,AFR,0.001,0.717163427666528,218
HF,22,28,CSA,0.001,0.777607918858213,218
HF,22,28,AMR,0.001,0.636093000392221,218
HF,22,28,MID,0.001,0.826468462872507,218
HF,22,28,MELD_lambda0_afproj,0.01,0.884870227560668,218
HF,22,28,MELD_lambda0_reportN,0.01,0.882830256904164,218
HF,22,28,MELD_lambda0_equal,0.01,0.876537495111013,218
HF,22,28,MELD_lambda1_afproj,0.01,0.880127336505213,218
HF,22,28,EUR,0.01,0.819507939127055,218
HF,22,28,EAS,0.01,0.780912507632428,218
HF,22,28,AFR,0.01,0.724159653814506,218
HF,22,28,CSA,0.01,0.854097819268911,218
HF,22,28,AMR,0.01,0.830816490070784,218
HF,22,28,MID,0.01,0.844784855692697,218
HF,22,28,MELD_lambda0_afproj,0.1,0.885271708869734,218
HF,22,28,MELD_lambda0_reportN,0.1,0.884026023791725,218
HF,22,28,MELD_lambda0_equal,0.1,0.872013937468527,218
HF,22,28,MELD_lambda1_afproj,0.1,0.883088824994163,218
HF,22,28,EUR,0.1,0.85020330702851,218
HF,22,28,EAS,0.1,0.830491668214439,218
HF,22,28,AFR,0.1,0.737037161387578,218
HF,22,28,CSA,0.1,0.847763641390493,218
HF,22,28,AMR,0.1,0.858851647564546,218
HF,22,28,MID,0.1,0.84590538037476,218
HF,22,29,MELD_lambda0_afproj,0.001,0.92052022323848,294
HF,22,29,MELD_lambda0_reportN,0.001,0.92363403907334,294
HF,22,29,MELD_lambda0_equal,0.001,0.966611130065058,294
HF,22,29,MELD_lambda1_afproj,0.001,0.919213769070125,294
HF,22,29,EUR,0.001,0.873473899768992,294
HF,22,29,EAS,0.001,0.793587113689683,294
HF,22,29,AFR,0.001,0.627277240578815,294
HF,22,29,CSA,0.001,0.80505878074232,294
HF,22,29,AMR,0.001,0.868128079775563,294
HF,22,29,MID,0.001,0.85406104887811,294
HF,22,29,MELD_lambda0_afproj,0.01,0.970405244967053,294
HF,22,29,MELD_lambda0_reportN,0.01,0.971164766137795,294
HF,22,29,MELD_lambda0_equal,0.01,0.973422114852507,294
HF,22,29,MELD_lambda1_afproj,0.01,0.97055105405582,294
HF,22,29,EUR,0.01,0.952206640471906,294
HF,22,29,EAS,0.01,0.915969209929822,294
HF,22,29,AFR,0.01,0.867622548900837,294
HF,22,29,CSA,0.01,0.947054018390147,294
HF,22,29,AMR,0.01,0.950664769070515,294
HF,22,29,MID,0.01,0.957552848134637,294
HF,22,29,MELD_lambda0_afproj,0.1,0.974231455546877,294
HF,22,29,MELD_lambda0_reportN,0.1,0.974700898878036,294
HF,22,29,MELD_lambda0_equal,0.1,0.972515357087413,294
HF,22,29,MELD_lambda1_afproj,0.1,0.97364275731502,294
HF,22,29,EUR,0.1,0.966883905265959,294
HF,22,29,EAS,0.1,0.945066890164258,294
HF,22,29,AFR,0.1,0.891637505709374,294
HF,22,29,CSA,0.1,0.958271828545915,294
HF,22,29,AMR,0.1,0.96358679359572,294
HF,22,29,MID,0.1,0.962825174939311,294
HF,22,31,MELD_lambda0_afproj,0.001,0.901154174646301,361
HF,22,31,MELD_lambda0_reportN,0.001,0.903626133741201,361
HF,22,31,MELD_lambda0_equal,0.001,0.909891370026532,361
HF,22,31,MELD_lambda1_afproj,0.001,0.898090867482936,361
HF,22,31,EUR,0.001,0.733636503878953,361
HF,22,31,EAS,0.001,0.566440581018493,361
HF,22,31,AFR,0.001,0.465322794051214,361
HF,22,31,CSA,0.001,0.657069821346045,361
HF,22,31,AMR,0.001,0.74552461175402,361
HF,22,31,MID,0.001,0.748646144324295,361
HF,22,31,MELD_lambda0_afproj,0.01,0.954649709634147,361
HF,22,31,MELD_lambda0_reportN,0.01,0.954339899027681,361
HF,22,31,MELD_lambda0_equal,0.01,0.946725322167011,361
HF,22,31,MELD_lambda1_afproj,0.01,0.952518623117116,361
HF,22,31,EUR,0.01,0.89163003117915,361
HF,22,31,EAS,0.01,0.852948667394668,361
HF,22,31,AFR,0.01,0.790945176515418,361
HF,22,31,CSA,0.01,0.90518719399632,361
HF,22,31,AMR,0.01,0.904674473306536,361
HF,22,31,MID,0.01,0.907297875355923,361
HF,22,31,MELD_lambda0_afproj,0.1,0.949485033576407,361
HF,22,31,MELD_lambda0_reportN,0.1,0.948374454955234,361
HF,22,31,MELD_lambda0_equal,0.1,0.942813849376006,361
HF,22,31,MELD_lambda1_afproj,0.1,0.952554130129792,361
HF,22,31,EUR,0.1,0.925874552787357,361
HF,22,31,EAS,0.1,0.900164435565743,361
HF,22,31,AFR,0.1,0.839184502013443,361
HF,22,31,CSA,0.1,0.918321674061557,361
HF,22,31,AMR,0.1,0.93008847970948,361
HF,22,31,MID,0.1,0.923066474692105,361
HF,22,32,MELD_lambda0_afproj,0.001,0.775551170658319,113
HF,22,32,MELD_lambda0_reportN,0.001,0.772972492989085,113
HF,22,32,MELD_lambda0_equal,0.001,0.856758676042073,113
HF,22,32,MELD_lambda1_afproj,0.001,0.798371356264775,113
HF,22,32,EUR,0.001,0.656878881304631,113
HF,22,32,EAS,0.001,0.768833485757911,113
HF,22,32,AFR,0.001,0.653385067078934,113
HF,22,32,CSA,0.001,0.772944757318148,113
HF,22,32,AMR,0.001,0.776910801188556,113
HF,22,32,MID,0.001,0.812433632269397,113
HF,22,32,MELD_lambda0_afproj,0.01,0.867103942817678,113
HF,22,32,MELD_lambda0_reportN,0.01,0.86617031719435,113
HF,22,32,MELD_lambda0_equal,0.01,0.852150028039945,113
HF,22,32,MELD_lambda1_afproj,0.01,0.872164698531791,113
HF,22,32,EUR,0.01,0.813270967348306,113
HF,22,32,EAS,0.01,0.863614739987575,113
HF,22,32,AFR,0.01,0.681152109062897,113
HF,22,32,CSA,0.01,0.852541083377649,113
HF,22,32,AMR,0.01,0.859263963230587,113
HF,22,32,MID,0.01,0.849424031660641,113
HF,22,32,MELD_lambda0_afproj,0.1,0.856425598127611,113
HF,22,32,MELD_lambda0_reportN,0.1,0.855017551371945,113
HF,22,32,MELD_lambda0_equal,0.1,0.833662331599717,113
HF,22,32,MELD_lambda1_afproj,0.1,0.861829308319858,113
HF,22,32,EUR,0.1,0.848906548292183,113
HF,22,32,EAS,0.1,0.854354244591679,113
HF,22,32,AFR,0.1,0.693002828163391,113
HF,22,32,CSA,0.1,0.831735881340475,113
HF,22,32,AMR,0.1,0.857516944756832,113
HF,22,32,MID,0.1,0.820482391626284,113
HF,22,34,MELD_lambda0_afproj,0.001,0.870479669897029,304
HF,22,34,MELD_lambda0_reportN,0.001,0.862427757160294,304
HF,22,34,MELD_lambda0_equal,0.001,0.882574124380082,304
HF,22,34,MELD_lambda1_afproj,0.001,0.86095616989719,304
HF,22,34,EUR,0.001,0.800909117081782,304
HF,22,34,EAS,0.001,0.55816707551379,304
HF,22,34,AFR,0.001,0.397913910788226,304
HF,22,34,CSA,0.001,0.73972769761821,304
HF,22,34,AMR,0.001,0.794853597831085,304
HF,22,34,MID,0.001,0.596577704167325,304
HF,22,34,MELD_lambda0_afproj,0.01,0.921950807169608,304
HF,22,34,MELD_lambda0_reportN,0.01,0.921418475122275,304
HF,22,34,MELD_lambda0_equal,0.01,0.905718099304018,304
HF,22,34,MELD_lambda1_afproj,0.01,0.921886943088558,304
HF,22,34,EUR,0.01,0.881159142688514,304
HF,22,34,EAS,0.01,0.811957802920886,304
HF,22,34,AFR,0.01,0.721487735661193,304
HF,22,34,CSA,0.01,0.861261601478106,304
HF,22,34,AMR,0.01,0.873995240366235,304
HF,22,34,MID,0.01,0.850465844651738,304
HF,22,34,MELD_lambda0_afproj,0.1,0.917137897484144,304
HF,22,34,MELD_lambda0_reportN,0.1,0.917312363309508,304
HF,22,34,MELD_lambda0_equal,0.1,0.901508158801704,304
HF,22,34,MELD_lambda1_afproj,0.1,0.915863134854892,304
HF,22,34,EUR,0.1,0.884579981462006,304
HF,22,34,EAS,0.1,0.862405748504455,304
HF,22,34,AFR,0.1,0.739183514027193,304
HF,22,34,CSA,0.1,0.866523885383665,304
HF,22,34,AMR,0.1,0.873430261642023,304
HF,22,34,MID,0.1,0.895530682635159,304
HF,22,37,MELD_lambda0_afproj,0.001,0.665811047713664,662
HF,22,37,MELD_lambda0_reportN,0.001,0.676445601327596,662
HF,22,37,MELD_lambda0_equal,0.001,0.851711517237787,662
HF,22,37,MELD_lambda1_afproj,0.001,0.681665743528965,662
HF,22,37,EUR,0.001,0.597998670457324,662
HF,22,37,EAS,0.001,0.513908006995798,662
HF,22,37,AFR,0.001,0.484222811547149,662
HF,22,37,CSA,0.001,0.51196554814364,662
HF,22,37,AMR,0.001,0.602386952253352,662
HF,22,37,MID,0.001,0.450442542350738,662
HF,22,37,MELD_lambda0_afproj,0.01,0.869054481317484,662
HF,22,37,MELD_lambda0_reportN,0.01,0.869042973738622,662
HF,22,37,MELD_lambda0_equal,0.01,0.876380016383001,662
HF,22,37,MELD_lambda1_afproj,0.01,0.870621949320163,662
HF,22,37,EUR,0.01,0.816366518121885,662
HF,22,37,EAS,0.01,0.771434267985205,662
HF,22,37,AFR,0.01,0.682693342784058,662
HF,22,37,CSA,0.01,0.796105535259323,662
HF,22,37,AMR,0.01,0.796488092585202,662
HF,22,37,MID,0.01,0.773637793277151,662
HF,22,37,MELD_lambda0_afproj,0.1,0.881712539469629,662
HF,22,37,MELD_lambda0_reportN,0.1,0.881393277478556,662
HF,22,37,MELD_lambda0_equal,0.1,0.867251595290307,662
HF,22,37,MELD_lambda1_afproj,0.1,0.880619623375178,662
HF,22,37,EUR,0.1,0.873761839269244,662
HF,22,37,EAS,0.1,0.811448908239921,662
HF,22,37,AFR,0.1,0.713555661675499,662
HF,22,37,CSA,0.1,0.829579004716692,662
HF,22,37,AMR,0.1,0.837697923240027,662
HF,22,37,MID,0.1,0.83070009321485,662
HF,22,38,MELD_lambda0_afproj,0.001,0.928885379753026,40
HF,22,38,MELD_lambda0_reportN,0.001,0.932790128079579,40
HF,22,38,MELD_lambda0_equal,0.001,0.940835824225492,40
HF,22,38,MELD_lambda1_afproj,0.001,0.937154375526991,40
HF,22,38,EUR,0.001,0.921456688014257,40
HF,22,38,EAS,0.001,0.887142726904725,40
HF,22,38,AFR,0.001,0.80044714744696,40
HF,22,38,CSA,0.001,0.876633156137618,40
HF,22,38,AMR,0.001,0.949090687563154,40
HF,22,38,MID,0.001,0.93256521541428,40
HF,22,38,MELD_lambda0_afproj,0.01,0.939355981729472,40
HF,22,38,MELD_lambda0_reportN,0.01,0.940634413883306,40
HF,22,38,MELD_lambda0_equal,0.01,0.94217874277239,40
HF,22,38,MELD_lambda1_afproj,0.01,0.943075125727415,40
HF,22,38,EUR,0.01,0.951134991158864,40
HF,22,38,EAS,0.01,0.897227841817098,40
HF,22,38,AFR,0.01,0.804350775091936,40
HF,22,38,CSA,0.01,0.902985972839124,40
HF,22,38,AMR,0.01,0.951393959370633,40
HF,22,38,MID,0.01,0.934111071579921,40
HF,22,38,MELD_lambda0_afproj,0.1,0.953026590899589,40
HF,22,38,MELD_lambda0_reportN,0.1,0.953711985957196,40
HF,22,38,MELD_lambda0_equal,0.1,0.949896489592503,40
HF,22,38,MELD_lambda1_afproj,0.1,0.953283020737553,40
HF,22,38,EUR,0.1,0.960947643065991,40
HF,22,38,EAS,0.1,0.936328715384217,40
HF,22,38,AFR,0.1,0.819600819410247,40
HF,22,38,CSA,0.1,0.921079623734888,40
HF,22,38,AMR,0.1,0.957129158757833,40
HF,22,38,MID,0.1,0.941457980599596,40
HF,22,39,MELD_lambda0_afproj,0.001,0.766664605068847,168
HF,22,39,MELD_lambda0_reportN,0.001,0.788720030695142,168
HF,22,39,MELD_lambda0_equal,0.001,0.898122393387932,168
HF,22,39,MELD_lambda1_afproj,0.001,0.785542620869738,168
HF,22,39,EUR,0.001,0.541946736821566,168
HF,22,39,EAS,0.001,0.528940138367077,168
HF,22,39,AFR,0.001,0.530733235901765,168
HF,22,39,CSA,0.001,0.703820230505697,168
HF,22,39,AMR,0.001,0.793007056522544,168
HF,22,39,MID,0.001,0.846331023059637,168
HF,22,39,MELD_lambda0_afproj,0.01,0.895992418488747,168
HF,22,39,MELD_lambda0_reportN,0.01,0.90455872994767,168
HF,22,39,MELD_lambda0_equal,0.01,0.913571682845594,168
HF,22,39,MELD_lambda1_afproj,0.01,0.903168774983799,168
HF,22,39,EUR,0.01,0.804564367241677,168
HF,22,39,EAS,0.01,0.771736344158349,168
HF,22,39,AFR,0.01,0.744658007514318,168
HF,22,39,CSA,0.01,0.848170348739068,168
HF,22,39,AMR,0.01,0.899620551210938,168
HF,22,39,MID,0.01,0.900835509144085,168
HF,22,39,MELD_lambda0_afproj,0.1,0.898053254900087,168
HF,22,39,MELD_lambda0_reportN,0.1,0.900130495240214,168
HF,22,39,MELD_lambda0_equal,0.1,0.903071536729659,168
HF,22,39,MELD_lambda1_afproj,0.1,0.902304870116099,168
HF,22,39,EUR,0.1,0.870051566584562,168
HF,22,39,EAS,0.1,0.830614768508326,168
HF,22,39,AFR,0.1,0.736388826753762,168
HF,22,39,CSA,0.1,0.872479786783272,168
HF,22,39,AMR,0.1,0.885455071051479,168
HF,22,39,MID,0.1,0.887775319733521,168
HF,22,40,MELD_lambda0_afproj,0.001,0.97379111378264,37
HF,22,40,MELD_lambda0_reportN,0.001,0.971057412386786,37
HF,22,40,MELD_lambda0_equal,0.001,0.987495652159703,37
HF,22,40,MELD_lambda1_afproj,0.001,0.97295199155867,37
HF,22,40,EUR,0.001,0.983808699212637,37
HF,22,40,EAS,0.001,0.948357887465735,37
HF,22,40,AFR,0.001,0.97070253193315,37
HF,22,40,CSA,0.001,0.964276319582176,37
HF,22,40,AMR,0.001,0.978574570781582,37
HF,22,40,MID,0.001,0.977489435139802,37
HF,22,40,MELD_lambda0_afproj,0.01,0.986423753199541,37
HF,22,40,MELD_lambda0_reportN,0.01,0.986371275696716,37
HF,22,40,MELD_lambda0_equal,0.01,0.987312905434989,37
HF,22,40,MELD_lambda1_afproj,0.01,0.986152931325609,37
HF,22,40,EUR,0.01,0.985794822049045,37
HF,22,40,EAS,0.01,0.95853115472152,37
HF,22,40,AFR,0.01,0.970735926428263,37
HF,22,40,CSA,0.01,0.984385519988952,37
HF,22,40,AMR,0.01,0.985518481612231,37
HF,22,40,MID,0.01,0.98109503154353,37
HF,22,40,MELD_lambda0_afproj,0.1,0.983069160944205,37
HF,22,40,MELD_lambda0_reportN,0.1,0.982893634870899,37
HF,22,40,MELD_lambda0_equal,0.1,0.980424939893268,37
HF,22,40,MELD_lambda1_afproj,0.1,0.98250837366449,37
HF,22,40,EUR,0.1,0.984349149365259,37
HF,22,40,EAS,0.1,0.930513869829814,37
HF,22,40,AFR,0.1,0.964247285083359,37
HF,22,40,CSA,0.1,0.98299047475848,37
HF,22,40,AMR,0.1,0.979005878272524,37
HF,22,40,MID,0.1,0.979304192572234,37
HF,22,41,MELD_lambda0_afproj,0.001,0.904881262341067,244
HF,22,41,MELD_lambda0_reportN,0.001,0.89759833751664,244
HF,22,41,MELD_lambda0_equal,0.001,0.91908020566478,244
HF,22,41,MELD_lambda1_afproj,0.001,0.909904981895532,244
HF,22,41,EUR,0.001,0.752723393886703,244
HF,22,41,EAS,0.001,0.674388353602536,244
HF,22,41,AFR,0.001,0.476932841205387,244
HF,22,41,CSA,0.001,0.789594468999871,244
HF,22,41,AMR,0.001,0.841129442538413,244
HF,22,41,MID,0.001,0.750551153392232,244
HF,22,41,MELD_lambda0_afproj,0.01,0.941070773216131,244
HF,22,41,MELD_lambda0_reportN,0.01,0.940533457997909,244
HF,22,41,MELD_lambda0_equal,0.01,0.929412498444866,244
HF,22,41,MELD_lambda1_afproj,0.01,0.941000267415353,244
HF,22,41,EUR,0.01,0.889844229031754,244
HF,22,41,EAS,0.01,0.901341661024436,244
HF,22,41,AFR,0.01,0.716190596257834,244
HF,22,41,CSA,0.01,0.91371780491289,244
HF,22,41,AMR,0.01,0.91400054306932,244
HF,22,41,MID,0.01,0.896255268442458,244
HF,22,41,MELD_lambda0_afproj,0.1,0.930658678649733,244
HF,22,41,MELD_lambda0_reportN,0.1,0.930458582208378,244
HF,22,41,MELD_lambda0_equal,0.1,0.918368026914649,244
HF,22,41,MELD_lambda1_afproj,0.1,0.929772113491811,244
HF,22,41,EUR,0.1,0.907392366629183,244
HF,22,41,EAS,0.1,0.90984499831169,244
HF,22,41,AFR,0.1,0.753591324953488,244
HF,22,41,CSA,0.1,0.906704619837593,244
HF,22,41,AMR,0.1,0.913572817237399,244
HF,22,41,MID,0.1,0.90966819560127,244
HF,22,42,MELD_lambda0_afproj,0.001,0.588328823346315,240
HF,22,42,MELD_lambda0_reportN,0.001,0.623980798557828,240
HF,22,42,MELD_lambda0_equal,0.001,0.775670268293311,240
HF,22,42,MELD_lambda1_afproj,0.001,0.604480328937017,240
HF,22,42,EUR,0.001,0.495644856554944,240
HF,22,42,EAS,0.001,0.487613574505466,240
HF,22,42,AFR,0.001,0.574032441151357,240
HF,22,42,CSA,0.001,0.414050826773754,240
HF,22,42,AMR,0.001,0.42855931918664,240
HF,22,42,MID,0.001,0.316548878783699,240
HF,22,42,MELD_lambda0_afproj,0.01,0.790147561399765,240
HF,22,42,MELD_lambda0_reportN,0.01,0.79703092067461,240
HF,22,42,MELD_lambda0_equal,0.01,0.793908460345248,240
HF,22,42,MELD_lambda1_afproj,0.01,0.788624588800826,240
HF,22,42,EUR,0.01,0.761577407711249,240
HF,22,42,EAS,0.01,0.76452764227569,240
HF,22,42,AFR,0.01,0.682259145697923,240
HF,22,42,CSA,0.01,0.668115377342881,240
HF,22,42,AMR,0.01,0.699700165709672,240
HF,22,42,MID,0.01,0.668950263160055,240
HF,22,42,MELD_lambda0_afproj,0.1,0.776435240837945,240
HF,22,42,MELD_lambda0_reportN,0.1,0.779820298595653,240
HF,22,42,MELD_lambda0_equal,0.1,0.788638303657453,240
HF,22,42,MELD_lambda1_afproj,0.1,0.773978680611493,240
HF,22,42,EUR,0.1,0.733569614075837,240
HF,22,42,EAS,0.1,0.737736983086385,240
HF,22,42,AFR,0.1,0.704967400137119,240
HF,22,42,CSA,0.1,0.717641980195787,240
HF,22,42,AMR,0.1,0.743315495554368,240
HF,22,42,MID,0.1,0.751152725985329,240
HF,22,43,MELD_lambda0_afproj,0.001,0.973635333038206,45
HF,22,43,MELD_lambda0_reportN,0.001,0.973363549853618,45
HF,22,43,MELD_lambda0_equal,0.001,0.974540038572429,45
HF,22,43,MELD_lambda1_afproj,0.001,0.949624223584138,45
HF,22,43,EUR,0.001,0.456142203236036,45
HF,22,43,EAS,0.001,0.792690452854893,45
HF,22,43,AFR,0.001,0.930826914754213,45
HF,22,43,CSA,0.001,0.721043942148096,45
HF,22,43,AMR,0.001,0.798414031674817,45
HF,22,43,MID,0.001,0.932354400325717,45
HF,22,43,MELD_lambda0_afproj,0.01,0.974475177042346,45
HF,22,43,MELD_lambda0_reportN,0.01,0.976414481831201,45
HF,22,43,MELD_lambda0_equal,0.01,0.97879274905699,45
HF,22,43,MELD_lambda1_afproj,0.01,0.956584317851375,45
HF,22,43,EUR,0.01,0.819458703355556,45
HF,22,43,EAS,0.01,0.875809554619469,45
HF,22,43,AFR,0.01,0.927698414462404,45
HF,22,43,CSA,0.01,0.887969362730274,45
HF,22,43,AMR,0.01,0.940098727839104,45
HF,22,43,MID,0.01,0.962654439173143,45
HF,22,43,MELD_lambda0_afproj,0.1,0.978921560122795,45
HF,22,43,MELD_lambda0_reportN,0.1,0.979488319762214,45
HF,22,43,MELD_lambda0_equal,0.1,0.978262618653579,45
HF,22,43,MELD_lambda1_afproj,0.1,0.965083816910863,45
HF,22,43,EUR,0.1,0.936129236623435,45
HF,22,43,EAS,0.1,0.913166517781999,45
HF,22,43,AFR,0.1,0.87661460246042,45
HF,22,43,CSA,0.1,0.942493502874833,45
HF,22,43,AMR,0.1,0.949619220311929,45
HF,22,43,MID,0.1,0.976791673655381,45
HF,22,44,MELD_lambda0_afproj,0.001,0.69083109585131,142
HF,22,44,MELD_lambda0_reportN,0.001,0.704717777071037,142
HF,22,44,MELD_lambda0_equal,0.001,0.789139407615463,142
HF,22,44,MELD_lambda1_afproj,0.001,0.695553494323715,142
HF,22,44,EUR,0.001,0.503532687001515,142
HF,22,44,EAS,0.001,0.572763396468534,142
HF,22,44,AFR,0.001,0.514231484071635,142
HF,22,44,CSA,0.001,0.654811053777089,142
HF,22,44,AMR,0.001,0.712894592993853,142
HF,22,44,MID,0.001,0.727166703198487,142
HF,22,44,MELD_lambda0_afproj,0.01,0.810187967044914,142
HF,22,44,MELD_lambda0_reportN,0.01,0.811558555464931,142
HF,22,44,MELD_lambda0_equal,0.01,0.79757848108516,142
HF,22,44,MELD_lambda1_afproj,0.01,0.807134514492074,142
HF,22,44,EUR,0.01,0.78466943420434,142
HF,22,44,EAS,0.01,0.768542488393485,142
HF,22,44,AFR,0.01,0.650298493826015,142
HF,22,44,CSA,0.01,0.797425943341801,142
HF,22,44,AMR,0.01,0.806216551547451,142
HF,22,44,MID,0.01,0.799478991474238,142
HF,22,44,MELD_lambda0_afproj,0.1,0.83947795678401,142
HF,22,44,MELD_lambda0_reportN,0.1,0.838457743404848,142
HF,22,44,MELD_lambda0_equal,0.1,0.802044598145658,142
HF,22,44,MELD_lambda1_afproj,0.1,0.833465999750241,142
HF,22,44,EUR,0.1,0.845116017903063,142
HF,22,44,EAS,0.1,0.794990272669549,142
HF,22,44,AFR,0.1,0.640306229648403,142
HF,22,44,CSA,0.1,0.81423997429365,142
HF,22,44,AMR,0.1,0.800635344456903,142
HF,22,44,MID,0.1,0.812699482512433,142
HF,22,45,MELD_lambda0_afproj,0.001,0.855239734296499,150
HF,22,45,MELD_lambda0_reportN,0.001,0.857059050020301,150
HF,22,45,MELD_lambda0_equal,0.001,0.857579608129331,150
HF,22,45,MELD_lambda1_afproj,0.001,0.870008571137139,150
HF,22,45,EUR,0.001,0.664297891704619,150
HF,22,45,EAS,0.001,0.586220962082525,150
HF,22,45,AFR,0.001,0.741607244937345,150
HF,22,45,CSA,0.001,0.769928586050924,150
HF,22,45,AMR,0.001,0.627512293915046,150
HF,22,45,MID,0.001,0.806389813492663,150
HF,22,45,MELD_lambda0_afproj,0.01,0.860566087286855,150
HF,22,45,MELD_lambda0_reportN,0.01,0.861436854614597,150
HF,22,45,MELD_lambda0_equal,0.01,0.856645958336902,150
HF,22,45,MELD_lambda1_afproj,0.01,0.87055208607311,150
HF,22,45,EUR,0.01,0.831941653370791,150
HF,22,45,EAS,0.01,0.752031740490025,150
HF,22,45,AFR,0.01,0.761782535807262,150
HF,22,45,CSA,0.01,0.824775514568956,150
HF,22,45,AMR,0.01,0.770821360222866,150
HF,22,45,MID,0.01,0.814977952875852,150
HF,22,45,MELD_lambda0_afproj,0.1,0.854544642946385,150
HF,22,45,MELD_lambda0_reportN,0.1,0.855456238419577,150
HF,22,45,MELD_lambda0_equal,0.1,0.849592726576788,150
HF,22,45,MELD_lambda1_afproj,0.1,0.860876311107083,150
HF,22,45,EUR,0.1,0.841990504443535,150
HF,22,45,EAS,0.1,0.781592130961578,150
HF,22,45,AFR,0.1,0.764166304178212,150
HF,22,45,CSA,0.1,0.815719131960315,150
HF,22,45,AMR,0.1,0.804159362724271,150
HF,22,45,MID,0.1,0.810343882352115,150
HF,22,46,MELD_lambda0_afproj,0.001,0.896119891250549,160
HF,22,46,MELD_lambda0_reportN,0.001,0.890606506704139,160
HF,22,46,MELD_lambda0_equal,0.001,0.893342151527102,160
HF,22,46,MELD_lambda1_afproj,0.001,0.886591912446616,160
HF,22,46,EUR,0.001,0.735565042511417,160
HF,22,46,EAS,0.001,0.744403097667577,160
HF,22,46,AFR,0.001,0.821364411878255,160
HF,22,46,CSA,0.001,0.811113411838079,160
HF,22,46,AMR,0.001,0.825577821418402,160
HF,22,46,MID,0.001,0.873274650286954,160
HF,22,46,MELD_lambda0_afproj,0.01,0.907149645251493,160
HF,22,46,MELD_lambda0_reportN,0.01,0.904429241905349,160
HF,22,46,MELD_lambda0_equal,0.01,0.897472867421007,160
HF,22,46,MELD_lambda1_afproj,0.01,0.902062267652826,160
HF,22,46,EUR,0.01,0.893547849927803,160
HF,22,46,EAS,0.01,0.854941112454814,160
HF,22,46,AFR,0.01,0.835148151333518,160
HF,22,46,CSA,0.01,0.879412100475285,160
HF,22,46,AMR,0.01,0.899925589474316,160
HF,22,46,MID,0.01,0.899260449707825,160
HF,22,46,MELD_lambda0_afproj,0.1,0.901577339090548,160
HF,22,46,MELD_lambda0_reportN,0.1,0.901545837890115,160
HF,22,46,MELD_lambda0_equal,0.1,0.896580732214328,160
HF,22,46,MELD_lambda1_afproj,0.1,0.89892963594894,160
HF,22,46,EUR,0.1,0.886564878886044,160
HF,22,46,EAS,0.1,0.843845818457467,160
HF,22,46,AFR,0.1,0.828097775907906,160
HF,22,46,CSA,0.1,0.870580887882888,160
HF,22,46,AMR,0.1,0.903813533647442,160
HF,22,46,MID,0.1,0.891823924085281,160
HF,22,47,MELD_lambda0_afproj,0.001,0.960554039063547,154
HF,22,47,MELD_lambda0_reportN,0.001,0.953139588904294,154
HF,22,47,MELD_lambda0_equal,0.001,0.980486869296153,154
HF,22,47,MELD_lambda1_afproj,0.001,0.963662844794368,154
HF,22,47,EUR,0.001,0.956200643044141,154
HF,22,47,EAS,0.001,0.84984842808931,154
HF,22,47,AFR,0.001,0.896178865739,154
HF,22,47,CSA,0.001,0.893111062373079,154
HF,22,47,AMR,0.001,0.882900033399893,154
HF,22,47,MID,0.001,0.959793764042985,154
HF,22,47,MELD_lambda0_afproj,0.01,0.978384320788743,154
HF,22,47,MELD_lambda0_reportN,0.01,0.977343275590488,154
HF,22,47,MELD_lambda0_equal,0.01,0.98064439479198,154
HF,22,47,MELD_lambda1_afproj,0.01,0.978966834060628,154
HF,22,47,EUR,0.01,0.973412288352571,154
HF,22,47,EAS,0.01,0.93567336444763,154
HF,22,47,AFR,0.01,0.937023342713194,154
HF,22,47,CSA,0.01,0.965255545680832,154
HF,22,47,AMR,0.01,0.974963774585463,154
HF,22,47,MID,0.01,0.972802169428883,154
HF,22,47,MELD_lambda0_afproj,0.1,0.97799686398218,154
HF,22,47,MELD_lambda0_reportN,0.1,0.977811302688706,154
HF,22,47,MELD_lambda0_equal,0.1,0.978526658114527,154
HF,22,47,MELD_lambda1_afproj,0.1,0.979175664186578,154
HF,22,47,EUR,0.1,0.973744766861447,154
HF,22,47,EAS,0.1,0.937956636914845,154
HF,22,47,AFR,0.1,0.937064182106396,154
HF,22,47,CSA,0.1,0.969840382533733,154
HF,22,47,AMR,0.1,0.978353173612135,154
HF,22,47,MID,0.1,0.970277555745427,154
HF,22,48,MELD_lambda0_afproj,0.001,0.931487517269736,119
HF,22,48,MELD_lambda0_reportN,0.001,0.931874023186906,119
HF,22,48,MELD_lambda0_equal,0.001,0.95490467401173,119
HF,22,48,MELD_lambda1_afproj,0.001,0.929869776570141,119
HF,22,48,EUR,0.001,0.80270440722788,119
HF,22,48,EAS,0.001,0.693592302561397,119
HF,22,48,AFR,0.001,0.663470054785843,119
HF,22,48,CSA,0.001,0.862065389912393,119
HF,22,48,AMR,0.001,0.913095909071479,119
HF,22,48,MID,0.001,0.879885894094608,119
HF,22,48,MELD_lambda0_afproj,0.01,0.962960183187098,119
HF,22,48,MELD_lambda0_reportN,0.01,0.962754710174254,119
HF,22,48,MELD_lambda0_equal,0.01,0.967553545917625,119
HF,22,48,MELD_lambda1_afproj,0.01,0.96752479402197,119
HF,22,48,EUR,0.01,0.889612443416894,119
HF,22,48,EAS,0.01,0.935920982946107,119
HF,22,48,AFR,0.01,0.892519837676862,119
HF,22,48,CSA,0.01,0.959690432461504,119
HF,22,48,AMR,0.01,0.947663289526623,119
HF,22,48,MID,0.01,0.950114091902114,119
HF,22,48,MELD_lambda0_afproj,0.1,0.96453697587443,119
HF,22,48,MELD_lambda0_reportN,0.1,0.96416215079399,119
HF,22,48,MELD_lambda0_equal,0.1,0.961534107253253,119
HF,22,48,MELD_lambda1_afproj,0.1,0.967886915863955,119
HF,22,48,EUR,0.1,0.916842233738437,119
HF,22,48,EAS,0.1,0.930101709040244,119
HF,22,48,AFR,0.1,0.898441234153562,119
HF,22,48,CSA,0.1,0.956203805317918,119
HF,22,48,AMR,0.1,0.953449268114556,119
HF,22,48,MID,0.1,0.946411898464875,119
HF,22,49,MELD_lambda0_afproj,0.001,0.78785688766388,159
HF,22,49,MELD_lambda0_reportN,0.001,0.792288683423873,159
HF,22,49,MELD_lambda0_equal,0.001,0.821166973516635,159
HF,22,49,MELD_lambda1_afproj,0.001,0.809451579350503,159
HF,22,49,EUR,0.001,0.73568354398212,159
HF,22,49,EAS,0.001,0.65108678499317,159
HF,22,49,AFR,0.001,0.667667125331158,159
HF,22,49,CSA,0.001,0.601182571009189,159
HF,22,49,AMR,0.001,0.705956862526614,159
HF,22,49,MID,0.001,0.734386480157077,159
HF,22,49,MELD_lambda0_afproj,0.01,0.847094365105875,159
HF,22,49,MELD_lambda0_reportN,0.01,0.845240617568824,159
HF,22,49,MELD_lambda0_equal,0.01,0.822021103786316,159
HF,22,49,MELD_lambda1_afproj,0.01,0.84783645998778,159
HF,22,49,EUR,0.01,0.822717097885391,159
HF,22,49,EAS,0.01,0.793893122794688,159
HF,22,49,AFR,0.01,0.705395947936022,159
HF,22,49,CSA,0.01,0.804035680062558,159
HF,22,49,AMR,0.01,0.783511331493985,159
HF,22,49,MID,0.01,0.77273710608834,159
HF,22,49,MELD_lambda0_afproj,0.1,0.835399517522391,159
HF,22,49,MELD_lambda0_reportN,0.1,0.833964376092928,159
HF,22,49,MELD_lambda0_equal,0.1,0.811894641332214,159
HF,22,49,MELD_lambda1_afproj,0.1,0.82844695356551,159
HF,22,49,EUR,0.1,0.82370012113819,159
HF,22,49,EAS,0.1,0.797326766836689,159
HF,22,49,AFR,0.1,0.694586085279529,159
HF,22,49,CSA,0.1,0.818545680109103,159
HF,22,49,AMR,0.1,0.79149375651072,159
HF,22,49,MID,0.1,0.790404681441963,159
HF,22,50,MELD_lambda0_afproj,0.001,0.718071486368038,97
HF,22,50,MELD_lambda0_reportN,0.001,0.711689658030478,97
HF,22,50,MELD_lambda0_equal,0.001,0.765794002487272,97
HF,22,50,MELD_lambda1_afproj,0.001,0.731229679247587,97
HF,22,50,EUR,0.001,0.737674783129226,97
HF,22,50,EAS,0.001,0.46718439174116,97
HF,22,50,AFR,0.001,0.640980784852032,97
HF,22,50,CSA,0.001,0.641589509606728,97
HF,22,50,AMR,0.001,0.796598903241048,97
HF,22,50,MID,0.001,0.731037559094536,97
HF,22,50,MELD_lambda0_afproj,0.01,0.825398920602255,97
HF,22,50,MELD_lambda0_reportN,0.01,0.821135204162725,97
HF,22,50,MELD_lambda0_equal,0.01,0.775116435818552,97
HF,22,50,MELD_lambda1_afproj,0.01,0.830134999031576,97
HF,22,50,EUR,0.01,0.840442115370653,97
HF,22,50,EAS,0.01,0.558736102040688,97
HF,22,50,AFR,0.01,0.640277246578563,97
HF,22,50,CSA,0.01,0.707379768458323,97
HF,22,50,AMR,0.01,0.805062104121288,97
HF,22,50,MID,0.01,0.768047162336334,97
HF,22,50,MELD_lambda0_afproj,0.1,0.806233494519949,97
HF,22,50,MELD_lambda0_reportN,0.1,0.804855169250857,97
HF,22,50,MELD_lambda0_equal,0.1,0.765307896359673,97
HF,22,50,MELD_lambda1_afproj,0.1,0.801002078080953,97
HF,22,50,EUR,0.1,0.80909777427766,97
HF,22,50,EAS,0.1,0.574003109093822,97
HF,22,50,AFR,0.1,0.628458548991664,97
HF,22,50,CSA,0.1,0.711814828828604,97
HF,22,50,AMR,0.1,0.781365873915962,97
HF,22,50,MID,0.1,0.758575211937807,97
HF,22,52,MELD_lambda0_afproj,0.001,0.984220055775889,37
HF,22,52,MELD_lambda0_reportN,0.001,0.985261196875476,37
HF,22,52,MELD_lambda0_equal,0.001,0.980421729199684,37
HF,22,52,MELD_lambda1_afproj,0.001,0.985107168524158,37
HF,22,52,EUR,0.001,0.973873115559135,37
HF,22,52,EAS,0.001,0.725311287252606,37
HF,22,52,AFR,0.001,0.906698757874483,37
HF,22,52,CSA,0.001,0.954781660158453,37
HF,22,52,AMR,0.001,0.987363443385283,37
HF,22,52,MID,0.001,0.915197161235978,37
HF,22,52,MELD_lambda0_afproj,0.01,0.985660557736803,37
HF,22,52,MELD_lambda0_reportN,0.01,0.986547798942894,37
HF,22,52,MELD_lambda0_equal,0.01,0.980525738049495,37
HF,22,52,MELD_lambda1_afproj,0.01,0.987520821970006,37
HF,22,52,EUR,0.01,0.983411367085316,37
HF,22,52,EAS,0.01,0.939566077853103,37
HF,22,52,AFR,0.01,0.902644861811618,37
HF,22,52,CSA,0.01,0.975162641387709,37
HF,22,52,AMR,0.01,0.987035391383762,37
HF,22,52,MID,0.01,0.963434504232227,37
HF,22,52,MELD_lambda0_afproj,0.1,0.975176223132315,37
HF,22,52,MELD_lambda0_reportN,0.1,0.976156918384815,37
HF,22,52,MELD_lambda0_equal,0.1,0.975844254360822,37
HF,22,52,MELD_lambda1_afproj,0.1,0.976790177586189,37
HF,22,52,EUR,0.1,0.971366740279537,37
HF,22,52,EAS,0.1,0.960181526976425,37
HF,22,52,AFR,0.1,0.902545400568624,37
HF,22,52,CSA,0.1,0.971422704463052,37
HF,22,52,AMR,0.1,0.976743432396923,37
HF,22,52,MID,0.1,0.963240269863902,37
HF,22,53,MELD_lambda0_afproj,0.001,0.900541995754806,354
HF,22,53,MELD_lambda0_reportN,0.001,0.906633991644593,354
HF,22,53,MELD_lambda0_equal,0.001,0.880237209880157,354
HF,22,53,MELD_lambda1_afproj,0.001,0.903352692095093,354
HF,22,53,EUR,0.001,0.86163347303439,354
HF,22,53,EAS,0.001,0.547147284154917,354
HF,22,53,AFR,0.001,0.497885062029342,354
HF,22,53,CSA,0.001,0.689304666562517,354
HF,22,53,AMR,0.001,0.839830318896257,354
HF,22,53,MID,0.001,0.823776278828377,354
HF,22,53,MELD_lambda0_afproj,0.01,0.969064457723278,354
HF,22,53,MELD_lambda0_reportN,0.01,0.969465229174869,354
HF,22,53,MELD_lambda0_equal,0.01,0.970739644033179,354
HF,22,53,MELD_lambda1_afproj,0.01,0.968814323849998,354
HF,22,53,EUR,0.01,0.946872020362255,354
HF,22,53,EAS,0.01,0.806519526035211,354
HF,22,53,AFR,0.01,0.833311577371044,354
HF,22,53,CSA,0.01,0.913304630989865,354
HF,22,53,AMR,0.01,0.941772719757985,354
HF,22,53,MID,0.01,0.946529878351503,354
HF,22,53,MELD_lambda0_afproj,0.1,0.971073995496553,354
HF,22,53,MELD_lambda0_reportN,0.1,0.97187227901533,354
HF,22,53,MELD_lambda0_equal,0.1,0.974656260139424,354
HF,22,53,MELD_lambda1_afproj,0.1,0.97021278559388,354
HF,22,53,EUR,0.1,0.961813242644395,354
HF,22,53,EAS,0.1,0.90300232167892,354
HF,22,53,AFR,0.1,0.880923362403458,354
HF,22,53,CSA,0.1,0.954415494675643,354
HF,22,53,AMR,0.1,0.968569438989102,354
HF,22,53,MID,0.1,0.965751110546872,354
HF,22,54,MELD_lambda0_afproj,0.001,0.870997755222546,48
HF,22,54,MELD_lambda0_reportN,0.001,0.869905637551854,48
HF,22,54,MELD_lambda0_equal,0.001,0.874564448575676,48
HF,22,54,MELD_lambda1_afproj,0.001,0.883235257632232,48
HF,22,54,EUR,0.001,0.623159063838954,48
HF,22,54,EAS,0.001,0.912483569224692,48
HF,22,54,AFR,0.001,0.629146825346619,48
HF,22,54,CSA,0.001,0.87156787970835,48
HF,22,54,AMR,0.001,0.809801760690345,48
HF,22,54,MID,0.001,0.787079287511262,48
HF,22,54,MELD_lambda0_afproj,0.01,0.889912668279696,48
HF,22,54,MELD_lambda0_reportN,0.01,0.886313413428218,48
HF,22,54,MELD_lambda0_equal,0.01,0.871817173946913,48
HF,22,54,MELD_lambda1_afproj,0.01,0.903285680109371,48
HF,22,54,EUR,0.01,0.734707515783417,48
HF,22,54,EAS,0.01,0.911527548296834,48
HF,22,54,AFR,0.01,0.62314494036768,48
HF,22,54,CSA,0.01,0.869018510938643,48
HF,22,54,AMR,0.01,0.80426774868633,48
HF,22,54,MID,0.01,0.785568378010782,48
HF,22,54,MELD_lambda0_afproj,0.1,0.890490868248928,48
HF,22,54,MELD_lambda0_reportN,0.1,0.887410117305728,48
HF,22,54,MELD_lambda0_equal,0.1,0.855421193812768,48
HF,22,54,MELD_lambda1_afproj,0.1,0.904526374897128,48
HF,22,54,EUR,0.1,0.770989126062028,48
HF,22,54,EAS,0.1,0.900187364426295,48
HF,22,54,AFR,0.1,0.583352653075643,48
HF,22,54,CSA,0.1,0.843072537567175,48
HF,22,54,AMR,0.1,0.799688493526064,48
HF,22,54,MID,0.1,0.77733132428872,48
HF,22,55,MELD_lambda0_afproj,0.001,0.843509776466067,218
HF,22,55,MELD_lambda0_reportN,0.001,0.843322966723827,218
HF,22,55,MELD_lambda0_equal,0.001,0.905311500974305,218
HF,22,55,MELD_lambda1_afproj,0.001,0.549774718549078,218
HF,22,55,EUR,0.001,0.600556708160227,218
HF,22,55,EAS,0.001,0.618135920471883,218
HF,22,55,AFR,0.001,0.76802573928528,218
HF,22,55,CSA,0.001,0.568173779540875,218
HF,22,55,AMR,0.001,0.765380989481129,218
HF,22,55,MID,0.001,0.730292133049656,218
HF,22,55,MELD_lambda0_afproj,0.01,0.89692206523061,218
HF,22,55,MELD_lambda0_reportN,0.01,0.895956005700326,218
HF,22,55,MELD_lambda0_equal,0.01,0.906705394948797,218
HF,22,55,MELD_lambda1_afproj,0.01,0.853552594275722,218
HF,22,55,EUR,0.01,0.826665974494377,218
HF,22,55,EAS,0.01,0.857748122397715,218
HF,22,55,AFR,0.01,0.757479514835459,218
HF,22,55,CSA,0.01,0.866425842792489,218
HF,22,55,AMR,0.01,0.907563841115096,218
HF,22,55,MID,0.01,0.853748047469146,218
HF,22,55,MELD_lambda0_afproj,0.1,0.894181505261041,218
HF,22,55,MELD_lambda0_reportN,0.1,0.893338872354235,218
HF,22,55,MELD_lambda0_equal,0.1,0.900168704395007,218
HF,22,55,MELD_lambda1_afproj,0.1,0.887676672224158,218
HF,22,55,EUR,0.1,0.867404726203521,218
HF,22,55,EAS,0.1,0.848366054508439,218
HF,22,55,AFR,0.1,0.739135348503416,218
HF,22,55,CSA,0.1,0.891524971294113,218
HF,22,55,AMR,0.1,0.907272843293925,218
HF,22,55,MID,0.1,0.877649327507895,218
HF,22,56,MELD_lambda0_afproj,0.001,0.981233347378156,30
HF,22,56,MELD_lambda0_reportN,0.001,0.981725079774573,30
HF,22,56,MELD_lambda0_equal,0.001,0.969772741342646,30
HF,22,56,MELD_lambda1_afproj,0.001,0.981350299078509,30
HF,22,56,EUR,0.001,0.946606187645402,30
HF,22,56,EAS,0.001,0.794177044460657,30
HF,22,56,AFR,0.001,0.901366174311612,30
HF,22,56,CSA,0.001,0.970458718003533,30
HF,22,56,AMR,0.001,0.963427450479901,30
HF,22,56,MID,0.001,0.977463500022565,30
HF,22,56,MELD_lambda0_afproj,0.01,0.982301055167166,30
HF,22,56,MELD_lambda0_reportN,0.01,0.982896877015663,30
HF,22,56,MELD_lambda0_equal,0.01,0.966361110495813,30
HF,22,56,MELD_lambda1_afproj,0.01,0.983710664605677,30
HF,22,56,EUR,0.01,0.961761703542142,30
HF,22,56,EAS,0.01,0.797419533051497,30
HF,22,56,AFR,0.01,0.900108214685881,30
HF,22,56,CSA,0.01,0.970012393716565,30
HF,22,56,AMR,0.01,0.967703026015954,30
HF,22,56,MID,0.01,0.973822417221988,30
HF,22,56,MELD_lambda0_afproj,0.1,0.970796217127222,30
HF,22,56,MELD_lambda0_reportN,0.1,0.970059048139055,30
HF,22,56,MELD_lambda0_equal,0.1,0.927813801063457,30
HF,22,56,MELD_lambda1_afproj,0.1,0.978005586502436,30
HF,22,56,EUR,0.1,0.978404900010337,30
HF,22,56,EAS,0.1,0.819662407769033,30
HF,22,56,AFR,0.1,0.889845305969284,30
HF,22,56,CSA,0.1,0.964962643656466,30
HF,22,56,AMR,0.1,0.902399265867855,30
HF,22,56,MID,0.1,0.913477102197444,30
HF,22,57,MELD_lambda0_afproj,0.001,0.78247956625073,231
HF,22,57,MELD_lambda0_reportN,0.001,0.783797079281369,231
HF,22,57,MELD_lambda0_equal,0.001,0.908817602629093,231
HF,22,57,MELD_lambda1_afproj,0.001,0.791030870366168,231
HF,22,57,EUR,0.001,0.613990792290682,231
HF,22,57,EAS,0.001,0.569403219240686,231
HF,22,57,AFR,0.001,0.47077372744288,231
HF,22,57,CSA,0.001,0.604334687882655,231
HF,22,57,AMR,0.001,0.845945682502527,231
HF,22,57,MID,0.001,0.649158691905963,231
HF,22,57,MELD_lambda0_afproj,0.01,0.901921907133175,231
HF,22,57,MELD_lambda0_reportN,0.01,0.901094672843627,231
HF,22,57,MELD_lambda0_equal,0.01,0.928261682435359,231
HF,22,57,MELD_lambda1_afproj,0.01,0.901691989103525,231
HF,22,57,EUR,0.01,0.82165501629309,231
HF,22,57,EAS,0.01,0.854523998309346,231
HF,22,57,AFR,0.01,0.71927745767742,231
HF,22,57,CSA,0.01,0.862177099143514,231
HF,22,57,AMR,0.01,0.916824350898691,231
HF,22,57,MID,0.01,0.864460695506661,231
HF,22,57,MELD_lambda0_afproj,0.1,0.91741197333144,231
HF,22,57,MELD_lambda0_reportN,0.1,0.917443793630099,231
HF,22,57,MELD_lambda0_equal,0.1,0.92079927987498,231
HF,22,57,MELD_lambda1_afproj,0.1,0.916845690918255,231
HF,22,57,EUR,0.1,0.883866724730104,231
HF,22,57,EAS,0.1,0.849618193546152,231
HF,22,57,AFR,0.1,0.766664755045606,231
HF,22,57,CSA,0.1,0.866906372259796,231
HF,22,57,AMR,0.1,0.917974407110673,231
HF,22,57,MID,0.1,0.90310077539499,231
HF,22,58,MELD_lambda0_afproj,0.001,0.818376941770786,301
HF,22,58,MELD_lambda0_reportN,0.001,0.818110342931183,301
HF,22,58,MELD_lambda0_equal,0.001,0.851640602239514,301
HF,22,58,MELD_lambda1_afproj,0.001,0.826305361910239,301
HF,22,58,EUR,0.001,0.632577647984754,301
HF,22,58,EAS,0.001,0.594535456021872,301
HF,22,58,AFR,0.001,0.707357924540944,301
HF,22,58,CSA,0.001,0.569488986435884,301
HF,22,58,AMR,0.001,0.610000546902509,301
HF,22,58,MID,0.001,0.829186747435373,301
HF,22,58,MELD_lambda0_afproj,0.01,0.875608773210404,301
HF,22,58,MELD_lambda0_reportN,0.01,0.875156373348786,301
HF,22,58,MELD_lambda0_equal,0.01,0.853575697327121,301
HF,22,58,MELD_lambda1_afproj,0.01,0.881399948698028,301
HF,22,58,EUR,0.01,0.842169305395497,301
HF,22,58,EAS,0.01,0.791629165098765,301
HF,22,58,AFR,0.01,0.756231942097159,301
HF,22,58,CSA,0.01,0.798747297016035,301
HF,22,58,AMR,0.01,0.805391282839216,301
HF,22,58,MID,0.01,0.862697690502756,301
HF,22,58,MELD_lambda0_afproj,0.1,0.873860118832205,301
HF,22,58,MELD_lambda0_reportN,0.1,0.873855553438736,301
HF,22,58,MELD_lambda0_equal,0.1,0.84635339273768,301
HF,22,58,MELD_lambda1_afproj,0.1,0.876512662926224,301
HF,22,58,EUR,0.1,0.868303739537679,301
HF,22,58,EAS,0.1,0.787518002147092,301
HF,22,58,AFR,0.1,0.764312038486648,301
HF,22,58,CSA,0.1,0.8208916030085,301
HF,22,58,AMR,0.1,0.807834070056303,301
HF,22,58,MID,0.1,0.843865137037151,301
HF,22,60,MELD_lambda0_afproj,0.001,0.691580725582593,163
HF,22,60,MELD_lambda0_reportN,0.001,0.685759219667968,163
HF,22,60,MELD_lambda0_equal,0.001,0.666339373169129,163
HF,22,60,MELD_lambda1_afproj,0.001,0.669019540361927,163
HF,22,60,EUR,0.001,0.637216405135451,163
HF,22,60,EAS,0.001,0.568754070716519,163
HF,22,60,AFR,0.001,0.526809902430766,163
HF,22,60,CSA,0.001,0.694887849689601,163
HF,22,60,AMR,0.001,0.621812562945749,163
HF,22,60,MID,0.001,0.563224455694343,163
HF,22,60,MELD_lambda0_afproj,0.01,0.681374252888562,163
HF,22,60,MELD_lambda0_reportN,0.01,0.678001781916773,163
HF,22,60,MELD_lambda0_equal,0.01,0.667156055735757,163
HF,22,60,MELD_lambda1_afproj,0.01,0.658483638574318,163
HF,22,60,EUR,0.01,0.684283626188285,163
HF,22,60,EAS,0.01,0.613900201074045,163
HF,22,60,AFR,0.01,0.529962675425931,163
HF,22,60,CSA,0.01,0.693435865942969,163
HF,22,60,AMR,0.01,0.632463440002721,163
HF,22,60,MID,0.01,0.605028840321851,163
HF,22,60,MELD_lambda0_afproj,0.1,0.667383216815938,163
HF,22,60,MELD_lambda0_reportN,0.1,0.664673483359433,163
HF,22,60,MELD_lambda0_equal,0.1,0.665477243046361,163
HF,22,60,MELD_lambda1_afproj,0.1,0.651403951982084,163
HF,22,60,EUR,0.1,0.652119907923473,163
HF,22,60,EAS,0.1,0.61607292790485,163
HF,22,60,AFR,0.1,0.543265458664955,163
HF,22,60,CSA,0.1,0.693186222379349,163
HF,22,60,AMR,0.1,0.624480024845326,163
HF,22,60,MID,0.1,0.601705332995502,163
HF,22,61,MELD_lambda0_afproj,0.001,0.876744961353323,264
HF,22,61,MELD_lambda0_reportN,0.001,0.876565856480242,264
HF,22,61,MELD_lambda0_equal,0.001,0.93649444206113,264
HF,22,61,MELD_lambda1_afproj,0.001,0.879098242312276,264
HF,22,61,EUR,0.001,0.734594277976483,264
HF,22,61,EAS,0.001,0.783554757458573,264
HF,22,61,AFR,0.001,0.846411765473071,264
HF,22,61,CSA,0.001,0.867975568010917,264
HF,22,61,AMR,0.001,0.797169953760167,264
HF,22,61,MID,0.001,0.866786809976832,264
HF,22,61,MELD_lambda0_afproj,0.01,0.939882407734295,264
HF,22,61,MELD_lambda0_reportN,0.01,0.938850186235002,264
HF,22,61,MELD_lambda0_equal,0.01,0.937272332605932,264
HF,22,61,MELD_lambda1_afproj,0.01,0.940380545893958,264
HF,22,61,EUR,0.01,0.918842259987712,264
HF,22,61,EAS,0.01,0.909406534998676,264
HF,22,61,AFR,0.01,0.895961168764998,264
HF,22,61,CSA,0.01,0.923848903244905,264
HF,22,61,AMR,0.01,0.915098832166992,264
HF,22,61,MID,0.01,0.924089156655355,264
HF,22,61,MELD_lambda0_afproj,0.1,0.939327447862791,264
HF,22,61,MELD_lambda0_reportN,0.1,0.938851859453746,264
HF,22,61,MELD_lambda0_equal,0.1,0.932845724660463,264
HF,22,61,MELD_lambda1_afproj,0.1,0.939261405958697,264
HF,22,61,EUR,0.1,0.92800618724323,264
HF,22,61,EAS,0.1,0.912984067465245,264
HF,22,61,AFR,0.1,0.894786403058358,264
HF,22,61,CSA,0.1,0.929522127584588,264
HF,22,61,AMR,0.1,0.920854603476441,264
HF,22,61,MID,0.1,0.921642759996656,264
HF,22,63,MELD_lambda0_afproj,0.001,0.620412671104273,60
HF,22,63,MELD_lambda0_reportN,0.001,0.620248882039461,60
HF,22,63,MELD_lambda0_equal,0.001,0.567935357520132,60
HF,22,63,MELD_lambda1_afproj,0.001,0.60702461475327,60
HF,22,63,EUR,0.001,0.606947352715918,60
HF,22,63,EAS,0.001,0.491701623368462,60
HF,22,63,AFR,0.001,0.324138612109306,60
HF,22,63,CSA,0.001,0.565851830576033,60
HF,22,63,AMR,0.001,0.553807714837237,60
HF,22,63,MID,0.001,0.567643579071365,60
HF,22,63,MELD_lambda0_afproj,0.01,0.622236677470963,60
HF,22,63,MELD_lambda0_reportN,0.01,0.622900332380084,60
HF,22,63,MELD_lambda0_equal,0.01,0.566292716667793,60
HF,22,63,MELD_lambda1_afproj,0.01,0.611073369785341,60
HF,22,63,EUR,0.01,0.618364711081508,60
HF,22,63,EAS,0.01,0.495132591824554,60
HF,22,63,AFR,0.01,0.320673567542247,60
HF,22,63,CSA,0.01,0.569776698862602,60
HF,22,63,AMR,0.01,0.554855544497031,60
HF,22,63,MID,0.01,0.564080267457244,60
HF,22,63,MELD_lambda0_afproj,0.1,0.610034080258932,60
HF,22,63,MELD_lambda0_reportN,0.1,0.612733909917315,60
HF,22,63,MELD_lambda0_equal,0.1,0.554962145096612,60
HF,22,63,MELD_lambda1_afproj,0.1,0.599950084294676,60
HF,22,63,EUR,0.1,0.616702677137995,60
HF,22,63,EAS,0.1,0.494563380847432,60
HF,22,63,AFR,0.1,0.295692294362495,60
HF,22,63,CSA,0.1,0.567409801487015,60
HF,22,63,AMR,0.1,0.564270411114705,60
HF,22,63,MID,0.1,0.547685437968878,60
HF,22,64,MELD_lambda0_afproj,0.001,0.932001996889724,173
HF,22,64,MELD_lambda0_reportN,0.001,0.931749022909417,173
HF,22,64,MELD_lambda0_equal,0.001,0.94987811788962,173
HF,22,64,MELD_lambda1_afproj,0.001,0.925844009262125,173
HF,22,64,EUR,0.001,0.870521880814749,173
HF,22,64,EAS,0.001,0.704006600764436,173
HF,22,64,AFR,0.001,0.733662713120878,173
HF,22,64,CSA,0.001,0.639616922323309,173
HF,22,64,AMR,0.001,0.658668358091007,173
HF,22,64,MID,0.001,0.871142266132608,173
HF,22,64,MELD_lambda0_afproj,0.01,0.95528840310334,173
HF,22,64,MELD_lambda0_reportN,0.01,0.957038098573128,173
HF,22,64,MELD_lambda0_equal,0.01,0.949733323877834,173
HF,22,64,MELD_lambda1_afproj,0.01,0.956954486348359,173
HF,22,64,EUR,0.01,0.941915300036785,173
HF,22,64,EAS,0.01,0.84997202293252,173
HF,22,64,AFR,0.01,0.735171182558851,173
HF,22,64,CSA,0.01,0.901958547540905,173
HF,22,64,AMR,0.01,0.888293818380075,173
HF,22,64,MID,0.01,0.903836694164369,173
HF,22,64,MELD_lambda0_afproj,0.1,0.948482931536045,173
HF,22,64,MELD_lambda0_reportN,0.1,0.948631312274454,173
HF,22,64,MELD_lambda0_equal,0.1,0.93801540249944,173
HF,22,64,MELD_lambda1_afproj,0.1,0.952564187439717,173
HF,22,64,EUR,0.1,0.941196996008343,173
HF,22,64,EAS,0.1,0.856772331922285,173
HF,22,64,AFR,0.1,0.739298881503045,173
HF,22,64,CSA,0.1,0.909283533391027,173
HF,22,64,AMR,0.1,0.91627413108327,173
HF,22,64,MID,0.1,0.916886271605962,173
HF,22,65,MELD_lambda0_afproj,0.001,0.965532775166906,42
HF,22,65,MELD_lambda0_reportN,0.001,0.965981283025171,42
HF,22,65,MELD_lambda0_equal,0.001,0.956948774155702,42
HF,22,65,MELD_lambda1_afproj,0.001,0.959927311178526,42
HF,22,65,EUR,0.001,0.983006512256959,42
HF,22,65,EAS,0.001,0.982282301263146,42
HF,22,65,AFR,0.001,0.881798004643537,42
HF,22,65,CSA,0.001,0.913438484542637,42
HF,22,65,AMR,0.001,0.968488950224716,42
HF,22,65,MID,0.001,0.966304011948918,42
HF,22,65,MELD_lambda0_afproj,0.01,0.966957352368699,42
HF,22,65,MELD_lambda0_reportN,0.01,0.967775197532928,42
HF,22,65,MELD_lambda0_equal,0.01,0.956354278380255,42
HF,22,65,MELD_lambda1_afproj,0.01,0.964943734105649,42
HF,22,65,EUR,0.01,0.975671613285418,42
HF,22,65,EAS,0.01,0.934535535371723,42
HF,22,65,AFR,0.01,0.881115001348079,42
HF,22,65,CSA,0.01,0.904707339374107,42
HF,22,65,AMR,0.01,0.966498646902046,42
HF,22,65,MID,0.01,0.9653346217052,42
HF,22,65,MELD_lambda0_afproj,0.1,0.962099576326676,42
HF,22,65,MELD_lambda0_reportN,0.1,0.963787267425734,42
HF,22,65,MELD_lambda0_equal,0.1,0.952888252620824,42
HF,22,65,MELD_lambda1_afproj,0.1,0.960825207010134,42
HF,22,65,EUR,0.1,0.96975682542459,42
HF,22,65,EAS,0.1,0.905443793461036,42
HF,22,65,AFR,0.1,0.87308115754032,42
HF,22,65,CSA,0.1,0.902295439828516,42
HF,22,65,AMR,0.1,0.966225064095487,42
HF,22,65,MID,0.1,0.962380645083862,42
HF,22,66,MELD_lambda0_afproj,0.001,0.923029243646192,196
HF,22,66,MELD_lambda0_reportN,0.001,0.921125116077909,196
HF,22,66,MELD_lambda0_equal,0.001,0.915581673672768,196
HF,22,66,MELD_lambda1_afproj,0.001,0.916961415444234,196
HF,22,66,EUR,0.001,0.781979289661467,196
HF,22,66,EAS,0.001,0.718484783674327,196
HF,22,66,AFR,0.001,0.809856240127075,196
HF,22,66,CSA,0.001,0.781270006036121,196
HF,22,66,AMR,0.001,0.729833784342778,196
HF,22,66,MID,0.001,0.7339789552313,196
HF,22,66,MELD_lambda0_afproj,0.01,0.936451531315868,196
HF,22,66,MELD_lambda0_reportN,0.01,0.934652238693602,196
HF,22,66,MELD_lambda0_equal,0.01,0.915640464970138,196
HF,22,66,MELD_lambda1_afproj,0.01,0.933464368833217,196
HF,22,66,EUR,0.01,0.897228260913472,196
HF,22,66,EAS,0.01,0.826452064585081,196
HF,22,66,AFR,0.01,0.818681025702784,196
HF,22,66,CSA,0.01,0.903550082758224,196
HF,22,66,AMR,0.01,0.884862289073962,196
HF,22,66,MID,0.01,0.897296255854357,196
HF,22,66,MELD_lambda0_afproj,0.1,0.920002857714665,196
HF,22,66,MELD_lambda0_reportN,0.1,0.91993230512908,196
HF,22,66,MELD_lambda0_equal,0.1,0.906269642850868,196
HF,22,66,MELD_lambda1_afproj,0.1,0.918151634406863,196
HF,22,66,EUR,0.1,0.906570034527102,196
HF,22,66,EAS,0.1,0.812651333910503,196
HF,22,66,AFR,0.1,0.828450305600689,196
HF,22,66,CSA,0.1,0.899854556726748,196
HF,22,66,AMR,0.1,0.906950023400032,196
HF,22,66,MID,0.1,0.905916699953615,196
HF,22,67,MELD_lambda0_afproj,0.001,0.898747525440606,186
HF,22,67,MELD_lambda0_reportN,0.001,0.900501936068773,186
HF,22,67,MELD_lambda0_equal,0.001,0.915618298816636,186
HF,22,67,MELD_lambda1_afproj,0.001,0.895789154784534,186
HF,22,67,EUR,0.001,0.560193002666679,186
HF,22,67,EAS,0.001,0.752112011463811,186
HF,22,67,AFR,0.001,0.824691476632806,186
HF,22,67,CSA,0.001,0.806142035294859,186
HF,22,67,AMR,0.001,0.722536540359516,186
HF,22,67,MID,0.001,0.868433586603087,186
HF,22,67,MELD_lambda0_afproj,0.01,0.935202701759919,186
HF,22,67,MELD_lambda0_reportN,0.01,0.934108292940909,186
HF,22,67,MELD_lambda0_equal,0.01,0.915227474201721,186
HF,22,67,MELD_lambda1_afproj,0.01,0.933056316016047,186
HF,22,67,EUR,0.01,0.894287138110576,186
HF,22,67,EAS,0.01,0.829792632242249,186
HF,22,67,AFR,0.01,0.824162959908963,186
HF,22,67,CSA,0.01,0.907805161359698,186
HF,22,67,AMR,0.01,0.884904425237797,186
HF,22,67,MID,0.01,0.893767254064931,186
HF,22,67,MELD_lambda0_afproj,0.1,0.923875632062379,186
HF,22,67,MELD_lambda0_reportN,0.1,0.922794450681338,186
HF,22,67,MELD_lambda0_equal,0.1,0.905091963091438,186
HF,22,67,MELD_lambda1_afproj,0.1,0.922314915274312,186
HF,22,67,EUR,0.1,0.913138754168552,186
HF,22,67,EAS,0.1,0.874617194991119,186
HF,22,67,AFR,0.1,0.81656893610339,186
HF,22,67,CSA,0.1,0.909455091092494,186
HF,22,67,AMR,0.1,0.897595586538004,186
HF,22,67,MID,0.1,0.891073475551376,186
HF,22,68,MELD_lambda0_afproj,0.001,0.906567652466827,123
HF,22,68,MELD_lambda0_reportN,0.001,0.907655095254155,123
HF,22,68,MELD_lambda0_equal,0.001,0.906449329185193,123
HF,22,68,MELD_lambda1_afproj,0.001,0.896903327590313,123
HF,22,68,EUR,0.001,0.71377337560607,123
HF,22,68,EAS,0.001,0.72860049801799,123
HF,22,68,AFR,0.001,0.701344824489219,123
HF,22,68,CSA,0.001,0.852567118927663,123
HF,22,68,AMR,0.001,0.835318507543848,123
HF,22,68,MID,0.001,0.870902388255322,123
HF,22,68,MELD_lambda0_afproj,0.01,0.916968614124956,123
HF,22,68,MELD_lambda0_reportN,0.01,0.917581937562068,123
HF,22,68,MELD_lambda0_equal,0.01,0.905899523802039,123
HF,22,68,MELD_lambda1_afproj,0.01,0.91135454151212,123
HF,22,68,EUR,0.01,0.894624835690751,123
HF,22,68,EAS,0.01,0.823789032561024,123
HF,22,68,AFR,0.01,0.702117085000708,123
HF,22,68,CSA,0.01,0.88768856731827,123
HF,22,68,AMR,0.01,0.875501575392419,123
HF,22,68,MID,0.01,0.881421892642805,123
HF,22,68,MELD_lambda0_afproj,0.1,0.907955253850437,123
HF,22,68,MELD_lambda0_reportN,0.1,0.907974055166379,123
HF,22,68,MELD_lambda0_equal,0.1,0.89104775444025,123
HF,22,68,MELD_lambda1_afproj,0.1,0.90199887590866,123
HF,22,68,EUR,0.1,0.904686837539221,123
HF,22,68,EAS,0.1,0.841391939757246,123
HF,22,68,AFR,0.1,0.697306223922893,123
HF,22,68,CSA,0.1,0.88578785647455,123
HF,22,68,AMR,0.1,0.866491704492856,123
HF,22,68,MID,0.1,0.880916500071793,123
HF,22,70,MELD_lambda0_afproj,0.001,0.883495663654758,190
HF,22,70,MELD_lambda0_reportN,0.001,0.892956466961207,190
HF,22,70,MELD_lambda0_equal,0.001,0.886447200744235,190
HF,22,70,MELD_lambda1_afproj,0.001,0.884461184742063,190
HF,22,70,EUR,0.001,0.664046131173243,190
HF,22,70,EAS,0.001,0.58848875589081,190
HF,22,70,AFR,0.001,0.711659000497964,190
HF,22,70,CSA,0.001,0.773499977346457,190
HF,22,70,AMR,0.001,0.818982419407431,190
HF,22,70,MID,0.001,0.784572073341755,190
HF,22,70,MELD_lambda0_afproj,0.01,0.893207223792324,190
HF,22,70,MELD_lambda0_reportN,0.01,0.899141306331172,190
HF,22,70,MELD_lambda0_equal,0.01,0.88717620371712,190
HF,22,70,MELD_lambda1_afproj,0.01,0.897137553500476,190
HF,22,70,EUR,0.01,0.870608489947553,190
HF,22,70,EAS,0.01,0.72604318595366,190
HF,22,70,AFR,0.01,0.765563480662285,190
HF,22,70,CSA,0.01,0.816744212267249,190
HF,22,70,AMR,0.01,0.880063143471742,190
HF,22,70,MID,0.01,0.859996080758869,190
HF,22,70,MELD_lambda0_afproj,0.1,0.875964717548461,190
HF,22,70,MELD_lambda0_reportN,0.1,0.879223303121619,190
HF,22,70,MELD_lambda0_equal,0.1,0.863609326380399,190
HF,22,70,MELD_lambda1_afproj,0.1,0.878975260280026,190
HF,22,70,EUR,0.1,0.871288340100305,190
HF,22,70,EAS,0.1,0.748872768275837,190
HF,22,70,AFR,0.1,0.75976633148606,190
HF,22,70,CSA,0.1,0.802514410869753,190
HF,22,70,AMR,0.1,0.857720315106905,190
HF,22,70,MID,0.1,0.845918093800486,190
HF,22,71,MELD_lambda0_afproj,0.001,0.908461838065694,144
HF,22,71,MELD_lambda0_reportN,0.001,0.910038743681146,144
HF,22,71,MELD_lambda0_equal,0.001,0.855133550837172,144
HF,22,71,MELD_lambda1_afproj,0.001,0.900495009756513,144
HF,22,71,EUR,0.001,0.691936576644354,144
HF,22,71,EAS,0.001,0.741847978985318,144
HF,22,71,AFR,0.001,0.576446001114868,144
HF,22,71,CSA,0.001,0.794599245390394,144
HF,22,71,AMR,0.001,0.689637643167805,144
HF,22,71,MID,0.001,0.774535497587695,144
HF,22,71,MELD_lambda0_afproj,0.01,0.903627815456914,144
HF,22,71,MELD_lambda0_reportN,0.01,0.905817286547273,144
HF,22,71,MELD_lambda0_equal,0.01,0.852907856310092,144
HF,22,71,MELD_lambda1_afproj,0.01,0.900303988460052,144
HF,22,71,EUR,0.01,0.891179731359883,144
HF,22,71,EAS,0.01,0.781712684572245,144
HF,22,71,AFR,0.01,0.58669598754752,144
HF,22,71,CSA,0.01,0.80208863059764,144
HF,22,71,AMR,0.01,0.78907386516572,144
HF,22,71,MID,0.01,0.78448186796684,144
HF,22,71,MELD_lambda0_afproj,0.1,0.873276759355365,144
HF,22,71,MELD_lambda0_reportN,0.1,0.874690488133671,144
HF,22,71,MELD_lambda0_equal,0.1,0.826440433867956,144
HF,22,71,MELD_lambda1_afproj,0.1,0.873282888234036,144
HF,22,71,EUR,0.1,0.865705223918412,144
HF,22,71,EAS,0.1,0.73025333931402,144
HF,22,71,AFR,0.1,0.584434703700448,144
HF,22,71,CSA,0.1,0.792219413709892,144
HF,22,71,AMR,0.1,0.811417068736669,144
HF,22,71,MID,0.1,0.784119860107122,144
HF,22,72,MELD_lambda0_afproj,0.001,0.95060380009339,53
HF,22,72,MELD_lambda0_reportN,0.001,0.950444478348471,53
HF,22,72,MELD_lambda0_equal,0.001,0.930609695889771,53
HF,22,72,MELD_lambda1_afproj,0.001,0.945418506233357,53
HF,22,72,EUR,0.001,0.923906500044917,53
HF,22,72,EAS,0.001,0.839583827876989,53
HF,22,72,AFR,0.001,0.751702835834191,53
HF,22,72,CSA,0.001,0.923132583769286,53
HF,22,72,AMR,0.001,0.950735089073089,53
HF,22,72,MID,0.001,0.918687159578368,53
HF,22,72,MELD_lambda0_afproj,0.01,0.948957228027916,53
HF,22,72,MELD_lambda0_reportN,0.01,0.948646714441728,53
HF,22,72,MELD_lambda0_equal,0.01,0.929771419659935,53
HF,22,72,MELD_lambda1_afproj,0.01,0.942790307478885,53
HF,22,72,EUR,0.01,0.933516701424207,53
HF,22,72,EAS,0.01,0.840388229140712,53
HF,22,72,AFR,0.01,0.749964646007789,53
HF,22,72,CSA,0.01,0.921252732588044,53
HF,22,72,AMR,0.01,0.949885334760661,53
HF,22,72,MID,0.01,0.923618994891691,53
HF,22,72,MELD_lambda0_afproj,0.1,0.940906667269081,53
HF,22,72,MELD_lambda0_reportN,0.1,0.940605848622943,53
HF,22,72,MELD_lambda0_equal,0.1,0.923077107061017,53
HF,22,72,MELD_lambda1_afproj,0.1,0.931273198196163,53
HF,22,72,EUR,0.1,0.929131670156212,53
HF,22,72,EAS,0.1,0.829618594395618,53
HF,22,72,AFR,0.1,0.745493687302149,53
HF,22,72,CSA,0.1,0.916252677398884,53
HF,22,72,AMR,0.1,0.943610142225032,53
HF,22,72,MID,0.1,0.913087550070294,53
HF,22,74,MELD_lambda0_afproj,0.001,0.688478192490253,359
HF,22,74,MELD_lambda0_reportN,0.001,0.701848802063535,359
HF,22,74,MELD_lambda0_equal,0.001,0.845603600050726,359
HF,22,74,MELD_lambda1_afproj,0.001,0.736827065833175,359
HF,22,74,EUR,0.001,0.556427459856895,359
HF,22,74,EAS,0.001,0.371712080574994,359
HF,22,74,AFR,0.001,0.410161510706951,359
HF,22,74,CSA,0.001,0.537436774738703,359
HF,22,74,AMR,0.001,0.659529017540309,359
HF,22,74,MID,0.001,0.556967494440082,359
HF,22,74,MELD_lambda0_afproj,0.01,0.875428418893615,359
HF,22,74,MELD_lambda0_reportN,0.01,0.876592455390999,359
HF,22,74,MELD_lambda0_equal,0.01,0.868283007759938,359
HF,22,74,MELD_lambda1_afproj,0.01,0.886232649475411,359
HF,22,74,EUR,0.01,0.838426363689394,359
HF,22,74,EAS,0.01,0.750128754584419,359
HF,22,74,AFR,0.01,0.713892756004656,359
HF,22,74,CSA,0.01,0.80427945819341,359
HF,22,74,AMR,0.01,0.833445232694313,359
HF,22,74,MID,0.01,0.783966881536727,359
HF,22,74,MELD_lambda0_afproj,0.1,0.882312066311495,359
HF,22,74,MELD_lambda0_reportN,0.1,0.883656448353677,359
HF,22,74,MELD_lambda0_equal,0.1,0.861414081339842,359
HF,22,74,MELD_lambda1_afproj,0.1,0.884465365868678,359
HF,22,74,EUR,0.1,0.872935445275492,359
HF,22,74,EAS,0.1,0.810978945476466,359
HF,22,74,AFR,0.1,0.770556752623469,359
HF,22,74,CSA,0.1,0.820524414777682,359
HF,22,74,AMR,0.1,0.858270027727586,359
HF,22,74,MID,0.1,0.834234104895342,359
IPF,22,1,MELD_lambda0_afproj,0.001,0.916261082136645,66
IPF,22,1,MELD_lambda0_reportN,0.001,0.916778849599894,66
IPF,22,1,MELD_lambda0_equal,0.001,0.871902276774497,66
IPF,22,1,MELD_lambda1_afproj,0.001,0.922543335842964,66
IPF,22,1,EUR,0.001,0.816902375747282,66
IPF,22,1,EAS,0.001,0.843782730537179,66
IPF,22,1,AFR,0.001,0.743218994722152,66
IPF,22,1,CSA,0.001,0.91631428295272,66
IPF,22,1,AMR,0.001,0.90822497081273,66
IPF,22,1,MID,0.001,0.866479324165103,66
IPF,22,1,MELD_lambda0_afproj,0.01,0.915322505578711,66
IPF,22,1,MELD_lambda0_reportN,0.01,0.915069442032832,66
IPF,22,1,MELD_lambda0_equal,0.01,0.869437140348624,66
IPF,22,1,MELD_lambda1_afproj,0.01,0.91860428091522,66
IPF,22,1,EUR,0.01,0.895558352918087,66
IPF,22,1,EAS,0.01,0.852201357224733,66
IPF,22,1,AFR,0.01,0.744349690380408,66
IPF,22,1,CSA,0.01,0.913624592579562,66
IPF,22,1,AMR,0.01,0.900255684424133,66
IPF,22,1,MID,0.01,0.869165786680829,66
IPF,22,1,MELD_lambda0_afproj,0.1,0.892282490183865,66
IPF,22,1,MELD_lambda0_reportN,0.1,0.891633702968724,66
IPF,22,1,MELD_lambda0_equal,0.1,0.852888968053757,66
IPF,22,1,MELD_lambda1_afproj,0.1,0.889574696649417,66
IPF,22,1,EUR,0.1,0.883350791410932,66
IPF,22,1,EAS,0.1,0.83283782828175,66
IPF,22,1,AFR,0.1,0.747668712851118,66
IPF,22,1,CSA,0.1,0.884567627305314,66
IPF,22,1,AMR,0.1,0.872885668426958,66
IPF,22,1,MID,0.1,0.864168365377143,66
IPF,22,2,MELD_lambda0_afproj,0.001,0.734159789418366,39
IPF,22,2,MELD_lambda0_reportN,0.001,0.736077001853326,39
IPF,22,2,MELD_lambda0_equal,0.001,0.746387698247928,39
IPF,22,2,MELD_lambda1_afproj,0.001,0.741710577737853,39
IPF,22,2,EUR,0.001,0.713342473216375,39
IPF,22,2,EAS,0.001,0.598004739456872,39
IPF,22,2,AFR,0.001,0.615167588749441,39
IPF,22,2,CSA,0.001,0.699257632699984,39
IPF,22,2,AMR,0.001,0.750869072635295,39
IPF,22,2,MID,0.001,0.647554285617013,39
IPF,22,2,MELD_lambda0_afproj,0.01,0.733485311070893,39
IPF,22,2,MELD_lambda0_reportN,0.01,0.735063605158261,39
IPF,22,2,MELD_lambda0_equal,0.01,0.747208776529756,39
IPF,22,2,MELD_lambda1_afproj,0.01,0.740796664887857,39
IPF,22,2,EUR,0.01,0.718586210635758,39
IPF,22,2,EAS,0.01,0.605982407839439,39
IPF,22,2,AFR,0.01,0.62022825255853,39
IPF,22,2,CSA,0.01,0.699498695676814,39
IPF,22,2,AMR,0.01,0.753397464485312,39
IPF,22,2,MID,0.01,0.655171102586397,39
IPF,22,2,MELD_lambda0_afproj,0.1,0.718264989627326,39
IPF,22,2,MELD_lambda0_reportN,0.1,0.719562036133443,39
IPF,22,2,MELD_lambda0_equal,0.1,0.740936467263174,39
IPF,22,2,MELD_lambda1_afproj,0.1,0.734035210077848,39
IPF,22,2,EUR,0.1,0.716220563589862,39
IPF,22,2,EAS,0.1,0.602132516109499,39
IPF,22,2,AFR,0.1,0.646378438908668,39
IPF,22,2,CSA,0.1,0.6764738670591,39
IPF,22,2,AMR,0.1,0.757656223979994,39
IPF,22,2,MID,0.1,0.668088832847733,39
IPF,22,4,MELD_lambda0_afproj,0.001,0.513910582032871,160
IPF,22,4,MELD_lambda0_reportN,0.001,0.521963774820956,160
IPF,22,4,MELD_lambda0_equal,0.001,0.695016873293508,160
IPF,22,4,MELD_lambda1_afproj,0.001,0.529906555027891,160
IPF,22,4,EUR,0.001,0.179462076273499,160
IPF,22,4,EAS,0.001,0.25829952200129,160
IPF,22,4,AFR,0.001,0.518619849075874,160
IPF,22,4,CSA,0.001,0.432390263672306,160
IPF,22,4,AMR,0.001,0.432952514585002,160
IPF,22,4,MID,0.001,0.576147975764764,160
IPF,22,4,MELD_lambda0_afproj,0.01,0.749285897136607,160
IPF,22,4,MELD_lambda0_reportN,0.01,0.747941028767919,160
IPF,22,4,MELD_lambda0_equal,0.01,0.742597564180332,160
IPF,22,4,MELD_lambda1_afproj,0.01,0.743912013087158,160
IPF,22,4,EUR,0.01,0.709965424076556,160
IPF,22,4,EAS,0.01,0.576293276817731,160
IPF,22,4,AFR,0.01,0.532493560390547,160
IPF,22,4,CSA,0.01,0.699049243506962,160
IPF,22,4,AMR,0.01,0.693726086140076,160
IPF,22,4,MID,0.01,0.661080806221533,160
IPF,22,4,MELD_lambda0_afproj,0.1,0.808818928657833,160
IPF,22,4,MELD_lambda0_reportN,0.1,0.809301682510428,160
IPF,22,4,MELD_lambda0_equal,0.1,0.773188481195333,160
IPF,22,4,MELD_lambda1_afproj,0.1,0.806026008445265,160
IPF,22,4,EUR,0.1,0.824184869856298,160
IPF,22,4,EAS,0.1,0.68933256707511,160
IPF,22,4,AFR,0.1,0.531619713626853,160
IPF,22,4,CSA,0.1,0.728582661756918,160
IPF,22,4,AMR,0.1,0.780296172703414,160
IPF,22,4,MID,0.1,0.718395317678957,160
IPF,22,5,MELD_lambda0_afproj,0.001,0.426403300352381,86
IPF,22,5,MELD_lambda0_reportN,0.001,0.442771223860747,86
IPF,22,5,MELD_lambda0_equal,0.001,0.652777649604299,86
IPF,22,5,MELD_lambda1_afproj,0.001,0.423046884810737,86
IPF,22,5,EUR,0.001,0.383762155129399,86
IPF,22,5,EAS,0.001,0.519340496898151,86
IPF,22,5,AFR,0.001,0.753343969089219,86
IPF,22,5,CSA,0.001,0.329666459072394,86
IPF,22,5,AMR,0.001,0.613033923655564,86
IPF,22,5,MID,0.001,0.607871165140899,86
IPF,22,5,MELD_lambda0_afproj,0.01,0.548999035210504,86
IPF,22,5,MELD_lambda0_reportN,0.01,0.560721129951812,86
IPF,22,5,MELD_lambda0_equal,0.01,0.643596881503426,86
IPF,22,5,MELD_lambda1_afproj,0.01,0.53816075898409,86
IPF,22,5,EUR,0.01,0.559544344555985,86
IPF,22,5,EAS,0.01,0.534538161623138,86
IPF,22,5,AFR,0.01,0.740967028707892,86
IPF,22,5,CSA,0.01,0.400480597091819,86
IPF,22,5,AMR,0.01,0.789888286174102,86
IPF,22,5,MID,0.01,0.608090229201318,86
IPF,22,5,MELD_lambda0_afproj,0.1,0.645561973989189,86
IPF,22,5,MELD_lambda0_reportN,0.1,0.654017293113583,86
IPF,22,5,MELD_lambda0_equal,0.1,0.631651086468483,86
IPF,22,5,MELD_lambda1_afproj,0.1,0.635411293379104,86
IPF,22,5,EUR,0.1,0.699390560158386,86
IPF,22,5,EAS,0.1,0.509945706364914,86
IPF,22,5,AFR,0.1,0.728287325088856,86
IPF,22,5,CSA,0.1,0.431449559619512,86
IPF,22,5,AMR,0.1,0.792999947771956,86
IPF,22,5,MID,0.1,0.618841314892253,86
IPF,22,7,MELD_lambda0_afproj,0.001,0.835235324368162,272
IPF,22,7,MELD_lambda0_reportN,0.001,0.836143881315713,272
IPF,22,7,MELD_lambda0_equal,0.001,0.881770086455132,272
IPF,22,7,MELD_lambda1_afproj,0.001,0.838067969659729,272
IPF,22,7,EUR,0.001,0.7384302960333,272
IPF,22,7,EAS,0.001,0.404150362618018,272
IPF,22,7,AFR,0.001,0.28158213450862,272
IPF,22,7,CSA,0.001,0.664758953513558,272
IPF,22,7,AMR,0.001,0.738271198285116,272
IPF,22,7,MID,0.001,0.566858474098017,272
IPF,22,7,MELD_lambda0_afproj,0.01,0.930851918181389,272
IPF,22,7,MELD_lambda0_reportN,0.01,0.931053957141066,272
IPF,22,7,MELD_lambda0_equal,0.01,0.93368155479586,272
IPF,22,7,MELD_lambda1_afproj,0.01,0.922827465863635,272
IPF,22,7,EUR,0.01,0.892101920060502,272
IPF,22,7,EAS,0.01,0.781086891899723,272
IPF,22,7,AFR,0.01,0.715310829154923,272
IPF,22,7,CSA,0.01,0.871171138254935,272
IPF,22,7,AMR,0.01,0.905537776664941,272
IPF,22,7,MID,0.01,0.855886667830383,272
IPF,22,7,MELD_lambda0_afproj,0.1,0.93134474319992,272
IPF,22,7,MELD_lambda0_reportN,0.1,0.931965295979393,272
IPF,22,7,MELD_lambda0_equal,0.1,0.930853601351856,272
IPF,22,7,MELD_lambda1_afproj,0.1,0.924897892105832,272
IPF,22,7,EUR,0.1,0.906145062194619,272
IPF,22,7,EAS,0.1,0.861385965848023,272
IPF,22,7,AFR,0.1,0.819355704719951,272
IPF,22,7,CSA,0.1,0.902358675327287,272
IPF,22,7,AMR,0.1,0.920084227701803,272
IPF,22,7,MID,0.1,0.910789486321899,272
IPF,22,8,MELD_lambda0_afproj,0.001,0.896744772405251,86
IPF,22,8,MELD_lambda0_reportN,0.001,0.899662285158151,86
IPF,22,8,MELD_lambda0_equal,0.001,0.902464350094131,86
IPF,22,8,MELD_lambda1_afproj,0.001,0.896398810085223,86
IPF,22,8,EUR,0.001,0.772695837370066,86
IPF,22,8,EAS,0.001,0.817508687797668,86
IPF,22,8,AFR,0.001,0.833940219193412,86
IPF,22,8,CSA,0.001,0.860741419448523,86
IPF,22,8,AMR,0.001,0.90141065122785,86
IPF,22,8,MID,0.001,0.898421612663099,86
IPF,22,8,MELD_lambda0_afproj,0.01,0.910565600908183,86
IPF,22,8,MELD_lambda0_reportN,0.01,0.910888352296521,86
IPF,22,8,MELD_lambda0_equal,0.01,0.901686804610159,86
IPF,22,8,MELD_lambda1_afproj,0.01,0.910400637929925,86
IPF,22,8,EUR,0.01,0.895039197918721,86
IPF,22,8,EAS,0.01,0.871939267844052,86
IPF,22,8,AFR,0.01,0.831947134917115,86
IPF,22,8,CSA,0.01,0.882096795934249,86
IPF,22,8,AMR,0.01,0.926687322542079,86
IPF,22,8,MID,0.01,0.89716449114529,86
IPF,22,8,MELD_lambda0_afproj,0.1,0.908386275285446,86
IPF,22,8,MELD_lambda0_reportN,0.1,0.90773840888356,86
IPF,22,8,MELD_lambda0_equal,0.1,0.897751401724332,86
IPF,22,8,MELD_lambda1_afproj,0.1,0.907595024216545,86
IPF,22,8,EUR,0.1,0.89909037035247,86
IPF,22,8,EAS,0.1,0.869239603339196,86
IPF,22,8,AFR,0.1,0.833729690247733,86
IPF,22,8,CSA,0.1,0.877527452625876,86
IPF,22,8,AMR,0.1,0.911533522193227,86
IPF,22,8,MID,0.1,0.889361146381695,86
IPF,22,10,MELD_lambda0_afproj,0.001,0.83364541442814,189
IPF,22,10,MELD_lambda0_reportN,0.001,0.832370715458208,189
IPF,22,10,MELD_lambda0_equal,0.001,0.907396842331832,189
IPF,22,10,MELD_lambda1_afproj,0.001,0.835112582555654,189
IPF,22,10,EUR,0.001,0.581965331930259,189
IPF,22,10,EAS,0.001,0.459152488717011,189
IPF,22,10,AFR,0.001,0.418584977792208,189
IPF,22,10,CSA,0.001,0.625633523749868,189
IPF,22,10,AMR,0.001,0.60730803439328,189
IPF,22,10,MID,0.001,0.738872991887187,189
IPF,22,10,MELD_lambda0_afproj,0.01,0.898394973363434,189
IPF,22,10,MELD_lambda0_reportN,0.01,0.898744353958831,189
IPF,22,10,MELD_lambda0_equal,0.01,0.913737189194506,189
IPF,22,10,MELD_lambda1_afproj,0.01,0.899354514144715,189
IPF,22,10,EUR,0.01,0.825660718613276,189
IPF,22,10,EAS,0.01,0.822226264633608,189
IPF,22,10,AFR,0.01,0.749796356561014,189
IPF,22,10,CSA,0.01,0.904598411230633,189
IPF,22,10,AMR,0.01,0.851074681083651,189
IPF,22,10,MID,0.01,0.857435203860615,189
IPF,22,10,MELD_lambda0_afproj,0.1,0.919844000747442,189
IPF,22,10,MELD_lambda0_reportN,0.1,0.919709030451128,189
IPF,22,10,MELD_lambda0_equal,0.1,0.916058473977058,189
IPF,22,10,MELD_lambda1_afproj,0.1,0.917680431425416,189
IPF,22,10,EUR,0.1,0.89893522115323,189
IPF,22,10,EAS,0.1,0.885244136429852,189
IPF,22,10,AFR,0.1,0.793054604976846,189
IPF,22,10,CSA,0.1,0.923416146947402,189
IPF,22,10,AMR,0.1,0.897067414191317,189
IPF,22,10,MID,0.1,0.878124198585136,189
IPF,22,11,MELD_lambda0_afproj,0.001,0.856144237374403,123
IPF,22,11,MELD_lambda0_reportN,0.001,0.856235587800941,123
IPF,22,11,MELD_lambda0_equal,0.001,0.882188139074724,123
IPF,22,11,MELD_lambda1_afproj,0.001,0.876535447247678,123
IPF,22,11,EUR,0.001,0.677820163635852,123
IPF,22,11,EAS,0.001,0.839235602669255,123
IPF,22,11,AFR,0.001,0.634817118748578,123
IPF,22,11,CSA,0.001,0.834121956071321,123
IPF,22,11,AMR,0.001,0.650465783690286,123
IPF,22,11,MID,0.001,0.660912653749136,123
IPF,22,11,MELD_lambda0_afproj,0.01,0.897237399126908,123
IPF,22,11,MELD_lambda0_reportN,0.01,0.896594852050937,123
IPF,22,11,MELD_lambda0_equal,0.01,0.918818871249095,123
IPF,22,11,MELD_lambda1_afproj,0.01,0.906774131985542,123
IPF,22,11,EUR,0.01,0.825981741665264,123
IPF,22,11,EAS,0.01,0.914380203326527,123
IPF,22,11,AFR,0.01,0.790518744289843,123
IPF,22,11,CSA,0.01,0.923849221853736,123
IPF,22,11,AMR,0.01,0.906002008343357,123
IPF,22,11,MID,0.01,0.8628312293036,123
IPF,22,11,MELD_lambda0_afproj,0.1,0.887524208899288,123
IPF,22,11,MELD_lambda0_reportN,0.1,0.886505788114868,123
IPF,22,11,MELD_lambda0_equal,0.1,0.906215162136404,123
IPF,22,11,MELD_lambda1_afproj,0.1,0.896826638205134,123
IPF,22,11,EUR,0.1,0.833092474350824,123
IPF,22,11,EAS,0.1,0.915254456568719,123
IPF,22,11,AFR,0.1,0.779911478346265,123
IPF,22,11,CSA,0.1,0.90769674238134,123
IPF,22,11,AMR,0.1,0.894231167579438,123
IPF,22,11,MID,0.1,0.862812654374414,123
IPF,22,12,MELD_lambda0_afproj,0.001,0.967405394731568,47
IPF,22,12,MELD_lambda0_reportN,0.001,0.963922924815552,47
IPF,22,12,MELD_lambda0_equal,0.001,0.949947158486353,47
IPF,22,12,MELD_lambda1_afproj,0.001,0.965292151019484,47
IPF,22,12,EUR,0.001,0.864670037869522,47
IPF,22,12,EAS,0.001,0.959657734152073,47
IPF,22,12,AFR,0.001,0.901270488704132,47
IPF,22,12,CSA,0.001,0.804423133161206,47
IPF,22,12,AMR,0.001,0.891800233056051,47
IPF,22,12,MID,0.001,0.932440992460815,47
IPF,22,12,MELD_lambda0_afproj,0.01,0.958969065924936,47
IPF,22,12,MELD_lambda0_reportN,0.01,0.957844740026224,47
IPF,22,12,MELD_lambda0_equal,0.01,0.950326341073388,47
IPF,22,12,MELD_lambda1_afproj,0.01,0.960333035378192,47
IPF,22,12,EUR,0.01,0.947496963213892,47
IPF,22,12,EAS,0.01,0.969897348193207,47
IPF,22,12,AFR,0.01,0.88789627874157,47
IPF,22,12,CSA,0.01,0.935911056077187,47
IPF,22,12,AMR,0.01,0.954891725952079,47
IPF,22,12,MID,0.01,0.936589018607564,47
IPF,22,12,MELD_lambda0_afproj,0.1,0.958345816744237,47
IPF,22,12,MELD_lambda0_reportN,0.1,0.95835591685446,47
IPF,22,12,MELD_lambda0_equal,0.1,0.953874643593306,47
IPF,22,12,MELD_lambda1_afproj,0.1,0.959968314856017,47
IPF,22,12,EUR,0.1,0.944793923255367,47
IPF,22,12,EAS,0.1,0.968499641679615,47
IPF,22,12,AFR,0.1,0.881431993862017,47
IPF,22,12,CSA,0.1,0.944604595716394,47
IPF,22,12,AMR,0.1,0.960503122223838,47
IPF,22,12,MID,0.1,0.939006541992667,47
IPF,22,13,MELD_lambda0_afproj,0.001,0.842139757775087,91
IPF,22,13,MELD_lambda0_reportN,0.001,0.839145285209311,91
IPF,22,13,MELD_lambda0_equal,0.001,0.892626278814183,91
IPF,22,13,MELD_lambda1_afproj,0.001,0.843527486517104,91
IPF,22,13,EUR,0.001,0.770374434098796,91
IPF,22,13,EAS,0.001,0.676026489615121,91
IPF,22,13,AFR,0.001,0.810939675710443,91
IPF,22,13,CSA,0.001,0.743699492900557,91
IPF,22,13,AMR,0.001,0.655983739450745,91
IPF,22,13,MID,0.001,0.615369938289147,91
IPF,22,13,MELD_lambda0_afproj,0.01,0.875549046862769,91
IPF,22,13,MELD_lambda0_reportN,0.01,0.872961999631235,91
IPF,22,13,MELD_lambda0_equal,0.01,0.886393178460863,91
IPF,22,13,MELD_lambda1_afproj,0.01,0.876712922492504,91
IPF,22,13,EUR,0.01,0.825795455459977,91
IPF,22,13,EAS,0.01,0.851789151460698,91
IPF,22,13,AFR,0.01,0.822104661543707,91
IPF,22,13,CSA,0.01,0.879982663684056,91
IPF,22,13,AMR,0.01,0.815503915178943,91
IPF,22,13,MID,0.01,0.86950155262413,91
IPF,22,13,MELD_lambda0_afproj,0.1,0.855505513284811,91
IPF,22,13,MELD_lambda0_reportN,0.1,0.853855045890566,91
IPF,22,13,MELD_lambda0_equal,0.1,0.870890508579041,91
IPF,22,13,MELD_lambda1_afproj,0.1,0.85808137589554,91
IPF,22,13,EUR,0.1,0.832166340653822,91
IPF,22,13,EAS,0.1,0.846059034671952,91
IPF,22,13,AFR,0.1,0.829876926283753,91
IPF,22,13,CSA,0.1,0.877652782816964,91
IPF,22,13,AMR,0.1,0.844165133187079,91
IPF,22,13,MID,0.1,0.876284074535332,91
IPF,22,14,MELD_lambda0_afproj,0.001,0.93405571861098,57
IPF,22,14,MELD_lambda0_reportN,0.001,0.929628184766446,57
IPF,22,14,MELD_lambda0_equal,0.001,0.93422417838423,57
IPF,22,14,MELD_lambda1_afproj,0.001,0.933934180436086,57
IPF,22,14,EUR,0.001,0.915081816267883,57
IPF,22,14,EAS,0.001,0.933399292006957,57
IPF,22,14,AFR,0.001,0.892492913183828,57
IPF,22,14,CSA,0.001,0.932337893003837,57
IPF,22,14,AMR,0.001,0.942053767142679,57
IPF,22,14,MID,0.001,0.846517476685443,57
IPF,22,14,MELD_lambda0_afproj,0.01,0.936939618976196,57
IPF,22,14,MELD_lambda0_reportN,0.01,0.933384946613182,57
IPF,22,14,MELD_lambda0_equal,0.01,0.937051363380006,57
IPF,22,14,MELD_lambda1_afproj,0.01,0.937393779664214,57
IPF,22,14,EUR,0.01,0.943271004814709,57
IPF,22,14,EAS,0.01,0.966906417770466,57
IPF,22,14,AFR,0.01,0.898938207650921,57
IPF,22,14,CSA,0.01,0.958257480900248,57
IPF,22,14,AMR,0.01,0.943789909693699,57
IPF,22,14,MID,0.01,0.885254327939568,57
IPF,22,14,MELD_lambda0_afproj,0.1,0.943125204782503,57
IPF,22,14,MELD_lambda0_reportN,0.1,0.939762059623748,57
IPF,22,14,MELD_lambda0_equal,0.1,0.941901069982917,57
IPF,22,14,MELD_lambda1_afproj,0.1,0.94517746516739,57
IPF,22,14,EUR,0.1,0.929661197404001,57
IPF,22,14,EAS,0.1,0.961663595956359,57
IPF,22,14,AFR,0.1,0.90893022255947,57
IPF,22,14,CSA,0.1,0.952130581951191,57
IPF,22,14,AMR,0.1,0.946098799860129,57
IPF,22,14,MID,0.1,0.923987556329987,57
IPF,22,16,MELD_lambda0_afproj,0.001,0.977008324044361,44
IPF,22,16,MELD_lambda0_reportN,0.001,0.977601967042096,44
IPF,22,16,MELD_lambda0_equal,0.001,0.962483282352023,44
IPF,22,16,MELD_lambda1_afproj,0.001,0.978085765960614,44
IPF,22,16,EUR,0.001,0.950095968978337,44
IPF,22,16,EAS,0.001,0.947212642203664,44
IPF,22,16,AFR,0.001,0.894460964758016,44
IPF,22,16,CSA,0.001,0.941686972135303,44
IPF,22,16,AMR,0.001,0.975245633989484,44
IPF,22,16,MID,0.001,0.954167056787309,44
IPF,22,16,MELD_lambda0_afproj,0.01,0.980409101244221,44
IPF,22,16,MELD_lambda0_reportN,0.01,0.980265041323447,44
IPF,22,16,MELD_lambda0_equal,0.01,0.963969047911856,44
IPF,22,16,MELD_lambda1_afproj,0.01,0.978869976191807,44
IPF,22,16,EUR,0.01,0.977353127212842,44
IPF,22,16,EAS,0.01,0.947183601650243,44
IPF,22,16,AFR,0.01,0.893880758003459,44
IPF,22,16,CSA,0.01,0.949053224660524,44
IPF,22,16,AMR,0.01,0.984360936812818,44
IPF,22,16,MID,0.01,0.959031424549931,44
IPF,22,16,MELD_lambda0_afproj,0.1,0.974222990785887,44
IPF,22,16,MELD_lambda0_reportN,0.1,0.974754467644255,44
IPF,22,16,MELD_lambda0_equal,0.1,0.9682110859668,44
IPF,22,16,MELD_lambda1_afproj,0.1,0.972040632826678,44
IPF,22,16,EUR,0.1,0.970488529999981,44
IPF,22,16,EAS,0.1,0.949443544954976,44
IPF,22,16,AFR,0.1,0.89167599274472,44
IPF,22,16,CSA,0.1,0.957230379332997,44
IPF,22,16,AMR,0.1,0.980309599245124,44
IPF,22,16,MID,0.1,0.96851454600923,44
IPF,22,17,MELD_lambda0_afproj,0.001,0.801121044401955,85
IPF,22,17,MELD_lambda0_reportN,0.001,0.804781157578048,85
IPF,22,17,MELD_lambda0_equal,0.001,0.870230226229703,85
IPF,22,17,MELD_lambda1_afproj,0.001,0.800914018214267,85
IPF,22,17,EUR,0.001,0.782385370747106,85
IPF,22,17,EAS,0.001,0.747324422836017,85
IPF,22,17,AFR,0.001,0.781133021933661,85
IPF,22,17,CSA,0.001,0.803650360847617,85
IPF,22,17,AMR,0.001,0.658788204710963,85
IPF,22,17,MID,0.001,0.796710535889148,85
IPF,22,17,MELD_lambda0_afproj,0.01,0.889379168055044,85
IPF,22,17,MELD_lambda0_reportN,0.01,0.88954761749946,85
IPF,22,17,MELD_lambda0_equal,0.01,0.874301109066967,85
IPF,22,17,MELD_lambda1_afproj,0.01,0.877650848070509,85
IPF,22,17,EUR,0.01,0.833759978930734,85
IPF,22,17,EAS,0.01,0.922017972662721,85
IPF,22,17,AFR,0.01,0.775053659184626,85
IPF,22,17,CSA,0.01,0.859967689686924,85
IPF,22,17,AMR,0.01,0.796428713744726,85
IPF,22,17,MID,0.01,0.874341931557698,85
IPF,22,17,MELD_lambda0_afproj,0.1,0.902312207745592,85
IPF,22,17,MELD_lambda0_reportN,0.1,0.90278072981113,85
IPF,22,17,MELD_lambda0_equal,0.1,0.873511711680773,85
IPF,22,17,MELD_lambda1_afproj,0.1,0.874370786821259,85
IPF,22,17,EUR,0.1,0.873588327337908,85
IPF,22,17,EAS,0.1,0.912539465278149,85
IPF,22,17,AFR,0.1,0.766728215883818,85
IPF,22,17,CSA,0.1,0.87387699085232,85
IPF,22,17,AMR,0.1,0.834981044117068,85
IPF,22,17,MID,0.1,0.857558334541258,85
IPF,22,19,MELD_lambda0_afproj,0.001,0.655379992878164,195
IPF,22,19,MELD_lambda0_reportN,0.001,0.656895037513382,195
IPF,22,19,MELD_lambda0_equal,0.001,0.858655902104611,195
IPF,22,19,MELD_lambda1_afproj,0.001,0.66257648103452,195
IPF,22,19,EUR,0.001,0.55213986695532,195
IPF,22,19,EAS,0.001,0.491898620751517,195
IPF,22,19,AFR,0.001,0.489840504807629,195
IPF,22,19,CSA,0.001,0.633610682682867,195
IPF,22,19,AMR,0.001,0.531626564670822,195
IPF,22,19,MID,0.001,0.653973460561008,195
IPF,22,19,MELD_lambda0_afproj,0.01,0.874055273476285,195
IPF,22,19,MELD_lambda0_reportN,0.01,0.876551053415511,195
IPF,22,19,MELD_lambda0_equal,0.01,0.872935018192344,195
IPF,22,19,MELD_lambda1_afproj,0.01,0.87511122856703,195
IPF,22,19,EUR,0.01,0.843655435050001,195
IPF,22,19,EAS,0.01,0.7898854924451,195
IPF,22,19,AFR,0.01,0.757235203312004,195
IPF,22,19,CSA,0.01,0.823435859561959,195
IPF,22,19,AMR,0.01,0.815263494645775,195
IPF,22,19,MID,0.01,0.831334176101659,195
IPF,22,19,MELD_lambda0_afproj,0.1,0.892893177842213,195
IPF,22,19,MELD_lambda0_reportN,0.1,0.893559002369528,195
IPF,22,19,MELD_lambda0_equal,0.1,0.874068655176674,195
IPF,22,19,MELD_lambda1_afproj,0.1,0.892115855067466,195
IPF,22,19,EUR,0.1,0.892433306311589,195
IPF,22,19,EAS,0.1,0.796416466111778,195
IPF,22,19,AFR,0.1,0.762690211357243,195
IPF,22,19,CSA,0.1,0.864872373494288,195
IPF,22,19,AMR,0.1,0.842039144815705,195
IPF,22,19,MID,0.1,0.859152603344905,195
IPF,22,20,MELD_lambda0_afproj,0.001,0.715214690668094,94
IPF,22,20,MELD_lambda0_reportN,0.001,0.706047512880239,94
IPF,22,20,MELD_lambda0_equal,0.001,0.807924579095873,94
IPF,22,20,MELD_lambda1_afproj,0.001,0.696741231098548,94
IPF,22,20,EUR,0.001,0.282445378778553,94
IPF,22,20,EAS,0.001,0.72753276761094,94
IPF,22,20,AFR,0.001,0.360430277724778,94
IPF,22,20,CSA,0.001,0.581180410049391,94
IPF,22,20,AMR,0.001,0.880791818139281,94
IPF,22,20,MID,0.001,0.796226872636079,94
IPF,22,20,MELD_lambda0_afproj,0.01,0.8396437016722,94
IPF,22,20,MELD_lambda0_reportN,0.01,0.83406608110629,94
IPF,22,20,MELD_lambda0_equal,0.01,0.822777271688786,94
IPF,22,20,MELD_lambda1_afproj,0.01,0.843207898620072,94
IPF,22,20,EUR,0.01,0.677604188854732,94
IPF,22,20,EAS,0.01,0.841364333109842,94
IPF,22,20,AFR,0.01,0.557273694693845,94
IPF,22,20,CSA,0.01,0.804666336751409,94
IPF,22,20,AMR,0.01,0.809139797697175,94
IPF,22,20,MID,0.01,0.787928484496351,94
IPF,22,20,MELD_lambda0_afproj,0.1,0.868624917226877,94
IPF,22,20,MELD_lambda0_reportN,0.1,0.865815702640798,94
IPF,22,20,MELD_lambda0_equal,0.1,0.843506393432044,94
IPF,22,20,MELD_lambda1_afproj,0.1,0.868403167388969,94
IPF,22,20,EUR,0.1,0.722564054015653,94
IPF,22,20,EAS,0.1,0.872324427481709,94
IPF,22,20,AFR,0.1,0.742909394767865,94
IPF,22,20,CSA,0.1,0.84082759717899,94
IPF,22,20,AMR,0.1,0.764077939934025,94
IPF,22,20,MID,0.1,0.777584546629826,94
IPF,22,21,MELD_lambda0_afproj,0.001,0.707102730638648,51
IPF,22,21,MELD_lambda0_reportN,0.001,0.700758630945629,51
IPF,22,21,MELD_lambda0_equal,0.001,0.736668404358747,51
IPF,22,21,MELD_lambda1_afproj,0.001,0.709115869160724,51
IPF,22,21,EUR,0.001,0.662512817255158,51
IPF,22,21,EAS,0.001,0.860403799126357,51
IPF,22,21,AFR,0.001,0.697142660813378,51
IPF,22,21,CSA,0.001,0.774173453433926,51
IPF,22,21,AMR,0.001,0.727423701862908,51
IPF,22,21,MID,0.001,0.731804918562367,51
IPF,22,21,MELD_lambda0_afproj,0.01,0.753633552131988,51
IPF,22,21,MELD_lambda0_reportN,0.01,0.751623648839663,51
IPF,22,21,MELD_lambda0_equal,0.01,0.73845514685421,51
IPF,22,21,MELD_lambda1_afproj,0.01,0.757510175738981,51
IPF,22,21,EUR,0.01,0.757767067225508,51
IPF,22,21,EAS,0.01,0.761734045923837,51
IPF,22,21,AFR,0.01,0.699625859015971,51
IPF,22,21,CSA,0.01,0.77941878084942,51
IPF,22,21,AMR,0.01,0.741897933360366,51
IPF,22,21,MID,0.01,0.734895970670261,51
IPF,22,21,MELD_lambda0_afproj,0.1,0.751453229060015,51
IPF,22,21,MELD_lambda0_reportN,0.1,0.751165981016277,51
IPF,22,21,MELD_lambda0_equal,0.1,0.74117527486797,51
IPF,22,21,MELD_lambda1_afproj,0.1,0.753686450764932,51
IPF,22,21,EUR,0.1,0.765293181379808,51
IPF,22,21,EAS,0.1,0.748032989391411,51
IPF,22,21,AFR,0.1,0.702453628105964,51
IPF,22,21,CSA,0.1,0.762024702486461,51
IPF,22,21,AMR,0.1,0.723744106756293,51
IPF,22,21,MID,0.1,0.742548983425541,51
IPF,22,22,MELD_lambda0_afproj,0.001,0.807959355292948,152
IPF,22,22,MELD_lambda0_reportN,0.001,0.800449331217273,152
IPF,22,22,MELD_lambda0_equal,0.001,0.880864486798392,152
IPF,22,22,MELD_lambda1_afproj,0.001,0.815737141224902,152
IPF,22,22,EUR,0.001,0.840660624590468,152
IPF,22,22,EAS,0.001,0.679837211321752,152
IPF,22,22,AFR,0.001,0.60879298964433,152
IPF,22,22,CSA,0.001,0.837108142526889,152
IPF,22,22,AMR,0.001,0.884404527414126,152
IPF,22,22,MID,0.001,0.853106636577549,152
IPF,22,22,MELD_lambda0_afproj,0.01,0.906503696808259,152
IPF,22,22,MELD_lambda0_reportN,0.01,0.904892260001349,152
IPF,22,22,MELD_lambda0_equal,0.01,0.898736130444982,152
IPF,22,22,MELD_lambda1_afproj,0.01,0.906628425767919,152
IPF,22,22,EUR,0.01,0.910421792180575,152
IPF,22,22,EAS,0.01,0.766821099948964,152
IPF,22,22,AFR,0.01,0.736891679132876,152
IPF,22,22,CSA,0.01,0.913414501861021,152
IPF,22,22,AMR,0.01,0.893985479179977,152
IPF,22,22,MID,0.01,0.887080297557925,152
IPF,22,22,MELD_lambda0_afproj,0.1,0.908970667845963,152
IPF,22,22,MELD_lambda0_reportN,0.1,0.908682198433452,152
IPF,22,22,MELD_lambda0_equal,0.1,0.902803442736598,152
IPF,22,22,MELD_lambda1_afproj,0.1,0.907668056670273,152
IPF,22,22,EUR,0.1,0.904145695987474,152
IPF,22,22,EAS,0.1,0.812667481417802,152
IPF,22,22,AFR,0.1,0.742662902504115,152
IPF,22,22,CSA,0.1,0.90782255685553,152
IPF,22,22,AMR,0.1,0.889227132243242,152
IPF,22,22,MID,0.1,0.900360590025126,152
IPF,22,23,MELD_lambda0_afproj,0.001,0.808619057853608,165
IPF,22,23,MELD_lambda0_reportN,0.001,0.810521743476218,165
IPF,22,23,MELD_lambda0_equal,0.001,0.823053686380419,165
IPF,22,23,MELD_lambda1_afproj,0.001,0.80503835309204,165
IPF,22,23,EUR,0.001,0.53261669264229,165
IPF,22,23,EAS,0.001,0.60718073673732,165
IPF,22,23,AFR,0.001,0.753873136606195,165
IPF,22,23,CSA,0.001,0.642671058180345,165
IPF,22,23,AMR,0.001,0.711294646081808,165
IPF,22,23,MID,0.001,0.774277518575717,165
IPF,22,23,MELD_lambda0_afproj,0.01,0.82166270346224,165
IPF,22,23,MELD_lambda0_reportN,0.01,0.821464899218753,165
IPF,22,23,MELD_lambda0_equal,0.01,0.821632020098988,165
IPF,22,23,MELD_lambda1_afproj,0.01,0.821001229201707,165
IPF,22,23,EUR,0.01,0.770292665233131,165
IPF,22,23,EAS,0.01,0.73544196039857,165
IPF,22,23,AFR,0.01,0.771637173945074,165
IPF,22,23,CSA,0.01,0.774646366173197,165
IPF,22,23,AMR,0.01,0.784316006534193,165
IPF,22,23,MID,0.01,0.771437239394204,165
IPF,22,23,MELD_lambda0_afproj,0.1,0.827819703445225,165
IPF,22,23,MELD_lambda0_reportN,0.1,0.828841376593783,165
IPF,22,23,MELD_lambda0_equal,0.1,0.818419250983912,165
IPF,22,23,MELD_lambda1_afproj,0.1,0.828049415348422,165
IPF,22,23,EUR,0.1,0.794419501060271,165
IPF,22,23,EAS,0.1,0.77479468992827,165
IPF,22,23,AFR,0.1,0.777837768387295,165
IPF,22,23,CSA,0.1,0.78088024101873,165
IPF,22,23,AMR,0.1,0.786300417268129,165
IPF,22,23,MID,0.1,0.764391759909947,165
IPF,22,25,MELD_lambda0_afproj,0.001,0.903811416766459,115
IPF,22,25,MELD_lambda0_reportN,0.001,0.901254193887933,115
IPF,22,25,MELD_lambda0_equal,0.001,0.924651917327629,115
IPF,22,25,MELD_lambda1_afproj,0.001,0.901756202574759,115
IPF,22,25,EUR,0.001,0.738373589564734,115
IPF,22,25,EAS,0.001,0.709543392325491,115
IPF,22,25,AFR,0.001,0.82284409212147,115
IPF,22,25,CSA,0.001,0.784759375515441,115
IPF,22,25,AMR,0.001,0.811903980355476,115
IPF,22,25,MID,0.001,0.879250804224585,115
IPF,22,25,MELD_lambda0_afproj,0.01,0.929281347994804,115
IPF,22,25,MELD_lambda0_reportN,0.01,0.92774420752988,115
IPF,22,25,MELD_lambda0_equal,0.01,0.924180682018679,115
IPF,22,25,MELD_lambda1_afproj,0.01,0.927736907434303,115
IPF,22,25,EUR,0.01,0.90611357379995,115
IPF,22,25,EAS,0.01,0.871285376755103,115
IPF,22,25,AFR,0.01,0.821994595774373,115
IPF,22,25,CSA,0.01,0.915305463858554,115
IPF,22,25,AMR,0.01,0.911592954884525,115
IPF,22,25,MID,0.01,0.906713364962771,115
IPF,22,25,MELD_lambda0_afproj,0.1,0.924072551699963,115
IPF,22,25,MELD_lambda0_reportN,0.1,0.923856329609115,115
IPF,22,25,MELD_lambda0_equal,0.1,0.911467707155137,115
IPF,22,25,MELD_lambda1_afproj,0.1,0.92044668557529,115
IPF,22,25,EUR,0.1,0.917082114104629,115
IPF,22,25,EAS,0.1,0.879902791774757,115
IPF,22,25,AFR,0.1,0.819018638538714,115
IPF,22,25,CSA,0.1,0.899290400347193,115
IPF,22,25,AMR,0.1,0.907694489494668,115
IPF,22,25,MID,0.1,0.904614110539416,115
IPF,22,26,MELD_lambda0_afproj,0.001,0.809038453504827,183
IPF,22,26,MELD_lambda0_reportN,0.001,0.811576767837887,183
IPF,22,26,MELD_lambda0_equal,0.001,0.906960792109132,183
IPF,22,26,MELD_lambda1_afproj,0.001,0.809210343070725,183
IPF,22,26,EUR,0.001,0.779568548798421,183
IPF,22,26,EAS,0.001,0.687559014407927,183
IPF,22,26,AFR,0.001,0.638231819445616,183
IPF,22,26,CSA,0.001,0.773395441997405,183
IPF,22,26,AMR,0.001,0.815528470470084,183
IPF,22,26,MID,0.001,0.723704767489531,183
IPF,22,26,MELD_lambda0_afproj,0.01,0.911319506560089,183
IPF,22,26,MELD_lambda0_reportN,0.01,0.91245412924402,183
IPF,22,26,MELD_lambda0_equal,0.01,0.905494274491593,183
IPF,22,26,MELD_lambda1_afproj,0.01,0.90914071550778,183
IPF,22,26,EUR,0.01,0.893522957927782,183
IPF,22,26,EAS,0.01,0.825826843041889,183
IPF,22,26,AFR,0.01,0.779409001192934,183
IPF,22,26,CSA,0.01,0.878682099140309,183
IPF,22,26,AMR,0.01,0.904299800842344,183
IPF,22,26,MID,0.01,0.873427897308616,183
IPF,22,26,MELD_lambda0_afproj,0.1,0.915154742318821,183
IPF,22,26,MELD_lambda0_reportN,0.1,0.915962727852204,183
IPF,22,26,MELD_lambda0_equal,0.1,0.901501692394709,183
IPF,22,26,MELD_lambda1_afproj,0.1,0.913175718557501,183
IPF,22,26,EUR,0.1,0.904287661602312,183
IPF,22,26,EAS,0.1,0.847300797124228,183
IPF,22,26,AFR,0.1,0.772250516378114,183
IPF,22,26,CSA,0.1,0.885871579408378,183
IPF,22,26,AMR,0.1,0.897038049701305,183
IPF,22,26,MID,0.1,0.895538036504174,183
IPF,22,27,MELD_lambda0_afproj,0.001,0.646240100854046,340
IPF,22,27,MELD_lambda0_reportN,0.001,0.640383783884561,340
IPF,22,27,MELD_lambda0_equal,0.001,0.851654685213603,340
IPF,22,27,MELD_lambda1_afproj,0.001,0.657078980495817,340
IPF,22,27,EUR,0.001,0.438668116298108,340
IPF,22,27,EAS,0.001,0.290339903641005,340
IPF,22,27,AFR,0.001,0.348671084198738,340
IPF,22,27,CSA,0.001,0.319574347537719,340
IPF,22,27,AMR,0.001,0.348699381849027,340
IPF,22,27,MID,0.001,0.471389754025406,340
IPF,22,27,MELD_lambda0_afproj,0.01,0.843155812703187,340
IPF,22,27,MELD_lambda0_reportN,0.01,0.842751371710536,340
IPF,22,27,MELD_lambda0_equal,0.01,0.849312423324486,340
IPF,22,27,MELD_lambda1_afproj,0.01,0.847529086405981,340
IPF,22,27,EUR,0.01,0.784761279004763,340
IPF,22,27,EAS,0.01,0.616836177605616,340
IPF,22,27,AFR,0.01,0.627020401983875,340
IPF,22,27,CSA,0.01,0.721209526204264,340
IPF,22,27,AMR,0.01,0.719136316679544,340
IPF,22,27,MID,0.01,0.724617801005718,340
IPF,22,27,MELD_lambda0_afproj,0.1,0.843348927995647,340
IPF,22,27,MELD_lambda0_reportN,0.1,0.843501799076901,340
IPF,22,27,MELD_lambda0_equal,0.1,0.828392370486339,340
IPF,22,27,MELD_lambda1_afproj,0.1,0.841112699474354,340
IPF,22,27,EUR,0.1,0.801414381043857,340
IPF,22,27,EAS,0.1,0.717088625772972,340
IPF,22,27,AFR,0.1,0.651901842683792,340
IPF,22,27,CSA,0.1,0.790512229145363,340
IPF,22,27,AMR,0.1,0.777820240215799,340
IPF,22,27,MID,0.1,0.78594930522389,340
IPF,22,28,MELD_lambda0_afproj,0.001,0.741354262855824,214
IPF,22,28,MELD_lambda0_reportN,0.001,0.744238431783466,214
IPF,22,28,MELD_lambda0_equal,0.001,0.796164072994692,214
IPF,22,28,MELD_lambda1_afproj,0.001,0.749035291482196,214
IPF,22,28,EUR,0.001,0.511222738088345,214
IPF,22,28,EAS,0.001,0.484291347494094,214
IPF,22,28,AFR,0.001,0.607728564117756,214
IPF,22,28,CSA,0.001,0.56617221995848,214
IPF,22,28,AMR,0.001,0.483584636292345,214
IPF,22,28,MID,0.001,0.680307735218579,214
IPF,22,28,MELD_lambda0_afproj,0.01,0.773561176240789,214
IPF,22,28,MELD_lambda0_reportN,0.01,0.771615199747183,214
IPF,22,28,MELD_lambda0_equal,0.01,0.798786701537965,214
IPF,22,28,MELD_lambda1_afproj,0.01,0.776662125203208,214
IPF,22,28,EUR,0.01,0.726242760835711,214
IPF,22,28,EAS,0.01,0.715625474819677,214
IPF,22,28,AFR,0.01,0.612416056641053,214
IPF,22,28,CSA,0.01,0.727109788990246,214
IPF,22,28,AMR,0.01,0.714730118004677,214
IPF,22,28,MID,0.01,0.772552713105581,214
IPF,22,28,MELD_lambda0_afproj,0.1,0.786920808425367,214
IPF,22,28,MELD_lambda0_reportN,0.1,0.785517431495901,214
IPF,22,28,MELD_lambda0_equal,0.1,0.797884785796709,214
IPF,22,28,MELD_lambda1_afproj,0.1,0.790276164766664,214
IPF,22,28,EUR,0.1,0.759435156655015,214
IPF,22,28,EAS,0.1,0.788669763564082,214
IPF,22,28,AFR,0.1,0.616726772471238,214
IPF,22,28,CSA,0.1,0.768503343563572,214
IPF,22,28,AMR,0.1,0.764827055834699,214
IPF,22,28,MID,0.1,0.793758881346468,214
IPF,22,29,MELD_lambda0_afproj,0.001,0.869508621442258,291
IPF,22,29,MELD_lambda0_reportN,0.001,0.86773481152895,291
IPF,22,29,MELD_lambda0_equal,0.001,0.942022524480702,291
IPF,22,29,MELD_lambda1_afproj,0.001,0.858927529591383,291
IPF,22,29,EUR,0.001,0.810360754341554,291
IPF,22,29,EAS,0.001,0.675188741380905,291
IPF,22,29,AFR,0.001,0.680723419087518,291
IPF,22,29,CSA,0.001,0.786384025796558,291
IPF,22,29,AMR,0.001,0.822129815230092,291
IPF,22,29,MID,0.001,0.810216968490095,291
IPF,22,29,MELD_lambda0_afproj,0.01,0.956902465669753,291
IPF,22,29,MELD_lambda0_reportN,0.01,0.956239124251461,291
IPF,22,29,MELD_lambda0_equal,0.01,0.955165314877696,291
IPF,22,29,MELD_lambda1_afproj,0.01,0.954755613243628,291
IPF,22,29,EUR,0.01,0.933595338611384,291
IPF,22,29,EAS,0.01,0.89509136452064,291
IPF,22,29,AFR,0.01,0.858007107924682,291
IPF,22,29,CSA,0.01,0.920481943030014,291
IPF,22,29,AMR,0.01,0.930954328786182,291
IPF,22,29,MID,0.01,0.916245547006904,291
IPF,22,29,MELD_lambda0_afproj,0.1,0.955687144967575,291
IPF,22,29,MELD_lambda0_reportN,0.1,0.955441451016432,291
IPF,22,29,MELD_lambda0_equal,0.1,0.952319040146996,291
IPF,22,29,MELD_lambda1_afproj,0.1,0.954625469328604,291
IPF,22,29,EUR,0.1,0.936935994686298,291
IPF,22,29,EAS,0.1,0.923618279547953,291
IPF,22,29,AFR,0.1,0.87309888240257,291
IPF,22,29,CSA,0.1,0.933246310775785,291
IPF,22,29,AMR,0.1,0.944374628955585,291
IPF,22,29,MID,0.1,0.92626011124118,291
IPF,22,31,MELD_lambda0_afproj,0.001,0.868567795513315,359
IPF,22,31,MELD_lambda0_reportN,0.001,0.867565577097188,359
IPF,22,31,MELD_lambda0_equal,0.001,0.88478351536348,359
IPF,22,31,MELD_lambda1_afproj,0.001,0.869566372432773,359
IPF,22,31,EUR,0.001,0.854881773425921,359
IPF,22,31,EAS,0.001,0.650013420870391,359
IPF,22,31,AFR,0.001,0.609928888352357,359
IPF,22,31,CSA,0.001,0.641396025050445,359
IPF,22,31,AMR,0.001,0.841513990725996,359
IPF,22,31,MID,0.001,0.804657442158269,359
IPF,22,31,MELD_lambda0_afproj,0.01,0.953299318307383,359
IPF,22,31,MELD_lambda0_reportN,0.01,0.952848868038566,359
IPF,22,31,MELD_lambda0_equal,0.01,0.946202725957382,359
IPF,22,31,MELD_lambda1_afproj,0.01,0.954352578945594,359
IPF,22,31,EUR,0.01,0.93177867082511,359
IPF,22,31,EAS,0.01,0.891693627143839,359
IPF,22,31,AFR,0.01,0.879773174584487,359
IPF,22,31,CSA,0.01,0.895612230173659,359
IPF,22,31,AMR,0.01,0.933003064405246,359
IPF,22,31,MID,0.01,0.929062080788349,359
IPF,22,31,MELD_lambda0_afproj,0.1,0.955328757577809,359
IPF,22,31,MELD_lambda0_reportN,0.1,0.955610415948922,359
IPF,22,31,MELD_lambda0_equal,0.1,0.94345521266134,359
IPF,22,31,MELD_lambda1_afproj,0.1,0.954066333386432,359
IPF,22,31,EUR,0.1,0.94559548190048,359
IPF,22,31,EAS,0.1,0.922768861390802,359
IPF,22,31,AFR,0.1,0.881086479968529,359
IPF,22,31,CSA,0.1,0.926169898918986,359
IPF,22,31,AMR,0.1,0.943313780473514,359
IPF,22,31,MID,0.1,0.92880660127284,359
IPF,22,32,MELD_lambda0_afproj,0.001,0.960129743567372,113
IPF,22,32,MELD_lambda0_reportN,0.001,0.959656078092096,113
IPF,22,32,MELD_lambda0_equal,0.001,0.931461249032177,113
IPF,22,32,MELD_lambda1_afproj,0.001,0.958539723615919,113
IPF,22,32,EUR,0.001,0.88767965950711,113
IPF,22,32,EAS,0.001,0.558504534216484,113
IPF,22,32,AFR,0.001,0.621544940494036,113
IPF,22,32,CSA,0.001,0.872266728500371,113
IPF,22,32,AMR,0.001,0.836335755943519,113
IPF,22,32,MID,0.001,0.863955048171922,113
IPF,22,32,MELD_lambda0_afproj,0.01,0.960546859027589,113
IPF,22,32,MELD_lambda0_reportN,0.01,0.960264737256088,113
IPF,22,32,MELD_lambda0_equal,0.01,0.930972174043813,113
IPF,22,32,MELD_lambda1_afproj,0.01,0.956492402478994,113
IPF,22,32,EUR,0.01,0.942307011204852,113
IPF,22,32,EAS,0.01,0.807418063165919,113
IPF,22,32,AFR,0.01,0.591126448844561,113
IPF,22,32,CSA,0.01,0.924669557307572,113
IPF,22,32,AMR,0.01,0.932613170945631,113
IPF,22,32,MID,0.01,0.925652046524193,113
IPF,22,32,MELD_lambda0_afproj,0.1,0.939302239929093,113
IPF,22,32,MELD_lambda0_reportN,0.1,0.939490285172838,113
IPF,22,32,MELD_lambda0_equal,0.1,0.917078599649775,113
IPF,22,32,MELD_lambda1_afproj,0.1,0.933344505587646,113
IPF,22,32,EUR,0.1,0.934202860969486,113
IPF,22,32,EAS,0.1,0.864912635048367,113
IPF,22,32,AFR,0.1,0.614535272230778,113
IPF,22,32,CSA,0.1,0.901309400862192,113
IPF,22,32,AMR,0.1,0.934127730232118,113
IPF,22,32,MID,0.1,0.910248204481433,113
IPF,22,34,MELD_lambda0_afproj,0.001,0.907953584995281,302
IPF,22,34,MELD_lambda0_reportN,0.001,0.909105690933199,302
IPF,22,34,MELD_lambda0_equal,0.001,0.953481196337991,302
IPF,22,34,MELD_lambda1_afproj,0.001,0.900179179073578,302
IPF,22,34,EUR,0.001,0.909220312205609,302
IPF,22,34,EAS,0.001,0.613468726797382,302
IPF,22,34,AFR,0.001,0.675975449848258,302
IPF,22,34,CSA,0.001,0.896484012071796,302
IPF,22,34,AMR,0.001,0.895165007619451,302
IPF,22,34,MID,0.001,0.885501784311968,302
IPF,22,34,MELD_lambda0_afproj,0.01,0.964290208538789,302
IPF,22,34,MELD_lambda0_reportN,0.01,0.963897312550605,302
IPF,22,34,MELD_lambda0_equal,0.01,0.962928753475525,302
IPF,22,34,MELD_lambda1_afproj,0.01,0.962571023793394,302
IPF,22,34,EUR,0.01,0.955180945930182,302
IPF,22,34,EAS,0.01,0.859632169749608,302
IPF,22,34,AFR,0.01,0.865271842122677,302
IPF,22,34,CSA,0.01,0.948196685286125,302
IPF,22,34,AMR,0.01,0.944900313858857,302
IPF,22,34,MID,0.01,0.953164129699928,302
IPF,22,34,MELD_lambda0_afproj,0.1,0.967814454298179,302
IPF,22,34,MELD_lambda0_reportN,0.1,0.967793006072002,302
IPF,22,34,MELD_lambda0_equal,0.1,0.959622374871088,302
IPF,22,34,MELD_lambda1_afproj,0.1,0.965845901665557,302
IPF,22,34,EUR,0.1,0.958304651451103,302
IPF,22,34,EAS,0.1,0.897111189355956,302
IPF,22,34,AFR,0.1,0.869310514921409,302
IPF,22,34,CSA,0.1,0.952357787472087,302
IPF,22,34,AMR,0.1,0.947929835855123,302
IPF,22,34,MID,0.1,0.958329613701537,302
IPF,22,37,MELD_lambda0_afproj,0.001,0.69585249652407,660
IPF,22,37,MELD_lambda0_reportN,0.001,0.700679792107202,660
IPF,22,37,MELD_lambda0_equal,0.001,0.773462461753775,660
IPF,22,37,MELD_lambda1_afproj,0.001,0.706590448537665,660
IPF,22,37,EUR,0.001,0.701891366928605,660
IPF,22,37,EAS,0.001,0.25082731324547,660
IPF,22,37,AFR,0.001,0.273525669297803,660
IPF,22,37,CSA,0.001,0.547483235668183,660
IPF,22,37,AMR,0.001,0.569856687293908,660
IPF,22,37,MID,0.001,0.569089327138627,660
IPF,22,37,MELD_lambda0_afproj,0.01,0.870531930957213,660
IPF,22,37,MELD_lambda0_reportN,0.01,0.87231653370797,660
IPF,22,37,MELD_lambda0_equal,0.01,0.889789587241766,660
IPF,22,37,MELD_lambda1_afproj,0.01,0.873336184428387,660
IPF,22,37,EUR,0.01,0.851881515793259,660
IPF,22,37,EAS,0.01,0.681815987360365,660
IPF,22,37,AFR,0.01,0.596187227755412,660
IPF,22,37,CSA,0.01,0.830662181544684,660
IPF,22,37,AMR,0.01,0.781762889526544,660
IPF,22,37,MID,0.01,0.829507499637821,660
IPF,22,37,MELD_lambda0_afproj,0.1,0.892916584461403,660
IPF,22,37,MELD_lambda0_reportN,0.1,0.893950149584351,660
IPF,22,37,MELD_lambda0_equal,0.1,0.895948703934004,660
IPF,22,37,MELD_lambda1_afproj,0.1,0.891682241825789,660
IPF,22,37,EUR,0.1,0.883530940461064,660
IPF,22,37,EAS,0.1,0.825991880637933,660
IPF,22,37,AFR,0.1,0.68699946576168,660
IPF,22,37,CSA,0.1,0.8779104507548,660
IPF,22,37,AMR,0.1,0.844819330416388,660
IPF,22,37,MID,0.1,0.867730911663845,660
IPF,22,38,MELD_lambda0_afproj,0.001,0.620160481968085,39
IPF,22,38,MELD_lambda0_reportN,0.001,0.637325827144891,39
IPF,22,38,MELD_lambda0_equal,0.001,0.65897491775616,39
IPF,22,38,MELD_lambda1_afproj,0.001,0.684381867633018,39
IPF,22,38,EUR,0.001,0.346220055478414,39
IPF,22,38,EAS,0.001,0.750592600395497,39
IPF,22,38,AFR,0.001,0.703625885847482,39
IPF,22,38,CSA,0.001,0.54414545475179,39
IPF,22,38,AMR,0.001,0.495453245730317,39
IPF,22,38,MID,0.001,0.620941380830959,39
IPF,22,38,MELD_lambda0_afproj,0.01,0.746760355378431,39
IPF,22,38,MELD_lambda0_reportN,0.01,0.745130965670653,39
IPF,22,38,MELD_lambda0_equal,0.01,0.673792396902991,39
IPF,22,38,MELD_lambda1_afproj,0.01,0.779743097465113,39
IPF,22,38,EUR,0.01,0.661451967189422,39
IPF,22,38,EAS,0.01,0.741362148507799,39
IPF,22,38,AFR,0.01,0.638753258340254,39
IPF,22,38,CSA,0.01,0.601678022271638,39
IPF,22,38,AMR,0.01,0.601917801372603,39
IPF,22,38,MID,0.01,0.658485268788537,39
IPF,22,38,MELD_lambda0_afproj,0.1,0.772867416351914,39
IPF,22,38,MELD_lambda0_reportN,0.1,0.771497186972689,39
IPF,22,38,MELD_lambda0_equal,0.1,0.732023662016437,39
IPF,22,38,MELD_lambda1_afproj,0.1,0.790258463079224,39
IPF,22,38,EUR,0.1,0.754047423980043,39
IPF,22,38,EAS,0.1,0.718848191217137,39
IPF,22,38,AFR,0.1,0.675894146439293,39
IPF,22,38,CSA,0.1,0.729411651327701,39
IPF,22,38,AMR,0.1,0.673818365203373,39
IPF,22,38,MID,0.1,0.708358323135266,39
IPF,22,39,MELD_lambda0_afproj,0.001,0.952047363721814,168
IPF,22,39,MELD_lambda0_reportN,0.001,0.953001035424717,168
IPF,22,39,MELD_lambda0_equal,0.001,0.971927732368412,168
IPF,22,39,MELD_lambda1_afproj,0.001,0.946863168590664,168
IPF,22,39,EUR,0.001,0.940135514099697,168
IPF,22,39,EAS,0.001,0.687512230765002,168
IPF,22,39,AFR,0.001,0.892410000550296,168
IPF,22,39,CSA,0.001,0.765535518336363,168
IPF,22,39,AMR,0.001,0.899137869975891,168
IPF,22,39,MID,0.001,0.914819316248796,168
IPF,22,39,MELD_lambda0_afproj,0.01,0.972007598856362,168
IPF,22,39,MELD_lambda0_reportN,0.01,0.973148706782986,168
IPF,22,39,MELD_lambda0_equal,0.01,0.975991811674402,168
IPF,22,39,MELD_lambda1_afproj,0.01,0.969228965460914,168
IPF,22,39,EUR,0.01,0.967659226224927,168
IPF,22,39,EAS,0.01,0.876486345640087,168
IPF,22,39,AFR,0.01,0.917996259718645,168
IPF,22,39,CSA,0.01,0.932234398748345,168
IPF,22,39,AMR,0.01,0.977190068091822,168
IPF,22,39,MID,0.01,0.966516439408262,168
IPF,22,39,MELD_lambda0_afproj,0.1,0.97599070657716,168
IPF,22,39,MELD_lambda0_reportN,0.1,0.976487272601517,168
IPF,22,39,MELD_lambda0_equal,0.1,0.977691616933759,168
IPF,22,39,MELD_lambda1_afproj,0.1,0.974708648512379,168
IPF,22,39,EUR,0.1,0.974973565945205,168
IPF,22,39,EAS,0.1,0.934107625577861,168
IPF,22,39,AFR,0.1,0.919952001043258,168
IPF,22,39,CSA,0.1,0.96037922172928,168
IPF,22,39,AMR,0.1,0.981072488986347,168
IPF,22,39,MID,0.1,0.974890285858027,168
IPF,22,40,MELD_lambda0_afproj,0.001,0.741788226464174,37
IPF,22,40,MELD_lambda0_reportN,0.001,0.77111239108181,37
IPF,22,40,MELD_lambda0_equal,0.001,0.836160928635145,37
IPF,22,40,MELD_lambda1_afproj,0.001,0.756245767842003,37
IPF,22,40,EUR,0.001,0.552686596912795,37
IPF,22,40,EAS,0.001,0.577406994370466,37
IPF,22,40,AFR,0.001,0.740328348233529,37
IPF,22,40,CSA,0.001,0.898302640852312,37
IPF,22,40,AMR,0.001,0.920023205976289,37
IPF,22,40,MID,0.001,0.675966882590109,37
IPF,22,40,MELD_lambda0_afproj,0.01,0.804824291279582,37
IPF,22,40,MELD_lambda0_reportN,0.01,0.80783928276758,37
IPF,22,40,MELD_lambda0_equal,0.01,0.834083407568988,37
IPF,22,40,MELD_lambda1_afproj,0.01,0.803401731203605,37
IPF,22,40,EUR,0.01,0.656207071481632,37
IPF,22,40,EAS,0.01,0.676764355070272,37
IPF,22,40,AFR,0.01,0.740451189109466,37
IPF,22,40,CSA,0.01,0.902937812869187,37
IPF,22,40,AMR,0.01,0.912134013741265,37
IPF,22,40,MID,0.01,0.709343517931793,37
IPF,22,40,MELD_lambda0_afproj,0.1,0.730880063217107,37
IPF,22,40,MELD_lambda0_reportN,0.1,0.733801429735019,37
IPF,22,40,MELD_lambda0_equal,0.1,0.794014453869399,37
IPF,22,40,MELD_lambda1_afproj,0.1,0.727391905883123,37
IPF,22,40,EUR,0.1,0.649036158148454,37
IPF,22,40,EAS,0.1,0.649001820739052,37
IPF,22,40,AFR,0.1,0.732092199644716,37
IPF,22,40,CSA,0.1,0.754103703630625,37
IPF,22,40,AMR,0.1,0.791514242399505,37
IPF,22,40,MID,0.1,0.738111968133483,37
IPF,22,41,MELD_lambda0_afproj,0.001,0.84079637291407,240
IPF,22,41,MELD_lambda0_reportN,0.001,0.836336781229981,240
IPF,22,41,MELD_lambda0_equal,0.001,0.926166251757211,240
IPF,22,41,MELD_lambda1_afproj,0.001,0.838425498773096,240
IPF,22,41,EUR,0.001,0.814943299451449,240
IPF,22,41,EAS,0.001,0.630236683779744,240
IPF,22,41,AFR,0.001,0.571031736310602,240
IPF,22,41,CSA,0.001,0.679664905160118,240
IPF,22,41,AMR,0.001,0.661856608871829,240
IPF,22,41,MID,0.001,0.815035346188418,240
IPF,22,41,MELD_lambda0_afproj,0.01,0.926072507548337,240
IPF,22,41,MELD_lambda0_reportN,0.01,0.92592234147489,240
IPF,22,41,MELD_lambda0_equal,0.01,0.924453882747496,240
IPF,22,41,MELD_lambda1_afproj,0.01,0.925925625723803,240
IPF,22,41,EUR,0.01,0.884800784893939,240
IPF,22,41,EAS,0.01,0.840151041845119,240
IPF,22,41,AFR,0.01,0.710333004313583,240
IPF,22,41,CSA,0.01,0.877652765464987,240
IPF,22,41,AMR,0.01,0.860195153803152,240
IPF,22,41,MID,0.01,0.89394863474919,240
IPF,22,41,MELD_lambda0_afproj,0.1,0.921701646060215,240
IPF,22,41,MELD_lambda0_reportN,0.1,0.923866357349334,240
IPF,22,41,MELD_lambda0_equal,0.1,0.912864571681549,240
IPF,22,41,MELD_lambda1_afproj,0.1,0.922817343979481,240
IPF,22,41,EUR,0.1,0.899585649237648,240
IPF,22,41,EAS,0.1,0.867975920663963,240
IPF,22,41,AFR,0.1,0.729347106079832,240
IPF,22,41,CSA,0.1,0.889153769784981,240
IPF,22,41,AMR,0.1,0.901490563889504,240
IPF,22,41,MID,0.1,0.898627001404236,240
IPF,22,42,MELD_lambda0_afproj,0.001,0.773229169425362,237
IPF,22,42,MELD_lambda0_reportN,0.001,0.761914272857634,237
IPF,22,42,MELD_lambda0_equal,0.001,0.830684364678784,237
IPF,22,42,MELD_lambda1_afproj,0.001,0.766664172581639,237
IPF,22,42,EUR,0.001,0.713287971591569,237
IPF,22,42,EAS,0.001,0.630747246920643,237
IPF,22,42,AFR,0.001,0.387555469374113,237
IPF,22,42,CSA,0.001,0.532885532681076,237
IPF,22,42,AMR,0.001,0.703955161181555,237
IPF,22,42,MID,0.001,0.507033914773599,237
IPF,22,42,MELD_lambda0_afproj,0.01,0.878861544978103,237
IPF,22,42,MELD_lambda0_reportN,0.01,0.877327677944551,237
IPF,22,42,MELD_lambda0_equal,0.01,0.847231774079182,237
IPF,22,42,MELD_lambda1_afproj,0.01,0.872957264879503,237
IPF,22,42,EUR,0.01,0.845346589787962,237
IPF,22,42,EAS,0.01,0.827335424433906,237
IPF,22,42,AFR,0.01,0.699676273086924,237
IPF,22,42,CSA,0.01,0.813921879847396,237
IPF,22,42,AMR,0.01,0.835405597147215,237
IPF,22,42,MID,0.01,0.789141870045018,237
IPF,22,42,MELD_lambda0_afproj,0.1,0.874975192551569,237
IPF,22,42,MELD_lambda0_reportN,0.1,0.874712341167811,237
IPF,22,42,MELD_lambda0_equal,0.1,0.852749259913674,237
IPF,22,42,MELD_lambda1_afproj,0.1,0.870770635675034,237
IPF,22,42,EUR,0.1,0.851420643746971,237
IPF,22,42,EAS,0.1,0.84465376536331,237
IPF,22,42,AFR,0.1,0.708118781620039,237
IPF,22,42,CSA,0.1,0.848111216476325,237
IPF,22,42,AMR,0.1,0.836613120088987,237
IPF,22,42,MID,0.1,0.828920841351638,237
IPF,22,43,MELD_lambda0_afproj,0.001,0.80042061407473,45
IPF,22,43,MELD_lambda0_reportN,0.001,0.822241564436859,45
IPF,22,43,MELD_lambda0_equal,0.001,0.694345522706207,45
IPF,22,43,MELD_lambda1_afproj,0.001,0.831075812649993,45
IPF,22,43,EUR,0.001,0.926558957131819,45
IPF,22,43,EAS,0.001,0.547908816812819,45
IPF,22,43,AFR,0.001,0.569574878619104,45
IPF,22,43,CSA,0.001,0.664082224773685,45
IPF,22,43,AMR,0.001,0.872904743188423,45
IPF,22,43,MID,0.001,0.752441404725113,45
IPF,22,43,MELD_lambda0_afproj,0.01,0.728083059882776,45
IPF,22,43,MELD_lambda0_reportN,0.01,0.736437311176308,45
IPF,22,43,MELD_lambda0_equal,0.01,0.695742119393396,45
IPF,22,43,MELD_lambda1_afproj,0.01,0.719679922419978,45
IPF,22,43,EUR,0.01,0.825294683882193,45
IPF,22,43,EAS,0.01,0.558734455210075,45
IPF,22,43,AFR,0.01,0.582234342850904,45
IPF,22,43,CSA,0.01,0.643907724226707,45
IPF,22,43,AMR,0.01,0.841770891067193,45
IPF,22,43,MID,0.01,0.741078877218011,45
IPF,22,43,MELD_lambda0_afproj,0.1,0.69035724368392,45
IPF,22,43,MELD_lambda0_reportN,0.1,0.693935112762309,45
IPF,22,43,MELD_lambda0_equal,0.1,0.682003016499708,45
IPF,22,43,MELD_lambda1_afproj,0.1,0.675475855489885,45
IPF,22,43,EUR,0.1,0.730934300224435,45
IPF,22,43,EAS,0.1,0.53490889375846,45
IPF,22,43,AFR,0.1,0.596617392016299,45
IPF,22,43,CSA,0.1,0.653011886093578,45
IPF,22,43,AMR,0.1,0.741044434896667,45
IPF,22,43,MID,0.1,0.71565699171491,45
IPF,22,44,MELD_lambda0_afproj,0.001,0.848860525018677,142
IPF,22,44,MELD_lambda0_reportN,0.001,0.850303418350591,142
IPF,22,44,MELD_lambda0_equal,0.001,0.890281411398432,142
IPF,22,44,MELD_lambda1_afproj,0.001,0.844440942829119,142
IPF,22,44,EUR,0.001,0.823122807425215,142
IPF,22,44,EAS,0.001,0.615860513726356,142
IPF,22,44,AFR,0.001,0.683545091574581,142
IPF,22,44,CSA,0.001,0.867748090667888,142
IPF,22,44,AMR,0.001,0.82824332720463,142
IPF,22,44,MID,0.001,0.878753423250767,142
IPF,22,44,MELD_lambda0_afproj,0.01,0.911417248478727,142
IPF,22,44,MELD_lambda0_reportN,0.01,0.910664209265603,142
IPF,22,44,MELD_lambda0_equal,0.01,0.889414979381931,142
IPF,22,44,MELD_lambda1_afproj,0.01,0.90949643922333,142
IPF,22,44,EUR,0.01,0.905098900928628,142
IPF,22,44,EAS,0.01,0.852743508473776,142
IPF,22,44,AFR,0.01,0.734067680835453,142
IPF,22,44,CSA,0.01,0.903328427667244,142
IPF,22,44,AMR,0.01,0.882249449139131,142
IPF,22,44,MID,0.01,0.89246793294234,142
IPF,22,44,MELD_lambda0_afproj,0.1,0.915330044819219,142
IPF,22,44,MELD_lambda0_reportN,0.1,0.915195870148059,142
IPF,22,44,MELD_lambda0_equal,0.1,0.887118778886051,142
IPF,22,44,MELD_lambda1_afproj,0.1,0.910178354786377,142
IPF,22,44,EUR,0.1,0.914066441770536,142
IPF,22,44,EAS,0.1,0.868943714536902,142
IPF,22,44,AFR,0.1,0.741108574424594,142
IPF,22,44,CSA,0.1,0.896185287607523,142
IPF,22,44,AMR,0.1,0.881685058826176,142
IPF,22,44,MID,0.1,0.898242473540706,142
IPF,22,45,MELD_lambda0_afproj,0.001,0.81022806993866,150
IPF,22,45,MELD_lambda0_reportN,0.001,0.811429409575293,150
IPF,22,45,MELD_lambda0_equal,0.001,0.819997614922338,150
IPF,22,45,MELD_lambda1_afproj,0.001,0.808153234343121,150
IPF,22,45,EUR,0.001,0.744539341018684,150
IPF,22,45,EAS,0.001,0.686276687120315,150
IPF,22,45,AFR,0.001,0.578303922230349,150
IPF,22,45,CSA,0.001,0.755207359597296,150
IPF,22,45,AMR,0.001,0.445449063206805,150
IPF,22,45,MID,0.001,0.806295882164367,150
IPF,22,45,MELD_lambda0_afproj,0.01,0.8534006028757,150
IPF,22,45,MELD_lambda0_reportN,0.01,0.853854320841884,150
IPF,22,45,MELD_lambda0_equal,0.01,0.824359957161476,150
IPF,22,45,MELD_lambda1_afproj,0.01,0.853100067490194,150
IPF,22,45,EUR,0.01,0.835824394959499,150
IPF,22,45,EAS,0.01,0.827919470918467,150
IPF,22,45,AFR,0.01,0.662981768796267,150
IPF,22,45,CSA,0.01,0.809305361644344,150
IPF,22,45,AMR,0.01,0.763961447462699,150
IPF,22,45,MID,0.01,0.833216082574909,150
IPF,22,45,MELD_lambda0_afproj,0.1,0.862640852601638,150
IPF,22,45,MELD_lambda0_reportN,0.1,0.862253100074764,150
IPF,22,45,MELD_lambda0_equal,0.1,0.832561421657652,150
IPF,22,45,MELD_lambda1_afproj,0.1,0.862236265551671,150
IPF,22,45,EUR,0.1,0.854715537687538,150
IPF,22,45,EAS,0.1,0.831536641875418,150
IPF,22,45,AFR,0.1,0.683940547032568,150
IPF,22,45,CSA,0.1,0.833147917062676,150
IPF,22,45,AMR,0.1,0.812792640267297,150
IPF,22,45,MID,0.1,0.813632307949936,150
IPF,22,46,MELD_lambda0_afproj,0.001,0.810815799603537,160
IPF,22,46,MELD_lambda0_reportN,0.001,0.810003195586796,160
IPF,22,46,MELD_lambda0_equal,0.001,0.853218625249208,160
IPF,22,46,MELD_lambda1_afproj,0.001,0.789002543737354,160
IPF,22,46,EUR,0.001,0.657132464053684,160
IPF,22,46,EAS,0.001,0.580625895691045,160
IPF,22,46,AFR,0.001,0.753184185492714,160
IPF,22,46,CSA,0.001,0.780765146432692,160
IPF,22,46,AMR,0.001,0.549497061348105,160
IPF,22,46,MID,0.001,0.823927515970041,160
IPF,22,46,MELD_lambda0_afproj,0.01,0.863770678873143,160
IPF,22,46,MELD_lambda0_reportN,0.01,0.862777002393761,160
IPF,22,46,MELD_lambda0_equal,0.01,0.86624998774874,160
IPF,22,46,MELD_lambda1_afproj,0.01,0.855234700908994,160
IPF,22,46,EUR,0.01,0.854073515097124,160
IPF,22,46,EAS,0.01,0.773132637154073,160
IPF,22,46,AFR,0.01,0.757337270289643,160
IPF,22,46,CSA,0.01,0.868128455271869,160
IPF,22,46,AMR,0.01,0.807004633160042,160
IPF,22,46,MID,0.01,0.871005045692354,160
IPF,22,46,MELD_lambda0_afproj,0.1,0.873824750921042,160
IPF,22,46,MELD_lambda0_reportN,0.1,0.873639991065321,160
IPF,22,46,MELD_lambda0_equal,0.1,0.866485873882243,160
IPF,22,46,MELD_lambda1_afproj,0.1,0.865723231092475,160
IPF,22,46,EUR,0.1,0.874706544410378,160
IPF,22,46,EAS,0.1,0.790982730714268,160
IPF,22,46,AFR,0.1,0.752382613154623,160
IPF,22,46,CSA,0.1,0.863977553978899,160
IPF,22,46,AMR,0.1,0.835126197397036,160
IPF,22,46,MID,0.1,0.86806106582979,160
IPF,22,47,MELD_lambda0_afproj,0.001,0.909246052574099,154
IPF,22,47,MELD_lambda0_reportN,0.001,0.915568263954751,154
IPF,22,47,MELD_lambda0_equal,0.001,0.939822598633454,154
IPF,22,47,MELD_lambda1_afproj,0.001,0.902711341528302,154
IPF,22,47,EUR,0.001,0.865877534217028,154
IPF,22,47,EAS,0.001,0.830119291925462,154
IPF,22,47,AFR,0.001,0.847699630889373,154
IPF,22,47,CSA,0.001,0.875955772436511,154
IPF,22,47,AMR,0.001,0.867018211297031,154
IPF,22,47,MID,0.001,0.765737395765568,154
IPF,22,47,MELD_lambda0_afproj,0.01,0.963056548890236,154
IPF,22,47,MELD_lambda0_reportN,0.01,0.963517779920205,154
IPF,22,47,MELD_lambda0_equal,0.01,0.940763701026261,154
IPF,22,47,MELD_lambda1_afproj,0.01,0.960285336277363,154
IPF,22,47,EUR,0.01,0.961479725666744,154
IPF,22,47,EAS,0.01,0.942708771900424,154
IPF,22,47,AFR,0.01,0.884431575783919,154
IPF,22,47,CSA,0.01,0.923944463824602,154
IPF,22,47,AMR,0.01,0.929488288638841,154
IPF,22,47,MID,0.01,0.920944108349007,154
IPF,22,47,MELD_lambda0_afproj,0.1,0.950078793151377,154
IPF,22,47,MELD_lambda0_reportN,0.1,0.950400964904959,154
IPF,22,47,MELD_lambda0_equal,0.1,0.936378859025492,154
IPF,22,47,MELD_lambda1_afproj,0.1,0.947556571703212,154
IPF,22,47,EUR,0.1,0.947156161497923,154
IPF,22,47,EAS,0.1,0.934114608699056,154
IPF,22,47,AFR,0.1,0.887822476571495,154
IPF,22,47,CSA,0.1,0.924653569061068,154
IPF,22,47,AMR,0.1,0.930824062965427,154
IPF,22,47,MID,0.1,0.924224445379419,154
IPF,22,48,MELD_lambda0_afproj,0.001,0.819042247752738,118
IPF,22,48,MELD_lambda0_reportN,0.001,0.816784230631069,118
IPF,22,48,MELD_lambda0_equal,0.001,0.893817876268148,118
IPF,22,48,MELD_lambda1_afproj,0.001,0.808744507631214,118
IPF,22,48,EUR,0.001,0.725393279842102,118
IPF,22,48,EAS,0.001,0.472274525421406,118
IPF,22,48,AFR,0.001,0.689105803710894,118
IPF,22,48,CSA,0.001,0.731239421401004,118
IPF,22,48,AMR,0.001,0.637614473851958,118
IPF,22,48,MID,0.001,0.793098578638094,118
IPF,22,48,MELD_lambda0_afproj,0.01,0.894181434906331,118
IPF,22,48,MELD_lambda0_reportN,0.01,0.894345144989454,118
IPF,22,48,MELD_lambda0_equal,0.01,0.882564196250516,118
IPF,22,48,MELD_lambda1_afproj,0.01,0.877161021934423,118
IPF,22,48,EUR,0.01,0.893166652018432,118
IPF,22,48,EAS,0.01,0.799367277556927,118
IPF,22,48,AFR,0.01,0.836911539196772,118
IPF,22,48,CSA,0.01,0.869276684387256,118
IPF,22,48,AMR,0.01,0.854673113329959,118
IPF,22,48,MID,0.01,0.876511423838899,118
IPF,22,48,MELD_lambda0_afproj,0.1,0.888737360165357,118
IPF,22,48,MELD_lambda0_reportN,0.1,0.88894141775842,118
IPF,22,48,MELD_lambda0_equal,0.1,0.889361142785503,118
IPF,22,48,MELD_lambda1_afproj,0.1,0.875236034003866,118
IPF,22,48,EUR,0.1,0.881909077550797,118
IPF,22,48,EAS,0.1,0.845906993531939,118
IPF,22,48,AFR,0.1,0.847863719613771,118
IPF,22,48,CSA,0.1,0.88165193170949,118
IPF,22,48,AMR,0.1,0.886085220264663,118
IPF,22,48,MID,0.1,0.876469299393673,118
IPF,22,49,MELD_lambda0_afproj,0.001,0.553802432760453,159
IPF,22,49,MELD_lambda0_reportN,0.001,0.543513615353583,159
IPF,22,49,MELD_lambda0_equal,0.001,0.852960184522812,159
IPF,22,49,MELD_lambda1_afproj,0.001,0.592194124065853,159
IPF,22,49,EUR,0.001,0.407174204941716,159
IPF,22,49,EAS,0.001,0.5578398380552,159
IPF,22,49,AFR,0.001,0.584822841355999,159
IPF,22,49,CSA,0.001,0.635693306174435,159
IPF,22,49,AMR,0.001,0.67224297971022,159
IPF,22,49,MID,0.001,0.758698397445029,159
IPF,22,49,MELD_lambda0_afproj,0.01,0.856250526644971,159
IPF,22,49,MELD_lambda0_reportN,0.01,0.855749629917355,159
IPF,22,49,MELD_lambda0_equal,0.01,0.859000171657577,159
IPF,22,49,MELD_lambda1_afproj,0.01,0.85842512953601,159
IPF,22,49,EUR,0.01,0.840822834270941,159
IPF,22,49,EAS,0.01,0.770808906290514,159
IPF,22,49,AFR,0.01,0.674690482152016,159
IPF,22,49,CSA,0.01,0.797759844731493,159
IPF,22,49,AMR,0.01,0.849092601270801,159
IPF,22,49,MID,0.01,0.81829028564015,159
IPF,22,49,MELD_lambda0_afproj,0.1,0.874409151156043,159
IPF,22,49,MELD_lambda0_reportN,0.1,0.874136799483344,159
IPF,22,49,MELD_lambda0_equal,0.1,0.84790444571611,159
IPF,22,49,MELD_lambda1_afproj,0.1,0.86739079564166,159
IPF,22,49,EUR,0.1,0.880228339632165,159
IPF,22,49,EAS,0.1,0.776064506187964,159
IPF,22,49,AFR,0.1,0.679952394700441,159
IPF,22,49,CSA,0.1,0.84225764597846,159
IPF,22,49,AMR,0.1,0.862844264801653,159
IPF,22,49,MID,0.1,0.847396063921885,159
IPF,22,50,MELD_lambda0_afproj,0.001,0.772497851878055,97
IPF,22,50,MELD_lambda0_reportN,0.001,0.768195814418314,97
IPF,22,50,MELD_lambda0_equal,0.001,0.842555329273491,97
IPF,22,50,MELD_lambda1_afproj,0.001,0.705917980381062,97
IPF,22,50,EUR,0.001,0.726532966993958,97
IPF,22,50,EAS,0.001,0.752893834516452,97
IPF,22,50,AFR,0.001,0.547749501461856,97
IPF,22,50,CSA,0.001,0.832424581111915,97
IPF,22,50,AMR,0.001,0.897253185483405,97
IPF,22,50,MID,0.001,0.703777188437435,97
IPF,22,50,MELD_lambda0_afproj,0.01,0.87983078846081,97
IPF,22,50,MELD_lambda0_reportN,0.01,0.878455250906305,97
IPF,22,50,MELD_lambda0_equal,0.01,0.841697509143644,97
IPF,22,50,MELD_lambda1_afproj,0.01,0.834411340766122,97
IPF,22,50,EUR,0.01,0.862906799981797,97
IPF,22,50,EAS,0.01,0.831588502062962,97
IPF,22,50,AFR,0.01,0.555338529515765,97
IPF,22,50,CSA,0.01,0.867991001186835,97
IPF,22,50,AMR,0.01,0.881315948057448,97
IPF,22,50,MID,0.01,0.752331939632729,97
IPF,22,50,MELD_lambda0_afproj,0.1,0.876722459926278,97
IPF,22,50,MELD_lambda0_reportN,0.1,0.876305855116453,97
IPF,22,50,MELD_lambda0_equal,0.1,0.83377273236241,97
IPF,22,50,MELD_lambda1_afproj,0.1,0.838881953756804,97
IPF,22,50,EUR,0.1,0.875061782757029,97
IPF,22,50,EAS,0.1,0.818364868255788,97
IPF,22,50,AFR,0.1,0.5688234680599,97
IPF,22,50,CSA,0.1,0.853092036175443,97
IPF,22,50,AMR,0.1,0.85915929147879,97
IPF,22,50,MID,0.1,0.750240534732162,97
IPF,22,52,MELD_lambda0_afproj,0.001,0.890677681459875,37
IPF,22,52,MELD_lambda0_reportN,0.001,0.900740074602091,37
IPF,22,52,MELD_lambda0_equal,0.001,0.854490828039707,37
IPF,22,52,MELD_lambda1_afproj,0.001,0.8657188255275,37
IPF,22,52,EUR,0.001,0.906402398548513,37
IPF,22,52,EAS,0.001,0.832859863511109,37
IPF,22,52,AFR,0.001,0.453889731066566,37
IPF,22,52,CSA,0.001,0.789889763712298,37
IPF,22,52,AMR,0.001,0.766099642973835,37
IPF,22,52,MID,0.001,0.718737204906679,37
IPF,22,52,MELD_lambda0_afproj,0.01,0.883492233544179,37
IPF,22,52,MELD_lambda0_reportN,0.01,0.887301978356166,37
IPF,22,52,MELD_lambda0_equal,0.01,0.85332787903012,37
IPF,22,52,MELD_lambda1_afproj,0.01,0.873654595737016,37
IPF,22,52,EUR,0.01,0.842893411364325,37
IPF,22,52,EAS,0.01,0.88801953370747,37
IPF,22,52,AFR,0.01,0.718338955610064,37
IPF,22,52,CSA,0.01,0.846653227235936,37
IPF,22,52,AMR,0.01,0.792867992143,37
IPF,22,52,MID,0.01,0.737034530620304,37
IPF,22,52,MELD_lambda0_afproj,0.1,0.86340539028944,37
IPF,22,52,MELD_lambda0_reportN,0.1,0.864419707794971,37
IPF,22,52,MELD_lambda0_equal,0.1,0.851133818106564,37
IPF,22,52,MELD_lambda1_afproj,0.1,0.860324734637989,37
IPF,22,52,EUR,0.1,0.850714663058576,37
IPF,22,52,EAS,0.1,0.853397332046947,37
IPF,22,52,AFR,0.1,0.743169974685882,37
IPF,22,52,CSA,0.1,0.856004555427882,37
IPF,22,52,AMR,0.1,0.843406936419257,37
IPF,22,52,MID,0.1,0.788231992882796,37
IPF,22,53,MELD_lambda0_afproj,0.001,0.921948494995799,353
IPF,22,53,MELD_lambda0_reportN,0.001,0.918375250700456,353
IPF,22,53,MELD_lambda0_equal,0.001,0.95478362815065,353
IPF,22,53,MELD_lambda1_afproj,0.001,0.922582147495042,353
IPF,22,53,EUR,0.001,0.834969312965147,353
IPF,22,53,EAS,0.001,0.811955835516545,353
IPF,22,53,AFR,0.001,0.550478656790044,353
IPF,22,53,CSA,0.001,0.91602021925445,353
IPF,22,53,AMR,0.001,0.926702050400755,353
IPF,22,53,MID,0.001,0.853443337735346,353
IPF,22,53,MELD_lambda0_afproj,0.01,0.970115282656706,353
IPF,22,53,MELD_lambda0_reportN,0.01,0.968683247865736,353
IPF,22,53,MELD_lambda0_equal,0.01,0.97158449493027,353
IPF,22,53,MELD_lambda1_afproj,0.01,0.970949541138147,353
IPF,22,53,EUR,0.01,0.942995778736448,353
IPF,22,53,EAS,0.01,0.920443422261727,353
IPF,22,53,AFR,0.01,0.840758460154513,353
IPF,22,53,CSA,0.01,0.959310357302625,353
IPF,22,53,AMR,0.01,0.957243858505221,353
IPF,22,53,MID,0.01,0.950042569543117,353
IPF,22,53,MELD_lambda0_afproj,0.1,0.971435431527639,353
IPF,22,53,MELD_lambda0_reportN,0.1,0.970885489587499,353
IPF,22,53,MELD_lambda0_equal,0.1,0.969180935946527,353
IPF,22,53,MELD_lambda1_afproj,0.1,0.971954957433199,353
IPF,22,53,EUR,0.1,0.961199974688117,353
IPF,22,53,EAS,0.1,0.942667016133213,353
IPF,22,53,AFR,0.1,0.894701269584049,353
IPF,22,53,CSA,0.1,0.964976938428206,353
IPF,22,53,AMR,0.1,0.965028289894238,353
IPF,22,53,MID,0.1,0.959287637226885,353
IPF,22,54,MELD_lambda0_afproj,0.001,0.934558914687433,48
IPF,22,54,MELD_lambda0_reportN,0.001,0.937796848952833,48
IPF,22,54,MELD_lambda0_equal,0.001,0.903845946474653,48
IPF,22,54,MELD_lambda1_afproj,0.001,0.943253209834481,48
IPF,22,54,EUR,0.001,0.906543708219014,48
IPF,22,54,EAS,0.001,0.780089359235129,48
IPF,22,54,AFR,0.001,0.484829404582795,48
IPF,22,54,CSA,0.001,0.853306430593803,48
IPF,22,54,AMR,0.001,0.923793332259759,48
IPF,22,54,MID,0.001,0.872361755143633,48
IPF,22,54,MELD_lambda0_afproj,0.01,0.930602967111999,48
IPF,22,54,MELD_lambda0_reportN,0.01,0.932502807037526,48
IPF,22,54,MELD_lambda0_equal,0.01,0.903992981348405,48
IPF,22,54,MELD_lambda1_afproj,0.01,0.935839707729951,48
IPF,22,54,EUR,0.01,0.923123644521566,48
IPF,22,54,EAS,0.01,0.796831121083827,48
IPF,22,54,AFR,0.01,0.492402777221245,48
IPF,22,54,CSA,0.01,0.861743307629306,48
IPF,22,54,AMR,0.01,0.923353666277157,48
IPF,22,54,MID,0.01,0.871345964502203,48
IPF,22,54,MELD_lambda0_afproj,0.1,0.943410532469361,48
IPF,22,54,MELD_lambda0_reportN,0.1,0.945419666239693,48
IPF,22,54,MELD_lambda0_equal,0.1,0.903191996271928,48
IPF,22,54,MELD_lambda1_afproj,0.1,0.942472434809605,48
IPF,22,54,EUR,0.1,0.938398744185396,48
IPF,22,54,EAS,0.1,0.804775766082571,48
IPF,22,54,AFR,0.1,0.548628618613744,48
IPF,22,54,CSA,0.1,0.869802390384458,48
IPF,22,54,AMR,0.1,0.91545751939638,48
IPF,22,54,MID,0.1,0.859541894770756,48
IPF,22,55,MELD_lambda0_afproj,0.001,0.748101527622637,217
IPF,22,55,MELD_lambda0_reportN,0.001,0.75810516103869,217
IPF,22,55,MELD_lambda0_equal,0.001,0.856163727711057,217
IPF,22,55,MELD_lambda1_afproj,0.001,0.462624572850224,217
IPF,22,55,EUR,0.001,0.643680642640823,217
IPF,22,55,EAS,0.001,0.28091058560794,217
IPF,22,55,AFR,0.001,0.559570015132295,217
IPF,22,55,CSA,0.001,0.722905913873456,217
IPF,22,55,AMR,0.001,0.492678140994655,217
IPF,22,55,MID,0.001,0.678975842724863,217
IPF,22,55,MELD_lambda0_afproj,0.01,0.867907854061001,217
IPF,22,55,MELD_lambda0_reportN,0.01,0.869826475900467,217
IPF,22,55,MELD_lambda0_equal,0.01,0.854805708091516,217
IPF,22,55,MELD_lambda1_afproj,0.01,0.826750384452486,217
IPF,22,55,EUR,0.01,0.843430341020164,217
IPF,22,55,EAS,0.01,0.706657840460577,217
IPF,22,55,AFR,0.01,0.649415429694483,217
IPF,22,55,CSA,0.01,0.82848904786658,217
IPF,22,55,AMR,0.01,0.81895706756488,217
IPF,22,55,MID,0.01,0.842534042763822,217
IPF,22,55,MELD_lambda0_afproj,0.1,0.871348333547648,217
IPF,22,55,MELD_lambda0_reportN,0.1,0.872788125427973,217
IPF,22,55,MELD_lambda0_equal,0.1,0.841930243616903,217
IPF,22,55,MELD_lambda1_afproj,0.1,0.862264616071636,217
IPF,22,55,EUR,0.1,0.868176660775456,217
IPF,22,55,EAS,0.1,0.766996939953873,217
IPF,22,55,AFR,0.1,0.671443260153291,217
IPF,22,55,CSA,0.1,0.803197350897287,217
IPF,22,55,AMR,0.1,0.82159075661525,217
IPF,22,55,MID,0.1,0.835608192519851,217
IPF,22,56,MELD_lambda0_afproj,0.001,0.892390347082049,30
IPF,22,56,MELD_lambda0_reportN,0.001,0.889172338672802,30
IPF,22,56,MELD_lambda0_equal,0.001,0.908988337244627,30
IPF,22,56,MELD_lambda1_afproj,0.001,0.856039695137666,30
IPF,22,56,EUR,0.001,0.87492435052935,30
IPF,22,56,EAS,0.001,0.878627514383085,30
IPF,22,56,AFR,0.001,0.736612893184503,30
IPF,22,56,CSA,0.001,0.833355224037294,30
IPF,22,56,AMR,0.001,0.894216653326547,30
IPF,22,56,MID,0.001,0.899478934416003,30
IPF,22,56,MELD_lambda0_afproj,0.01,0.89813421604121,30
IPF,22,56,MELD_lambda0_reportN,0.01,0.896371644024465,30
IPF,22,56,MELD_lambda0_equal,0.01,0.908909706254125,30
IPF,22,56,MELD_lambda1_afproj,0.01,0.868925185606621,30
IPF,22,56,EUR,0.01,0.878416797908502,30
IPF,22,56,EAS,0.01,0.879367739592457,30
IPF,22,56,AFR,0.01,0.73553721772001,30
IPF,22,56,CSA,0.01,0.832808212689253,30
IPF,22,56,AMR,0.01,0.877345261813903,30
IPF,22,56,MID,0.01,0.897945840580547,30
IPF,22,56,MELD_lambda0_afproj,0.1,0.905467198977202,30
IPF,22,56,MELD_lambda0_reportN,0.1,0.905221809353587,30
IPF,22,56,MELD_lambda0_equal,0.1,0.901352516722037,30
IPF,22,56,MELD_lambda1_afproj,0.1,0.905152772299674,30
IPF,22,56,EUR,0.1,0.842262107047421,30
IPF,22,56,EAS,0.1,0.89814357102551,30
IPF,22,56,AFR,0.1,0.730366682506041,30
IPF,22,56,CSA,0.1,0.819411182364037,30
IPF,22,56,AMR,0.1,0.861053415577884,30
IPF,22,56,MID,0.1,0.877261347841257,30
IPF,22,57,MELD_lambda0_afproj,0.001,0.733875168329201,231
IPF,22,57,MELD_lambda0_reportN,0.001,0.739936717695188,231
IPF,22,57,MELD_lambda0_equal,0.001,0.89514319448797,231
IPF,22,57,MELD_lambda1_afproj,0.001,0.752378334207286,231
IPF,22,57,EUR,0.001,0.75478201437816,231
IPF,22,57,EAS,0.001,0.614235631550114,231
IPF,22,57,AFR,0.001,0.733994612604906,231
IPF,22,57,CSA,0.001,0.726621081575805,231
IPF,22,57,AMR,0.001,0.585549208291666,231
IPF,22,57,MID,0.001,0.794701815990582,231
IPF,22,57,MELD_lambda0_afproj,0.01,0.897643514916726,231
IPF,22,57,MELD_lambda0_reportN,0.01,0.897745552943093,231
IPF,22,57,MELD_lambda0_equal,0.01,0.918585270367506,231
IPF,22,57,MELD_lambda1_afproj,0.01,0.903997309570731,231
IPF,22,57,EUR,0.01,0.878258639582666,231
IPF,22,57,EAS,0.01,0.841095909518477,231
IPF,22,57,AFR,0.01,0.810341866495685,231
IPF,22,57,CSA,0.01,0.888845879186286,231
IPF,22,57,AMR,0.01,0.850610473640758,231
IPF,22,57,MID,0.01,0.909902631929886,231
IPF,22,57,MELD_lambda0_afproj,0.1,0.901751579305192,231
IPF,22,57,MELD_lambda0_reportN,0.1,0.902207576186914,231
IPF,22,57,MELD_lambda0_equal,0.1,0.908604695655925,231
IPF,22,57,MELD_lambda1_afproj,0.1,0.901455247133084,231
IPF,22,57,EUR,0.1,0.891585473714155,231
IPF,22,57,EAS,0.1,0.873696714975839,231
IPF,22,57,AFR,0.1,0.810571830788337,231
IPF,22,57,CSA,0.1,0.891392534725717,231
IPF,22,57,AMR,0.1,0.883534147182643,231
IPF,22,57,MID,0.1,0.900510555262052,231
IPF,22,58,MELD_lambda0_afproj,0.001,0.551101790067829,301
IPF,22,58,MELD_lambda0_reportN,0.001,0.54701502353791,301
IPF,22,58,MELD_lambda0_equal,0.001,0.77325371188184,301
IPF,22,58,MELD_lambda1_afproj,0.001,0.538502873777771,301
IPF,22,58,EUR,0.001,0.222059501224731,301
IPF,22,58,EAS,0.001,0.345967021263424,301
IPF,22,58,AFR,0.001,0.562816008942783,301
IPF,22,58,CSA,0.001,0.528633138783222,301
IPF,22,58,AMR,0.001,0.38452960737421,301
IPF,22,58,MID,0.001,0.597036725240169,301
IPF,22,58,MELD_lambda0_afproj,0.01,0.767491813046696,301
IPF,22,58,MELD_lambda0_reportN,0.01,0.766744017476573,301
IPF,22,58,MELD_lambda0_equal,0.01,0.772637488877351,301
IPF,22,58,MELD_lambda1_afproj,0.01,0.762268070284577,301
IPF,22,58,EUR,0.01,0.727800956871933,301
IPF,22,58,EAS,0.01,0.62355828436033,301
IPF,22,58,AFR,0.01,0.583266375452086,301
IPF,22,58,CSA,0.01,0.720017422913717,301
IPF,22,58,AMR,0.01,0.694489142284557,301
IPF,22,58,MID,0.01,0.71892630651487,301
IPF,22,58,MELD_lambda0_afproj,0.1,0.796784295755363,301
IPF,22,58,MELD_lambda0_reportN,0.1,0.796972852114765,301
IPF,22,58,MELD_lambda0_equal,0.1,0.770771503913828,301
IPF,22,58,MELD_lambda1_afproj,0.1,0.796190184926472,301
IPF,22,58,EUR,0.1,0.803102355760145,301
IPF,22,58,EAS,0.1,0.674227307750934,301
IPF,22,58,AFR,0.1,0.591685186007089,301
IPF,22,58,CSA,0.1,0.748575800106476,301
IPF,22,58,AMR,0.1,0.766504869127189,301
IPF,22,58,MID,0.1,0.748329026467412,301
IPF,22,60,MELD_lambda0_afproj,0.001,0.659908122409784,163
IPF,22,60,MELD_lambda0_reportN,0.001,0.658421605655728,163
IPF,22,60,MELD_lambda0_equal,0.001,0.69052078251525,163
IPF,22,60,MELD_lambda1_afproj,0.001,0.661099494276333,163
IPF,22,60,EUR,0.001,0.604542161892553,163
IPF,22,60,EAS,0.001,0.608288604962664,163
IPF,22,60,AFR,0.001,0.633106270889036,163
IPF,22,60,CSA,0.001,0.59564906981096,163
IPF,22,60,AMR,0.001,0.695257852286582,163
IPF,22,60,MID,0.001,0.583389661545428,163
IPF,22,60,MELD_lambda0_afproj,0.01,0.702336770353808,163
IPF,22,60,MELD_lambda0_reportN,0.01,0.703665615623017,163
IPF,22,60,MELD_lambda0_equal,0.01,0.693963903241718,163
IPF,22,60,MELD_lambda1_afproj,0.01,0.696751095412617,163
IPF,22,60,EUR,0.01,0.692495977702638,163
IPF,22,60,EAS,0.01,0.72499200482699,163
IPF,22,60,AFR,0.01,0.635863576105938,163
IPF,22,60,CSA,0.01,0.646807683983388,163
IPF,22,60,AMR,0.01,0.729880836571731,163
IPF,22,60,MID,0.01,0.604405862273658,163
IPF,22,60,MELD_lambda0_afproj,0.1,0.713309247380407,163
IPF,22,60,MELD_lambda0_reportN,0.1,0.713379665067179,163
IPF,22,60,MELD_lambda0_equal,0.1,0.691782703708267,163
IPF,22,60,MELD_lambda1_afproj,0.1,0.703913507401862,163
IPF,22,60,EUR,0.1,0.71236747734849,163
IPF,22,60,EAS,0.1,0.738192722204898,163
IPF,22,60,AFR,0.1,0.631381036143082,163
IPF,22,60,CSA,0.1,0.67309872420585,163
IPF,22,60,AMR,0.1,0.736060431860305,163
IPF,22,60,MID,0.1,0.620934463906729,163
IPF,22,61,MELD_lambda0_afproj,0.001,0.838248022119492,263
IPF,22,61,MELD_lambda0_reportN,0.001,0.834078406592169,263
IPF,22,61,MELD_lambda0_equal,0.001,0.846968682050882,263
IPF,22,61,MELD_lambda1_afproj,0.001,0.836247700770259,263
IPF,22,61,EUR,0.001,0.716101840075918,263
IPF,22,61,EAS,0.001,0.319541914441168,263
IPF,22,61,AFR,0.001,0.501993175233224,263
IPF,22,61,CSA,0.001,0.770899603409584,263
IPF,22,61,AMR,0.001,0.651431382383399,263
IPF,22,61,MID,0.001,0.72099327447674,263
IPF,22,61,MELD_lambda0_afproj,0.01,0.908596106865573,263
IPF,22,61,MELD_lambda0_reportN,0.01,0.908244832641853,263
IPF,22,61,MELD_lambda0_equal,0.01,0.873255036064466,263
IPF,22,61,MELD_lambda1_afproj,0.01,0.905696661566461,263
IPF,22,61,EUR,0.01,0.882494550163586,263
IPF,22,61,EAS,0.01,0.744267604714027,263
IPF,22,61,AFR,0.01,0.662082989506812,263
IPF,22,61,CSA,0.01,0.878060676931584,263
IPF,22,61,AMR,0.01,0.831230934148895,263
IPF,22,61,MID,0.01,0.839364291960676,263
IPF,22,61,MELD_lambda0_afproj,0.1,0.886529201297767,263
IPF,22,61,MELD_lambda0_reportN,0.1,0.88675861815482,263
IPF,22,61,MELD_lambda0_equal,0.1,0.86302277748418,263
IPF,22,61,MELD_lambda1_afproj,0.1,0.881628545140028,263
IPF,22,61,EUR,0.1,0.878143331285146,263
IPF,22,61,EAS,0.1,0.808911049507483,263
IPF,22,61,AFR,0.1,0.667247637919415,263
IPF,22,61,CSA,0.1,0.856600976984299,263
IPF,22,61,AMR,0.1,0.830744088644665,263
IPF,22,61,MID,0.1,0.863244529711721,263
IPF,22,63,MELD_lambda0_afproj,0.001,0.64097740737419,60
IPF,22,63,MELD_lambda0_reportN,0.001,0.644586718496471,60
IPF,22,63,MELD_lambda0_equal,0.001,0.60538854221844,60
IPF,22,63,MELD_lambda1_afproj,0.001,0.645109977446766,60
IPF,22,63,EUR,0.001,0.649003257119303,60
IPF,22,63,EAS,0.001,0.667750768672486,60
IPF,22,63,AFR,0.001,0.45005263052977,60
IPF,22,63,CSA,0.001,0.475154619271639,60
IPF,22,63,AMR,0.001,0.693943239484021,60
IPF,22,63,MID,0.001,0.592607333886634,60
IPF,22,63,MELD_lambda0_afproj,0.01,0.654788946142705,60
IPF,22,63,MELD_lambda0_reportN,0.01,0.65789208159503,60
IPF,22,63,MELD_lambda0_equal,0.01,0.603252823453794,60
IPF,22,63,MELD_lambda1_afproj,0.01,0.659606586751037,60
IPF,22,63,EUR,0.01,0.669841647286686,60
IPF,22,63,EAS,0.01,0.67236654294855,60
IPF,22,63,AFR,0.01,0.449819611903053,60
IPF,22,63,CSA,0.01,0.484836287981251,60
IPF,22,63,AMR,0.01,0.686050336431205,60
IPF,22,63,MID,0.01,0.590613384922878,60
IPF,22,63,MELD_lambda0_afproj,0.1,0.6252547700772,60
IPF,22,63,MELD_lambda0_reportN,0.1,0.626819983652208,60
IPF,22,63,MELD_lambda0_equal,0.1,0.572059996611855,60
IPF,22,63,MELD_lambda1_afproj,0.1,0.624853137018827,60
IPF,22,63,EUR,0.1,0.644213928046917,60
IPF,22,63,EAS,0.1,0.648817571513391,60
IPF,22,63,AFR,0.1,0.445167838759251,60
IPF,22,63,CSA,0.1,0.500164575830582,60
IPF,22,63,AMR,0.1,0.625802342083509,60
IPF,22,63,MID,0.1,0.566021559829721,60
IPF,22,64,MELD_lambda0_afproj,0.001,0.624316440691981,173
IPF,22,64,MELD_lambda0_reportN,0.001,0.631989028499182,173
IPF,22,64,MELD_lambda0_equal,0.001,0.930835929981569,173
IPF,22,64,MELD_lambda1_afproj,0.001,0.620142737834078,173
IPF,22,64,EUR,0.001,0.470529691625325,173
IPF,22,64,EAS,0.001,0.309045604215872,173
IPF,22,64,AFR,0.001,0.70509357122015,173
IPF,22,64,CSA,0.001,0.465009714327276,173
IPF,22,64,AMR,0.001,0.803851285440831,173
IPF,22,64,MID,0.001,0.860927838399504,173
IPF,22,64,MELD_lambda0_afproj,0.01,0.886092001296708,173
IPF,22,64,MELD_lambda0_reportN,0.01,0.88671792773378,173
IPF,22,64,MELD_lambda0_equal,0.01,0.927641404553057,173
IPF,22,64,MELD_lambda1_afproj,0.01,0.880299625272618,173
IPF,22,64,EUR,0.01,0.808135340157129,173
IPF,22,64,EAS,0.01,0.764945435107582,173
IPF,22,64,AFR,0.01,0.698832752905229,173
IPF,22,64,CSA,0.01,0.804912099380717,173
IPF,22,64,AMR,0.01,0.902419293132834,173
IPF,22,64,MID,0.01,0.906751031618067,173
IPF,22,64,MELD_lambda0_afproj,0.1,0.914950776825028,173
IPF,22,64,MELD_lambda0_reportN,0.1,0.914994021243707,173
IPF,22,64,MELD_lambda0_equal,0.1,0.915242006048038,173
IPF,22,64,MELD_lambda1_afproj,0.1,0.910517986998284,173
IPF,22,64,EUR,0.1,0.879379449792699,173
IPF,22,64,EAS,0.1,0.812970948443634,173
IPF,22,64,AFR,0.1,0.667459012426247,173
IPF,22,64,CSA,0.1,0.861774025985764,173
IPF,22,64,AMR,0.1,0.905606608257308,173
IPF,22,64,MID,0.1,0.90620838258916,173
IPF,22,65,MELD_lambda0_afproj,0.001,0.762103302942335,42
IPF,22,65,MELD_lambda0_reportN,0.001,0.784753487323883,42
IPF,22,65,MELD_lambda0_equal,0.001,0.931854047624537,42
IPF,22,65,MELD_lambda1_afproj,0.001,0.782893190020121,42
IPF,22,65,EUR,0.001,0.730142590711573,42
IPF,22,65,EAS,0.001,0.822388494482478,42
IPF,22,65,AFR,0.001,0.811365590029264,42
IPF,22,65,CSA,0.001,0.846319049325217,42
IPF,22,65,AMR,0.001,0.702649788326088,42
IPF,22,65,MID,0.001,0.890599555282645,42
IPF,22,65,MELD_lambda0_afproj,0.01,0.896705066211749,42
IPF,22,65,MELD_lambda0_reportN,0.01,0.894816095192261,42
IPF,22,65,MELD_lambda0_equal,0.01,0.93417660055656,42
IPF,22,65,MELD_lambda1_afproj,0.01,0.893772852015118,42
IPF,22,65,EUR,0.01,0.898590116205397,42
IPF,22,65,EAS,0.01,0.871998051578285,42
IPF,22,65,AFR,0.01,0.814313729144529,42
IPF,22,65,CSA,0.01,0.90826143264615,42
IPF,22,65,AMR,0.01,0.87424273356867,42
IPF,22,65,MID,0.01,0.896523070401769,42
IPF,22,65,MELD_lambda0_afproj,0.1,0.897773138371326,42
IPF,22,65,MELD_lambda0_reportN,0.1,0.896807108116023,42
IPF,22,65,MELD_lambda0_equal,0.1,0.929797654289734,42
IPF,22,65,MELD_lambda1_afproj,0.1,0.897179256571949,42
IPF,22,65,EUR,0.1,0.899581617671493,42
IPF,22,65,EAS,0.1,0.854973169314728,42
IPF,22,65,AFR,0.1,0.780605956237535,42
IPF,22,65,CSA,0.1,0.934767612356697,42
IPF,22,65,AMR,0.1,0.902154155485396,42
IPF,22,65,MID,0.1,0.898895477433837,42
IPF,22,66,MELD_lambda0_afproj,0.001,0.847518955424393,196
IPF,22,66,MELD_lambda0_reportN,0.001,0.844627085320563,196
IPF,22,66,MELD_lambda0_equal,0.001,0.937406143169049,196
IPF,22,66,MELD_lambda1_afproj,0.001,0.848168790815964,196
IPF,22,66,EUR,0.001,0.852921956260622,196
IPF,22,66,EAS,0.001,0.738821507909275,196
IPF,22,66,AFR,0.001,0.856305996105539,196
IPF,22,66,CSA,0.001,0.823586396757135,196
IPF,22,66,AMR,0.001,0.781440852212149,196
IPF,22,66,MID,0.001,0.836479839407974,196
IPF,22,66,MELD_lambda0_afproj,0.01,0.938908998471081,196
IPF,22,66,MELD_lambda0_reportN,0.01,0.938560259011052,196
IPF,22,66,MELD_lambda0_equal,0.01,0.937819049981746,196
IPF,22,66,MELD_lambda1_afproj,0.01,0.940825662545579,196
IPF,22,66,EUR,0.01,0.946940680540272,196
IPF,22,66,EAS,0.01,0.868759286118054,196
IPF,22,66,AFR,0.01,0.85720376179111,196
IPF,22,66,CSA,0.01,0.925425044516202,196
IPF,22,66,AMR,0.01,0.929343195552065,196
IPF,22,66,MID,0.01,0.915700698288142,196
IPF,22,66,MELD_lambda0_afproj,0.1,0.940825551514614,196
IPF,22,66,MELD_lambda0_reportN,0.1,0.94077241783935,196
IPF,22,66,MELD_lambda0_equal,0.1,0.931835456884559,196
IPF,22,66,MELD_lambda1_afproj,0.1,0.943659313904988,196
IPF,22,66,EUR,0.1,0.947294537902477,196
IPF,22,66,EAS,0.1,0.857316195775912,196
IPF,22,66,AFR,0.1,0.857895362591165,196
IPF,22,66,CSA,0.1,0.920945677280843,196
IPF,22,66,AMR,0.1,0.942718080227712,196
IPF,22,66,MID,0.1,0.928817886930887,196
IPF,22,67,MELD_lambda0_afproj,0.001,0.659335499534851,185
IPF,22,67,MELD_lambda0_reportN,0.001,0.658382263248017,185
IPF,22,67,MELD_lambda0_equal,0.001,0.773028239247364,185
IPF,22,67,MELD_lambda1_afproj,0.001,0.666735727972344,185
IPF,22,67,EUR,0.001,0.322728162113691,185
IPF,22,67,EAS,0.001,0.499484936528978,185
IPF,22,67,AFR,0.001,0.646418856373665,185
IPF,22,67,CSA,0.001,0.477217995406765,185
IPF,22,67,AMR,0.001,0.596157208961299,185
IPF,22,67,MID,0.001,0.731816021261607,185
IPF,22,67,MELD_lambda0_afproj,0.01,0.781145006589196,185
IPF,22,67,MELD_lambda0_reportN,0.01,0.780659348505849,185
IPF,22,67,MELD_lambda0_equal,0.01,0.772483430317717,185
IPF,22,67,MELD_lambda1_afproj,0.01,0.780254674299738,185
IPF,22,67,EUR,0.01,0.729750342100351,185
IPF,22,67,EAS,0.01,0.723509969943922,185
IPF,22,67,AFR,0.01,0.672905353028082,185
IPF,22,67,CSA,0.01,0.703718768671995,185
IPF,22,67,AMR,0.01,0.72314392565547,185
IPF,22,67,MID,0.01,0.750719741697958,185
IPF,22,67,MELD_lambda0_afproj,0.1,0.788609618095749,185
IPF,22,67,MELD_lambda0_reportN,0.1,0.78905154983048,185
IPF,22,67,MELD_lambda0_equal,0.1,0.772225467016911,185
IPF,22,67,MELD_lambda1_afproj,0.1,0.786070100207477,185
IPF,22,67,EUR,0.1,0.774320058637627,185
IPF,22,67,EAS,0.1,0.737988027144292,185
IPF,22,67,AFR,0.1,0.67260098150207,185
IPF,22,67,CSA,0.1,0.733348782885483,185
IPF,22,67,AMR,0.1,0.755943792647407,185
IPF,22,67,MID,0.1,0.755813677342441,185
IPF,22,68,MELD_lambda0_afproj,0.001,0.818343687438688,123
IPF,22,68,MELD_lambda0_reportN,0.001,0.821739352004648,123
IPF,22,68,MELD_lambda0_equal,0.001,0.867788326675606,123
IPF,22,68,MELD_lambda1_afproj,0.001,0.807584590111028,123
IPF,22,68,EUR,0.001,0.527830487216858,123
IPF,22,68,EAS,0.001,0.750895889960604,123
IPF,22,68,AFR,0.001,0.688038630065576,123
IPF,22,68,CSA,0.001,0.811452076083624,123
IPF,22,68,AMR,0.001,0.8613856614947,123
IPF,22,68,MID,0.001,0.850955143967404,123
IPF,22,68,MELD_lambda0_afproj,0.01,0.864633058861813,123
IPF,22,68,MELD_lambda0_reportN,0.01,0.866355763845158,123
IPF,22,68,MELD_lambda0_equal,0.01,0.866858580748048,123
IPF,22,68,MELD_lambda1_afproj,0.01,0.858086190520658,123
IPF,22,68,EUR,0.01,0.857273663904758,123
IPF,22,68,EAS,0.01,0.762350252105335,123
IPF,22,68,AFR,0.01,0.685754110540542,123
IPF,22,68,CSA,0.01,0.860720313385051,123
IPF,22,68,AMR,0.01,0.872225183775183,123
IPF,22,68,MID,0.01,0.847032491045498,123
IPF,22,68,MELD_lambda0_afproj,0.1,0.878354207167762,123
IPF,22,68,MELD_lambda0_reportN,0.1,0.879170666134766,123
IPF,22,68,MELD_lambda0_equal,0.1,0.855641453315599,123
IPF,22,68,MELD_lambda1_afproj,0.1,0.871878526834179,123
IPF,22,68,EUR,0.1,0.892618290556779,123
IPF,22,68,EAS,0.1,0.76195215878293,123
IPF,22,68,AFR,0.1,0.670814180773882,123
IPF,22,68,CSA,0.1,0.864722206244645,123
IPF,22,68,AMR,0.1,0.864379643837563,123
IPF,22,68,MID,0.1,0.826504672257663,123
IPF,22,70,MELD_lambda0_afproj,0.001,0.883188486820538,185
IPF,22,70,MELD_lambda0_reportN,0.001,0.883442363879449,185
IPF,22,70,MELD_lambda0_equal,0.001,0.84511678744667,185
IPF,22,70,MELD_lambda1_afproj,0.001,0.883610896217597,185
IPF,22,70,EUR,0.001,0.769588244038103,185
IPF,22,70,EAS,0.001,0.659097504948332,185
IPF,22,70,AFR,0.001,0.572891485859961,185
IPF,22,70,CSA,0.001,0.701393183796654,185
IPF,22,70,AMR,0.001,0.804088366740206,185
IPF,22,70,MID,0.001,0.826288165420858,185
IPF,22,70,MELD_lambda0_afproj,0.01,0.898692845710129,185
IPF,22,70,MELD_lambda0_reportN,0.01,0.898833673822225,185
IPF,22,70,MELD_lambda0_equal,0.01,0.844497010067429,185
IPF,22,70,MELD_lambda1_afproj,0.01,0.897271759640677,185
IPF,22,70,EUR,0.01,0.884784785786898,185
IPF,22,70,EAS,0.01,0.773362804813975,185
IPF,22,70,AFR,0.01,0.607045586403683,185
IPF,22,70,CSA,0.01,0.797413055377107,185
IPF,22,70,AMR,0.01,0.853829934780254,185
IPF,22,70,MID,0.01,0.823537008003179,185
IPF,22,70,MELD_lambda0_afproj,0.1,0.882578973292989,185
IPF,22,70,MELD_lambda0_reportN,0.1,0.883017835680104,185
IPF,22,70,MELD_lambda0_equal,0.1,0.833866626266305,185
IPF,22,70,MELD_lambda1_afproj,0.1,0.880277706968679,185
IPF,22,70,EUR,0.1,0.88889181333979,185
IPF,22,70,EAS,0.1,0.763804203239172,185
IPF,22,70,AFR,0.1,0.628431511043365,185
IPF,22,70,CSA,0.1,0.813702289171833,185
IPF,22,70,AMR,0.1,0.843521852807516,185
IPF,22,70,MID,0.1,0.819459687394666,185
IPF,22,71,MELD_lambda0_afproj,0.001,0.838262914793733,144
IPF,22,71,MELD_lambda0_reportN,0.001,0.835605311549307,144
IPF,22,71,MELD_lambda0_equal,0.001,0.890367951986562,144
IPF,22,71,MELD_lambda1_afproj,0.001,0.802906466096369,144
IPF,22,71,EUR,0.001,0.61617432688206,144
IPF,22,71,EAS,0.001,0.880096036633449,144
IPF,22,71,AFR,0.001,0.715835574172377,144
IPF,22,71,CSA,0.001,0.844293542183719,144
IPF,22,71,AMR,0.001,0.731643734090039,144
IPF,22,71,MID,0.001,0.857845603737855,144
IPF,22,71,MELD_lambda0_afproj,0.01,0.899798343305136,144
IPF,22,71,MELD_lambda0_reportN,0.01,0.900127060714567,144
IPF,22,71,MELD_lambda0_equal,0.01,0.888754326364509,144
IPF,22,71,MELD_lambda1_afproj,0.01,0.892030499164095,144
IPF,22,71,EUR,0.01,0.88541262712412,144
IPF,22,71,EAS,0.01,0.880927492724591,144
IPF,22,71,AFR,0.01,0.714130618073592,144
IPF,22,71,CSA,0.01,0.848762247211307,144
IPF,22,71,AMR,0.01,0.861999283666591,144
IPF,22,71,MID,0.01,0.851722823662219,144
IPF,22,71,MELD_lambda0_afproj,0.1,0.888570085529772,144
IPF,22,71,MELD_lambda0_reportN,0.1,0.888337220281902,144
IPF,22,71,MELD_lambda0_equal,0.1,0.866717155931198,144
IPF,22,71,MELD_lambda1_afproj,0.1,0.882875010987077,144
IPF,22,71,EUR,0.1,0.880644113758843,144
IPF,22,71,EAS,0.1,0.849424592476762,144
IPF,22,71,AFR,0.1,0.700626459339929,144
IPF,22,71,CSA,0.1,0.832893277915549,144
IPF,22,71,AMR,0.1,0.849740716739085,144
IPF,22,71,MID,0.1,0.824192658054345,144
IPF,22,72,MELD_lambda0_afproj,0.001,0.783882888631454,53
IPF,22,72,MELD_lambda0_reportN,0.001,0.781877659962647,53
IPF,22,72,MELD_lambda0_equal,0.001,0.761320453784971,53
IPF,22,72,MELD_lambda1_afproj,0.001,0.767695938601468,53
IPF,22,72,EUR,0.001,0.771706704424453,53
IPF,22,72,EAS,0.001,0.726069802025058,53
IPF,22,72,AFR,0.001,0.619850431973605,53
IPF,22,72,CSA,0.001,0.76893307752577,53
IPF,22,72,AMR,0.001,0.79269112077988,53
IPF,22,72,MID,0.001,0.805608570250491,53
IPF,22,72,MELD_lambda0_afproj,0.01,0.785296094019684,53
IPF,22,72,MELD_lambda0_reportN,0.01,0.783943785879329,53
IPF,22,72,MELD_lambda0_equal,0.01,0.762363062305768,53
IPF,22,72,MELD_lambda1_afproj,0.01,0.772166802871136,53
IPF,22,72,EUR,0.01,0.792627016719857,53
IPF,22,72,EAS,0.01,0.725674530898942,53
IPF,22,72,AFR,0.01,0.619683361419609,53
IPF,22,72,CSA,0.01,0.766444019602506,53
IPF,22,72,AMR,0.01,0.794892297402742,53
IPF,22,72,MID,0.01,0.805835418182268,53
IPF,22,72,MELD_lambda0_afproj,0.1,0.791230226025592,53
IPF,22,72,MELD_lambda0_reportN,0.1,0.791149855897466,53
IPF,22,72,MELD_lambda0_equal,0.1,0.777493937607935,53
IPF,22,72,MELD_lambda1_afproj,0.1,0.783653868040262,53
IPF,22,72,EUR,0.1,0.794733561951087,53
IPF,22,72,EAS,0.1,0.736585593001687,53
IPF,22,72,AFR,0.1,0.617585026778922,53
IPF,22,72,CSA,0.1,0.768405107695988,53
IPF,22,72,AMR,0.1,0.81075987020006,53
IPF,22,72,MID,0.1,0.812377672901833,53
IPF,22,74,MELD_lambda0_afproj,0.001,0.650074707125575,357
IPF,22,74,MELD_lambda0_reportN,0.001,0.646252863075882,357
IPF,22,74,MELD_lambda0_equal,0.001,0.839569053269243,357
IPF,22,74,MELD_lambda1_afproj,0.001,0.647693837346967,357
IPF,22,74,EUR,0.001,0.528811194215854,357
IPF,22,74,EAS,0.001,0.396331323847678,357
IPF,22,74,AFR,0.001,0.368515614138542,357
IPF,22,74,CSA,0.001,0.49386089262204,357
IPF,22,74,AMR,0.001,0.597116055619022,357
IPF,22,74,MID,0.001,0.485165182819713,357
IPF,22,74,MELD_lambda0_afproj,0.01,0.825896046832461,357
IPF,22,74,MELD_lambda0_reportN,0.01,0.825885975240673,357
IPF,22,74,MELD_lambda0_equal,0.01,0.861798120243092,357
IPF,22,74,MELD_lambda1_afproj,0.01,0.82738609684796,357
IPF,22,74,EUR,0.01,0.826147631307044,357
IPF,22,74,EAS,0.01,0.743468149230186,357
IPF,22,74,AFR,0.01,0.675440512130965,357
IPF,22,74,CSA,0.01,0.809557031532514,357
IPF,22,74,AMR,0.01,0.784243805621185,357
IPF,22,74,MID,0.01,0.770773403389654,357
IPF,22,74,MELD_lambda0_afproj,0.1,0.842361890747247,357
IPF,22,74,MELD_lambda0_reportN,0.1,0.842568521754636,357
IPF,22,74,MELD_lambda0_equal,0.1,0.844327682028995,357
IPF,22,74,MELD_lambda1_afproj,0.1,0.838157551220208,357
IPF,22,74,EUR,0.1,0.849718965078573,357
IPF,22,74,EAS,0.1,0.803148073962347,357
IPF,22,74,AFR,0.1,0.705181074649294,357
IPF,22,74,CSA,0.1,0.816895531965721,357
IPF,22,74,AMR,0.1,0.801554715794452,357
IPF,22,74,MID,0.1,0.817221909196015,357
Stroke,22,1,MELD_lambda0_afproj,0.001,0.904002299104031,66
Stroke,22,1,MELD_lambda0_reportN,0.001,0.905584553354718,66
Stroke,22,1,MELD_lambda0_equal,0.001,0.919762430623425,66
Stroke,22,1,MELD_lambda1_afproj,0.001,0.92128397576074,66
Stroke,22,1,EUR,0.001,0.577198466841784,66
Stroke,22,1,EAS,0.001,0.807161305253123,66
Stroke,22,1,AFR,0.001,0.715110221595754,66
Stroke,22,1,CSA,0.001,0.903789722209634,66
Stroke,22,1,AMR,0.001,0.875957020587422,66
Stroke,22,1,MID,0.001,0.891268717956496,66
Stroke,22,1,MELD_lambda0_afproj,0.01,0.904822976257201,66
Stroke,22,1,MELD_lambda0_reportN,0.01,0.906158713290303,66
Stroke,22,1,MELD_lambda0_equal,0.01,0.92052183754686,66
Stroke,22,1,MELD_lambda1_afproj,0.01,0.918585547949754,66
Stroke,22,1,EUR,0.01,0.816858294624633,66
Stroke,22,1,EAS,0.01,0.822100112795858,66
Stroke,22,1,AFR,0.01,0.720842418990629,66
Stroke,22,1,CSA,0.01,0.903548741338935,66
Stroke,22,1,AMR,0.01,0.912067031649898,66
Stroke,22,1,MID,0.01,0.894922319551232,66
Stroke,22,1,MELD_lambda0_afproj,0.1,0.901878436327073,66
Stroke,22,1,MELD_lambda0_reportN,0.1,0.903890460438686,66
Stroke,22,1,MELD_lambda0_equal,0.1,0.912994620634873,66
Stroke,22,1,MELD_lambda1_afproj,0.1,0.903937402483184,66
Stroke,22,1,EUR,0.1,0.864121890057304,66
Stroke,22,1,EAS,0.1,0.834207188740017,66
Stroke,22,1,AFR,0.1,0.733062371493087,66
Stroke,22,1,CSA,0.1,0.893734094947083,66
Stroke,22,1,AMR,0.1,0.917708802461196,66
Stroke,22,1,MID,0.1,0.89356888229889,66
Stroke,22,2,MELD_lambda0_afproj,0.001,0.80713822020888,38
Stroke,22,2,MELD_lambda0_reportN,0.001,0.813708978192861,38
Stroke,22,2,MELD_lambda0_equal,0.001,0.805223155683994,38
Stroke,22,2,MELD_lambda1_afproj,0.001,0.840569536875027,38
Stroke,22,2,EUR,0.001,0.77351253136981,38
Stroke,22,2,EAS,0.001,0.901615330828771,38
Stroke,22,2,AFR,0.001,0.57697308061942,38
Stroke,22,2,CSA,0.001,0.778111294060594,38
Stroke,22,2,AMR,0.001,0.819099538805361,38
Stroke,22,2,MID,0.001,0.833721764248966,38
Stroke,22,2,MELD_lambda0_afproj,0.01,0.817025410878337,38
Stroke,22,2,MELD_lambda0_reportN,0.01,0.823381019702144,38
Stroke,22,2,MELD_lambda0_equal,0.01,0.812810927486547,38
Stroke,22,2,MELD_lambda1_afproj,0.01,0.848235253955164,38
Stroke,22,2,EUR,0.01,0.787910336078765,38
Stroke,22,2,EAS,0.01,0.894091986089186,38
Stroke,22,2,AFR,0.01,0.574503230394281,38
Stroke,22,2,CSA,0.01,0.781399639206908,38
Stroke,22,2,AMR,0.01,0.830339128588409,38
Stroke,22,2,MID,0.01,0.835095792353974,38
Stroke,22,2,MELD_lambda0_afproj,0.1,0.851714246573452,38
Stroke,22,2,MELD_lambda0_reportN,0.1,0.855062353416462,38
Stroke,22,2,MELD_lambda0_equal,0.1,0.847621664166051,38
Stroke,22,2,MELD_lambda1_afproj,0.1,0.871387500106205,38
Stroke,22,2,EUR,0.1,0.811438115851103,38
Stroke,22,2,EAS,0.1,0.891399576518151,38
Stroke,22,2,AFR,0.1,0.56142525167395,38
Stroke,22,2,CSA,0.1,0.80665752009842,38
Stroke,22,2,AMR,0.1,0.856663576357736,38
Stroke,22,2,MID,0.1,0.838085961895179,38
Stroke,22,4,MELD_lambda0_afproj,0.001,0.713262295235093,147
Stroke,22,4,MELD_lambda0_reportN,0.001,0.757989452697206,147
Stroke,22,4,MELD_lambda0_equal,0.001,0.758468056942799,147
Stroke,22,4,MELD_lambda1_afproj,0.001,0.705356782475494,147
Stroke,22,4,EUR,0.001,0.289453343726341,147
Stroke,22,4,EAS,0.001,0.309129950157451,147
Stroke,22,4,AFR,0.001,0.433439805504833,147
Stroke,22,4,CSA,0.001,0.721630935605113,147
Stroke,22,4,AMR,0.001,0.462520542872804,147
Stroke,22,4,MID,0.001,0.669319348888661,147
Stroke,22,4,MELD_lambda0_afproj,0.01,0.800417797052203,147
Stroke,22,4,MELD_lambda0_reportN,0.01,0.801205505977119,147
Stroke,22,4,MELD_lambda0_equal,0.01,0.756922612839349,147
Stroke,22,4,MELD_lambda1_afproj,0.01,0.801886591022622,147
Stroke,22,4,EUR,0.01,0.703483788591473,147
Stroke,22,4,EAS,0.01,0.742768139288318,147
Stroke,22,4,AFR,0.01,0.436019309079545,147
Stroke,22,4,CSA,0.01,0.793969467291978,147
Stroke,22,4,AMR,0.01,0.644405771742545,147
Stroke,22,4,MID,0.01,0.688940135843298,147
Stroke,22,4,MELD_lambda0_afproj,0.1,0.797922566453852,147
Stroke,22,4,MELD_lambda0_reportN,0.1,0.795797988047461,147
Stroke,22,4,MELD_lambda0_equal,0.1,0.74176411434714,147
Stroke,22,4,MELD_lambda1_afproj,0.1,0.79456097054218,147
Stroke,22,4,EUR,0.1,0.718338635050392,147
Stroke,22,4,EAS,0.1,0.78094127322957,147
Stroke,22,4,AFR,0.1,0.422763151640045,147
Stroke,22,4,CSA,0.1,0.766294415504384,147
Stroke,22,4,AMR,0.1,0.65618344272916,147
Stroke,22,4,MID,0.1,0.692753047283863,147
Stroke,22,5,MELD_lambda0_afproj,0.001,0.943751307985569,80
Stroke,22,5,MELD_lambda0_reportN,0.001,0.927175791190197,80
Stroke,22,5,MELD_lambda0_equal,0.001,0.94446126506874,80
Stroke,22,5,MELD_lambda1_afproj,0.001,0.946855769532838,80
Stroke,22,5,EUR,0.001,0.800945476957596,80
Stroke,22,5,EAS,0.001,0.902902972083256,80
Stroke,22,5,AFR,0.001,0.904832112539659,80
Stroke,22,5,CSA,0.001,0.837207380710619,80
Stroke,22,5,AMR,0.001,0.538691355012604,80
Stroke,22,5,MID,0.001,0.928746494913797,80
Stroke,22,5,MELD_lambda0_afproj,0.01,0.956163943971096,80
Stroke,22,5,MELD_lambda0_reportN,0.01,0.953002375878223,80
Stroke,22,5,MELD_lambda0_equal,0.01,0.945257036784165,80
Stroke,22,5,MELD_lambda1_afproj,0.01,0.956582485205962,80
Stroke,22,5,EUR,0.01,0.957775886414148,80
Stroke,22,5,EAS,0.01,0.925504362197574,80
Stroke,22,5,AFR,0.01,0.903629470739447,80
Stroke,22,5,CSA,0.01,0.933629046066686,80
Stroke,22,5,AMR,0.01,0.927920300121189,80
Stroke,22,5,MID,0.01,0.945416886528128,80
Stroke,22,5,MELD_lambda0_afproj,0.1,0.931598187565443,80
Stroke,22,5,MELD_lambda0_reportN,0.1,0.931663029648107,80
Stroke,22,5,MELD_lambda0_equal,0.1,0.939915561183212,80
Stroke,22,5,MELD_lambda1_afproj,0.1,0.930796479365612,80
Stroke,22,5,EUR,0.1,0.928415344135012,80
Stroke,22,5,EAS,0.1,0.914883240509952,80
Stroke,22,5,AFR,0.1,0.889129261616569,80
Stroke,22,5,CSA,0.1,0.926910984099804,80
Stroke,22,5,AMR,0.1,0.931217810453707,80
Stroke,22,5,MID,0.1,0.948338269143322,80
Stroke,22,7,MELD_lambda0_afproj,0.001,0.762366483679331,274
Stroke,22,7,MELD_lambda0_reportN,0.001,0.770739326464919,274
Stroke,22,7,MELD_lambda0_equal,0.001,0.838844571610167,274
Stroke,22,7,MELD_lambda1_afproj,0.001,0.797022774359744,274
Stroke,22,7,EUR,0.001,0.524050076049631,274
Stroke,22,7,EAS,0.001,0.653212651732684,274
Stroke,22,7,AFR,0.001,0.583034198432122,274
Stroke,22,7,CSA,0.001,0.509072846419428,274
Stroke,22,7,AMR,0.001,0.528223557083961,274
Stroke,22,7,MID,0.001,0.634168039941098,274
Stroke,22,7,MELD_lambda0_afproj,0.01,0.875163180225409,274
Stroke,22,7,MELD_lambda0_reportN,0.01,0.879570563885067,274
Stroke,22,7,MELD_lambda0_equal,0.01,0.900433155187863,274
Stroke,22,7,MELD_lambda1_afproj,0.01,0.883407605443131,274
Stroke,22,7,EUR,0.01,0.723996586814091,274
Stroke,22,7,EAS,0.01,0.848978496661744,274
Stroke,22,7,AFR,0.01,0.791336571302055,274
Stroke,22,7,CSA,0.01,0.827374788958708,274
Stroke,22,7,AMR,0.01,0.808458039523936,274
Stroke,22,7,MID,0.01,0.811694508962905,274
Stroke,22,7,MELD_lambda0_afproj,0.1,0.881904307017563,274
Stroke,22,7,MELD_lambda0_reportN,0.1,0.884129837104691,274
Stroke,22,7,MELD_lambda0_equal,0.1,0.893500568955866,274
Stroke,22,7,MELD_lambda1_afproj,0.1,0.88311254803597,274
Stroke,22,7,EUR,0.1,0.786952214023207,274
Stroke,22,7,EAS,0.1,0.892968151546978,274
Stroke,22,7,AFR,0.1,0.776990678144422,274
Stroke,22,7,CSA,0.1,0.856136379553785,274
Stroke,22,7,AMR,0.1,0.834881662204473,274
Stroke,22,7,MID,0.1,0.821275859144936,274
Stroke,22,8,MELD_lambda0_afproj,0.001,0.878783921723096,84
Stroke,22,8,MELD_lambda0_reportN,0.001,0.883234830440331,84
Stroke,22,8,MELD_lambda0_equal,0.001,0.91133890021045,84
Stroke,22,8,MELD_lambda1_afproj,0.001,0.882262151137542,84
Stroke,22,8,EUR,0.001,0.839655582070989,84
Stroke,22,8,EAS,0.001,0.550346289389047,84
Stroke,22,8,AFR,0.001,0.837475679042191,84
Stroke,22,8,CSA,0.001,0.892978735029475,84
Stroke,22,8,AMR,0.001,0.744133387294165,84
Stroke,22,8,MID,0.001,0.885678571780826,84
Stroke,22,8,MELD_lambda0_afproj,0.01,0.906938010436031,84
Stroke,22,8,MELD_lambda0_reportN,0.01,0.907746256359749,84
Stroke,22,8,MELD_lambda0_equal,0.01,0.907736172082371,84
Stroke,22,8,MELD_lambda1_afproj,0.01,0.91139070852277,84
Stroke,22,8,EUR,0.01,0.876131584848205,84
Stroke,22,8,EAS,0.01,0.836403788030149,84
Stroke,22,8,AFR,0.01,0.812594011805205,84
Stroke,22,8,CSA,0.01,0.888080288211419,84
Stroke,22,8,AMR,0.01,0.84598831842168,84
Stroke,22,8,MID,0.01,0.884404337402022,84
Stroke,22,8,MELD_lambda0_afproj,0.1,0.896396780767049,84
Stroke,22,8,MELD_lambda0_reportN,0.1,0.896068699794013,84
Stroke,22,8,MELD_lambda0_equal,0.1,0.895920119342016,84
Stroke,22,8,MELD_lambda1_afproj,0.1,0.902875497141765,84
Stroke,22,8,EUR,0.1,0.862422070305817,84
Stroke,22,8,EAS,0.1,0.885917001435132,84
Stroke,22,8,AFR,0.1,0.798199166162718,84
Stroke,22,8,CSA,0.1,0.870328149144163,84
Stroke,22,8,AMR,0.1,0.849057647461968,84
Stroke,22,8,MID,0.1,0.878454885075339,84
Stroke,22,10,MELD_lambda0_afproj,0.001,0.901590099924279,186
Stroke,22,10,MELD_lambda0_reportN,0.001,0.915705308096342,186
Stroke,22,10,MELD_lambda0_equal,0.001,0.934394050791963,186
Stroke,22,10,MELD_lambda1_afproj,0.001,0.909432981555447,186
Stroke,22,10,EUR,0.001,0.638188339565456,186
Stroke,22,10,EAS,0.001,0.824575510269798,186
Stroke,22,10,AFR,0.001,0.597770866432214,186
Stroke,22,10,CSA,0.001,0.754919635990002,186
Stroke,22,10,AMR,0.001,0.720565567925722,186
Stroke,22,10,MID,0.001,0.72057013759189,186
Stroke,22,10,MELD_lambda0_afproj,0.01,0.932844067011135,186
Stroke,22,10,MELD_lambda0_reportN,0.01,0.933526536166077,186
Stroke,22,10,MELD_lambda0_equal,0.01,0.936777271087723,186
Stroke,22,10,MELD_lambda1_afproj,0.01,0.93319560424048,186
Stroke,22,10,EUR,0.01,0.868301459081658,186
Stroke,22,10,EAS,0.01,0.946847196953624,186
Stroke,22,10,AFR,0.01,0.815287156065042,186
Stroke,22,10,CSA,0.01,0.903994351314422,186
Stroke,22,10,AMR,0.01,0.907718729121638,186
Stroke,22,10,MID,0.01,0.894160986497203,186
Stroke,22,10,MELD_lambda0_afproj,0.1,0.945654024723712,186
Stroke,22,10,MELD_lambda0_reportN,0.1,0.944899756510001,186
Stroke,22,10,MELD_lambda0_equal,0.1,0.935235404236428,186
Stroke,22,10,MELD_lambda1_afproj,0.1,0.944417218493121,186
Stroke,22,10,EUR,0.1,0.923148972866478,186
Stroke,22,10,EAS,0.1,0.950235824673787,186
Stroke,22,10,AFR,0.1,0.838233308955508,186
Stroke,22,10,CSA,0.1,0.923500092791767,186
Stroke,22,10,AMR,0.1,0.928269655706124,186
Stroke,22,10,MID,0.1,0.922293024887719,186
Stroke,22,11,MELD_lambda0_afproj,0.001,0.839387041982343,123
Stroke,22,11,MELD_lambda0_reportN,0.001,0.841042616595124,123
Stroke,22,11,MELD_lambda0_equal,0.001,0.888023992504009,123
Stroke,22,11,MELD_lambda1_afproj,0.001,0.8382090371356,123
Stroke,22,11,EUR,0.001,0.743983207832021,123
Stroke,22,11,EAS,0.001,0.833442356749177,123
Stroke,22,11,AFR,0.001,0.627153867433968,123
Stroke,22,11,CSA,0.001,0.699326707343664,123
Stroke,22,11,AMR,0.001,0.859300872867282,123
Stroke,22,11,MID,0.001,0.613412303071809,123
Stroke,22,11,MELD_lambda0_afproj,0.01,0.897312786913608,123
Stroke,22,11,MELD_lambda0_reportN,0.01,0.896430331343786,123
Stroke,22,11,MELD_lambda0_equal,0.01,0.896575911080005,123
Stroke,22,11,MELD_lambda1_afproj,0.01,0.892609565459456,123
Stroke,22,11,EUR,0.01,0.864395565422227,123
Stroke,22,11,EAS,0.01,0.889021039994,123
Stroke,22,11,AFR,0.01,0.83518103984956,123
Stroke,22,11,CSA,0.01,0.869461654909145,123
Stroke,22,11,AMR,0.01,0.918872924692533,123
Stroke,22,11,MID,0.01,0.838632719055691,123
Stroke,22,11,MELD_lambda0_afproj,0.1,0.903555170271242,123
Stroke,22,11,MELD_lambda0_reportN,0.1,0.902839241490532,123
Stroke,22,11,MELD_lambda0_equal,0.1,0.899636038615659,123
Stroke,22,11,MELD_lambda1_afproj,0.1,0.900674719762986,123
Stroke,22,11,EUR,0.1,0.890126795793005,123
Stroke,22,11,EAS,0.1,0.889921463623951,123
Stroke,22,11,AFR,0.1,0.840442043074418,123
Stroke,22,11,CSA,0.1,0.895828766778407,123
Stroke,22,11,AMR,0.1,0.914008353707728,123
Stroke,22,11,MID,0.1,0.862726491542334,123
Stroke,22,12,MELD_lambda0_afproj,0.001,0.863007912027123,46
Stroke,22,12,MELD_lambda0_reportN,0.001,0.865774732090534,46
Stroke,22,12,MELD_lambda0_equal,0.001,0.880250515471084,46
Stroke,22,12,MELD_lambda1_afproj,0.001,0.837143431107003,46
Stroke,22,12,EUR,0.001,0.841914914381467,46
Stroke,22,12,EAS,0.001,0.959080996744749,46
Stroke,22,12,AFR,0.001,0.73626855393487,46
Stroke,22,12,CSA,0.001,0.897700595858852,46
Stroke,22,12,AMR,0.001,0.792295940485501,46
Stroke,22,12,MID,0.001,0.796330092565496,46
Stroke,22,12,MELD_lambda0_afproj,0.01,0.865477972624556,46
Stroke,22,12,MELD_lambda0_reportN,0.01,0.866166292168249,46
Stroke,22,12,MELD_lambda0_equal,0.01,0.881124904285008,46
Stroke,22,12,MELD_lambda1_afproj,0.01,0.837004565563063,46
Stroke,22,12,EUR,0.01,0.845706538754694,46
Stroke,22,12,EAS,0.01,0.958537510180254,46
Stroke,22,12,AFR,0.01,0.76272762898816,46
Stroke,22,12,CSA,0.01,0.857676052481116,46
Stroke,22,12,AMR,0.01,0.834078188459218,46
Stroke,22,12,MID,0.01,0.826465494279325,46
Stroke,22,12,MELD_lambda0_afproj,0.1,0.864078127032177,46
Stroke,22,12,MELD_lambda0_reportN,0.1,0.865212475739446,46
Stroke,22,12,MELD_lambda0_equal,0.1,0.881607327175598,46
Stroke,22,12,MELD_lambda1_afproj,0.1,0.844228941580245,46
Stroke,22,12,EUR,0.1,0.827573927014798,46
Stroke,22,12,EAS,0.1,0.949184936413098,46
Stroke,22,12,AFR,0.1,0.776459960371939,46
Stroke,22,12,CSA,0.1,0.864440658053068,46
Stroke,22,12,AMR,0.1,0.829893600451645,46
Stroke,22,12,MID,0.1,0.834659882182416,46
Stroke,22,13,MELD_lambda0_afproj,0.001,0.773758632152314,90
Stroke,22,13,MELD_lambda0_reportN,0.001,0.793904913869383,90
Stroke,22,13,MELD_lambda0_equal,0.001,0.952919307394303,90
Stroke,22,13,MELD_lambda1_afproj,0.001,0.856676854329933,90
Stroke,22,13,EUR,0.001,0.72574601391544,90
Stroke,22,13,EAS,0.001,0.585351583867254,90
Stroke,22,13,AFR,0.001,0.82837108679031,90
Stroke,22,13,CSA,0.001,0.83086286514815,90
Stroke,22,13,AMR,0.001,0.86132341751691,90
Stroke,22,13,MID,0.001,0.880023121310274,90
Stroke,22,13,MELD_lambda0_afproj,0.01,0.975802528782941,90
Stroke,22,13,MELD_lambda0_reportN,0.01,0.975759221410603,90
Stroke,22,13,MELD_lambda0_equal,0.01,0.961053739671053,90
Stroke,22,13,MELD_lambda1_afproj,0.01,0.974784848496577,90
Stroke,22,13,EUR,0.01,0.889182905224367,90
Stroke,22,13,EAS,0.01,0.86224107902513,90
Stroke,22,13,AFR,0.01,0.849173131747602,90
Stroke,22,13,CSA,0.01,0.941792808060008,90
Stroke,22,13,AMR,0.01,0.945787004691965,90
Stroke,22,13,MID,0.01,0.958371037059124,90
Stroke,22,13,MELD_lambda0_afproj,0.1,0.936451874220798,90
Stroke,22,13,MELD_lambda0_reportN,0.1,0.941910477744721,90
Stroke,22,13,MELD_lambda0_equal,0.1,0.959032291948343,90
Stroke,22,13,MELD_lambda1_afproj,0.1,0.940873851526937,90
Stroke,22,13,EUR,0.1,0.882806345725468,90
Stroke,22,13,EAS,0.1,0.885291328825787,90
Stroke,22,13,AFR,0.1,0.855296227893736,90
Stroke,22,13,CSA,0.1,0.937922268916189,90
Stroke,22,13,AMR,0.1,0.948418695423057,90
Stroke,22,13,MID,0.1,0.952516345313449,90
Stroke,22,14,MELD_lambda0_afproj,0.001,0.903279569105894,55
Stroke,22,14,MELD_lambda0_reportN,0.001,0.906713958373262,55
Stroke,22,14,MELD_lambda0_equal,0.001,0.899779872450876,55
Stroke,22,14,MELD_lambda1_afproj,0.001,0.883670118489631,55
Stroke,22,14,EUR,0.001,0.788720353653106,55
Stroke,22,14,EAS,0.001,0.894800741585964,55
Stroke,22,14,AFR,0.001,0.790976784287802,55
Stroke,22,14,CSA,0.001,0.915778285262067,55
Stroke,22,14,AMR,0.001,0.844666716305515,55
Stroke,22,14,MID,0.001,0.912992764595296,55
Stroke,22,14,MELD_lambda0_afproj,0.01,0.897373340243612,55
Stroke,22,14,MELD_lambda0_reportN,0.01,0.900368454572229,55
Stroke,22,14,MELD_lambda0_equal,0.01,0.900692328550158,55
Stroke,22,14,MELD_lambda1_afproj,0.01,0.880654704416278,55
Stroke,22,14,EUR,0.01,0.811869648667491,55
Stroke,22,14,EAS,0.01,0.891065972747394,55
Stroke,22,14,AFR,0.01,0.805610895470479,55
Stroke,22,14,CSA,0.01,0.90433285100615,55
Stroke,22,14,AMR,0.01,0.834141601152978,55
Stroke,22,14,MID,0.01,0.90371355357616,55
Stroke,22,14,MELD_lambda0_afproj,0.1,0.895512160267413,55
Stroke,22,14,MELD_lambda0_reportN,0.1,0.896837826436112,55
Stroke,22,14,MELD_lambda0_equal,0.1,0.904624430767384,55
Stroke,22,14,MELD_lambda1_afproj,0.1,0.881456190303118,55
Stroke,22,14,EUR,0.1,0.820459041298176,55
Stroke,22,14,EAS,0.1,0.89129299221515,55
Stroke,22,14,AFR,0.1,0.831979379872726,55
Stroke,22,14,CSA,0.1,0.903099931923147,55
Stroke,22,14,AMR,0.1,0.843347750539618,55
Stroke,22,14,MID,0.1,0.903775155916322,55
Stroke,22,16,MELD_lambda0_afproj,0.001,0.784283214373063,34
Stroke,22,16,MELD_lambda0_reportN,0.001,0.787293146317871,34
Stroke,22,16,MELD_lambda0_equal,0.001,0.815744460694772,34
Stroke,22,16,MELD_lambda1_afproj,0.001,0.784454311987651,34
Stroke,22,16,EUR,0.001,0.759734266824764,34
Stroke,22,16,EAS,0.001,0.819958126658588,34
Stroke,22,16,AFR,0.001,0.91486903817514,34
Stroke,22,16,CSA,0.001,0.762309835697116,34
Stroke,22,16,AMR,0.001,0.805850920044714,34
Stroke,22,16,MID,0.001,0.915779285978412,34
Stroke,22,16,MELD_lambda0_afproj,0.01,0.778779372729723,34
Stroke,22,16,MELD_lambda0_reportN,0.01,0.781640556895659,34
Stroke,22,16,MELD_lambda0_equal,0.01,0.82117291969339,34
Stroke,22,16,MELD_lambda1_afproj,0.01,0.783495420284766,34
Stroke,22,16,EUR,0.01,0.764441596737666,34
Stroke,22,16,EAS,0.01,0.81225042525234,34
Stroke,22,16,AFR,0.01,0.91688882299895,34
Stroke,22,16,CSA,0.01,0.76589088389293,34
Stroke,22,16,AMR,0.01,0.82498292350174,34
Stroke,22,16,MID,0.01,0.889375909936332,34
Stroke,22,16,MELD_lambda0_afproj,0.1,0.80640662560713,34
Stroke,22,16,MELD_lambda0_reportN,0.1,0.809506780059066,34
Stroke,22,16,MELD_lambda0_equal,0.1,0.845818516853819,34
Stroke,22,16,MELD_lambda1_afproj,0.1,0.824651613386005,34
Stroke,22,16,EUR,0.1,0.805501377933424,34
Stroke,22,16,EAS,0.1,0.818769458690428,34
Stroke,22,16,AFR,0.1,0.928327533263783,34
Stroke,22,16,CSA,0.1,0.783375028954693,34
Stroke,22,16,AMR,0.1,0.827738693899601,34
Stroke,22,16,MID,0.1,0.905602630016439,34
Stroke,22,17,MELD_lambda0_afproj,0.001,0.86248552021548,80
Stroke,22,17,MELD_lambda0_reportN,0.001,0.875584115522794,80
Stroke,22,17,MELD_lambda0_equal,0.001,0.916588799122764,80
Stroke,22,17,MELD_lambda1_afproj,0.001,0.848891213525188,80
Stroke,22,17,EUR,0.001,0.475558546960416,80
Stroke,22,17,EAS,0.001,0.84534130400086,80
Stroke,22,17,AFR,0.001,0.674967928749909,80
Stroke,22,17,CSA,0.001,0.867528581702962,80
Stroke,22,17,AMR,0.001,0.744878048292122,80
Stroke,22,17,MID,0.001,0.792897523898091,80
Stroke,22,17,MELD_lambda0_afproj,0.01,0.882297230455114,80
Stroke,22,17,MELD_lambda0_reportN,0.01,0.886316260450242,80
Stroke,22,17,MELD_lambda0_equal,0.01,0.91179113472708,80
Stroke,22,17,MELD_lambda1_afproj,0.01,0.881541500809222,80
Stroke,22,17,EUR,0.01,0.835538987955026,80
Stroke,22,17,EAS,0.01,0.823772315680101,80
Stroke,22,17,AFR,0.01,0.755234349711529,80
Stroke,22,17,CSA,0.01,0.905144420449301,80
Stroke,22,17,AMR,0.01,0.876039740200885,80
Stroke,22,17,MID,0.01,0.886903177646316,80
Stroke,22,17,MELD_lambda0_afproj,0.1,0.890366584532642,80
Stroke,22,17,MELD_lambda0_reportN,0.1,0.891489688157579,80
Stroke,22,17,MELD_lambda0_equal,0.1,0.91131464103837,80
Stroke,22,17,MELD_lambda1_afproj,0.1,0.901949805133683,80
Stroke,22,17,EUR,0.1,0.869247185778935,80
Stroke,22,17,EAS,0.1,0.813156147054491,80
Stroke,22,17,AFR,0.1,0.728193727906579,80
Stroke,22,17,CSA,0.1,0.910253251510359,80
Stroke,22,17,AMR,0.1,0.892972265379889,80
Stroke,22,17,MID,0.1,0.874398313356069,80
Stroke,22,19,MELD_lambda0_afproj,0.001,0.575514661489446,196
Stroke,22,19,MELD_lambda0_reportN,0.001,0.580742267470615,196
Stroke,22,19,MELD_lambda0_equal,0.001,0.891977271474305,196
Stroke,22,19,MELD_lambda1_afproj,0.001,0.586537973237257,196
Stroke,22,19,EUR,0.001,0.367223325561938,196
Stroke,22,19,EAS,0.001,0.454712806824096,196
Stroke,22,19,AFR,0.001,0.4858174800038,196
Stroke,22,19,CSA,0.001,0.695269932800737,196
Stroke,22,19,AMR,0.001,0.514357599067336,196
Stroke,22,19,MID,0.001,0.537994855487051,196
Stroke,22,19,MELD_lambda0_afproj,0.01,0.855765289185462,196
Stroke,22,19,MELD_lambda0_reportN,0.01,0.854619466886202,196
Stroke,22,19,MELD_lambda0_equal,0.01,0.896864022050038,196
Stroke,22,19,MELD_lambda1_afproj,0.01,0.863226453533544,196
Stroke,22,19,EUR,0.01,0.809829111282169,196
Stroke,22,19,EAS,0.01,0.820049628057263,196
Stroke,22,19,AFR,0.01,0.701716156710465,196
Stroke,22,19,CSA,0.01,0.860091745088859,196
Stroke,22,19,AMR,0.01,0.829467656204277,196
Stroke,22,19,MID,0.01,0.748516391143992,196
Stroke,22,19,MELD_lambda0_afproj,0.1,0.885606626495864,196
Stroke,22,19,MELD_lambda0_reportN,0.1,0.884783033544603,196
Stroke,22,19,MELD_lambda0_equal,0.1,0.882410557729534,196
Stroke,22,19,MELD_lambda1_afproj,0.1,0.887352793092495,196
Stroke,22,19,EUR,0.1,0.856578396039015,196
Stroke,22,19,EAS,0.1,0.843476332965269,196
Stroke,22,19,AFR,0.1,0.710808143862286,196
Stroke,22,19,CSA,0.1,0.870822244159187,196
Stroke,22,19,AMR,0.1,0.866052099134331,196
Stroke,22,19,MID,0.1,0.788661398774155,196
Stroke,22,20,MELD_lambda0_afproj,0.001,0.897508826225257,89
Stroke,22,20,MELD_lambda0_reportN,0.001,0.901206098448209,89
Stroke,22,20,MELD_lambda0_equal,0.001,0.869018230115716,89
Stroke,22,20,MELD_lambda1_afproj,0.001,0.893146118105947,89
Stroke,22,20,EUR,0.001,0.840910528292914,89
Stroke,22,20,EAS,0.001,0.696562893505486,89
Stroke,22,20,AFR,0.001,0.148987140052384,89
Stroke,22,20,CSA,0.001,0.795646210163273,89
Stroke,22,20,AMR,0.001,0.582099342975669,89
Stroke,22,20,MID,0.001,0.795741938393177,89
Stroke,22,20,MELD_lambda0_afproj,0.01,0.927879774728699,89
Stroke,22,20,MELD_lambda0_reportN,0.01,0.928757201347104,89
Stroke,22,20,MELD_lambda0_equal,0.01,0.867235370374897,89
Stroke,22,20,MELD_lambda1_afproj,0.01,0.924034982813948,89
Stroke,22,20,EUR,0.01,0.880633432604559,89
Stroke,22,20,EAS,0.01,0.852947234004965,89
Stroke,22,20,AFR,0.01,0.399864577826979,89
Stroke,22,20,CSA,0.01,0.878030124099022,89
Stroke,22,20,AMR,0.01,0.631620982469347,89
Stroke,22,20,MID,0.01,0.772417946724734,89
Stroke,22,20,MELD_lambda0_afproj,0.1,0.894510738218024,89
Stroke,22,20,MELD_lambda0_reportN,0.1,0.890607804303672,89
Stroke,22,20,MELD_lambda0_equal,0.1,0.845392969711221,89
Stroke,22,20,MELD_lambda1_afproj,0.1,0.8881277275349,89
Stroke,22,20,EUR,0.1,0.734369843748489,89
Stroke,22,20,EAS,0.1,0.855998396923997,89
Stroke,22,20,AFR,0.1,0.599269535795721,89
Stroke,22,20,CSA,0.1,0.833472023004564,89
Stroke,22,20,AMR,0.1,0.649946999248044,89
Stroke,22,20,MID,0.1,0.730738139159863,89
Stroke,22,21,MELD_lambda0_afproj,0.001,0.948954676255117,51
Stroke,22,21,MELD_lambda0_reportN,0.001,0.955643086434537,51
Stroke,22,21,MELD_lambda0_equal,0.001,0.956963129842801,51
Stroke,22,21,MELD_lambda1_afproj,0.001,0.949270924921483,51
Stroke,22,21,EUR,0.001,0.933102509719605,51
Stroke,22,21,EAS,0.001,0.870506607154452,51
Stroke,22,21,AFR,0.001,0.915485072509311,51
Stroke,22,21,CSA,0.001,0.91269180488219,51
Stroke,22,21,AMR,0.001,0.934947821431163,51
Stroke,22,21,MID,0.001,0.974019652874337,51
Stroke,22,21,MELD_lambda0_afproj,0.01,0.957529153588844,51
Stroke,22,21,MELD_lambda0_reportN,0.01,0.960617773227569,51
Stroke,22,21,MELD_lambda0_equal,0.01,0.955960527425932,51
Stroke,22,21,MELD_lambda1_afproj,0.01,0.958438935763961,51
Stroke,22,21,EUR,0.01,0.971919224904611,51
Stroke,22,21,EAS,0.01,0.871108375936966,51
Stroke,22,21,AFR,0.01,0.918223321386918,51
Stroke,22,21,CSA,0.01,0.920636052705145,51
Stroke,22,21,AMR,0.01,0.928688829519235,51
Stroke,22,21,MID,0.01,0.973589828636734,51
Stroke,22,21,MELD_lambda0_afproj,0.1,0.954022300692745,51
Stroke,22,21,MELD_lambda0_reportN,0.1,0.955139548369037,51
Stroke,22,21,MELD_lambda0_equal,0.1,0.945069412608538,51
Stroke,22,21,MELD_lambda1_afproj,0.1,0.952806025816614,51
Stroke,22,21,EUR,0.1,0.969224376175825,51
Stroke,22,21,EAS,0.1,0.857192802421477,51
Stroke,22,21,AFR,0.1,0.925987130568985,51
Stroke,22,21,CSA,0.1,0.915378892135036,51
Stroke,22,21,AMR,0.1,0.919119347793104,51
Stroke,22,21,MID,0.1,0.962446334441695,51
Stroke,22,22,MELD_lambda0_afproj,0.001,0.888270498029945,153
Stroke,22,22,MELD_lambda0_reportN,0.001,0.890042555373836,153
Stroke,22,22,MELD_lambda0_equal,0.001,0.879756361996023,153
Stroke,22,22,MELD_lambda1_afproj,0.001,0.887870543394091,153
Stroke,22,22,EUR,0.001,0.810843047971269,153
Stroke,22,22,EAS,0.001,0.64683638418637,153
Stroke,22,22,AFR,0.001,0.790652962922464,153
Stroke,22,22,CSA,0.001,0.800318805184318,153
Stroke,22,22,AMR,0.001,0.780289175426411,153
Stroke,22,22,MID,0.001,0.762103882539142,153
Stroke,22,22,MELD_lambda0_afproj,0.01,0.921674200516711,153
Stroke,22,22,MELD_lambda0_reportN,0.01,0.921850421190743,153
Stroke,22,22,MELD_lambda0_equal,0.01,0.884653465236395,153
Stroke,22,22,MELD_lambda1_afproj,0.01,0.913859473038345,153
Stroke,22,22,EUR,0.01,0.911819750364821,153
Stroke,22,22,EAS,0.01,0.811901815837553,153
Stroke,22,22,AFR,0.01,0.785417567086231,153
Stroke,22,22,CSA,0.01,0.833386538580306,153
Stroke,22,22,AMR,0.01,0.848374138744418,153
Stroke,22,22,MID,0.01,0.854735871240278,153
Stroke,22,22,MELD_lambda0_afproj,0.1,0.915591307309653,153
Stroke,22,22,MELD_lambda0_reportN,0.1,0.916874683684064,153
Stroke,22,22,MELD_lambda0_equal,0.1,0.886502226739352,153
Stroke,22,22,MELD_lambda1_afproj,0.1,0.910902641444784,153
Stroke,22,22,EUR,0.1,0.905354850022447,153
Stroke,22,22,EAS,0.1,0.821047072900702,153
Stroke,22,22,AFR,0.1,0.766420470317645,153
Stroke,22,22,CSA,0.1,0.832813583161663,153
Stroke,22,22,AMR,0.1,0.875055637451881,153
Stroke,22,22,MID,0.1,0.882694413739208,153
Stroke,22,23,MELD_lambda0_afproj,0.001,0.852579287973303,160
Stroke,22,23,MELD_lambda0_reportN,0.001,0.849755543894979,160
Stroke,22,23,MELD_lambda0_equal,0.001,0.836388511218139,160
Stroke,22,23,MELD_lambda1_afproj,0.001,0.870249074611192,160
Stroke,22,23,EUR,0.001,0.763742865249389,160
Stroke,22,23,EAS,0.001,0.711302505360092,160
Stroke,22,23,AFR,0.001,0.677696341508558,160
Stroke,22,23,CSA,0.001,0.765888274081128,160
Stroke,22,23,AMR,0.001,0.500986103008631,160
Stroke,22,23,MID,0.001,0.778139294543895,160
Stroke,22,23,MELD_lambda0_afproj,0.01,0.857147622415238,160
Stroke,22,23,MELD_lambda0_reportN,0.01,0.857550170308315,160
Stroke,22,23,MELD_lambda0_equal,0.01,0.833211399294907,160
Stroke,22,23,MELD_lambda1_afproj,0.01,0.871320123498015,160
Stroke,22,23,EUR,0.01,0.797756311185623,160
Stroke,22,23,EAS,0.01,0.769497447194839,160
Stroke,22,23,AFR,0.01,0.68732579382594,160
Stroke,22,23,CSA,0.01,0.806257048298195,160
Stroke,22,23,AMR,0.01,0.75759023770339,160
Stroke,22,23,MID,0.01,0.815897697643134,160
Stroke,22,23,MELD_lambda0_afproj,0.1,0.822070786831788,160
Stroke,22,23,MELD_lambda0_reportN,0.1,0.824249182272859,160
Stroke,22,23,MELD_lambda0_equal,0.1,0.817461388780944,160
Stroke,22,23,MELD_lambda1_afproj,0.1,0.83454156595829,160
Stroke,22,23,EUR,0.1,0.763057831593166,160
Stroke,22,23,EAS,0.1,0.75704032127667,160
Stroke,22,23,AFR,0.1,0.697858714101537,160
Stroke,22,23,CSA,0.1,0.796013420142032,160
Stroke,22,23,AMR,0.1,0.787139494508497,160
Stroke,22,23,MID,0.1,0.796131196063149,160
Stroke,22,25,MELD_lambda0_afproj,0.001,0.832710020398468,99
Stroke,22,25,MELD_lambda0_reportN,0.001,0.832083562747656,99
Stroke,22,25,MELD_lambda0_equal,0.001,0.858609184963086,99
Stroke,22,25,MELD_lambda1_afproj,0.001,0.850765159975479,99
Stroke,22,25,EUR,0.001,0.752889136257081,99
Stroke,22,25,EAS,0.001,0.723064705832911,99
Stroke,22,25,AFR,0.001,0.783340029470991,99
Stroke,22,25,CSA,0.001,0.790862234269022,99
Stroke,22,25,AMR,0.001,0.740948591510113,99
Stroke,22,25,MID,0.001,0.833948060529858,99
Stroke,22,25,MELD_lambda0_afproj,0.01,0.879598212120295,99
Stroke,22,25,MELD_lambda0_reportN,0.01,0.877785421267905,99
Stroke,22,25,MELD_lambda0_equal,0.01,0.855821752571653,99
Stroke,22,25,MELD_lambda1_afproj,0.01,0.878031003608806,99
Stroke,22,25,EUR,0.01,0.868923129707231,99
Stroke,22,25,EAS,0.01,0.81112449381729,99
Stroke,22,25,AFR,0.01,0.786648199147425,99
Stroke,22,25,CSA,0.01,0.826284456603354,99
Stroke,22,25,AMR,0.01,0.804384685301323,99
Stroke,22,25,MID,0.01,0.834904024810737,99
Stroke,22,25,MELD_lambda0_afproj,0.1,0.85424577728013,99
Stroke,22,25,MELD_lambda0_reportN,0.1,0.853618600278238,99
Stroke,22,25,MELD_lambda0_equal,0.1,0.840380283883136,99
Stroke,22,25,MELD_lambda1_afproj,0.1,0.847431503769144,99
Stroke,22,25,EUR,0.1,0.852332773222939,99
Stroke,22,25,EAS,0.1,0.808977695045391,99
Stroke,22,25,AFR,0.1,0.778961042034888,99
Stroke,22,25,CSA,0.1,0.815752842757269,99
Stroke,22,25,AMR,0.1,0.814237437369627,99
Stroke,22,25,MID,0.1,0.831771223067221,99
Stroke,22,26,MELD_lambda0_afproj,0.001,0.762439582345911,182
Stroke,22,26,MELD_lambda0_reportN,0.001,0.757405605547449,182
Stroke,22,26,MELD_lambda0_equal,0.001,0.864136735712688,182
Stroke,22,26,MELD_lambda1_afproj,0.001,0.758425049540491,182
Stroke,22,26,EUR,0.001,0.71101075025528,182
Stroke,22,26,EAS,0.001,0.568773342674053,182
Stroke,22,26,AFR,0.001,0.614813750445498,182
Stroke,22,26,CSA,0.001,0.663300030887494,182
Stroke,22,26,AMR,0.001,0.543810745090082,182
Stroke,22,26,MID,0.001,0.545571925417247,182
Stroke,22,26,MELD_lambda0_afproj,0.01,0.862345289281725,182
Stroke,22,26,MELD_lambda0_reportN,0.01,0.864369913755185,182
Stroke,22,26,MELD_lambda0_equal,0.01,0.875539507176845,182
Stroke,22,26,MELD_lambda1_afproj,0.01,0.847164535800394,182
Stroke,22,26,EUR,0.01,0.853273535868586,182
Stroke,22,26,EAS,0.01,0.799048525448841,182
Stroke,22,26,AFR,0.01,0.709168825844053,182
Stroke,22,26,CSA,0.01,0.827510359209175,182
Stroke,22,26,AMR,0.01,0.839085759031566,182
Stroke,22,26,MID,0.01,0.809318646826835,182
Stroke,22,26,MELD_lambda0_afproj,0.1,0.871133636538626,182
Stroke,22,26,MELD_lambda0_reportN,0.1,0.872409240347516,182
Stroke,22,26,MELD_lambda0_equal,0.1,0.865986370452668,182
Stroke,22,26,MELD_lambda1_afproj,0.1,0.851513419982693,182
Stroke,22,26,EUR,0.1,0.854031921045558,182
Stroke,22,26,EAS,0.1,0.812930465452345,182
Stroke,22,26,AFR,0.1,0.727814009609009,182
Stroke,22,26,CSA,0.1,0.816967351823138,182
Stroke,22,26,AMR,0.1,0.874779530959065,182
Stroke,22,26,MID,0.1,0.838768430442832,182
Stroke,22,27,MELD_lambda0_afproj,0.001,0.795677876649427,331
Stroke,22,27,MELD_lambda0_reportN,0.001,0.805539008996706,331
Stroke,22,27,MELD_lambda0_equal,0.001,0.88248333446985,331
Stroke,22,27,MELD_lambda1_afproj,0.001,0.801412378148422,331
Stroke,22,27,EUR,0.001,0.491734101212064,331
Stroke,22,27,EAS,0.001,0.502575519807749,331
Stroke,22,27,AFR,0.001,0.573030798114806,331
Stroke,22,27,CSA,0.001,0.603344697601529,331
Stroke,22,27,AMR,0.001,0.748851968777452,331
Stroke,22,27,MID,0.001,0.686653431223797,331
Stroke,22,27,MELD_lambda0_afproj,0.01,0.875131117422981,331
Stroke,22,27,MELD_lambda0_reportN,0.01,0.878369337957109,331
Stroke,22,27,MELD_lambda0_equal,0.01,0.882091615890368,331
Stroke,22,27,MELD_lambda1_afproj,0.01,0.876353000013314,331
Stroke,22,27,EUR,0.01,0.799271440069408,331
Stroke,22,27,EAS,0.01,0.822050193764554,331
Stroke,22,27,AFR,0.01,0.75181374436604,331
Stroke,22,27,CSA,0.01,0.772202789371794,331
Stroke,22,27,AMR,0.01,0.834310063759021,331
Stroke,22,27,MID,0.01,0.808257302832665,331
Stroke,22,27,MELD_lambda0_afproj,0.1,0.872564322979506,331
Stroke,22,27,MELD_lambda0_reportN,0.1,0.874835148302166,331
Stroke,22,27,MELD_lambda0_equal,0.1,0.873358584680064,331
Stroke,22,27,MELD_lambda1_afproj,0.1,0.871079098257975,331
Stroke,22,27,EUR,0.1,0.838094646554938,331
Stroke,22,27,EAS,0.1,0.839786115214826,331
Stroke,22,27,AFR,0.1,0.768217392934512,331
Stroke,22,27,CSA,0.1,0.783576098548891,331
Stroke,22,27,AMR,0.1,0.835913682792741,331
Stroke,22,27,MID,0.1,0.810855325223188,331
Stroke,22,28,MELD_lambda0_afproj,0.001,0.785783869536783,216
Stroke,22,28,MELD_lambda0_reportN,0.001,0.806703108850373,216
Stroke,22,28,MELD_lambda0_equal,0.001,0.794244984787125,216
Stroke,22,28,MELD_lambda1_afproj,0.001,0.755733034818331,216
Stroke,22,28,EUR,0.001,0.509612360862203,216
Stroke,22,28,EAS,0.001,0.699130688346289,216
Stroke,22,28,AFR,0.001,0.442025348038793,216
Stroke,22,28,CSA,0.001,0.603336929660335,216
Stroke,22,28,AMR,0.001,0.415603302812552,216
Stroke,22,28,MID,0.001,0.748497110077465,216
Stroke,22,28,MELD_lambda0_afproj,0.01,0.83366035447203,216
Stroke,22,28,MELD_lambda0_reportN,0.01,0.83640509087203,216
Stroke,22,28,MELD_lambda0_equal,0.01,0.794837291208139,216
Stroke,22,28,MELD_lambda1_afproj,0.01,0.829765888619795,216
Stroke,22,28,EUR,0.01,0.741229816312946,216
Stroke,22,28,EAS,0.01,0.813195003877931,216
Stroke,22,28,AFR,0.01,0.458322502009388,216
Stroke,22,28,CSA,0.01,0.713345538206916,216
Stroke,22,28,AMR,0.01,0.66934715198525,216
Stroke,22,28,MID,0.01,0.763810517559303,216
Stroke,22,28,MELD_lambda0_afproj,0.1,0.820164571304262,216
Stroke,22,28,MELD_lambda0_reportN,0.1,0.821076274607579,216
Stroke,22,28,MELD_lambda0_equal,0.1,0.796005349659928,216
Stroke,22,28,MELD_lambda1_afproj,0.1,0.813927580953371,216
Stroke,22,28,EUR,0.1,0.751653787227244,216
Stroke,22,28,EAS,0.1,0.810316067587003,216
Stroke,22,28,AFR,0.1,0.498979691289739,216
Stroke,22,28,CSA,0.1,0.752652738228289,216
Stroke,22,28,AMR,0.1,0.745927919093906,216
Stroke,22,28,MID,0.1,0.776207690529219,216
Stroke,22,29,MELD_lambda0_afproj,0.001,0.929554399734146,286
Stroke,22,29,MELD_lambda0_reportN,0.001,0.927893863648496,286
Stroke,22,29,MELD_lambda0_equal,0.001,0.971429875536415,286
Stroke,22,29,MELD_lambda1_afproj,0.001,0.926228946056684,286
Stroke,22,29,EUR,0.001,0.80397352138313,286
Stroke,22,29,EAS,0.001,0.87395320690619,286
Stroke,22,29,AFR,0.001,0.764412301809304,286
Stroke,22,29,CSA,0.001,0.726687704255182,286
Stroke,22,29,AMR,0.001,0.868440754069161,286
Stroke,22,29,MID,0.001,0.830493458300202,286
Stroke,22,29,MELD_lambda0_afproj,0.01,0.975698108009325,286
Stroke,22,29,MELD_lambda0_reportN,0.01,0.975552509652829,286
Stroke,22,29,MELD_lambda0_equal,0.01,0.979121997456811,286
Stroke,22,29,MELD_lambda1_afproj,0.01,0.975965513317468,286
Stroke,22,29,EUR,0.01,0.938876190098826,286
Stroke,22,29,EAS,0.01,0.954445440414353,286
Stroke,22,29,AFR,0.01,0.910445479253985,286
Stroke,22,29,CSA,0.01,0.943606343164232,286
Stroke,22,29,AMR,0.01,0.948214774591303,286
Stroke,22,29,MID,0.01,0.950128334057936,286
Stroke,22,29,MELD_lambda0_afproj,0.1,0.973969067127434,286
Stroke,22,29,MELD_lambda0_reportN,0.1,0.974073900140205,286
Stroke,22,29,MELD_lambda0_equal,0.1,0.976276535482614,286
Stroke,22,29,MELD_lambda1_afproj,0.1,0.973962873296587,286
Stroke,22,29,EUR,0.1,0.951444536087808,286
Stroke,22,29,EAS,0.1,0.962807559257281,286
Stroke,22,29,AFR,0.1,0.909527492055061,286
Stroke,22,29,CSA,0.1,0.961753177328543,286
Stroke,22,29,AMR,0.1,0.96280129714353,286
Stroke,22,29,MID,0.1,0.961753033069775,286
Stroke,22,31,MELD_lambda0_afproj,0.001,0.86162995341277,357
Stroke,22,31,MELD_lambda0_reportN,0.001,0.864555225819713,357
Stroke,22,31,MELD_lambda0_equal,0.001,0.921036325150127,357
Stroke,22,31,MELD_lambda1_afproj,0.001,0.876679656416739,357
Stroke,22,31,EUR,0.001,0.746097601287929,357
Stroke,22,31,EAS,0.001,0.72543043429345,357
Stroke,22,31,AFR,0.001,0.627234702042559,357
Stroke,22,31,CSA,0.001,0.560234154345003,357
Stroke,22,31,AMR,0.001,0.794951351070578,357
Stroke,22,31,MID,0.001,0.819257166742672,357
Stroke,22,31,MELD_lambda0_afproj,0.01,0.954635641612715,357
Stroke,22,31,MELD_lambda0_reportN,0.01,0.955205864243874,357
Stroke,22,31,MELD_lambda0_equal,0.01,0.958629177758018,357
Stroke,22,31,MELD_lambda1_afproj,0.01,0.957513293777449,357
Stroke,22,31,EUR,0.01,0.916041312857088,357
Stroke,22,31,EAS,0.01,0.913610499466292,357
Stroke,22,31,AFR,0.01,0.869422323240021,357
Stroke,22,31,CSA,0.01,0.890976678511267,357
Stroke,22,31,AMR,0.01,0.91906970907107,357
Stroke,22,31,MID,0.01,0.931147153474688,357
Stroke,22,31,MELD_lambda0_afproj,0.1,0.957811327155559,357
Stroke,22,31,MELD_lambda0_reportN,0.1,0.958240048650514,357
Stroke,22,31,MELD_lambda0_equal,0.1,0.95938867737646,357
Stroke,22,31,MELD_lambda1_afproj,0.1,0.959282562824467,357
Stroke,22,31,EUR,0.1,0.939324598996876,357
Stroke,22,31,EAS,0.1,0.934122059678007,357
Stroke,22,31,AFR,0.1,0.905731037118021,357
Stroke,22,31,CSA,0.1,0.927652503014939,357
Stroke,22,31,AMR,0.1,0.947311500465601,357
Stroke,22,31,MID,0.1,0.952993666161938,357
Stroke,22,32,MELD_lambda0_afproj,0.001,0.848353809162347,113
Stroke,22,32,MELD_lambda0_reportN,0.001,0.845416375848881,113
Stroke,22,32,MELD_lambda0_equal,0.001,0.860314874277782,113
Stroke,22,32,MELD_lambda1_afproj,0.001,0.856456705575985,113
Stroke,22,32,EUR,0.001,0.558886332905799,113
Stroke,22,32,EAS,0.001,0.792247669631171,113
Stroke,22,32,AFR,0.001,0.636479748431261,113
Stroke,22,32,CSA,0.001,0.711508214342409,113
Stroke,22,32,AMR,0.001,0.678277624035186,113
Stroke,22,32,MID,0.001,0.75197910598168,113
Stroke,22,32,MELD_lambda0_afproj,0.01,0.861627217343538,113
Stroke,22,32,MELD_lambda0_reportN,0.01,0.860996445414675,113
Stroke,22,32,MELD_lambda0_equal,0.01,0.861707000789524,113
Stroke,22,32,MELD_lambda1_afproj,0.01,0.864326338974558,113
Stroke,22,32,EUR,0.01,0.729694037274269,113
Stroke,22,32,EAS,0.01,0.863670469144747,113
Stroke,22,32,AFR,0.01,0.719984137804069,113
Stroke,22,32,CSA,0.01,0.80099369858181,113
Stroke,22,32,AMR,0.01,0.831319999085108,113
Stroke,22,32,MID,0.01,0.815523031303098,113
Stroke,22,32,MELD_lambda0_afproj,0.1,0.862379741485129,113
Stroke,22,32,MELD_lambda0_reportN,0.1,0.862865863854892,113
Stroke,22,32,MELD_lambda0_equal,0.1,0.864431623392681,113
Stroke,22,32,MELD_lambda1_afproj,0.1,0.865094114870316,113
Stroke,22,32,EUR,0.1,0.807406987514613,113
Stroke,22,32,EAS,0.1,0.855622867661175,113
Stroke,22,32,AFR,0.1,0.734167093146794,113
Stroke,22,32,CSA,0.1,0.830705402696557,113
Stroke,22,32,AMR,0.1,0.845493733987971,113
Stroke,22,32,MID,0.1,0.831866798553849,113
Stroke,22,34,MELD_lambda0_afproj,0.001,0.72975300560233,295
Stroke,22,34,MELD_lambda0_reportN,0.001,0.719092348175581,295
Stroke,22,34,MELD_lambda0_equal,0.001,0.912180013997968,295
Stroke,22,34,MELD_lambda1_afproj,0.001,0.732832825832603,295
Stroke,22,34,EUR,0.001,0.523622946472003,295
Stroke,22,34,EAS,0.001,0.614145451576499,295
Stroke,22,34,AFR,0.001,0.381693765977205,295
Stroke,22,34,CSA,0.001,0.729236386448843,295
Stroke,22,34,AMR,0.001,0.637302698925239,295
Stroke,22,34,MID,0.001,0.54876641005483,295
Stroke,22,34,MELD_lambda0_afproj,0.01,0.90212032737721,295
Stroke,22,34,MELD_lambda0_reportN,0.01,0.903709957349982,295
Stroke,22,34,MELD_lambda0_equal,0.01,0.942837095745766,295
Stroke,22,34,MELD_lambda1_afproj,0.01,0.906955282869176,295
Stroke,22,34,EUR,0.01,0.806885589656877,295
Stroke,22,34,EAS,0.01,0.876273979125426,295
Stroke,22,34,AFR,0.01,0.70499268193208,295
Stroke,22,34,CSA,0.01,0.892792524496742,295
Stroke,22,34,AMR,0.01,0.808741045789287,295
Stroke,22,34,MID,0.01,0.821518428768147,295
Stroke,22,34,MELD_lambda0_afproj,0.1,0.920298785265326,295
Stroke,22,34,MELD_lambda0_reportN,0.1,0.921102693793943,295
Stroke,22,34,MELD_lambda0_equal,0.1,0.921459294494917,295
Stroke,22,34,MELD_lambda1_afproj,0.1,0.921082545813054,295
Stroke,22,34,EUR,0.1,0.880619122222666,295
Stroke,22,34,EAS,0.1,0.911017941145656,295
Stroke,22,34,AFR,0.1,0.784731921281872,295
Stroke,22,34,CSA,0.1,0.899304610594698,295
Stroke,22,34,AMR,0.1,0.840012492089132,295
Stroke,22,34,MID,0.1,0.853166279655408,295
Stroke,22,37,MELD_lambda0_afproj,0.001,0.767054349052813,646
Stroke,22,37,MELD_lambda0_reportN,0.001,0.760828299169834,646
Stroke,22,37,MELD_lambda0_equal,0.001,0.882689089961133,646
Stroke,22,37,MELD_lambda1_afproj,0.001,0.761926407901029,646
Stroke,22,37,EUR,0.001,0.699998203769472,646
Stroke,22,37,EAS,0.001,0.386622610269921,646
Stroke,22,37,AFR,0.001,0.399507671125617,646
Stroke,22,37,CSA,0.001,0.572789951450457,646
Stroke,22,37,AMR,0.001,0.61456921293816,646
Stroke,22,37,MID,0.001,0.498054116667643,646
Stroke,22,37,MELD_lambda0_afproj,0.01,0.904681981554869,646
Stroke,22,37,MELD_lambda0_reportN,0.01,0.902933649830607,646
Stroke,22,37,MELD_lambda0_equal,0.01,0.906317922871634,646
Stroke,22,37,MELD_lambda1_afproj,0.01,0.902484922876592,646
Stroke,22,37,EUR,0.01,0.870679809426013,646
Stroke,22,37,EAS,0.01,0.76994660057564,646
Stroke,22,37,AFR,0.01,0.695322714023125,646
Stroke,22,37,CSA,0.01,0.86448301951519,646
Stroke,22,37,AMR,0.01,0.830720453388778,646
Stroke,22,37,MID,0.01,0.795411602363461,646
Stroke,22,37,MELD_lambda0_afproj,0.1,0.915773548805793,646
Stroke,22,37,MELD_lambda0_reportN,0.1,0.915549333882678,646
Stroke,22,37,MELD_lambda0_equal,0.1,0.902896282901516,646
Stroke,22,37,MELD_lambda1_afproj,0.1,0.913876142605599,646
Stroke,22,37,EUR,0.1,0.894835418719893,646
Stroke,22,37,EAS,0.1,0.870616884183617,646
Stroke,22,37,AFR,0.1,0.766856401826227,646
Stroke,22,37,CSA,0.1,0.896636986028468,646
Stroke,22,37,AMR,0.1,0.86411943887371,646
Stroke,22,37,MID,0.1,0.867599984967161,646
Stroke,22,38,MELD_lambda0_afproj,0.001,0.504520034407249,38
Stroke,22,38,MELD_lambda0_reportN,0.001,0.523106301960152,38
Stroke,22,38,MELD_lambda0_equal,0.001,0.62991691701985,38
Stroke,22,38,MELD_lambda1_afproj,0.001,0.503516969155875,38
Stroke,22,38,EUR,0.001,0.613234290209119,38
Stroke,22,38,EAS,0.001,0.399719992492901,38
Stroke,22,38,AFR,0.001,0.713651496488559,38
Stroke,22,38,CSA,0.001,0.522204142345677,38
Stroke,22,38,AMR,0.001,0.626340055593887,38
Stroke,22,38,MID,0.001,0.502228598985462,38
Stroke,22,38,MELD_lambda0_afproj,0.01,0.500521082214435,38
Stroke,22,38,MELD_lambda0_reportN,0.01,0.520350604870353,38
Stroke,22,38,MELD_lambda0_equal,0.01,0.610910427349036,38
Stroke,22,38,MELD_lambda1_afproj,0.01,0.510468179235829,38
Stroke,22,38,EUR,0.01,0.569394088516019,38
Stroke,22,38,EAS,0.01,0.411334918477968,38
Stroke,22,38,AFR,0.01,0.676708380766398,38
Stroke,22,38,CSA,0.01,0.529921241335773,38
Stroke,22,38,AMR,0.01,0.595640030791785,38
Stroke,22,38,MID,0.01,0.517635928553474,38
Stroke,22,38,MELD_lambda0_afproj,0.1,0.579157703727585,38
Stroke,22,38,MELD_lambda0_reportN,0.1,0.588148400651515,38
Stroke,22,38,MELD_lambda0_equal,0.1,0.584826779754422,38
Stroke,22,38,MELD_lambda1_afproj,0.1,0.582403293865753,38
Stroke,22,38,EUR,0.1,0.662055148928147,38
Stroke,22,38,EAS,0.1,0.442838758902671,38
Stroke,22,38,AFR,0.1,0.652489386714965,38
Stroke,22,38,CSA,0.1,0.560326983841147,38
Stroke,22,38,AMR,0.1,0.577420557345,38
Stroke,22,38,MID,0.1,0.561097325145964,38
Stroke,22,39,MELD_lambda0_afproj,0.001,0.893415194008482,164
Stroke,22,39,MELD_lambda0_reportN,0.001,0.892145550057362,164
Stroke,22,39,MELD_lambda0_equal,0.001,0.915387876934563,164
Stroke,22,39,MELD_lambda1_afproj,0.001,0.886363790698763,164
Stroke,22,39,EUR,0.001,0.784871999597726,164
Stroke,22,39,EAS,0.001,0.504098353280823,164
Stroke,22,39,AFR,0.001,0.582579727891862,164
Stroke,22,39,CSA,0.001,0.732731541449068,164
Stroke,22,39,AMR,0.001,0.705953278577418,164
Stroke,22,39,MID,0.001,0.70693302160136,164
Stroke,22,39,MELD_lambda0_afproj,0.01,0.928297001186002,164
Stroke,22,39,MELD_lambda0_reportN,0.01,0.927813124431697,164
Stroke,22,39,MELD_lambda0_equal,0.01,0.924776351962247,164
Stroke,22,39,MELD_lambda1_afproj,0.01,0.925020269831569,164
Stroke,22,39,EUR,0.01,0.891869978748677,164
Stroke,22,39,EAS,0.01,0.784593311108201,164
Stroke,22,39,AFR,0.01,0.807160472024306,164
Stroke,22,39,CSA,0.01,0.888652131440436,164
Stroke,22,39,AMR,0.01,0.89424741288716,164
Stroke,22,39,MID,0.01,0.878385284003948,164
Stroke,22,39,MELD_lambda0_afproj,0.1,0.935569422981822,164
Stroke,22,39,MELD_lambda0_reportN,0.1,0.935153121585822,164
Stroke,22,39,MELD_lambda0_equal,0.1,0.915669864157793,164
Stroke,22,39,MELD_lambda1_afproj,0.1,0.932951323359018,164
Stroke,22,39,EUR,0.1,0.922307447875745,164
Stroke,22,39,EAS,0.1,0.831451969434477,164
Stroke,22,39,AFR,0.1,0.821285693446822,164
Stroke,22,39,CSA,0.1,0.895685757295505,164
Stroke,22,39,AMR,0.1,0.909700054781265,164
Stroke,22,39,MID,0.1,0.890499708209154,164
Stroke,22,40,MELD_lambda0_afproj,0.001,0.894394369927719,37
Stroke,22,40,MELD_lambda0_reportN,0.001,0.912901372969135,37
Stroke,22,40,MELD_lambda0_equal,0.001,0.98102128248965,37
Stroke,22,40,MELD_lambda1_afproj,0.001,0.890112968824062,37
Stroke,22,40,EUR,0.001,0.947315213056583,37
Stroke,22,40,EAS,0.001,0.941640795591974,37
Stroke,22,40,AFR,0.001,0.977623992518405,37
Stroke,22,40,CSA,0.001,0.718182992883267,37
Stroke,22,40,AMR,0.001,0.962693879288094,37
Stroke,22,40,MID,0.001,0.984515257414364,37
Stroke,22,40,MELD_lambda0_afproj,0.01,0.972466167318032,37
Stroke,22,40,MELD_lambda0_reportN,0.01,0.974838425892128,37
Stroke,22,40,MELD_lambda0_equal,0.01,0.983697730597227,37
Stroke,22,40,MELD_lambda1_afproj,0.01,0.970005497513207,37
Stroke,22,40,EUR,0.01,0.98225307958846,37
Stroke,22,40,EAS,0.01,0.951574584857192,37
Stroke,22,40,AFR,0.01,0.979342312163248,37
Stroke,22,40,CSA,0.01,0.958816239612256,37
Stroke,22,40,AMR,0.01,0.97305510151809,37
Stroke,22,40,MID,0.01,0.98533162037065,37
Stroke,22,40,MELD_lambda0_afproj,0.1,0.978393426922889,37
Stroke,22,40,MELD_lambda0_reportN,0.1,0.979521263175836,37
Stroke,22,40,MELD_lambda0_equal,0.1,0.984543370889381,37
Stroke,22,40,MELD_lambda1_afproj,0.1,0.975405066307873,37
Stroke,22,40,EUR,0.1,0.978993334113758,37
Stroke,22,40,EAS,0.1,0.93410285695695,37
Stroke,22,40,AFR,0.1,0.979412950212148,37
Stroke,22,40,CSA,0.1,0.980966336628492,37
Stroke,22,40,AMR,0.1,0.977303402174514,37
Stroke,22,40,MID,0.1,0.980611396863646,37
Stroke,22,41,MELD_lambda0_afproj,0.001,0.846478832330306,242
Stroke,22,41,MELD_lambda0_reportN,0.001,0.847346052050631,242
Stroke,22,41,MELD_lambda0_equal,0.001,0.902485895875628,242
Stroke,22,41,MELD_lambda1_afproj,0.001,0.861297635832615,242
Stroke,22,41,EUR,0.001,0.834353893173722,242
Stroke,22,41,EAS,0.001,0.775080765188925,242
Stroke,22,41,AFR,0.001,0.680099083317016,242
Stroke,22,41,CSA,0.001,0.682733520034696,242
Stroke,22,41,AMR,0.001,0.789077202863871,242
Stroke,22,41,MID,0.001,0.779541353297831,242
Stroke,22,41,MELD_lambda0_afproj,0.01,0.921569619225025,242
Stroke,22,41,MELD_lambda0_reportN,0.01,0.921317732712995,242
Stroke,22,41,MELD_lambda0_equal,0.01,0.922712941611935,242
Stroke,22,41,MELD_lambda1_afproj,0.01,0.926727292444276,242
Stroke,22,41,EUR,0.01,0.910679491333296,242
Stroke,22,41,EAS,0.01,0.908124592581116,242
Stroke,22,41,AFR,0.01,0.747284748641481,242
Stroke,22,41,CSA,0.01,0.876934946215849,242
Stroke,22,41,AMR,0.01,0.911929223426922,242
Stroke,22,41,MID,0.01,0.91524268594943,242
Stroke,22,41,MELD_lambda0_afproj,0.1,0.930740531904977,242
Stroke,22,41,MELD_lambda0_reportN,0.1,0.930230963704291,242
Stroke,22,41,MELD_lambda0_equal,0.1,0.926859412301639,242
Stroke,22,41,MELD_lambda1_afproj,0.1,0.932935781438171,242
Stroke,22,41,EUR,0.1,0.918323275584354,242
Stroke,22,41,EAS,0.1,0.930287696837624,242
Stroke,22,41,AFR,0.1,0.758655106184866,242
Stroke,22,41,CSA,0.1,0.920645518885784,242
Stroke,22,41,AMR,0.1,0.937128472400102,242
Stroke,22,41,MID,0.1,0.919581716493017,242
Stroke,22,42,MELD_lambda0_afproj,0.001,0.900356695316681,229
Stroke,22,42,MELD_lambda0_reportN,0.001,0.897668008795074,229
Stroke,22,42,MELD_lambda0_equal,0.001,0.945351044584459,229
Stroke,22,42,MELD_lambda1_afproj,0.001,0.907028121636955,229
Stroke,22,42,EUR,0.001,0.822045862341865,229
Stroke,22,42,EAS,0.001,0.833205265135998,229
Stroke,22,42,AFR,0.001,0.684698544308434,229
Stroke,22,42,CSA,0.001,0.670044618520556,229
Stroke,22,42,AMR,0.001,0.773630242907524,229
Stroke,22,42,MID,0.001,0.812033474615018,229
Stroke,22,42,MELD_lambda0_afproj,0.01,0.96858947779142,229
Stroke,22,42,MELD_lambda0_reportN,0.01,0.9676201159628,229
Stroke,22,42,MELD_lambda0_equal,0.01,0.961007272705258,229
Stroke,22,42,MELD_lambda1_afproj,0.01,0.96746041495469,229
Stroke,22,42,EUR,0.01,0.950962192949911,229
Stroke,22,42,EAS,0.01,0.946395764325264,229
Stroke,22,42,AFR,0.01,0.834431819070786,229
Stroke,22,42,CSA,0.01,0.915574643485615,229
Stroke,22,42,AMR,0.01,0.934543106591631,229
Stroke,22,42,MID,0.01,0.933243708795306,229
Stroke,22,42,MELD_lambda0_afproj,0.1,0.965769838542513,229
Stroke,22,42,MELD_lambda0_reportN,0.1,0.965109495670482,229
Stroke,22,42,MELD_lambda0_equal,0.1,0.958860693897338,229
Stroke,22,42,MELD_lambda1_afproj,0.1,0.962908942730001,229
Stroke,22,42,EUR,0.1,0.954106942338529,229
Stroke,22,42,EAS,0.1,0.956122242456732,229
Stroke,22,42,AFR,0.1,0.846755601660696,229
Stroke,22,42,CSA,0.1,0.949362883182187,229
Stroke,22,42,AMR,0.1,0.946613011514017,229
Stroke,22,42,MID,0.1,0.940472193361894,229
Stroke,22,43,MELD_lambda0_afproj,0.001,0.93200821006871,45
Stroke,22,43,MELD_lambda0_reportN,0.001,0.931027213393937,45
Stroke,22,43,MELD_lambda0_equal,0.001,0.911117305098523,45
Stroke,22,43,MELD_lambda1_afproj,0.001,0.92038504513695,45
Stroke,22,43,EUR,0.001,0.462410465306731,45
Stroke,22,43,EAS,0.001,0.806578350302013,45
Stroke,22,43,AFR,0.001,0.862034081686248,45
Stroke,22,43,CSA,0.001,0.831123457007966,45
Stroke,22,43,AMR,0.001,0.860357306969638,45
Stroke,22,43,MID,0.001,0.836579676587422,45
Stroke,22,43,MELD_lambda0_afproj,0.01,0.897346487227941,45
Stroke,22,43,MELD_lambda0_reportN,0.01,0.897750070712946,45
Stroke,22,43,MELD_lambda0_equal,0.01,0.895589596541903,45
Stroke,22,43,MELD_lambda1_afproj,0.01,0.89233431239868,45
Stroke,22,43,EUR,0.01,0.672681871508305,45
Stroke,22,43,EAS,0.01,0.940779109195107,45
Stroke,22,43,AFR,0.01,0.857875280617402,45
Stroke,22,43,CSA,0.01,0.833676936420743,45
Stroke,22,43,AMR,0.01,0.821625573793438,45
Stroke,22,43,MID,0.01,0.822869657057482,45
Stroke,22,43,MELD_lambda0_afproj,0.1,0.805641317842198,45
Stroke,22,43,MELD_lambda0_reportN,0.1,0.804901594913584,45
Stroke,22,43,MELD_lambda0_equal,0.1,0.824956754775463,45
Stroke,22,43,MELD_lambda1_afproj,0.1,0.796124225487276,45
Stroke,22,43,EUR,0.1,0.702284628838321,45
Stroke,22,43,EAS,0.1,0.931754666913868,45
Stroke,22,43,AFR,0.1,0.82955449971539,45
Stroke,22,43,CSA,0.1,0.796399590520838,45
Stroke,22,43,AMR,0.1,0.741411150614576,45
Stroke,22,43,MID,0.1,0.783185685732384,45
Stroke,22,44,MELD_lambda0_afproj,0.001,0.86581850532123,135
Stroke,22,44,MELD_lambda0_reportN,0.001,0.868713056332835,135
Stroke,22,44,MELD_lambda0_equal,0.001,0.889654410657721,135
Stroke,22,44,MELD_lambda1_afproj,0.001,0.846566410966704,135
Stroke,22,44,EUR,0.001,0.761782777394524,135
Stroke,22,44,EAS,0.001,0.675119507002286,135
Stroke,22,44,AFR,0.001,0.67294510326182,135
Stroke,22,44,CSA,0.001,0.781910954346416,135
Stroke,22,44,AMR,0.001,0.790544762157652,135
Stroke,22,44,MID,0.001,0.817202454680086,135
Stroke,22,44,MELD_lambda0_afproj,0.01,0.895462912623575,135
Stroke,22,44,MELD_lambda0_reportN,0.01,0.89489157437913,135
Stroke,22,44,MELD_lambda0_equal,0.01,0.886861277830091,135
Stroke,22,44,MELD_lambda1_afproj,0.01,0.883732267761533,135
Stroke,22,44,EUR,0.01,0.863291012531461,135
Stroke,22,44,EAS,0.01,0.818673472566514,135
Stroke,22,44,AFR,0.01,0.757741619248558,135
Stroke,22,44,CSA,0.01,0.842069261823871,135
Stroke,22,44,AMR,0.01,0.866808788077011,135
Stroke,22,44,MID,0.01,0.847777042307724,135
Stroke,22,44,MELD_lambda0_afproj,0.1,0.886730116010669,135
Stroke,22,44,MELD_lambda0_reportN,0.1,0.887505698713061,135
Stroke,22,44,MELD_lambda0_equal,0.1,0.873786463532896,135
Stroke,22,44,MELD_lambda1_afproj,0.1,0.88161956399214,135
Stroke,22,44,EUR,0.1,0.877381315162262,135
Stroke,22,44,EAS,0.1,0.831581607177581,135
Stroke,22,44,AFR,0.1,0.768892528167908,135
Stroke,22,44,CSA,0.1,0.852994726048535,135
Stroke,22,44,AMR,0.1,0.867298397183452,135
Stroke,22,44,MID,0.1,0.859985386380395,135
Stroke,22,45,MELD_lambda0_afproj,0.001,0.793550680681664,144
Stroke,22,45,MELD_lambda0_reportN,0.001,0.796774403029929,144
Stroke,22,45,MELD_lambda0_equal,0.001,0.774962828925452,144
Stroke,22,45,MELD_lambda1_afproj,0.001,0.821947904243036,144
Stroke,22,45,EUR,0.001,0.611682182239432,144
Stroke,22,45,EAS,0.001,0.689371125088274,144
Stroke,22,45,AFR,0.001,0.565204129668005,144
Stroke,22,45,CSA,0.001,0.538085914417701,144
Stroke,22,45,AMR,0.001,0.607310063824051,144
Stroke,22,45,MID,0.001,0.747834425391568,144
Stroke,22,45,MELD_lambda0_afproj,0.01,0.789064880665614,144
Stroke,22,45,MELD_lambda0_reportN,0.01,0.790791220176208,144
Stroke,22,45,MELD_lambda0_equal,0.01,0.779520498537557,144
Stroke,22,45,MELD_lambda1_afproj,0.01,0.818957832639631,144
Stroke,22,45,EUR,0.01,0.755857786618698,144
Stroke,22,45,EAS,0.01,0.785536714728039,144
Stroke,22,45,AFR,0.01,0.623291824964063,144
Stroke,22,45,CSA,0.01,0.700555166164183,144
Stroke,22,45,AMR,0.01,0.796837926389351,144
Stroke,22,45,MID,0.01,0.779205754598128,144
Stroke,22,45,MELD_lambda0_afproj,0.1,0.787197995198073,144
Stroke,22,45,MELD_lambda0_reportN,0.1,0.787731634783743,144
Stroke,22,45,MELD_lambda0_equal,0.1,0.774866290335588,144
Stroke,22,45,MELD_lambda1_afproj,0.1,0.809630357435896,144
Stroke,22,45,EUR,0.1,0.780289884451939,144
Stroke,22,45,EAS,0.1,0.781980609935102,144
Stroke,22,45,AFR,0.1,0.620675214985127,144
Stroke,22,45,CSA,0.1,0.742315357502289,144
Stroke,22,45,AMR,0.1,0.81430797194559,144
Stroke,22,45,MID,0.1,0.77439812731648,144
Stroke,22,46,MELD_lambda0_afproj,0.001,0.703792471903685,158
Stroke,22,46,MELD_lambda0_reportN,0.001,0.700380833115457,158
Stroke,22,46,MELD_lambda0_equal,0.001,0.806778436232101,158
Stroke,22,46,MELD_lambda1_afproj,0.001,0.729163512556713,158
Stroke,22,46,EUR,0.001,0.637927528675943,158
Stroke,22,46,EAS,0.001,0.650577886167769,158
Stroke,22,46,AFR,0.001,0.605639480731037,158
Stroke,22,46,CSA,0.001,0.693021219133502,158
Stroke,22,46,AMR,0.001,0.514142084055196,158
Stroke,22,46,MID,0.001,0.559749409503723,158
Stroke,22,46,MELD_lambda0_afproj,0.01,0.831267829114732,158
Stroke,22,46,MELD_lambda0_reportN,0.01,0.82764246348092,158
Stroke,22,46,MELD_lambda0_equal,0.01,0.804433284887095,158
Stroke,22,46,MELD_lambda1_afproj,0.01,0.839981398802015,158
Stroke,22,46,EUR,0.01,0.780702744201736,158
Stroke,22,46,EAS,0.01,0.798887178146282,158
Stroke,22,46,AFR,0.01,0.656675477841143,158
Stroke,22,46,CSA,0.01,0.833207845912069,158
Stroke,22,46,AMR,0.01,0.772147639545577,158
Stroke,22,46,MID,0.01,0.737263917491869,158
Stroke,22,46,MELD_lambda0_afproj,0.1,0.835698535973469,158
Stroke,22,46,MELD_lambda0_reportN,0.1,0.833743932338612,158
Stroke,22,46,MELD_lambda0_equal,0.1,0.804774559290381,158
Stroke,22,46,MELD_lambda1_afproj,0.1,0.839845650144272,158
Stroke,22,46,EUR,0.1,0.816543776213048,158
Stroke,22,46,EAS,0.1,0.816816702765736,158
Stroke,22,46,AFR,0.1,0.668529429337582,158
Stroke,22,46,CSA,0.1,0.837301719239076,158
Stroke,22,46,AMR,0.1,0.805471812005273,158
Stroke,22,46,MID,0.1,0.761578794936337,158
Stroke,22,47,MELD_lambda0_afproj,0.001,0.900646475292405,153
Stroke,22,47,MELD_lambda0_reportN,0.001,0.908884521091062,153
Stroke,22,47,MELD_lambda0_equal,0.001,0.92872280290747,153
Stroke,22,47,MELD_lambda1_afproj,0.001,0.910239877475809,153
Stroke,22,47,EUR,0.001,0.724845884764117,153
Stroke,22,47,EAS,0.001,0.859236906386539,153
Stroke,22,47,AFR,0.001,0.758919196553624,153
Stroke,22,47,CSA,0.001,0.747606691792638,153
Stroke,22,47,AMR,0.001,0.692706543301821,153
Stroke,22,47,MID,0.001,0.807099202118151,153
Stroke,22,47,MELD_lambda0_afproj,0.01,0.948659673913695,153
Stroke,22,47,MELD_lambda0_reportN,0.01,0.951179770371028,153
Stroke,22,47,MELD_lambda0_equal,0.01,0.933651089391122,153
Stroke,22,47,MELD_lambda1_afproj,0.01,0.951286941248114,153
Stroke,22,47,EUR,0.01,0.910584996758005,153
Stroke,22,47,EAS,0.01,0.938739270856857,153
Stroke,22,47,AFR,0.01,0.816842217181109,153
Stroke,22,47,CSA,0.01,0.888323763061967,153
Stroke,22,47,AMR,0.01,0.921372493080968,153
Stroke,22,47,MID,0.01,0.878719816990399,153
Stroke,22,47,MELD_lambda0_afproj,0.1,0.936808726796034,153
Stroke,22,47,MELD_lambda0_reportN,0.1,0.937646754249553,153
Stroke,22,47,MELD_lambda0_equal,0.1,0.930109573231247,153
Stroke,22,47,MELD_lambda1_afproj,0.1,0.939627899043791,153
Stroke,22,47,EUR,0.1,0.911374643754398,153
Stroke,22,47,EAS,0.1,0.930227036128003,153
Stroke,22,47,AFR,0.1,0.812269122467889,153
Stroke,22,47,CSA,0.1,0.908855234285429,153
Stroke,22,47,AMR,0.1,0.928375635496156,153
Stroke,22,47,MID,0.1,0.895044290930142,153
Stroke,22,48,MELD_lambda0_afproj,0.001,0.95316913027437,119
Stroke,22,48,MELD_lambda0_reportN,0.001,0.952671946549702,119
Stroke,22,48,MELD_lambda0_equal,0.001,0.948194588169235,119
Stroke,22,48,MELD_lambda1_afproj,0.001,0.961224913694293,119
Stroke,22,48,EUR,0.001,0.937756857261643,119
Stroke,22,48,EAS,0.001,0.868689729747349,119
Stroke,22,48,AFR,0.001,0.823035596377119,119
Stroke,22,48,CSA,0.001,0.883828024811445,119
Stroke,22,48,AMR,0.001,0.838760919277841,119
Stroke,22,48,MID,0.001,0.869011265986084,119
Stroke,22,48,MELD_lambda0_afproj,0.01,0.962340255666013,119
Stroke,22,48,MELD_lambda0_reportN,0.01,0.96181866541678,119
Stroke,22,48,MELD_lambda0_equal,0.01,0.957537773953393,119
Stroke,22,48,MELD_lambda1_afproj,0.01,0.962940829084623,119
Stroke,22,48,EUR,0.01,0.957068428513987,119
Stroke,22,48,EAS,0.01,0.942941726513563,119
Stroke,22,48,AFR,0.01,0.881831707299237,119
Stroke,22,48,CSA,0.01,0.949294387489773,119
Stroke,22,48,AMR,0.01,0.938852696803278,119
Stroke,22,48,MID,0.01,0.935198328478449,119
Stroke,22,48,MELD_lambda0_afproj,0.1,0.946682907760759,119
Stroke,22,48,MELD_lambda0_reportN,0.1,0.946526348971735,119
Stroke,22,48,MELD_lambda0_equal,0.1,0.952162689141443,119
Stroke,22,48,MELD_lambda1_afproj,0.1,0.947094821775132,119
Stroke,22,48,EUR,0.1,0.938420071910501,119
Stroke,22,48,EAS,0.1,0.945455081219228,119
Stroke,22,48,AFR,0.1,0.885932954398214,119
Stroke,22,48,CSA,0.1,0.94777173907812,119
Stroke,22,48,AMR,0.1,0.940708089193732,119
Stroke,22,48,MID,0.1,0.937456872312786,119
Stroke,22,49,MELD_lambda0_afproj,0.001,0.614230558003525,152
Stroke,22,49,MELD_lambda0_reportN,0.001,0.625884242999343,152
Stroke,22,49,MELD_lambda0_equal,0.001,0.894721507856098,152
Stroke,22,49,MELD_lambda1_afproj,0.001,0.644235075006528,152
Stroke,22,49,EUR,0.001,0.542098760718952,152
Stroke,22,49,EAS,0.001,0.740226325264855,152
Stroke,22,49,AFR,0.001,0.663007866267843,152
Stroke,22,49,CSA,0.001,0.735143201258129,152
Stroke,22,49,AMR,0.001,0.775042891812161,152
Stroke,22,49,MID,0.001,0.831004496860224,152
Stroke,22,49,MELD_lambda0_afproj,0.01,0.862138225753566,152
Stroke,22,49,MELD_lambda0_reportN,0.01,0.861260696307515,152
Stroke,22,49,MELD_lambda0_equal,0.01,0.899896371154372,152
Stroke,22,49,MELD_lambda1_afproj,0.01,0.859333570148998,152
Stroke,22,49,EUR,0.01,0.826495246630054,152
Stroke,22,49,EAS,0.01,0.886168447175203,152
Stroke,22,49,AFR,0.01,0.792508761364633,152
Stroke,22,49,CSA,0.01,0.880225382844182,152
Stroke,22,49,AMR,0.01,0.872795645929667,152
Stroke,22,49,MID,0.01,0.897105097220526,152
Stroke,22,49,MELD_lambda0_afproj,0.1,0.887030915121172,152
Stroke,22,49,MELD_lambda0_reportN,0.1,0.886944219431015,152
Stroke,22,49,MELD_lambda0_equal,0.1,0.894893794516581,152
Stroke,22,49,MELD_lambda1_afproj,0.1,0.881583367337109,152
Stroke,22,49,EUR,0.1,0.875148851246062,152
Stroke,22,49,EAS,0.1,0.882992970644519,152
Stroke,22,49,AFR,0.1,0.787906060284639,152
Stroke,22,49,CSA,0.1,0.88062791606763,152
Stroke,22,49,AMR,0.1,0.892494510046267,152
Stroke,22,49,MID,0.1,0.901017580792388,152
Stroke,22,50,MELD_lambda0_afproj,0.001,0.82416773039546,83
Stroke,22,50,MELD_lambda0_reportN,0.001,0.835739574753337,83
Stroke,22,50,MELD_lambda0_equal,0.001,0.887082529002176,83
Stroke,22,50,MELD_lambda1_afproj,0.001,0.81917509830296,83
Stroke,22,50,EUR,0.001,0.603894454035758,83
Stroke,22,50,EAS,0.001,0.755815197444336,83
Stroke,22,50,AFR,0.001,0.843339107998431,83
Stroke,22,50,CSA,0.001,0.863150817686803,83
Stroke,22,50,AMR,0.001,0.816548020718189,83
Stroke,22,50,MID,0.001,0.880929641519786,83
Stroke,22,50,MELD_lambda0_afproj,0.01,0.84149748687783,83
Stroke,22,50,MELD_lambda0_reportN,0.01,0.846764474582131,83
Stroke,22,50,MELD_lambda0_equal,0.01,0.886816520705087,83
Stroke,22,50,MELD_lambda1_afproj,0.01,0.837322023947099,83
Stroke,22,50,EUR,0.01,0.778998185636805,83
Stroke,22,50,EAS,0.01,0.841918701105503,83
Stroke,22,50,AFR,0.01,0.847667726129363,83
Stroke,22,50,CSA,0.01,0.872078929997124,83
Stroke,22,50,AMR,0.01,0.845156777853036,83
Stroke,22,50,MID,0.01,0.878864678057374,83
Stroke,22,50,MELD_lambda0_afproj,0.1,0.851795167682406,83
Stroke,22,50,MELD_lambda0_reportN,0.1,0.854899959844405,83
Stroke,22,50,MELD_lambda0_equal,0.1,0.882896743994125,83
Stroke,22,50,MELD_lambda1_afproj,0.1,0.844745211889892,83
Stroke,22,50,EUR,0.1,0.833224107142624,83
Stroke,22,50,EAS,0.1,0.846173009083129,83
Stroke,22,50,AFR,0.1,0.842263932974399,83
Stroke,22,50,CSA,0.1,0.858269302933188,83
Stroke,22,50,AMR,0.1,0.862371196218417,83
Stroke,22,50,MID,0.1,0.871685908089255,83
Stroke,22,52,MELD_lambda0_afproj,0.001,0.982586534892557,37
Stroke,22,52,MELD_lambda0_reportN,0.001,0.98232209616755,37
Stroke,22,52,MELD_lambda0_equal,0.001,0.984087869533477,37
Stroke,22,52,MELD_lambda1_afproj,0.001,0.993927471963086,37
Stroke,22,52,EUR,0.001,0.986632175965803,37
Stroke,22,52,EAS,0.001,0.970750658215519,37
Stroke,22,52,AFR,0.001,0.602476156435631,37
Stroke,22,52,CSA,0.001,0.954186762774658,37
Stroke,22,52,AMR,0.001,0.918368195428102,37
Stroke,22,52,MID,0.001,0.970116585931081,37
Stroke,22,52,MELD_lambda0_afproj,0.01,0.983793444294211,37
Stroke,22,52,MELD_lambda0_reportN,0.01,0.983834988437174,37
Stroke,22,52,MELD_lambda0_equal,0.01,0.981926010686436,37
Stroke,22,52,MELD_lambda1_afproj,0.01,0.99093270989491,37
Stroke,22,52,EUR,0.01,0.978606346751082,37
Stroke,22,52,EAS,0.01,0.979747937714679,37
Stroke,22,52,AFR,0.01,0.677647290600284,37
Stroke,22,52,CSA,0.01,0.977376301931313,37
Stroke,22,52,AMR,0.01,0.967932668914408,37
Stroke,22,52,MID,0.01,0.976687736954377,37
Stroke,22,52,MELD_lambda0_afproj,0.1,0.976108201412372,37
Stroke,22,52,MELD_lambda0_reportN,0.1,0.97620776002958,37
Stroke,22,52,MELD_lambda0_equal,0.1,0.974077291709993,37
Stroke,22,52,MELD_lambda1_afproj,0.1,0.981867790539154,37
Stroke,22,52,EUR,0.1,0.973797006189181,37
Stroke,22,52,EAS,0.1,0.963782611559262,37
Stroke,22,52,AFR,0.1,0.72822814698297,37
Stroke,22,52,CSA,0.1,0.978825156059011,37
Stroke,22,52,AMR,0.1,0.977941333379034,37
Stroke,22,52,MID,0.1,0.971272981618627,37
Stroke,22,53,MELD_lambda0_afproj,0.001,0.95807848773587,342
Stroke,22,53,MELD_lambda0_reportN,0.001,0.958026960992218,342
Stroke,22,53,MELD_lambda0_equal,0.001,0.966735279527161,342
Stroke,22,53,MELD_lambda1_afproj,0.001,0.95882697729538,342
Stroke,22,53,EUR,0.001,0.869006787201472,342
Stroke,22,53,EAS,0.001,0.80582876895263,342
Stroke,22,53,AFR,0.001,0.607962018119662,342
Stroke,22,53,CSA,0.001,0.93371988263055,342
Stroke,22,53,AMR,0.001,0.899602484421427,342
Stroke,22,53,MID,0.001,0.892094630947968,342
Stroke,22,53,MELD_lambda0_afproj,0.01,0.98238876696989,342
Stroke,22,53,MELD_lambda0_reportN,0.01,0.982792412647618,342
Stroke,22,53,MELD_lambda0_equal,0.01,0.982632958459568,342
Stroke,22,53,MELD_lambda1_afproj,0.01,0.981643662763373,342
Stroke,22,53,EUR,0.01,0.964335561518738,342
Stroke,22,53,EAS,0.01,0.942977588734839,342
Stroke,22,53,AFR,0.01,0.866593498358159,342
Stroke,22,53,CSA,0.01,0.970327402091409,342
Stroke,22,53,AMR,0.01,0.965241640450003,342
Stroke,22,53,MID,0.01,0.966991608948932,342
Stroke,22,53,MELD_lambda0_afproj,0.1,0.98438713281955,342
Stroke,22,53,MELD_lambda0_reportN,0.1,0.984776960437248,342
Stroke,22,53,MELD_lambda0_equal,0.1,0.983650334701962,342
Stroke,22,53,MELD_lambda1_afproj,0.1,0.983055007935554,342
Stroke,22,53,EUR,0.1,0.966309341876186,342
Stroke,22,53,EAS,0.1,0.96916210491915,342
Stroke,22,53,AFR,0.1,0.913338598923783,342
Stroke,22,53,CSA,0.1,0.974240829968903,342
Stroke,22,53,AMR,0.1,0.974663757024006,342
Stroke,22,53,MID,0.1,0.971845911825556,342
Stroke,22,54,MELD_lambda0_afproj,0.001,0.862297986228855,47
Stroke,22,54,MELD_lambda0_reportN,0.001,0.862605062439275,47
Stroke,22,54,MELD_lambda0_equal,0.001,0.908422630067137,47
Stroke,22,54,MELD_lambda1_afproj,0.001,0.855375940229768,47
Stroke,22,54,EUR,0.001,0.898527410252041,47
Stroke,22,54,EAS,0.001,0.844226850418877,47
Stroke,22,54,AFR,0.001,0.841376457469142,47
Stroke,22,54,CSA,0.001,0.89413582252472,47
Stroke,22,54,AMR,0.001,0.88162331745949,47
Stroke,22,54,MID,0.001,0.940418738728384,47
Stroke,22,54,MELD_lambda0_afproj,0.01,0.865358652253041,47
Stroke,22,54,MELD_lambda0_reportN,0.01,0.866313424847315,47
Stroke,22,54,MELD_lambda0_equal,0.01,0.909185105504112,47
Stroke,22,54,MELD_lambda1_afproj,0.01,0.858003982870574,47
Stroke,22,54,EUR,0.01,0.91367483724173,47
Stroke,22,54,EAS,0.01,0.846030753261095,47
Stroke,22,54,AFR,0.01,0.841121204897315,47
Stroke,22,54,CSA,0.01,0.903448511239645,47
Stroke,22,54,AMR,0.01,0.888729298349472,47
Stroke,22,54,MID,0.01,0.942320823202258,47
Stroke,22,54,MELD_lambda0_afproj,0.1,0.890859317284853,47
Stroke,22,54,MELD_lambda0_reportN,0.1,0.891357663854857,47
Stroke,22,54,MELD_lambda0_equal,0.1,0.917156423129506,47
Stroke,22,54,MELD_lambda1_afproj,0.1,0.887020252076668,47
Stroke,22,54,EUR,0.1,0.936695840729459,47
Stroke,22,54,EAS,0.1,0.86229776670794,47
Stroke,22,54,AFR,0.1,0.841324525559669,47
Stroke,22,54,CSA,0.1,0.926181335557716,47
Stroke,22,54,AMR,0.1,0.908698044436604,47
Stroke,22,54,MID,0.1,0.944128261921987,47
Stroke,22,55,MELD_lambda0_afproj,0.001,0.686788203934719,208
Stroke,22,55,MELD_lambda0_reportN,0.001,0.698523332310074,208
Stroke,22,55,MELD_lambda0_equal,0.001,0.84390804439281,208
Stroke,22,55,MELD_lambda1_afproj,0.001,0.673631684458082,208
Stroke,22,55,EUR,0.001,0.342222373629769,208
Stroke,22,55,EAS,0.001,0.497658630752886,208
Stroke,22,55,AFR,0.001,0.452485552744679,208
Stroke,22,55,CSA,0.001,0.600010268484362,208
Stroke,22,55,AMR,0.001,0.410703344364678,208
Stroke,22,55,MID,0.001,0.492356906002378,208
Stroke,22,55,MELD_lambda0_afproj,0.01,0.890640365292299,208
Stroke,22,55,MELD_lambda0_reportN,0.01,0.889912001625709,208
Stroke,22,55,MELD_lambda0_equal,0.01,0.848786684846571,208
Stroke,22,55,MELD_lambda1_afproj,0.01,0.868407777585606,208
Stroke,22,55,EUR,0.01,0.760407451309458,208
Stroke,22,55,EAS,0.01,0.801491812592568,208
Stroke,22,55,AFR,0.01,0.473603536167897,208
Stroke,22,55,CSA,0.01,0.774032712298738,208
Stroke,22,55,AMR,0.01,0.765438413671333,208
Stroke,22,55,MID,0.01,0.723138385763015,208
Stroke,22,55,MELD_lambda0_afproj,0.1,0.879159778141435,208
Stroke,22,55,MELD_lambda0_reportN,0.1,0.879454032152186,208
Stroke,22,55,MELD_lambda0_equal,0.1,0.839551500624354,208
Stroke,22,55,MELD_lambda1_afproj,0.1,0.865000360509416,208
Stroke,22,55,EUR,0.1,0.797736105696731,208
Stroke,22,55,EAS,0.1,0.803210299189642,208
Stroke,22,55,AFR,0.1,0.489938151236816,208
Stroke,22,55,CSA,0.1,0.815097549938651,208
Stroke,22,55,AMR,0.1,0.773069469246622,208
Stroke,22,55,MID,0.1,0.763212373697815,208
Stroke,22,57,MELD_lambda0_afproj,0.001,0.771836302230884,221
Stroke,22,57,MELD_lambda0_reportN,0.001,0.783243940616101,221
Stroke,22,57,MELD_lambda0_equal,0.001,0.848019675553967,221
Stroke,22,57,MELD_lambda1_afproj,0.001,0.765783126658498,221
Stroke,22,57,EUR,0.001,0.737184980314225,221
Stroke,22,57,EAS,0.001,0.57910606327357,221
Stroke,22,57,AFR,0.001,0.342345004421284,221
Stroke,22,57,CSA,0.001,0.755082392443446,221
Stroke,22,57,AMR,0.001,0.698264020544512,221
Stroke,22,57,MID,0.001,0.645602082056755,221
Stroke,22,57,MELD_lambda0_afproj,0.01,0.866731121851106,221
Stroke,22,57,MELD_lambda0_reportN,0.01,0.864732830374145,221
Stroke,22,57,MELD_lambda0_equal,0.01,0.876064861011686,221
Stroke,22,57,MELD_lambda1_afproj,0.01,0.867113486848567,221
Stroke,22,57,EUR,0.01,0.826598984983691,221
Stroke,22,57,EAS,0.01,0.858194429930105,221
Stroke,22,57,AFR,0.01,0.661081483213718,221
Stroke,22,57,CSA,0.01,0.883732584314813,221
Stroke,22,57,AMR,0.01,0.817072333898902,221
Stroke,22,57,MID,0.01,0.847507625603125,221
Stroke,22,57,MELD_lambda0_afproj,0.1,0.87684850349199,221
Stroke,22,57,MELD_lambda0_reportN,0.1,0.875547804500176,221
Stroke,22,57,MELD_lambda0_equal,0.1,0.87292146975566,221
Stroke,22,57,MELD_lambda1_afproj,0.1,0.877135313341021,221
Stroke,22,57,EUR,0.1,0.855514465914954,221
Stroke,22,57,EAS,0.1,0.875417525617016,221
Stroke,22,57,AFR,0.1,0.718012979955721,221
Stroke,22,57,CSA,0.1,0.871797557637689,221
Stroke,22,57,AMR,0.1,0.848690500290529,221
Stroke,22,57,MID,0.1,0.858652497633072,221
Stroke,22,58,MELD_lambda0_afproj,0.001,0.667260035541632,298
Stroke,22,58,MELD_lambda0_reportN,0.001,0.673365947403232,298
Stroke,22,58,MELD_lambda0_equal,0.001,0.764163988306266,298
Stroke,22,58,MELD_lambda1_afproj,0.001,0.667220955900795,298
Stroke,22,58,EUR,0.001,0.464571009874019,298
Stroke,22,58,EAS,0.001,0.505817355831749,298
Stroke,22,58,AFR,0.001,0.612628221354665,298
Stroke,22,58,CSA,0.001,0.580249001721094,298
Stroke,22,58,AMR,0.001,0.428858379595018,298
Stroke,22,58,MID,0.001,0.603177023053748,298
Stroke,22,58,MELD_lambda0_afproj,0.01,0.766465633477557,298
Stroke,22,58,MELD_lambda0_reportN,0.01,0.766389681250771,298
Stroke,22,58,MELD_lambda0_equal,0.01,0.76517857097329,298
Stroke,22,58,MELD_lambda1_afproj,0.01,0.76528813192661,298
Stroke,22,58,EUR,0.01,0.681567391716146,298
Stroke,22,58,EAS,0.01,0.786417767564643,298
Stroke,22,58,AFR,0.01,0.622228231845865,298
Stroke,22,58,CSA,0.01,0.732050165603957,298
Stroke,22,58,AMR,0.01,0.617198971723795,298
Stroke,22,58,MID,0.01,0.71560162649783,298
Stroke,22,58,MELD_lambda0_afproj,0.1,0.770859565670428,298
Stroke,22,58,MELD_lambda0_reportN,0.1,0.770418623831437,298
Stroke,22,58,MELD_lambda0_equal,0.1,0.759997940653539,298
Stroke,22,58,MELD_lambda1_afproj,0.1,0.767953088255192,298
Stroke,22,58,EUR,0.1,0.711425435041338,298
Stroke,22,58,EAS,0.1,0.78399058127671,298
Stroke,22,58,AFR,0.1,0.629089789207479,298
Stroke,22,58,CSA,0.1,0.747522431743951,298
Stroke,22,58,AMR,0.1,0.669102397428616,298
Stroke,22,58,MID,0.1,0.718951788436187,298
Stroke,22,60,MELD_lambda0_afproj,0.001,0.78147326919754,162
Stroke,22,60,MELD_lambda0_reportN,0.001,0.781277730393332,162
Stroke,22,60,MELD_lambda0_equal,0.001,0.742306368090614,162
Stroke,22,60,MELD_lambda1_afproj,0.001,0.782005448779007,162
Stroke,22,60,EUR,0.001,0.433634413380878,162
Stroke,22,60,EAS,0.001,0.697042052647197,162
Stroke,22,60,AFR,0.001,0.471293138426108,162
Stroke,22,60,CSA,0.001,0.752513099853177,162
Stroke,22,60,AMR,0.001,0.625211506661805,162
Stroke,22,60,MID,0.001,0.695306102230251,162
Stroke,22,60,MELD_lambda0_afproj,0.01,0.773148518208561,162
Stroke,22,60,MELD_lambda0_reportN,0.01,0.772558121850139,162
Stroke,22,60,MELD_lambda0_equal,0.01,0.740365568185499,162
Stroke,22,60,MELD_lambda1_afproj,0.01,0.777768899759849,162
Stroke,22,60,EUR,0.01,0.560933065335619,162
Stroke,22,60,EAS,0.01,0.69919299705742,162
Stroke,22,60,AFR,0.01,0.467992491113719,162
Stroke,22,60,CSA,0.01,0.740010221282998,162
Stroke,22,60,AMR,0.01,0.659385385842894,162
Stroke,22,60,MID,0.01,0.693351232678667,162
Stroke,22,60,MELD_lambda0_afproj,0.1,0.749332717439881,162
Stroke,22,60,MELD_lambda0_reportN,0.1,0.748427223437761,162
Stroke,22,60,MELD_lambda0_equal,0.1,0.72834744694829,162
Stroke,22,60,MELD_lambda1_afproj,0.1,0.749093277503916,162
Stroke,22,60,EUR,0.1,0.654316633405125,162
Stroke,22,60,EAS,0.1,0.661054095447862,162
Stroke,22,60,AFR,0.1,0.45085066257523,162
Stroke,22,60,CSA,0.1,0.71091891201725,162
Stroke,22,60,AMR,0.1,0.668344834291151,162
Stroke,22,60,MID,0.1,0.68859903240355,162
Stroke,22,61,MELD_lambda0_afproj,0.001,0.886804214693135,261
Stroke,22,61,MELD_lambda0_reportN,0.001,0.885503632462358,261
Stroke,22,61,MELD_lambda0_equal,0.001,0.935858273935204,261
Stroke,22,61,MELD_lambda1_afproj,0.001,0.90333873635414,261
Stroke,22,61,EUR,0.001,0.690913545377891,261
Stroke,22,61,EAS,0.001,0.770172637875129,261
Stroke,22,61,AFR,0.001,0.678723427712436,261
Stroke,22,61,CSA,0.001,0.896953186851132,261
Stroke,22,61,AMR,0.001,0.753608817253361,261
Stroke,22,61,MID,0.001,0.833185863857851,261
Stroke,22,61,MELD_lambda0_afproj,0.01,0.945521858045816,261
Stroke,22,61,MELD_lambda0_reportN,0.01,0.944703796471828,261
Stroke,22,61,MELD_lambda0_equal,0.01,0.9444832195313,261
Stroke,22,61,MELD_lambda1_afproj,0.01,0.950091084716426,261
Stroke,22,61,EUR,0.01,0.919633501707708,261
Stroke,22,61,EAS,0.01,0.929788233571073,261
Stroke,22,61,AFR,0.01,0.858655159502937,261
Stroke,22,61,CSA,0.01,0.955352875553386,261
Stroke,22,61,AMR,0.01,0.90047170112657,261
Stroke,22,61,MID,0.01,0.908390034298069,261
Stroke,22,61,MELD_lambda0_afproj,0.1,0.946069332416092,261
Stroke,22,61,MELD_lambda0_reportN,0.1,0.945299125051113,261
Stroke,22,61,MELD_lambda0_equal,0.1,0.936556534933357,261
Stroke,22,61,MELD_lambda1_afproj,0.1,0.95073296749786,261
Stroke,22,61,EUR,0.1,0.942158160203784,261
Stroke,22,61,EAS,0.1,0.93038034787502,261
Stroke,22,61,AFR,0.1,0.864044905249988,261
Stroke,22,61,CSA,0.1,0.950161952337232,261
Stroke,22,61,AMR,0.1,0.911515922343809,261
Stroke,22,61,MID,0.1,0.910779013223054,261
Stroke,22,63,MELD_lambda0_afproj,0.001,0.839931354543616,50
Stroke,22,63,MELD_lambda0_reportN,0.001,0.839906270355871,50
Stroke,22,63,MELD_lambda0_equal,0.001,0.856801959380745,50
Stroke,22,63,MELD_lambda1_afproj,0.001,0.840897497139476,50
Stroke,22,63,EUR,0.001,0.79975732596994,50
Stroke,22,63,EAS,0.001,0.837892291832901,50
Stroke,22,63,AFR,0.001,0.824719704386225,50
Stroke,22,63,CSA,0.001,0.889674460437326,50
Stroke,22,63,AMR,0.001,0.860358636546446,50
Stroke,22,63,MID,0.001,0.890618020714442,50
Stroke,22,63,MELD_lambda0_afproj,0.01,0.843694206714017,50
Stroke,22,63,MELD_lambda0_reportN,0.01,0.84270239520273,50
Stroke,22,63,MELD_lambda0_equal,0.01,0.855663965519559,50
Stroke,22,63,MELD_lambda1_afproj,0.01,0.844001557776062,50
Stroke,22,63,EUR,0.01,0.825029939964762,50
Stroke,22,63,EAS,0.01,0.839568277599677,50
Stroke,22,63,AFR,0.01,0.823874778908581,50
Stroke,22,63,CSA,0.01,0.887625273684477,50
Stroke,22,63,AMR,0.01,0.855530843232597,50
Stroke,22,63,MID,0.01,0.887922914894642,50
Stroke,22,63,MELD_lambda0_afproj,0.1,0.837936257864074,50
Stroke,22,63,MELD_lambda0_reportN,0.1,0.836616865536932,50
Stroke,22,63,MELD_lambda0_equal,0.1,0.848223104509655,50
Stroke,22,63,MELD_lambda1_afproj,0.1,0.839350625020712,50
Stroke,22,63,EUR,0.1,0.81653908524345,50
Stroke,22,63,EAS,0.1,0.836372209752037,50
Stroke,22,63,AFR,0.1,0.817648726707945,50
Stroke,22,63,CSA,0.1,0.873408906703237,50
Stroke,22,63,AMR,0.1,0.834838751743964,50
Stroke,22,63,MID,0.1,0.869021521288232,50
Stroke,22,64,MELD_lambda0_afproj,0.001,0.705123378919311,170
Stroke,22,64,MELD_lambda0_reportN,0.001,0.729459013613153,170
Stroke,22,64,MELD_lambda0_equal,0.001,0.857201510427685,170
Stroke,22,64,MELD_lambda1_afproj,0.001,0.716375019046657,170
Stroke,22,64,EUR,0.001,0.442280008317826,170
Stroke,22,64,EAS,0.001,0.542719621251932,170
Stroke,22,64,AFR,0.001,0.655797360669959,170
Stroke,22,64,CSA,0.001,0.601686156804941,170
Stroke,22,64,AMR,0.001,0.319645740870127,170
Stroke,22,64,MID,0.001,0.639052594288055,170
Stroke,22,64,MELD_lambda0_afproj,0.01,0.825037414077052,170
Stroke,22,64,MELD_lambda0_reportN,0.01,0.830571846675823,170
Stroke,22,64,MELD_lambda0_equal,0.01,0.853991855962772,170
Stroke,22,64,MELD_lambda1_afproj,0.01,0.826486817866043,170
Stroke,22,64,EUR,0.01,0.767270723058138,170
Stroke,22,64,EAS,0.01,0.828123415836141,170
Stroke,22,64,AFR,0.01,0.652874113807685,170
Stroke,22,64,CSA,0.01,0.771710092165193,170
Stroke,22,64,AMR,0.01,0.690249122659204,170
Stroke,22,64,MID,0.01,0.797940409759865,170
Stroke,22,64,MELD_lambda0_afproj,0.1,0.799345929691258,170
Stroke,22,64,MELD_lambda0_reportN,0.1,0.8011782814408,170
Stroke,22,64,MELD_lambda0_equal,0.1,0.808853269085859,170
Stroke,22,64,MELD_lambda1_afproj,0.1,0.800475160325857,170
Stroke,22,64,EUR,0.1,0.758109615824965,170
Stroke,22,64,EAS,0.1,0.798671799395071,170
Stroke,22,64,AFR,0.1,0.613980938170572,170
Stroke,22,64,CSA,0.1,0.763034531180758,170
Stroke,22,64,AMR,0.1,0.752844942407482,170
Stroke,22,64,MID,0.1,0.790247415411037,170
Stroke,22,65,MELD_lambda0_afproj,0.001,0.970956173463292,40
Stroke,22,65,MELD_lambda0_reportN,0.001,0.974384111127658,40
Stroke,22,65,MELD_lambda0_equal,0.001,0.956222178818766,40
Stroke,22,65,MELD_lambda1_afproj,0.001,0.979065149068446,40
Stroke,22,65,EUR,0.001,0.950726605108898,40
Stroke,22,65,EAS,0.001,0.925746955465261,40
Stroke,22,65,AFR,0.001,0.952538893935736,40
Stroke,22,65,CSA,0.001,0.970316866869958,40
Stroke,22,65,AMR,0.001,0.951038243492765,40
Stroke,22,65,MID,0.001,0.952987121967112,40
Stroke,22,65,MELD_lambda0_afproj,0.01,0.967556866102035,40
Stroke,22,65,MELD_lambda0_reportN,0.01,0.964414435912215,40
Stroke,22,65,MELD_lambda0_equal,0.01,0.959491177558069,40
Stroke,22,65,MELD_lambda1_afproj,0.01,0.968654102580693,40
Stroke,22,65,EUR,0.01,0.962408254860911,40
Stroke,22,65,EAS,0.01,0.950370340129458,40
Stroke,22,65,AFR,0.01,0.95329066681704,40
Stroke,22,65,CSA,0.01,0.974195424706028,40
Stroke,22,65,AMR,0.01,0.952552612860563,40
Stroke,22,65,MID,0.01,0.959596632645985,40
Stroke,22,65,MELD_lambda0_afproj,0.1,0.959623039912641,40
Stroke,22,65,MELD_lambda0_reportN,0.1,0.958861618527248,40
Stroke,22,65,MELD_lambda0_equal,0.1,0.966722991721017,40
Stroke,22,65,MELD_lambda1_afproj,0.1,0.958742159247667,40
Stroke,22,65,EUR,0.1,0.95261128350302,40
Stroke,22,65,EAS,0.1,0.961429918072799,40
Stroke,22,65,AFR,0.1,0.956362560844849,40
Stroke,22,65,CSA,0.1,0.97372286953535,40
Stroke,22,65,AMR,0.1,0.956557254517758,40
Stroke,22,65,MID,0.1,0.967056441849112,40
Stroke,22,66,MELD_lambda0_afproj,0.001,0.771145699474905,189
Stroke,22,66,MELD_lambda0_reportN,0.001,0.793718069058916,189
Stroke,22,66,MELD_lambda0_equal,0.001,0.88050879611636,189
Stroke,22,66,MELD_lambda1_afproj,0.001,0.772076735585302,189
Stroke,22,66,EUR,0.001,0.634255739447998,189
Stroke,22,66,EAS,0.001,0.493114551426077,189
Stroke,22,66,AFR,0.001,0.713865804833676,189
Stroke,22,66,CSA,0.001,0.652029751349405,189
Stroke,22,66,AMR,0.001,0.706055403567637,189
Stroke,22,66,MID,0.001,0.76886471754768,189
Stroke,22,66,MELD_lambda0_afproj,0.01,0.905526469298275,189
Stroke,22,66,MELD_lambda0_reportN,0.01,0.908117413690072,189
Stroke,22,66,MELD_lambda0_equal,0.01,0.881998589211085,189
Stroke,22,66,MELD_lambda1_afproj,0.01,0.900894273951197,189
Stroke,22,66,EUR,0.01,0.894006753102507,189
Stroke,22,66,EAS,0.01,0.801845662223598,189
Stroke,22,66,AFR,0.01,0.713162642482693,189
Stroke,22,66,CSA,0.01,0.865112408532644,189
Stroke,22,66,AMR,0.01,0.84765847682139,189
Stroke,22,66,MID,0.01,0.859930287971507,189
Stroke,22,66,MELD_lambda0_afproj,0.1,0.896119178060531,189
Stroke,22,66,MELD_lambda0_reportN,0.1,0.896378299134962,189
Stroke,22,66,MELD_lambda0_equal,0.1,0.873171220622657,189
Stroke,22,66,MELD_lambda1_afproj,0.1,0.890369070971918,189
Stroke,22,66,EUR,0.1,0.897370201705606,189
Stroke,22,66,EAS,0.1,0.810106760488826,189
Stroke,22,66,AFR,0.1,0.707336580198404,189
Stroke,22,66,CSA,0.1,0.881286889163276,189
Stroke,22,66,AMR,0.1,0.868196654432758,189
Stroke,22,66,MID,0.1,0.868028563839553,189
Stroke,22,67,MELD_lambda0_afproj,0.001,0.762391028885601,182
Stroke,22,67,MELD_lambda0_reportN,0.001,0.762632555707152,182
Stroke,22,67,MELD_lambda0_equal,0.001,0.760651931733061,182
Stroke,22,67,MELD_lambda1_afproj,0.001,0.765865376667257,182
Stroke,22,67,EUR,0.001,0.60651149418728,182
Stroke,22,67,EAS,0.001,0.717023934570914,182
Stroke,22,67,AFR,0.001,0.701764674249914,182
Stroke,22,67,CSA,0.001,0.733203978884326,182
Stroke,22,67,AMR,0.001,0.479277196438932,182
Stroke,22,67,MID,0.001,0.652930326015305,182
Stroke,22,67,MELD_lambda0_afproj,0.01,0.762956985405704,182
Stroke,22,67,MELD_lambda0_reportN,0.01,0.76346912951623,182
Stroke,22,67,MELD_lambda0_equal,0.01,0.765863224601421,182
Stroke,22,67,MELD_lambda1_afproj,0.01,0.763367075722913,182
Stroke,22,67,EUR,0.01,0.755040280562692,182
Stroke,22,67,EAS,0.01,0.760686706982136,182
Stroke,22,67,AFR,0.01,0.703254510647049,182
Stroke,22,67,CSA,0.01,0.755109403035367,182
Stroke,22,67,AMR,0.01,0.692222683329844,182
Stroke,22,67,MID,0.01,0.726808658674883,182
Stroke,22,67,MELD_lambda0_afproj,0.1,0.757888141044593,182
Stroke,22,67,MELD_lambda0_reportN,0.1,0.757812325809635,182
Stroke,22,67,MELD_lambda0_equal,0.1,0.762216436343715,182
Stroke,22,67,MELD_lambda1_afproj,0.1,0.759445990589551,182
Stroke,22,67,EUR,0.1,0.742886062515112,182
Stroke,22,67,EAS,0.1,0.75430826563388,182
Stroke,22,67,AFR,0.1,0.706383497021789,182
Stroke,22,67,CSA,0.1,0.750032709183873,182
Stroke,22,67,AMR,0.1,0.708881196091716,182
Stroke,22,67,MID,0.1,0.734407778973966,182
Stroke,22,68,MELD_lambda0_afproj,0.001,0.869023875163126,120
Stroke,22,68,MELD_lambda0_reportN,0.001,0.871056447189626,120
Stroke,22,68,MELD_lambda0_equal,0.001,0.861104209931646,120
Stroke,22,68,MELD_lambda1_afproj,0.001,0.86952882485651,120
Stroke,22,68,EUR,0.001,0.542128465920402,120
Stroke,22,68,EAS,0.001,0.890962988281632,120
Stroke,22,68,AFR,0.001,0.652595646492004,120
Stroke,22,68,CSA,0.001,0.839571013293799,120
Stroke,22,68,AMR,0.001,0.817269128337325,120
Stroke,22,68,MID,0.001,0.764298854846073,120
Stroke,22,68,MELD_lambda0_afproj,0.01,0.876024506221082,120
Stroke,22,68,MELD_lambda0_reportN,0.01,0.8754088828608,120
Stroke,22,68,MELD_lambda0_equal,0.01,0.861820485696634,120
Stroke,22,68,MELD_lambda1_afproj,0.01,0.878671208324368,120
Stroke,22,68,EUR,0.01,0.80092784145684,120
Stroke,22,68,EAS,0.01,0.887298098894529,120
Stroke,22,68,AFR,0.01,0.654867543831743,120
Stroke,22,68,CSA,0.01,0.850397809607537,120
Stroke,22,68,AMR,0.01,0.865260855199306,120
Stroke,22,68,MID,0.01,0.773295182908241,120
Stroke,22,68,MELD_lambda0_afproj,0.1,0.870682135867437,120
Stroke,22,68,MELD_lambda0_reportN,0.1,0.870096244848555,120
Stroke,22,68,MELD_lambda0_equal,0.1,0.856515574126525,120
Stroke,22,68,MELD_lambda1_afproj,0.1,0.871841397542693,120
Stroke,22,68,EUR,0.1,0.840811431703352,120
Stroke,22,68,EAS,0.1,0.877299786982915,120
Stroke,22,68,AFR,0.1,0.673310886279877,120
Stroke,22,68,CSA,0.1,0.844990059851769,120
Stroke,22,68,AMR,0.1,0.862424171793366,120
Stroke,22,68,MID,0.1,0.785727070538431,120
Stroke,22,70,MELD_lambda0_afproj,0.001,0.898303832004117,177
Stroke,22,70,MELD_lambda0_reportN,0.001,0.903283751285214,177
Stroke,22,70,MELD_lambda0_equal,0.001,0.903996234469648,177
Stroke,22,70,MELD_lambda1_afproj,0.001,0.895497918614842,177
Stroke,22,70,EUR,0.001,0.77528666300474,177
Stroke,22,70,EAS,0.001,0.690811693441338,177
Stroke,22,70,AFR,0.001,0.772193797945748,177
Stroke,22,70,CSA,0.001,0.706374487877918,177
Stroke,22,70,AMR,0.001,0.769502283436059,177
Stroke,22,70,MID,0.001,0.825451200634241,177
Stroke,22,70,MELD_lambda0_afproj,0.01,0.918578897306914,177
Stroke,22,70,MELD_lambda0_reportN,0.01,0.918638586639616,177
Stroke,22,70,MELD_lambda0_equal,0.01,0.905060189366942,177
Stroke,22,70,MELD_lambda1_afproj,0.01,0.920435603233112,177
Stroke,22,70,EUR,0.01,0.889833980708485,177
Stroke,22,70,EAS,0.01,0.828596368284436,177
Stroke,22,70,AFR,0.01,0.783686898816678,177
Stroke,22,70,CSA,0.01,0.845724299218823,177
Stroke,22,70,AMR,0.01,0.886655746402973,177
Stroke,22,70,MID,0.01,0.88230181602626,177
Stroke,22,70,MELD_lambda0_afproj,0.1,0.905753227482723,177
Stroke,22,70,MELD_lambda0_reportN,0.1,0.905677999967926,177
Stroke,22,70,MELD_lambda0_equal,0.1,0.898852259080239,177
Stroke,22,70,MELD_lambda1_afproj,0.1,0.904709685838413,177
Stroke,22,70,EUR,0.1,0.888612820228163,177
Stroke,22,70,EAS,0.1,0.834929833553782,177
Stroke,22,70,AFR,0.1,0.804704716045189,177
Stroke,22,70,CSA,0.1,0.882304913728664,177
Stroke,22,70,AMR,0.1,0.881387862885326,177
Stroke,22,70,MID,0.1,0.884153292511936,177
Stroke,22,71,MELD_lambda0_afproj,0.001,0.908153061383179,142
Stroke,22,71,MELD_lambda0_reportN,0.001,0.907322415913473,142
Stroke,22,71,MELD_lambda0_equal,0.001,0.895430766594025,142
Stroke,22,71,MELD_lambda1_afproj,0.001,0.907625261740431,142
Stroke,22,71,EUR,0.001,0.729078492681352,142
Stroke,22,71,EAS,0.001,0.829617718451859,142
Stroke,22,71,AFR,0.001,0.695496747649589,142
Stroke,22,71,CSA,0.001,0.864627988318746,142
Stroke,22,71,AMR,0.001,0.808769431063735,142
Stroke,22,71,MID,0.001,0.837192979130703,142
Stroke,22,71,MELD_lambda0_afproj,0.01,0.904093128107142,142
Stroke,22,71,MELD_lambda0_reportN,0.01,0.903512836961045,142
Stroke,22,71,MELD_lambda0_equal,0.01,0.895791555463428,142
Stroke,22,71,MELD_lambda1_afproj,0.01,0.90594385111031,142
Stroke,22,71,EUR,0.01,0.847925637683602,142
Stroke,22,71,EAS,0.01,0.872169694899309,142
Stroke,22,71,AFR,0.01,0.689001424952418,142
Stroke,22,71,CSA,0.01,0.887434973254161,142
Stroke,22,71,AMR,0.01,0.85100819760664,142
Stroke,22,71,MID,0.01,0.841860157437959,142
Stroke,22,71,MELD_lambda0_afproj,0.1,0.895777844705684,142
Stroke,22,71,MELD_lambda0_reportN,0.1,0.894517397341987,142
Stroke,22,71,MELD_lambda0_equal,0.1,0.890731198039727,142
Stroke,22,71,MELD_lambda1_afproj,0.1,0.896960217667669,142
Stroke,22,71,EUR,0.1,0.873261650261835,142
Stroke,22,71,EAS,0.1,0.882396132254176,142
Stroke,22,71,AFR,0.1,0.669220044467496,142
Stroke,22,71,CSA,0.1,0.900633504155004,142
Stroke,22,71,AMR,0.1,0.86961207569789,142
Stroke,22,71,MID,0.1,0.848008862686719,142
Stroke,22,72,MELD_lambda0_afproj,0.001,0.8705699477569,53
Stroke,22,72,MELD_lambda0_reportN,0.001,0.872691686537395,53
Stroke,22,72,MELD_lambda0_equal,0.001,0.812712814055151,53
Stroke,22,72,MELD_lambda1_afproj,0.001,0.882210459155468,53
Stroke,22,72,EUR,0.001,0.771611879557183,53
Stroke,22,72,EAS,0.001,0.821371197105661,53
Stroke,22,72,AFR,0.001,0.605905613986844,53
Stroke,22,72,CSA,0.001,0.799074848150507,53
Stroke,22,72,AMR,0.001,0.812532624470576,53
Stroke,22,72,MID,0.001,0.830402206118003,53
Stroke,22,72,MELD_lambda0_afproj,0.01,0.87399713567471,53
Stroke,22,72,MELD_lambda0_reportN,0.01,0.876193635015533,53
Stroke,22,72,MELD_lambda0_equal,0.01,0.808452521686378,53
Stroke,22,72,MELD_lambda1_afproj,0.01,0.885680674722564,53
Stroke,22,72,EUR,0.01,0.831896041639196,53
Stroke,22,72,EAS,0.01,0.814780861617677,53
Stroke,22,72,AFR,0.01,0.607096673743344,53
Stroke,22,72,CSA,0.01,0.805638970246797,53
Stroke,22,72,AMR,0.01,0.805759653805806,53
Stroke,22,72,MID,0.01,0.799306939773883,53
Stroke,22,72,MELD_lambda0_afproj,0.1,0.883142396513429,53
Stroke,22,72,MELD_lambda0_reportN,0.1,0.883240217794097,53
Stroke,22,72,MELD_lambda0_equal,0.1,0.775119198273901,53
Stroke,22,72,MELD_lambda1_afproj,0.1,0.892239987073202,53
Stroke,22,72,EUR,0.1,0.882278845531984,53
Stroke,22,72,EAS,0.1,0.800986769300263,53
Stroke,22,72,AFR,0.1,0.621433603816309,53
Stroke,22,72,CSA,0.1,0.795462092656148,53
Stroke,22,72,AMR,0.1,0.747838687623292,53
Stroke,22,72,MID,0.1,0.752442459119192,53
Stroke,22,74,MELD_lambda0_afproj,0.001,0.660788392942711,342
Stroke,22,74,MELD_lambda0_reportN,0.001,0.651372405481732,342
Stroke,22,74,MELD_lambda0_equal,0.001,0.834897797708698,342
Stroke,22,74,MELD_lambda1_afproj,0.001,0.693750076047688,342
Stroke,22,74,EUR,0.001,0.424658020762778,342
Stroke,22,74,EAS,0.001,0.330598147979835,342
Stroke,22,74,AFR,0.001,0.504625409255984,342
Stroke,22,74,CSA,0.001,0.492554888856077,342
Stroke,22,74,AMR,0.001,0.432454960661376,342
Stroke,22,74,MID,0.001,0.577066198994513,342
Stroke,22,74,MELD_lambda0_afproj,0.01,0.820344633556843,342
Stroke,22,74,MELD_lambda0_reportN,0.01,0.81872166793177,342
Stroke,22,74,MELD_lambda0_equal,0.01,0.835897217723891,342
Stroke,22,74,MELD_lambda1_afproj,0.01,0.828825378771976,342
Stroke,22,74,EUR,0.01,0.7566314555029,342
Stroke,22,74,EAS,0.01,0.707636374196085,342
Stroke,22,74,AFR,0.01,0.718082887357871,342
Stroke,22,74,CSA,0.01,0.783842432633677,342
Stroke,22,74,AMR,0.01,0.733895636697858,342
Stroke,22,74,MID,0.01,0.780990833717083,342
Stroke,22,74,MELD_lambda0_afproj,0.1,0.833102386177576,342
Stroke,22,74,MELD_lambda0_reportN,0.1,0.833929154368762,342
Stroke,22,74,MELD_lambda0_equal,0.1,0.832422227190885,342
Stroke,22,74,MELD_lambda1_afproj,0.1,0.833473769763253,342
Stroke,22,74,EUR,0.1,0.801246643269426,342
Stroke,22,74,EAS,0.1,0.779851158896699,342
Stroke,22,74,AFR,0.1,0.758486307891491,342
Stroke,22,74,CSA,0.1,0.820328322553657,342
Stroke,22,74,AMR,0.1,0.786437102762909,342
Stroke,22,74,MID,0.1,0.794206964648298,342
VTE,22,1,MELD_lambda0_afproj,0.001,0.751084964863414,70
VTE,22,1,MELD_lambda0_reportN,0.001,0.760768982457788,70
VTE,22,1,MELD_lambda0_equal,0.001,0.762807138986513,70
VTE,22,1,MELD_lambda1_afproj,0.001,0.741709834693936,70
VTE,22,1,EUR,0.001,0.572695271040261,70
VTE,22,1,EAS,0.001,0.705638032821433,70
VTE,22,1,AFR,0.001,0.488077577675054,70
VTE,22,1,CSA,0.001,0.848862166866755,70
VTE,22,1,AMR,0.001,0.688468157497168,70
VTE,22,1,MID,0.001,0.762716046977732,70
VTE,22,1,MELD_lambda0_afproj,0.01,0.773720196922042,70
VTE,22,1,MELD_lambda0_reportN,0.01,0.778353554831551,70
VTE,22,1,MELD_lambda0_equal,0.01,0.763107607185608,70
VTE,22,1,MELD_lambda1_afproj,0.01,0.760455518333562,70
VTE,22,1,EUR,0.01,0.722991222086626,70
VTE,22,1,EAS,0.01,0.745350165103854,70
VTE,22,1,AFR,0.01,0.50812826434603,70
VTE,22,1,CSA,0.01,0.834072529949286,70
VTE,22,1,AMR,0.01,0.740752909377196,70
VTE,22,1,MID,0.01,0.762312950124105,70
VTE,22,1,MELD_lambda0_afproj,0.1,0.761123107806705,70
VTE,22,1,MELD_lambda0_reportN,0.1,0.761371487033845,70
VTE,22,1,MELD_lambda0_equal,0.1,0.754341548419375,70
VTE,22,1,MELD_lambda1_afproj,0.1,0.750028939914806,70
VTE,22,1,EUR,0.1,0.747436421061003,70
VTE,22,1,EAS,0.1,0.776142442302828,70
VTE,22,1,AFR,0.1,0.584543879179794,70
VTE,22,1,CSA,0.1,0.806044749950751,70
VTE,22,1,AMR,0.1,0.726924708445133,70
VTE,22,1,MID,0.1,0.761097687817121,70
VTE,22,2,MELD_lambda0_afproj,0.001,0.638908994968243,38
VTE,22,2,MELD_lambda0_reportN,0.001,0.652903039939642,38
VTE,22,2,MELD_lambda0_equal,0.001,0.646389030844741,38
VTE,22,2,MELD_lambda1_afproj,0.001,0.643796198630254,38
VTE,22,2,EUR,0.001,0.610890337523828,38
VTE,22,2,EAS,0.001,0.637556033463191,38
VTE,22,2,AFR,0.001,0.558836717022329,38
VTE,22,2,CSA,0.001,0.536598352399602,38
VTE,22,2,AMR,0.001,0.592030871326281,38
VTE,22,2,MID,0.001,0.661310615529452,38
VTE,22,2,MELD_lambda0_afproj,0.01,0.660181214989208,38
VTE,22,2,MELD_lambda0_reportN,0.01,0.669523976186061,38
VTE,22,2,MELD_lambda0_equal,0.01,0.647958267909697,38
VTE,22,2,MELD_lambda1_afproj,0.01,0.661998063786199,38
VTE,22,2,EUR,0.01,0.656380299510359,38
VTE,22,2,EAS,0.01,0.651270318262368,38
VTE,22,2,AFR,0.01,0.566206583778361,38
VTE,22,2,CSA,0.01,0.544634949955414,38
VTE,22,2,AMR,0.01,0.599467795743674,38
VTE,22,2,MID,0.01,0.662711306146967,38
VTE,22,2,MELD_lambda0_afproj,0.1,0.675453647591627,38
VTE,22,2,MELD_lambda0_reportN,0.1,0.679713943287841,38
VTE,22,2,MELD_lambda0_equal,0.1,0.635810518431266,38
VTE,22,2,MELD_lambda1_afproj,0.1,0.6666692777212,38
VTE,22,2,EUR,0.1,0.682327725419734,38
VTE,22,2,EAS,0.1,0.660718931163371,38
VTE,22,2,AFR,0.1,0.60592403562552,38
VTE,22,2,CSA,0.1,0.510494631336251,38
VTE,22,2,AMR,0.1,0.601732513300005,38
VTE,22,2,MID,0.1,0.660455633614875,38
VTE,22,4,MELD_lambda0_afproj,0.001,0.621740580564067,157
VTE,22,4,MELD_lambda0_reportN,0.001,0.659666153042785,157
VTE,22,4,MELD_lambda0_equal,0.001,0.673933835821628,157
VTE,22,4,MELD_lambda1_afproj,0.001,0.625181777748361,157
VTE,22,4,EUR,0.001,0.435648439317852,157
VTE,22,4,EAS,0.001,0.484472391239561,157
VTE,22,4,AFR,0.001,0.438143834551458,157
VTE,22,4,CSA,0.001,0.393733485054573,157
VTE,22,4,AMR,0.001,0.584710861342134,157
VTE,22,4,MID,0.001,0.65684106021913,157
VTE,22,4,MELD_lambda0_afproj,0.01,0.698106061750422,157
VTE,22,4,MELD_lambda0_reportN,0.01,0.699224259496151,157
VTE,22,4,MELD_lambda0_equal,0.01,0.676014701262833,157
VTE,22,4,MELD_lambda1_afproj,0.01,0.697634073930261,157
VTE,22,4,EUR,0.01,0.661375152292533,157
VTE,22,4,EAS,0.01,0.634701485608048,157
VTE,22,4,AFR,0.01,0.442756214793344,157
VTE,22,4,CSA,0.01,0.623855811200861,157
VTE,22,4,AMR,0.01,0.711466631963361,157
VTE,22,4,MID,0.01,0.663920217140968,157
VTE,22,4,MELD_lambda0_afproj,0.1,0.722288602489594,157
VTE,22,4,MELD_lambda0_reportN,0.1,0.71937125977362,157
VTE,22,4,MELD_lambda0_equal,0.1,0.674097202376744,157
VTE,22,4,MELD_lambda1_afproj,0.1,0.721573784020662,157
VTE,22,4,EUR,0.1,0.718233580605218,157
VTE,22,4,EAS,0.1,0.633870926414246,157
VTE,22,4,AFR,0.1,0.441497904651002,157
VTE,22,4,CSA,0.1,0.658690857571273,157
VTE,22,4,AMR,0.1,0.682515085386132,157
VTE,22,4,MID,0.1,0.681014254105969,157
VTE,22,5,MELD_lambda0_afproj,0.001,0.736541257916917,86
VTE,22,5,MELD_lambda0_reportN,0.001,0.744459971082453,86
VTE,22,5,MELD_lambda0_equal,0.001,0.915038441851344,86
VTE,22,5,MELD_lambda1_afproj,0.001,0.732943207473306,86
VTE,22,5,EUR,0.001,0.675407901914291,86
VTE,22,5,EAS,0.001,0.832590386069195,86
VTE,22,5,AFR,0.001,0.822500245897126,86
VTE,22,5,CSA,0.001,0.793566060691146,86
VTE,22,5,AMR,0.001,0.875111403168834,86
VTE,22,5,MID,0.001,0.924190212010165,86
VTE,22,5,MELD_lambda0_afproj,0.01,0.909706430728645,86
VTE,22,5,MELD_lambda0_reportN,0.01,0.912937378432674,86
VTE,22,5,MELD_lambda0_equal,0.01,0.913143178880673,86
VTE,22,5,MELD_lambda1_afproj,0.01,0.906002159875866,86
VTE,22,5,EUR,0.01,0.891286016447101,86
VTE,22,5,EAS,0.01,0.871976243644014,86
VTE,22,5,AFR,0.01,0.829206205108705,86
VTE,22,5,CSA,0.01,0.836924468351767,86
VTE,22,5,AMR,0.01,0.903403267755661,86
VTE,22,5,MID,0.01,0.917458430136691,86
VTE,22,5,MELD_lambda0_afproj,0.1,0.893902351507897,86
VTE,22,5,MELD_lambda0_reportN,0.1,0.896989910105719,86
VTE,22,5,MELD_lambda0_equal,0.1,0.895500643800063,86
VTE,22,5,MELD_lambda1_afproj,0.1,0.892846865781182,86
VTE,22,5,EUR,0.1,0.889244243797767,86
VTE,22,5,EAS,0.1,0.862033753329689,86
VTE,22,5,AFR,0.1,0.824814672867149,86
VTE,22,5,CSA,0.1,0.834515117182087,86
VTE,22,5,AMR,0.1,0.892496954163561,86
VTE,22,5,MID,0.1,0.895696138336355,86
VTE,22,7,MELD_lambda0_afproj,0.001,0.73233189873994,282
VTE,22,7,MELD_lambda0_reportN,0.001,0.744565146345149,282
VTE,22,7,MELD_lambda0_equal,0.001,0.893728228790861,282
VTE,22,7,MELD_lambda1_afproj,0.001,0.759570014366894,282
VTE,22,7,EUR,0.001,0.664259136487118,282
VTE,22,7,EAS,0.001,0.626980024948665,282
VTE,22,7,AFR,0.001,0.464461723217838,282
VTE,22,7,CSA,0.001,0.682459170152361,282
VTE,22,7,AMR,0.001,0.755911500832625,282
VTE,22,7,MID,0.001,0.72456879312041,282
VTE,22,7,MELD_lambda0_afproj,0.01,0.886912277569579,282
VTE,22,7,MELD_lambda0_reportN,0.01,0.888833885216624,282
VTE,22,7,MELD_lambda0_equal,0.01,0.913623895087369,282
VTE,22,7,MELD_lambda1_afproj,0.01,0.896412528246922,282
VTE,22,7,EUR,0.01,0.855430273229219,282
VTE,22,7,EAS,0.01,0.838939687554637,282
VTE,22,7,AFR,0.01,0.778329982122559,282
VTE,22,7,CSA,0.01,0.838653964152776,282
VTE,22,7,AMR,0.01,0.896755277263525,282
VTE,22,7,MID,0.01,0.89115133305535,282
VTE,22,7,MELD_lambda0_afproj,0.1,0.903835394676991,282
VTE,22,7,MELD_lambda0_reportN,0.1,0.904649827118105,282
VTE,22,7,MELD_lambda0_equal,0.1,0.912945853709772,282
VTE,22,7,MELD_lambda1_afproj,0.1,0.91038454869955,282
VTE,22,7,EUR,0.1,0.887407053409259,282
VTE,22,7,EAS,0.1,0.856119115454244,282
VTE,22,7,AFR,0.1,0.826577164911155,282
VTE,22,7,CSA,0.1,0.868885640553004,282
VTE,22,7,AMR,0.1,0.90991836351969,282
VTE,22,7,MID,0.1,0.907822970830521,282
VTE,22,8,MELD_lambda0_afproj,0.001,0.878102797775889,88
VTE,22,8,MELD_lambda0_reportN,0.001,0.879094795839036,88
VTE,22,8,MELD_lambda0_equal,0.001,0.921899660706802,88
VTE,22,8,MELD_lambda1_afproj,0.001,0.87362519977034,88
VTE,22,8,EUR,0.001,0.790537417463526,88
VTE,22,8,EAS,0.001,0.804580279383515,88
VTE,22,8,AFR,0.001,0.735458162593418,88
VTE,22,8,CSA,0.001,0.905323551065298,88
VTE,22,8,AMR,0.001,0.88351636598277,88
VTE,22,8,MID,0.001,0.89191499801994,88
VTE,22,8,MELD_lambda0_afproj,0.01,0.909225019416893,88
VTE,22,8,MELD_lambda0_reportN,0.01,0.908791879440697,88
VTE,22,8,MELD_lambda0_equal,0.01,0.924830071668371,88
VTE,22,8,MELD_lambda1_afproj,0.01,0.908704020822093,88
VTE,22,8,EUR,0.01,0.902210160680683,88
VTE,22,8,EAS,0.01,0.859732571091909,88
VTE,22,8,AFR,0.01,0.73967459781811,88
VTE,22,8,CSA,0.01,0.924470602729493,88
VTE,22,8,AMR,0.01,0.908403723821929,88
VTE,22,8,MID,0.01,0.894096567340197,88
VTE,22,8,MELD_lambda0_afproj,0.1,0.918311776384237,88
VTE,22,8,MELD_lambda0_reportN,0.1,0.917823836783217,88
VTE,22,8,MELD_lambda0_equal,0.1,0.929569892000488,88
VTE,22,8,MELD_lambda1_afproj,0.1,0.91590865422367,88
VTE,22,8,EUR,0.1,0.911980617483665,88
VTE,22,8,EAS,0.1,0.866827133867921,88
VTE,22,8,AFR,0.1,0.751123033545439,88
VTE,22,8,CSA,0.1,0.925555311960932,88
VTE,22,8,AMR,0.1,0.914732480532305,88
VTE,22,8,MID,0.1,0.896324192273676,88
VTE,22,10,MELD_lambda0_afproj,0.001,0.886407056793451,194
VTE,22,10,MELD_lambda0_reportN,0.001,0.883489554101858,194
VTE,22,10,MELD_lambda0_equal,0.001,0.902574986988111,194
VTE,22,10,MELD_lambda1_afproj,0.001,0.891007763300347,194
VTE,22,10,EUR,0.001,0.761539095082348,194
VTE,22,10,EAS,0.001,0.551523903976515,194
VTE,22,10,AFR,0.001,0.654303089028471,194
VTE,22,10,CSA,0.001,0.631649548609868,194
VTE,22,10,AMR,0.001,0.678300081237245,194
VTE,22,10,MID,0.001,0.849164803139517,194
VTE,22,10,MELD_lambda0_afproj,0.01,0.913043995638051,194
VTE,22,10,MELD_lambda0_reportN,0.01,0.913747906590382,194
VTE,22,10,MELD_lambda0_equal,0.01,0.922320699079948,194
VTE,22,10,MELD_lambda1_afproj,0.01,0.912123345282375,194
VTE,22,10,EUR,0.01,0.898110304235176,194
VTE,22,10,EAS,0.01,0.813653316118111,194
VTE,22,10,AFR,0.01,0.832631479375332,194
VTE,22,10,CSA,0.01,0.907969919990361,194
VTE,22,10,AMR,0.01,0.873342897530933,194
VTE,22,10,MID,0.01,0.908678017971931,194
VTE,22,10,MELD_lambda0_afproj,0.1,0.907030621423697,194
VTE,22,10,MELD_lambda0_reportN,0.1,0.907929579036982,194
VTE,22,10,MELD_lambda0_equal,0.1,0.918128297996388,194
VTE,22,10,MELD_lambda1_afproj,0.1,0.906901351124425,194
VTE,22,10,EUR,0.1,0.900896806340459,194
VTE,22,10,EAS,0.1,0.796933399108745,194
VTE,22,10,AFR,0.1,0.831105934095332,194
VTE,22,10,CSA,0.1,0.912891014261204,194
VTE,22,10,AMR,0.1,0.892760667993241,194
VTE,22,10,MID,0.1,0.909076850046862,194
VTE,22,11,MELD_lambda0_afproj,0.001,0.833214413376221,123
VTE,22,11,MELD_lambda0_reportN,0.001,0.830514978053932,123
VTE,22,11,MELD_lambda0_equal,0.001,0.826740050557809,123
VTE,22,11,MELD_lambda1_afproj,0.001,0.847814267099529,123
VTE,22,11,EUR,0.001,0.844337820475341,123
VTE,22,11,EAS,0.001,0.838698121554506,123
VTE,22,11,AFR,0.001,0.621830606580885,123
VTE,22,11,CSA,0.001,0.626221712883875,123
VTE,22,11,AMR,0.001,0.850634072035666,123
VTE,22,11,MID,0.001,0.486806206993258,123
VTE,22,11,MELD_lambda0_afproj,0.01,0.893880938705268,123
VTE,22,11,MELD_lambda0_reportN,0.01,0.893935335786542,123
VTE,22,11,MELD_lambda0_equal,0.01,0.860028589057942,123
VTE,22,11,MELD_lambda1_afproj,0.01,0.888972634652651,123
VTE,22,11,EUR,0.01,0.897995596342044,123
VTE,22,11,EAS,0.01,0.825670729781232,123
VTE,22,11,AFR,0.01,0.782120489281615,123
VTE,22,11,CSA,0.01,0.844780402362405,123
VTE,22,11,AMR,0.01,0.885597913482212,123
VTE,22,11,MID,0.01,0.803447876437638,123
VTE,22,11,MELD_lambda0_afproj,0.1,0.887169999292448,123
VTE,22,11,MELD_lambda0_reportN,0.1,0.886628202125525,123
VTE,22,11,MELD_lambda0_equal,0.1,0.85188406026418,123
VTE,22,11,MELD_lambda1_afproj,0.1,0.880959070900705,123
VTE,22,11,EUR,0.1,0.891239051793034,123
VTE,22,11,EAS,0.1,0.804198811747604,123
VTE,22,11,AFR,0.1,0.756715980625331,123
VTE,22,11,CSA,0.1,0.850027867903183,123
VTE,22,11,AMR,0.1,0.871100675165514,123
VTE,22,11,MID,0.1,0.83863540138653,123
VTE,22,12,MELD_lambda0_afproj,0.001,0.57672687715509,46
VTE,22,12,MELD_lambda0_reportN,0.001,0.578080476790259,46
VTE,22,12,MELD_lambda0_equal,0.001,0.605366237822655,46
VTE,22,12,MELD_lambda1_afproj,0.001,0.57636193140521,46
VTE,22,12,EUR,0.001,0.545332750352398,46
VTE,22,12,EAS,0.001,0.566593818020756,46
VTE,22,12,AFR,0.001,0.676957842112525,46
VTE,22,12,CSA,0.001,0.516352517365152,46
VTE,22,12,AMR,0.001,0.538546917907493,46
VTE,22,12,MID,0.001,0.638285148922675,46
VTE,22,12,MELD_lambda0_afproj,0.01,0.584062281307832,46
VTE,22,12,MELD_lambda0_reportN,0.01,0.585444966527627,46
VTE,22,12,MELD_lambda0_equal,0.01,0.61084271045135,46
VTE,22,12,MELD_lambda1_afproj,0.01,0.584842465525495,46
VTE,22,12,EUR,0.01,0.563923379918387,46
VTE,22,12,EAS,0.01,0.56954732707953,46
VTE,22,12,AFR,0.01,0.696145668206941,46
VTE,22,12,CSA,0.01,0.597391228699785,46
VTE,22,12,AMR,0.01,0.603283901407096,46
VTE,22,12,MID,0.01,0.635529329988364,46
VTE,22,12,MELD_lambda0_afproj,0.1,0.593408021818664,46
VTE,22,12,MELD_lambda0_reportN,0.1,0.594663790052892,46
VTE,22,12,MELD_lambda0_equal,0.1,0.61806915906962,46
VTE,22,12,MELD_lambda1_afproj,0.1,0.595229095835505,46
VTE,22,12,EUR,0.1,0.586770957100676,46
VTE,22,12,EAS,0.1,0.564450406572717,46
VTE,22,12,AFR,0.1,0.70668188589014,46
VTE,22,12,CSA,0.1,0.624729098993871,46
VTE,22,12,AMR,0.1,0.619170527818075,46
VTE,22,12,MID,0.1,0.632024611836152,46
VTE,22,13,MELD_lambda0_afproj,0.001,0.713266466512246,91
VTE,22,13,MELD_lambda0_reportN,0.001,0.740955623580249,91
VTE,22,13,MELD_lambda0_equal,0.001,0.961834376970267,91
VTE,22,13,MELD_lambda1_afproj,0.001,0.737704828073075,91
VTE,22,13,EUR,0.001,0.683268107352057,91
VTE,22,13,EAS,0.001,0.746805629073614,91
VTE,22,13,AFR,0.001,0.809761734853086,91
VTE,22,13,CSA,0.001,0.831457947500124,91
VTE,22,13,AMR,0.001,0.885894417548563,91
VTE,22,13,MID,0.001,0.907502781290908,91
VTE,22,13,MELD_lambda0_afproj,0.01,0.946309388559609,91
VTE,22,13,MELD_lambda0_reportN,0.01,0.947296598779757,91
VTE,22,13,MELD_lambda0_equal,0.01,0.955029955261583,91
VTE,22,13,MELD_lambda1_afproj,0.01,0.946518811492459,91
VTE,22,13,EUR,0.01,0.946749968907845,91
VTE,22,13,EAS,0.01,0.88178751412863,91
VTE,22,13,AFR,0.01,0.905144711764147,91
VTE,22,13,CSA,0.01,0.927241106628207,91
VTE,22,13,AMR,0.01,0.963234639169101,91
VTE,22,13,MID,0.01,0.92761412295827,91
VTE,22,13,MELD_lambda0_afproj,0.1,0.956097173912319,91
VTE,22,13,MELD_lambda0_reportN,0.1,0.955705839942896,91
VTE,22,13,MELD_lambda0_equal,0.1,0.939804989907851,91
VTE,22,13,MELD_lambda1_afproj,0.1,0.956564957072185,91
VTE,22,13,EUR,0.1,0.958888353226507,91
VTE,22,13,EAS,0.1,0.879655566893841,91
VTE,22,13,AFR,0.1,0.901704443544334,91
VTE,22,13,CSA,0.1,0.92650895423876,91
VTE,22,13,AMR,0.1,0.94808799865292,91
VTE,22,13,MID,0.1,0.930630528153071,91
VTE,22,14,MELD_lambda0_afproj,0.001,0.822862267005797,65
VTE,22,14,MELD_lambda0_reportN,0.001,0.816500671930082,65
VTE,22,14,MELD_lambda0_equal,0.001,0.84220015083565,65
VTE,22,14,MELD_lambda1_afproj,0.001,0.812155973286157,65
VTE,22,14,EUR,0.001,0.533750259779399,65
VTE,22,14,EAS,0.001,0.637785961310774,65
VTE,22,14,AFR,0.001,0.765922529282978,65
VTE,22,14,CSA,0.001,0.670631184535573,65
VTE,22,14,AMR,0.001,0.787868767567546,65
VTE,22,14,MID,0.001,0.815828767747451,65
VTE,22,14,MELD_lambda0_afproj,0.01,0.839349950433527,65
VTE,22,14,MELD_lambda0_reportN,0.01,0.837050491325666,65
VTE,22,14,MELD_lambda0_equal,0.01,0.841693923543738,65
VTE,22,14,MELD_lambda1_afproj,0.01,0.828535399719776,65
VTE,22,14,EUR,0.01,0.829791818046226,65
VTE,22,14,EAS,0.01,0.715850068990088,65
VTE,22,14,AFR,0.01,0.834446626712361,65
VTE,22,14,CSA,0.01,0.859692879684694,65
VTE,22,14,AMR,0.01,0.837102947585973,65
VTE,22,14,MID,0.01,0.839418183257883,65
VTE,22,14,MELD_lambda0_afproj,0.1,0.832145484722417,65
VTE,22,14,MELD_lambda0_reportN,0.1,0.830361905324329,65
VTE,22,14,MELD_lambda0_equal,0.1,0.815320091130152,65
VTE,22,14,MELD_lambda1_afproj,0.1,0.825308272995419,65
VTE,22,14,EUR,0.1,0.835493885644621,65
VTE,22,14,EAS,0.1,0.680890023426913,65
VTE,22,14,AFR,0.1,0.817075961519731,65
VTE,22,14,CSA,0.1,0.844114253697734,65
VTE,22,14,AMR,0.1,0.848527747876461,65
VTE,22,14,MID,0.1,0.826607184089519,65
VTE,22,16,MELD_lambda0_afproj,0.001,0.841463222549044,42
VTE,22,16,MELD_lambda0_reportN,0.001,0.858554261444108,42
VTE,22,16,MELD_lambda0_equal,0.001,0.916342728806585,42
VTE,22,16,MELD_lambda1_afproj,0.001,0.840267420593488,42
VTE,22,16,EUR,0.001,0.559892567686248,42
VTE,22,16,EAS,0.001,0.76235146610656,42
VTE,22,16,AFR,0.001,0.76197434678749,42
VTE,22,16,CSA,0.001,0.792858918049733,42
VTE,22,16,AMR,0.001,0.732794393587716,42
VTE,22,16,MID,0.001,0.852992202190689,42
VTE,22,16,MELD_lambda0_afproj,0.01,0.842969151769965,42
VTE,22,16,MELD_lambda0_reportN,0.01,0.844172014927033,42
VTE,22,16,MELD_lambda0_equal,0.01,0.90736246182221,42
VTE,22,16,MELD_lambda1_afproj,0.01,0.829518111728919,42
VTE,22,16,EUR,0.01,0.694982955178582,42
VTE,22,16,EAS,0.01,0.849093872282037,42
VTE,22,16,AFR,0.01,0.767955929858414,42
VTE,22,16,CSA,0.01,0.788351410786205,42
VTE,22,16,AMR,0.01,0.742829553530818,42
VTE,22,16,MID,0.01,0.841698286271617,42
VTE,22,16,MELD_lambda0_afproj,0.1,0.697498448566766,42
VTE,22,16,MELD_lambda0_reportN,0.1,0.69144011653771,42
VTE,22,16,MELD_lambda0_equal,0.1,0.824043167810045,42
VTE,22,16,MELD_lambda1_afproj,0.1,0.693707138934455,42
VTE,22,16,EUR,0.1,0.649486022162727,42
VTE,22,16,EAS,0.1,0.75170145183652,42
VTE,22,16,AFR,0.1,0.774950153536644,42
VTE,22,16,CSA,0.1,0.777869288035139,42
VTE,22,16,AMR,0.1,0.683495950054575,42
VTE,22,16,MID,0.1,0.731250088482726,42
VTE,22,17,MELD_lambda0_afproj,0.001,0.814853818588792,88
VTE,22,17,MELD_lambda0_reportN,0.001,0.823937448260626,88
VTE,22,17,MELD_lambda0_equal,0.001,0.875719637109073,88
VTE,22,17,MELD_lambda1_afproj,0.001,0.817006349983668,88
VTE,22,17,EUR,0.001,0.776447419511956,88
VTE,22,17,EAS,0.001,0.16617852692276,88
VTE,22,17,AFR,0.001,0.614030457844938,88
VTE,22,17,CSA,0.001,0.842088460520414,88
VTE,22,17,AMR,0.001,0.68175034235397,88
VTE,22,17,MID,0.001,0.82504387136426,88
VTE,22,17,MELD_lambda0_afproj,0.01,0.910047111588414,88
VTE,22,17,MELD_lambda0_reportN,0.01,0.90977937578481,88
VTE,22,17,MELD_lambda0_equal,0.01,0.881929457318051,88
VTE,22,17,MELD_lambda1_afproj,0.01,0.912830224980613,88
VTE,22,17,EUR,0.01,0.912649049472022,88
VTE,22,17,EAS,0.01,0.543082408093976,88
VTE,22,17,AFR,0.01,0.728243008701367,88
VTE,22,17,CSA,0.01,0.888501666683533,88
VTE,22,17,AMR,0.01,0.890753251676414,88
VTE,22,17,MID,0.01,0.898010526209217,88
VTE,22,17,MELD_lambda0_afproj,0.1,0.923907975592513,88
VTE,22,17,MELD_lambda0_reportN,0.1,0.922271191539565,88
VTE,22,17,MELD_lambda0_equal,0.1,0.884076163264311,88
VTE,22,17,MELD_lambda1_afproj,0.1,0.923320052474728,88
VTE,22,17,EUR,0.1,0.931072925146193,88
VTE,22,17,EAS,0.1,0.708110475392112,88
VTE,22,17,AFR,0.1,0.741667145985343,88
VTE,22,17,CSA,0.1,0.89311837173716,88
VTE,22,17,AMR,0.1,0.920274604174052,88
VTE,22,17,MID,0.1,0.896680211850214,88
VTE,22,19,MELD_lambda0_afproj,0.001,0.725687350884489,200
VTE,22,19,MELD_lambda0_reportN,0.001,0.73932673627948,200
VTE,22,19,MELD_lambda0_equal,0.001,0.835105164533742,200
VTE,22,19,MELD_lambda1_afproj,0.001,0.727144347583705,200
VTE,22,19,EUR,0.001,0.485853117282211,200
VTE,22,19,EAS,0.001,0.628567699981874,200
VTE,22,19,AFR,0.001,0.583716319705577,200
VTE,22,19,CSA,0.001,0.478952833975813,200
VTE,22,19,AMR,0.001,0.712313183708302,200
VTE,22,19,MID,0.001,0.722355111996811,200
VTE,22,19,MELD_lambda0_afproj,0.01,0.826787521580266,200
VTE,22,19,MELD_lambda0_reportN,0.01,0.830059261561253,200
VTE,22,19,MELD_lambda0_equal,0.01,0.837354023556973,200
VTE,22,19,MELD_lambda1_afproj,0.01,0.82531870648427,200
VTE,22,19,EUR,0.01,0.779853307805373,200
VTE,22,19,EAS,0.01,0.81606914020491,200
VTE,22,19,AFR,0.01,0.71597961005466,200
VTE,22,19,CSA,0.01,0.763373481738289,200
VTE,22,19,AMR,0.01,0.789699284855499,200
VTE,22,19,MID,0.01,0.798576679629142,200
VTE,22,19,MELD_lambda0_afproj,0.1,0.82118620298288,200
VTE,22,19,MELD_lambda0_reportN,0.1,0.82218308556891,200
VTE,22,19,MELD_lambda0_equal,0.1,0.830923470413715,200
VTE,22,19,MELD_lambda1_afproj,0.1,0.822546141197729,200
VTE,22,19,EUR,0.1,0.801484757859753,200
VTE,22,19,EAS,0.1,0.828455015328386,200
VTE,22,19,AFR,0.1,0.712181703691681,200
VTE,22,19,CSA,0.1,0.823898753326535,200
VTE,22,19,AMR,0.1,0.797249237492158,200
VTE,22,19,MID,0.1,0.794878694973115,200
VTE,22,20,MELD_lambda0_afproj,0.001,0.936169118448309,91
VTE,22,20,MELD_lambda0_reportN,0.001,0.934247278894601,91
VTE,22,20,MELD_lambda0_equal,0.001,0.904895634367061,91
VTE,22,20,MELD_lambda1_afproj,0.001,0.936387109920857,91
VTE,22,20,EUR,0.001,0.936444959514758,91
VTE,22,20,EAS,0.001,0.861244022996591,91
VTE,22,20,AFR,0.001,0.752467123860224,91
VTE,22,20,CSA,0.001,0.671138324697213,91
VTE,22,20,AMR,0.001,0.86961203185268,91
VTE,22,20,MID,0.001,0.911482054987484,91
VTE,22,20,MELD_lambda0_afproj,0.01,0.959571391994196,91
VTE,22,20,MELD_lambda0_reportN,0.01,0.961203840225221,91
VTE,22,20,MELD_lambda0_equal,0.01,0.926970521844893,91
VTE,22,20,MELD_lambda1_afproj,0.01,0.959417450370939,91
VTE,22,20,EUR,0.01,0.960997249650015,91
VTE,22,20,EAS,0.01,0.934804471319137,91
VTE,22,20,AFR,0.01,0.894546920582097,91
VTE,22,20,CSA,0.01,0.893288526765043,91
VTE,22,20,AMR,0.01,0.938285376736666,91
VTE,22,20,MID,0.01,0.936267980312825,91
VTE,22,20,MELD_lambda0_afproj,0.1,0.961372393943173,91
VTE,22,20,MELD_lambda0_reportN,0.1,0.962700508642676,91
VTE,22,20,MELD_lambda0_equal,0.1,0.937441946371219,91
VTE,22,20,MELD_lambda1_afproj,0.1,0.961692496062707,91
VTE,22,20,EUR,0.1,0.962424429150413,91
VTE,22,20,EAS,0.1,0.93595278847421,91
VTE,22,20,AFR,0.1,0.909858711769285,91
VTE,22,20,CSA,0.1,0.914953487977406,91
VTE,22,20,AMR,0.1,0.956480328912614,91
VTE,22,20,MID,0.1,0.939879674050764,91
VTE,22,21,MELD_lambda0_afproj,0.001,0.708848357447402,52
VTE,22,21,MELD_lambda0_reportN,0.001,0.701227846559723,52
VTE,22,21,MELD_lambda0_equal,0.001,0.626085429082964,52
VTE,22,21,MELD_lambda1_afproj,0.001,0.705391025807671,52
VTE,22,21,EUR,0.001,0.644726314493695,52
VTE,22,21,EAS,0.001,0.483204652099556,52
VTE,22,21,AFR,0.001,0.528812777278218,52
VTE,22,21,CSA,0.001,0.662288553043997,52
VTE,22,21,AMR,0.001,0.709090460072059,52
VTE,22,21,MID,0.001,0.540169370651785,52
VTE,22,21,MELD_lambda0_afproj,0.01,0.658609311609802,52
VTE,22,21,MELD_lambda0_reportN,0.01,0.661424768019079,52
VTE,22,21,MELD_lambda0_equal,0.01,0.619675113779746,52
VTE,22,21,MELD_lambda1_afproj,0.01,0.656055234762479,52
VTE,22,21,EUR,0.01,0.659858818029196,52
VTE,22,21,EAS,0.01,0.614230195923664,52
VTE,22,21,AFR,0.01,0.526605033284429,52
VTE,22,21,CSA,0.01,0.674979854632031,52
VTE,22,21,AMR,0.01,0.682973015075205,52
VTE,22,21,MID,0.01,0.539007471889283,52
VTE,22,21,MELD_lambda0_afproj,0.1,0.62692037104326,52
VTE,22,21,MELD_lambda0_reportN,0.1,0.626484717695657,52
VTE,22,21,MELD_lambda0_equal,0.1,0.598940084718078,52
VTE,22,21,MELD_lambda1_afproj,0.1,0.625078142490501,52
VTE,22,21,EUR,0.1,0.63094001504893,52
VTE,22,21,EAS,0.1,0.617823561056766,52
VTE,22,21,AFR,0.1,0.512851167764585,52
VTE,22,21,CSA,0.1,0.653112772069326,52
VTE,22,21,AMR,0.1,0.657273704354048,52
VTE,22,21,MID,0.1,0.534716091907774,52
VTE,22,22,MELD_lambda0_afproj,0.001,0.784890291196134,154
VTE,22,22,MELD_lambda0_reportN,0.001,0.78525115144916,154
VTE,22,22,MELD_lambda0_equal,0.001,0.880067080774717,154
VTE,22,22,MELD_lambda1_afproj,0.001,0.778735178809911,154
VTE,22,22,EUR,0.001,0.693316830038184,154
VTE,22,22,EAS,0.001,0.709412573394307,154
VTE,22,22,AFR,0.001,0.628051295410659,154
VTE,22,22,CSA,0.001,0.822545484073236,154
VTE,22,22,AMR,0.001,0.806249511229767,154
VTE,22,22,MID,0.001,0.838130901750792,154
VTE,22,22,MELD_lambda0_afproj,0.01,0.862154090479859,154
VTE,22,22,MELD_lambda0_reportN,0.01,0.857903586493591,154
VTE,22,22,MELD_lambda0_equal,0.01,0.877083193995103,154
VTE,22,22,MELD_lambda1_afproj,0.01,0.851368466335917,154
VTE,22,22,EUR,0.01,0.870965870248813,154
VTE,22,22,EAS,0.01,0.790135550342777,154
VTE,22,22,AFR,0.01,0.690715217497757,154
VTE,22,22,CSA,0.01,0.897873169542546,154
VTE,22,22,AMR,0.01,0.843819022506927,154
VTE,22,22,MID,0.01,0.834763416380133,154
VTE,22,22,MELD_lambda0_afproj,0.1,0.868184778198635,154
VTE,22,22,MELD_lambda0_reportN,0.1,0.866185240890704,154
VTE,22,22,MELD_lambda0_equal,0.1,0.87258545395756,154
VTE,22,22,MELD_lambda1_afproj,0.1,0.856863010976764,154
VTE,22,22,EUR,0.1,0.865925985699672,154
VTE,22,22,EAS,0.1,0.797446205028587,154
VTE,22,22,AFR,0.1,0.741734504124934,154
VTE,22,22,CSA,0.1,0.891748726958983,154
VTE,22,22,AMR,0.1,0.83679564591372,154
VTE,22,22,MID,0.1,0.840847228736254,154
VTE,22,23,MELD_lambda0_afproj,0.001,0.908932759606945,167
VTE,22,23,MELD_lambda0_reportN,0.001,0.915247839779183,167
VTE,22,23,MELD_lambda0_equal,0.001,0.904989673977459,167
VTE,22,23,MELD_lambda1_afproj,0.001,0.902756412991905,167
VTE,22,23,EUR,0.001,0.703960101924573,167
VTE,22,23,EAS,0.001,0.833603629910688,167
VTE,22,23,AFR,0.001,0.803026947076997,167
VTE,22,23,CSA,0.001,0.875722400271716,167
VTE,22,23,AMR,0.001,0.852639826366625,167
VTE,22,23,MID,0.001,0.844066033484289,167
VTE,22,23,MELD_lambda0_afproj,0.01,0.918172471522183,167
VTE,22,23,MELD_lambda0_reportN,0.01,0.919586415932517,167
VTE,22,23,MELD_lambda0_equal,0.01,0.904909588039626,167
VTE,22,23,MELD_lambda1_afproj,0.01,0.914302168969877,167
VTE,22,23,EUR,0.01,0.885931489381127,167
VTE,22,23,EAS,0.01,0.87212222407741,167
VTE,22,23,AFR,0.01,0.799429054169267,167
VTE,22,23,CSA,0.01,0.898490235662963,167
VTE,22,23,AMR,0.01,0.901520936160462,167
VTE,22,23,MID,0.01,0.882096776074592,167
VTE,22,23,MELD_lambda0_afproj,0.1,0.91017310166366,167
VTE,22,23,MELD_lambda0_reportN,0.1,0.911588661798754,167
VTE,22,23,MELD_lambda0_equal,0.1,0.900755423487865,167
VTE,22,23,MELD_lambda1_afproj,0.1,0.909123377030811,167
VTE,22,23,EUR,0.1,0.902368917968467,167
VTE,22,23,EAS,0.1,0.865549926451349,167
VTE,22,23,AFR,0.1,0.787991361052966,167
VTE,22,23,CSA,0.1,0.895598880622442,167
VTE,22,23,AMR,0.1,0.905585569471908,167
VTE,22,23,MID,0.1,0.883549632986525,167
VTE,22,25,MELD_lambda0_afproj,0.001,0.826634669435728,103
VTE,22,25,MELD_lambda0_reportN,0.001,0.852512932729223,103
VTE,22,25,MELD_lambda0_equal,0.001,0.906527872333988,103
VTE,22,25,MELD_lambda1_afproj,0.001,0.837772443541178,103
VTE,22,25,EUR,0.001,0.677157472226994,103
VTE,22,25,EAS,0.001,0.540551797465287,103
VTE,22,25,AFR,0.001,0.831222353404489,103
VTE,22,25,CSA,0.001,0.815696508158018,103
VTE,22,25,AMR,0.001,0.707036412295653,103
VTE,22,25,MID,0.001,0.835176790734039,103
VTE,22,25,MELD_lambda0_afproj,0.01,0.874754107365871,103
VTE,22,25,MELD_lambda0_reportN,0.01,0.880473792733854,103
VTE,22,25,MELD_lambda0_equal,0.01,0.924135885501435,103
VTE,22,25,MELD_lambda1_afproj,0.01,0.872418538129438,103
VTE,22,25,EUR,0.01,0.834718096260297,103
VTE,22,25,EAS,0.01,0.729865108274617,103
VTE,22,25,AFR,0.01,0.832613966828473,103
VTE,22,25,CSA,0.01,0.894916019986956,103
VTE,22,25,AMR,0.01,0.915963904678813,103
VTE,22,25,MID,0.01,0.916192761444227,103
VTE,22,25,MELD_lambda0_afproj,0.1,0.890098975548935,103
VTE,22,25,MELD_lambda0_reportN,0.1,0.892442246460843,103
VTE,22,25,MELD_lambda0_equal,0.1,0.91236535755131,103
VTE,22,25,MELD_lambda1_afproj,0.1,0.885565547793551,103
VTE,22,25,EUR,0.1,0.877425767571296,103
VTE,22,25,EAS,0.1,0.768530741884999,103
VTE,22,25,AFR,0.1,0.836634505104499,103
VTE,22,25,CSA,0.1,0.893605725497846,103
VTE,22,25,AMR,0.1,0.908715380692502,103
VTE,22,25,MID,0.1,0.912002224475144,103
VTE,22,26,MELD_lambda0_afproj,0.001,0.831324624879858,191
VTE,22,26,MELD_lambda0_reportN,0.001,0.824419298671543,191
VTE,22,26,MELD_lambda0_equal,0.001,0.846048580835204,191
VTE,22,26,MELD_lambda1_afproj,0.001,0.834807124591638,191
VTE,22,26,EUR,0.001,0.787944460811562,191
VTE,22,26,EAS,0.001,0.684292867482078,191
VTE,22,26,AFR,0.001,0.612212811331503,191
VTE,22,26,CSA,0.001,0.775663284691694,191
VTE,22,26,AMR,0.001,0.661646340401528,191
VTE,22,26,MID,0.001,0.805088971442522,191
VTE,22,26,MELD_lambda0_afproj,0.01,0.887629176978367,191
VTE,22,26,MELD_lambda0_reportN,0.01,0.888086064293037,191
VTE,22,26,MELD_lambda0_equal,0.01,0.855499942830982,191
VTE,22,26,MELD_lambda1_afproj,0.01,0.888701344709254,191
VTE,22,26,EUR,0.01,0.875678388909923,191
VTE,22,26,EAS,0.01,0.800293892522136,191
VTE,22,26,AFR,0.01,0.7039360797456,191
VTE,22,26,CSA,0.01,0.863476154799985,191
VTE,22,26,AMR,0.01,0.831841850074036,191
VTE,22,26,MID,0.01,0.851334851936577,191
VTE,22,26,MELD_lambda0_afproj,0.1,0.87787150848176,191
VTE,22,26,MELD_lambda0_reportN,0.1,0.878144403306938,191
VTE,22,26,MELD_lambda0_equal,0.1,0.848498598174663,191
VTE,22,26,MELD_lambda1_afproj,0.1,0.877740731452829,191
VTE,22,26,EUR,0.1,0.881012314552863,191
VTE,22,26,EAS,0.1,0.783234651160221,191
VTE,22,26,AFR,0.1,0.698772421468646,191
VTE,22,26,CSA,0.1,0.851189019347222,191
VTE,22,26,AMR,0.1,0.845117944147367,191
VTE,22,26,MID,0.1,0.842486800115973,191
VTE,22,27,MELD_lambda0_afproj,0.001,0.660315700737786,329
VTE,22,27,MELD_lambda0_reportN,0.001,0.688245075200821,329
VTE,22,27,MELD_lambda0_equal,0.001,0.88912407426638,329
VTE,22,27,MELD_lambda1_afproj,0.001,0.668055127688409,329
VTE,22,27,EUR,0.001,0.477774111655828,329
VTE,22,27,EAS,0.001,0.327305595484794,329
VTE,22,27,AFR,0.001,0.665343682007142,329
VTE,22,27,CSA,0.001,0.566013880963359,329
VTE,22,27,AMR,0.001,0.476803323612364,329
VTE,22,27,MID,0.001,0.777995055933514,329
VTE,22,27,MELD_lambda0_afproj,0.01,0.864469077302821,329
VTE,22,27,MELD_lambda0_reportN,0.01,0.866087009425164,329
VTE,22,27,MELD_lambda0_equal,0.01,0.884857448525081,329
VTE,22,27,MELD_lambda1_afproj,0.01,0.86884278000899,329
VTE,22,27,EUR,0.01,0.84264159118547,329
VTE,22,27,EAS,0.01,0.677023802996965,329
VTE,22,27,AFR,0.01,0.782120565777836,329
VTE,22,27,CSA,0.01,0.82842993471412,329
VTE,22,27,AMR,0.01,0.776119843046701,329
VTE,22,27,MID,0.01,0.866665491996478,329
VTE,22,27,MELD_lambda0_afproj,0.1,0.88807781937373,329
VTE,22,27,MELD_lambda0_reportN,0.1,0.888964668724682,329
VTE,22,27,MELD_lambda0_equal,0.1,0.880236429504416,329
VTE,22,27,MELD_lambda1_afproj,0.1,0.893239310505483,329
VTE,22,27,EUR,0.1,0.887476865856342,329
VTE,22,27,EAS,0.1,0.736184565480609,329
VTE,22,27,AFR,0.1,0.795114895110946,329
VTE,22,27,CSA,0.1,0.844374284894065,329
VTE,22,27,AMR,0.1,0.835293216044153,329
VTE,22,27,MID,0.1,0.868675322461471,329
VTE,22,28,MELD_lambda0_afproj,0.001,0.800020966860499,217
VTE,22,28,MELD_lambda0_reportN,0.001,0.787855072491279,217
VTE,22,28,MELD_lambda0_equal,0.001,0.855745590632558,217
VTE,22,28,MELD_lambda1_afproj,0.001,0.795533396150033,217
VTE,22,28,EUR,0.001,0.652810205338094,217
VTE,22,28,EAS,0.001,0.628603684736098,217
VTE,22,28,AFR,0.001,0.694053433470076,217
VTE,22,28,CSA,0.001,0.748535500778743,217
VTE,22,28,AMR,0.001,0.858604078462716,217
VTE,22,28,MID,0.001,0.799833222069538,217
VTE,22,28,MELD_lambda0_afproj,0.01,0.859101807117827,217
VTE,22,28,MELD_lambda0_reportN,0.01,0.857986340457244,217
VTE,22,28,MELD_lambda0_equal,0.01,0.854256276633159,217
VTE,22,28,MELD_lambda1_afproj,0.01,0.857341569782502,217
VTE,22,28,EUR,0.01,0.818783275372539,217
VTE,22,28,EAS,0.01,0.702761978772972,217
VTE,22,28,AFR,0.01,0.696723147577473,217
VTE,22,28,CSA,0.01,0.790873457077036,217
VTE,22,28,AMR,0.01,0.875264800874226,217
VTE,22,28,MID,0.01,0.811663662748747,217
VTE,22,28,MELD_lambda0_afproj,0.1,0.872522956428489,217
VTE,22,28,MELD_lambda0_reportN,0.1,0.873049598981191,217
VTE,22,28,MELD_lambda0_equal,0.1,0.844395253064949,217
VTE,22,28,MELD_lambda1_afproj,0.1,0.871038380730603,217
VTE,22,28,EUR,0.1,0.85990586007709,217
VTE,22,28,EAS,0.1,0.700029369400652,217
VTE,22,28,AFR,0.1,0.696011016074738,217
VTE,22,28,CSA,0.1,0.773624852202571,217
VTE,22,28,AMR,0.1,0.859245658025944,217
VTE,22,28,MID,0.1,0.825433488583901,217
VTE,22,29,MELD_lambda0_afproj,0.001,0.679551659267399,283
VTE,22,29,MELD_lambda0_reportN,0.001,0.676901445703508,283
VTE,22,29,MELD_lambda0_equal,0.001,0.884101666486677,283
VTE,22,29,MELD_lambda1_afproj,0.001,0.690584460268757,283
VTE,22,29,EUR,0.001,0.711455602897142,283
VTE,22,29,EAS,0.001,0.436972883360101,283
VTE,22,29,AFR,0.001,0.463221898031898,283
VTE,22,29,CSA,0.001,0.529962023089417,283
VTE,22,29,AMR,0.001,0.712598992323186,283
VTE,22,29,MID,0.001,0.604408078347612,283
VTE,22,29,MELD_lambda0_afproj,0.01,0.86266444974726,283
VTE,22,29,MELD_lambda0_reportN,0.01,0.863209986179221,283
VTE,22,29,MELD_lambda0_equal,0.01,0.890354665462015,283
VTE,22,29,MELD_lambda1_afproj,0.01,0.866580041463566,283
VTE,22,29,EUR,0.01,0.851734617935745,283
VTE,22,29,EAS,0.01,0.709035648294661,283
VTE,22,29,AFR,0.01,0.73203509057966,283
VTE,22,29,CSA,0.01,0.8290180008104,283
VTE,22,29,AMR,0.01,0.864719259511625,283
VTE,22,29,MID,0.01,0.846735629745218,283
VTE,22,29,MELD_lambda0_afproj,0.1,0.883084742124455,283
VTE,22,29,MELD_lambda0_reportN,0.1,0.884225497030858,283
VTE,22,29,MELD_lambda0_equal,0.1,0.873853013627408,283
VTE,22,29,MELD_lambda1_afproj,0.1,0.883270760670438,283
VTE,22,29,EUR,0.1,0.875820413084941,283
VTE,22,29,EAS,0.1,0.787834122038598,283
VTE,22,29,AFR,0.1,0.790830708466217,283
VTE,22,29,CSA,0.1,0.854487669117589,283
VTE,22,29,AMR,0.1,0.878685857262215,283
VTE,22,29,MID,0.1,0.875069623712854,283
VTE,22,31,MELD_lambda0_afproj,0.001,0.787208465147327,363
VTE,22,31,MELD_lambda0_reportN,0.001,0.79212151408419,363
VTE,22,31,MELD_lambda0_equal,0.001,0.850839229419856,363
VTE,22,31,MELD_lambda1_afproj,0.001,0.780240677986654,363
VTE,22,31,EUR,0.001,0.664056829547686,363
VTE,22,31,EAS,0.001,0.561000360726577,363
VTE,22,31,AFR,0.001,0.525179175455213,363
VTE,22,31,CSA,0.001,0.635913930310454,363
VTE,22,31,AMR,0.001,0.781234474703317,363
VTE,22,31,MID,0.001,0.689915214610432,363
VTE,22,31,MELD_lambda0_afproj,0.01,0.904111791551829,363
VTE,22,31,MELD_lambda0_reportN,0.01,0.904295507117541,363
VTE,22,31,MELD_lambda0_equal,0.01,0.929273914385497,363
VTE,22,31,MELD_lambda1_afproj,0.01,0.899699358529779,363
VTE,22,31,EUR,0.01,0.844822365231317,363
VTE,22,31,EAS,0.01,0.866453629189637,363
VTE,22,31,AFR,0.01,0.850340063140454,363
VTE,22,31,CSA,0.01,0.890538821089188,363
VTE,22,31,AMR,0.01,0.887672378315631,363
VTE,22,31,MID,0.01,0.876288302413225,363
VTE,22,31,MELD_lambda0_afproj,0.1,0.932294711826722,363
VTE,22,31,MELD_lambda0_reportN,0.1,0.93298444881112,363
VTE,22,31,MELD_lambda0_equal,0.1,0.937922004087777,363
VTE,22,31,MELD_lambda1_afproj,0.1,0.927862291740536,363
VTE,22,31,EUR,0.1,0.912864615913351,363
VTE,22,31,EAS,0.1,0.910602761379126,363
VTE,22,31,AFR,0.1,0.889151721285046,363
VTE,22,31,CSA,0.1,0.927210372411634,363
VTE,22,31,AMR,0.1,0.917614882824205,363
VTE,22,31,MID,0.1,0.920979071356843,363
VTE,22,32,MELD_lambda0_afproj,0.001,0.871600445206274,111
VTE,22,32,MELD_lambda0_reportN,0.001,0.877726540991386,111
VTE,22,32,MELD_lambda0_equal,0.001,0.921043969881192,111
VTE,22,32,MELD_lambda1_afproj,0.001,0.885341627022753,111
VTE,22,32,EUR,0.001,0.79514663007368,111
VTE,22,32,EAS,0.001,0.6710915797401,111
VTE,22,32,AFR,0.001,0.689523240282419,111
VTE,22,32,CSA,0.001,0.728057736591668,111
VTE,22,32,AMR,0.001,0.832163230434474,111
VTE,22,32,MID,0.001,0.850902698910038,111
VTE,22,32,MELD_lambda0_afproj,0.01,0.941785157263705,111
VTE,22,32,MELD_lambda0_reportN,0.01,0.942464489475205,111
VTE,22,32,MELD_lambda0_equal,0.01,0.925477129132318,111
VTE,22,32,MELD_lambda1_afproj,0.01,0.943763600916638,111
VTE,22,32,EUR,0.01,0.935521737098137,111
VTE,22,32,EAS,0.01,0.789259895742984,111
VTE,22,32,AFR,0.01,0.819534649605495,111
VTE,22,32,CSA,0.01,0.887814073216948,111
VTE,22,32,AMR,0.01,0.895574845404765,111
VTE,22,32,MID,0.01,0.88110696571043,111
VTE,22,32,MELD_lambda0_afproj,0.1,0.934062986169733,111
VTE,22,32,MELD_lambda0_reportN,0.1,0.934221944747524,111
VTE,22,32,MELD_lambda0_equal,0.1,0.91322351137778,111
VTE,22,32,MELD_lambda1_afproj,0.1,0.932563438357978,111
VTE,22,32,EUR,0.1,0.931939846815004,111
VTE,22,32,EAS,0.1,0.797993989141133,111
VTE,22,32,AFR,0.1,0.815988923688756,111
VTE,22,32,CSA,0.1,0.903779897168421,111
VTE,22,32,AMR,0.1,0.895744423391729,111
VTE,22,32,MID,0.1,0.871974721708447,111
VTE,22,34,MELD_lambda0_afproj,0.001,0.848471205900066,295
VTE,22,34,MELD_lambda0_reportN,0.001,0.848362768750954,295
VTE,22,34,MELD_lambda0_equal,0.001,0.869537193865661,295
VTE,22,34,MELD_lambda1_afproj,0.001,0.838143021709755,295
VTE,22,34,EUR,0.001,0.859621748662392,295
VTE,22,34,EAS,0.001,0.473187214425026,295
VTE,22,34,AFR,0.001,0.522342997454579,295
VTE,22,34,CSA,0.001,0.750853823004051,295
VTE,22,34,AMR,0.001,0.740524613084884,295
VTE,22,34,MID,0.001,0.660252282509965,295
VTE,22,34,MELD_lambda0_afproj,0.01,0.940682749379834,295
VTE,22,34,MELD_lambda0_reportN,0.01,0.940699089476783,295
VTE,22,34,MELD_lambda0_equal,0.01,0.931049031899992,295
VTE,22,34,MELD_lambda1_afproj,0.01,0.941309809858733,295
VTE,22,34,EUR,0.01,0.924278344147955,295
VTE,22,34,EAS,0.01,0.8056774087553,295
VTE,22,34,AFR,0.01,0.820264539745615,295
VTE,22,34,CSA,0.01,0.904353346653121,295
VTE,22,34,AMR,0.01,0.893998052174786,295
VTE,22,34,MID,0.01,0.89153434545989,295
VTE,22,34,MELD_lambda0_afproj,0.1,0.940626888251081,295
VTE,22,34,MELD_lambda0_reportN,0.1,0.940684359249075,295
VTE,22,34,MELD_lambda0_equal,0.1,0.937216164117137,295
VTE,22,34,MELD_lambda1_afproj,0.1,0.943570780437243,295
VTE,22,34,EUR,0.1,0.929304696317695,295
VTE,22,34,EAS,0.1,0.881782257829543,295
VTE,22,34,AFR,0.1,0.865764345837944,295
VTE,22,34,CSA,0.1,0.92751024444224,295
VTE,22,34,AMR,0.1,0.92938940004375,295
VTE,22,34,MID,0.1,0.925761679804736,295
VTE,22,37,MELD_lambda0_afproj,0.001,0.840451436569369,645
VTE,22,37,MELD_lambda0_reportN,0.001,0.845153650503597,645
VTE,22,37,MELD_lambda0_equal,0.001,0.867378584659944,645
VTE,22,37,MELD_lambda1_afproj,0.001,0.846478817362603,645
VTE,22,37,EUR,0.001,0.830788355191338,645
VTE,22,37,EAS,0.001,0.454807995618218,645
VTE,22,37,AFR,0.001,0.492208381255312,645
VTE,22,37,CSA,0.001,0.519739509779742,645
VTE,22,37,AMR,0.001,0.624554741420894,645
VTE,22,37,MID,0.001,0.680225444111133,645
VTE,22,37,MELD_lambda0_afproj,0.01,0.926988623513337,645
VTE,22,37,MELD_lambda0_reportN,0.01,0.927503305841481,645
VTE,22,37,MELD_lambda0_equal,0.01,0.911919687271227,645
VTE,22,37,MELD_lambda1_afproj,0.01,0.928241441285267,645
VTE,22,37,EUR,0.01,0.917611177101433,645
VTE,22,37,EAS,0.01,0.784515260996697,645
VTE,22,37,AFR,0.01,0.74922288912216,645
VTE,22,37,CSA,0.01,0.833352975930442,645
VTE,22,37,AMR,0.01,0.829246457019714,645
VTE,22,37,MID,0.01,0.86704223862739,645
VTE,22,37,MELD_lambda0_afproj,0.1,0.923365357876759,645
VTE,22,37,MELD_lambda0_reportN,0.1,0.923502680747185,645
VTE,22,37,MELD_lambda0_equal,0.1,0.907913236643415,645
VTE,22,37,MELD_lambda1_afproj,0.1,0.923398103398802,645
VTE,22,37,EUR,0.1,0.918305437767359,645
VTE,22,37,EAS,0.1,0.846312515706365,645
VTE,22,37,AFR,0.1,0.790344938220269,645
VTE,22,37,CSA,0.1,0.881620534842397,645
VTE,22,37,AMR,0.1,0.890798673305826,645
VTE,22,37,MID,0.1,0.88253786657254,645
VTE,22,38,MELD_lambda0_afproj,0.001,0.945468064326838,39
VTE,22,38,MELD_lambda0_reportN,0.001,0.944209405991694,39
VTE,22,38,MELD_lambda0_equal,0.001,0.886474010188749,39
VTE,22,38,MELD_lambda1_afproj,0.001,0.948396051378047,39
VTE,22,38,EUR,0.001,0.961597986181665,39
VTE,22,38,EAS,0.001,0.684605841844176,39
VTE,22,38,AFR,0.001,0.903325266917306,39
VTE,22,38,CSA,0.001,0.78737063628647,39
VTE,22,38,AMR,0.001,0.913947749362769,39
VTE,22,38,MID,0.001,0.91637078018428,39
VTE,22,38,MELD_lambda0_afproj,0.01,0.945452461077715,39
VTE,22,38,MELD_lambda0_reportN,0.01,0.941932350174092,39
VTE,22,38,MELD_lambda0_equal,0.01,0.886196059888255,39
VTE,22,38,MELD_lambda1_afproj,0.01,0.94725868413245,39
VTE,22,38,EUR,0.01,0.958846220262383,39
VTE,22,38,EAS,0.01,0.787632339947108,39
VTE,22,38,AFR,0.01,0.899186742438222,39
VTE,22,38,CSA,0.01,0.884779978907459,39
VTE,22,38,AMR,0.01,0.897738842938338,39
VTE,22,38,MID,0.01,0.917074453770062,39
VTE,22,38,MELD_lambda0_afproj,0.1,0.92533449329089,39
VTE,22,38,MELD_lambda0_reportN,0.1,0.923853764875673,39
VTE,22,38,MELD_lambda0_equal,0.1,0.882686671025734,39
VTE,22,38,MELD_lambda1_afproj,0.1,0.928188951206357,39
VTE,22,38,EUR,0.1,0.941024735771113,39
VTE,22,38,EAS,0.1,0.855010061540906,39
VTE,22,38,AFR,0.1,0.894118098825212,39
VTE,22,38,CSA,0.1,0.884953199548915,39
VTE,22,38,AMR,0.1,0.878456978872018,39
VTE,22,38,MID,0.1,0.909623416867366,39
VTE,22,39,MELD_lambda0_afproj,0.001,0.689729997950906,172
VTE,22,39,MELD_lambda0_reportN,0.001,0.728537386501667,172
VTE,22,39,MELD_lambda0_equal,0.001,0.701115205979898,172
VTE,22,39,MELD_lambda1_afproj,0.001,0.686479501668876,172
VTE,22,39,EUR,0.001,0.549503050092645,172
VTE,22,39,EAS,0.001,0.224045852216618,172
VTE,22,39,AFR,0.001,0.441484250582723,172
VTE,22,39,CSA,0.001,0.37100008477794,172
VTE,22,39,AMR,0.001,0.38502467551709,172
VTE,22,39,MID,0.001,0.525011143564175,172
VTE,22,39,MELD_lambda0_afproj,0.01,0.813492512403089,172
VTE,22,39,MELD_lambda0_reportN,0.01,0.816650940624583,172
VTE,22,39,MELD_lambda0_equal,0.01,0.720439413682328,172
VTE,22,39,MELD_lambda1_afproj,0.01,0.803675863637609,172
VTE,22,39,EUR,0.01,0.797904951612729,172
VTE,22,39,EAS,0.01,0.528567840424559,172
VTE,22,39,AFR,0.01,0.558244244647331,172
VTE,22,39,CSA,0.01,0.657552100365594,172
VTE,22,39,AMR,0.01,0.643224228402614,172
VTE,22,39,MID,0.01,0.64854320991315,172
VTE,22,39,MELD_lambda0_afproj,0.1,0.804635156714653,172
VTE,22,39,MELD_lambda0_reportN,0.1,0.813053115329987,172
VTE,22,39,MELD_lambda0_equal,0.1,0.740352233317705,172
VTE,22,39,MELD_lambda1_afproj,0.1,0.804251070165132,172
VTE,22,39,EUR,0.1,0.781132934298429,172
VTE,22,39,EAS,0.1,0.575720443043963,172
VTE,22,39,AFR,0.1,0.579455412711506,172
VTE,22,39,CSA,0.1,0.656620485029152,172
VTE,22,39,AMR,0.1,0.708978442071832,172
VTE,22,39,MID,0.1,0.674184008483725,172
VTE,22,40,MELD_lambda0_afproj,0.001,0.971383158014528,37
VTE,22,40,MELD_lambda0_reportN,0.001,0.966333458175307,37
VTE,22,40,MELD_lambda0_equal,0.001,0.992113584903416,37
VTE,22,40,MELD_lambda1_afproj,0.001,0.972933836431487,37
VTE,22,40,EUR,0.001,0.980397666085823,37
VTE,22,40,EAS,0.001,0.910613814121132,37
VTE,22,40,AFR,0.001,0.983624495901822,37
VTE,22,40,CSA,0.001,0.987109434243877,37
VTE,22,40,AMR,0.001,0.974984693735375,37
VTE,22,40,MID,0.001,0.992844437423557,37
VTE,22,40,MELD_lambda0_afproj,0.01,0.994296482656956,37
VTE,22,40,MELD_lambda0_reportN,0.01,0.994118441629155,37
VTE,22,40,MELD_lambda0_equal,0.01,0.992565265126212,37
VTE,22,40,MELD_lambda1_afproj,0.01,0.99411259842122,37
VTE,22,40,EUR,0.01,0.987773418558169,37
VTE,22,40,EAS,0.01,0.953023405953724,37
VTE,22,40,AFR,0.01,0.983917385537075,37
VTE,22,40,CSA,0.01,0.993343432925415,37
VTE,22,40,AMR,0.01,0.986146552453572,37
VTE,22,40,MID,0.01,0.993998070892574,37
VTE,22,40,MELD_lambda0_afproj,0.1,0.984679814845724,37
VTE,22,40,MELD_lambda0_reportN,0.1,0.986024331985223,37
VTE,22,40,MELD_lambda0_equal,0.1,0.991532050524713,37
VTE,22,40,MELD_lambda1_afproj,0.1,0.983647455308297,37
VTE,22,40,EUR,0.1,0.977764474557118,37
VTE,22,40,EAS,0.1,0.947045459320826,37
VTE,22,40,AFR,0.1,0.984972775303927,37
VTE,22,40,CSA,0.1,0.986732247623145,37
VTE,22,40,AMR,0.1,0.988549106952496,37
VTE,22,40,MID,0.1,0.992892930343868,37
VTE,22,41,MELD_lambda0_afproj,0.001,0.864255039040566,243
VTE,22,41,MELD_lambda0_reportN,0.001,0.8535567255676,243
VTE,22,41,MELD_lambda0_equal,0.001,0.902012850708189,243
VTE,22,41,MELD_lambda1_afproj,0.001,0.870125797301093,243
VTE,22,41,EUR,0.001,0.867797090149228,243
VTE,22,41,EAS,0.001,0.492122271105072,243
VTE,22,41,AFR,0.001,0.598656469977617,243
VTE,22,41,CSA,0.001,0.593300475658494,243
VTE,22,41,AMR,0.001,0.738039706790437,243
VTE,22,41,MID,0.001,0.774728156024511,243
VTE,22,41,MELD_lambda0_afproj,0.01,0.925400817406829,243
VTE,22,41,MELD_lambda0_reportN,0.01,0.926651093941663,243
VTE,22,41,MELD_lambda0_equal,0.01,0.909576265680843,243
VTE,22,41,MELD_lambda1_afproj,0.01,0.924947456157692,243
VTE,22,41,EUR,0.01,0.920276640132697,243
VTE,22,41,EAS,0.01,0.837777602687799,243
VTE,22,41,AFR,0.01,0.80752818731181,243
VTE,22,41,CSA,0.01,0.832440888662492,243
VTE,22,41,AMR,0.01,0.86208571130566,243
VTE,22,41,MID,0.01,0.898072016580609,243
VTE,22,41,MELD_lambda0_afproj,0.1,0.918216445135117,243
VTE,22,41,MELD_lambda0_reportN,0.1,0.920612822684074,243
VTE,22,41,MELD_lambda0_equal,0.1,0.906805371307505,243
VTE,22,41,MELD_lambda1_afproj,0.1,0.915393493235566,243
VTE,22,41,EUR,0.1,0.906736846170828,243
VTE,22,41,EAS,0.1,0.857662269444758,243
VTE,22,41,AFR,0.1,0.837432272580082,243
VTE,22,41,CSA,0.1,0.865222020233342,243
VTE,22,41,AMR,0.1,0.892615929787279,243
VTE,22,41,MID,0.1,0.908041769986618,243
VTE,22,42,MELD_lambda0_afproj,0.001,0.591529601820964,235
VTE,22,42,MELD_lambda0_reportN,0.001,0.588338455886505,235
VTE,22,42,MELD_lambda0_equal,0.001,0.798188671778641,235
VTE,22,42,MELD_lambda1_afproj,0.001,0.597547099795269,235
VTE,22,42,EUR,0.001,0.50142119357592,235
VTE,22,42,EAS,0.001,0.245564633862895,235
VTE,22,42,AFR,0.001,0.286170368836633,235
VTE,22,42,CSA,0.001,0.477611342648192,235
VTE,22,42,AMR,0.001,0.423320631585299,235
VTE,22,42,MID,0.001,0.461997850001521,235
VTE,22,42,MELD_lambda0_afproj,0.01,0.804436717247446,235
VTE,22,42,MELD_lambda0_reportN,0.01,0.805370143848936,235
VTE,22,42,MELD_lambda0_equal,0.01,0.827246979273546,235
VTE,22,42,MELD_lambda1_afproj,0.01,0.801830856755519,235
VTE,22,42,EUR,0.01,0.773385442081781,235
VTE,22,42,EAS,0.01,0.700672545063009,235
VTE,22,42,AFR,0.01,0.598829160384883,235
VTE,22,42,CSA,0.01,0.738830788870082,235
VTE,22,42,AMR,0.01,0.814309224564155,235
VTE,22,42,MID,0.01,0.749837796787467,235
VTE,22,42,MELD_lambda0_afproj,0.1,0.825652201414076,235
VTE,22,42,MELD_lambda0_reportN,0.1,0.825850909945007,235
VTE,22,42,MELD_lambda0_equal,0.1,0.812981384828175,235
VTE,22,42,MELD_lambda1_afproj,0.1,0.820595250567561,235
VTE,22,42,EUR,0.1,0.828232164916823,235
VTE,22,42,EAS,0.1,0.738570612379652,235
VTE,22,42,AFR,0.1,0.630914024359308,235
VTE,22,42,CSA,0.1,0.783528037984031,235
VTE,22,42,AMR,0.1,0.83170907871351,235
VTE,22,42,MID,0.1,0.803546624706542,235
VTE,22,43,MELD_lambda0_afproj,0.001,0.975756575771987,45
VTE,22,43,MELD_lambda0_reportN,0.001,0.974372732653541,45
VTE,22,43,MELD_lambda0_equal,0.001,0.986912165763463,45
VTE,22,43,MELD_lambda1_afproj,0.001,0.973259670775059,45
VTE,22,43,EUR,0.001,0.93118921987664,45
VTE,22,43,EAS,0.001,0.900976914468108,45
VTE,22,43,AFR,0.001,0.936437691586953,45
VTE,22,43,CSA,0.001,0.970819619325154,45
VTE,22,43,AMR,0.001,0.979609021739279,45
VTE,22,43,MID,0.001,0.982320444539495,45
VTE,22,43,MELD_lambda0_afproj,0.01,0.990884011847986,45
VTE,22,43,MELD_lambda0_reportN,0.01,0.991153704548728,45
VTE,22,43,MELD_lambda0_equal,0.01,0.987260607996356,45
VTE,22,43,MELD_lambda1_afproj,0.01,0.989897733107816,45
VTE,22,43,EUR,0.01,0.980178737455175,45
VTE,22,43,EAS,0.01,0.932419977690159,45
VTE,22,43,AFR,0.01,0.944950732562796,45
VTE,22,43,CSA,0.01,0.982140434036907,45
VTE,22,43,AMR,0.01,0.980568569853636,45
VTE,22,43,MID,0.01,0.98461964778531,45
VTE,22,43,MELD_lambda0_afproj,0.1,0.992764522842156,45
VTE,22,43,MELD_lambda0_reportN,0.1,0.993170607968158,45
VTE,22,43,MELD_lambda0_equal,0.1,0.987641113860542,45
VTE,22,43,MELD_lambda1_afproj,0.1,0.9911123516375,45
VTE,22,43,EUR,0.1,0.99157394057401,45
VTE,22,43,EAS,0.1,0.945873439765676,45
VTE,22,43,AFR,0.1,0.959441400824873,45
VTE,22,43,CSA,0.1,0.981474112173122,45
VTE,22,43,AMR,0.1,0.983184769656799,45
VTE,22,43,MID,0.1,0.988165977085291,45
VTE,22,44,MELD_lambda0_afproj,0.001,0.854674360717655,140
VTE,22,44,MELD_lambda0_reportN,0.001,0.87515936069997,140
VTE,22,44,MELD_lambda0_equal,0.001,0.92448545242628,140
VTE,22,44,MELD_lambda1_afproj,0.001,0.856216436758206,140
VTE,22,44,EUR,0.001,0.720866838589187,140
VTE,22,44,EAS,0.001,0.805708460229819,140
VTE,22,44,AFR,0.001,0.82389318055662,140
VTE,22,44,CSA,0.001,0.922540251181388,140
VTE,22,44,AMR,0.001,0.721475182841489,140
VTE,22,44,MID,0.001,0.910084848175774,140
VTE,22,44,MELD_lambda0_afproj,0.01,0.923504608471069,140
VTE,22,44,MELD_lambda0_reportN,0.01,0.924099933278116,140
VTE,22,44,MELD_lambda0_equal,0.01,0.92748530267268,140
VTE,22,44,MELD_lambda1_afproj,0.01,0.925988099955082,140
VTE,22,44,EUR,0.01,0.914590694570493,140
VTE,22,44,EAS,0.01,0.917053536994652,140
VTE,22,44,AFR,0.01,0.836183499352299,140
VTE,22,44,CSA,0.01,0.930335141333631,140
VTE,22,44,AMR,0.01,0.869044874048762,140
VTE,22,44,MID,0.01,0.933648865138117,140
VTE,22,44,MELD_lambda0_afproj,0.1,0.929671844131847,140
VTE,22,44,MELD_lambda0_reportN,0.1,0.9294381496039,140
VTE,22,44,MELD_lambda0_equal,0.1,0.927341828110446,140
VTE,22,44,MELD_lambda1_afproj,0.1,0.929606482159381,140
VTE,22,44,EUR,0.1,0.92700380729221,140
VTE,22,44,EAS,0.1,0.929644849798264,140
VTE,22,44,AFR,0.1,0.846149959477591,140
VTE,22,44,CSA,0.1,0.918487601885104,140
VTE,22,44,AMR,0.1,0.90068534680176,140
VTE,22,44,MID,0.1,0.933885622842468,140
VTE,22,45,MELD_lambda0_afproj,0.001,0.733090258375834,158
VTE,22,45,MELD_lambda0_reportN,0.001,0.721408089342938,158
VTE,22,45,MELD_lambda0_equal,0.001,0.724407850213641,158
VTE,22,45,MELD_lambda1_afproj,0.001,0.718233214227721,158
VTE,22,45,EUR,0.001,0.720045103579485,158
VTE,22,45,EAS,0.001,0.598046332859256,158
VTE,22,45,AFR,0.001,0.579907620155593,158
VTE,22,45,CSA,0.001,0.70066310019204,158
VTE,22,45,AMR,0.001,0.666857886841927,158
VTE,22,45,MID,0.001,0.554675855506869,158
VTE,22,45,MELD_lambda0_afproj,0.01,0.766018461066111,158
VTE,22,45,MELD_lambda0_reportN,0.01,0.766045493506451,158
VTE,22,45,MELD_lambda0_equal,0.01,0.722729657028621,158
VTE,22,45,MELD_lambda1_afproj,0.01,0.754913797531627,158
VTE,22,45,EUR,0.01,0.764637363180638,158
VTE,22,45,EAS,0.01,0.648812891653489,158
VTE,22,45,AFR,0.01,0.603376515642536,158
VTE,22,45,CSA,0.01,0.704523372125512,158
VTE,22,45,AMR,0.01,0.702184235223051,158
VTE,22,45,MID,0.01,0.698424106520451,158
VTE,22,45,MELD_lambda0_afproj,0.1,0.745126287638006,158
VTE,22,45,MELD_lambda0_reportN,0.1,0.746511460246522,158
VTE,22,45,MELD_lambda0_equal,0.1,0.703561571727619,158
VTE,22,45,MELD_lambda1_afproj,0.1,0.737002249262131,158
VTE,22,45,EUR,0.1,0.746013801607608,158
VTE,22,45,EAS,0.1,0.620918997351635,158
VTE,22,45,AFR,0.1,0.543594659174808,158
VTE,22,45,CSA,0.1,0.688637644195819,158
VTE,22,45,AMR,0.1,0.701534945749405,158
VTE,22,45,MID,0.1,0.707223185982613,158
VTE,22,46,MELD_lambda0_afproj,0.001,0.616700673621109,162
VTE,22,46,MELD_lambda0_reportN,0.001,0.622520354745112,162
VTE,22,46,MELD_lambda0_equal,0.001,0.626133086195075,162
VTE,22,46,MELD_lambda1_afproj,0.001,0.617518703101957,162
VTE,22,46,EUR,0.001,0.473731531460605,162
VTE,22,46,EAS,0.001,0.465932159451079,162
VTE,22,46,AFR,0.001,0.394326405618038,162
VTE,22,46,CSA,0.001,0.484221402494285,162
VTE,22,46,AMR,0.001,0.374400967603484,162
VTE,22,46,MID,0.001,0.486855416591755,162
VTE,22,46,MELD_lambda0_afproj,0.01,0.700457576564875,162
VTE,22,46,MELD_lambda0_reportN,0.01,0.701018091651342,162
VTE,22,46,MELD_lambda0_equal,0.01,0.672060898977135,162
VTE,22,46,MELD_lambda1_afproj,0.01,0.693869667134238,162
VTE,22,46,EUR,0.01,0.69515051696216,162
VTE,22,46,EAS,0.01,0.56436459112375,162
VTE,22,46,AFR,0.01,0.429299319821315,162
VTE,22,46,CSA,0.01,0.644508913843854,162
VTE,22,46,AMR,0.01,0.620584509495668,162
VTE,22,46,MID,0.01,0.661599640041082,162
VTE,22,46,MELD_lambda0_afproj,0.1,0.713047593613761,162
VTE,22,46,MELD_lambda0_reportN,0.1,0.710526623675793,162
VTE,22,46,MELD_lambda0_equal,0.1,0.671161491990115,162
VTE,22,46,MELD_lambda1_afproj,0.1,0.705858533622146,162
VTE,22,46,EUR,0.1,0.721092030525001,162
VTE,22,46,EAS,0.1,0.582101396247827,162
VTE,22,46,AFR,0.1,0.427406021072807,162
VTE,22,46,CSA,0.1,0.658114385405845,162
VTE,22,46,AMR,0.1,0.663913485315228,162
VTE,22,46,MID,0.1,0.66794261363435,162
VTE,22,47,MELD_lambda0_afproj,0.001,0.959196491130625,156
VTE,22,47,MELD_lambda0_reportN,0.001,0.956097146903578,156
VTE,22,47,MELD_lambda0_equal,0.001,0.98507096284834,156
VTE,22,47,MELD_lambda1_afproj,0.001,0.957844808424572,156
VTE,22,47,EUR,0.001,0.936825909058149,156
VTE,22,47,EAS,0.001,0.860204584764011,156
VTE,22,47,AFR,0.001,0.948840966469051,156
VTE,22,47,CSA,0.001,0.929979690748633,156
VTE,22,47,AMR,0.001,0.925400588098535,156
VTE,22,47,MID,0.001,0.952530544437091,156
VTE,22,47,MELD_lambda0_afproj,0.01,0.984830401193177,156
VTE,22,47,MELD_lambda0_reportN,0.01,0.984800409731021,156
VTE,22,47,MELD_lambda0_equal,0.01,0.986969950781476,156
VTE,22,47,MELD_lambda1_afproj,0.01,0.985500749783588,156
VTE,22,47,EUR,0.01,0.980038797336094,156
VTE,22,47,EAS,0.01,0.956928195409214,156
VTE,22,47,AFR,0.01,0.957498606022651,156
VTE,22,47,CSA,0.01,0.976781940054645,156
VTE,22,47,AMR,0.01,0.977233498180882,156
VTE,22,47,MID,0.01,0.980585904156287,156
VTE,22,47,MELD_lambda0_afproj,0.1,0.988319551042811,156
VTE,22,47,MELD_lambda0_reportN,0.1,0.988447638154006,156
VTE,22,47,MELD_lambda0_equal,0.1,0.98531836671059,156
VTE,22,47,MELD_lambda1_afproj,0.1,0.988664069413969,156
VTE,22,47,EUR,0.1,0.987844408076186,156
VTE,22,47,EAS,0.1,0.956174321715938,156
VTE,22,47,AFR,0.1,0.957895427141786,156
VTE,22,47,CSA,0.1,0.977326951205164,156
VTE,22,47,AMR,0.1,0.985239012383813,156
VTE,22,47,MID,0.1,0.981071539615214,156
VTE,22,48,MELD_lambda0_afproj,0.001,0.845221575991478,120
VTE,22,48,MELD_lambda0_reportN,0.001,0.837981000055748,120
VTE,22,48,MELD_lambda0_equal,0.001,0.843297603603311,120
VTE,22,48,MELD_lambda1_afproj,0.001,0.834585743971171,120
VTE,22,48,EUR,0.001,0.749096530435577,120
VTE,22,48,EAS,0.001,0.478569219574455,120
VTE,22,48,AFR,0.001,0.621600917142957,120
VTE,22,48,CSA,0.001,0.856885404701007,120
VTE,22,48,AMR,0.001,0.844061043087383,120
VTE,22,48,MID,0.001,0.759324107069876,120
VTE,22,48,MELD_lambda0_afproj,0.01,0.94878867635117,120
VTE,22,48,MELD_lambda0_reportN,0.01,0.952308589168226,120
VTE,22,48,MELD_lambda0_equal,0.01,0.941066021248913,120
VTE,22,48,MELD_lambda1_afproj,0.01,0.950699242150891,120
VTE,22,48,EUR,0.01,0.885631731106816,120
VTE,22,48,EAS,0.01,0.699011749480864,120
VTE,22,48,AFR,0.01,0.807531519813786,120
VTE,22,48,CSA,0.01,0.909715877437408,120
VTE,22,48,AMR,0.01,0.93942918542295,120
VTE,22,48,MID,0.01,0.91476641594704,120
VTE,22,48,MELD_lambda0_afproj,0.1,0.926877586306892,120
VTE,22,48,MELD_lambda0_reportN,0.1,0.931369884327079,120
VTE,22,48,MELD_lambda0_equal,0.1,0.924421367968518,120
VTE,22,48,MELD_lambda1_afproj,0.1,0.929152503500005,120
VTE,22,48,EUR,0.1,0.89733454257796,120
VTE,22,48,EAS,0.1,0.773378146400354,120
VTE,22,48,AFR,0.1,0.815520302501455,120
VTE,22,48,CSA,0.1,0.873180420600784,120
VTE,22,48,AMR,0.1,0.928907988491074,120
VTE,22,48,MID,0.1,0.915037676522532,120
VTE,22,49,MELD_lambda0_afproj,0.001,0.94108097548836,162
VTE,22,49,MELD_lambda0_reportN,0.001,0.952463795797962,162
VTE,22,49,MELD_lambda0_equal,0.001,0.975995239341295,162
VTE,22,49,MELD_lambda1_afproj,0.001,0.942379821786982,162
VTE,22,49,EUR,0.001,0.833072760237851,162
VTE,22,49,EAS,0.001,0.882183512199562,162
VTE,22,49,AFR,0.001,0.960641083438892,162
VTE,22,49,CSA,0.001,0.852827797593241,162
VTE,22,49,AMR,0.001,0.95001538434015,162
VTE,22,49,MID,0.001,0.95976335377724,162
VTE,22,49,MELD_lambda0_afproj,0.01,0.973867879027296,162
VTE,22,49,MELD_lambda0_reportN,0.01,0.976559058512578,162
VTE,22,49,MELD_lambda0_equal,0.01,0.977017500025733,162
VTE,22,49,MELD_lambda1_afproj,0.01,0.973958120155116,162
VTE,22,49,EUR,0.01,0.961526541507971,162
VTE,22,49,EAS,0.01,0.932233087169779,162
VTE,22,49,AFR,0.01,0.954773778258613,162
VTE,22,49,CSA,0.01,0.956317878454299,162
VTE,22,49,AMR,0.01,0.975543496383316,162
VTE,22,49,MID,0.01,0.965623758487353,162
VTE,22,49,MELD_lambda0_afproj,0.1,0.97469370646628,162
VTE,22,49,MELD_lambda0_reportN,0.1,0.975616553783725,162
VTE,22,49,MELD_lambda0_equal,0.1,0.975081273817571,162
VTE,22,49,MELD_lambda1_afproj,0.1,0.974082223629223,162
VTE,22,49,EUR,0.1,0.973493538675716,162
VTE,22,49,EAS,0.1,0.937539479109304,162
VTE,22,49,AFR,0.1,0.952686554787599,162
VTE,22,49,CSA,0.1,0.966182567138356,162
VTE,22,49,AMR,0.1,0.975769395681006,162
VTE,22,49,MID,0.1,0.965698564451449,162
VTE,22,50,MELD_lambda0_afproj,0.001,0.652315513648133,91
VTE,22,50,MELD_lambda0_reportN,0.001,0.693180972872708,91
VTE,22,50,MELD_lambda0_equal,0.001,0.74578052032419,91
VTE,22,50,MELD_lambda1_afproj,0.001,0.639254815327351,91
VTE,22,50,EUR,0.001,0.610881496497959,91
VTE,22,50,EAS,0.001,0.600057528020568,91
VTE,22,50,AFR,0.001,0.655127891905985,91
VTE,22,50,CSA,0.001,0.675795629994676,91
VTE,22,50,AMR,0.001,0.5709067834526,91
VTE,22,50,MID,0.001,0.685021346822995,91
VTE,22,50,MELD_lambda0_afproj,0.01,0.781284440330658,91
VTE,22,50,MELD_lambda0_reportN,0.01,0.783315930640215,91
VTE,22,50,MELD_lambda0_equal,0.01,0.74669276793919,91
VTE,22,50,MELD_lambda1_afproj,0.01,0.771449565685462,91
VTE,22,50,EUR,0.01,0.773679603221945,91
VTE,22,50,EAS,0.01,0.642825271433561,91
VTE,22,50,AFR,0.01,0.655756147719783,91
VTE,22,50,CSA,0.01,0.702828782054981,91
VTE,22,50,AMR,0.01,0.681955883160088,91
VTE,22,50,MID,0.01,0.745102182338226,91
VTE,22,50,MELD_lambda0_afproj,0.1,0.797676650289222,91
VTE,22,50,MELD_lambda0_reportN,0.1,0.798838582503636,91
VTE,22,50,MELD_lambda0_equal,0.1,0.744587056369372,91
VTE,22,50,MELD_lambda1_afproj,0.1,0.788573481567252,91
VTE,22,50,EUR,0.1,0.805263615998693,91
VTE,22,50,EAS,0.1,0.669922444807392,91
VTE,22,50,AFR,0.1,0.634755117842622,91
VTE,22,50,CSA,0.1,0.71681201902009,91
VTE,22,50,AMR,0.1,0.718221669441948,91
VTE,22,50,MID,0.1,0.741933388414299,91
VTE,22,52,MELD_lambda0_afproj,0.001,0.817281947158235,37
VTE,22,52,MELD_lambda0_reportN,0.001,0.826506484385464,37
VTE,22,52,MELD_lambda0_equal,0.001,0.772052797123227,37
VTE,22,52,MELD_lambda1_afproj,0.001,0.811033951741099,37
VTE,22,52,EUR,0.001,0.707348520056643,37
VTE,22,52,EAS,0.001,0.579659384578293,37
VTE,22,52,AFR,0.001,0.624033664837948,37
VTE,22,52,CSA,0.001,0.914329354703579,37
VTE,22,52,AMR,0.001,0.681834780525942,37
VTE,22,52,MID,0.001,0.636665601344467,37
VTE,22,52,MELD_lambda0_afproj,0.01,0.827654212885695,37
VTE,22,52,MELD_lambda0_reportN,0.01,0.834349988926617,37
VTE,22,52,MELD_lambda0_equal,0.01,0.788812057582321,37
VTE,22,52,MELD_lambda1_afproj,0.01,0.800490509811102,37
VTE,22,52,EUR,0.01,0.779807374994246,37
VTE,22,52,EAS,0.01,0.683346753013292,37
VTE,22,52,AFR,0.01,0.641131600516599,37
VTE,22,52,CSA,0.01,0.884204566844465,37
VTE,22,52,AMR,0.01,0.688643846018841,37
VTE,22,52,MID,0.01,0.795966102970525,37
VTE,22,52,MELD_lambda0_afproj,0.1,0.821186099995886,37
VTE,22,52,MELD_lambda0_reportN,0.1,0.822481561121609,37
VTE,22,52,MELD_lambda0_equal,0.1,0.801267960223448,37
VTE,22,52,MELD_lambda1_afproj,0.1,0.813766891301452,37
VTE,22,52,EUR,0.1,0.811935803791237,37
VTE,22,52,EAS,0.1,0.750440029352685,37
VTE,22,52,AFR,0.1,0.643655229008586,37
VTE,22,52,CSA,0.1,0.851511962601662,37
VTE,22,52,AMR,0.1,0.759275951316455,37
VTE,22,52,MID,0.1,0.767568134461349,37
VTE,22,53,MELD_lambda0_afproj,0.001,0.927092017529896,350
VTE,22,53,MELD_lambda0_reportN,0.001,0.928112843370586,350
VTE,22,53,MELD_lambda0_equal,0.001,0.958663468418668,350
VTE,22,53,MELD_lambda1_afproj,0.001,0.922187492061082,350
VTE,22,53,EUR,0.001,0.930728898050205,350
VTE,22,53,EAS,0.001,0.658578874703358,350
VTE,22,53,AFR,0.001,0.819327152692911,350
VTE,22,53,CSA,0.001,0.904751287130456,350
VTE,22,53,AMR,0.001,0.930291935023129,350
VTE,22,53,MID,0.001,0.918564231437692,350
VTE,22,53,MELD_lambda0_afproj,0.01,0.969456707522384,350
VTE,22,53,MELD_lambda0_reportN,0.01,0.969065364713457,350
VTE,22,53,MELD_lambda0_equal,0.01,0.979193155662026,350
VTE,22,53,MELD_lambda1_afproj,0.01,0.969172645394903,350
VTE,22,53,EUR,0.01,0.966208779941137,350
VTE,22,53,EAS,0.01,0.882131361386688,350
VTE,22,53,AFR,0.01,0.93191552877613,350
VTE,22,53,CSA,0.01,0.967294956617104,350
VTE,22,53,AMR,0.01,0.971965528224018,350
VTE,22,53,MID,0.01,0.969621809283738,350
VTE,22,53,MELD_lambda0_afproj,0.1,0.977760948588395,350
VTE,22,53,MELD_lambda0_reportN,0.1,0.978216901210412,350
VTE,22,53,MELD_lambda0_equal,0.1,0.97966767452308,350
VTE,22,53,MELD_lambda1_afproj,0.1,0.978146743659952,350
VTE,22,53,EUR,0.1,0.97268276415644,350
VTE,22,53,EAS,0.1,0.940695139789957,350
VTE,22,53,AFR,0.1,0.949543152227394,350
VTE,22,53,CSA,0.1,0.974749764723284,350
VTE,22,53,AMR,0.1,0.978343301552865,350
VTE,22,53,MID,0.1,0.9761597850382,350
VTE,22,54,MELD_lambda0_afproj,0.001,0.775083039614582,47
VTE,22,54,MELD_lambda0_reportN,0.001,0.776561521975604,47
VTE,22,54,MELD_lambda0_equal,0.001,0.784745622287924,47
VTE,22,54,MELD_lambda1_afproj,0.001,0.774533347828475,47
VTE,22,54,EUR,0.001,0.662157013226881,47
VTE,22,54,EAS,0.001,0.719645507461367,47
VTE,22,54,AFR,0.001,0.449813076230056,47
VTE,22,54,CSA,0.001,0.791768588480657,47
VTE,22,54,AMR,0.001,0.783674380063736,47
VTE,22,54,MID,0.001,0.773728314375453,47
VTE,22,54,MELD_lambda0_afproj,0.01,0.789123216992004,47
VTE,22,54,MELD_lambda0_reportN,0.01,0.789070995263627,47
VTE,22,54,MELD_lambda0_equal,0.01,0.782892293683809,47
VTE,22,54,MELD_lambda1_afproj,0.01,0.788417051291241,47
VTE,22,54,EUR,0.01,0.727904755613637,47
VTE,22,54,EAS,0.01,0.720304436583247,47
VTE,22,54,AFR,0.01,0.451513662137778,47
VTE,22,54,CSA,0.01,0.797083680274162,47
VTE,22,54,AMR,0.01,0.800161363998233,47
VTE,22,54,MID,0.01,0.773460229003182,47
VTE,22,54,MELD_lambda0_afproj,0.1,0.792800150973506,47
VTE,22,54,MELD_lambda0_reportN,0.1,0.792439687226379,47
VTE,22,54,MELD_lambda0_equal,0.1,0.759160747930164,47
VTE,22,54,MELD_lambda1_afproj,0.1,0.79166277833465,47
VTE,22,54,EUR,0.1,0.752387695660917,47
VTE,22,54,EAS,0.1,0.709011745458993,47
VTE,22,54,AFR,0.1,0.460032951117187,47
VTE,22,54,CSA,0.1,0.792726768334974,47
VTE,22,54,AMR,0.1,0.806091577159006,47
VTE,22,54,MID,0.1,0.742058188198405,47
VTE,22,55,MELD_lambda0_afproj,0.001,0.77719313106179,224
VTE,22,55,MELD_lambda0_reportN,0.001,0.78845336400503,224
VTE,22,55,MELD_lambda0_equal,0.001,0.89832398147015,224
VTE,22,55,MELD_lambda1_afproj,0.001,0.808777072233061,224
VTE,22,55,EUR,0.001,0.687761589238583,224
VTE,22,55,EAS,0.001,0.621185131401974,224
VTE,22,55,AFR,0.001,0.785479388863478,224
VTE,22,55,CSA,0.001,0.661791120450078,224
VTE,22,55,AMR,0.001,0.805814115561584,224
VTE,22,55,MID,0.001,0.744482496819394,224
VTE,22,55,MELD_lambda0_afproj,0.01,0.901822629162558,224
VTE,22,55,MELD_lambda0_reportN,0.01,0.903758181239592,224
VTE,22,55,MELD_lambda0_equal,0.01,0.908379021018711,224
VTE,22,55,MELD_lambda1_afproj,0.01,0.908011110696823,224
VTE,22,55,EUR,0.01,0.882248644978329,224
VTE,22,55,EAS,0.01,0.828932496577711,224
VTE,22,55,AFR,0.01,0.794153746782393,224
VTE,22,55,CSA,0.01,0.868075812073316,224
VTE,22,55,AMR,0.01,0.922848366017904,224
VTE,22,55,MID,0.01,0.868001054464065,224
VTE,22,55,MELD_lambda0_afproj,0.1,0.918199054398568,224
VTE,22,55,MELD_lambda0_reportN,0.1,0.918947873888717,224
VTE,22,55,MELD_lambda0_equal,0.1,0.906707009706918,224
VTE,22,55,MELD_lambda1_afproj,0.1,0.918836110661062,224
VTE,22,55,EUR,0.1,0.913392355275864,224
VTE,22,55,EAS,0.1,0.834542511804973,224
VTE,22,55,AFR,0.1,0.789514632050972,224
VTE,22,55,CSA,0.1,0.888505786337982,224
VTE,22,55,AMR,0.1,0.933877594050626,224
VTE,22,55,MID,0.1,0.883611942112945,224
VTE,22,57,MELD_lambda0_afproj,0.001,0.826614834855738,210
VTE,22,57,MELD_lambda0_reportN,0.001,0.811732932395358,210
VTE,22,57,MELD_lambda0_equal,0.001,0.907313413840755,210
VTE,22,57,MELD_lambda1_afproj,0.001,0.831908551859243,210
VTE,22,57,EUR,0.001,0.884368326788321,210
VTE,22,57,EAS,0.001,0.486608883338032,210
VTE,22,57,AFR,0.001,0.69334835244682,210
VTE,22,57,CSA,0.001,0.639894064611159,210
VTE,22,57,AMR,0.001,0.860727654895503,210
VTE,22,57,MID,0.001,0.743330804803069,210
VTE,22,57,MELD_lambda0_afproj,0.01,0.933519740793614,210
VTE,22,57,MELD_lambda0_reportN,0.01,0.931383520648418,210
VTE,22,57,MELD_lambda0_equal,0.01,0.917581596666295,210
VTE,22,57,MELD_lambda1_afproj,0.01,0.934540388989014,210
VTE,22,57,EUR,0.01,0.93948838615285,210
VTE,22,57,EAS,0.01,0.811371372699029,210
VTE,22,57,AFR,0.01,0.755789952301189,210
VTE,22,57,CSA,0.01,0.902339389365098,210
VTE,22,57,AMR,0.01,0.926637244137271,210
VTE,22,57,MID,0.01,0.902225746171618,210
VTE,22,57,MELD_lambda0_afproj,0.1,0.938717914565348,210
VTE,22,57,MELD_lambda0_reportN,0.1,0.937332313964738,210
VTE,22,57,MELD_lambda0_equal,0.1,0.910741716883508,210
VTE,22,57,MELD_lambda1_afproj,0.1,0.936372873714198,210
VTE,22,57,EUR,0.1,0.941997157669668,210
VTE,22,57,EAS,0.1,0.853628197876243,210
VTE,22,57,AFR,0.1,0.741553693952825,210
VTE,22,57,CSA,0.1,0.936573374743035,210
VTE,22,57,AMR,0.1,0.913259303344357,210
VTE,22,57,MID,0.1,0.903984100901775,210
VTE,22,58,MELD_lambda0_afproj,0.001,0.786908975960498,304
VTE,22,58,MELD_lambda0_reportN,0.001,0.79584597297923,304
VTE,22,58,MELD_lambda0_equal,0.001,0.882654435023279,304
VTE,22,58,MELD_lambda1_afproj,0.001,0.773590705515904,304
VTE,22,58,EUR,0.001,0.678139261506809,304
VTE,22,58,EAS,0.001,0.483491039825755,304
VTE,22,58,AFR,0.001,0.773446764099087,304
VTE,22,58,CSA,0.001,0.624926733230039,304
VTE,22,58,AMR,0.001,0.532578175458303,304
VTE,22,58,MID,0.001,0.721685765192958,304
VTE,22,58,MELD_lambda0_afproj,0.01,0.891984967277334,304
VTE,22,58,MELD_lambda0_reportN,0.01,0.892738714259884,304
VTE,22,58,MELD_lambda0_equal,0.01,0.883952362384577,304
VTE,22,58,MELD_lambda1_afproj,0.01,0.891513961841018,304
VTE,22,58,EUR,0.01,0.866357363286214,304
VTE,22,58,EAS,0.01,0.758521577423421,304
VTE,22,58,AFR,0.01,0.784094052706041,304
VTE,22,58,CSA,0.01,0.840175017254606,304
VTE,22,58,AMR,0.01,0.811327063618795,304
VTE,22,58,MID,0.01,0.855947370381254,304
VTE,22,58,MELD_lambda0_afproj,0.1,0.896611744945424,304
VTE,22,58,MELD_lambda0_reportN,0.1,0.896509284699899,304
VTE,22,58,MELD_lambda0_equal,0.1,0.880574583019195,304
VTE,22,58,MELD_lambda1_afproj,0.1,0.899441984869369,304
VTE,22,58,EUR,0.1,0.894068130322262,304
VTE,22,58,EAS,0.1,0.80005546429223,304
VTE,22,58,AFR,0.1,0.774054948545139,304
VTE,22,58,CSA,0.1,0.866639298103394,304
VTE,22,58,AMR,0.1,0.860007800053628,304
VTE,22,58,MID,0.1,0.871613116602089,304
VTE,22,60,MELD_lambda0_afproj,0.001,0.745672001381901,165
VTE,22,60,MELD_lambda0_reportN,0.001,0.752353135527126,165
VTE,22,60,MELD_lambda0_equal,0.001,0.698916002853,165
VTE,22,60,MELD_lambda1_afproj,0.001,0.764690509092714,165
VTE,22,60,EUR,0.001,0.598517691194979,165
VTE,22,60,EAS,0.001,0.572745323317234,165
VTE,22,60,AFR,0.001,0.422780317657133,165
VTE,22,60,CSA,0.001,0.620430198558982,165
VTE,22,60,AMR,0.001,0.462784051094161,165
VTE,22,60,MID,0.001,0.67323665473145,165
VTE,22,60,MELD_lambda0_afproj,0.01,0.755607488688002,165
VTE,22,60,MELD_lambda0_reportN,0.01,0.762953361431417,165
VTE,22,60,MELD_lambda0_equal,0.01,0.696999558944112,165
VTE,22,60,MELD_lambda1_afproj,0.01,0.770309304968897,165
VTE,22,60,EUR,0.01,0.712953609866724,165
VTE,22,60,EAS,0.01,0.586229372816426,165
VTE,22,60,AFR,0.01,0.426889269496291,165
VTE,22,60,CSA,0.01,0.611532864672708,165
VTE,22,60,AMR,0.01,0.603378564881962,165
VTE,22,60,MID,0.01,0.68510749787406,165
VTE,22,60,MELD_lambda0_afproj,0.1,0.745940056633249,165
VTE,22,60,MELD_lambda0_reportN,0.1,0.750562750467176,165
VTE,22,60,MELD_lambda0_equal,0.1,0.684791113874215,165
VTE,22,60,MELD_lambda1_afproj,0.1,0.754600500794513,165
VTE,22,60,EUR,0.1,0.731350995939211,165
VTE,22,60,EAS,0.1,0.578602826905907,165
VTE,22,60,AFR,0.1,0.438755179293632,165
VTE,22,60,CSA,0.1,0.620208038544068,165
VTE,22,60,AMR,0.1,0.642769673046898,165
VTE,22,60,MID,0.1,0.656428006183715,165
VTE,22,61,MELD_lambda0_afproj,0.001,0.808367096066619,263
VTE,22,61,MELD_lambda0_reportN,0.001,0.80512783138285,263
VTE,22,61,MELD_lambda0_equal,0.001,0.93570330093683,263
VTE,22,61,MELD_lambda1_afproj,0.001,0.812386555412692,263
VTE,22,61,EUR,0.001,0.8241975470316,263
VTE,22,61,EAS,0.001,0.537144956197663,263
VTE,22,61,AFR,0.001,0.694191757419601,263
VTE,22,61,CSA,0.001,0.826903723898199,263
VTE,22,61,AMR,0.001,0.695088281319689,263
VTE,22,61,MID,0.001,0.789431211426576,263
VTE,22,61,MELD_lambda0_afproj,0.01,0.935252814328472,263
VTE,22,61,MELD_lambda0_reportN,0.01,0.934967360429957,263
VTE,22,61,MELD_lambda0_equal,0.01,0.942166345282671,263
VTE,22,61,MELD_lambda1_afproj,0.01,0.93429800291041,263
VTE,22,61,EUR,0.01,0.93506726881351,263
VTE,22,61,EAS,0.01,0.846868018738862,263
VTE,22,61,AFR,0.01,0.875470582206973,263
VTE,22,61,CSA,0.01,0.902457825705252,263
VTE,22,61,AMR,0.01,0.894690668087928,263
VTE,22,61,MID,0.01,0.911548920195144,263
VTE,22,61,MELD_lambda0_afproj,0.1,0.945903150698901,263
VTE,22,61,MELD_lambda0_reportN,0.1,0.946336866996921,263
VTE,22,61,MELD_lambda0_equal,0.1,0.940799860960955,263
VTE,22,61,MELD_lambda1_afproj,0.1,0.943441501118257,263
VTE,22,61,EUR,0.1,0.944200102364187,263
VTE,22,61,EAS,0.1,0.897585202436586,263
VTE,22,61,AFR,0.1,0.892113907771545,263
VTE,22,61,CSA,0.1,0.918176355588998,263
VTE,22,61,AMR,0.1,0.927350131958867,263
VTE,22,61,MID,0.1,0.924965311970913,263
VTE,22,62,MELD_lambda0_afproj,0.001,0.869341625550145,30
VTE,22,62,MELD_lambda0_reportN,0.001,0.860147858765968,30
VTE,22,62,MELD_lambda0_equal,0.001,0.646404408130768,30
VTE,22,62,MELD_lambda1_afproj,0.001,0.864943665380978,30
VTE,22,62,EUR,0.001,0.892339553703365,30
VTE,22,62,EAS,0.001,0.775317187866843,30
VTE,22,62,AFR,0.001,0.575555301126819,30
VTE,22,62,CSA,0.001,0.688700974254759,30
VTE,22,62,AMR,0.001,0.719161751514235,30
VTE,22,62,MID,0.001,0.721338820035185,30
VTE,22,62,MELD_lambda0_afproj,0.01,0.860783570645892,30
VTE,22,62,MELD_lambda0_reportN,0.01,0.852499376709504,30
VTE,22,62,MELD_lambda0_equal,0.01,0.64256259931266,30
VTE,22,62,MELD_lambda1_afproj,0.01,0.856107069197106,30
VTE,22,62,EUR,0.01,0.885538612313128,30
VTE,22,62,EAS,0.01,0.737022365920897,30
VTE,22,62,AFR,0.01,0.551514294785036,30
VTE,22,62,CSA,0.01,0.685059647593849,30
VTE,22,62,AMR,0.01,0.710680575820815,30
VTE,22,62,MID,0.01,0.723427810890429,30
VTE,22,62,MELD_lambda0_afproj,0.1,0.798575790169734,30
VTE,22,62,MELD_lambda0_reportN,0.1,0.795227145163159,30
VTE,22,62,MELD_lambda0_equal,0.1,0.611375684952296,30
VTE,22,62,MELD_lambda1_afproj,0.1,0.791708776934908,30
VTE,22,62,EUR,0.1,0.832404651713987,30
VTE,22,62,EAS,0.1,0.689516816801088,30
VTE,22,62,AFR,0.1,0.510022990103109,30
VTE,22,62,CSA,0.1,0.654493310117626,30
VTE,22,62,AMR,0.1,0.654218097769497,30
VTE,22,62,MID,0.1,0.730292833697129,30
VTE,22,63,MELD_lambda0_afproj,0.001,0.712635371770621,58
VTE,22,63,MELD_lambda0_reportN,0.001,0.717882881562404,58
VTE,22,63,MELD_lambda0_equal,0.001,0.713711535555936,58
VTE,22,63,MELD_lambda1_afproj,0.001,0.704760648989547,58
VTE,22,63,EUR,0.001,0.704394600972305,58
VTE,22,63,EAS,0.001,0.675936219886574,58
VTE,22,63,AFR,0.001,0.495990650145195,58
VTE,22,63,CSA,0.001,0.731315016020923,58
VTE,22,63,AMR,0.001,0.719090817435191,58
VTE,22,63,MID,0.001,0.677118602488457,58
VTE,22,63,MELD_lambda0_afproj,0.01,0.717122585346288,58
VTE,22,63,MELD_lambda0_reportN,0.01,0.721189485190511,58
VTE,22,63,MELD_lambda0_equal,0.01,0.713743065662885,58
VTE,22,63,MELD_lambda1_afproj,0.01,0.709350336393649,58
VTE,22,63,EUR,0.01,0.716585442067008,58
VTE,22,63,EAS,0.01,0.681014460326464,58
VTE,22,63,AFR,0.01,0.498005814223437,58
VTE,22,63,CSA,0.01,0.7339958778671,58
VTE,22,63,AMR,0.01,0.723798281406777,58
VTE,22,63,MID,0.01,0.676696001514013,58
VTE,22,63,MELD_lambda0_afproj,0.1,0.719512633766627,58
VTE,22,63,MELD_lambda0_reportN,0.1,0.721237328172967,58
VTE,22,63,MELD_lambda0_equal,0.1,0.713692242158354,58
VTE,22,63,MELD_lambda1_afproj,0.1,0.713545132368759,58
VTE,22,63,EUR,0.1,0.722085722094414,58
VTE,22,63,EAS,0.1,0.700832354394185,58
VTE,22,63,AFR,0.1,0.511125596526262,58
VTE,22,63,CSA,0.1,0.743699249248578,58
VTE,22,63,AMR,0.1,0.731419745996878,58
VTE,22,63,MID,0.1,0.679939232855316,58
VTE,22,64,MELD_lambda0_afproj,0.001,0.807048883073202,170
VTE,22,64,MELD_lambda0_reportN,0.001,0.807591104058572,170
VTE,22,64,MELD_lambda0_equal,0.001,0.91610412232265,170
VTE,22,64,MELD_lambda1_afproj,0.001,0.807607421618349,170
VTE,22,64,EUR,0.001,0.792027454645501,170
VTE,22,64,EAS,0.001,0.752368694450857,170
VTE,22,64,AFR,0.001,0.778963535536584,170
VTE,22,64,CSA,0.001,0.606744417898948,170
VTE,22,64,AMR,0.001,0.842389958801757,170
VTE,22,64,MID,0.001,0.891650552896074,170
VTE,22,64,MELD_lambda0_afproj,0.01,0.92220613675578,170
VTE,22,64,MELD_lambda0_reportN,0.01,0.92139186716751,170
VTE,22,64,MELD_lambda0_equal,0.01,0.915634313199106,170
VTE,22,64,MELD_lambda1_afproj,0.01,0.918969998476098,170
VTE,22,64,EUR,0.01,0.914527565132421,170
VTE,22,64,EAS,0.01,0.878460838530832,170
VTE,22,64,AFR,0.01,0.81120576091276,170
VTE,22,64,CSA,0.01,0.876177473589871,170
VTE,22,64,AMR,0.01,0.900927725871717,170
VTE,22,64,MID,0.01,0.900707967640007,170
VTE,22,64,MELD_lambda0_afproj,0.1,0.920629264907127,170
VTE,22,64,MELD_lambda0_reportN,0.1,0.920788510141783,170
VTE,22,64,MELD_lambda0_equal,0.1,0.912510902191669,170
VTE,22,64,MELD_lambda1_afproj,0.1,0.916958182903334,170
VTE,22,64,EUR,0.1,0.916314973323873,170
VTE,22,64,EAS,0.1,0.862095589048171,170
VTE,22,64,AFR,0.1,0.825136560479651,170
VTE,22,64,CSA,0.1,0.90456277282054,170
VTE,22,64,AMR,0.1,0.897926832786396,170
VTE,22,64,MID,0.1,0.908007370958146,170
VTE,22,65,MELD_lambda0_afproj,0.001,0.897225183274232,45
VTE,22,65,MELD_lambda0_reportN,0.001,0.909162775438997,45
VTE,22,65,MELD_lambda0_equal,0.001,0.848343372711858,45
VTE,22,65,MELD_lambda1_afproj,0.001,0.891163683716736,45
VTE,22,65,EUR,0.001,0.869989164023437,45
VTE,22,65,EAS,0.001,0.808159490370306,45
VTE,22,65,AFR,0.001,0.822069789512684,45
VTE,22,65,CSA,0.001,0.85576014341166,45
VTE,22,65,AMR,0.001,0.894442583899855,45
VTE,22,65,MID,0.001,0.797611993103994,45
VTE,22,65,MELD_lambda0_afproj,0.01,0.86284104150134,45
VTE,22,65,MELD_lambda0_reportN,0.01,0.86571570709506,45
VTE,22,65,MELD_lambda0_equal,0.01,0.846077243110161,45
VTE,22,65,MELD_lambda1_afproj,0.01,0.861586475643507,45
VTE,22,65,EUR,0.01,0.843100257232334,45
VTE,22,65,EAS,0.01,0.801683755340444,45
VTE,22,65,AFR,0.01,0.820720662751432,45
VTE,22,65,CSA,0.01,0.823914313123818,45
VTE,22,65,AMR,0.01,0.874252592216739,45
VTE,22,65,MID,0.01,0.804497907451876,45
VTE,22,65,MELD_lambda0_afproj,0.1,0.856620105100046,45
VTE,22,65,MELD_lambda0_reportN,0.1,0.856873496435306,45
VTE,22,65,MELD_lambda0_equal,0.1,0.843528766073229,45
VTE,22,65,MELD_lambda1_afproj,0.1,0.854971694198052,45
VTE,22,65,EUR,0.1,0.857817730282548,45
VTE,22,65,EAS,0.1,0.819225252936836,45
VTE,22,65,AFR,0.1,0.809169161991197,45
VTE,22,65,CSA,0.1,0.834982022243631,45
VTE,22,65,AMR,0.1,0.867449374564997,45
VTE,22,65,MID,0.1,0.826101458659614,45
VTE,22,66,MELD_lambda0_afproj,0.001,0.683162649123913,204
VTE,22,66,MELD_lambda0_reportN,0.001,0.689447706273435,204
VTE,22,66,MELD_lambda0_equal,0.001,0.82014723370798,204
VTE,22,66,MELD_lambda1_afproj,0.001,0.680664750384416,204
VTE,22,66,EUR,0.001,0.496596621071819,204
VTE,22,66,EAS,0.001,0.446414354630464,204
VTE,22,66,AFR,0.001,0.693964331292017,204
VTE,22,66,CSA,0.001,0.694196197132194,204
VTE,22,66,AMR,0.001,0.745515404306511,204
VTE,22,66,MID,0.001,0.739127595273589,204
VTE,22,66,MELD_lambda0_afproj,0.01,0.822721256321053,204
VTE,22,66,MELD_lambda0_reportN,0.01,0.822952977426421,204
VTE,22,66,MELD_lambda0_equal,0.01,0.823896800839637,204
VTE,22,66,MELD_lambda1_afproj,0.01,0.82166659086859,204
VTE,22,66,EUR,0.01,0.797649869060959,204
VTE,22,66,EAS,0.01,0.728704342640769,204
VTE,22,66,AFR,0.01,0.693188908755874,204
VTE,22,66,CSA,0.01,0.802551747031349,204
VTE,22,66,AMR,0.01,0.82907949886837,204
VTE,22,66,MID,0.01,0.856495476704688,204
VTE,22,66,MELD_lambda0_afproj,0.1,0.85338344103903,204
VTE,22,66,MELD_lambda0_reportN,0.1,0.851813080763466,204
VTE,22,66,MELD_lambda0_equal,0.1,0.819641411282637,204
VTE,22,66,MELD_lambda1_afproj,0.1,0.850501659179937,204
VTE,22,66,EUR,0.1,0.857267724257055,204
VTE,22,66,EAS,0.1,0.74046874375451,204
VTE,22,66,AFR,0.1,0.683955761297195,204
VTE,22,66,CSA,0.1,0.81828361869475,204
VTE,22,66,AMR,0.1,0.836169129762775,204
VTE,22,66,MID,0.1,0.863387845122498,204
VTE,22,67,MELD_lambda0_afproj,0.001,0.633208552792286,187
VTE,22,67,MELD_lambda0_reportN,0.001,0.685923816802035,187
VTE,22,67,MELD_lambda0_equal,0.001,0.808422972864808,187
VTE,22,67,MELD_lambda1_afproj,0.001,0.661300465600274,187
VTE,22,67,EUR,0.001,0.439469638199887,187
VTE,22,67,EAS,0.001,0.618555719693401,187
VTE,22,67,AFR,0.001,0.6745339502163,187
VTE,22,67,CSA,0.001,0.623047461850913,187
VTE,22,67,AMR,0.001,0.679221636142053,187
VTE,22,67,MID,0.001,0.701631726000163,187
VTE,22,67,MELD_lambda0_afproj,0.01,0.762745850537383,187
VTE,22,67,MELD_lambda0_reportN,0.01,0.773353919190782,187
VTE,22,67,MELD_lambda0_equal,0.01,0.808388813857764,187
VTE,22,67,MELD_lambda1_afproj,0.01,0.777655427074993,187
VTE,22,67,EUR,0.01,0.766968492154065,187
VTE,22,67,EAS,0.01,0.710942876748469,187
VTE,22,67,AFR,0.01,0.709022050116085,187
VTE,22,67,CSA,0.01,0.734256730455532,187
VTE,22,67,AMR,0.01,0.791281557298784,187
VTE,22,67,MID,0.01,0.759827885837695,187
VTE,22,67,MELD_lambda0_afproj,0.1,0.803605174949596,187
VTE,22,67,MELD_lambda0_reportN,0.1,0.805934378142976,187
VTE,22,67,MELD_lambda0_equal,0.1,0.799583510194764,187
VTE,22,67,MELD_lambda1_afproj,0.1,0.81020405023961,187
VTE,22,67,EUR,0.1,0.815210220241726,187
VTE,22,67,EAS,0.1,0.684572260274089,187
VTE,22,67,AFR,0.1,0.707659314111333,187
VTE,22,67,CSA,0.1,0.779797052237328,187
VTE,22,67,AMR,0.1,0.782281484236582,187
VTE,22,67,MID,0.1,0.789256680660666,187
VTE,22,68,MELD_lambda0_afproj,0.001,0.828201558372191,126
VTE,22,68,MELD_lambda0_reportN,0.001,0.82534248128679,126
VTE,22,68,MELD_lambda0_equal,0.001,0.775459275392689,126
VTE,22,68,MELD_lambda1_afproj,0.001,0.831719068711894,126
VTE,22,68,EUR,0.001,0.56693712906717,126
VTE,22,68,EAS,0.001,0.526887413301458,126
VTE,22,68,AFR,0.001,0.673208296070534,126
VTE,22,68,CSA,0.001,0.728009346908962,126
VTE,22,68,AMR,0.001,0.740242964020862,126
VTE,22,68,MID,0.001,0.783961997884075,126
VTE,22,68,MELD_lambda0_afproj,0.01,0.825226138387339,126
VTE,22,68,MELD_lambda0_reportN,0.01,0.820150674384898,126
VTE,22,68,MELD_lambda0_equal,0.01,0.775633570115959,126
VTE,22,68,MELD_lambda1_afproj,0.01,0.828013458768587,126
VTE,22,68,EUR,0.01,0.832331894631983,126
VTE,22,68,EAS,0.01,0.620940341766364,126
VTE,22,68,AFR,0.01,0.675771002269433,126
VTE,22,68,CSA,0.01,0.760120227714256,126
VTE,22,68,AMR,0.01,0.771157836042091,126
VTE,22,68,MID,0.01,0.786847696016298,126
VTE,22,68,MELD_lambda0_afproj,0.1,0.805570462512467,126
VTE,22,68,MELD_lambda0_reportN,0.1,0.804239183501684,126
VTE,22,68,MELD_lambda0_equal,0.1,0.771880750381218,126
VTE,22,68,MELD_lambda1_afproj,0.1,0.806251285453004,126
VTE,22,68,EUR,0.1,0.807159352242731,126
VTE,22,68,EAS,0.1,0.636972848499883,126
VTE,22,68,AFR,0.1,0.68979806958479,126
VTE,22,68,CSA,0.1,0.768625880349836,126
VTE,22,68,AMR,0.1,0.792251884445166,126
VTE,22,68,MID,0.1,0.793685071103129,126
VTE,22,70,MELD_lambda0_afproj,0.001,0.584798347599378,183
VTE,22,70,MELD_lambda0_reportN,0.001,0.593259117033568,183
VTE,22,70,MELD_lambda0_equal,0.001,0.745263644489832,183
VTE,22,70,MELD_lambda1_afproj,0.001,0.589599691040127,183
VTE,22,70,EUR,0.001,0.539257045726679,183
VTE,22,70,EAS,0.001,0.465825380312982,183
VTE,22,70,AFR,0.001,0.549263156672731,183
VTE,22,70,CSA,0.001,0.444865115367224,183
VTE,22,70,AMR,0.001,0.485699973668203,183
VTE,22,70,MID,0.001,0.780225487168239,183
VTE,22,70,MELD_lambda0_afproj,0.01,0.752840225233244,183
VTE,22,70,MELD_lambda0_reportN,0.01,0.75360529287353,183
VTE,22,70,MELD_lambda0_equal,0.01,0.749610945466027,183
VTE,22,70,MELD_lambda1_afproj,0.01,0.755951580900315,183
VTE,22,70,EUR,0.01,0.734944108992517,183
VTE,22,70,EAS,0.01,0.628247901290627,183
VTE,22,70,AFR,0.01,0.550169513091847,183
VTE,22,70,CSA,0.01,0.667898274414551,183
VTE,22,70,AMR,0.01,0.657695825770458,183
VTE,22,70,MID,0.01,0.755377550523267,183
VTE,22,70,MELD_lambda0_afproj,0.1,0.749340261618353,183
VTE,22,70,MELD_lambda0_reportN,0.1,0.750853368551767,183
VTE,22,70,MELD_lambda0_equal,0.1,0.727316269653576,183
VTE,22,70,MELD_lambda1_afproj,0.1,0.751935624266176,183
VTE,22,70,EUR,0.1,0.736792116220408,183
VTE,22,70,EAS,0.1,0.61553099681625,183
VTE,22,70,AFR,0.1,0.548298208855219,183
VTE,22,70,CSA,0.1,0.679715481355437,183
VTE,22,70,AMR,0.1,0.670640262858129,183
VTE,22,70,MID,0.1,0.734832852198362,183
VTE,22,71,MELD_lambda0_afproj,0.001,0.820880367699621,147
VTE,22,71,MELD_lambda0_reportN,0.001,0.823225485642998,147
VTE,22,71,MELD_lambda0_equal,0.001,0.825135142836951,147
VTE,22,71,MELD_lambda1_afproj,0.001,0.815460815761232,147
VTE,22,71,EUR,0.001,0.785398287364531,147
VTE,22,71,EAS,0.001,0.704318520461749,147
VTE,22,71,AFR,0.001,0.695448933070018,147
VTE,22,71,CSA,0.001,0.806437161657956,147
VTE,22,71,AMR,0.001,0.750235836389635,147
VTE,22,71,MID,0.001,0.813904149559854,147
VTE,22,71,MELD_lambda0_afproj,0.01,0.836539355462312,147
VTE,22,71,MELD_lambda0_reportN,0.01,0.836352697336694,147
VTE,22,71,MELD_lambda0_equal,0.01,0.82377853204647,147
VTE,22,71,MELD_lambda1_afproj,0.01,0.831850375768892,147
VTE,22,71,EUR,0.01,0.836079106810275,147
VTE,22,71,EAS,0.01,0.744512850372297,147
VTE,22,71,AFR,0.01,0.694072115498046,147
VTE,22,71,CSA,0.01,0.81585268506889,147
VTE,22,71,AMR,0.01,0.78895856367875,147
VTE,22,71,MID,0.01,0.811255834488065,147
VTE,22,71,MELD_lambda0_afproj,0.1,0.837215683030507,147
VTE,22,71,MELD_lambda0_reportN,0.1,0.836232157751422,147
VTE,22,71,MELD_lambda0_equal,0.1,0.819401005035675,147
VTE,22,71,MELD_lambda1_afproj,0.1,0.833635880242304,147
VTE,22,71,EUR,0.1,0.840208456945304,147
VTE,22,71,EAS,0.1,0.729519301702059,147
VTE,22,71,AFR,0.1,0.686721654948664,147
VTE,22,71,CSA,0.1,0.820177973540832,147
VTE,22,71,AMR,0.1,0.796979238939831,147
VTE,22,71,MID,0.1,0.809368142734002,147
VTE,22,72,MELD_lambda0_afproj,0.001,0.894990476143325,55
VTE,22,72,MELD_lambda0_reportN,0.001,0.898233332508335,55
VTE,22,72,MELD_lambda0_equal,0.001,0.85715926523166,55
VTE,22,72,MELD_lambda1_afproj,0.001,0.907986394591529,55
VTE,22,72,EUR,0.001,0.898657703118629,55
VTE,22,72,EAS,0.001,0.802148864747336,55
VTE,22,72,AFR,0.001,0.704174940647196,55
VTE,22,72,CSA,0.001,0.763446543411439,55
VTE,22,72,AMR,0.001,0.88213491055589,55
VTE,22,72,MID,0.001,0.783249350710776,55
VTE,22,72,MELD_lambda0_afproj,0.01,0.893345307375278,55
VTE,22,72,MELD_lambda0_reportN,0.01,0.897224902373636,55
VTE,22,72,MELD_lambda0_equal,0.01,0.85744567281198,55
VTE,22,72,MELD_lambda1_afproj,0.01,0.906217362154497,55
VTE,22,72,EUR,0.01,0.888950493156883,55
VTE,22,72,EAS,0.01,0.809547375237555,55
VTE,22,72,AFR,0.01,0.705095265755643,55
VTE,22,72,CSA,0.01,0.769067890067751,55
VTE,22,72,AMR,0.01,0.88030343944863,55
VTE,22,72,MID,0.01,0.780593457646185,55
VTE,22,72,MELD_lambda0_afproj,0.1,0.893745070069043,55
VTE,22,72,MELD_lambda0_reportN,0.1,0.897444648404417,55
VTE,22,72,MELD_lambda0_equal,0.1,0.859644102160149,55
VTE,22,72,MELD_lambda1_afproj,0.1,0.90330814283309,55
VTE,22,72,EUR,0.1,0.895806287077178,55
VTE,22,72,EAS,0.1,0.814805169261097,55
VTE,22,72,AFR,0.1,0.713730044726604,55
VTE,22,72,CSA,0.1,0.792155299740258,55
VTE,22,72,AMR,0.1,0.872623502475946,55
VTE,22,72,MID,0.1,0.779668530316747,55
VTE,22,74,MELD_lambda0_afproj,0.001,0.833683215381645,354
VTE,22,74,MELD_lambda0_reportN,0.001,0.847124063538382,354
VTE,22,74,MELD_lambda0_equal,0.001,0.915741863081856,354
VTE,22,74,MELD_lambda1_afproj,0.001,0.842680707706398,354
VTE,22,74,EUR,0.001,0.743796985551668,354
VTE,22,74,EAS,0.001,0.573819202752389,354
VTE,22,74,AFR,0.001,0.443674234147172,354
VTE,22,74,CSA,0.001,0.683319135563249,354
VTE,22,74,AMR,0.001,0.791428543148588,354
VTE,22,74,MID,0.001,0.782282991854165,354
VTE,22,74,MELD_lambda0_afproj,0.01,0.935709837644098,354
VTE,22,74,MELD_lambda0_reportN,0.01,0.93667061594121,354
VTE,22,74,MELD_lambda0_equal,0.01,0.920947055724713,354
VTE,22,74,MELD_lambda1_afproj,0.01,0.937899648922403,354
VTE,22,74,EUR,0.01,0.91791827241236,354
VTE,22,74,EAS,0.01,0.808242232413703,354
VTE,22,74,AFR,0.01,0.696364531236256,354
VTE,22,74,CSA,0.01,0.882594770727733,354
VTE,22,74,AMR,0.01,0.901041497255257,354
VTE,22,74,MID,0.01,0.891567308345564,354
VTE,22,74,MELD_lambda0_afproj,0.1,0.934303218097046,354
VTE,22,74,MELD_lambda0_reportN,0.1,0.934492035360296,354
VTE,22,74,MELD_lambda0_equal,0.1,0.914906583315983,354
VTE,22,74,MELD_lambda1_afproj,0.1,0.935046037583846,354
VTE,22,74,EUR,0.1,0.931693346487128,354
VTE,22,74,EAS,0.1,0.831713063467474,354
VTE,22,74,AFR,0.1,0.772449162760259,354
VTE,22,74,CSA,0.1,0.912023484542099,354
VTE,22,74,AMR,0.1,0.911544757747751,354
VTE,22,74,MID,0.1,0.893573373694808,354
