trait,chr,block_id,m,candidate,min_eig_pre,min_eig_post
Asthma,22,1,92,MELD_lambda0_afproj,-0.000244822366783163,-4.00267516058655e-16
Asthma,22,1,92,MELD_lambda0_reportN,-0.000256799930594355,-4.30184018424212e-16
Asthma,22,1,92,MELD_lambda0_equal,-0.000147557429250916,-4.67935586641573e-16
Asthma,22,1,92,MELD_lambda1_afproj,-0.000221233537903799,-8.96594772960307e-16
Asthma,22,1,92,EUR,-0.0137428967896365,-9.75757545451894e-16
Asthma,22,1,92,EAS,-0.0110537772812639,-7.94436317472918e-16
Asthma,22,1,92,AFR,-0.00172484347694525,-2.53506651130863e-16
Asthma,22,1,92,CSA,-0.00586723842699366,-5.27839147313053e-16
Asthma,22,1,92,AMR,-0.012941195136815,-1.00853922186772e-15
Asthma,22,1,92,MID,-0.000457459869188749,-3.41134087350515e-16
Asthma,22,2,46,MELD_lambda0_afproj,0.0124345815526151,0.0124345815526148
Asthma,22,2,46,MELD_lambda0_reportN,0.0116473918985237,0.0116473918985235
Asthma,22,2,46,MELD_lambda0_equal,0.0319436494127796,0.0319436494127792
Asthma,22,2,46,MELD_lambda1_afproj,0.0120359525724187,0.0120359525724184
Asthma,22,2,46,EUR,0.00581416636977485,0.00581416636977447
Asthma,22,2,46,EAS,0.0069675814039248,0.00696758140392472
Asthma,22,2,46,AFR,0.0366610807777409,0.0366610807777403
Asthma,22,2,46,CSA,0.010411999084282,0.010411999084282
Asthma,22,2,46,AMR,0.0170483097472223,0.017048309747222
Asthma,22,2,46,MID,0.0272683823339932,0.027268382333993
Asthma,22,4,195,MELD_lambda0_afproj,-0.0086651885016081,-8.61136198429302e-16
Asthma,22,4,195,MELD_lambda0_reportN,-0.00976332505667866,-1.40138619775837e-15
Asthma,22,4,195,MELD_lambda0_equal,-1.07752557352837e-05,-3.06459371498183e-16
Asthma,22,4,195,MELD_lambda1_afproj,-0.00787177517279825,-1.12082363520434e-15
Asthma,22,4,195,EUR,-0.0214930190377558,-1.73126434396961e-15
Asthma,22,4,195,EAS,-0.0187009656001279,-1.16152508240949e-15
Asthma,22,4,195,AFR,-0.000908284596517218,-5.28227664676346e-16
Asthma,22,4,195,CSA,-0.0189413637099747,-1.54113664376637e-15
Asthma,22,4,195,AMR,-0.0162439787526498,-1.02335488020557e-15
Asthma,22,4,195,MID,-0.00880101520816339,-6.19378927466582e-16
Asthma,22,5,86,MELD_lambda0_afproj,-0.00356238888687782,-1.30335404681854e-15
Asthma,22,5,86,MELD_lambda0_reportN,-0.00427681555443452,-6.63531382540888e-17
Asthma,22,5,86,MELD_lambda0_equal,-0.00097953253855705,1.10798503784706e-16
Asthma,22,5,86,MELD_lambda1_afproj,-0.00334208088076162,-6.94480741929854e-16
Asthma,22,5,86,EUR,-0.0186680666153091,-2.12122125275908e-15
Asthma,22,5,86,EAS,-0.0115935987804268,-4.47834869912507e-16
Asthma,22,5,86,AFR,-0.00095607593746192,-3.25126536628916e-16
Asthma,22,5,86,CSA,-0.00615302157783846,-1.36858471038294e-15
Asthma,22,5,86,AMR,-0.010744921604685,-4.27108763164242e-16
Asthma,22,5,86,MID,-0.000770548627959054,-3.09715732567772e-16
Asthma,22,6,31,MELD_lambda0_afproj,0.0142610414173338,0.0142610414173341
Asthma,22,6,31,MELD_lambda0_reportN,0.0134640560397893,0.0134640560397892
Asthma,22,6,31,MELD_lambda0_equal,0.0398152553713194,0.0398152553713188
Asthma,22,6,31,MELD_lambda1_afproj,0.0135968435967363,0.013596843596736
Asthma,22,6,31,EUR,0.00592826148606359,0.00592826148606389
Asthma,22,6,31,EAS,0.0057352627124614,0.00573526271246176
Asthma,22,6,31,AFR,0.0697111987261409,0.0697111987261409
Asthma,22,6,31,CSA,0.0272664650346547,0.0272664650346546
Asthma,22,6,31,AMR,0.0126668549234765,0.0126668549234764
Asthma,22,6,31,MID,0.0540277791711575,0.0540277791711568
Asthma,22,7,293,MELD_lambda0_afproj,-0.0355234996702563,-2.35912232368497e-15
Asthma,22,7,293,MELD_lambda0_reportN,-0.0377361916362404,-2.2778810303562e-15
Asthma,22,7,293,MELD_lambda0_equal,-0.00848137358467901,-1.63726994361424e-15
Asthma,22,7,293,MELD_lambda1_afproj,-0.0339734008078664,-2.69315189111783e-15
Asthma,22,7,293,EUR,-0.0669183273954203,-4.41149256658173e-15
Asthma,22,7,293,EAS,-0.0529311481040406,-3.82284355031335e-15
Asthma,22,7,293,AFR,-0.0359695681261744,-2.16154674537368e-15
Asthma,22,7,293,CSA,-0.0474745528118247,-4.07965583852453e-15
Asthma,22,7,293,AMR,-0.0560880078738182,-3.10129187742706e-15
Asthma,22,7,293,MID,-0.0411964104995987,-2.82310476102471e-15
Asthma,22,8,106,MELD_lambda0_afproj,-0.00269317167628179,1.66879870409268e-17
Asthma,22,8,106,MELD_lambda0_reportN,-0.00296804793591653,-2.20148125663236e-16
Asthma,22,8,106,MELD_lambda0_equal,-0.000129060643391613,3.34396573336433e-16
Asthma,22,8,106,MELD_lambda1_afproj,-0.00244432676310355,-4.77575317128664e-16
Asthma,22,8,106,EUR,-0.0142865723632455,-8.54388213816702e-16
Asthma,22,8,106,EAS,-0.00766576589197774,-5.48777516480269e-16
Asthma,22,8,106,AFR,-0.000954720719105568,6.65112557738501e-16
Asthma,22,8,106,CSA,-0.00381954506980859,-1.78212865864173e-15
Asthma,22,8,106,AMR,-0.0059833708777772,-7.47111132108279e-16
Asthma,22,8,106,MID,1.95708295580986e-17,-4.34784649693297e-16
Asthma,22,10,224,MELD_lambda0_afproj,-0.0200155683793128,-1.73328546307186e-15
Asthma,22,10,224,MELD_lambda0_reportN,-0.0209842620603484,-1.72957147816749e-15
Asthma,22,10,224,MELD_lambda0_equal,-0.00210097393556452,-1.24952961047844e-15
Asthma,22,10,224,MELD_lambda1_afproj,-0.0187451994507483,-2.20225824808526e-15
Asthma,22,10,224,EUR,-0.0421497822347343,-2.27813937762053e-15
Asthma,22,10,224,EAS,-0.032795291687175,-2.29974066561965e-15
Asthma,22,10,224,AFR,-0.012607174942818,-7.11214933990816e-16
Asthma,22,10,224,CSA,-0.0319454889045958,-2.67390360558259e-15
Asthma,22,10,224,AMR,-0.0315140954316594,-1.87438360474368e-15
Asthma,22,10,224,MID,-0.0227066532000105,-1.33837974579557e-15
Asthma,22,11,163,MELD_lambda0_afproj,-0.0317110985769806,-2.97857729006677e-15
Asthma,22,11,163,MELD_lambda0_reportN,-0.0330504548463618,-3.02326307787121e-15
Asthma,22,11,163,MELD_lambda0_equal,-0.00499690709903784,-1.40448432042036e-15
Asthma,22,11,163,MELD_lambda1_afproj,-0.0304311972878172,-3.15492175566497e-15
Asthma,22,11,163,EUR,-0.0515185108357202,-4.18238387843475e-15
Asthma,22,11,163,EAS,-0.0334031206925946,-3.02283883409244e-15
Asthma,22,11,163,AFR,-0.0216300214390498,-2.79150132569771e-15
Asthma,22,11,163,CSA,-0.0359155744887416,-2.3460704582505e-15
Asthma,22,11,163,AMR,-0.03774063407369,-3.07556874997643e-15
Asthma,22,11,163,MID,-0.0304274895414074,-2.56109390528739e-15
Asthma,22,12,55,MELD_lambda0_afproj,-0.00847185689786794,-1.46665049610771e-15
Asthma,22,12,55,MELD_lambda0_reportN,-0.00887112718625845,-1.40271641656003e-15
Asthma,22,12,55,MELD_lambda0_equal,-0.00278949612937377,-2.82151857553441e-16
Asthma,22,12,55,MELD_lambda1_afproj,-0.00696404772296396,-9.56934365873965e-16
Asthma,22,12,55,EUR,-0.018627564568041,-2.1082456874564e-15
Asthma,22,12,55,EAS,-0.0163902493174707,-1.0132237253819e-15
Asthma,22,12,55,AFR,-0.00248559639008957,-8.74205466013094e-16
Asthma,22,12,55,CSA,-0.0110634153625116,-1.74304875596831e-15
Asthma,22,12,55,AMR,-0.0233635757978012,-1.01286246500442e-15
Asthma,22,12,55,MID,-0.00843669311218576,-9.90910326253579e-16
Asthma,22,13,95,MELD_lambda0_afproj,-0.0116397635439495,-1.1006134435826e-15
Asthma,22,13,95,MELD_lambda0_reportN,-0.0124852929926435,-1.25187866751157e-15
Asthma,22,13,95,MELD_lambda0_equal,-3.36591508502092e-05,4.18068357131763e-16
Asthma,22,13,95,MELD_lambda1_afproj,-0.0112952963600063,-7.27583327096162e-16
Asthma,22,13,95,EUR,-0.0230292521409543,-2.23138965547512e-15
Asthma,22,13,95,EAS,-0.0172625766097872,-1.52232330931733e-15
Asthma,22,13,95,AFR,-0.002805937706608,-1.34960619693777e-16
Asthma,22,13,95,CSA,-0.0155456422997071,-9.85395025169809e-16
Asthma,22,13,95,AMR,-0.0199922896727062,-9.51273550907579e-16
Asthma,22,13,95,MID,-0.0139740074430129,-9.44242621350282e-16
Asthma,22,14,79,MELD_lambda0_afproj,-0.00343314713678406,-9.4451957818398e-16
Asthma,22,14,79,MELD_lambda0_reportN,-0.00334176377559058,3.0134547011802e-17
Asthma,22,14,79,MELD_lambda0_equal,-0.000397777402228779,-1.37357468194305e-15
Asthma,22,14,79,MELD_lambda1_afproj,-0.00319386214556763,-1.04220502418128e-15
Asthma,22,14,79,EUR,-0.0114748667593232,-1.2260381203836e-15
Asthma,22,14,79,EAS,-0.0118961223681348,-4.4476245784805e-16
Asthma,22,14,79,AFR,-0.00572798243999671,-2.40353025559262e-16
Asthma,22,14,79,CSA,-0.00882920188884214,-1.56273722817381e-15
Asthma,22,14,79,AMR,-0.0123197457908266,-7.8780465379333e-16
Asthma,22,14,79,MID,-0.00266435973536322,-6.01461499544582e-16
Asthma,22,16,51,MELD_lambda0_afproj,-0.00107671167463761,-6.15572458800438e-16
Asthma,22,16,51,MELD_lambda0_reportN,-0.00127433372728082,1.82127947262885e-16
Asthma,22,16,51,MELD_lambda0_equal,0.00747989524646091,0.00747989524646155
Asthma,22,16,51,MELD_lambda1_afproj,-0.000911795018117016,4.22833108946824e-16
Asthma,22,16,51,EUR,-0.00617675672644757,-1.16855987207796e-15
Asthma,22,16,51,EAS,-0.00450046678345675,1.45517765007894e-16
Asthma,22,16,51,AFR,0.0143583529936421,0.0143583529936421
Asthma,22,16,51,CSA,0.00411664071030231,0.00411664071030275
Asthma,22,16,51,AMR,-0.00156707236907076,-1.60105479475738e-16
Asthma,22,16,51,MID,0.0018310906095442,0.00183109060954483
Asthma,22,17,90,MELD_lambda0_afproj,-0.00640268463633132,-1.20746831974953e-15
Asthma,22,17,90,MELD_lambda0_reportN,-0.00713123386343325,-1.31104861291297e-15
Asthma,22,17,90,MELD_lambda0_equal,-0.00108200286665919,-4.485537696661e-16
Asthma,22,17,90,MELD_lambda1_afproj,-0.00612912806711992,-1.4624420562266e-15
Asthma,22,17,90,EUR,-0.0198852595681098,-1.96326111101514e-15
Asthma,22,17,90,EAS,-0.016159390389283,-1.60365670376439e-15
Asthma,22,17,90,AFR,-0.00363976889546151,-1.00754230021361e-15
Asthma,22,17,90,CSA,-0.0132277720563669,-1.57231435694183e-15
Asthma,22,17,90,AMR,-0.014354157125073,-1.67307355096483e-15
Asthma,22,17,90,MID,-0.0113907288311958,-7.30560948471876e-16
Asthma,22,19,218,MELD_lambda0_afproj,-0.0132350735927361,-1.36695511827889e-15
Asthma,22,19,218,MELD_lambda0_reportN,-0.0138136952348712,-1.44984987185074e-15
Asthma,22,19,218,MELD_lambda0_equal,-0.00184964510419336,-6.67396114928949e-16
Asthma,22,19,218,MELD_lambda1_afproj,-0.0126468912955571,-1.21353388641715e-15
Asthma,22,19,218,EUR,-0.0356509625817722,-1.87212901104658e-15
Asthma,22,19,218,EAS,-0.0303055120343627,-1.92892527044636e-15
Asthma,22,19,218,AFR,-0.0106263190452337,-9.70372289487926e-16
Asthma,22,19,218,CSA,-0.02033888543264,-1.35520685892796e-15
Asthma,22,19,218,AMR,-0.0302001030261098,-2.01799821165855e-15
Asthma,22,19,218,MID,-0.0238755114596302,-1.52131441402339e-15
Asthma,22,20,110,MELD_lambda0_afproj,-0.0158882371980625,-1.87760093955987e-15
Asthma,22,20,110,MELD_lambda0_reportN,-0.0165823962040796,-1.73562843163656e-15
Asthma,22,20,110,MELD_lambda0_equal,-0.00320915261776608,-6.24036665192788e-16
Asthma,22,20,110,MELD_lambda1_afproj,-0.0154392103894036,-2.15180191417893e-15
Asthma,22,20,110,EUR,-0.0344285186574097,-5.43757357750802e-15
Asthma,22,20,110,EAS,-0.0286796556206286,-2.70459891194772e-15
Asthma,22,20,110,AFR,-0.0150798162376439,-9.05276159032392e-16
Asthma,22,20,110,CSA,-0.021689071321572,-3.04385589063357e-15
Asthma,22,20,110,AMR,-0.0312918999534647,-3.33790835199971e-15
Asthma,22,20,110,MID,-0.0228897924345844,-2.23628079688428e-15
Asthma,22,21,51,MELD_lambda0_afproj,-8.38481613212369e-05,-4.83447120542259e-16
Asthma,22,21,51,MELD_lambda0_reportN,-0.000508786982040707,1.18096721637984e-15
Asthma,22,21,51,MELD_lambda0_equal,0.00891910799118072,0.00891910799118064
Asthma,22,21,51,MELD_lambda1_afproj,-7.80257097024703e-05,-5.13538454555612e-16
Asthma,22,21,51,EUR,-0.00475384611830493,-1.00473865682858e-16
Asthma,22,21,51,EAS,-0.00251086908344768,-6.25908726344714e-17
Asthma,22,21,51,AFR,0.0157480239868167,0.0157480239868165
Asthma,22,21,51,CSA,0.000720081016275658,0.000720081016275193
Asthma,22,21,51,AMR,-0.00258672109040026,1.40609537154377e-15
Asthma,22,21,51,MID,0.00787401199340827,0.00787401199340809
Asthma,22,22,166,MELD_lambda0_afproj,-0.00929174465382381,-1.22568884746203e-15
Asthma,22,22,166,MELD_lambda0_reportN,-0.0100777820662626,-1.33535914529424e-15
Asthma,22,22,166,MELD_lambda0_equal,-0.00100778634064803,-4.84545547512651e-16
Asthma,22,22,166,MELD_lambda1_afproj,-0.00880245313896211,-1.83370997712009e-15
Asthma,22,22,166,EUR,-0.027970031338657,-2.30560839093629e-15
Asthma,22,22,166,EAS,-0.014917707157479,-9.58272746281525e-16
Asthma,22,22,166,AFR,-0.00542745001452888,3.8293426158929e-16
Asthma,22,22,166,CSA,-0.0151968178278226,-2.34122483824765e-15
Asthma,22,22,166,AMR,-0.0180616898368696,-1.34959985485365e-15
Asthma,22,22,166,MID,-0.00932283695760772,-7.6188633187056e-16
Asthma,22,23,212,MELD_lambda0_afproj,-0.00360343157449305,-2.03879699507213e-15
Asthma,22,23,212,MELD_lambda0_reportN,-0.00432856879779423,-6.62817011701436e-16
Asthma,22,23,212,MELD_lambda0_equal,-0.000702359356522689,-1.98563213478657e-15
Asthma,22,23,212,MELD_lambda1_afproj,-0.00330032658118156,-2.66625788548713e-15
Asthma,22,23,212,EUR,-0.0205773031322102,-2.52562713056522e-15
Asthma,22,23,212,EAS,-0.0165346131638952,-1.0688937141108e-15
Asthma,22,23,212,AFR,-0.0023163853302668,4.1800254647383e-16
Asthma,22,23,212,CSA,-0.00707287251751077,-1.80711222135728e-15
Asthma,22,23,212,AMR,-0.0178355322241711,-4.53926187042041e-15
Asthma,22,23,212,MID,-0.0112774209116969,-1.42301539356479e-15
Asthma,22,25,134,MELD_lambda0_afproj,-0.0106390222722144,-5.89410885524612e-16
Asthma,22,25,134,MELD_lambda0_reportN,-0.0112896901990829,-1.06813703013955e-15
Asthma,22,25,134,MELD_lambda0_equal,-0.000403504942368882,-3.12621367494797e-16
Asthma,22,25,134,MELD_lambda1_afproj,-0.0100702948729243,-8.6113741675629e-16
Asthma,22,25,134,EUR,-0.0205654325169986,-1.70348243010754e-15
Asthma,22,25,134,EAS,-0.0189771513474341,-8.50274956948694e-16
Asthma,22,25,134,AFR,-0.00221634414458142,-3.22478066231251e-16
Asthma,22,25,134,CSA,-0.0128339709715142,-1.42401263931552e-15
Asthma,22,25,134,AMR,-0.0166519585030159,-9.96513658141654e-16
Asthma,22,25,134,MID,-0.0114753132888148,-4.90815066964854e-16
Asthma,22,26,205,MELD_lambda0_afproj,-0.0139473363688,-1.69962412922017e-15
Asthma,22,26,205,MELD_lambda0_reportN,-0.0147729359062806,-1.64376899919738e-15
Asthma,22,26,205,MELD_lambda0_equal,-0.00167430020880596,-8.80647397989301e-16
Asthma,22,26,205,MELD_lambda1_afproj,-0.0135647809147104,-1.54105275929708e-15
Asthma,22,26,205,EUR,-0.0305421356283493,-2.4418085437591e-15
Asthma,22,26,205,EAS,-0.0255887277470697,-1.57908437941173e-15
Asthma,22,26,205,AFR,-0.0136911340896128,-1.35144982203173e-15
Asthma,22,26,205,CSA,-0.0240132545823589,-2.12757789673118e-15
Asthma,22,26,205,AMR,-0.0244477452025675,-1.94830683878041e-15
Asthma,22,26,205,MID,-0.0186851213503085,-1.3768712979817e-15
Asthma,22,27,384,MELD_lambda0_afproj,-0.0188430600905353,-1.39730894000945e-15
Asthma,22,27,384,MELD_lambda0_reportN,-0.0199532345240662,-2.39567346301403e-15
Asthma,22,27,384,MELD_lambda0_equal,-0.00218896523770121,-2.53694910193962e-15
Asthma,22,27,384,MELD_lambda1_afproj,-0.0176930931821303,-1.56364463695247e-15
Asthma,22,27,384,EUR,-0.0464849034555799,-2.1147188971038e-15
Asthma,22,27,384,EAS,-0.0290928272758584,-1.51069380702073e-15
Asthma,22,27,384,AFR,-0.0121341524124596,-8.88913690766292e-16
Asthma,22,27,384,CSA,-0.0243978631460633,-1.44390812868529e-15
Asthma,22,27,384,AMR,-0.0342012741497093,-1.89494904988693e-15
Asthma,22,27,384,MID,-0.0237799777755586,-1.30446587794017e-15
Asthma,22,28,237,MELD_lambda0_afproj,-0.00363643416762419,-8.42514854449174e-16
Asthma,22,28,237,MELD_lambda0_reportN,-0.00410401289122148,-1.02143828097857e-15
Asthma,22,28,237,MELD_lambda0_equal,0.00251605030231236,0.00251605030231101
Asthma,22,28,237,MELD_lambda1_afproj,-0.00325415546594722,-5.82616789781008e-16
Asthma,22,28,237,EUR,-0.0192252995180685,-2.15249588470209e-15
Asthma,22,28,237,EAS,-0.0106727663624452,-6.57985901993277e-16
Asthma,22,28,237,AFR,0.00110130251864077,0.00110130251863978
Asthma,22,28,237,CSA,-0.00890819527850058,-5.35229455866474e-16
Asthma,22,28,237,AMR,-0.0151816790800616,-1.28400192167931e-15
Asthma,22,28,237,MID,-0.00823776212828257,2.47205872577388e-16
Asthma,22,29,307,MELD_lambda0_afproj,-0.0313741482206686,-2.88938781648874e-15
Asthma,22,29,307,MELD_lambda0_reportN,-0.0326437949957693,-3.09842754548148e-15
Asthma,22,29,307,MELD_lambda0_equal,-0.00532512244465401,-1.90567187120463e-15
Asthma,22,29,307,MELD_lambda1_afproj,-0.0299968298391268,-3.28494030331456e-15
Asthma,22,29,307,EUR,-0.0579508655242477,-4.73450147878601e-15
Asthma,22,29,307,EAS,-0.0450535955603246,-3.57993210764229e-15
Asthma,22,29,307,AFR,-0.0250894887194363,-2.00121720738498e-15
Asthma,22,29,307,CSA,-0.0467489433555936,-3.81103880424454e-15
Asthma,22,29,307,AMR,-0.0553258122399575,-4.38363325100991e-15
Asthma,22,29,307,MID,-0.0458078796328812,-2.76036524747968e-15
Asthma,22,31,360,MELD_lambda0_afproj,-0.0441282541520629,-3.14184423693154e-15
Asthma,22,31,360,MELD_lambda0_reportN,-0.045816554450606,-4.14147248065413e-15
Asthma,22,31,360,MELD_lambda0_equal,-0.00935925603578496,-1.82861254547511e-15
Asthma,22,31,360,MELD_lambda1_afproj,-0.0417332658185261,-3.13386451381784e-15
Asthma,22,31,360,EUR,-0.0743309030190244,-4.18023884036496e-15
Asthma,22,31,360,EAS,-0.0594676303223204,-3.81279721499777e-15
Asthma,22,31,360,AFR,-0.0411622762784503,-2.25531213186161e-15
Asthma,22,31,360,CSA,-0.0565834377127885,-3.01676879463717e-15
Asthma,22,31,360,AMR,-0.0677850711360956,-3.73562172088839e-15
Asthma,22,31,360,MID,-0.0554107566908175,-3.03167109044461e-15
Asthma,22,32,116,MELD_lambda0_afproj,-0.00860675699271286,-4.57270919187983e-16
Asthma,22,32,116,MELD_lambda0_reportN,-0.00928311801507135,-9.74276113021721e-16
Asthma,22,32,116,MELD_lambda0_equal,0.00117344882880682,0.00117344882880607
Asthma,22,32,116,MELD_lambda1_afproj,-0.00791444627285723,-1.19175525082639e-15
Asthma,22,32,116,EUR,-0.0203726122604777,-1.2536153041222e-15
Asthma,22,32,116,EAS,-0.0155010044660269,-6.46758463823741e-16
Asthma,22,32,116,AFR,-0.00663732053257201,-2.62184216912213e-16
Asthma,22,32,116,CSA,-0.00627592390206261,-7.63429144203588e-16
Asthma,22,32,116,AMR,-0.0144866096205088,-1.04204655861485e-15
Asthma,22,32,116,MID,-0.00836224460499347,-9.83636467424506e-16
Asthma,22,34,338,MELD_lambda0_afproj,-0.0377288985956744,-2.96364896489066e-15
Asthma,22,34,338,MELD_lambda0_reportN,-0.0393271292362174,-3.27358133299503e-15
Asthma,22,34,338,MELD_lambda0_equal,-0.00730180351996634,-1.40278756543266e-15
Asthma,22,34,338,MELD_lambda1_afproj,-0.0341547287303551,-2.97960973940744e-15
Asthma,22,34,338,EUR,-0.0678708688102902,-4.55613653512743e-15
Asthma,22,34,338,EAS,-0.0487717389317367,-3.2663189677546e-15
Asthma,22,34,338,AFR,-0.0428919580917523,-2.52211323349636e-15
Asthma,22,34,338,CSA,-0.0459291415454213,-2.63143009781476e-15
Asthma,22,34,338,AMR,-0.0590100365886349,-4.06100027952571e-15
Asthma,22,34,338,MID,-0.0416209601407309,-3.24964253972947e-15
Asthma,22,37,719,MELD_lambda0_afproj,-0.0513466948639325,-2.37442293007778e-15
Asthma,22,37,719,MELD_lambda0_reportN,-0.0537465286119297,-2.72750026583499e-15
Asthma,22,37,719,MELD_lambda0_equal,-0.0102802626771648,-1.4842653857287e-15
Asthma,22,37,719,MELD_lambda1_afproj,-0.047235644114364,-2.45768569173265e-15
Asthma,22,37,719,EUR,-0.0943286847488807,-3.50207864497441e-15
Asthma,22,37,719,EAS,-0.0595503346232032,-2.7857281175851e-15
Asthma,22,37,719,AFR,-0.0374249542440957,-5.75347922622471e-15
Asthma,22,37,719,CSA,-0.0680710815065398,-3.04288865212584e-15
Asthma,22,37,719,AMR,-0.0801186727477415,-3.70284355457147e-15
Asthma,22,37,719,MID,-0.0608946621077079,-2.46216932175325e-15
Asthma,22,38,47,MELD_lambda0_afproj,-0.000881824156079271,-2.99137626256737e-16
Asthma,22,38,47,MELD_lambda0_reportN,-0.000925570702050656,5.42534767111746e-16
Asthma,22,38,47,MELD_lambda0_equal,-0.000117954272462614,2.16840394588713e-18
Asthma,22,38,47,MELD_lambda1_afproj,-0.000831296940732829,-1.37692405356238e-16
Asthma,22,38,47,EUR,-0.00350757501647093,-1.37906538397063e-16
Asthma,22,38,47,EAS,-0.00410991859620258,4.54713977544081e-16
Asthma,22,38,47,AFR,-0.00187585163113204,-5.07231585725051e-16
Asthma,22,38,47,CSA,-0.000340895510334616,-4.11972327556675e-16
Asthma,22,38,47,AMR,9.81809483200412e-17,-3.00279012512122e-16
Asthma,22,38,47,MID,-0.000419274246168763,-2.35614919772993e-16
Asthma,22,39,168,MELD_lambda0_afproj,-0.0244151197928104,-1.94547878672336e-15
Asthma,22,39,168,MELD_lambda0_reportN,-0.0258302197268563,-2.06755517068825e-15
Asthma,22,39,168,MELD_lambda0_equal,-0.00191953897666926,-1.41060349054981e-15
Asthma,22,39,168,MELD_lambda1_afproj,-0.0217887606479655,-1.94564845990815e-15
Asthma,22,39,168,EUR,-0.0399706766785672,-2.65448703474048e-15
Asthma,22,39,168,EAS,-0.0355480696489695,-2.34356015314326e-15
Asthma,22,39,168,AFR,-0.0147757687181666,-1.6557881031881e-15
Asthma,22,39,168,CSA,-0.033892483773431,-2.17602793853351e-15
Asthma,22,39,168,AMR,-0.0346011527704332,-3.00876630820602e-15
Asthma,22,39,168,MID,-0.0174333784620361,-1.53405499976746e-15
Asthma,22,40,37,MELD_lambda0_afproj,-0.00121033532066823,-5.77432696032043e-16
Asthma,22,40,37,MELD_lambda0_reportN,-0.00136697403959685,-2.65148644881976e-16
Asthma,22,40,37,MELD_lambda0_equal,0.00112647164025834,0.00112647164025754
Asthma,22,40,37,MELD_lambda1_afproj,-0.00100377618495332,-2.87200866995168e-16
Asthma,22,40,37,EUR,-0.0168700249661221,-1.81670396445815e-15
Asthma,22,40,37,EAS,-0.00105634833243139,-1.14182218429252e-16
Asthma,22,40,37,AFR,3.27031633371669e-16,4.14137819941146e-16
Asthma,22,40,37,CSA,-0.00932589976227227,-5.91549562022015e-16
Asthma,22,40,37,AMR,-0.00342913760732986,-1.39006686482267e-15
Asthma,22,40,37,MID,-1.01984485792123e-16,3.13116276281652e-16
Asthma,22,41,261,MELD_lambda0_afproj,-0.0307595174399952,-2.11390666885491e-15
Asthma,22,41,261,MELD_lambda0_reportN,-0.0322670116361599,-2.15631109823631e-15
Asthma,22,41,261,MELD_lambda0_equal,-0.00568357929161437,-1.00652044669907e-15
Asthma,22,41,261,MELD_lambda1_afproj,-0.0286906781844541,-2.49045012674507e-15
Asthma,22,41,261,EUR,-0.0580038396462301,-3.94668015348335e-15
Asthma,22,41,261,EAS,-0.0381225868481334,-2.23936010551904e-15
Asthma,22,41,261,AFR,-0.0219989755814221,-1.1338176562827e-15
Asthma,22,41,261,CSA,-0.0392401718453971,-2.26556528669502e-15
Asthma,22,41,261,AMR,-0.0474869097962004,-2.59496728892758e-15
Asthma,22,41,261,MID,-0.0288918701213929,-1.99742299044923e-15
Asthma,22,42,255,MELD_lambda0_afproj,-0.0201294139722781,-2.29917671187174e-15
Asthma,22,42,255,MELD_lambda0_reportN,-0.0213977897385548,-2.61011105485116e-15
Asthma,22,42,255,MELD_lambda0_equal,-0.00432809270370908,-7.73035713511695e-16
Asthma,22,42,255,MELD_lambda1_afproj,-0.0186855487527687,-2.58204120009208e-15
Asthma,22,42,255,EUR,-0.0419602881645813,-3.01759005613394e-15
Asthma,22,42,255,EAS,-0.0358368125131453,-3.16375424083019e-15
Asthma,22,42,255,AFR,-0.0253991517230054,-1.73947041384566e-15
Asthma,22,42,255,CSA,-0.0331733007234495,-3.20662769895795e-15
Asthma,22,42,255,AMR,-0.0385226799949137,-2.54088261952166e-15
Asthma,22,42,255,MID,-0.0319674679986231,-2.524677269419e-15
Asthma,22,43,47,MELD_lambda0_afproj,-0.00143656773157098,-7.14601990897663e-17
Asthma,22,43,47,MELD_lambda0_reportN,-0.00188359825864658,-6.59050481646271e-16
Asthma,22,43,47,MELD_lambda0_equal,-0.000109792400908821,-1.72604986998265e-16
Asthma,22,43,47,MELD_lambda1_afproj,-0.00122543030687466,6.29011142894561e-17
Asthma,22,43,47,EUR,-0.00965484633093583,-3.08182635783454e-16
Asthma,22,43,47,EAS,-0.00628526913846586,-5.36398043628836e-16
Asthma,22,43,47,AFR,-0.000717798139693162,-1.09989998614818e-16
Asthma,22,43,47,CSA,-0.00365001570688809,-8.71321884403624e-17
Asthma,22,43,47,AMR,-0.00171292385779541,-2.01801776823531e-16
Asthma,22,43,47,MID,-0.000610559470914775,-3.76215894568542e-16
Asthma,22,44,175,MELD_lambda0_afproj,-0.00798237546515571,-1.65360436097462e-15
Asthma,22,44,175,MELD_lambda0_reportN,-0.00865902112026036,-9.28093786501435e-16
Asthma,22,44,175,MELD_lambda0_equal,-0.00132349825425692,-4.77248094821685e-16
Asthma,22,44,175,MELD_lambda1_afproj,-0.00709677826750191,-1.09277398413312e-15
Asthma,22,44,175,EUR,-0.0204508918318616,-2.58719419592236e-15
Asthma,22,44,175,EAS,-0.0198931703984848,-1.34031664602205e-15
Asthma,22,44,175,AFR,-0.00530730509182232,-1.08583501802613e-15
Asthma,22,44,175,CSA,-0.0146098236816007,-1.35136959559717e-15
Asthma,22,44,175,AMR,-0.0215428222345289,-9.52491669662578e-16
Asthma,22,44,175,MID,-0.0118807229379877,-4.50568277923043e-16
Asthma,22,45,161,MELD_lambda0_afproj,-0.00275410939226986,-1.13838337827396e-15
Asthma,22,45,161,MELD_lambda0_reportN,-0.00350794447031148,-3.08659571944851e-16
Asthma,22,45,161,MELD_lambda0_equal,0.00175889069376039,0.00175889069376066
Asthma,22,45,161,MELD_lambda1_afproj,-0.0026202941315164,-4.57530197062121e-16
Asthma,22,45,161,EUR,-0.0164748715016335,-2.35324871532797e-15
Asthma,22,45,161,EAS,-0.0137906449287216,-9.23555352977582e-16
Asthma,22,45,161,AFR,-0.00539447960147605,-1.41379454227624e-15
Asthma,22,45,161,CSA,-0.0074226225392957,-7.74002086257733e-16
Asthma,22,45,161,AMR,-0.017920139874307,-1.64998991271202e-15
Asthma,22,45,161,MID,-0.00981458535714938,-1.28721743441761e-15
Asthma,22,46,175,MELD_lambda0_afproj,-0.00347152350872684,-7.41483244509771e-16
Asthma,22,46,175,MELD_lambda0_reportN,-0.00375651380580496,-9.80381231339681e-16
Asthma,22,46,175,MELD_lambda0_equal,-2.53371356474998e-05,8.83218360197127e-17
Asthma,22,46,175,MELD_lambda1_afproj,-0.00315569229564601,-6.67331543281579e-16
Asthma,22,46,175,EUR,-0.0218406271558022,-1.2867578243581e-15
Asthma,22,46,175,EAS,-0.0178793665545105,-1.17939553186705e-15
Asthma,22,46,175,AFR,2.40660957977972e-16,2.21521112093849e-16
Asthma,22,46,175,CSA,-0.0158578241905508,-9.53379917008508e-16
Asthma,22,46,175,AMR,-0.0220290045134769,-1.07463005432558e-15
Asthma,22,46,175,MID,-0.00952950275385219,-6.00611101488649e-16
Asthma,22,47,166,MELD_lambda0_afproj,-0.0136097617824517,-1.68176227720233e-15
Asthma,22,47,166,MELD_lambda0_reportN,-0.014570513668763,-1.67078139493064e-15
Asthma,22,47,166,MELD_lambda0_equal,-0.000831584394578773,-2.74738011338758e-17
Asthma,22,47,166,MELD_lambda1_afproj,-0.0131273401700295,-1.78800993577823e-15
Asthma,22,47,166,EUR,-0.0273538109256806,-3.90619840797067e-15
Asthma,22,47,166,EAS,-0.0177732404457685,-1.55836779263257e-15
Asthma,22,47,166,AFR,-0.00865987112667699,-8.13559788945859e-16
Asthma,22,47,166,CSA,-0.0234456891187739,-1.85177510791701e-15
Asthma,22,47,166,AMR,-0.0283900488020054,-2.34584166001681e-15
Asthma,22,47,166,MID,-0.0171169849713177,-1.76267623845152e-15
Asthma,22,48,130,MELD_lambda0_afproj,-0.0183853021288408,-2.9462996677295e-15
Asthma,22,48,130,MELD_lambda0_reportN,-0.0191700543588552,-2.19967848498743e-15
Asthma,22,48,130,MELD_lambda0_equal,-0.00426065327431612,-1.71144063199365e-15
Asthma,22,48,130,MELD_lambda1_afproj,-0.0177530663951003,-2.09092166490583e-15
Asthma,22,48,130,EUR,-0.0401870564349723,-2.46995671453288e-15
Asthma,22,48,130,EAS,-0.0331899306599602,-2.61995751544584e-15
Asthma,22,48,130,AFR,-0.0162586482855126,-2.12303868549891e-15
Asthma,22,48,130,CSA,-0.0278723466618368,-2.55319511433004e-15
Asthma,22,48,130,AMR,-0.0288747190504781,-1.99414636092084e-15
Asthma,22,48,130,MID,-0.0348388119115305,-3.159029918881e-15
Asthma,22,49,167,MELD_lambda0_afproj,-0.0115019319712335,-1.52076811612477e-15
Asthma,22,49,167,MELD_lambda0_reportN,-0.0122965375729688,-1.24815481251972e-15
Asthma,22,49,167,MELD_lambda0_equal,-0.000683561973852105,-6.29378858130336e-16
Asthma,22,49,167,MELD_lambda1_afproj,-0.00951620698783379,-1.06447407669398e-15
Asthma,22,49,167,EUR,-0.0304912049227705,-1.76384571779392e-15
Asthma,22,49,167,EAS,-0.0179309958007871,-1.04182855851497e-15
Asthma,22,49,167,AFR,-0.00651141920330739,-1.27012698191104e-15
Asthma,22,49,167,CSA,-0.0141275310480364,-1.31576380657456e-15
Asthma,22,49,167,AMR,-0.0170220762126719,-1.04327817221844e-15
Asthma,22,49,167,MID,-0.0112806560706987,-7.94018480228707e-16
Asthma,22,50,103,MELD_lambda0_afproj,-0.00208945891413624,-1.29655782152427e-16
Asthma,22,50,103,MELD_lambda0_reportN,-0.00245018572597563,-3.99232354468088e-16
Asthma,22,50,103,MELD_lambda0_equal,0.0015806836655564,0.00158068366555662
Asthma,22,50,103,MELD_lambda1_afproj,-0.00197367402662974,-4.77026066791114e-16
Asthma,22,50,103,EUR,-0.0123359750533772,-1.48877941825944e-15
Asthma,22,50,103,EAS,-0.00865599911124095,-2.03272914633346e-16
Asthma,22,50,103,AFR,0.00254770090573439,0.00254770090573529
Asthma,22,50,103,CSA,-0.00791397919469569,-8.03215659353592e-16
Asthma,22,50,103,AMR,-0.00778299622313183,-7.4392702250995e-16
Asthma,22,50,103,MID,-0.00685863097138274,-2.8100331326006e-16
Asthma,22,52,38,MELD_lambda0_afproj,-0.0046859274266185,-9.78312430831314e-16
Asthma,22,52,38,MELD_lambda0_reportN,-0.00559474201023112,-9.43944316172355e-16
Asthma,22,52,38,MELD_lambda0_equal,0.00127093990971482,0.00127093990971396
Asthma,22,52,38,MELD_lambda1_afproj,-0.00442789832333587,-3.84605175895849e-16
Asthma,22,52,38,EUR,-0.0118393597765321,-1.35891891087556e-15
Asthma,22,52,38,EAS,-0.00635334766074283,-5.30720377301203e-16
Asthma,22,52,38,AFR,-0.00501736605563583,-1.03988459033213e-15
Asthma,22,52,38,CSA,-0.00635442294445834,-3.72256681575339e-16
Asthma,22,52,38,AMR,-0.00938603542397999,-1.60887405092606e-15
Asthma,22,52,38,MID,-0.00458684088272966,-4.44584158275476e-16
Asthma,22,53,358,MELD_lambda0_afproj,-0.0541745738396853,-4.74026078658942e-15
Asthma,22,53,358,MELD_lambda0_reportN,-0.0568699576348323,-4.20369039080946e-15
Asthma,22,53,358,MELD_lambda0_equal,-0.0123001240657332,-2.39520521459975e-15
Asthma,22,53,358,MELD_lambda1_afproj,-0.0510725175079324,-4.63551617937755e-15
Asthma,22,53,358,EUR,-0.0924826793713875,-6.5452965510045e-15
Asthma,22,53,358,EAS,-0.0625274524122084,-8.90121104531989e-15
Asthma,22,53,358,AFR,-0.0440875309877995,-2.36871309171223e-15
Asthma,22,53,358,CSA,-0.0705942123059897,-5.51768302687747e-15
Asthma,22,53,358,AMR,-0.0714814095409849,-8.93273383016487e-15
Asthma,22,53,358,MID,-0.0583259243487707,-3.6571190142418e-15
Asthma,22,54,47,MELD_lambda0_afproj,0.00274069738764114,0.00274069738763976
Asthma,22,54,47,MELD_lambda0_reportN,0.00208720275984511,0.00208720275984245
Asthma,22,54,47,MELD_lambda0_equal,0.023202758361286,0.0232027583612866
Asthma,22,54,47,MELD_lambda1_afproj,0.00271888295321028,0.00271888295321213
Asthma,22,54,47,EUR,-0.00301379725483666,-3.38797415087659e-16
Asthma,22,54,47,EAS,0.00649298124367048,0.00649298124367187
Asthma,22,54,47,AFR,0.0620973902996373,0.0620973902996373
Asthma,22,54,47,CSA,0.00438165654636913,0.00438165654636956
Asthma,22,54,47,AMR,0.00663032582644197,0.00663032582644189
Asthma,22,54,47,MID,0.0318959155214021,0.0318959155214027
Asthma,22,55,223,MELD_lambda0_afproj,-0.0194388085311598,-2.30015623607261e-15
Asthma,22,55,223,MELD_lambda0_reportN,-0.0206243982356714,-2.24694385908122e-15
Asthma,22,55,223,MELD_lambda0_equal,-0.000638726370711828,3.37281743331359e-16
Asthma,22,55,223,MELD_lambda1_afproj,-0.0162422564653888,-2.42690239171281e-15
Asthma,22,55,223,EUR,-0.048955281941094,-3.49881627609565e-15
Asthma,22,55,223,EAS,-0.025436227735058,-2.01722027905424e-15
Asthma,22,55,223,AFR,-0.00937781508780832,-1.15136420554187e-15
Asthma,22,55,223,CSA,-0.021437518442282,-1.98417848925778e-15
Asthma,22,55,223,AMR,-0.0324471481304273,-3.07071066592553e-15
Asthma,22,55,223,MID,-0.0170544071395907,-1.77198785001141e-15
Asthma,22,56,36,MELD_lambda0_afproj,0.00280857827789719,0.00280857827789727
Asthma,22,56,36,MELD_lambda0_reportN,0.00262846193436369,0.00262846193436314
Asthma,22,56,36,MELD_lambda0_equal,0.00913463675216349,0.009134636752163
Asthma,22,56,36,MELD_lambda1_afproj,0.00258116724265976,0.00258116724265971
Asthma,22,56,36,EUR,-0.00173296129521597,-1.76200336318321e-16
Asthma,22,56,36,EAS,0.0146134533167717,0.0146134533167717
Asthma,22,56,36,AFR,0.00766417834741298,0.00766417834741209
Asthma,22,56,36,CSA,0.020698145198363,0.0206981451983627
Asthma,22,56,36,AMR,-0.000749570074951146,6.56361272448259e-17
Asthma,22,56,36,MID,0.00701379161111384,0.00701379161111323
Asthma,22,57,240,MELD_lambda0_afproj,-0.0316575678744019,-2.75818554835272e-15
Asthma,22,57,240,MELD_lambda0_reportN,-0.0330720616062742,-3.40688411740601e-15
Asthma,22,57,240,MELD_lambda0_equal,-0.00641999900549168,-1.48786531237996e-15
Asthma,22,57,240,MELD_lambda1_afproj,-0.0292178801176344,-2.93941551032378e-15
Asthma,22,57,240,EUR,-0.0505288714542198,-4.34279408539986e-15
Asthma,22,57,240,EAS,-0.0498411830913718,-4.28323188152019e-15
Asthma,22,57,240,AFR,-0.0335607241006193,-2.26956081925112e-15
Asthma,22,57,240,CSA,-0.046870432230814,-3.81699046915897e-15
Asthma,22,57,240,AMR,-0.0515276911931931,-3.29375219768316e-15
Asthma,22,57,240,MID,-0.0292635159485419,-2.46079776387227e-15
Asthma,22,58,360,MELD_lambda0_afproj,-0.0102052329398863,-1.42943479127903e-15
Asthma,22,58,360,MELD_lambda0_reportN,-0.0110891563037031,-1.3724627995235e-15
Asthma,22,58,360,MELD_lambda0_equal,-0.00138138240846199,-4.84159391677069e-16
Asthma,22,58,360,MELD_lambda1_afproj,-0.00979870033479361,-1.65031017748939e-15
Asthma,22,58,360,EUR,-0.035922627716722,-2.35988444151638e-15
Asthma,22,58,360,EAS,-0.0267911894024019,-1.89044799636569e-15
Asthma,22,58,360,AFR,-0.00581156857205466,-6.61703267080978e-16
Asthma,22,58,360,CSA,-0.0212405463801344,-1.49283138108796e-15
Asthma,22,58,360,AMR,-0.033557701413694,-2.29483946372061e-15
Asthma,22,58,360,MID,-0.0259893007385601,-8.53004639724215e-16
Asthma,22,60,198,MELD_lambda0_afproj,-0.00233396433829543,-9.1137534288306e-16
Asthma,22,60,198,MELD_lambda0_reportN,-0.00240198815219532,-1.68175709658195e-15
Asthma,22,60,198,MELD_lambda0_equal,0.00141713278670427,0.00141713278670481
Asthma,22,60,198,MELD_lambda1_afproj,-0.00208313640630497,-1.31024087918682e-16
Asthma,22,60,198,EUR,-0.0161958207595653,-1.06762615083396e-15
Asthma,22,60,198,EAS,-0.00892559622671672,-4.96993769066396e-16
Asthma,22,60,198,AFR,0.00442037028138098,0.00442037028138058
Asthma,22,60,198,CSA,-0.0102296987567226,-5.57010225056931e-16
Asthma,22,60,198,AMR,-0.0122360491872323,-7.83769336036508e-16
Asthma,22,60,198,MID,-0.0066763495243919,-1.11110120154772e-15
Asthma,22,61,297,MELD_lambda0_afproj,-0.0177320779002913,-1.99284705558075e-15
Asthma,22,61,297,MELD_lambda0_reportN,-0.0186914593496018,-1.78410722617175e-15
Asthma,22,61,297,MELD_lambda0_equal,-0.00324687305662797,-1.02188285285731e-15
Asthma,22,61,297,MELD_lambda1_afproj,-0.0164830884256152,-2.07502620580241e-15
Asthma,22,61,297,EUR,-0.0387039549782946,-2.70430363277216e-15
Asthma,22,61,297,EAS,-0.0286748129610957,-1.82978957887054e-15
Asthma,22,61,297,AFR,-0.0132346973374131,-1.06562266625856e-15
Asthma,22,61,297,CSA,-0.0262061223132537,-2.56982963478033e-15
Asthma,22,61,297,AMR,-0.0329966788896843,-2.33308961005433e-15
Asthma,22,61,297,MID,-0.0254914919925335,-1.67409169550631e-15
Asthma,22,63,67,MELD_lambda0_afproj,0.00256768928606296,0.00256768928606293
Asthma,22,63,67,MELD_lambda0_reportN,0.0026139141849822,0.00261391418498286
Asthma,22,63,67,MELD_lambda0_equal,0.0147784388399556,0.0147784388399542
Asthma,22,63,67,MELD_lambda1_afproj,0.00245379919343929,0.00245379919343923
Asthma,22,63,67,EUR,-0.000813364934221453,-3.91447227476168e-17
Asthma,22,63,67,EAS,0.012880732883851,0.0128807328838511
Asthma,22,63,67,AFR,0.0370519193611319,0.0370519193611309
Asthma,22,63,67,CSA,0.00748331291043529,0.00748331291043546
Asthma,22,63,67,AMR,0.0117073007046892,0.0117073007046884
Asthma,22,63,67,MID,0.00695741496529925,0.00695741496529958
Asthma,22,64,184,MELD_lambda0_afproj,-0.00586679055694941,-4.46140494704563e-16
Asthma,22,64,184,MELD_lambda0_reportN,-0.00656517233427544,-8.36097978144659e-16
Asthma,22,64,184,MELD_lambda0_equal,1.32869905881637e-11,1.32865630590544e-11
Asthma,22,64,184,MELD_lambda1_afproj,-0.00556103184049177,-9.73508297899986e-16
Asthma,22,64,184,EUR,-0.0221809613986458,-1.49223305767431e-15
Asthma,22,64,184,EAS,-0.0118060198923985,-1.17662014442234e-15
Asthma,22,64,184,AFR,-0.00234505378721797,-3.5702505478173e-16
Asthma,22,64,184,CSA,-0.0173523481500378,-1.31468511486155e-15
Asthma,22,64,184,AMR,-0.0237693902870622,-1.36008005817382e-15
Asthma,22,64,184,MID,-0.0040085032145438,-5.46361621338227e-16
Asthma,22,65,50,MELD_lambda0_afproj,-0.00301284370573327,6.31500396607167e-17
Asthma,22,65,50,MELD_lambda0_reportN,-0.00335332448290086,3.46404055556782e-16
Asthma,22,65,50,MELD_lambda0_equal,0.00865708864067494,0.00865708864067555
Asthma,22,65,50,MELD_lambda1_afproj,-0.00268513835579823,-1.99613646838007e-16
Asthma,22,65,50,EUR,-0.00784497859768447,-7.34221568725392e-16
Asthma,22,65,50,EAS,-0.00226569228975231,-1.57430878048703e-16
Asthma,22,65,50,AFR,0.0175483063779741,0.0175483063779738
Asthma,22,65,50,CSA,-0.00101169412493121,3.33666502489446e-18
Asthma,22,65,50,AMR,-0.000965035580904458,7.74389898980479e-17
Asthma,22,65,50,MID,0.010985699297916,0.0109856992979153
Asthma,22,66,226,MELD_lambda0_afproj,-0.0104293893722346,-8.77978520378313e-16
Asthma,22,66,226,MELD_lambda0_reportN,-0.0110224100065264,-1.47524142919394e-15
Asthma,22,66,226,MELD_lambda0_equal,0.00300145864326543,0.00300145864326443
Asthma,22,66,226,MELD_lambda1_afproj,-0.0098973126102139,-9.59501462933193e-16
Asthma,22,66,226,EUR,-0.0272634790982576,-3.0731259655363e-15
Asthma,22,66,226,EAS,-0.0175149391434561,-1.8513979559435e-15
Asthma,22,66,226,AFR,0.00537201039118565,0.00537201039118562
Asthma,22,66,226,CSA,-0.0158546622170832,-1.13136517875665e-15
Asthma,22,66,226,AMR,-0.0243455356970413,-1.92221399522091e-15
Asthma,22,66,226,MID,-0.013342148413087,-8.84550835116918e-16
Asthma,22,67,216,MELD_lambda0_afproj,-0.00445412731482973,-8.62076821696292e-17
Asthma,22,67,216,MELD_lambda0_reportN,-0.00495572294759088,-7.26473946865183e-16
Asthma,22,67,216,MELD_lambda0_equal,-0.00113227428772636,1.66100408099485e-16
Asthma,22,67,216,MELD_lambda1_afproj,-0.00400233688357613,-8.46474466420594e-16
Asthma,22,67,216,EUR,-0.0253550528417373,-1.69259538951491e-15
Asthma,22,67,216,EAS,-0.0116844154235463,-1.14455126191063e-15
Asthma,22,67,216,AFR,-0.00439182618118007,-1.1043199548826e-15
Asthma,22,67,216,CSA,-0.0101480326163119,-9.51094092420832e-16
Asthma,22,67,216,AMR,-0.018450098292633,-1.16859983438523e-15
Asthma,22,67,216,MID,-0.0114215103004621,-7.79017339525947e-16
Asthma,22,68,137,MELD_lambda0_afproj,-9.62809452454581e-05,3.32590815552785e-16
Asthma,22,68,137,MELD_lambda0_reportN,-0.000132598916354069,-8.65897021904745e-19
Asthma,22,68,137,MELD_lambda0_equal,0.00796339285612915,0.00796339285612795
Asthma,22,68,137,MELD_lambda1_afproj,-7.46102233345709e-05,3.84179892979746e-16
Asthma,22,68,137,EUR,-0.0171699571242395,-1.30326802024026e-15
Asthma,22,68,137,EAS,-0.00461123601223158,-2.61891382255305e-16
Asthma,22,68,137,AFR,0.0136491610198263,0.013649161019826
Asthma,22,68,137,CSA,-0.00280738733657335,-7.63964633321848e-16
Asthma,22,68,137,AMR,-0.00200039776885623,2.29882940046336e-16
Asthma,22,68,137,MID,0.00280670784549274,0.00280670784549263
Asthma,22,70,198,MELD_lambda0_afproj,-0.00452506638894527,-5.35283752460694e-16
Asthma,22,70,198,MELD_lambda0_reportN,-0.00545431318352988,-8.30885648030062e-16
Asthma,22,70,198,MELD_lambda0_equal,-0.000778074829159521,-9.02056231024504e-17
Asthma,22,70,198,MELD_lambda1_afproj,-0.00397472194406853,-4.69881569251676e-16
Asthma,22,70,198,EUR,-0.020836467055385,-1.45954121404094e-15
Asthma,22,70,198,EAS,-0.0101250944304854,-8.0986665580316e-16
Asthma,22,70,198,AFR,-0.00206092171577759,-1.43169852438488e-15
Asthma,22,70,198,CSA,-0.00892832857563063,-7.60345558025487e-16
Asthma,22,70,198,AMR,-0.0127241262318174,-8.65143062033731e-16
Asthma,22,70,198,MID,-0.00687068004715915,-6.85379460085911e-16
Asthma,22,71,175,MELD_lambda0_afproj,-0.00163858050282324,-5.28549333847559e-17
Asthma,22,71,175,MELD_lambda0_reportN,-0.002175641110131,-4.71847315321387e-16
Asthma,22,71,175,MELD_lambda0_equal,0.00348172936639607,0.00348172936639626
Asthma,22,71,175,MELD_lambda1_afproj,-0.00146166294372942,-3.0314323082981e-16
Asthma,22,71,175,EUR,-0.0180233531568408,-8.72132321048205e-16
Asthma,22,71,175,EAS,-0.00641151361968223,-6.24823361967203e-16
Asthma,22,71,175,AFR,-9.06489509509001e-05,-2.25185788600032e-16
Asthma,22,71,175,CSA,0.000951350845246823,0.000951350845246906
Asthma,22,71,175,AMR,-0.0110659883277267,-4.85022997870965e-16
Asthma,22,71,175,MID,-0.00307223709120181,-2.5667978213826e-16
Asthma,22,72,63,MELD_lambda0_afproj,-0.000151516312266844,6.86117004903499e-17
Asthma,22,72,63,MELD_lambda0_reportN,-0.000155573701528037,4.07133636033933e-16
Asthma,22,72,63,MELD_lambda0_equal,-6.72841586172588e-05,-3.42102198551937e-17
Asthma,22,72,63,MELD_lambda1_afproj,-0.000149302587705699,3.75982019332116e-16
Asthma,22,72,63,EUR,-0.00151988518736634,1.93575598001082e-16
Asthma,22,72,63,EAS,-0.00132517054231546,-1.66695412095493e-16
Asthma,22,72,63,AFR,-0.000159070315156407,-3.20640827090153e-16
Asthma,22,72,63,CSA,-0.000170359592873269,-2.14588588051591e-16
Asthma,22,72,63,AMR,7.31312184233403e-17,-8.42698234812194e-17
Asthma,22,72,63,MID,-0.000644710254697911,-3.52403576747417e-16
Asthma,22,74,392,MELD_lambda0_afproj,-0.0287216347081006,-2.28159617993478e-15
Asthma,22,74,392,MELD_lambda0_reportN,-0.0301959808184816,-2.269485146775e-15
Asthma,22,74,392,MELD_lambda0_equal,-0.00661699953797588,-2.05461295870648e-15
Asthma,22,74,392,MELD_lambda1_afproj,-0.0273206351247957,-2.18131449557618e-15
Asthma,22,74,392,EUR,-0.0566098015837899,-3.28179853976696e-15
Asthma,22,74,392,EAS,-0.0448830059224218,-3.21615587655851e-15
Asthma,22,74,392,AFR,-0.0427183667166915,-2.31658593440458e-15
Asthma,22,74,392,CSA,-0.0529296208353809,-3.13102140812418e-15
Asthma,22,74,392,AMR,-0.055902240103924,-2.67304449806952e-15
Asthma,22,74,392,MID,-0.0509695808989294,-2.47570311753166e-15
COPD,22,1,115,MELD_lambda0_afproj,-0.000538040634865172,-1.26622404199103e-15
COPD,22,1,115,MELD_lambda0_reportN,-0.000417818325591308,-3.34192505236567e-17
COPD,22,1,115,MELD_lambda0_equal,-0.000185800696307533,-5.29487816819071e-16
COPD,22,1,115,MELD_lambda1_afproj,-0.00048526366154185,-9.7303730523256e-16
COPD,22,1,115,EUR,-0.0159410160232333,-1.33151632322407e-15
COPD,22,1,115,EAS,-0.0125430790326247,-9.36890953241069e-16
COPD,22,1,115,AFR,-0.00308825948088592,-7.10780816819698e-16
COPD,22,1,115,CSA,-0.0068624163133611,-8.88554956873228e-16
COPD,22,1,115,AMR,-0.0142908091105411,-8.16701777779998e-16
COPD,22,1,115,MID,-0.00153528672370831,-4.9101354402626e-16
COPD,22,2,46,MELD_lambda0_afproj,0.0116357207620746,0.011635720762075
COPD,22,2,46,MELD_lambda0_reportN,0.0123254851539882,0.0123254851539883
COPD,22,2,46,MELD_lambda0_equal,0.0319302051590094,0.0319302051590092
COPD,22,2,46,MELD_lambda1_afproj,0.0114507052753968,0.0114507052753968
COPD,22,2,46,EUR,0.0058168034440677,0.0058168034440676
COPD,22,2,46,EAS,0.00677887998429914,0.00677887998429899
COPD,22,2,46,AFR,0.0366507494967337,0.0366507494967327
COPD,22,2,46,CSA,0.0104373395281409,0.0104373395281407
COPD,22,2,46,AMR,0.0165214918477867,0.0165214918477867
COPD,22,2,46,MID,0.0257728862596871,0.0257728862596871
COPD,22,4,194,MELD_lambda0_afproj,-0.00905522160900254,-9.57249308865906e-16
COPD,22,4,194,MELD_lambda0_reportN,-0.00870432954364962,-1.37756206939877e-15
COPD,22,4,194,MELD_lambda0_equal,-1.31374775411823e-05,-3.7652910081474e-17
COPD,22,4,194,MELD_lambda1_afproj,-0.00804042965140468,-1.38728290252806e-15
COPD,22,4,194,EUR,-0.0202888072053524,-1.48490957993507e-15
COPD,22,4,194,EAS,-0.0168888181757191,-1.45735848823151e-15
COPD,22,4,194,AFR,-0.000976864226650398,-1.72011341055277e-16
COPD,22,4,194,CSA,-0.0178978515782962,-1.61050309422692e-15
COPD,22,4,194,AMR,-0.0140542155608568,-1.31396080610252e-15
COPD,22,4,194,MID,-0.00558076322464386,-5.04984441541504e-16
COPD,22,5,82,MELD_lambda0_afproj,-0.00486572983110237,-3.90452165926401e-16
COPD,22,5,82,MELD_lambda0_reportN,-0.00456648961451892,-8.20949709175823e-16
COPD,22,5,82,MELD_lambda0_equal,-0.000210757391185713,-3.67761376907083e-16
COPD,22,5,82,MELD_lambda1_afproj,-0.0044874271094453,-2.68606844730886e-16
COPD,22,5,82,EUR,-0.0179274991564445,-1.40925985090279e-15
COPD,22,5,82,EAS,-0.0165038201168572,-9.03165533219672e-16
COPD,22,5,82,AFR,-0.000885522206851791,-2.03213530569074e-16
COPD,22,5,82,CSA,-0.00643471649438701,-5.60159279360539e-16
COPD,22,5,82,AMR,-0.0133006559321216,-4.5146403513628e-16
COPD,22,5,82,MID,-0.000569277382695577,-4.04886516034664e-16
COPD,22,6,31,MELD_lambda0_afproj,0.0141976397439366,0.0141976397439365
COPD,22,6,31,MELD_lambda0_reportN,0.0143218800602428,0.0143218800602431
COPD,22,6,31,MELD_lambda0_equal,0.0398131669614431,0.0398131669614429
COPD,22,6,31,MELD_lambda1_afproj,0.0134805515227741,0.0134805515227737
COPD,22,6,31,EUR,0.00595410061371017,0.00595410061371066
COPD,22,6,31,EAS,0.00725536717272708,0.00725536717272693
COPD,22,6,31,AFR,0.0697469244154225,0.0697469244154222
COPD,22,6,31,CSA,0.0274714837500835,0.0274714837500836
COPD,22,6,31,AMR,0.0128625198893757,0.0128625198893752
COPD,22,6,31,MID,0.0542135298109305,0.0542135298109306
COPD,22,7,295,MELD_lambda0_afproj,-0.0349194452139217,-2.4111424951107e-15
COPD,22,7,295,MELD_lambda0_reportN,-0.0352356758761039,-2.68616947762828e-15
COPD,22,7,295,MELD_lambda0_equal,-0.00849905084168603,-1.55464179121972e-15
COPD,22,7,295,MELD_lambda1_afproj,-0.0331482822613949,-3.07857559287619e-15
COPD,22,7,295,EUR,-0.0677674009829724,-3.83672165855714e-15
COPD,22,7,295,EAS,-0.0527840794392647,-3.27645606608646e-15
COPD,22,7,295,AFR,-0.0364578915921198,-1.88743656664111e-15
COPD,22,7,295,CSA,-0.0474195211754543,-3.76332685245393e-15
COPD,22,7,295,AMR,-0.0559762290996827,-3.48158282283836e-15
COPD,22,7,295,MID,-0.0416618508746156,-2.84535084460542e-15
COPD,22,8,106,MELD_lambda0_afproj,-0.00198903158451971,-1.39645481838197e-16
COPD,22,8,106,MELD_lambda0_reportN,-0.00194112436268283,-1.28461786665708e-16
COPD,22,8,106,MELD_lambda0_equal,-0.000123654673243635,2.0122265484822e-16
COPD,22,8,106,MELD_lambda1_afproj,-0.00169947231443992,-4.24898831397069e-16
COPD,22,8,106,EUR,-0.0141247234075511,-4.13369146728318e-16
COPD,22,8,106,EAS,-0.0076298113814482,-4.69816871649996e-16
COPD,22,8,106,AFR,-0.000955182701561109,6.09245468038723e-16
COPD,22,8,106,CSA,-0.0040427718128917,-6.88828268520562e-16
COPD,22,8,106,AMR,-0.00905422569844131,-3.3259547973237e-16
COPD,22,8,106,MID,2.84373783901053e-16,5.6361703272056e-16
COPD,22,10,226,MELD_lambda0_afproj,-0.0181062900979352,-1.88272221986096e-15
COPD,22,10,226,MELD_lambda0_reportN,-0.0185260917891364,-1.50645238052583e-15
COPD,22,10,226,MELD_lambda0_equal,-0.00223444159562747,-5.33407611678415e-16
COPD,22,10,226,MELD_lambda1_afproj,-0.0165728004521128,-1.43521468217391e-15
COPD,22,10,226,EUR,-0.0427103945760376,-2.16508898240191e-15
COPD,22,10,226,EAS,-0.0331744519454311,-1.95816179589336e-15
COPD,22,10,226,AFR,-0.0125419141200903,-9.92238086774648e-16
COPD,22,10,226,CSA,-0.0322527280005762,-2.7250386826254e-15
COPD,22,10,226,AMR,-0.0317722080265144,-2.00901291673854e-15
COPD,22,10,226,MID,-0.0233134724541673,-1.00173112552244e-15
COPD,22,11,168,MELD_lambda0_afproj,-0.0293490236990541,-2.80122766145323e-15
COPD,22,11,168,MELD_lambda0_reportN,-0.0302029366358055,-2.69242961264053e-15
COPD,22,11,168,MELD_lambda0_equal,-0.00477471944813671,-1.29814422432303e-15
COPD,22,11,168,MELD_lambda1_afproj,-0.0280125425401383,-3.10490210216014e-15
COPD,22,11,168,EUR,-0.0516390022955807,-4.84643342842159e-15
COPD,22,11,168,EAS,-0.0324605513710719,-2.39370424929508e-15
COPD,22,11,168,AFR,-0.0194123374047135,-2.23495308077857e-15
COPD,22,11,168,CSA,-0.0352084203812704,-2.7760216379863e-15
COPD,22,11,168,AMR,-0.0364386652807765,-3.68541712322607e-15
COPD,22,11,168,MID,-0.0309617611834265,-3.11235661301321e-15
COPD,22,12,55,MELD_lambda0_afproj,-0.00819718213804904,-9.8858232327527e-16
COPD,22,12,55,MELD_lambda0_reportN,-0.00811181500983085,-1.15897493881838e-15
COPD,22,12,55,MELD_lambda0_equal,-0.00280146682636664,-5.66795151890849e-16
COPD,22,12,55,MELD_lambda1_afproj,-0.00646889839891139,-1.12711073308948e-15
COPD,22,12,55,EUR,-0.020174497950655,-2.36470576263738e-15
COPD,22,12,55,EAS,-0.0195590039025457,-1.69474493840381e-15
COPD,22,12,55,AFR,-0.00287608444793116,-9.61039244644535e-16
COPD,22,12,55,CSA,-0.011163607167893,-1.1369657484664e-15
COPD,22,12,55,AMR,-0.0233529071460996,-2.23202278095911e-15
COPD,22,12,55,MID,-0.00838307170499674,-8.5320301435249e-16
COPD,22,13,92,MELD_lambda0_afproj,-0.0111352349615002,-1.16366912875135e-15
COPD,22,13,92,MELD_lambda0_reportN,-0.0113279442223796,-9.49785953330631e-16
COPD,22,13,92,MELD_lambda0_equal,2.5451836462265e-05,2.5451836462029e-05
COPD,22,13,92,MELD_lambda1_afproj,-0.0107266779275574,-1.07303345173292e-15
COPD,22,13,92,EUR,-0.0225772096228376,-1.64206955253938e-15
COPD,22,13,92,EAS,-0.0166756304330258,-1.45785268057746e-15
COPD,22,13,92,AFR,-0.00277526945179227,-2.87111662067282e-16
COPD,22,13,92,CSA,-0.0153026650986811,-1.17781836670012e-15
COPD,22,13,92,AMR,-0.0197882105324152,-1.28656846956556e-15
COPD,22,13,92,MID,-0.0132747438965436,-7.92714040052851e-16
COPD,22,14,75,MELD_lambda0_afproj,-0.00324085666055743,-1.9458494310424e-16
COPD,22,14,75,MELD_lambda0_reportN,-0.00285881142386535,-5.73187921040402e-16
COPD,22,14,75,MELD_lambda0_equal,-0.00014325996425135,-3.05707874824232e-17
COPD,22,14,75,MELD_lambda1_afproj,-0.00299385948120614,-1.68939012992692e-16
COPD,22,14,75,EUR,-0.00997145759918738,-8.43628219482488e-16
COPD,22,14,75,EAS,-0.0110832266619235,-4.95285673278214e-16
COPD,22,14,75,AFR,-0.00572997402384023,-2.56135061613596e-16
COPD,22,14,75,CSA,-0.0088677908013949,-2.34899586804709e-16
COPD,22,14,75,AMR,-0.0125774040351296,-8.51591381601679e-16
COPD,22,14,75,MID,-0.00172664219182311,-4.69770361434509e-16
COPD,22,16,38,MELD_lambda0_afproj,-0.000452765774025451,-1.52062615574392e-16
COPD,22,16,38,MELD_lambda0_reportN,-0.000459810422460983,-2.36356092543303e-16
COPD,22,16,38,MELD_lambda0_equal,0.00759385461825307,0.00759385461825263
COPD,22,16,38,MELD_lambda1_afproj,-0.000381383184709583,3.15267418327906e-16
COPD,22,16,38,EUR,-0.00337753388377853,-5.79179167861676e-16
COPD,22,16,38,EAS,-0.00224666453144409,2.48877580201004e-16
COPD,22,16,38,AFR,0.014537671442587,0.0145376714425867
COPD,22,16,38,CSA,0.00440892394324789,0.00440892394324796
COPD,22,16,38,AMR,-0.000869707900361037,-3.57136425509063e-17
COPD,22,16,38,MID,0.00207039646865995,0.00207039646865977
COPD,22,17,83,MELD_lambda0_afproj,-0.00542660824485658,-9.05683030932136e-16
COPD,22,17,83,MELD_lambda0_reportN,-0.00554196432711172,-1.11257285790267e-15
COPD,22,17,83,MELD_lambda0_equal,-0.00106042166674904,-1.08739898019735e-15
COPD,22,17,83,MELD_lambda1_afproj,-0.00517379987959875,-1.08477575482323e-15
COPD,22,17,83,EUR,-0.0186933684138301,-2.9192247878195e-15
COPD,22,17,83,EAS,-0.0148049053115881,-1.50909612974931e-15
COPD,22,17,83,AFR,-0.00361648077934538,-8.78059768655752e-16
COPD,22,17,83,CSA,-0.0123709586023264,-1.58687103462455e-15
COPD,22,17,83,AMR,-0.0136052860651982,-1.18043555589485e-15
COPD,22,17,83,MID,-0.0112049501292635,-1.16934427416081e-15
COPD,22,19,222,MELD_lambda0_afproj,-0.0130073865543809,-1.70379951152159e-15
COPD,22,19,222,MELD_lambda0_reportN,-0.0129838192138243,-1.73673644985759e-15
COPD,22,19,222,MELD_lambda0_equal,-0.00185101055498757,-8.30845403581267e-16
COPD,22,19,222,MELD_lambda1_afproj,-0.0122548948437316,-1.34381235685081e-15
COPD,22,19,222,EUR,-0.0357052457668561,-2.12898216186337e-15
COPD,22,19,222,EAS,-0.0305897956579928,-1.67978578405243e-15
COPD,22,19,222,AFR,-0.0107597452793106,-9.75690066088259e-16
COPD,22,19,222,CSA,-0.0204094052836515,-1.80264508302208e-15
COPD,22,19,222,AMR,-0.0302222376796688,-2.70944556746471e-15
COPD,22,19,222,MID,-0.0247716426331254,-1.53432432855601e-15
COPD,22,20,109,MELD_lambda0_afproj,-0.015583662828876,-1.80925345999195e-15
COPD,22,20,109,MELD_lambda0_reportN,-0.0157647493955039,-2.34136418260078e-15
COPD,22,20,109,MELD_lambda0_equal,-0.00321701484216317,-7.06498849169382e-16
COPD,22,20,109,MELD_lambda1_afproj,-0.0151048951367332,-1.78809434326985e-15
COPD,22,20,109,EUR,-0.0348904928298074,-4.04419695517933e-15
COPD,22,20,109,EAS,-0.0287306313745837,-2.72245963491079e-15
COPD,22,20,109,AFR,-0.0150715451917782,-1.24154829183223e-15
COPD,22,20,109,CSA,-0.0215160626897391,-1.51017290128868e-15
COPD,22,20,109,AMR,-0.0322537736191281,-4.33413331321875e-15
COPD,22,20,109,MID,-0.023185330375157,-2.1903535632938e-15
COPD,22,21,52,MELD_lambda0_afproj,-0.000920954777381219,-4.40802639477903e-16
COPD,22,21,52,MELD_lambda0_reportN,-0.000671370576783998,-4.303342418196e-16
COPD,22,21,52,MELD_lambda0_equal,0.00889610974272384,0.00889610974272354
COPD,22,21,52,MELD_lambda1_afproj,-0.000857780310530265,7.02151321168811e-16
COPD,22,21,52,EUR,-0.00677872770225215,-5.59230825826159e-16
COPD,22,21,52,EAS,-0.00251092303823166,2.51968584884901e-16
COPD,22,21,52,AFR,0.015748023986816,0.0157480239868157
COPD,22,21,52,CSA,-0.00243586397066661,-9.89064259030516e-16
COPD,22,21,52,AMR,-0.0025871515599478,-3.87192158806357e-16
COPD,22,21,52,MID,0.00787401199340794,0.00787401199340769
COPD,22,22,174,MELD_lambda0_afproj,-0.00772005586351054,-1.18605397787731e-15
COPD,22,22,174,MELD_lambda0_reportN,-0.00815695596465086,-8.94624020879171e-16
COPD,22,22,174,MELD_lambda0_equal,-0.00102320406713841,-8.71159858715925e-16
COPD,22,22,174,MELD_lambda1_afproj,-0.00720888312723167,-8.94609027736357e-16
COPD,22,22,174,EUR,-0.0261721533668647,-2.53952879934497e-15
COPD,22,22,174,EAS,-0.015410219012826,-8.06874191613329e-16
COPD,22,22,174,AFR,-0.00542887493438501,-5.32570434544432e-16
COPD,22,22,174,CSA,-0.0150292914224342,-1.38383907444505e-15
COPD,22,22,174,AMR,-0.0175128247123489,-1.6082587674173e-15
COPD,22,22,174,MID,-0.00910410659783953,-9.98021462147718e-16
COPD,22,23,221,MELD_lambda0_afproj,-0.00430707719127848,-4.92858425165625e-16
COPD,22,23,221,MELD_lambda0_reportN,-0.00401212804196265,-3.03722107048198e-15
COPD,22,23,221,MELD_lambda0_equal,-0.000704166537622347,5.19725823246139e-16
COPD,22,23,221,MELD_lambda1_afproj,-0.00393502002278361,-2.84109740688461e-15
COPD,22,23,221,EUR,-0.0221734502542956,-4.43634545211445e-15
COPD,22,23,221,EAS,-0.0162662030508262,-2.06060717782482e-15
COPD,22,23,221,AFR,-0.00241899901288013,-7.78289891485088e-16
COPD,22,23,221,CSA,-0.00703531670828121,-1.16352341883993e-15
COPD,22,23,221,AMR,-0.0187415388180763,-3.6276871777723e-15
COPD,22,23,221,MID,-0.011614587654649,-1.73542503481277e-15
COPD,22,25,132,MELD_lambda0_afproj,-0.0105621412298997,-6.92603468631312e-16
COPD,22,25,132,MELD_lambda0_reportN,-0.0105524951310969,-9.35671758420873e-16
COPD,22,25,132,MELD_lambda0_equal,0.000905333668644049,0.000905333668644254
COPD,22,25,132,MELD_lambda1_afproj,-0.0098569148206794,-1.12540856261044e-15
COPD,22,25,132,EUR,-0.0206738635218921,-1.19409156113725e-15
COPD,22,25,132,EAS,-0.0192444974207846,-9.07913205737806e-16
COPD,22,25,132,AFR,-0.00218378794260042,-2.01434023574873e-16
COPD,22,25,132,CSA,-0.0125393716993889,-1.08294073941967e-15
COPD,22,25,132,AMR,-0.0159200916869734,-1.12510973104637e-15
COPD,22,25,132,MID,-0.0105130385318,-4.37018325172683e-16
COPD,22,26,199,MELD_lambda0_afproj,-0.0134006471083921,-1.26278451887097e-15
COPD,22,26,199,MELD_lambda0_reportN,-0.013190783110403,-1.6236127862918e-15
COPD,22,26,199,MELD_lambda0_equal,-0.00165846317157624,-9.21274530449793e-16
COPD,22,26,199,MELD_lambda1_afproj,-0.0129766695405765,-1.65890539197091e-15
COPD,22,26,199,EUR,-0.0301658826785391,-2.02022346616099e-15
COPD,22,26,199,EAS,-0.0250389137522774,-1.73036211980826e-15
COPD,22,26,199,AFR,-0.0134438155489644,-1.47295060633904e-15
COPD,22,26,199,CSA,-0.0239159592869299,-2.02083397215549e-15
COPD,22,26,199,AMR,-0.0236458595008659,-2.0569587118419e-15
COPD,22,26,199,MID,-0.0185318421764909,-1.35016494264653e-15
COPD,22,27,389,MELD_lambda0_afproj,-0.0163463615302033,-1.69412636515004e-15
COPD,22,27,389,MELD_lambda0_reportN,-0.0164559927698611,-1.55049415563459e-15
COPD,22,27,389,MELD_lambda0_equal,-0.00215696302771627,-1.38055385524926e-15
COPD,22,27,389,MELD_lambda1_afproj,-0.0150070878627703,-1.37446045964002e-15
COPD,22,27,389,EUR,-0.0460061526556359,-2.0047892579392e-15
COPD,22,27,389,EAS,-0.0290893008638145,-1.24213065982429e-15
COPD,22,27,389,AFR,-0.0122846648100505,-5.05089359044482e-16
COPD,22,27,389,CSA,-0.0243107907918715,-1.39447422870916e-15
COPD,22,27,389,AMR,-0.0340065676742899,-1.72252028015856e-15
COPD,22,27,389,MID,-0.023822518826588,-1.81633245513809e-15
COPD,22,28,243,MELD_lambda0_afproj,-0.00288571438225907,-5.75672345084035e-16
COPD,22,28,243,MELD_lambda0_reportN,-0.00315678668370581,-8.61549160687963e-16
COPD,22,28,243,MELD_lambda0_equal,0.00249917561597365,0.00249917561597308
COPD,22,28,243,MELD_lambda1_afproj,-0.00241331375731705,-9.83762807148448e-16
COPD,22,28,243,EUR,-0.01874238613965,-1.44068225370421e-15
COPD,22,28,243,EAS,-0.00833782471199675,-6.15473951668194e-16
COPD,22,28,243,AFR,0.0010659936658768,0.00106599366587475
COPD,22,28,243,CSA,-0.0100099623937433,-1.07214327443464e-15
COPD,22,28,243,AMR,-0.0153791817996385,-1.60392463078002e-15
COPD,22,28,243,MID,-0.008283809160549,-2.31299733112963e-17
COPD,22,29,300,MELD_lambda0_afproj,-0.0279853381524035,-2.85573855073341e-15
COPD,22,29,300,MELD_lambda0_reportN,-0.0289329351419036,-2.89674832324265e-15
COPD,22,29,300,MELD_lambda0_equal,-0.00514230927363242,-1.54085348601045e-15
COPD,22,29,300,MELD_lambda1_afproj,-0.0266174733786076,-2.57796708014249e-15
COPD,22,29,300,EUR,-0.0576236755488142,-3.60163159357358e-15
COPD,22,29,300,EAS,-0.044595547978689,-2.65831765276282e-15
COPD,22,29,300,AFR,-0.0260090878815857,-2.01528490058897e-15
COPD,22,29,300,CSA,-0.0445224641885628,-2.92551172457153e-15
COPD,22,29,300,AMR,-0.0482818808670348,-3.61023607832997e-15
COPD,22,29,300,MID,-0.0433773395126531,-2.4427938284859e-15
COPD,22,31,361,MELD_lambda0_afproj,-0.041550068325674,-3.23205837801743e-15
COPD,22,31,361,MELD_lambda0_reportN,-0.0420693605976649,-3.17684784835212e-15
COPD,22,31,361,MELD_lambda0_equal,-0.00911361357460283,-1.72303321589232e-15
COPD,22,31,361,MELD_lambda1_afproj,-0.0388735795901632,-3.01748399697579e-15
COPD,22,31,361,EUR,-0.0740184765600164,-4.24376908644529e-15
COPD,22,31,361,EAS,-0.060975366871522,-3.3692763191005e-15
COPD,22,31,361,AFR,-0.0414764101963104,-3.33714587533183e-15
COPD,22,31,361,CSA,-0.0563254853928683,-3.48662025287332e-15
COPD,22,31,361,AMR,-0.0676365303741707,-3.90940850499528e-15
COPD,22,31,361,MID,-0.0551871942220798,-3.17005714285227e-15
COPD,22,32,116,MELD_lambda0_afproj,-0.00827514324478769,-1.1418375467099e-15
COPD,22,32,116,MELD_lambda0_reportN,-0.00864429770994515,-2.68429696229819e-15
COPD,22,32,116,MELD_lambda0_equal,0.00115721511671607,0.00115721511671584
COPD,22,32,116,MELD_lambda1_afproj,-0.00737608045798093,-4.04079851976088e-16
COPD,22,32,116,EUR,-0.0207529111971869,-1.17495380802184e-15
COPD,22,32,116,EAS,-0.0155127401621693,-6.19187048047529e-16
COPD,22,32,116,AFR,-0.00697911963604971,-3.44687965381787e-16
COPD,22,32,116,CSA,-0.00753283578946572,-1.41068092050865e-15
COPD,22,32,116,AMR,-0.0186860832255554,-1.33497389892488e-15
COPD,22,32,116,MID,-0.00829720269839379,-3.11028515323546e-16
COPD,22,34,328,MELD_lambda0_afproj,-0.0384779975293383,-3.01599766640542e-15
COPD,22,34,328,MELD_lambda0_reportN,-0.0388337730536092,-3.09239967219558e-15
COPD,22,34,328,MELD_lambda0_equal,-0.00679905636491451,-1.55834329862787e-15
COPD,22,34,328,MELD_lambda1_afproj,-0.0342109605945438,-3.0429544594587e-15
COPD,22,34,328,EUR,-0.067808816919098,-4.89314035348656e-15
COPD,22,34,328,EAS,-0.0490622942821932,-2.88333456563326e-15
COPD,22,34,328,AFR,-0.0410490072556563,-2.1454880091625e-15
COPD,22,34,328,CSA,-0.0485816098687302,-2.80858096323149e-15
COPD,22,34,328,AMR,-0.0588581422887119,-3.64970796178103e-15
COPD,22,34,328,MID,-0.040843039953714,-2.50453847079319e-15
COPD,22,37,715,MELD_lambda0_afproj,-0.0474612677040321,-2.32122613869093e-15
COPD,22,37,715,MELD_lambda0_reportN,-0.0485205731821345,-2.41910659347545e-15
COPD,22,37,715,MELD_lambda0_equal,-0.010109312410149,-1.32187329833963e-15
COPD,22,37,715,MELD_lambda1_afproj,-0.043125184907714,-2.88890692572205e-15
COPD,22,37,715,EUR,-0.094018181426073,-2.93600869724229e-15
COPD,22,37,715,EAS,-0.0587519143550584,-2.92978934076542e-15
COPD,22,37,715,AFR,-0.035681505818521,-2.26189869690778e-15
COPD,22,37,715,CSA,-0.0666499216599487,-2.67393984085783e-15
COPD,22,37,715,AMR,-0.075556245742262,-3.76369112700248e-15
COPD,22,37,715,MID,-0.056739233041715,-2.44129419305438e-15
COPD,22,38,53,MELD_lambda0_afproj,-0.00101864612325249,1.82288049894781e-16
COPD,22,38,53,MELD_lambda0_reportN,-0.000995038011872217,2.66321450146002e-16
COPD,22,38,53,MELD_lambda0_equal,-0.000150229854043019,4.27339371546125e-16
COPD,22,38,53,MELD_lambda1_afproj,-0.000946802239655567,1.29835848861293e-17
COPD,22,38,53,EUR,-0.00509770775775936,-2.47328475205442e-16
COPD,22,38,53,EAS,-0.00429499749880532,4.30013941989708e-16
COPD,22,38,53,AFR,-0.00189737197946956,3.13606842250704e-16
COPD,22,38,53,CSA,-0.00107191860697847,3.35186334341763e-16
COPD,22,38,53,AMR,-9.71678991581217e-17,-3.38893727223306e-16
COPD,22,38,53,MID,-0.00108932959304939,-5.99438113410057e-16
COPD,22,39,166,MELD_lambda0_afproj,-0.0232073050199482,-2.06025897850696e-15
COPD,22,39,166,MELD_lambda0_reportN,-0.0233527221078564,-1.99995610813158e-15
COPD,22,39,166,MELD_lambda0_equal,-0.0017296371645584,-1.30555132513586e-15
COPD,22,39,166,MELD_lambda1_afproj,-0.020298457234229,-2.52865186004583e-15
COPD,22,39,166,EUR,-0.0387570357605473,-3.04513373646926e-15
COPD,22,39,166,EAS,-0.0346036823054808,-2.44173345754059e-15
COPD,22,39,166,AFR,-0.0149445560443537,-1.14595243188503e-15
COPD,22,39,166,CSA,-0.0342774838937869,-2.24042672052027e-15
COPD,22,39,166,AMR,-0.0329012835721419,-2.44254563379959e-15
COPD,22,39,166,MID,-0.0179557120555769,-2.15291236264271e-15
COPD,22,40,37,MELD_lambda0_afproj,-0.00109814717918882,-3.12116959020927e-16
COPD,22,40,37,MELD_lambda0_reportN,-0.000950228139861763,-1.23835156112161e-15
COPD,22,40,37,MELD_lambda0_equal,0.00112647164025834,0.00112647164025754
COPD,22,40,37,MELD_lambda1_afproj,-0.000846619593188197,1.66314588321137e-16
COPD,22,40,37,EUR,-0.0168700249661221,-1.81670396445815e-15
COPD,22,40,37,EAS,-0.00105634833243139,-1.14182218429252e-16
COPD,22,40,37,AFR,3.27031633371669e-16,4.14137819941146e-16
COPD,22,40,37,CSA,-0.00932589976227227,-5.91549562022015e-16
COPD,22,40,37,AMR,-0.00342913760732986,-1.39006686482267e-15
COPD,22,40,37,MID,-1.01984485792123e-16,3.13116276281652e-16
COPD,22,41,256,MELD_lambda0_afproj,-0.0293251912871289,-3.04951879661439e-15
COPD,22,41,256,MELD_lambda0_reportN,-0.0295686782064875,-2.64920894271873e-15
COPD,22,41,256,MELD_lambda0_equal,-0.00565451189093231,-2.1878008864956e-15
COPD,22,41,256,MELD_lambda1_afproj,-0.0268973361080957,-2.56907745702599e-15
COPD,22,41,256,EUR,-0.0572523120232166,-4.48614480343663e-15
COPD,22,41,256,EAS,-0.0375601116727141,-2.72115941953059e-15
COPD,22,41,256,AFR,-0.0216890201358107,-1.62360148196596e-15
COPD,22,41,256,CSA,-0.0392224781498542,-2.81306213179886e-15
COPD,22,41,256,AMR,-0.0475011466494202,-3.26514392284734e-15
COPD,22,41,256,MID,-0.0286608872511339,-2.11641357169863e-15
COPD,22,42,249,MELD_lambda0_afproj,-0.0197111211750891,-2.55121565941497e-15
COPD,22,42,249,MELD_lambda0_reportN,-0.0192577168827082,-1.82318668238852e-15
COPD,22,42,249,MELD_lambda0_equal,-0.00418532812409888,-1.23585991544224e-15
COPD,22,42,249,MELD_lambda1_afproj,-0.0180919323811741,-2.57444094585475e-15
COPD,22,42,249,EUR,-0.0418914135722598,-8.206971597191e-15
COPD,22,42,249,EAS,-0.0357338657959962,-2.58479652513575e-15
COPD,22,42,249,AFR,-0.0246140075364037,-1.25393876437462e-15
COPD,22,42,249,CSA,-0.0327994409081861,-3.54152853551398e-15
COPD,22,42,249,AMR,-0.0385192861409778,-3.21194545072917e-15
COPD,22,42,249,MID,-0.0305590107912601,-2.61654383757614e-15
COPD,22,43,52,MELD_lambda0_afproj,-0.0024099547033279,-3.17077228695602e-16
COPD,22,43,52,MELD_lambda0_reportN,-0.00216503198687399,-3.17724380910085e-16
COPD,22,43,52,MELD_lambda0_equal,-0.000243352666817763,8.5173435728535e-16
COPD,22,43,52,MELD_lambda1_afproj,-0.00208538729526835,-3.08538002147633e-16
COPD,22,43,52,EUR,-0.00997408103262116,-4.09881129422933e-16
COPD,22,43,52,EAS,-0.00795272763735133,-3.31203487190403e-16
COPD,22,43,52,AFR,-0.00179275881383041,-2.01390553539182e-17
COPD,22,43,52,CSA,-0.00726177266574582,-6.69876648206337e-16
COPD,22,43,52,AMR,-0.00886683610735656,1.17749388680766e-16
COPD,22,43,52,MID,-0.000620566214859862,8.84475273166957e-17
COPD,22,44,180,MELD_lambda0_afproj,-0.00814696360667743,-3.16872586728611e-15
COPD,22,44,180,MELD_lambda0_reportN,-0.00811873362988113,-7.83335504763301e-16
COPD,22,44,180,MELD_lambda0_equal,-0.00126274440602986,-1.17689246792619e-16
COPD,22,44,180,MELD_lambda1_afproj,-0.00629252806911371,-7.91525941271577e-16
COPD,22,44,180,EUR,-0.0202087098875492,-2.68723160460669e-15
COPD,22,44,180,EAS,-0.0203912792301008,-1.66547022134886e-15
COPD,22,44,180,AFR,-0.00487491603571463,-5.96692196927228e-16
COPD,22,44,180,CSA,-0.0126569589910326,-1.52140896836174e-15
COPD,22,44,180,AMR,-0.0192660923217678,-1.25878128504637e-15
COPD,22,44,180,MID,-0.0118592829935281,-1.13585308053527e-15
COPD,22,45,157,MELD_lambda0_afproj,-0.0018459038087604,-1.29062482331026e-15
COPD,22,45,157,MELD_lambda0_reportN,-0.00198652104847884,-1.26326575455009e-15
COPD,22,45,157,MELD_lambda0_equal,0.00174779475250017,0.00174779475250039
COPD,22,45,157,MELD_lambda1_afproj,-0.00172698954132835,-5.65503918185149e-16
COPD,22,45,157,EUR,-0.014511739449254,-1.9964477799598e-15
COPD,22,45,157,EAS,-0.0144679684643033,-1.01319065992924e-15
COPD,22,45,157,AFR,-0.00535633354331873,-1.36488346015255e-15
COPD,22,45,157,CSA,-0.00706963215133437,-1.03870259528315e-15
COPD,22,45,157,AMR,-0.0177201724030996,-1.04180539593291e-15
COPD,22,45,157,MID,-0.00966919939535848,-1.43385198830032e-15
COPD,22,46,175,MELD_lambda0_afproj,-0.00476553555087716,-2.61105270803281e-16
COPD,22,46,175,MELD_lambda0_reportN,-0.004551396484177,-7.26009837783191e-16
COPD,22,46,175,MELD_lambda0_equal,-5.66060445468858e-05,-2.90770793622436e-16
COPD,22,46,175,MELD_lambda1_afproj,-0.00427705887546051,-1.00163172559986e-15
COPD,22,46,175,EUR,-0.0208975763900911,-1.79943338056508e-15
COPD,22,46,175,EAS,-0.0184636136684978,-1.18943785530316e-15
COPD,22,46,175,AFR,-0.00265857169562802,-9.49556422392835e-17
COPD,22,46,175,CSA,-0.0158044480460261,-9.28728623120236e-16
COPD,22,46,175,AMR,-0.0235932931595302,-1.47468889714142e-15
COPD,22,46,175,MID,-0.0101149222402505,-8.91660550392425e-16
COPD,22,47,174,MELD_lambda0_afproj,-0.013575057574612,-1.43752978727005e-15
COPD,22,47,174,MELD_lambda0_reportN,-0.0137610413580785,-1.6921082023456e-15
COPD,22,47,174,MELD_lambda0_equal,-0.000142259548797908,-1.05091164498e-15
COPD,22,47,174,MELD_lambda1_afproj,-0.0128057833653892,-1.87981907057287e-15
COPD,22,47,174,EUR,-0.0301652532208098,-3.40262444664212e-15
COPD,22,47,174,EAS,-0.0177625860634657,-2.44244321284452e-15
COPD,22,47,174,AFR,-0.00959909208479506,-5.7407954072604e-16
COPD,22,47,174,CSA,-0.0199015093968435,-1.80972909980252e-15
COPD,22,47,174,AMR,-0.0271190021763662,-1.94139645663704e-15
COPD,22,47,174,MID,-0.0170834559306292,-1.47165125770404e-15
COPD,22,48,135,MELD_lambda0_afproj,-0.0177947220109897,-1.95541805893866e-15
COPD,22,48,135,MELD_lambda0_reportN,-0.0179837496862896,-2.90069396858187e-15
COPD,22,48,135,MELD_lambda0_equal,-0.00423692868579147,-1.95962228078013e-15
COPD,22,48,135,MELD_lambda1_afproj,-0.0171030410975492,-2.51747188824292e-15
COPD,22,48,135,EUR,-0.0403233790917811,-3.18645864128022e-15
COPD,22,48,135,EAS,-0.0352478853445419,-2.58011688369816e-15
COPD,22,48,135,AFR,-0.0153626469042219,-1.98884126745314e-15
COPD,22,48,135,CSA,-0.0271429287342681,-2.51656250000291e-15
COPD,22,48,135,AMR,-0.0298808633794375,-2.01595008877951e-15
COPD,22,48,135,MID,-0.0333759212985367,-3.53381848550012e-15
COPD,22,49,159,MELD_lambda0_afproj,-0.00988192620459799,-1.22433459265066e-15
COPD,22,49,159,MELD_lambda0_reportN,-0.00983535572490439,-9.99504273954204e-16
COPD,22,49,159,MELD_lambda0_equal,-0.000658062992738062,1.00807268797796e-16
COPD,22,49,159,MELD_lambda1_afproj,-0.00814711477621867,-7.10495518768045e-16
COPD,22,49,159,EUR,-0.0283419960891246,-1.45186240494572e-15
COPD,22,49,159,EAS,-0.0168374899070923,-1.26791868882344e-15
COPD,22,49,159,AFR,-0.00646818802214178,-3.69492254949233e-16
COPD,22,49,159,CSA,-0.0113204766636195,-1.66838556760152e-15
COPD,22,49,159,AMR,-0.0165167136904187,-1.09205276870326e-15
COPD,22,49,159,MID,-0.0108726958700294,-6.39473666985223e-16
COPD,22,50,93,MELD_lambda0_afproj,-0.000826701675413769,-7.78575988072527e-16
COPD,22,50,93,MELD_lambda0_reportN,-0.000413289365033637,4.59728025524696e-16
COPD,22,50,93,MELD_lambda0_equal,0.00162117506563578,0.00162117506563572
COPD,22,50,93,MELD_lambda1_afproj,-0.000503949060970523,-5.41017197706292e-17
COPD,22,50,93,EUR,-0.0102814390304378,-8.94801731769404e-16
COPD,22,50,93,EAS,-0.00790482305877306,-5.90836675291644e-16
COPD,22,50,93,AFR,0.00523534602563873,0.00523534602563917
COPD,22,50,93,CSA,-0.00616782593923716,-1.42061708130518e-16
COPD,22,50,93,AMR,-0.00779995364590154,8.52147034270173e-17
COPD,22,50,93,MID,-0.00582768135853036,2.31585584024697e-16
COPD,22,52,37,MELD_lambda0_afproj,-0.00430925360120347,-6.87016170652149e-16
COPD,22,52,37,MELD_lambda0_reportN,-0.00475325591802353,-7.73813376423673e-16
COPD,22,52,37,MELD_lambda0_equal,0.0012772542084898,0.00127725420848989
COPD,22,52,37,MELD_lambda1_afproj,-0.00400322382141085,-7.10247642378306e-16
COPD,22,52,37,EUR,-0.0118250587977372,-3.71947521089436e-15
COPD,22,52,37,EAS,-0.00635219780629413,-3.42282038891548e-16
COPD,22,52,37,AFR,-0.00501712914443681,-1.11094154855775e-15
COPD,22,52,37,CSA,-0.0063427547364969,-5.36493232239784e-16
COPD,22,52,37,AMR,-0.009295170195645,-1.54050219069124e-15
COPD,22,52,37,MID,-0.00456908171078356,-4.93451861420094e-16
COPD,22,53,345,MELD_lambda0_afproj,-0.0470942602472431,-6.68612747667833e-15
COPD,22,53,345,MELD_lambda0_reportN,-0.0478864512876641,-5.25868884352424e-15
COPD,22,53,345,MELD_lambda0_equal,-0.0105660355496835,-2.16708955073512e-15
COPD,22,53,345,MELD_lambda1_afproj,-0.044169555022689,-6.37663503376886e-15
COPD,22,53,345,EUR,-0.0848287023275784,-1.01461582830754e-14
COPD,22,53,345,EAS,-0.0603421531956077,-6.43827874160722e-15
COPD,22,53,345,AFR,-0.0404785997004978,-2.71184838023753e-15
COPD,22,53,345,CSA,-0.0683432745905787,-4.810378939941e-15
COPD,22,53,345,AMR,-0.0662686173058045,-5.87202228044566e-15
COPD,22,53,345,MID,-0.0545964643262014,-3.72157350301504e-15
COPD,22,54,50,MELD_lambda0_afproj,0.00238209163565641,0.00238209163565658
COPD,22,54,50,MELD_lambda0_reportN,0.00266814604414017,0.00266814604414083
COPD,22,54,50,MELD_lambda0_equal,0.0230038387225265,0.0230038387225269
COPD,22,54,50,MELD_lambda1_afproj,0.00235849458496037,0.00235849458495992
COPD,22,54,50,EUR,-0.00306405638259711,-4.37919053696846e-16
COPD,22,54,50,EAS,0.00609462563391106,0.00609462563391061
COPD,22,54,50,AFR,0.0615820865365287,0.0615820865365285
COPD,22,54,50,CSA,0.00427078846151324,0.00427078846151252
COPD,22,54,50,AMR,0.00626146293633759,0.00626146293633811
COPD,22,54,50,MID,0.0316349872496469,0.0316349872496471
COPD,22,55,214,MELD_lambda0_afproj,-0.0174391076635212,-2.37759726324761e-15
COPD,22,55,214,MELD_lambda0_reportN,-0.0175365290730201,-2.17405269488419e-15
COPD,22,55,214,MELD_lambda0_equal,-0.000547454392036937,-4.00910849669231e-18
COPD,22,55,214,MELD_lambda1_afproj,-0.0143709365126403,-1.62870028352036e-15
COPD,22,55,214,EUR,-0.0447433873813994,-3.47980079025981e-15
COPD,22,55,214,EAS,-0.0255316978019415,-2.72463816140644e-15
COPD,22,55,214,AFR,-0.00832508959848984,-4.56896263025521e-16
COPD,22,55,214,CSA,-0.0209195536020113,-2.07690606842122e-15
COPD,22,55,214,AMR,-0.0316981469358305,-2.5948391982452e-15
COPD,22,55,214,MID,-0.0169963807219613,-2.20539291554523e-15
COPD,22,56,31,MELD_lambda0_afproj,0.00363288857681658,0.00363288857681631
COPD,22,56,31,MELD_lambda0_reportN,0.0031392604381086,0.00313926043810807
COPD,22,56,31,MELD_lambda0_equal,0.00914936278093155,0.00914936278093221
COPD,22,56,31,MELD_lambda1_afproj,0.00328882480740397,0.00328882480740317
COPD,22,56,31,EUR,-0.00142055195358497,-1.11807713762859e-16
COPD,22,56,31,EAS,0.0148955390790622,0.014895539079062
COPD,22,56,31,AFR,0.00774949310146824,0.00774949310146806
COPD,22,56,31,CSA,0.0210814630102414,0.0210814630102418
COPD,22,56,31,AMR,-0.000573582093520577,-1.35629859120561e-16
COPD,22,56,31,MID,0.00717905997019364,0.00717905997019384
COPD,22,57,239,MELD_lambda0_afproj,-0.0309875986619405,-2.86818413951057e-15
COPD,22,57,239,MELD_lambda0_reportN,-0.0309341819342206,-2.82109141729711e-15
COPD,22,57,239,MELD_lambda0_equal,-0.00636980695213822,-1.16395771167303e-15
COPD,22,57,239,MELD_lambda1_afproj,-0.0281624113016566,-2.93681951018149e-15
COPD,22,57,239,EUR,-0.0499258973778187,-3.77133612442275e-15
COPD,22,57,239,EAS,-0.0493048598100773,-3.67257780566071e-15
COPD,22,57,239,AFR,-0.0335230458495058,-1.68364949240506e-15
COPD,22,57,239,CSA,-0.0466405066594539,-3.99255419220206e-15
COPD,22,57,239,AMR,-0.0505832047759446,-2.96714301071639e-15
COPD,22,57,239,MID,-0.0285791348677603,-2.85854627790967e-15
COPD,22,58,362,MELD_lambda0_afproj,-0.00982485017284282,-8.44928761648812e-16
COPD,22,58,362,MELD_lambda0_reportN,-0.00979235148568805,-1.2824434768453e-15
COPD,22,58,362,MELD_lambda0_equal,-0.00139104239355428,-6.15494365460465e-16
COPD,22,58,362,MELD_lambda1_afproj,-0.00931557061911857,-1.68737364260721e-15
COPD,22,58,362,EUR,-0.0354702242208667,-2.03634787819848e-15
COPD,22,58,362,EAS,-0.0267210112382796,-1.43525267387545e-15
COPD,22,58,362,AFR,-0.00585514203883517,-1.01563227187923e-15
COPD,22,58,362,CSA,-0.0207023271945935,-1.53141035106296e-15
COPD,22,58,362,AMR,-0.0338890548731796,-2.34941930159249e-15
COPD,22,58,362,MID,-0.025969696000114,-2.20946552193287e-15
COPD,22,60,195,MELD_lambda0_afproj,-0.00148065346376824,-8.75099830547935e-16
COPD,22,60,195,MELD_lambda0_reportN,-0.00127618433584891,-5.574518786226e-16
COPD,22,60,195,MELD_lambda0_equal,0.00184357181134103,0.00184357181134092
COPD,22,60,195,MELD_lambda1_afproj,-0.00129087946630153,-1.14587757090755e-15
COPD,22,60,195,EUR,-0.0165074476068546,-1.31628699069142e-15
COPD,22,60,195,EAS,-0.00846107439940674,-1.12060461361096e-15
COPD,22,60,195,AFR,0.00629781968476126,0.00629781968476151
COPD,22,60,195,CSA,-0.00959758904552483,-1.03604518737746e-15
COPD,22,60,195,AMR,-0.0120748789456239,-5.95848682365615e-16
COPD,22,60,195,MID,-0.0066998146173673,-8.02541827095755e-16
COPD,22,61,298,MELD_lambda0_afproj,-0.0164219450104741,-2.12605658448482e-15
COPD,22,61,298,MELD_lambda0_reportN,-0.0166271061230618,-2.80916324249774e-15
COPD,22,61,298,MELD_lambda0_equal,-0.00327512021958066,-1.42463788355933e-15
COPD,22,61,298,MELD_lambda1_afproj,-0.0150910008184976,-2.60545040547745e-15
COPD,22,61,298,EUR,-0.0386983756545779,-2.62104706498031e-15
COPD,22,61,298,EAS,-0.0282993527582597,-2.51656500812706e-15
COPD,22,61,298,AFR,-0.0132696383379,-1.59498322891243e-15
COPD,22,61,298,CSA,-0.0262185142537824,-2.126895736807e-15
COPD,22,61,298,AMR,-0.0330787467333633,-2.67876839084563e-15
COPD,22,61,298,MID,-0.0257272960121504,-1.68239920444766e-15
COPD,22,63,58,MELD_lambda0_afproj,0.00308747114333702,0.00308747114333684
COPD,22,63,58,MELD_lambda0_reportN,0.00326729963915037,0.00326729963914997
COPD,22,63,58,MELD_lambda0_equal,0.0147842597585028,0.0147842597585041
COPD,22,63,58,MELD_lambda1_afproj,0.00292373026722561,0.00292373026722539
COPD,22,63,58,EUR,-0.000778012512633885,-3.02610943826988e-16
COPD,22,63,58,EAS,0.0129857724793543,0.0129857724793546
COPD,22,63,58,AFR,0.0373619705807907,0.0373619705807914
COPD,22,63,58,CSA,0.00749905352917259,0.00749905352917237
COPD,22,63,58,AMR,0.0118714707221713,0.0118714707221714
COPD,22,63,58,MID,0.00695360426502038,0.00695360426502071
COPD,22,64,181,MELD_lambda0_afproj,-0.00568567360767381,-3.29419982161897e-16
COPD,22,64,181,MELD_lambda0_reportN,-0.005512865801877,-8.3046003628816e-16
COPD,22,64,181,MELD_lambda0_equal,1.33882835819214e-11,1.33883198874476e-11
COPD,22,64,181,MELD_lambda1_afproj,-0.00540815089035467,-2.23030256213319e-16
COPD,22,64,181,EUR,-0.0217178225897215,-1.33348692497562e-15
COPD,22,64,181,EAS,-0.011134078681958,-1.31464615542389e-15
COPD,22,64,181,AFR,-0.00232983472596207,-3.06209994863808e-16
COPD,22,64,181,CSA,-0.0171671038319903,-9.34964160056558e-16
COPD,22,64,181,AMR,-0.0231986048034987,-1.11363969904638e-15
COPD,22,64,181,MID,-0.00310900041776128,-4.43492076132029e-16
COPD,22,65,48,MELD_lambda0_afproj,0.00185951562524186,0.00185951562524214
COPD,22,65,48,MELD_lambda0_reportN,0.00291077047892257,0.00291077047892253
COPD,22,65,48,MELD_lambda0_equal,0.0184616198525551,0.0184616198525551
COPD,22,65,48,MELD_lambda1_afproj,0.00211174984160494,0.00211174984160505
COPD,22,65,48,EUR,-0.00688695886045873,-8.9065181386658e-16
COPD,22,65,48,EAS,-0.00212214658145484,5.65282683925938e-16
COPD,22,65,48,AFR,0.0244609341345697,0.0244609341345693
COPD,22,65,48,CSA,0.0013798712568084,0.00137987125680822
COPD,22,65,48,AMR,0.00108168870840863,0.00108168870840834
COPD,22,65,48,MID,0.0111759610748978,0.011175961074897
COPD,22,66,217,MELD_lambda0_afproj,-0.0102321319956065,-1.02595268534509e-15
COPD,22,66,217,MELD_lambda0_reportN,-0.0101496594017109,-8.58719849660327e-16
COPD,22,66,217,MELD_lambda0_equal,0.00303487466265073,0.00303487466265107
COPD,22,66,217,MELD_lambda1_afproj,-0.00953018300523377,-1.2316481650674e-15
COPD,22,66,217,EUR,-0.026593448976377,-1.89896582395893e-15
COPD,22,66,217,EAS,-0.0174179237136814,-1.42059928641813e-15
COPD,22,66,217,AFR,0.00550567477024216,0.00550567477023993
COPD,22,66,217,CSA,-0.0151005288305374,-1.18829726810205e-15
COPD,22,66,217,AMR,-0.0234470293749585,-1.73894086697338e-15
COPD,22,66,217,MID,-0.0129683025088081,-7.09486350648883e-16
COPD,22,67,219,MELD_lambda0_afproj,-0.00419832846852816,-1.23256947322978e-15
COPD,22,67,219,MELD_lambda0_reportN,-0.00344825328058184,-4.76241490054494e-16
COPD,22,67,219,MELD_lambda0_equal,-0.00113436427142554,-6.26235174828649e-16
COPD,22,67,219,MELD_lambda1_afproj,-0.00369637727295721,-1.94622597381412e-16
COPD,22,67,219,EUR,-0.0259506943693394,-1.86760541818615e-15
COPD,22,67,219,EAS,-0.0117211166209014,-1.75886626772006e-15
COPD,22,67,219,AFR,-0.00376652621581897,-8.32667268468867e-17
COPD,22,67,219,CSA,-0.0102407262890429,-8.087622153813e-16
COPD,22,67,219,AMR,-0.0189931156266102,-1.10411877828435e-15
COPD,22,67,219,MID,-0.0114759177594462,-1.26377776000576e-15
COPD,22,68,153,MELD_lambda0_afproj,-0.000566824071750602,3.51618225282597e-18
COPD,22,68,153,MELD_lambda0_reportN,-0.000183359816109983,3.16616589942644e-16
COPD,22,68,153,MELD_lambda0_equal,0.00784495170913472,0.00784495170913471
COPD,22,68,153,MELD_lambda1_afproj,-0.00047138850503349,-1.04074493325695e-16
COPD,22,68,153,EUR,-0.0200259587377981,-1.47741117058358e-15
COPD,22,68,153,EAS,-0.00606000729284819,-6.71737940984591e-16
COPD,22,68,153,AFR,0.0131372302358482,0.013137230235848
COPD,22,68,153,CSA,-0.00344718017144463,-1.83935596734571e-17
COPD,22,68,153,AMR,-0.00265113037777711,-4.83129953268762e-16
COPD,22,68,153,MID,0.00268156875510333,0.00268156875510342
COPD,22,69,30,MELD_lambda0_afproj,0.00273996393915624,0.00273996393915601
COPD,22,69,30,MELD_lambda0_reportN,0.00246582201753618,0.002465822017536
COPD,22,69,30,MELD_lambda0_equal,0.0174914216585318,0.0174914216585318
COPD,22,69,30,MELD_lambda1_afproj,0.00275984706948073,0.0027598470694804
COPD,22,69,30,EUR,-0.000912417605806018,3.31799322305273e-16
COPD,22,69,30,EAS,0.00469550411758641,0.00469550411758628
COPD,22,69,30,AFR,0.0376975296570653,0.0376975296570655
COPD,22,69,30,CSA,0.0121252578978098,0.0121252578978096
COPD,22,69,30,AMR,0.00881285178459548,0.00881285178459515
COPD,22,69,30,MID,0.0136760163063152,0.0136760163063152
COPD,22,70,190,MELD_lambda0_afproj,-0.00365189663535136,-3.83426482301217e-16
COPD,22,70,190,MELD_lambda0_reportN,-0.00345163748377903,1.95641833433234e-16
COPD,22,70,190,MELD_lambda0_equal,-0.000757995812200524,-8.82058186626986e-16
COPD,22,70,190,MELD_lambda1_afproj,-0.003136596967337,-6.77216883607335e-17
COPD,22,70,190,EUR,-0.0201543293373412,-1.26151126296139e-15
COPD,22,70,190,EAS,-0.009890094951826,-7.63615664063956e-16
COPD,22,70,190,AFR,-0.0020532499282073,-9.27605075921129e-17
COPD,22,70,190,CSA,-0.00940887730906314,-5.069925859108e-16
COPD,22,70,190,AMR,-0.0120495040477808,-6.59398099756033e-16
COPD,22,70,190,MID,-0.00660424253186947,-5.88295376923529e-16
COPD,22,71,164,MELD_lambda0_afproj,-0.00128322586340202,-3.00679025728497e-16
COPD,22,71,164,MELD_lambda0_reportN,-0.00140458404895896,-2.55479247624645e-16
COPD,22,71,164,MELD_lambda0_equal,0.00878037741889069,0.00878037741888963
COPD,22,71,164,MELD_lambda1_afproj,-0.00104271832393059,-3.13332749327293e-16
COPD,22,71,164,EUR,-0.0190262408147284,-9.02061378902108e-16
COPD,22,71,164,EAS,-0.00424755834824187,-7.54728815065828e-16
COPD,22,71,164,AFR,-9.05218099113931e-05,7.3187339177026e-17
COPD,22,71,164,CSA,0.00483500366933642,0.00483500366933615
COPD,22,71,164,AMR,-0.00896218626326014,-5.72697163337863e-16
COPD,22,71,164,MID,0.00437420621899987,0.00437420621900045
COPD,22,72,63,MELD_lambda0_afproj,-0.000211955094276918,1.2768681196829e-16
COPD,22,72,63,MELD_lambda0_reportN,-0.000206985995575097,-4.83663301286091e-16
COPD,22,72,63,MELD_lambda0_equal,-6.72841586172588e-05,-3.42102198551937e-17
COPD,22,72,63,MELD_lambda1_afproj,-0.000207975626446653,1.36603038369493e-16
COPD,22,72,63,EUR,-0.00151988518736634,1.93575598001082e-16
COPD,22,72,63,EAS,-0.00132517054231546,-1.66695412095493e-16
COPD,22,72,63,AFR,-0.000159070315156407,-3.20640827090153e-16
COPD,22,72,63,CSA,-0.000170359592873269,-2.14588588051591e-16
COPD,22,72,63,AMR,7.31312184233403e-17,-8.42698234812194e-17
COPD,22,72,63,MID,-0.000644710254697911,-3.52403576747417e-16
COPD,22,74,381,MELD_lambda0_afproj,-0.0269363518987022,-2.01014665213033e-15
COPD,22,74,381,MELD_lambda0_reportN,-0.0273045002905735,-2.6203455984741e-15
COPD,22,74,381,MELD_lambda0_equal,-0.00633887689317674,-1.9671398663482e-15
COPD,22,74,381,MELD_lambda1_afproj,-0.025386209861328,-2.84663333895859e-15
COPD,22,74,381,EUR,-0.0556211561168109,-3.09893791171494e-15
COPD,22,74,381,EAS,-0.0437617172744089,-2.67772176295289e-15
COPD,22,74,381,AFR,-0.0409295436707653,-2.64470520876549e-15
COPD,22,74,381,CSA,-0.0516961303315168,-2.50767357556043e-15
COPD,22,74,381,AMR,-0.055211147532108,-2.31470141987036e-15
COPD,22,74,381,MID,-0.0507478867933736,-3.71666367553287e-15
Gout,22,1,115,MELD_lambda0_afproj,-0.000481058166647629,-2.17138492887938e-16
Gout,22,1,115,MELD_lambda0_reportN,-0.000374144382909979,2.34184316838526e-16
Gout,22,1,115,MELD_lambda0_equal,-0.000185800696307533,-5.29487816819071e-16
Gout,22,1,115,MELD_lambda1_afproj,-0.000432887308181385,-7.82326050291115e-16
Gout,22,1,115,EUR,-0.0159410160232333,-1.33151632322407e-15
Gout,22,1,115,EAS,-0.0125430790326247,-9.36890953241069e-16
Gout,22,1,115,AFR,-0.00308825948088592,-7.10780816819698e-16
Gout,22,1,115,CSA,-0.0068624163133611,-8.88554956873228e-16
Gout,22,1,115,AMR,-0.0142908091105411,-8.16701777779998e-16
Gout,22,1,115,MID,-0.00153528672370831,-4.9101354402626e-16
Gout,22,2,46,MELD_lambda0_afproj,0.0120009697641347,0.0120009697641346
Gout,22,2,46,MELD_lambda0_reportN,0.0126846881932921,0.0126846881932918
Gout,22,2,46,MELD_lambda0_equal,0.0319302051590094,0.0319302051590092
Gout,22,2,46,MELD_lambda1_afproj,0.0118103111141697,0.0118103111141701
Gout,22,2,46,EUR,0.0058168034440677,0.0058168034440676
Gout,22,2,46,EAS,0.00677887998429914,0.00677887998429899
Gout,22,2,46,AFR,0.0366507494967337,0.0366507494967327
Gout,22,2,46,CSA,0.0104373395281409,0.0104373395281407
Gout,22,2,46,AMR,0.0165214918477867,0.0165214918477867
Gout,22,2,46,MID,0.0257728862596871,0.0257728862596871
Gout,22,4,194,MELD_lambda0_afproj,-0.00869694306346484,-1.32094267487887e-15
Gout,22,4,194,MELD_lambda0_reportN,-0.0083563196012871,-6.65808545383275e-16
Gout,22,4,194,MELD_lambda0_equal,-1.31374775411823e-05,-3.7652910081474e-17
Gout,22,4,194,MELD_lambda1_afproj,-0.00772200877359829,-1.1114727326589e-15
Gout,22,4,194,EUR,-0.0202888072053524,-1.48490957993507e-15
Gout,22,4,194,EAS,-0.0168888181757191,-1.45735848823151e-15
Gout,22,4,194,AFR,-0.000976864226650398,-1.72011341055277e-16
Gout,22,4,194,CSA,-0.0178978515782962,-1.61050309422692e-15
Gout,22,4,194,AMR,-0.0140542155608568,-1.31396080610252e-15
Gout,22,4,194,MID,-0.00558076322464386,-5.04984441541504e-16
Gout,22,5,82,MELD_lambda0_afproj,-0.00453325099588607,-6.59828110599318e-16
Gout,22,5,82,MELD_lambda0_reportN,-0.00422518035118492,-6.78449096034999e-16
Gout,22,5,82,MELD_lambda0_equal,-0.000210757391185713,-3.67761376907083e-16
Gout,22,5,82,MELD_lambda1_afproj,-0.0041765864380604,-3.33509395886411e-16
Gout,22,5,82,EUR,-0.0179274991564445,-1.40925985090279e-15
Gout,22,5,82,EAS,-0.0165038201168572,-9.03165533219672e-16
Gout,22,5,82,AFR,-0.000885522206851791,-2.03213530569074e-16
Gout,22,5,82,CSA,-0.00643471649438701,-5.60159279360539e-16
Gout,22,5,82,AMR,-0.0133006559321216,-4.5146403513628e-16
Gout,22,5,82,MID,-0.000569277382695577,-4.04886516034664e-16
Gout,22,6,31,MELD_lambda0_afproj,0.0145312265841036,0.0145312265841033
Gout,22,6,31,MELD_lambda0_reportN,0.0146212638527357,0.0146212638527352
Gout,22,6,31,MELD_lambda0_equal,0.0398131669614431,0.0398131669614429
Gout,22,6,31,MELD_lambda1_afproj,0.0137860831939896,0.0137860831939896
Gout,22,6,31,EUR,0.00595410061371017,0.00595410061371066
Gout,22,6,31,EAS,0.00725536717272708,0.00725536717272693
Gout,22,6,31,AFR,0.0697469244154225,0.0697469244154222
Gout,22,6,31,CSA,0.0274714837500835,0.0274714837500836
Gout,22,6,31,AMR,0.0128625198893757,0.0128625198893752
Gout,22,6,31,MID,0.0542135298109305,0.0542135298109306
Gout,22,7,295,MELD_lambda0_afproj,-0.0341368357870251,-2.85881939890294e-15
Gout,22,7,295,MELD_lambda0_reportN,-0.0346165326093484,-3.1223365689623e-15
Gout,22,7,295,MELD_lambda0_equal,-0.00849905084168603,-1.55464179121972e-15
Gout,22,7,295,MELD_lambda1_afproj,-0.0323508210924042,-2.83994055465808e-15
Gout,22,7,295,EUR,-0.0677674009829724,-3.83672165855714e-15
Gout,22,7,295,EAS,-0.0527840794392647,-3.27645606608646e-15
Gout,22,7,295,AFR,-0.0364578915921198,-1.88743656664111e-15
Gout,22,7,295,CSA,-0.0474195211754543,-3.76332685245393e-15
Gout,22,7,295,AMR,-0.0559762290996827,-3.48158282283836e-15
Gout,22,7,295,MID,-0.0416618508746156,-2.84535084460542e-15
Gout,22,8,106,MELD_lambda0_afproj,-0.00189127446633267,-2.58904090657752e-16
Gout,22,8,106,MELD_lambda0_reportN,-0.00185651120882677,-5.40772938731211e-16
Gout,22,8,106,MELD_lambda0_equal,-0.000123654673243635,2.0122265484822e-16
Gout,22,8,106,MELD_lambda1_afproj,-0.00160972833660113,3.56943072104751e-16
Gout,22,8,106,EUR,-0.0141247234075511,-4.13369146728318e-16
Gout,22,8,106,EAS,-0.0076298113814482,-4.69816871649996e-16
Gout,22,8,106,AFR,-0.000955182701561109,6.09245468038723e-16
Gout,22,8,106,CSA,-0.0040427718128917,-6.88828268520562e-16
Gout,22,8,106,AMR,-0.00905422569844131,-3.3259547973237e-16
Gout,22,8,106,MID,2.84373783901053e-16,5.6361703272056e-16
Gout,22,10,226,MELD_lambda0_afproj,-0.0184646269809741,-2.02991050165337e-15
Gout,22,10,226,MELD_lambda0_reportN,-0.0189291743557153,-1.7924184799769e-15
Gout,22,10,226,MELD_lambda0_equal,-0.00216233427105562,1.57490972744558e-16
Gout,22,10,226,MELD_lambda1_afproj,-0.0173761752831895,-1.37135386456943e-15
Gout,22,10,226,EUR,-0.0417986987219044,-2.72868478679704e-15
Gout,22,10,226,EAS,-0.0326788982004125,-2.00474983774583e-15
Gout,22,10,226,AFR,-0.0124595001535056,-7.90672388160624e-16
Gout,22,10,226,CSA,-0.0322676710807282,-2.43410971018732e-15
Gout,22,10,226,AMR,-0.0315706159565169,-2.08546650013556e-15
Gout,22,10,226,MID,-0.0231034612161592,-1.43696891335166e-15
Gout,22,11,168,MELD_lambda0_afproj,-0.0287444930762532,-2.69754657752188e-15
Gout,22,11,168,MELD_lambda0_reportN,-0.0298572666805135,-2.97586643929878e-15
Gout,22,11,168,MELD_lambda0_equal,-0.00477471944813671,-1.29814422432303e-15
Gout,22,11,168,MELD_lambda1_afproj,-0.0274172359980772,-3.14759052538611e-15
Gout,22,11,168,EUR,-0.0516390022955807,-4.84643342842159e-15
Gout,22,11,168,EAS,-0.0324605513710719,-2.39370424929508e-15
Gout,22,11,168,AFR,-0.0194123374047135,-2.23495308077857e-15
Gout,22,11,168,CSA,-0.0352084203812704,-2.7760216379863e-15
Gout,22,11,168,AMR,-0.0364386652807765,-3.68541712322607e-15
Gout,22,11,168,MID,-0.0309617611834265,-3.11235661301321e-15
Gout,22,12,55,MELD_lambda0_afproj,-0.00805794955171463,-1.26872037387417e-15
Gout,22,12,55,MELD_lambda0_reportN,-0.00796204851641981,-1.06531565009217e-15
Gout,22,12,55,MELD_lambda0_equal,-0.00280146682636664,-5.66795151890849e-16
Gout,22,12,55,MELD_lambda1_afproj,-0.00636301023651411,-1.34845267499691e-15
Gout,22,12,55,EUR,-0.020174497950655,-2.36470576263738e-15
Gout,22,12,55,EAS,-0.0195590039025457,-1.69474493840381e-15
Gout,22,12,55,AFR,-0.00287608444793116,-9.61039244644535e-16
Gout,22,12,55,CSA,-0.011163607167893,-1.1369657484664e-15
Gout,22,12,55,AMR,-0.0233529071460996,-2.23202278095911e-15
Gout,22,12,55,MID,-0.00838307170499674,-8.5320301435249e-16
Gout,22,13,92,MELD_lambda0_afproj,-0.0108299766257723,-1.12837927313022e-15
Gout,22,13,92,MELD_lambda0_reportN,-0.0111084721778747,-1.23783024410834e-15
Gout,22,13,92,MELD_lambda0_equal,2.5451836462265e-05,2.5451836462029e-05
Gout,22,13,92,MELD_lambda1_afproj,-0.0104303246365471,-8.01097882358959e-16
Gout,22,13,92,EUR,-0.0225772096228376,-1.64206955253938e-15
Gout,22,13,92,EAS,-0.0166756304330258,-1.45785268057746e-15
Gout,22,13,92,AFR,-0.00277526945179227,-2.87111662067282e-16
Gout,22,13,92,CSA,-0.0153026650986811,-1.17781836670012e-15
Gout,22,13,92,AMR,-0.0197882105324152,-1.28656846956556e-15
Gout,22,13,92,MID,-0.0132747438965436,-7.92714040052851e-16
Gout,22,14,76,MELD_lambda0_afproj,-0.00308804373427043,-5.72045004844365e-16
Gout,22,14,76,MELD_lambda0_reportN,-0.00266992330547069,-3.78099825867311e-16
Gout,22,14,76,MELD_lambda0_equal,-0.000143268384220143,3.00222563964493e-16
Gout,22,14,76,MELD_lambda1_afproj,-0.00284284073239796,-2.59544442093925e-16
Gout,22,14,76,EUR,-0.00997702086688331,-1.07417880103521e-15
Gout,22,14,76,EAS,-0.0110963197267746,-7.9504904071254e-16
Gout,22,14,76,AFR,-0.00573031059982353,-3.21333158731822e-16
Gout,22,14,76,CSA,-0.00886802322702444,-1.54509794080569e-16
Gout,22,14,76,AMR,-0.0126323492438617,-3.47804567017189e-16
Gout,22,14,76,MID,-0.00177886670863519,-9.7266569848848e-16
Gout,22,16,38,MELD_lambda0_afproj,-0.000301906912104124,-1.21059073793577e-16
Gout,22,16,38,MELD_lambda0_reportN,-0.00036067388298015,1.38583133079922e-16
Gout,22,16,38,MELD_lambda0_equal,0.00759385461825307,0.00759385461825263
Gout,22,16,38,MELD_lambda1_afproj,-0.000253727294666324,5.18581576058485e-16
Gout,22,16,38,EUR,-0.00337753388377853,-5.79179167861676e-16
Gout,22,16,38,EAS,-0.00224666453144409,2.48877580201004e-16
Gout,22,16,38,AFR,0.014537671442587,0.0145376714425867
Gout,22,16,38,CSA,0.00440892394324789,0.00440892394324796
Gout,22,16,38,AMR,-0.000869707900361037,-3.57136425509063e-17
Gout,22,16,38,MID,0.00207039646865995,0.00207039646865977
Gout,22,17,83,MELD_lambda0_afproj,-0.00520471104505007,-1.40214683886305e-15
Gout,22,17,83,MELD_lambda0_reportN,-0.00538623543616142,-1.11351593400468e-15
Gout,22,17,83,MELD_lambda0_equal,-0.00106042166674904,-1.08739898019735e-15
Gout,22,17,83,MELD_lambda1_afproj,-0.00496250901017886,-8.57762642999686e-16
Gout,22,17,83,EUR,-0.0186933684138301,-2.9192247878195e-15
Gout,22,17,83,EAS,-0.0148049053115881,-1.50909612974931e-15
Gout,22,17,83,AFR,-0.00361648077934538,-8.78059768655752e-16
Gout,22,17,83,CSA,-0.0123709586023264,-1.58687103462455e-15
Gout,22,17,83,AMR,-0.0136052860651982,-1.18043555589485e-15
Gout,22,17,83,MID,-0.0112049501292635,-1.16934427416081e-15
Gout,22,19,222,MELD_lambda0_afproj,-0.0125952472769939,-1.54047827590799e-15
Gout,22,19,222,MELD_lambda0_reportN,-0.0126600480975854,-1.06836385750971e-15
Gout,22,19,222,MELD_lambda0_equal,-0.00185101055498757,-8.30845403581267e-16
Gout,22,19,222,MELD_lambda1_afproj,-0.0118553156934037,-9.98035910156023e-16
Gout,22,19,222,EUR,-0.0357052457668561,-2.12898216186337e-15
Gout,22,19,222,EAS,-0.0305897956579928,-1.67978578405243e-15
Gout,22,19,222,AFR,-0.0107597452793106,-9.75690066088259e-16
Gout,22,19,222,CSA,-0.0204094052836515,-1.80264508302208e-15
Gout,22,19,222,AMR,-0.0302222376796688,-2.70944556746471e-15
Gout,22,19,222,MID,-0.0247716426331254,-1.53432432855601e-15
Gout,22,20,109,MELD_lambda0_afproj,-0.0152128586469262,-1.37871399852332e-15
Gout,22,20,109,MELD_lambda0_reportN,-0.0154930631300702,-1.63944670177025e-15
Gout,22,20,109,MELD_lambda0_equal,-0.00321701484216317,-7.06498849169382e-16
Gout,22,20,109,MELD_lambda1_afproj,-0.0147261019740291,-2.83079460680503e-15
Gout,22,20,109,EUR,-0.0348904928298074,-4.04419695517933e-15
Gout,22,20,109,EAS,-0.0287306313745837,-2.72245963491079e-15
Gout,22,20,109,AFR,-0.0150715451917782,-1.24154829183223e-15
Gout,22,20,109,CSA,-0.0215160626897391,-1.51017290128868e-15
Gout,22,20,109,AMR,-0.0322537736191281,-4.33413331321875e-15
Gout,22,20,109,MID,-0.023185330375157,-2.1903535632938e-15
Gout,22,21,52,MELD_lambda0_afproj,-0.000762840445369214,9.01361516465406e-16
Gout,22,21,52,MELD_lambda0_reportN,-0.000499271927807221,-6.13438201060509e-17
Gout,22,21,52,MELD_lambda0_equal,0.00889610974272384,0.00889610974272354
Gout,22,21,52,MELD_lambda1_afproj,-0.000705753340316171,-2.23328945785219e-16
Gout,22,21,52,EUR,-0.00677872770225215,-5.59230825826159e-16
Gout,22,21,52,EAS,-0.00251092303823166,2.51968584884901e-16
Gout,22,21,52,AFR,0.015748023986816,0.0157480239868157
Gout,22,21,52,CSA,-0.00243586397066661,-9.89064259030516e-16
Gout,22,21,52,AMR,-0.0025871515599478,-3.87192158806357e-16
Gout,22,21,52,MID,0.00787401199340794,0.00787401199340769
Gout,22,22,174,MELD_lambda0_afproj,-0.00736321773296169,-6.00094087097739e-16
Gout,22,22,174,MELD_lambda0_reportN,-0.00793407176973468,-7.65199384334335e-16
Gout,22,22,174,MELD_lambda0_equal,-0.00102320406713841,-8.71159858715925e-16
Gout,22,22,174,MELD_lambda1_afproj,-0.00686633912223134,-9.74948116914242e-16
Gout,22,22,174,EUR,-0.0261721533668647,-2.53952879934497e-15
Gout,22,22,174,EAS,-0.015410219012826,-8.06874191613329e-16
Gout,22,22,174,AFR,-0.00542887493438501,-5.32570434544432e-16
Gout,22,22,174,CSA,-0.0150292914224342,-1.38383907444505e-15
Gout,22,22,174,AMR,-0.0175128247123489,-1.6082587674173e-15
Gout,22,22,174,MID,-0.00910410659783953,-9.98021462147718e-16
Gout,22,23,221,MELD_lambda0_afproj,-0.00399143748952864,-1.92019480323421e-16
Gout,22,23,221,MELD_lambda0_reportN,-0.00371216853833704,-4.24925079394719e-15
Gout,22,23,221,MELD_lambda0_equal,-0.000704166537622347,5.19725823246139e-16
Gout,22,23,221,MELD_lambda1_afproj,-0.00363298555201644,-7.56704200408155e-16
Gout,22,23,221,EUR,-0.0221734502542956,-4.43634545211445e-15
Gout,22,23,221,EAS,-0.0162662030508262,-2.06060717782482e-15
Gout,22,23,221,AFR,-0.00241899901288013,-7.78289891485088e-16
Gout,22,23,221,CSA,-0.00703531670828121,-1.16352341883993e-15
Gout,22,23,221,AMR,-0.0187415388180763,-3.6276871777723e-15
Gout,22,23,221,MID,-0.011614587654649,-1.73542503481277e-15
Gout,22,25,132,MELD_lambda0_afproj,-0.0102242520441266,-9.32115053312182e-16
Gout,22,25,132,MELD_lambda0_reportN,-0.0102934621835437,-4.35395281234709e-16
Gout,22,25,132,MELD_lambda0_equal,0.000905333668644049,0.000905333668644254
Gout,22,25,132,MELD_lambda1_afproj,-0.00952349957900472,-8.37817872289934e-16
Gout,22,25,132,EUR,-0.0206738635218921,-1.19409156113725e-15
Gout,22,25,132,EAS,-0.0192444974207846,-9.07913205737806e-16
Gout,22,25,132,AFR,-0.00218378794260042,-2.01434023574873e-16
Gout,22,25,132,CSA,-0.0125393716993889,-1.08294073941967e-15
Gout,22,25,132,AMR,-0.0159200916869734,-1.12510973104637e-15
Gout,22,25,132,MID,-0.0105130385318,-4.37018325172683e-16
Gout,22,26,199,MELD_lambda0_afproj,-0.0130592679287683,-1.140725349261e-15
Gout,22,26,199,MELD_lambda0_reportN,-0.0128567636605055,-1.37083898881579e-15
Gout,22,26,199,MELD_lambda0_equal,-0.00165846317157624,-9.21274530449793e-16
Gout,22,26,199,MELD_lambda1_afproj,-0.012636530046968,-1.56424053842567e-15
Gout,22,26,199,EUR,-0.0301658826785391,-2.02022346616099e-15
Gout,22,26,199,EAS,-0.0250389137522774,-1.73036211980826e-15
Gout,22,26,199,AFR,-0.0134438155489644,-1.47295060633904e-15
Gout,22,26,199,CSA,-0.0239159592869299,-2.02083397215549e-15
Gout,22,26,199,AMR,-0.0236458595008659,-2.0569587118419e-15
Gout,22,26,199,MID,-0.0185318421764909,-1.35016494264653e-15
Gout,22,27,390,MELD_lambda0_afproj,-0.0156662869157176,-1.18961329134489e-15
Gout,22,27,390,MELD_lambda0_reportN,-0.0159107892321443,-1.07491355430359e-15
Gout,22,27,390,MELD_lambda0_equal,-0.00215935754382321,-1.05087360854981e-15
Gout,22,27,390,MELD_lambda1_afproj,-0.0143500553119553,-1.32807729224565e-15
Gout,22,27,390,EUR,-0.0461715429333411,-2.04957071107166e-15
Gout,22,27,390,EAS,-0.0290893187691132,-1.05342769703437e-15
Gout,22,27,390,AFR,-0.0122863858878204,-1.34509986729973e-15
Gout,22,27,390,CSA,-0.0243314243840526,-1.17061083943242e-15
Gout,22,27,390,AMR,-0.0340509731845047,-1.68989578267779e-15
Gout,22,27,390,MID,-0.0238345771334939,-2.18025704989317e-15
Gout,22,28,243,MELD_lambda0_afproj,-0.00247030202212804,-8.67823671096055e-16
Gout,22,28,243,MELD_lambda0_reportN,-0.00293465093117312,-4.07508121902071e-16
Gout,22,28,243,MELD_lambda0_equal,0.00249917561597365,0.00249917561597308
Gout,22,28,243,MELD_lambda1_afproj,-0.00205563477255101,-8.03344665328689e-16
Gout,22,28,243,EUR,-0.01874238613965,-1.44068225370421e-15
Gout,22,28,243,EAS,-0.00833782471199675,-6.15473951668194e-16
Gout,22,28,243,AFR,0.0010659936658768,0.00106599366587475
Gout,22,28,243,CSA,-0.0100099623937433,-1.07214327443464e-15
Gout,22,28,243,AMR,-0.0153791817996385,-1.60392463078002e-15
Gout,22,28,243,MID,-0.008283809160549,-2.31299733112963e-17
Gout,22,29,300,MELD_lambda0_afproj,-0.0271944668447982,-2.79170859411835e-15
Gout,22,29,300,MELD_lambda0_reportN,-0.02847639256504,-2.85524170551165e-15
Gout,22,29,300,MELD_lambda0_equal,-0.00514230927363242,-1.54085348601045e-15
Gout,22,29,300,MELD_lambda1_afproj,-0.0258547321165586,-3.24759003401919e-15
Gout,22,29,300,EUR,-0.0576236755488142,-3.60163159357358e-15
Gout,22,29,300,EAS,-0.044595547978689,-2.65831765276282e-15
Gout,22,29,300,AFR,-0.0260090878815857,-2.01528490058897e-15
Gout,22,29,300,CSA,-0.0445224641885628,-2.92551172457153e-15
Gout,22,29,300,AMR,-0.0482818808670348,-3.61023607832997e-15
Gout,22,29,300,MID,-0.0433773395126531,-2.4427938284859e-15
Gout,22,31,363,MELD_lambda0_afproj,-0.0408479316309511,-3.32920824732144e-15
Gout,22,31,363,MELD_lambda0_reportN,-0.0416326685073463,-3.28028079737126e-15
Gout,22,31,363,MELD_lambda0_equal,-0.00911530689739277,-1.70773255644513e-15
Gout,22,31,363,MELD_lambda1_afproj,-0.0381675188272801,-2.98157992786479e-15
Gout,22,31,363,EUR,-0.0740740639111702,-5.74042664664226e-15
Gout,22,31,363,EAS,-0.0611285173952617,-3.30122879429424e-15
Gout,22,31,363,AFR,-0.042358553388666,-2.41839623282444e-15
Gout,22,31,363,CSA,-0.0565864006880096,-3.5959598292041e-15
Gout,22,31,363,AMR,-0.0676915893800596,-4.09258349307458e-15
Gout,22,31,363,MID,-0.0556331520016096,-3.11516391074488e-15
Gout,22,32,116,MELD_lambda0_afproj,-0.00796901250576169,-4.83314457871871e-16
Gout,22,32,116,MELD_lambda0_reportN,-0.00846447062577442,-7.99696039339957e-16
Gout,22,32,116,MELD_lambda0_equal,0.00115721511671607,0.00115721511671584
Gout,22,32,116,MELD_lambda1_afproj,-0.00709226539794298,-2.11540578208224e-16
Gout,22,32,116,EUR,-0.0207529111971869,-1.17495380802184e-15
Gout,22,32,116,EAS,-0.0155127401621693,-6.19187048047529e-16
Gout,22,32,116,AFR,-0.00697911963604971,-3.44687965381787e-16
Gout,22,32,116,CSA,-0.00753283578946572,-1.41068092050865e-15
Gout,22,32,116,AMR,-0.0186860832255554,-1.33497389892488e-15
Gout,22,32,116,MID,-0.00829720269839379,-3.11028515323546e-16
Gout,22,34,328,MELD_lambda0_afproj,-0.0376008522726199,-2.9671687231302e-15
Gout,22,34,328,MELD_lambda0_reportN,-0.038225759829454,-2.8621859462981e-15
Gout,22,34,328,MELD_lambda0_equal,-0.00679905636491451,-1.55834329862787e-15
Gout,22,34,328,MELD_lambda1_afproj,-0.0333801824052491,-2.85780867875809e-15
Gout,22,34,328,EUR,-0.067808816919098,-4.89314035348656e-15
Gout,22,34,328,EAS,-0.0490622942821932,-2.88333456563326e-15
Gout,22,34,328,AFR,-0.0410490072556563,-2.1454880091625e-15
Gout,22,34,328,CSA,-0.0485816098687302,-2.80858096323149e-15
Gout,22,34,328,AMR,-0.0588581422887119,-3.64970796178103e-15
Gout,22,34,328,MID,-0.040843039953714,-2.50453847079319e-15
Gout,22,37,718,MELD_lambda0_afproj,-0.046389949222445,-2.58664536668773e-15
Gout,22,37,718,MELD_lambda0_reportN,-0.047800721956813,-2.92424123663908e-15
Gout,22,37,718,MELD_lambda0_equal,-0.0101712166562189,-1.9650751364367e-15
Gout,22,37,718,MELD_lambda1_afproj,-0.0422439214888501,-2.55208145754429e-15
Gout,22,37,718,EUR,-0.0941255168020467,-3.42953429531681e-15
Gout,22,37,718,EAS,-0.0589241900550072,-2.25613880318706e-15
Gout,22,37,718,AFR,-0.0366493670842309,-2.00399485518897e-15
Gout,22,37,718,CSA,-0.0667111158726796,-2.60252418413204e-15
Gout,22,37,718,AMR,-0.0760026158417801,-3.15364355450253e-15
Gout,22,37,718,MID,-0.0579020849979171,-2.14899632317947e-15
Gout,22,38,55,MELD_lambda0_afproj,-0.000990009552295376,7.64003349215097e-16
Gout,22,38,55,MELD_lambda0_reportN,-0.000971818378084528,-8.81456366257587e-17
Gout,22,38,55,MELD_lambda0_equal,-0.000155862136742481,-1.74319231652425e-16
Gout,22,38,55,MELD_lambda1_afproj,-0.00091883102344719,-2.15539391890133e-16
Gout,22,38,55,EUR,-0.00511164508630049,-4.32293562100506e-16
Gout,22,38,55,EAS,-0.00445196864662258,-6.8384744157774e-17
Gout,22,38,55,AFR,-0.00190020836112344,2.80389230349454e-16
Gout,22,38,55,CSA,-0.0011107692833918,-4.57000955361658e-16
Gout,22,38,55,AMR,-2.38013153425108e-16,-1.74730243394293e-16
Gout,22,38,55,MID,-0.00110572052779494,1.93177709647183e-16
Gout,22,39,166,MELD_lambda0_afproj,-0.0227878501355661,-2.29776947517822e-15
Gout,22,39,166,MELD_lambda0_reportN,-0.0230081296244469,-2.15987849185585e-15
Gout,22,39,166,MELD_lambda0_equal,-0.0017296371645584,-1.30555132513586e-15
Gout,22,39,166,MELD_lambda1_afproj,-0.0199224865237745,-2.11731855785613e-15
Gout,22,39,166,EUR,-0.0387570357605473,-3.04513373646926e-15
Gout,22,39,166,EAS,-0.0346036823054808,-2.44173345754059e-15
Gout,22,39,166,AFR,-0.0149445560443537,-1.14595243188503e-15
Gout,22,39,166,CSA,-0.0342774838937869,-2.24042672052027e-15
Gout,22,39,166,AMR,-0.0329012835721419,-2.44254563379959e-15
Gout,22,39,166,MID,-0.0179557120555769,-2.15291236264271e-15
Gout,22,40,37,MELD_lambda0_afproj,-0.000976831496552501,-3.1872142504395e-17
Gout,22,40,37,MELD_lambda0_reportN,-0.000860871387644828,-2.89082717706225e-16
Gout,22,40,37,MELD_lambda0_equal,0.00112647164025834,0.00112647164025754
Gout,22,40,37,MELD_lambda1_afproj,-0.00075072955588331,2.30748722108461e-16
Gout,22,40,37,EUR,-0.0168700249661221,-1.81670396445815e-15
Gout,22,40,37,EAS,-0.00105634833243139,-1.14182218429252e-16
Gout,22,40,37,AFR,3.27031633371669e-16,4.14137819941146e-16
Gout,22,40,37,CSA,-0.00932589976227227,-5.91549562022015e-16
Gout,22,40,37,AMR,-0.00342913760732986,-1.39006686482267e-15
Gout,22,40,37,MID,-1.01984485792123e-16,3.13116276281652e-16
Gout,22,41,256,MELD_lambda0_afproj,-0.0287617364832007,-2.2946455528851e-15
Gout,22,41,256,MELD_lambda0_reportN,-0.0291191532463557,-2.67184522103316e-15
Gout,22,41,256,MELD_lambda0_equal,-0.00565451189093231,-2.1878008864956e-15
Gout,22,41,256,MELD_lambda1_afproj,-0.0263357429486272,-2.78973591563077e-15
Gout,22,41,256,EUR,-0.0572523120232166,-4.48614480343663e-15
Gout,22,41,256,EAS,-0.0375601116727141,-2.72115941953059e-15
Gout,22,41,256,AFR,-0.0216890201358107,-1.62360148196596e-15
Gout,22,41,256,CSA,-0.0392224781498542,-2.81306213179886e-15
Gout,22,41,256,AMR,-0.0475011466494202,-3.26514392284734e-15
Gout,22,41,256,MID,-0.0286608872511339,-2.11641357169863e-15
Gout,22,42,249,MELD_lambda0_afproj,-0.0191353835605324,-2.06855935604674e-15
Gout,22,42,249,MELD_lambda0_reportN,-0.0187110441355209,-2.02415680809971e-15
Gout,22,42,249,MELD_lambda0_equal,-0.00418532812409888,-1.23585991544224e-15
Gout,22,42,249,MELD_lambda1_afproj,-0.0175272476293865,-2.40802486674865e-15
Gout,22,42,249,EUR,-0.0418914135722598,-8.206971597191e-15
Gout,22,42,249,EAS,-0.0357338657959962,-2.58479652513575e-15
Gout,22,42,249,AFR,-0.0246140075364037,-1.25393876437462e-15
Gout,22,42,249,CSA,-0.0327994409081861,-3.54152853551398e-15
Gout,22,42,249,AMR,-0.0385192861409778,-3.21194545072917e-15
Gout,22,42,249,MID,-0.0305590107912601,-2.61654383757614e-15
Gout,22,43,52,MELD_lambda0_afproj,-0.00220143347096283,-4.98138818021892e-16
Gout,22,43,52,MELD_lambda0_reportN,-0.00194569225764124,1.97889011515808e-17
Gout,22,43,52,MELD_lambda0_equal,-0.000243352666817763,8.5173435728535e-16
Gout,22,43,52,MELD_lambda1_afproj,-0.00189282349129749,-5.75440127858459e-16
Gout,22,43,52,EUR,-0.00997408103262116,-4.09881129422933e-16
Gout,22,43,52,EAS,-0.00795272763735133,-3.31203487190403e-16
Gout,22,43,52,AFR,-0.00179275881383041,-2.01390553539182e-17
Gout,22,43,52,CSA,-0.00726177266574582,-6.69876648206337e-16
Gout,22,43,52,AMR,-0.00886683610735656,1.17749388680766e-16
Gout,22,43,52,MID,-0.000620566214859862,8.84475273166957e-17
Gout,22,44,181,MELD_lambda0_afproj,-0.00795779239467314,-9.89694166027757e-16
Gout,22,44,181,MELD_lambda0_reportN,-0.0079709869243633,-1.06568149347313e-15
Gout,22,44,181,MELD_lambda0_equal,-0.0012706972793428,-3.49260861908934e-16
Gout,22,44,181,MELD_lambda1_afproj,-0.00609015817624637,-2.05382702561521e-15
Gout,22,44,181,EUR,-0.0202786301413089,-1.88223715125207e-15
Gout,22,44,181,EAS,-0.0205023301391033,-1.50642060332165e-15
Gout,22,44,181,AFR,-0.0049047033253046,-1.58554156890206e-15
Gout,22,44,181,CSA,-0.0126991898468606,-1.56508915052727e-15
Gout,22,44,181,AMR,-0.0193492543446057,-9.46793492686669e-16
Gout,22,44,181,MID,-0.0119344399610558,-9.77199049754296e-16
Gout,22,45,157,MELD_lambda0_afproj,-0.0016785605371645,-7.15705082085324e-16
Gout,22,45,157,MELD_lambda0_reportN,-0.00187127058863254,-9.79058895678583e-16
Gout,22,45,157,MELD_lambda0_equal,0.00174779475250017,0.00174779475250039
Gout,22,45,157,MELD_lambda1_afproj,-0.00156921476790015,-9.79764196343404e-16
Gout,22,45,157,EUR,-0.014511739449254,-1.9964477799598e-15
Gout,22,45,157,EAS,-0.0144679684643033,-1.01319065992924e-15
Gout,22,45,157,AFR,-0.00535633354331873,-1.36488346015255e-15
Gout,22,45,157,CSA,-0.00706963215133437,-1.03870259528315e-15
Gout,22,45,157,AMR,-0.0177201724030996,-1.04180539593291e-15
Gout,22,45,157,MID,-0.00966919939535848,-1.43385198830032e-15
Gout,22,46,175,MELD_lambda0_afproj,-0.004586561839914,-1.05548371607894e-15
Gout,22,46,175,MELD_lambda0_reportN,-0.00441080609982907,-3.84076284352025e-16
Gout,22,46,175,MELD_lambda0_equal,-5.66060445468858e-05,-2.90770793622436e-16
Gout,22,46,175,MELD_lambda1_afproj,-0.00411889525941051,-7.20575829001869e-16
Gout,22,46,175,EUR,-0.0208975763900911,-1.79943338056508e-15
Gout,22,46,175,EAS,-0.0184636136684978,-1.18943785530316e-15
Gout,22,46,175,AFR,-0.00265857169562802,-9.49556422392835e-17
Gout,22,46,175,CSA,-0.0158044480460261,-9.28728623120236e-16
Gout,22,46,175,AMR,-0.0235932931595302,-1.47468889714142e-15
Gout,22,46,175,MID,-0.0101149222402505,-8.91660550392425e-16
Gout,22,47,174,MELD_lambda0_afproj,-0.0132434768506374,-1.96802494206037e-15
Gout,22,47,174,MELD_lambda0_reportN,-0.013506890809609,-1.34187713864656e-15
Gout,22,47,174,MELD_lambda0_equal,-0.000142259548797908,-1.05091164498e-15
Gout,22,47,174,MELD_lambda1_afproj,-0.0124825038801359,-1.66344324533925e-15
Gout,22,47,174,EUR,-0.0301652532208098,-3.40262444664212e-15
Gout,22,47,174,EAS,-0.0177625860634657,-2.44244321284452e-15
Gout,22,47,174,AFR,-0.00959909208479506,-5.7407954072604e-16
Gout,22,47,174,CSA,-0.0199015093968435,-1.80972909980252e-15
Gout,22,47,174,AMR,-0.0271190021763662,-1.94139645663704e-15
Gout,22,47,174,MID,-0.0170834559306292,-1.47165125770404e-15
Gout,22,48,135,MELD_lambda0_afproj,-0.0174136376239021,-2.05251883803968e-15
Gout,22,48,135,MELD_lambda0_reportN,-0.0176929771663581,-2.21245228989814e-15
Gout,22,48,135,MELD_lambda0_equal,-0.00423692868579147,-1.95962228078013e-15
Gout,22,48,135,MELD_lambda1_afproj,-0.0167331919486436,-2.66908998356725e-15
Gout,22,48,135,EUR,-0.0403233790917811,-3.18645864128022e-15
Gout,22,48,135,EAS,-0.0352478853445419,-2.58011688369816e-15
Gout,22,48,135,AFR,-0.0153626469042219,-1.98884126745314e-15
Gout,22,48,135,CSA,-0.0271429287342681,-2.51656250000291e-15
Gout,22,48,135,AMR,-0.0298808633794375,-2.01595008877951e-15
Gout,22,48,135,MID,-0.0333759212985367,-3.53381848550012e-15
Gout,22,49,159,MELD_lambda0_afproj,-0.00944336060549821,-1.67100780824003e-15
Gout,22,49,159,MELD_lambda0_reportN,-0.00944803111839633,-1.11209638141162e-15
Gout,22,49,159,MELD_lambda0_equal,-0.000658062992738062,1.00807268797796e-16
Gout,22,49,159,MELD_lambda1_afproj,-0.00779755871730166,-9.048192472782e-16
Gout,22,49,159,EUR,-0.0283419960891246,-1.45186240494572e-15
Gout,22,49,159,EAS,-0.0168374899070923,-1.26791868882344e-15
Gout,22,49,159,AFR,-0.00646818802214178,-3.69492254949233e-16
Gout,22,49,159,CSA,-0.0113204766636195,-1.66838556760152e-15
Gout,22,49,159,AMR,-0.0165167136904187,-1.09205276870326e-15
Gout,22,49,159,MID,-0.0108726958700294,-6.39473666985223e-16
Gout,22,50,93,MELD_lambda0_afproj,-0.00060643833416841,-3.15151801661586e-16
Gout,22,50,93,MELD_lambda0_reportN,-0.000194652631913994,3.05851234844743e-16
Gout,22,50,93,MELD_lambda0_equal,0.00162117506563578,0.00162117506563572
Gout,22,50,93,MELD_lambda1_afproj,-0.000324196708533165,2.3455014716635e-17
Gout,22,50,93,EUR,-0.0102814390304378,-8.94801731769404e-16
Gout,22,50,93,EAS,-0.00790482305877306,-5.90836675291644e-16
Gout,22,50,93,AFR,0.00523534602563873,0.00523534602563917
Gout,22,50,93,CSA,-0.00616782593923716,-1.42061708130518e-16
Gout,22,50,93,AMR,-0.00779995364590154,8.52147034270173e-17
Gout,22,50,93,MID,-0.00582768135853036,2.31585584024697e-16
Gout,22,52,37,MELD_lambda0_afproj,-0.00415436810805734,-7.03419593898842e-16
Gout,22,52,37,MELD_lambda0_reportN,-0.00469168566428043,-7.04925945564744e-17
Gout,22,52,37,MELD_lambda0_equal,0.0012772542084898,0.00127725420848989
Gout,22,52,37,MELD_lambda1_afproj,-0.00384237208918475,-4.14469792747793e-16
Gout,22,52,37,EUR,-0.0118250587977372,-3.71947521089436e-15
Gout,22,52,37,EAS,-0.00635219780629413,-3.42282038891548e-16
Gout,22,52,37,AFR,-0.00501712914443681,-1.11094154855775e-15
Gout,22,52,37,CSA,-0.0063427547364969,-5.36493232239784e-16
Gout,22,52,37,AMR,-0.009295170195645,-1.54050219069124e-15
Gout,22,52,37,MID,-0.00456908171078356,-4.93451861420094e-16
Gout,22,53,347,MELD_lambda0_afproj,-0.0461926499594174,-5.92985501159412e-15
Gout,22,53,347,MELD_lambda0_reportN,-0.0473058352021807,-4.95832992575088e-15
Gout,22,53,347,MELD_lambda0_equal,-0.0106178268681097,-2.03420614843085e-15
Gout,22,53,347,MELD_lambda1_afproj,-0.0432539002739917,-4.42409468111092e-15
Gout,22,53,347,EUR,-0.0849171299182077,-7.97308283857155e-15
Gout,22,53,347,EAS,-0.0608116026351366,-6.14549502722983e-15
Gout,22,53,347,AFR,-0.0405336592179931,-2.26829810378715e-15
Gout,22,53,347,CSA,-0.0683674771641901,-5.19284962489945e-15
Gout,22,53,347,AMR,-0.0665051369452955,-6.4241721013767e-15
Gout,22,53,347,MID,-0.0546425786005783,-3.49206750621543e-15
Gout,22,54,50,MELD_lambda0_afproj,0.00252082535359549,0.00252082535359654
Gout,22,54,50,MELD_lambda0_reportN,0.00286445824287999,0.00286445824288007
Gout,22,54,50,MELD_lambda0_equal,0.0230038387225265,0.0230038387225269
Gout,22,54,50,MELD_lambda1_afproj,0.00249245589916193,0.00249245589916178
Gout,22,54,50,EUR,-0.00306405638259711,-4.37919053696846e-16
Gout,22,54,50,EAS,0.00609462563391106,0.00609462563391061
Gout,22,54,50,AFR,0.0615820865365287,0.0615820865365285
Gout,22,54,50,CSA,0.00427078846151324,0.00427078846151252
Gout,22,54,50,AMR,0.00626146293633759,0.00626146293633811
Gout,22,54,50,MID,0.0316349872496469,0.0316349872496471
Gout,22,55,215,MELD_lambda0_afproj,-0.0169897917130724,-2.41887637656508e-15
Gout,22,55,215,MELD_lambda0_reportN,-0.017231101048498,-2.65812109302501e-15
Gout,22,55,215,MELD_lambda0_equal,-0.000567140387147506,4.13199776888438e-16
Gout,22,55,215,MELD_lambda1_afproj,-0.014023800159521,-2.47842191391004e-15
Gout,22,55,215,EUR,-0.0447477940198398,-3.45024751138778e-15
Gout,22,55,215,EAS,-0.025587550373962,-2.05671111267208e-15
Gout,22,55,215,AFR,-0.00835409044746324,-4.79004028134537e-16
Gout,22,55,215,CSA,-0.0209502236985347,-3.27024112486718e-15
Gout,22,55,215,AMR,-0.0318961911298812,-3.11103605327248e-15
Gout,22,55,215,MID,-0.0169990217187051,-2.44780671695605e-15
Gout,22,56,31,MELD_lambda0_afproj,0.00378653022033084,0.00378653022033093
Gout,22,56,31,MELD_lambda0_reportN,0.00315630756005601,0.00315630756005582
Gout,22,56,31,MELD_lambda0_equal,0.00914936278093155,0.00914936278093221
Gout,22,56,31,MELD_lambda1_afproj,0.00342282969893366,0.00342282969893363
Gout,22,56,31,EUR,-0.00142055195358497,-1.11807713762859e-16
Gout,22,56,31,EAS,0.0148955390790622,0.014895539079062
Gout,22,56,31,AFR,0.00774949310146824,0.00774949310146806
Gout,22,56,31,CSA,0.0210814630102414,0.0210814630102418
Gout,22,56,31,AMR,-0.000573582093520577,-1.35629859120561e-16
Gout,22,56,31,MID,0.00717905997019364,0.00717905997019384
Gout,22,57,239,MELD_lambda0_afproj,-0.0303874017288636,-3.30771139278718e-15
Gout,22,57,239,MELD_lambda0_reportN,-0.0304238722952562,-3.21522715353928e-15
Gout,22,57,239,MELD_lambda0_equal,-0.00636980695213822,-1.16395771167303e-15
Gout,22,57,239,MELD_lambda1_afproj,-0.0276097552668114,-3.0920378240448e-15
Gout,22,57,239,EUR,-0.0499258973778187,-3.77133612442275e-15
Gout,22,57,239,EAS,-0.0493048598100773,-3.67257780566071e-15
Gout,22,57,239,AFR,-0.0335230458495058,-1.68364949240506e-15
Gout,22,57,239,CSA,-0.0466405066594539,-3.99255419220206e-15
Gout,22,57,239,AMR,-0.0505832047759446,-2.96714301071639e-15
Gout,22,57,239,MID,-0.0285791348677603,-2.85854627790967e-15
Gout,22,58,362,MELD_lambda0_afproj,-0.00941756092855207,-1.20583988906828e-15
Gout,22,58,362,MELD_lambda0_reportN,-0.00946017960030743,-1.45776448228262e-15
Gout,22,58,362,MELD_lambda0_equal,-0.00139104239355428,-6.15494365460465e-16
Gout,22,58,362,MELD_lambda1_afproj,-0.00892474250029003,-1.30868224638805e-15
Gout,22,58,362,EUR,-0.0354702242208667,-2.03634787819848e-15
Gout,22,58,362,EAS,-0.0267210112382796,-1.43525267387545e-15
Gout,22,58,362,AFR,-0.00585514203883517,-1.01563227187923e-15
Gout,22,58,362,CSA,-0.0207023271945935,-1.53141035106296e-15
Gout,22,58,362,AMR,-0.0338890548731796,-2.34941930159249e-15
Gout,22,58,362,MID,-0.025969696000114,-2.20946552193287e-15
Gout,22,60,195,MELD_lambda0_afproj,-0.00142710329476245,-5.0828642160324e-16
Gout,22,60,195,MELD_lambda0_reportN,-0.00119827301094929,5.36300604616708e-16
Gout,22,60,195,MELD_lambda0_equal,0.00184357181134103,0.00184357181134092
Gout,22,60,195,MELD_lambda1_afproj,-0.00124579559914457,-2.21679889096836e-16
Gout,22,60,195,EUR,-0.0165074476068546,-1.31628699069142e-15
Gout,22,60,195,EAS,-0.00846107439940674,-1.12060461361096e-15
Gout,22,60,195,AFR,0.00629781968476126,0.00629781968476151
Gout,22,60,195,CSA,-0.00959758904552483,-1.03604518737746e-15
Gout,22,60,195,AMR,-0.0120748789456239,-5.95848682365615e-16
Gout,22,60,195,MID,-0.0066998146173673,-8.02541827095755e-16
Gout,22,61,298,MELD_lambda0_afproj,-0.0159504223084867,-3.69805612174755e-15
Gout,22,61,298,MELD_lambda0_reportN,-0.0162638788581433,-2.01036718341753e-15
Gout,22,61,298,MELD_lambda0_equal,-0.00327512021958066,-1.42463788355933e-15
Gout,22,61,298,MELD_lambda1_afproj,-0.0146320077343824,-3.31083287471941e-15
Gout,22,61,298,EUR,-0.0386983756545779,-2.62104706498031e-15
Gout,22,61,298,EAS,-0.0282993527582597,-2.51656500812706e-15
Gout,22,61,298,AFR,-0.0132696383379,-1.59498322891243e-15
Gout,22,61,298,CSA,-0.0262185142537824,-2.126895736807e-15
Gout,22,61,298,AMR,-0.0330787467333633,-2.67876839084563e-15
Gout,22,61,298,MID,-0.0257272960121504,-1.68239920444766e-15
Gout,22,63,58,MELD_lambda0_afproj,0.00322641075533651,0.00322641075533591
Gout,22,63,58,MELD_lambda0_reportN,0.00342951530427036,0.00342951530427011
Gout,22,63,58,MELD_lambda0_equal,0.0147842597585028,0.0147842597585041
Gout,22,63,58,MELD_lambda1_afproj,0.00305272741658485,0.00305272741658464
Gout,22,63,58,EUR,-0.000778012512633885,-3.02610943826988e-16
Gout,22,63,58,EAS,0.0129857724793543,0.0129857724793546
Gout,22,63,58,AFR,0.0373619705807907,0.0373619705807914
Gout,22,63,58,CSA,0.00749905352917259,0.00749905352917237
Gout,22,63,58,AMR,0.0118714707221713,0.0118714707221714
Gout,22,63,58,MID,0.00695360426502038,0.00695360426502071
Gout,22,64,181,MELD_lambda0_afproj,-0.00541664411950188,-4.37624604008831e-16
Gout,22,64,181,MELD_lambda0_reportN,-0.00524238985412534,-5.15714044623423e-16
Gout,22,64,181,MELD_lambda0_equal,1.33882835819214e-11,1.33883198874476e-11
Gout,22,64,181,MELD_lambda1_afproj,-0.00515706602338982,-5.73629874578441e-16
Gout,22,64,181,EUR,-0.0217178225897215,-1.33348692497562e-15
Gout,22,64,181,EAS,-0.011134078681958,-1.31464615542389e-15
Gout,22,64,181,AFR,-0.00232983472596207,-3.06209994863808e-16
Gout,22,64,181,CSA,-0.0171671038319903,-9.34964160056558e-16
Gout,22,64,181,AMR,-0.0231986048034987,-1.11363969904638e-15
Gout,22,64,181,MID,-0.00310900041776128,-4.43492076132029e-16
Gout,22,65,48,MELD_lambda0_afproj,0.00229908543796924,0.00229908543796932
Gout,22,65,48,MELD_lambda0_reportN,0.00342129567364622,0.00342129567364589
Gout,22,65,48,MELD_lambda0_equal,0.0184616198525551,0.0184616198525551
Gout,22,65,48,MELD_lambda1_afproj,0.00251921942555159,0.00251921942555118
Gout,22,65,48,EUR,-0.00688695886045873,-8.9065181386658e-16
Gout,22,65,48,EAS,-0.00212214658145484,5.65282683925938e-16
Gout,22,65,48,AFR,0.0244609341345697,0.0244609341345693
Gout,22,65,48,CSA,0.0013798712568084,0.00137987125680822
Gout,22,65,48,AMR,0.00108168870840863,0.00108168870840834
Gout,22,65,48,MID,0.0111759610748978,0.011175961074897
Gout,22,66,217,MELD_lambda0_afproj,-0.00975598064398042,-1.59746168536576e-15
Gout,22,66,217,MELD_lambda0_reportN,-0.00974141166221354,-1.11599246076197e-15
Gout,22,66,217,MELD_lambda0_equal,0.00303487466265073,0.00303487466265107
Gout,22,66,217,MELD_lambda1_afproj,-0.00908892247345236,-1.13860308100541e-15
Gout,22,66,217,EUR,-0.026593448976377,-1.89896582395893e-15
Gout,22,66,217,EAS,-0.0174179237136814,-1.42059928641813e-15
Gout,22,66,217,AFR,0.00550567477024216,0.00550567477023993
Gout,22,66,217,CSA,-0.0151005288305374,-1.18829726810205e-15
Gout,22,66,217,AMR,-0.0234470293749585,-1.73894086697338e-15
Gout,22,66,217,MID,-0.0129683025088081,-7.09486350648883e-16
Gout,22,67,219,MELD_lambda0_afproj,-0.00386264875256628,-7.5952576967227e-16
Gout,22,67,219,MELD_lambda0_reportN,-0.00305679665396542,-4.15291604373746e-16
Gout,22,67,219,MELD_lambda0_equal,-0.00113436427142554,-6.26235174828649e-16
Gout,22,67,219,MELD_lambda1_afproj,-0.00339573468078419,-4.37983658652941e-16
Gout,22,67,219,EUR,-0.0259506943693394,-1.86760541818615e-15
Gout,22,67,219,EAS,-0.0117211166209014,-1.75886626772006e-15
Gout,22,67,219,AFR,-0.00376652621581897,-8.32667268468867e-17
Gout,22,67,219,CSA,-0.0102407262890429,-8.087622153813e-16
Gout,22,67,219,AMR,-0.0189931156266102,-1.10411877828435e-15
Gout,22,67,219,MID,-0.0114759177594462,-1.26377776000576e-15
Gout,22,68,153,MELD_lambda0_afproj,-0.000339315730956518,-1.0869131994707e-17
Gout,22,68,153,MELD_lambda0_reportN,5.71020397477362e-05,5.71020397475532e-05
Gout,22,68,153,MELD_lambda0_equal,0.00784495170913472,0.00784495170913471
Gout,22,68,153,MELD_lambda1_afproj,-0.000265497798258527,9.99260375547284e-16
Gout,22,68,153,EUR,-0.0200259587377981,-1.47741117058358e-15
Gout,22,68,153,EAS,-0.00606000729284819,-6.71737940984591e-16
Gout,22,68,153,AFR,0.0131372302358482,0.013137230235848
Gout,22,68,153,CSA,-0.00344718017144463,-1.83935596734571e-17
Gout,22,68,153,AMR,-0.00265113037777711,-4.83129953268762e-16
Gout,22,68,153,MID,0.00268156875510333,0.00268156875510342
Gout,22,69,30,MELD_lambda0_afproj,0.0030220695558349,0.00302206955583479
Gout,22,69,30,MELD_lambda0_reportN,0.00261628031520101,0.00261628031520059
Gout,22,69,30,MELD_lambda0_equal,0.0174914216585318,0.0174914216585318
Gout,22,69,30,MELD_lambda1_afproj,0.00304225714379996,0.00304225714380024
Gout,22,69,30,EUR,-0.000912417605806018,3.31799322305273e-16
Gout,22,69,30,EAS,0.00469550411758641,0.00469550411758628
Gout,22,69,30,AFR,0.0376975296570653,0.0376975296570655
Gout,22,69,30,CSA,0.0121252578978098,0.0121252578978096
Gout,22,69,30,AMR,0.00881285178459548,0.00881285178459515
Gout,22,69,30,MID,0.0136760163063152,0.0136760163063152
Gout,22,70,194,MELD_lambda0_afproj,-0.00341876797855042,-8.75699398336248e-16
Gout,22,70,194,MELD_lambda0_reportN,-0.00326145566087588,-9.274841100356e-16
Gout,22,70,194,MELD_lambda0_equal,-0.000761097631225085,-2.43824441679939e-16
Gout,22,70,194,MELD_lambda1_afproj,-0.00292637862609839,-6.23758091976063e-16
Gout,22,70,194,EUR,-0.0205104360233121,-9.84832390392859e-16
Gout,22,70,194,EAS,-0.0102101174385793,-5.18775266979338e-16
Gout,22,70,194,AFR,-0.00207775854022282,-2.07797031728375e-15
Gout,22,70,194,CSA,-0.0094675212622972,-1.1043453042034e-15
Gout,22,70,194,AMR,-0.0120906906673913,-9.00215772981986e-16
Gout,22,70,194,MID,-0.00661325986661492,-5.03741524930085e-16
Gout,22,71,166,MELD_lambda0_afproj,-0.00121043751428187,-2.56656082586529e-16
Gout,22,71,166,MELD_lambda0_reportN,-0.00152276364363182,-1.88053246867254e-17
Gout,22,71,166,MELD_lambda0_equal,0.00878017560445019,0.00878017560444975
Gout,22,71,166,MELD_lambda1_afproj,-0.000985567723788938,4.25429230255789e-16
Gout,22,71,166,EUR,-0.0190417549283973,-9.02809414634375e-16
Gout,22,71,166,EAS,-0.00427423704344276,-6.81050212405677e-16
Gout,22,71,166,AFR,-9.06915706846764e-05,-7.13288160936882e-16
Gout,22,71,166,CSA,0.00410066913411259,0.00410066913411259
Gout,22,71,166,AMR,-0.00919171478230489,-4.02058931602166e-16
Gout,22,71,166,MID,0.00421949923520685,0.00421949923520706
Gout,22,72,63,MELD_lambda0_afproj,-0.000208085064448378,-1.63774822452649e-16
Gout,22,72,63,MELD_lambda0_reportN,-0.000204717624887729,-2.47529478097251e-17
Gout,22,72,63,MELD_lambda0_equal,-6.72841586172588e-05,-3.42102198551937e-17
Gout,22,72,63,MELD_lambda1_afproj,-0.000204111730111439,-2.20156563739915e-16
Gout,22,72,63,EUR,-0.00151988518736634,1.93575598001082e-16
Gout,22,72,63,EAS,-0.00132517054231546,-1.66695412095493e-16
Gout,22,72,63,AFR,-0.000159070315156407,-3.20640827090153e-16
Gout,22,72,63,CSA,-0.000170359592873269,-2.14588588051591e-16
Gout,22,72,63,AMR,7.31312184233403e-17,-8.42698234812194e-17
Gout,22,72,63,MID,-0.000644710254697911,-3.52403576747417e-16
Gout,22,74,381,MELD_lambda0_afproj,-0.0262613611417162,-2.06564730656208e-15
Gout,22,74,381,MELD_lambda0_reportN,-0.0268024785481246,-2.08165676816154e-15
Gout,22,74,381,MELD_lambda0_equal,-0.00633887689317674,-1.9671398663482e-15
Gout,22,74,381,MELD_lambda1_afproj,-0.0247446984460743,-2.04456103802072e-15
Gout,22,74,381,EUR,-0.0556211561168109,-3.09893791171494e-15
Gout,22,74,381,EAS,-0.0437617172744089,-2.67772176295289e-15
Gout,22,74,381,AFR,-0.0409295436707653,-2.64470520876549e-15
Gout,22,74,381,CSA,-0.0516961303315168,-2.50767357556043e-15
Gout,22,74,381,AMR,-0.055211147532108,-2.31470141987036e-15
Gout,22,74,381,MID,-0.0507478867933736,-3.71666367553287e-15
HF,22,1,66,MELD_lambda0_afproj,0.00090496540071617,0.000904965400716481
HF,22,1,66,MELD_lambda0_reportN,0.00108839685534894,0.00108839685534966
HF,22,1,66,MELD_lambda0_equal,0.00651871183702615,0.0065187118370269
HF,22,1,66,MELD_lambda1_afproj,0.000857344232445944,0.000857344232445674
HF,22,1,66,EUR,-0.00889342730162591,-1.18750680868259e-15
HF,22,1,66,EAS,-0.00169956634152718,2.60173692073178e-16
HF,22,1,66,AFR,0.0074713340593891,0.00747133405938936
HF,22,1,66,CSA,0.00203080955935562,0.00203080955935494
HF,22,1,66,AMR,-0.00421637644339383,-5.03456504302673e-16
HF,22,1,66,MID,0.00437172653741152,0.00437172653741098
HF,22,2,39,MELD_lambda0_afproj,0.0112539472566264,0.0112539472566267
HF,22,2,39,MELD_lambda0_reportN,0.0121799166287763,0.0121799166287765
HF,22,2,39,MELD_lambda0_equal,0.032252240616352,0.0322522406163521
HF,22,2,39,MELD_lambda1_afproj,0.0113036784536412,0.01130367845364
HF,22,2,39,EUR,0.00588086430912524,0.00588086430912601
HF,22,2,39,EAS,0.00683070546285086,0.006830705462851
HF,22,2,39,AFR,0.0371569677064189,0.0371569677064182
HF,22,2,39,CSA,0.0110570721503263,0.0110570721503262
HF,22,2,39,AMR,0.0167556518538522,0.0167556518538525
HF,22,2,39,MID,0.0262918803741695,0.0262918803741694
HF,22,4,160,MELD_lambda0_afproj,-0.00956955641992463,-8.50549846749127e-16
HF,22,4,160,MELD_lambda0_reportN,-0.00904635603660864,-4.06573211211359e-16
HF,22,4,160,MELD_lambda0_equal,-9.42205976764375e-06,-5.22348973998393e-16
HF,22,4,160,MELD_lambda1_afproj,-0.00864070345420878,-1.20509614868607e-15
HF,22,4,160,EUR,-0.0203732550799833,-1.89711878577439e-15
HF,22,4,160,EAS,-0.0180751846413997,-1.13860590932426e-15
HF,22,4,160,AFR,-0.000755925964254477,-2.7433868288112e-16
HF,22,4,160,CSA,-0.0181288694751051,-1.29181851622868e-15
HF,22,4,160,AMR,-0.0152886827248347,-1.35029965604076e-15
HF,22,4,160,MID,-0.00739219505623293,-2.81021248144223e-16
HF,22,5,86,MELD_lambda0_afproj,-0.00601674477184589,-4.37115573446441e-16
HF,22,5,86,MELD_lambda0_reportN,-0.00564285279145939,-4.20760584030295e-16
HF,22,5,86,MELD_lambda0_equal,-0.00023132438358737,-4.99623555110973e-16
HF,22,5,86,MELD_lambda1_afproj,-0.00563638222111566,-7.96570596989572e-16
HF,22,5,86,EUR,-0.0192599412655133,-1.52840938796807e-15
HF,22,5,86,EAS,-0.016671756130929,-5.56822007153911e-16
HF,22,5,86,AFR,-0.000954156656223227,7.22846839507687e-16
HF,22,5,86,CSA,-0.00678458145028205,-5.73742512698976e-16
HF,22,5,86,AMR,-0.0136507313065323,-1.0768282915381e-15
HF,22,5,86,MID,-0.000583181041425436,1.94693588170393e-16
HF,22,7,278,MELD_lambda0_afproj,-0.0372420447292388,-2.45048345720872e-15
HF,22,7,278,MELD_lambda0_reportN,-0.0373741659545956,-2.8055948677659e-15
HF,22,7,278,MELD_lambda0_equal,-0.0084108037957205,-1.42677865245542e-15
HF,22,7,278,MELD_lambda1_afproj,-0.0354682718018369,-2.52194698234024e-15
HF,22,7,278,EUR,-0.0664849995793742,-3.24647703128081e-15
HF,22,7,278,EAS,-0.0516173160816916,-3.50358032845365e-15
HF,22,7,278,AFR,-0.0359756050312948,-2.07213327030414e-15
HF,22,7,278,CSA,-0.0462905386286389,-3.34439642721911e-15
HF,22,7,278,AMR,-0.0545901798851543,-2.36564821777908e-15
HF,22,7,278,MID,-0.0397887381322296,-3.88867947882377e-15
HF,22,8,86,MELD_lambda0_afproj,-0.00301290714270462,-1.7237370762068e-16
HF,22,8,86,MELD_lambda0_reportN,-0.00280326026945405,-5.45558414998732e-16
HF,22,8,86,MELD_lambda0_equal,-0.00010102197359239,-9.62335051015928e-17
HF,22,8,86,MELD_lambda1_afproj,-0.00273597187734983,-8.98551741017353e-16
HF,22,8,86,EUR,-0.0137095267730018,-7.02047002621521e-16
HF,22,8,86,EAS,-0.00692296313632911,-7.11705478270022e-16
HF,22,8,86,AFR,-0.000731629481182018,-1.38777883165245e-17
HF,22,8,86,CSA,-0.00386571728839582,-1.09159066080037e-15
HF,22,8,86,AMR,-0.00879255581332865,-2.15568505173153e-16
HF,22,8,86,MID,-6.71319681619095e-17,4.03375291713753e-16
HF,22,10,192,MELD_lambda0_afproj,-0.0170717518087189,-1.26446281597497e-15
HF,22,10,192,MELD_lambda0_reportN,-0.017271651450954,-1.1404224283621e-15
HF,22,10,192,MELD_lambda0_equal,-0.00151697996499389,9.45446832368608e-17
HF,22,10,192,MELD_lambda1_afproj,-0.0160644257638578,-2.01392379918633e-15
HF,22,10,192,EUR,-0.0331546429793306,-1.74531964905609e-15
HF,22,10,192,EAS,-0.0264651312964308,-1.5833632261959e-15
HF,22,10,192,AFR,-0.00649378966303663,-3.93484755055066e-16
HF,22,10,192,CSA,-0.0270560277561831,-1.70101961367317e-15
HF,22,10,192,AMR,-0.0264454119431832,-1.57952899612318e-15
HF,22,10,192,MID,-0.0190925207751284,-1.34834532656594e-15
HF,22,11,123,MELD_lambda0_afproj,-0.0249360118844776,-2.23039957791471e-15
HF,22,11,123,MELD_lambda0_reportN,-0.0256672900276688,-2.08559443088818e-15
HF,22,11,123,MELD_lambda0_equal,-0.00271170738258513,-1.03522464306875e-15
HF,22,11,123,MELD_lambda1_afproj,-0.0237076672660789,-2.25797958293518e-15
HF,22,11,123,EUR,-0.0415601111507013,-3.09430885650831e-15
HF,22,11,123,EAS,-0.0273849419583496,-2.34497977750596e-15
HF,22,11,123,AFR,-0.0150719326022181,-1.54055980217469e-15
HF,22,11,123,CSA,-0.0299389830719133,-1.84975957162691e-15
HF,22,11,123,AMR,-0.0309133846707428,-2.0051533565649e-15
HF,22,11,123,MID,-0.0269070898503741,-2.04239407683481e-15
HF,22,12,48,MELD_lambda0_afproj,-0.00910445985940824,-1.06658200494113e-15
HF,22,12,48,MELD_lambda0_reportN,-0.0090374771471818,-1.56803543206075e-15
HF,22,12,48,MELD_lambda0_equal,-0.00277802880376748,-8.77512614452719e-16
HF,22,12,48,MELD_lambda1_afproj,-0.00743199481462222,-1.19542495202506e-15
HF,22,12,48,EUR,-0.0202115123815629,-2.29914161858929e-15
HF,22,12,48,EAS,-0.0173861596531918,-1.57738410796053e-15
HF,22,12,48,AFR,-0.00251165566632492,-5.87320477297114e-16
HF,22,12,48,CSA,-0.0108815648903899,-1.89194403919639e-15
HF,22,12,48,AMR,-0.0229563258591735,-1.30825072005674e-15
HF,22,12,48,MID,-0.00785940572871674,-1.1522917391638e-15
HF,22,13,91,MELD_lambda0_afproj,-0.012215417695504,-9.91901943323601e-16
HF,22,13,91,MELD_lambda0_reportN,-0.0123957914553154,-1.13147864938419e-15
HF,22,13,91,MELD_lambda0_equal,2.54529019664516e-05,2.54529019656797e-05
HF,22,13,91,MELD_lambda1_afproj,-0.011821258679552,-1.23179146921673e-15
HF,22,13,91,EUR,-0.0225405253870884,-1.62827615625115e-15
HF,22,13,91,EAS,-0.0165153070545674,-1.43951783785761e-15
HF,22,13,91,AFR,-0.00276545246391402,-2.56898302593476e-16
HF,22,13,91,CSA,-0.0152669978425881,-8.92387685312357e-16
HF,22,13,91,AMR,-0.019702706799692,-1.02823525796483e-15
HF,22,13,91,MID,-0.0132738107263859,-9.54214969134507e-16
HF,22,14,58,MELD_lambda0_afproj,-0.00310531713796316,1.44499813301233e-16
HF,22,14,58,MELD_lambda0_reportN,-0.002570044043542,2.07251999911911e-16
HF,22,14,58,MELD_lambda0_equal,-0.000115684870005421,-7.97446482387749e-17
HF,22,14,58,MELD_lambda1_afproj,-0.00285949264455827,-2.20351435540534e-17
HF,22,14,58,EUR,-0.00851961738029736,-5.80238396280912e-16
HF,22,14,58,EAS,-0.00971576784579453,-1.7481898234886e-16
HF,22,14,58,AFR,-0.00571151039934086,-2.84951854957615e-16
HF,22,14,58,CSA,-0.00774333502502756,-8.80289652208618e-16
HF,22,14,58,AMR,-0.00869134187332967,-6.38621514963445e-16
HF,22,14,58,MID,-0.000697250158434783,-6.16673531854236e-16
HF,22,16,44,MELD_lambda0_afproj,-0.00132555485140313,-4.30675485950496e-16
HF,22,16,44,MELD_lambda0_reportN,-0.00143970987513773,-3.78421578986843e-16
HF,22,16,44,MELD_lambda0_equal,0.00748949581569691,0.00748949581569728
HF,22,16,44,MELD_lambda1_afproj,-0.00112163625172484,1.08087797049706e-16
HF,22,16,44,EUR,-0.00518741618597877,-7.53845783266253e-16
HF,22,16,44,EAS,-0.00441878663640309,-8.45444695675985e-17
HF,22,16,44,AFR,0.0144827192204734,0.0144827192204733
HF,22,16,44,CSA,0.00426627648802394,0.0042662764880238
HF,22,16,44,AMR,-0.00137914615313688,-2.04693982033474e-17
HF,22,16,44,MID,0.00211768085976326,0.00211768085976275
HF,22,17,85,MELD_lambda0_afproj,-0.007012605020017,-1.51595425296494e-15
HF,22,17,85,MELD_lambda0_reportN,-0.0070880241255533,-1.0076289419852e-15
HF,22,17,85,MELD_lambda0_equal,-0.00106749769404217,-1.18470053010734e-15
HF,22,17,85,MELD_lambda1_afproj,-0.00668825921722229,-5.98522832206218e-16
HF,22,17,85,EUR,-0.0193655003700447,-1.86894468494626e-15
HF,22,17,85,EAS,-0.015664954813528,-1.78357200633181e-15
HF,22,17,85,AFR,-0.00361990682814194,-1.23164297083622e-15
HF,22,17,85,CSA,-0.0126135142246458,-1.73404964023897e-15
HF,22,17,85,AMR,-0.0137051309044409,-1.17845307489387e-15
HF,22,17,85,MID,-0.0113226642713846,-1.50634800476575e-15
HF,22,19,196,MELD_lambda0_afproj,-0.011333688854352,-1.24080317675989e-15
HF,22,19,196,MELD_lambda0_reportN,-0.0110946275453566,-1.2728510724028e-15
HF,22,19,196,MELD_lambda0_equal,-0.0017877739530418,-6.98020302776487e-16
HF,22,19,196,MELD_lambda1_afproj,-0.0108419064131125,-1.28311128800295e-15
HF,22,19,196,EUR,-0.0342465076460216,-1.77546412374771e-15
HF,22,19,196,EAS,-0.0281003494559924,-1.72757581942351e-15
HF,22,19,196,AFR,-0.010161031030082,-8.29268308129293e-16
HF,22,19,196,CSA,-0.0182667102319807,-1.60351088758569e-15
HF,22,19,196,AMR,-0.0280926114449729,-1.50961250559853e-15
HF,22,19,196,MID,-0.0216773205982018,-9.68292089412375e-16
HF,22,20,94,MELD_lambda0_afproj,-0.014766897775942,-3.45174970699002e-15
HF,22,20,94,MELD_lambda0_reportN,-0.0154863369164253,-1.53052459186912e-15
HF,22,20,94,MELD_lambda0_equal,-0.00185429539709287,-1.88870051559927e-16
HF,22,20,94,MELD_lambda1_afproj,-0.014393278059181,-9.77572239059162e-16
HF,22,20,94,EUR,-0.0312742453739316,-2.63607125249309e-15
HF,22,20,94,EAS,-0.0264329940550705,-2.48811189233506e-15
HF,22,20,94,AFR,-0.0145575009873594,-8.88497484639738e-16
HF,22,20,94,CSA,-0.0206245191504786,-3.06185123492204e-15
HF,22,20,94,AMR,-0.0277839742537037,-6.2756041879795e-15
HF,22,20,94,MID,-0.0209337887439669,-2.19961782671924e-15
HF,22,21,51,MELD_lambda0_afproj,-0.00158077836727227,1.0965437895115e-15
HF,22,21,51,MELD_lambda0_reportN,-0.001186070029759,1.4228927848885e-16
HF,22,21,51,MELD_lambda0_equal,0.0088962866331041,0.00889628663310353
HF,22,21,51,MELD_lambda1_afproj,-0.00148744218600397,2.77845871262734e-16
HF,22,21,51,EUR,-0.00677776629100877,-6.70029987484082e-16
HF,22,21,51,EAS,-0.00250258853543896,-4.75314232418098e-16
HF,22,21,51,AFR,0.0157480239868165,0.0157480239868162
HF,22,21,51,CSA,-0.00243495655836492,-2.9298589727607e-16
HF,22,21,51,AMR,-0.00258109037783464,-6.36400392586475e-17
HF,22,21,51,MID,0.00787401199340855,0.0078740119934083
HF,22,22,152,MELD_lambda0_afproj,-0.00820991372738359,-1.14722916418795e-15
HF,22,22,152,MELD_lambda0_reportN,-0.00869041354707249,-8.23385447309102e-16
HF,22,22,152,MELD_lambda0_equal,-0.00097236954028738,-2.90493771137011e-16
HF,22,22,152,MELD_lambda1_afproj,-0.00782994652020732,-1.09840016863115e-15
HF,22,22,152,EUR,-0.0228929914587045,-1.94226739269455e-15
HF,22,22,152,EAS,-0.0132723189297113,-1.17207592474005e-15
HF,22,22,152,AFR,-0.00517195064098081,-2.05510536482303e-16
HF,22,22,152,CSA,-0.014361165314514,-1.65698177201901e-15
HF,22,22,152,AMR,-0.016721933639666,-9.34101416670983e-16
HF,22,22,152,MID,-0.00820669671520529,-9.58287021974675e-16
HF,22,23,166,MELD_lambda0_afproj,-0.00368566523342132,-5.90422061296465e-16
HF,22,23,166,MELD_lambda0_reportN,-0.00327456258033087,-5.91427004062437e-16
HF,22,23,166,MELD_lambda0_equal,-0.000615031573255792,-5.99673458912247e-16
HF,22,23,166,MELD_lambda1_afproj,-0.00338381631421229,-2.92279813416807e-16
HF,22,23,166,EUR,-0.0182702872263484,-2.57788009571103e-15
HF,22,23,166,EAS,-0.0141411214502574,-1.22436936456991e-15
HF,22,23,166,AFR,-0.00143036566205262,-6.5735953077823e-16
HF,22,23,166,CSA,-0.00605583332669038,-4.7517303164682e-16
HF,22,23,166,AMR,-0.0142657484032035,-2.13406359060435e-15
HF,22,23,166,MID,-0.00949289663593525,-4.93381322243491e-16
HF,22,25,115,MELD_lambda0_afproj,-0.00790584650673704,-8.10064600683782e-16
HF,22,25,115,MELD_lambda0_reportN,-0.00730335182286285,-5.85221685922744e-16
HF,22,25,115,MELD_lambda0_equal,-3.33731960957228e-05,-7.95279464464763e-18
HF,22,25,115,MELD_lambda1_afproj,-0.00746249638852134,-6.12345472369791e-16
HF,22,25,115,EUR,-0.0166428430473256,-1.26197885004023e-15
HF,22,25,115,EAS,-0.0150215069477861,-4.18697501484546e-16
HF,22,25,115,AFR,-1.64983685825214e-16,-1.27901628890093e-16
HF,22,25,115,CSA,-0.0108152548046151,-1.13045192921491e-15
HF,22,25,115,AMR,-0.0142204760023589,-6.57284374067329e-16
HF,22,25,115,MID,-0.00797675919118851,-4.82183308371916e-16
HF,22,26,184,MELD_lambda0_afproj,-0.0137729961567826,-1.95958648257395e-15
HF,22,26,184,MELD_lambda0_reportN,-0.0134817479320178,-1.88213037919104e-15
HF,22,26,184,MELD_lambda0_equal,-0.00160367986536839,-5.86651809255583e-16
HF,22,26,184,MELD_lambda1_afproj,-0.0133743568621785,-1.83932333285008e-15
HF,22,26,184,EUR,-0.0297332235349355,-2.29651450804183e-15
HF,22,26,184,EAS,-0.0240633479093048,-1.25965813691854e-15
HF,22,26,184,AFR,-0.0131514304588142,-1.54641413383383e-15
HF,22,26,184,CSA,-0.0226802966678213,-1.66031243214195e-15
HF,22,26,184,AMR,-0.0218273208417579,-1.57467917934859e-15
HF,22,26,184,MID,-0.0178799219697786,-1.75557099871981e-15
HF,22,27,340,MELD_lambda0_afproj,-0.017445841986801,-1.92071670868024e-15
HF,22,27,340,MELD_lambda0_reportN,-0.0172852037471381,-1.21326393545322e-15
HF,22,27,340,MELD_lambda0_equal,-0.00205310973643007,-6.26534645959561e-16
HF,22,27,340,MELD_lambda1_afproj,-0.0161882006950522,-1.07202848182472e-15
HF,22,27,340,EUR,-0.0425261322620299,-1.83451220681001e-15
HF,22,27,340,EAS,-0.0268748505600719,-1.37551516034115e-15
HF,22,27,340,AFR,-0.0116563395952947,-1.29865522436083e-15
HF,22,27,340,CSA,-0.0233471115294134,-1.42168982569542e-15
HF,22,27,340,AMR,-0.0315827967477293,-1.48978572429279e-15
HF,22,27,340,MID,-0.0229773967188458,-1.21937939743181e-15
HF,22,28,218,MELD_lambda0_afproj,-0.00331998361234872,-3.66729449414104e-16
HF,22,28,218,MELD_lambda0_reportN,-0.00361914208168093,-5.47576324377414e-16
HF,22,28,218,MELD_lambda0_equal,0.00256035929072383,0.00256035929072473
HF,22,28,218,MELD_lambda1_afproj,-0.00283528980163466,-9.34990656727448e-16
HF,22,28,218,EUR,-0.0175484138763484,-1.37593338633716e-15
HF,22,28,218,EAS,-0.00796777492268117,-7.45469771437751e-16
HF,22,28,218,AFR,0.00410636456981205,0.00410636456981203
HF,22,28,218,CSA,-0.00965959390920098,-4.49782466996297e-16
HF,22,28,218,AMR,-0.0136509903169925,-7.94790559560583e-16
HF,22,28,218,MID,-0.00322819365420379,-7.28583859915002e-17
HF,22,29,294,MELD_lambda0_afproj,-0.0302086391498527,-2.65609807869594e-15
HF,22,29,294,MELD_lambda0_reportN,-0.031216451100614,-2.34839061694761e-15
HF,22,29,294,MELD_lambda0_equal,-0.00505281917242849,-9.41441074248933e-16
HF,22,29,294,MELD_lambda1_afproj,-0.0288408861996206,-2.63080720137933e-15
HF,22,29,294,EUR,-0.0562284771910181,-3.90865994698908e-15
HF,22,29,294,EAS,-0.0438979092528113,-2.92353905572919e-15
HF,22,29,294,AFR,-0.0249246973077927,-1.45516038659258e-15
HF,22,29,294,CSA,-0.0431167274286724,-3.50239288908084e-15
HF,22,29,294,AMR,-0.0474362046097806,-4.65972490643435e-15
HF,22,29,294,MID,-0.0431248932435223,-2.32683352102335e-15
HF,22,31,361,MELD_lambda0_afproj,-0.044656084144951,-5.18479278197353e-15
HF,22,31,361,MELD_lambda0_reportN,-0.045086915181208,-5.2430394960655e-15
HF,22,31,361,MELD_lambda0_equal,-0.00910916349385325,-1.91710992896658e-15
HF,22,31,361,MELD_lambda1_afproj,-0.0421009797324514,-3.12598649021448e-15
HF,22,31,361,EUR,-0.0741336134845401,-5.75153295134385e-15
HF,22,31,361,EAS,-0.060749088441265,-3.94500959252427e-15
HF,22,31,361,AFR,-0.0423351287827633,-2.65868601990124e-15
HF,22,31,361,CSA,-0.0565075497895593,-2.91196869338562e-15
HF,22,31,361,AMR,-0.0676589934288058,-4.34301414081477e-15
HF,22,31,361,MID,-0.0553461820136983,-2.94080928204243e-15
HF,22,32,113,MELD_lambda0_afproj,-0.00927940703456245,-1.15408679193579e-15
HF,22,32,113,MELD_lambda0_reportN,-0.00967543538576318,-6.83239412713537e-16
HF,22,32,113,MELD_lambda0_equal,0.00119736560915038,0.00119736560915084
HF,22,32,113,MELD_lambda1_afproj,-0.00830953922680059,-7.9329169511094e-16
HF,22,32,113,EUR,-0.0202785731650186,-1.65389029380762e-15
HF,22,32,113,EAS,-0.0132314842039381,-5.56561239036789e-16
HF,22,32,113,AFR,-0.00677949454541106,-3.06902659196867e-16
HF,22,32,113,CSA,-0.00701044854009535,-8.67606653931251e-16
HF,22,32,113,AMR,-0.018386658470088,-1.05418903102615e-15
HF,22,32,113,MID,-0.00799197726119709,2.17104839294649e-17
HF,22,34,304,MELD_lambda0_afproj,-0.0382996676905314,-2.64737324773579e-15
HF,22,34,304,MELD_lambda0_reportN,-0.0383984696520446,-2.72364453981351e-15
HF,22,34,304,MELD_lambda0_equal,-0.00634394200949724,-1.31464194320107e-15
HF,22,34,304,MELD_lambda1_afproj,-0.0343721366700076,-2.93675065942031e-15
HF,22,34,304,EUR,-0.0657194983016865,-4.00811868934654e-15
HF,22,34,304,EAS,-0.0449458216934617,-2.42603439822077e-15
HF,22,34,304,AFR,-0.0381664062676975,-2.63294254522128e-15
HF,22,34,304,CSA,-0.0458823293274329,-2.43526093004176e-15
HF,22,34,304,AMR,-0.0539722428650152,-3.66507282763803e-15
HF,22,34,304,MID,-0.0383413914776027,-2.88708920138594e-15
HF,22,37,662,MELD_lambda0_afproj,-0.0497006726125019,-2.77245372595158e-15
HF,22,37,662,MELD_lambda0_reportN,-0.0506229178418074,-2.46286257995099e-15
HF,22,37,662,MELD_lambda0_equal,-0.00972456525500502,-1.33653554375923e-15
HF,22,37,662,MELD_lambda1_afproj,-0.0455499961364119,-2.44225659296423e-15
HF,22,37,662,EUR,-0.0891313204936347,-3.82323574908253e-15
HF,22,37,662,EAS,-0.055914197435901,-2.54886003363831e-15
HF,22,37,662,AFR,-0.0346370875142024,-1.932169612652e-15
HF,22,37,662,CSA,-0.0646903034733362,-3.22225917145769e-15
HF,22,37,662,AMR,-0.0731159874510795,-4.78398040964218e-15
HF,22,37,662,MID,-0.0554069973719564,-2.7214043417547e-15
HF,22,38,40,MELD_lambda0_afproj,0.00575697508787818,0.00575697508787766
HF,22,38,40,MELD_lambda0_reportN,0.00699227698304042,0.00699227698304001
HF,22,38,40,MELD_lambda0_equal,0.0171031203428299,0.0171031203428297
HF,22,38,40,MELD_lambda1_afproj,0.00595241595716751,0.00595241595716722
HF,22,38,40,EUR,-0.00258532276884659,-2.11658621290389e-16
HF,22,38,40,EAS,0.00294543336151862,0.00294543336151815
HF,22,38,40,AFR,0.00543029994923339,0.00543029994923364
HF,22,38,40,CSA,0.000577640411003512,0.000577640411003665
HF,22,38,40,AMR,0.00477221536045146,0.00477221536045136
HF,22,38,40,MID,0.0133317566087213,0.0133317566087213
HF,22,39,168,MELD_lambda0_afproj,-0.0253531801844009,-2.56660517214318e-15
HF,22,39,168,MELD_lambda0_reportN,-0.0253495752172802,-2.10489245539732e-15
HF,22,39,168,MELD_lambda0_equal,-0.0019220459858324,-1.03443511282076e-15
HF,22,39,168,MELD_lambda1_afproj,-0.022552088215216,-2.22584125803844e-15
HF,22,39,168,EUR,-0.0393069611681526,-2.9097000325004e-15
HF,22,39,168,EAS,-0.0364467359905384,-2.68559614288426e-15
HF,22,39,168,AFR,-0.0149577056748719,-1.40654313981393e-15
HF,22,39,168,CSA,-0.0346833443031236,-2.58413091665482e-15
HF,22,39,168,AMR,-0.0346024661029441,-2.66687655799656e-15
HF,22,39,168,MID,-0.0182924276729959,-1.9373034417059e-15
HF,22,40,37,MELD_lambda0_afproj,-0.00149532011149616,-6.20648896314364e-16
HF,22,40,37,MELD_lambda0_reportN,-0.00118786872540711,-5.57552565401966e-16
HF,22,40,37,MELD_lambda0_equal,0.00112647164025834,0.00112647164025754
HF,22,40,37,MELD_lambda1_afproj,-0.00122947111351503,1.83134272008996e-16
HF,22,40,37,EUR,-0.0168700249661221,-1.81670396445815e-15
HF,22,40,37,EAS,-0.00105634833243139,-1.14182218429252e-16
HF,22,40,37,AFR,3.27031633371669e-16,4.14137819941146e-16
HF,22,40,37,CSA,-0.00932589976227227,-5.91549562022015e-16
HF,22,40,37,AMR,-0.00342913760732986,-1.39006686482267e-15
HF,22,40,37,MID,-1.01984485792123e-16,3.13116276281652e-16
HF,22,41,244,MELD_lambda0_afproj,-0.0311644307593702,-2.72438437508182e-15
HF,22,41,244,MELD_lambda0_reportN,-0.0313086237137151,-2.92308010818815e-15
HF,22,41,244,MELD_lambda0_equal,-0.0052466553104507,-1.50229322567703e-15
HF,22,41,244,MELD_lambda1_afproj,-0.028734880633283,-2.63667194034969e-15
HF,22,41,244,EUR,-0.054298903609891,-3.42585752642848e-15
HF,22,41,244,EAS,-0.0368956178843386,-2.39807617254019e-15
HF,22,41,244,AFR,-0.0194543288361035,-2.85026598789138e-15
HF,22,41,244,CSA,-0.0379882064454546,-3.84357929840606e-15
HF,22,41,244,AMR,-0.0429355066415098,-3.00628929535843e-15
HF,22,41,244,MID,-0.0267349536568449,-2.05940399975428e-15
HF,22,42,240,MELD_lambda0_afproj,-0.0210245540072354,-2.36351926150264e-15
HF,22,42,240,MELD_lambda0_reportN,-0.0203797177297495,-2.63459644801495e-15
HF,22,42,240,MELD_lambda0_equal,-0.0042442972403753,-1.47269243261697e-15
HF,22,42,240,MELD_lambda1_afproj,-0.0194757208945087,-2.79728412408e-15
HF,22,42,240,EUR,-0.0408659402526193,-4.48689120048022e-15
HF,22,42,240,EAS,-0.0355231623231289,-2.31554638754038e-15
HF,22,42,240,AFR,-0.023945943726066,-1.57906337466236e-15
HF,22,42,240,CSA,-0.0324274618623395,-3.15109702834157e-15
HF,22,42,240,AMR,-0.0375148142375931,-2.90558392163608e-15
HF,22,42,240,MID,-0.0313961033646838,-2.3702409658087e-15
HF,22,43,45,MELD_lambda0_afproj,-0.00207113166801207,1.39385079219294e-16
HF,22,43,45,MELD_lambda0_reportN,-0.00169447932374339,-1.98333266456128e-16
HF,22,43,45,MELD_lambda0_equal,-0.000223785514409815,1.30529883845812e-16
HF,22,43,45,MELD_lambda1_afproj,-0.001801505757047,-5.53190193280165e-16
HF,22,43,45,EUR,-0.00965354824731591,-9.49604454633364e-16
HF,22,43,45,EAS,-0.0070468799923166,-7.28398321820613e-16
HF,22,43,45,AFR,-0.00173877910848611,6.88153283271916e-16
HF,22,43,45,CSA,-0.00391920456680453,-3.38221276119722e-16
HF,22,43,45,AMR,-0.0066011123069996,-1.9557665440891e-16
HF,22,43,45,MID,-0.000511273470331503,8.46650088362141e-16
HF,22,44,142,MELD_lambda0_afproj,-0.00714770622839412,-1.94029520010861e-15
HF,22,44,142,MELD_lambda0_reportN,-0.00700016744493811,-2.02320192450134e-15
HF,22,44,142,MELD_lambda0_equal,-0.000681571698400638,2.33025720507781e-16
HF,22,44,142,MELD_lambda1_afproj,-0.00646945912423372,-1.0558990505394e-15
HF,22,44,142,EUR,-0.0176105178593977,-2.40797205434982e-15
HF,22,44,142,EAS,-0.0151014689410968,-1.0165772464437e-15
HF,22,44,142,AFR,-0.00477017314166438,-4.48615745283483e-16
HF,22,44,142,CSA,-0.0110401134523093,-2.08424579027291e-15
HF,22,44,142,AMR,-0.0170679057188196,-7.7250826036133e-16
HF,22,44,142,MID,-0.00599484740746086,-9.27964128152004e-16
HF,22,45,150,MELD_lambda0_afproj,-0.00289677958347593,-1.078314417027e-15
HF,22,45,150,MELD_lambda0_reportN,-0.00302449757821097,-1.64201777129326e-16
HF,22,45,150,MELD_lambda0_equal,0.00179976588778978,0.00179976588778929
HF,22,45,150,MELD_lambda1_afproj,-0.00274130449766386,-2.45821488415555e-16
HF,22,45,150,EUR,-0.0146623308313758,-2.37926013464101e-15
HF,22,45,150,EAS,-0.0129078465555173,-3.46594616561413e-16
HF,22,45,150,AFR,-0.00528275825308901,-6.34561743335799e-16
HF,22,45,150,CSA,-0.00711980858636487,-4.32811592753146e-16
HF,22,45,150,AMR,-0.0177033293738262,-1.07879314323035e-15
HF,22,45,150,MID,-0.00920236265818567,-8.45026748266539e-16
HF,22,46,160,MELD_lambda0_afproj,-0.0037342668292065,-7.87048462950844e-16
HF,22,46,160,MELD_lambda0_reportN,-0.00359103717732314,-1.22564533056358e-15
HF,22,46,160,MELD_lambda0_equal,2.62651059598297e-06,2.62651059601767e-06
HF,22,46,160,MELD_lambda1_afproj,-0.00338307779422108,-5.18084680572567e-16
HF,22,46,160,EUR,-0.0201190624534423,-1.58947424765223e-15
HF,22,46,160,EAS,-0.0168660313158051,-6.60490464763801e-16
HF,22,46,160,AFR,1.79333686190613e-16,4.59067431181932e-16
HF,22,46,160,CSA,-0.0151043540043518,-1.32423847653272e-15
HF,22,46,160,AMR,-0.0210904398418576,-9.18642053089554e-16
HF,22,46,160,MID,-0.0093160119881686,-1.66619285838372e-15
HF,22,47,154,MELD_lambda0_afproj,-0.0129021551756701,-1.36386103073618e-15
HF,22,47,154,MELD_lambda0_reportN,-0.0129692649475203,-1.4538099569869e-15
HF,22,47,154,MELD_lambda0_equal,-0.000119064446666596,-5.23486236898916e-16
HF,22,47,154,MELD_lambda1_afproj,-0.0122313980222497,-2.32527604156479e-15
HF,22,47,154,EUR,-0.0254734607248352,-3.05630867031816e-15
HF,22,47,154,EAS,-0.0172535039726221,-1.63473308752126e-15
HF,22,47,154,AFR,-0.00818071781485916,-1.02121219786845e-15
HF,22,47,154,CSA,-0.0187891466406935,-1.77371392260331e-15
HF,22,47,154,AMR,-0.0255631857048026,-2.31491035065041e-15
HF,22,47,154,MID,-0.0152725585720983,-1.82630288624119e-15
HF,22,48,119,MELD_lambda0_afproj,-0.0182183724514364,-2.36929517488047e-15
HF,22,48,119,MELD_lambda0_reportN,-0.0183207550126839,-2.16803243875182e-15
HF,22,48,119,MELD_lambda0_equal,-0.0037919269282033,-1.2694145888629e-15
HF,22,48,119,MELD_lambda1_afproj,-0.0175423654300997,-1.87495519258058e-15
HF,22,48,119,EUR,-0.0388898433414287,-2.52849636386691e-15
HF,22,48,119,EAS,-0.0317352752632586,-2.16283295216828e-15
HF,22,48,119,AFR,-0.0139307715073002,-1.29722243319111e-15
HF,22,48,119,CSA,-0.023493185985388,-2.90509489015667e-15
HF,22,48,119,AMR,-0.0265351686370364,-2.01924841688338e-15
HF,22,48,119,MID,-0.0320398198075468,-1.67856348305016e-15
HF,22,49,159,MELD_lambda0_afproj,-0.0115718252174292,-9.21217948193993e-16
HF,22,49,159,MELD_lambda0_reportN,-0.0113184408037975,-9.14703551166498e-16
HF,22,49,159,MELD_lambda0_equal,-0.00068175714841556,-8.92720506589919e-16
HF,22,49,159,MELD_lambda1_afproj,-0.0096900887430734,-9.64005997070288e-16
HF,22,49,159,EUR,-0.0284396239968214,-1.536132829586e-15
HF,22,49,159,EAS,-0.017966499082929,-1.06926660227461e-15
HF,22,49,159,AFR,-0.00643828736708179,-7.66563135798165e-16
HF,22,49,159,CSA,-0.0115537640995178,-8.7372839299579e-16
HF,22,49,159,AMR,-0.0172676130050104,-1.17573205588393e-15
HF,22,49,159,MID,-0.0110289516239805,-6.60010596214261e-16
HF,22,50,97,MELD_lambda0_afproj,-0.00315498692140188,7.6015712732967e-17
HF,22,50,97,MELD_lambda0_reportN,-0.00281163038281571,-4.49418479619222e-16
HF,22,50,97,MELD_lambda0_equal,0.00163801477249915,0.00163801477249873
HF,22,50,97,MELD_lambda1_afproj,-0.00294503522109548,-9.03490904811663e-16
HF,22,50,97,EUR,-0.012118313265648,-1.00080414653929e-15
HF,22,50,97,EAS,-0.00854600918606962,-4.02257571733885e-16
HF,22,50,97,AFR,0.00232853592300249,0.00232853592300278
HF,22,50,97,CSA,-0.00948076437446733,-6.24691732997231e-16
HF,22,50,97,AMR,-0.00791891007903578,-5.89825150904017e-16
HF,22,50,97,MID,-0.00721916918871036,5.62885231942452e-16
HF,22,52,37,MELD_lambda0_afproj,-0.00531057014507575,-1.35970213019518e-16
HF,22,52,37,MELD_lambda0_reportN,-0.00582277520398962,-1.00409486014227e-15
HF,22,52,37,MELD_lambda0_equal,0.0012772542084898,0.00127725420848989
HF,22,52,37,MELD_lambda1_afproj,-0.00496759606204479,-7.13033557041815e-16
HF,22,52,37,EUR,-0.0118250587977372,-3.71947521089436e-15
HF,22,52,37,EAS,-0.00635219780629413,-3.42282038891548e-16
HF,22,52,37,AFR,-0.00501712914443681,-1.11094154855775e-15
HF,22,52,37,CSA,-0.0063427547364969,-5.36493232239784e-16
HF,22,52,37,AMR,-0.009295170195645,-1.54050219069124e-15
HF,22,52,37,MID,-0.00456908171078356,-4.93451861420094e-16
HF,22,53,354,MELD_lambda0_afproj,-0.0558565975989853,-4.10544265332435e-15
HF,22,53,354,MELD_lambda0_reportN,-0.0567647144856329,-4.89962677599345e-15
HF,22,53,354,MELD_lambda0_equal,-0.0122285107022915,-2.19587135968875e-15
HF,22,53,354,MELD_lambda1_afproj,-0.0526365110498331,-5.74224991734154e-15
HF,22,53,354,EUR,-0.0911856794564138,-6.54476166239021e-15
HF,22,53,354,EAS,-0.0622453759203107,-8.70603300894601e-15
HF,22,53,354,AFR,-0.0437071464413737,-2.50600737220605e-15
HF,22,53,354,CSA,-0.0696609981633172,-4.54709169478548e-15
HF,22,53,354,AMR,-0.0703020404725872,-4.87026090957018e-15
HF,22,53,354,MID,-0.0578455412783569,-3.72436419241839e-15
HF,22,54,48,MELD_lambda0_afproj,0.00192935616023289,0.00192935616022922
HF,22,54,48,MELD_lambda0_reportN,0.00234518710309324,0.00234518710309523
HF,22,54,48,MELD_lambda0_equal,0.0230675317075045,0.0230675317075044
HF,22,54,48,MELD_lambda1_afproj,0.00191387869541069,0.00191387869541072
HF,22,54,48,EUR,-0.00304548134463591,-2.24622413138854e-15
HF,22,54,48,EAS,0.00646085527356919,0.00646085527356818
HF,22,54,48,AFR,0.0616014880978798,0.0616014880978805
HF,22,54,48,CSA,0.00531370694727692,0.00531370694727614
HF,22,54,48,AMR,0.00684406676142849,0.00684406676142537
HF,22,54,48,MID,0.0318768230444098,0.0318768230444087
HF,22,55,218,MELD_lambda0_afproj,-0.0206208723401631,-2.14156345354329e-15
HF,22,55,218,MELD_lambda0_reportN,-0.0206530462653181,-2.59429126289281e-15
HF,22,55,218,MELD_lambda0_equal,-0.000589930228339905,9.12448034127339e-16
HF,22,55,218,MELD_lambda1_afproj,-0.0172664009910087,-1.65799375618276e-15
HF,22,55,218,EUR,-0.0479704231792947,-3.00781133803819e-15
HF,22,55,218,EAS,-0.0258427625159889,-1.77454571329131e-15
HF,22,55,218,AFR,-0.00845398275839039,-1.02792537298357e-15
HF,22,55,218,CSA,-0.0211010476198718,-2.7363090485716e-15
HF,22,55,218,AMR,-0.0322402716293853,-2.78115319581092e-15
HF,22,55,218,MID,-0.0172252857031778,-1.68362967946189e-15
HF,22,56,30,MELD_lambda0_afproj,0.0029161396196404,0.00291613961964044
HF,22,56,30,MELD_lambda0_reportN,0.00241884246016266,0.00241884246016256
HF,22,56,30,MELD_lambda0_equal,0.00915847361796031,0.00915847361796016
HF,22,56,30,MELD_lambda1_afproj,0.00266928099026316,0.00266928099026305
HF,22,56,30,EUR,-0.00156413825938962,3.71207543900786e-16
HF,22,56,30,EAS,0.0149798927771599,0.0149798927771594
HF,22,56,30,AFR,0.00774956899631904,0.00774956899631881
HF,22,56,30,CSA,0.0210478221531281,0.0210478221531278
HF,22,56,30,AMR,-0.000683478990531019,-4.63996178180431e-17
HF,22,56,30,MID,0.00715793593825016,0.00715793593824989
HF,22,57,231,MELD_lambda0_afproj,-0.0321900890737054,-2.73898710921207e-15
HF,22,57,231,MELD_lambda0_reportN,-0.0319576483835632,-2.38924701154647e-15
HF,22,57,231,MELD_lambda0_equal,-0.00634270374415777,-1.09530141459723e-15
HF,22,57,231,MELD_lambda1_afproj,-0.0296078416319573,-3.14284782143402e-15
HF,22,57,231,EUR,-0.0490540341782461,-3.71709618268871e-15
HF,22,57,231,EAS,-0.0491521500203206,-3.91818985271432e-15
HF,22,57,231,AFR,-0.0332516519967804,-1.62286180595143e-15
HF,22,57,231,CSA,-0.0464796966078027,-2.91518373703353e-15
HF,22,57,231,AMR,-0.0512117207138611,-3.20227601509982e-15
HF,22,57,231,MID,-0.0284236041961513,-2.93340032944899e-15
HF,22,58,301,MELD_lambda0_afproj,-0.00963930571149351,-9.39301531801699e-16
HF,22,58,301,MELD_lambda0_reportN,-0.00963491390588789,-1.21186383286268e-15
HF,22,58,301,MELD_lambda0_equal,-0.00119863698631121,-7.38905768192495e-16
HF,22,58,301,MELD_lambda1_afproj,-0.0092074053801403,-1.15423392255319e-15
HF,22,58,301,EUR,-0.0319094419521859,-3.45389736815679e-15
HF,22,58,301,EAS,-0.0207180169207934,-1.60892544556433e-15
HF,22,58,301,AFR,-0.00510572560651134,-1.61352491745785e-15
HF,22,58,301,CSA,-0.0190641522375943,-1.47376296867736e-15
HF,22,58,301,AMR,-0.0282023201507787,-2.69378004954651e-15
HF,22,58,301,MID,-0.0222216640961665,-1.47097676813903e-15
HF,22,60,163,MELD_lambda0_afproj,-0.000782984281675175,-3.46815091261834e-16
HF,22,60,163,MELD_lambda0_reportN,-6.59066261263923e-05,-6.92260701956698e-16
HF,22,60,163,MELD_lambda0_equal,0.00189500709467541,0.00189500709467468
HF,22,60,163,MELD_lambda1_afproj,-0.000595828562452196,-7.78263127190025e-16
HF,22,60,163,EUR,-0.0141724715309012,-8.64512321889693e-16
HF,22,60,163,EAS,-0.00558367996554772,-8.90421265211415e-16
HF,22,60,163,AFR,0.00989950401644475,0.00989950401644438
HF,22,60,163,CSA,-0.00789733632953139,-8.51316600733622e-16
HF,22,60,163,AMR,-0.0055557903602593,-7.64028411231632e-16
HF,22,60,163,MID,-0.0059566320533803,-1.12147616984715e-15
HF,22,61,264,MELD_lambda0_afproj,-0.0172238819044608,-1.98811730641922e-15
HF,22,61,264,MELD_lambda0_reportN,-0.0173432999690451,-1.99801827921658e-15
HF,22,61,264,MELD_lambda0_equal,-0.00314564259365786,-1.62972255644259e-15
HF,22,61,264,MELD_lambda1_afproj,-0.0159525580444971,-1.72215491038038e-15
HF,22,61,264,EUR,-0.036228492489204,-2.31042483120901e-15
HF,22,61,264,EAS,-0.0275462687535404,-1.91321681611761e-15
HF,22,61,264,AFR,-0.0124284338181567,-1.3605589040413e-15
HF,22,61,264,CSA,-0.0250446389914857,-1.82744741664389e-15
HF,22,61,264,AMR,-0.031708335591451,-1.78296782285325e-15
HF,22,61,264,MID,-0.024401615953002,-1.58737928910389e-15
HF,22,63,60,MELD_lambda0_afproj,0.00257445049792358,0.00257445049792305
HF,22,63,60,MELD_lambda0_reportN,0.00283246610497958,0.00283246610497969
HF,22,63,60,MELD_lambda0_equal,0.0147858816027682,0.0147858816027689
HF,22,63,60,MELD_lambda1_afproj,0.00245999998539008,0.00245999998538983
HF,22,63,60,EUR,-0.000755400511702572,2.68006956562713e-16
HF,22,63,60,EAS,0.013020591503228,0.0130205915032275
HF,22,63,60,AFR,0.0372389122084989,0.0372389122084985
HF,22,63,60,CSA,0.0075133422552438,0.00751334225524405
HF,22,63,60,AMR,0.0120114474324602,0.0120114474324597
HF,22,63,60,MID,0.00693206159314609,0.00693206159314544
HF,22,64,173,MELD_lambda0_afproj,-0.00636331505183779,-8.07218118085313e-16
HF,22,64,173,MELD_lambda0_reportN,-0.00608853135616367,-6.97256903419072e-16
HF,22,64,173,MELD_lambda0_equal,1.34047819615412e-11,1.34056114945326e-11
HF,22,64,173,MELD_lambda1_afproj,-0.00607224947419203,-1.03602977208093e-15
HF,22,64,173,EUR,-0.0213531867916677,-1.79584492489958e-15
HF,22,64,173,EAS,-0.0108140821260164,-7.9288029520553e-16
HF,22,64,173,AFR,-0.00232581523849693,1.07386914006448e-17
HF,22,64,173,CSA,-0.0168845721987854,-1.3579894571033e-15
HF,22,64,173,AMR,-0.0223379569341823,-1.48025034588412e-15
HF,22,64,173,MID,-0.000687977059007713,-4.5628084261974e-16
HF,22,65,42,MELD_lambda0_afproj,-0.00330014739057985,4.40619940144134e-16
HF,22,65,42,MELD_lambda0_reportN,-0.00295690255259763,-8.04623879175319e-17
HF,22,65,42,MELD_lambda0_equal,0.00872462533658477,0.00872462533658493
HF,22,65,42,MELD_lambda1_afproj,-0.00289554372017537,1.22647830870299e-16
HF,22,65,42,EUR,-0.00807624856100235,-3.77990744187809e-16
HF,22,65,42,EAS,-0.0043615777093949,1.7032896910925e-16
HF,22,65,42,AFR,0.0179879154597538,0.0179879154597536
HF,22,65,42,CSA,-0.000999115789712461,-1.87391080018636e-16
HF,22,65,42,AMR,-0.00101039386639928,-3.10306631417909e-16
HF,22,65,42,MID,0.0104434559457364,0.0104434559457363
HF,22,66,196,MELD_lambda0_afproj,-0.00946695792981145,-1.261080484924e-15
HF,22,66,196,MELD_lambda0_reportN,-0.00908743545383688,-7.20365193684701e-16
HF,22,66,196,MELD_lambda0_equal,0.00354371151014276,0.00354371151014349
HF,22,66,196,MELD_lambda1_afproj,-0.00893574847475713,-7.31885818511496e-16
HF,22,66,196,EUR,-0.0248899243798832,-2.62058978897695e-15
HF,22,66,196,EAS,-0.0149348075748187,-8.44662283701898e-16
HF,22,66,196,AFR,0.00624598064612373,0.00624598064612316
HF,22,66,196,CSA,-0.0139663798810309,-1.12374224553462e-15
HF,22,66,196,AMR,-0.0211881218186925,-1.16878104355082e-15
HF,22,66,196,MID,-0.0117586829733329,-5.79066339887517e-16
HF,22,67,186,MELD_lambda0_afproj,-0.00429274728063854,-2.71630228062579e-16
HF,22,67,186,MELD_lambda0_reportN,-0.00329820959237694,-2.80566406823267e-16
HF,22,67,186,MELD_lambda0_equal,-0.00105195452627111,4.2893709630718e-16
HF,22,67,186,MELD_lambda1_afproj,-0.00380376132857238,-5.68108447336945e-16
HF,22,67,186,EUR,-0.0190119207127945,-2.28269355675703e-15
HF,22,67,186,EAS,-0.0107701855599521,-1.52493545718833e-15
HF,22,67,186,AFR,-0.00408321286502603,-1.11381789982063e-15
HF,22,67,186,CSA,-0.00946471331067721,-5.35733974409421e-16
HF,22,67,186,AMR,-0.0162431696329215,-7.23506910742149e-16
HF,22,67,186,MID,-0.0106326021760224,-1.19662181819687e-15
HF,22,68,123,MELD_lambda0_afproj,-0.000227852109763952,-3.70229392687366e-16
HF,22,68,123,MELD_lambda0_reportN,0.000226241359073419,0.000226241359072974
HF,22,68,123,MELD_lambda0_equal,0.00801766532848603,0.00801766532848547
HF,22,68,123,MELD_lambda1_afproj,-0.000188682029116544,-2.42041633471172e-16
HF,22,68,123,EUR,-0.0175183021209826,-1.36429877929608e-15
HF,22,68,123,EAS,-0.00436070274155408,-3.5640261304447e-16
HF,22,68,123,AFR,0.0140874120173053,0.0140874120173055
HF,22,68,123,CSA,-0.00263678598561792,-4.10679254149886e-16
HF,22,68,123,AMR,-0.000758155482545857,3.4694328878767e-18
HF,22,68,123,MID,0.00318248351244977,0.00318248351245055
HF,22,70,190,MELD_lambda0_afproj,-0.00516391485812004,-5.13803198191986e-16
HF,22,70,190,MELD_lambda0_reportN,-0.00478099436975931,-8.94901991926786e-16
HF,22,70,190,MELD_lambda0_equal,-0.000760831344932199,2.70678642717972e-18
HF,22,70,190,MELD_lambda1_afproj,-0.00443780373246485,-2.87803645639451e-16
HF,22,70,190,EUR,-0.0203581441922273,-1.14178035924805e-15
HF,22,70,190,EAS,-0.00999137763794958,-1.04734395281316e-15
HF,22,70,190,AFR,-0.00199809070699414,-1.94029113042508e-15
HF,22,70,190,CSA,-0.00934644433940766,-8.70796102420423e-16
HF,22,70,190,AMR,-0.0120394119007589,-1.08650244804678e-15
HF,22,70,190,MID,-0.00658672717644143,-5.04289456188227e-16
HF,22,71,144,MELD_lambda0_afproj,-0.000958785743991107,-5.13372931515218e-16
HF,22,71,144,MELD_lambda0_reportN,-0.00079976357230255,-4.28264273059577e-16
HF,22,71,144,MELD_lambda0_equal,0.00881526858985886,0.00881526858985881
HF,22,71,144,MELD_lambda1_afproj,-0.00078773857472547,7.51027293186935e-16
HF,22,71,144,EUR,-0.0143815578617393,-9.34577198122256e-16
HF,22,71,144,EAS,-0.00352289473618018,2.64168135727139e-16
HF,22,71,144,AFR,-8.29956455662695e-05,-4.37150315946173e-16
HF,22,71,144,CSA,0.00623516109897455,0.00623516109897418
HF,22,71,144,AMR,-0.00640381688811802,-5.19889198626348e-16
HF,22,71,144,MID,0.00595771071241563,0.00595771071241467
HF,22,72,53,MELD_lambda0_afproj,-0.000164647331900216,1.55666121131599e-16
HF,22,72,53,MELD_lambda0_reportN,-0.00016332332664659,-9.20598175992251e-17
HF,22,72,53,MELD_lambda0_equal,-6.57792288663112e-05,-3.39464194109585e-16
HF,22,72,53,MELD_lambda1_afproj,-0.000161702839020255,-4.4584706353989e-16
HF,22,72,53,EUR,-0.00122763367496948,5.67519339669423e-17
HF,22,72,53,EAS,-0.00130049302689615,-3.7107586977454e-18
HF,22,72,53,AFR,-6.61053859814381e-05,9.85318706980549e-16
HF,22,72,53,CSA,-0.000165771637137508,-8.39711347172315e-17
HF,22,72,53,AMR,-5.33314969626547e-17,-1.40804649076079e-16
HF,22,72,53,MID,-0.000546221421128086,-1.21027383762718e-15
HF,22,74,359,MELD_lambda0_afproj,-0.0292269562128485,-3.73281535036613e-15
HF,22,74,359,MELD_lambda0_reportN,-0.0294772197085337,-2.2912350998582e-15
HF,22,74,359,MELD_lambda0_equal,-0.00647186095197741,-1.91885548590343e-15
HF,22,74,359,MELD_lambda1_afproj,-0.0277240527301593,-2.14736929882228e-15
HF,22,74,359,EUR,-0.0547919476319503,-3.39873472373624e-15
HF,22,74,359,EAS,-0.0432921625648447,-2.27193566521885e-15
HF,22,74,359,AFR,-0.0410176400343128,-3.23307342092743e-15
HF,22,74,359,CSA,-0.0506436283085581,-2.72303543078308e-15
HF,22,74,359,AMR,-0.0531594300590941,-2.0098805727946e-15
HF,22,74,359,MID,-0.0500047095448193,-2.9883758564015e-15
IPF,22,1,66,MELD_lambda0_afproj,0.00033937394237479,0.000339373942375824
IPF,22,1,66,MELD_lambda0_reportN,0.000287763429467122,0.000287763429466015
IPF,22,1,66,MELD_lambda0_equal,0.00651871183702615,0.0065187118370269
IPF,22,1,66,MELD_lambda1_afproj,0.000323066863126416,0.000323066863126236
IPF,22,1,66,EUR,-0.00889342730162591,-1.18750680868259e-15
IPF,22,1,66,EAS,-0.00169956634152718,2.60173692073178e-16
IPF,22,1,66,AFR,0.0074713340593891,0.00747133405938936
IPF,22,1,66,CSA,0.00203080955935562,0.00203080955935494
IPF,22,1,66,AMR,-0.00421637644339383,-5.03456504302673e-16
IPF,22,1,66,MID,0.00437172653741152,0.00437172653741098
IPF,22,2,39,MELD_lambda0_afproj,0.00881316941456338,0.00881316941456374
IPF,22,2,39,MELD_lambda0_reportN,0.00938896067089724,0.0093889606708979
IPF,22,2,39,MELD_lambda0_equal,0.032252240616352,0.0322522406163521
IPF,22,2,39,MELD_lambda1_afproj,0.00864288455100637,0.00864288455100629
IPF,22,2,39,EUR,0.00588086430912524,0.00588086430912601
IPF,22,2,39,EAS,0.00683070546285086,0.006830705462851
IPF,22,2,39,AFR,0.0371569677064189,0.0371569677064182
IPF,22,2,39,CSA,0.0110570721503263,0.0110570721503262
IPF,22,2,39,AMR,0.0167556518538522,0.0167556518538525
IPF,22,2,39,MID,0.0262918803741695,0.0262918803741694
IPF,22,4,160,MELD_lambda0_afproj,-0.0113428817372187,-1.48218630196921e-15
IPF,22,4,160,MELD_lambda0_reportN,-0.0112961807187369,-1.12980615555865e-15
IPF,22,4,160,MELD_lambda0_equal,-9.42205976764375e-06,-5.22348973998393e-16
IPF,22,4,160,MELD_lambda1_afproj,-0.0102743009822761,-1.24420591306593e-15
IPF,22,4,160,EUR,-0.0203732550799833,-1.89711878577439e-15
IPF,22,4,160,EAS,-0.0180751846413997,-1.13860590932426e-15
IPF,22,4,160,AFR,-0.000755925964254477,-2.7433868288112e-16
IPF,22,4,160,CSA,-0.0181288694751051,-1.29181851622868e-15
IPF,22,4,160,AMR,-0.0152886827248347,-1.35029965604076e-15
IPF,22,4,160,MID,-0.00739219505623293,-2.81021248144223e-16
IPF,22,5,86,MELD_lambda0_afproj,-0.00735669391479586,-7.3508843105587e-16
IPF,22,5,86,MELD_lambda0_reportN,-0.00752335392073681,-1.21031863972701e-15
IPF,22,5,86,MELD_lambda0_equal,-0.00023132438358737,-4.99623555110973e-16
IPF,22,5,86,MELD_lambda1_afproj,-0.00689386660494424,-6.29757439770315e-16
IPF,22,5,86,EUR,-0.0192599412655133,-1.52840938796807e-15
IPF,22,5,86,EAS,-0.016671756130929,-5.56822007153911e-16
IPF,22,5,86,AFR,-0.000954156656223227,7.22846839507687e-16
IPF,22,5,86,CSA,-0.00678458145028205,-5.73742512698976e-16
IPF,22,5,86,AMR,-0.0136507313065323,-1.0768282915381e-15
IPF,22,5,86,MID,-0.000583181041425436,1.94693588170393e-16
IPF,22,7,272,MELD_lambda0_afproj,-0.0390783041009849,-2.84822590620202e-15
IPF,22,7,272,MELD_lambda0_reportN,-0.039957404927009,-2.69146144170328e-15
IPF,22,7,272,MELD_lambda0_equal,-0.00836101994184562,-1.23424384315426e-15
IPF,22,7,272,MELD_lambda1_afproj,-0.0375031860081339,-2.98176778894335e-15
IPF,22,7,272,EUR,-0.0659912711534755,-4.45118367086169e-15
IPF,22,7,272,EAS,-0.0488392641791964,-2.9635974854516e-15
IPF,22,7,272,AFR,-0.035873270701161,-2.05614762495465e-15
IPF,22,7,272,CSA,-0.045191739272887,-3.54411333883221e-15
IPF,22,7,272,AMR,-0.0541529626658634,-2.88346853918084e-15
IPF,22,7,272,MID,-0.0388426704936762,-2.32046710503343e-15
IPF,22,8,86,MELD_lambda0_afproj,-0.00380256326131353,-2.44657262060001e-16
IPF,22,8,86,MELD_lambda0_reportN,-0.00393769898741178,-3.1957153732038e-16
IPF,22,8,86,MELD_lambda0_equal,-0.00010102197359239,-9.62335051015928e-17
IPF,22,8,86,MELD_lambda1_afproj,-0.0035580234741274,-5.05404595130505e-16
IPF,22,8,86,EUR,-0.0137095267730018,-7.02047002621521e-16
IPF,22,8,86,EAS,-0.00692296313632911,-7.11705478270022e-16
IPF,22,8,86,AFR,-0.000731629481182018,-1.38777883165245e-17
IPF,22,8,86,CSA,-0.00386571728839582,-1.09159066080037e-15
IPF,22,8,86,AMR,-0.00879255581332865,-2.15568505173153e-16
IPF,22,8,86,MID,-6.71319681619095e-17,4.03375291713753e-16
IPF,22,10,189,MELD_lambda0_afproj,-0.0174763436671089,-1.56859687933438e-15
IPF,22,10,189,MELD_lambda0_reportN,-0.0179631508164776,-1.3953319106687e-15
IPF,22,10,189,MELD_lambda0_equal,-0.00151231368104353,-5.77137970214188e-16
IPF,22,10,189,MELD_lambda1_afproj,-0.0163559317880536,-1.41113286271244e-15
IPF,22,10,189,EUR,-0.032961620018829,-1.97980173382983e-15
IPF,22,10,189,EAS,-0.0263934930660195,-1.66482555469801e-15
IPF,22,10,189,AFR,-0.00649108909729831,-3.17366699452394e-16
IPF,22,10,189,CSA,-0.0270346782460702,-1.67757360505496e-15
IPF,22,10,189,AMR,-0.0263420797164208,-1.68031245563095e-15
IPF,22,10,189,MID,-0.0190106251112553,-1.27588550307052e-15
IPF,22,11,123,MELD_lambda0_afproj,-0.025790248163087,-2.71128325690825e-15
IPF,22,11,123,MELD_lambda0_reportN,-0.0267540027050633,-2.56334017733433e-15
IPF,22,11,123,MELD_lambda0_equal,-0.00271170738258513,-1.03522464306875e-15
IPF,22,11,123,MELD_lambda1_afproj,-0.024616395654338,-2.39583237098272e-15
IPF,22,11,123,EUR,-0.0415601111507013,-3.09430885650831e-15
IPF,22,11,123,EAS,-0.0273849419583496,-2.34497977750596e-15
IPF,22,11,123,AFR,-0.0150719326022181,-1.54055980217469e-15
IPF,22,11,123,CSA,-0.0299389830719133,-1.84975957162691e-15
IPF,22,11,123,AMR,-0.0309133846707428,-2.0051533565649e-15
IPF,22,11,123,MID,-0.0269070898503741,-2.04239407683481e-15
IPF,22,12,47,MELD_lambda0_afproj,-0.00975295985744,-1.10311294069168e-15
IPF,22,12,47,MELD_lambda0_reportN,-0.00981063871476629,-1.04394264615932e-15
IPF,22,12,47,MELD_lambda0_equal,-0.00277100572439978,-8.77889307606273e-17
IPF,22,12,47,MELD_lambda1_afproj,-0.00787613502623556,-1.22083796467784e-15
IPF,22,12,47,EUR,-0.0202114982067924,-3.14602487397415e-15
IPF,22,12,47,EAS,-0.0172334283018486,-1.59720652922745e-15
IPF,22,12,47,AFR,-0.00251142783865835,-8.42157656910477e-16
IPF,22,12,47,CSA,-0.0108811168078454,-1.68181532923857e-15
IPF,22,12,47,AMR,-0.0229563119186822,-1.33875058020281e-15
IPF,22,12,47,MID,-0.007839722118416,-1.2075236359289e-15
IPF,22,13,91,MELD_lambda0_afproj,-0.0129435934647599,-1.44939239005104e-15
IPF,22,13,91,MELD_lambda0_reportN,-0.0133412355236049,-1.279376131142e-15
IPF,22,13,91,MELD_lambda0_equal,2.54529019664516e-05,2.54529019656797e-05
IPF,22,13,91,MELD_lambda1_afproj,-0.0125340606053626,-1.10241747766196e-15
IPF,22,13,91,EUR,-0.0225405253870884,-1.62827615625115e-15
IPF,22,13,91,EAS,-0.0165153070545674,-1.43951783785761e-15
IPF,22,13,91,AFR,-0.00276545246391402,-2.56898302593476e-16
IPF,22,13,91,CSA,-0.0152669978425881,-8.92387685312357e-16
IPF,22,13,91,AMR,-0.019702706799692,-1.02823525796483e-15
IPF,22,13,91,MID,-0.0132738107263859,-9.54214969134507e-16
IPF,22,14,57,MELD_lambda0_afproj,-0.00407255122138541,4.65675011173019e-17
IPF,22,14,57,MELD_lambda0_reportN,-0.00389270943064967,-3.86395571753773e-16
IPF,22,14,57,MELD_lambda0_equal,-0.000115632092669246,8.04368066178567e-17
IPF,22,14,57,MELD_lambda1_afproj,-0.00382889523847178,-8.4487848657035e-16
IPF,22,14,57,EUR,-0.00851832443885535,-5.80631440142527e-16
IPF,22,14,57,EAS,-0.00971263812655002,-5.99386504803077e-16
IPF,22,14,57,AFR,-0.00571123131074152,-7.73540139534313e-16
IPF,22,14,57,CSA,-0.0077432220407163,-1.48503288077223e-15
IPF,22,14,57,AMR,-0.00864373580960639,-9.88881246829863e-16
IPF,22,14,57,MID,-0.000693278104729191,-4.21170598489149e-16
IPF,22,16,44,MELD_lambda0_afproj,-0.002122323021478,-1.23314045297693e-16
IPF,22,16,44,MELD_lambda0_reportN,-0.00236321613091683,-4.88852152329896e-16
IPF,22,16,44,MELD_lambda0_equal,0.00748949581569691,0.00748949581569728
IPF,22,16,44,MELD_lambda1_afproj,-0.00180000314839386,-3.28001954131738e-16
IPF,22,16,44,EUR,-0.00518741618597877,-7.53845783266253e-16
IPF,22,16,44,EAS,-0.00441878663640309,-8.45444695675985e-17
IPF,22,16,44,AFR,0.0144827192204734,0.0144827192204733
IPF,22,16,44,CSA,0.00426627648802394,0.0042662764880238
IPF,22,16,44,AMR,-0.00137914615313688,-2.04693982033474e-17
IPF,22,16,44,MID,0.00211768085976326,0.00211768085976275
IPF,22,17,85,MELD_lambda0_afproj,-0.0077162449633652,-1.63106431990865e-15
IPF,22,17,85,MELD_lambda0_reportN,-0.00797507228505089,-1.38564321586606e-15
IPF,22,17,85,MELD_lambda0_equal,-0.00106749769404217,-1.18470053010734e-15
IPF,22,17,85,MELD_lambda1_afproj,-0.0073724403716487,-1.18616581192874e-15
IPF,22,17,85,EUR,-0.0193655003700447,-1.86894468494626e-15
IPF,22,17,85,EAS,-0.015664954813528,-1.78357200633181e-15
IPF,22,17,85,AFR,-0.00361990682814194,-1.23164297083622e-15
IPF,22,17,85,CSA,-0.0126135142246458,-1.73404964023897e-15
IPF,22,17,85,AMR,-0.0137051309044409,-1.17845307489387e-15
IPF,22,17,85,MID,-0.0113226642713846,-1.50634800476575e-15
IPF,22,19,195,MELD_lambda0_afproj,-0.013964793574014,-1.28022956235339e-15
IPF,22,19,195,MELD_lambda0_reportN,-0.0138514358514706,-1.79970345191529e-15
IPF,22,19,195,MELD_lambda0_equal,-0.00178770385715433,-1.13386939497571e-15
IPF,22,19,195,MELD_lambda1_afproj,-0.0130019753080697,-1.24225671693686e-15
IPF,22,19,195,EUR,-0.0342333549612223,-1.78214950950512e-15
IPF,22,19,195,EAS,-0.0280985342069413,-9.76819005980982e-16
IPF,22,19,195,AFR,-0.0101528840772185,-8.51887879711904e-16
IPF,22,19,195,CSA,-0.0182654898323499,-1.37272762937494e-15
IPF,22,19,195,AMR,-0.0280352950609121,-1.4905367877056e-15
IPF,22,19,195,MID,-0.0216704002118405,-1.23418086552412e-15
IPF,22,20,94,MELD_lambda0_afproj,-0.0152885325533203,-1.47884477071511e-15
IPF,22,20,94,MELD_lambda0_reportN,-0.0161605418372153,-1.33250673221331e-15
IPF,22,20,94,MELD_lambda0_equal,-0.00185429539709287,-1.88870051559927e-16
IPF,22,20,94,MELD_lambda1_afproj,-0.0149635998002995,-1.76155081206919e-15
IPF,22,20,94,EUR,-0.0312742453739316,-2.63607125249309e-15
IPF,22,20,94,EAS,-0.0264329940550705,-2.48811189233506e-15
IPF,22,20,94,AFR,-0.0145575009873594,-8.88497484639738e-16
IPF,22,20,94,CSA,-0.0206245191504786,-3.06185123492204e-15
IPF,22,20,94,AMR,-0.0277839742537037,-6.2756041879795e-15
IPF,22,20,94,MID,-0.0209337887439669,-2.19961782671924e-15
IPF,22,21,51,MELD_lambda0_afproj,-0.00252306155555183,2.39728517799526e-16
IPF,22,21,51,MELD_lambda0_reportN,-0.00235523876656991,-7.62425808032751e-16
IPF,22,21,51,MELD_lambda0_equal,0.0088962866331041,0.00889628663310353
IPF,22,21,51,MELD_lambda1_afproj,-0.00244591567603457,8.84663526470405e-16
IPF,22,21,51,EUR,-0.00677776629100877,-6.70029987484082e-16
IPF,22,21,51,EAS,-0.00250258853543896,-4.75314232418098e-16
IPF,22,21,51,AFR,0.0157480239868165,0.0157480239868162
IPF,22,21,51,CSA,-0.00243495655836492,-2.9298589727607e-16
IPF,22,21,51,AMR,-0.00258109037783464,-6.36400392586475e-17
IPF,22,21,51,MID,0.00787401199340855,0.0078740119934083
IPF,22,22,152,MELD_lambda0_afproj,-0.00877900277604666,-9.21291872176519e-16
IPF,22,22,152,MELD_lambda0_reportN,-0.00946260919293733,-9.63711886712876e-16
IPF,22,22,152,MELD_lambda0_equal,-0.00097236954028738,-2.90493771137011e-16
IPF,22,22,152,MELD_lambda1_afproj,-0.00835267959519028,-1.49383758172537e-15
IPF,22,22,152,EUR,-0.0228929914587045,-1.94226739269455e-15
IPF,22,22,152,EAS,-0.0132723189297113,-1.17207592474005e-15
IPF,22,22,152,AFR,-0.00517195064098081,-2.05510536482303e-16
IPF,22,22,152,CSA,-0.014361165314514,-1.65698177201901e-15
IPF,22,22,152,AMR,-0.016721933639666,-9.34101416670983e-16
IPF,22,22,152,MID,-0.00820669671520529,-9.58287021974675e-16
IPF,22,23,165,MELD_lambda0_afproj,-0.0048743602091326,-1.2777440010525e-15
IPF,22,23,165,MELD_lambda0_reportN,-0.00494839613845423,-2.00159472303361e-15
IPF,22,23,165,MELD_lambda0_equal,-0.000610914020240316,2.25660161166998e-16
IPF,22,23,165,MELD_lambda1_afproj,-0.00454561685642539,-1.61167900147761e-15
IPF,22,23,165,EUR,-0.0172789821336183,-1.94858290053957e-15
IPF,22,23,165,EAS,-0.0140611439409687,-1.21611725936572e-15
IPF,22,23,165,AFR,-0.00142725548050906,-8.07461734093264e-16
IPF,22,23,165,CSA,-0.00593433586340875,-1.66094092332294e-15
IPF,22,23,165,AMR,-0.0141456411756999,-1.97934787686067e-15
IPF,22,23,165,MID,-0.00941425960691933,-1.19329100800533e-15
IPF,22,25,115,MELD_lambda0_afproj,-0.00960839595410203,-1.23425771709107e-15
IPF,22,25,115,MELD_lambda0_reportN,-0.00961183001351796,-5.82702400861511e-16
IPF,22,25,115,MELD_lambda0_equal,-3.33731960957228e-05,-7.95279464464763e-18
IPF,22,25,115,MELD_lambda1_afproj,-0.00912016940190433,-1.07084249041837e-15
IPF,22,25,115,EUR,-0.0166428430473256,-1.26197885004023e-15
IPF,22,25,115,EAS,-0.0150215069477861,-4.18697501484546e-16
IPF,22,25,115,AFR,-1.64983685825214e-16,-1.27901628890093e-16
IPF,22,25,115,CSA,-0.0108152548046151,-1.13045192921491e-15
IPF,22,25,115,AMR,-0.0142204760023589,-6.57284374067329e-16
IPF,22,25,115,MID,-0.00797675919118851,-4.82183308371916e-16
IPF,22,26,183,MELD_lambda0_afproj,-0.0149947312906405,-1.64415917886689e-15
IPF,22,26,183,MELD_lambda0_reportN,-0.0152313526093521,-1.60916138136946e-15
IPF,22,26,183,MELD_lambda0_equal,-0.00160330289145588,-8.93914724336031e-16
IPF,22,26,183,MELD_lambda1_afproj,-0.0146123174019453,-1.58365242200087e-15
IPF,22,26,183,EUR,-0.0296427623244861,-2.07267538550603e-15
IPF,22,26,183,EAS,-0.0234762855714525,-1.31825424425101e-15
IPF,22,26,183,AFR,-0.012197035656195,-1.58901236640377e-15
IPF,22,26,183,CSA,-0.0226661874303654,-1.68388538448934e-15
IPF,22,26,183,AMR,-0.0218273153982329,-1.70658528290135e-15
IPF,22,26,183,MID,-0.0178794818188576,-9.70020397908628e-16
IPF,22,27,340,MELD_lambda0_afproj,-0.0192905200885046,-1.21899156895567e-15
IPF,22,27,340,MELD_lambda0_reportN,-0.0198992128568836,-1.26827541790613e-15
IPF,22,27,340,MELD_lambda0_equal,-0.00205310973643007,-6.26534645959561e-16
IPF,22,27,340,MELD_lambda1_afproj,-0.0180903099899532,-1.51272738106387e-15
IPF,22,27,340,EUR,-0.0425261322620299,-1.83451220681001e-15
IPF,22,27,340,EAS,-0.0268748505600719,-1.37551516034115e-15
IPF,22,27,340,AFR,-0.0116563395952947,-1.29865522436083e-15
IPF,22,27,340,CSA,-0.0233471115294134,-1.42168982569542e-15
IPF,22,27,340,AMR,-0.0315827967477293,-1.48978572429279e-15
IPF,22,27,340,MID,-0.0229773967188458,-1.21937939743181e-15
IPF,22,28,214,MELD_lambda0_afproj,-0.00456115389032505,-8.1492818640696e-16
IPF,22,28,214,MELD_lambda0_reportN,-0.00491233637959269,-8.69562761129766e-16
IPF,22,28,214,MELD_lambda0_equal,0.00256834127954266,0.00256834127954196
IPF,22,28,214,MELD_lambda1_afproj,-0.00377918472116863,-5.17282954386604e-16
IPF,22,28,214,EUR,-0.0171107770926098,-1.71651444878951e-15
IPF,22,28,214,EAS,-0.00782298958552817,-3.86098916622273e-16
IPF,22,28,214,AFR,0.0041456970054151,0.00414569700541505
IPF,22,28,214,CSA,-0.00943858278560665,-9.46949697574307e-16
IPF,22,28,214,AMR,-0.0118348303934919,-8.80713334281222e-16
IPF,22,28,214,MID,-0.00321872180660552,5.49165341022853e-16
IPF,22,29,291,MELD_lambda0_afproj,-0.0310927376235725,-3.15109817288999e-15
IPF,22,29,291,MELD_lambda0_reportN,-0.0324490652593741,-3.11988627941845e-15
IPF,22,29,291,MELD_lambda0_equal,-0.00480447964447588,-6.64829038883822e-16
IPF,22,29,291,MELD_lambda1_afproj,-0.0296971599631037,-2.84643248610929e-15
IPF,22,29,291,EUR,-0.0549844513937313,-4.71211834766196e-15
IPF,22,29,291,EAS,-0.0432340852442705,-3.21000750229368e-15
IPF,22,29,291,AFR,-0.0248161270607768,-1.74143667276367e-15
IPF,22,29,291,CSA,-0.0420380762784297,-2.69698645755835e-15
IPF,22,29,291,AMR,-0.0471539011608165,-4.11051177382554e-15
IPF,22,29,291,MID,-0.0418511008897882,-2.55326615169586e-15
IPF,22,31,359,MELD_lambda0_afproj,-0.0465513041166942,-3.69300521847705e-15
IPF,22,31,359,MELD_lambda0_reportN,-0.0475595257060895,-3.48816110163176e-15
IPF,22,31,359,MELD_lambda0_equal,-0.00907071329093141,-1.79289272204282e-15
IPF,22,31,359,MELD_lambda1_afproj,-0.0439401722420939,-4.51723126785332e-15
IPF,22,31,359,EUR,-0.0741261930884456,-5.32095764181216e-15
IPF,22,31,359,EAS,-0.0607247882038477,-3.15078877484272e-15
IPF,22,31,359,AFR,-0.0422448735295981,-2.66588293754723e-15
IPF,22,31,359,CSA,-0.0564085460401789,-3.03332317064636e-15
IPF,22,31,359,AMR,-0.067515194662787,-5.47859037037029e-15
IPF,22,31,359,MID,-0.0553246207429045,-3.21552791347418e-15
IPF,22,32,113,MELD_lambda0_afproj,-0.00966604488445009,-4.74977209496585e-16
IPF,22,32,113,MELD_lambda0_reportN,-0.0102122072427708,-3.66816106268971e-16
IPF,22,32,113,MELD_lambda0_equal,0.00119736560915038,0.00119736560915084
IPF,22,32,113,MELD_lambda1_afproj,-0.00867246368573345,-8.35375428299966e-16
IPF,22,32,113,EUR,-0.0202785731650186,-1.65389029380762e-15
IPF,22,32,113,EAS,-0.0132314842039381,-5.56561239036789e-16
IPF,22,32,113,AFR,-0.00677949454541106,-3.06902659196867e-16
IPF,22,32,113,CSA,-0.00701044854009535,-8.67606653931251e-16
IPF,22,32,113,AMR,-0.018386658470088,-1.05418903102615e-15
IPF,22,32,113,MID,-0.00799197726119709,2.17104839294649e-17
IPF,22,34,302,MELD_lambda0_afproj,-0.0407535866197078,-3.27817253055126e-15
IPF,22,34,302,MELD_lambda0_reportN,-0.0414028094787007,-2.83243568271766e-15
IPF,22,34,302,MELD_lambda0_equal,-0.00633464375187735,-1.20494853640191e-15
IPF,22,34,302,MELD_lambda1_afproj,-0.0365869258272737,-2.76233701900167e-15
IPF,22,34,302,EUR,-0.0653958416740357,-3.87104024408367e-15
IPF,22,34,302,EAS,-0.0448424338750241,-2.63283777898533e-15
IPF,22,34,302,AFR,-0.0380524720580708,-1.85732347080532e-15
IPF,22,34,302,CSA,-0.045880002137473,-2.53055450133979e-15
IPF,22,34,302,AMR,-0.0539538447244099,-3.29463285360194e-15
IPF,22,34,302,MID,-0.0382436808143318,-2.42232301581777e-15
IPF,22,37,660,MELD_lambda0_afproj,-0.0513558384012385,-2.59734968061041e-15
IPF,22,37,660,MELD_lambda0_reportN,-0.0529185405330204,-2.76630352836842e-15
IPF,22,37,660,MELD_lambda0_equal,-0.00970858217030427,-1.83852102352585e-15
IPF,22,37,660,MELD_lambda1_afproj,-0.047065960134549,-2.76746730334244e-15
IPF,22,37,660,EUR,-0.0890407349989659,-3.56923669500028e-15
IPF,22,37,660,EAS,-0.0559112558476441,-2.53117327309238e-15
IPF,22,37,660,AFR,-0.0345972741148129,-1.86952962669412e-15
IPF,22,37,660,CSA,-0.0646879709987509,-3.10008036731396e-15
IPF,22,37,660,AMR,-0.0730830623405997,-3.82638352149333e-15
IPF,22,37,660,MID,-0.0553983195337042,-2.03161390094488e-15
IPF,22,38,39,MELD_lambda0_afproj,0.0029603187519818,0.00296031875198193
IPF,22,38,39,MELD_lambda0_reportN,0.00367061106560851,0.00367061106560874
IPF,22,38,39,MELD_lambda0_equal,0.0171038727497105,0.0171038727497105
IPF,22,38,39,MELD_lambda1_afproj,0.00307019526982323,0.00307019526982279
IPF,22,38,39,EUR,-0.00257587040145148,1.94992919642178e-16
IPF,22,38,39,EAS,0.00296756520465923,0.00296756520465861
IPF,22,38,39,AFR,0.00543030096293267,0.00543030096293286
IPF,22,38,39,CSA,0.000580273431545222,0.00058027343154481
IPF,22,38,39,AMR,0.00505296528853147,0.00505296528853179
IPF,22,38,39,MID,0.013349115672041,0.0133491156720413
IPF,22,39,168,MELD_lambda0_afproj,-0.0265837158011896,-2.28757152455547e-15
IPF,22,39,168,MELD_lambda0_reportN,-0.0269676498659765,-2.33051409313163e-15
IPF,22,39,168,MELD_lambda0_equal,-0.0019220459858324,-1.03443511282076e-15
IPF,22,39,168,MELD_lambda1_afproj,-0.0236198932463254,-2.68144770084612e-15
IPF,22,39,168,EUR,-0.0393069611681526,-2.9097000325004e-15
IPF,22,39,168,EAS,-0.0364467359905384,-2.68559614288426e-15
IPF,22,39,168,AFR,-0.0149577056748719,-1.40654313981393e-15
IPF,22,39,168,CSA,-0.0346833443031236,-2.58413091665482e-15
IPF,22,39,168,AMR,-0.0346024661029441,-2.66687655799656e-15
IPF,22,39,168,MID,-0.0182924276729959,-1.9373034417059e-15
IPF,22,40,37,MELD_lambda0_afproj,-0.00266693354856512,-3.15528224243312e-16
IPF,22,40,37,MELD_lambda0_reportN,-0.00237240998510507,-3.57826197253138e-18
IPF,22,40,37,MELD_lambda0_equal,0.00112647164025834,0.00112647164025754
IPF,22,40,37,MELD_lambda1_afproj,-0.0021801288158167,-4.4745064918811e-16
IPF,22,40,37,EUR,-0.0168700249661221,-1.81670396445815e-15
IPF,22,40,37,EAS,-0.00105634833243139,-1.14182218429252e-16
IPF,22,40,37,AFR,3.27031633371669e-16,4.14137819941146e-16
IPF,22,40,37,CSA,-0.00932589976227227,-5.91549562022015e-16
IPF,22,40,37,AMR,-0.00342913760732986,-1.39006686482267e-15
IPF,22,40,37,MID,-1.01984485792123e-16,3.13116276281652e-16
IPF,22,41,240,MELD_lambda0_afproj,-0.0324638190453396,-2.52706979131865e-15
IPF,22,41,240,MELD_lambda0_reportN,-0.0331151331924199,-3.06693377755746e-15
IPF,22,41,240,MELD_lambda0_equal,-0.00518451057293129,-1.25723061644121e-15
IPF,22,41,240,MELD_lambda1_afproj,-0.0301717695495947,-2.80041936606082e-15
IPF,22,41,240,EUR,-0.0541267759133494,-3.51759398820422e-15
IPF,22,41,240,EAS,-0.0362469267495829,-2.69775086336813e-15
IPF,22,41,240,AFR,-0.0192863605187946,-1.82153690988023e-15
IPF,22,41,240,CSA,-0.037157527471105,-3.71856916018542e-15
IPF,22,41,240,AMR,-0.042408766847496,-2.9565683109495e-15
IPF,22,41,240,MID,-0.0263566247123367,-2.13264017896782e-15
IPF,22,42,237,MELD_lambda0_afproj,-0.0234798847799484,-3.93982433497626e-15
IPF,22,42,237,MELD_lambda0_reportN,-0.0235179067501168,-2.54284856159095e-15
IPF,22,42,237,MELD_lambda0_equal,-0.00422120135137175,-1.29700262682652e-15
IPF,22,42,237,MELD_lambda1_afproj,-0.0221045245840819,-2.21932025150013e-15
IPF,22,42,237,EUR,-0.0408189112323248,-4.47970246622003e-15
IPF,22,42,237,EAS,-0.0353265105767047,-3.17087895127983e-15
IPF,22,42,237,AFR,-0.023933792194678,-1.79256081809669e-15
IPF,22,42,237,CSA,-0.0319200550814087,-4.11065773547796e-15
IPF,22,42,237,AMR,-0.0373965136411597,-3.05166853865841e-15
IPF,22,42,237,MID,-0.031219560037871,-3.57975865519058e-15
IPF,22,43,45,MELD_lambda0_afproj,-0.00359037051798935,-9.40586139520865e-17
IPF,22,43,45,MELD_lambda0_reportN,-0.00346513036412824,-4.37949227762808e-16
IPF,22,43,45,MELD_lambda0_equal,-0.000223785514409815,1.30529883845812e-16
IPF,22,43,45,MELD_lambda1_afproj,-0.00311227620976826,8.3510606635387e-17
IPF,22,43,45,EUR,-0.00965354824731591,-9.49604454633364e-16
IPF,22,43,45,EAS,-0.0070468799923166,-7.28398321820613e-16
IPF,22,43,45,AFR,-0.00173877910848611,6.88153283271916e-16
IPF,22,43,45,CSA,-0.00391920456680453,-3.38221276119722e-16
IPF,22,43,45,AMR,-0.0066011123069996,-1.9557665440891e-16
IPF,22,43,45,MID,-0.000511273470331503,8.46650088362141e-16
IPF,22,44,142,MELD_lambda0_afproj,-0.0085901665219947,-6.69412580425746e-16
IPF,22,44,142,MELD_lambda0_reportN,-0.00891985169669223,-8.70678095589656e-16
IPF,22,44,142,MELD_lambda0_equal,-0.000681571698400638,2.33025720507781e-16
IPF,22,44,142,MELD_lambda1_afproj,-0.00778578054243576,-1.14009288076476e-15
IPF,22,44,142,EUR,-0.0176105178593977,-2.40797205434982e-15
IPF,22,44,142,EAS,-0.0151014689410968,-1.0165772464437e-15
IPF,22,44,142,AFR,-0.00477017314166438,-4.48615745283483e-16
IPF,22,44,142,CSA,-0.0110401134523093,-2.08424579027291e-15
IPF,22,44,142,AMR,-0.0170679057188196,-7.7250826036133e-16
IPF,22,44,142,MID,-0.00599484740746086,-9.27964128152004e-16
IPF,22,45,150,MELD_lambda0_afproj,-0.00360839126661955,-6.04246447631151e-16
IPF,22,45,150,MELD_lambda0_reportN,-0.00405114889060392,-1.49055992480932e-15
IPF,22,45,150,MELD_lambda0_equal,0.00179976588778978,0.00179976588778929
IPF,22,45,150,MELD_lambda1_afproj,-0.00346974224448687,-7.93814733414957e-16
IPF,22,45,150,EUR,-0.0146623308313758,-2.37926013464101e-15
IPF,22,45,150,EAS,-0.0129078465555173,-3.46594616561413e-16
IPF,22,45,150,AFR,-0.00528275825308901,-6.34561743335799e-16
IPF,22,45,150,CSA,-0.00711980858636487,-4.32811592753146e-16
IPF,22,45,150,AMR,-0.0177033293738262,-1.07879314323035e-15
IPF,22,45,150,MID,-0.00920236265818567,-8.45026748266539e-16
IPF,22,46,160,MELD_lambda0_afproj,-0.0046065980929906,-1.18692447353102e-15
IPF,22,46,160,MELD_lambda0_reportN,-0.00477353777383568,-8.67616353707878e-16
IPF,22,46,160,MELD_lambda0_equal,2.62651059598297e-06,2.62651059601767e-06
IPF,22,46,160,MELD_lambda1_afproj,-0.00418621732649485,-1.26236564753725e-15
IPF,22,46,160,EUR,-0.0201190624534423,-1.58947424765223e-15
IPF,22,46,160,EAS,-0.0168660313158051,-6.60490464763801e-16
IPF,22,46,160,AFR,1.79333686190613e-16,4.59067431181932e-16
IPF,22,46,160,CSA,-0.0151043540043518,-1.32423847653272e-15
IPF,22,46,160,AMR,-0.0210904398418576,-9.18642053089554e-16
IPF,22,46,160,MID,-0.0093160119881686,-1.66619285838372e-15
IPF,22,47,154,MELD_lambda0_afproj,-0.0137600889933558,-1.83457830209764e-15
IPF,22,47,154,MELD_lambda0_reportN,-0.0141281895237956,-2.21667862129037e-15
IPF,22,47,154,MELD_lambda0_equal,-0.000119064446666596,-5.23486236898916e-16
IPF,22,47,154,MELD_lambda1_afproj,-0.0130878358891242,-1.53272158690115e-15
IPF,22,47,154,EUR,-0.0254734607248352,-3.05630867031816e-15
IPF,22,47,154,EAS,-0.0172535039726221,-1.63473308752126e-15
IPF,22,47,154,AFR,-0.00818071781485916,-1.02121219786845e-15
IPF,22,47,154,CSA,-0.0187891466406935,-1.77371392260331e-15
IPF,22,47,154,AMR,-0.0255631857048026,-2.31491035065041e-15
IPF,22,47,154,MID,-0.0152725585720983,-1.82630288624119e-15
IPF,22,48,118,MELD_lambda0_afproj,-0.0193398252734753,-1.8975272132668e-15
IPF,22,48,118,MELD_lambda0_reportN,-0.0196251743315887,-2.66219466874654e-15
IPF,22,48,118,MELD_lambda0_equal,-0.0037764212569848,-1.76988196582086e-15
IPF,22,48,118,MELD_lambda1_afproj,-0.018631301425997,-2.20417307875153e-15
IPF,22,48,118,EUR,-0.0388761637918784,-2.25669045343335e-15
IPF,22,48,118,EAS,-0.0317190855057466,-2.11532584210014e-15
IPF,22,48,118,AFR,-0.0139248106431974,-1.9872617055728e-15
IPF,22,48,118,CSA,-0.0234851393770068,-2.54944363935312e-15
IPF,22,48,118,AMR,-0.026534843358641,-3.17887233018357e-15
IPF,22,48,118,MID,-0.0320348921313575,-1.79711644044017e-15
IPF,22,49,159,MELD_lambda0_afproj,-0.0130189190860475,-1.3515945691443e-15
IPF,22,49,159,MELD_lambda0_reportN,-0.0134246065158325,-1.3147714175152e-15
IPF,22,49,159,MELD_lambda0_equal,-0.00068175714841556,-8.92720506589919e-16
IPF,22,49,159,MELD_lambda1_afproj,-0.010906204869516,-2.74330675656336e-15
IPF,22,49,159,EUR,-0.0284396239968214,-1.536132829586e-15
IPF,22,49,159,EAS,-0.017966499082929,-1.06926660227461e-15
IPF,22,49,159,AFR,-0.00643828736708179,-7.66563135798165e-16
IPF,22,49,159,CSA,-0.0115537640995178,-8.7372839299579e-16
IPF,22,49,159,AMR,-0.0172676130050104,-1.17573205588393e-15
IPF,22,49,159,MID,-0.0110289516239805,-6.60010596214261e-16
IPF,22,50,97,MELD_lambda0_afproj,-0.00399673874840349,-6.96138352080684e-17
IPF,22,50,97,MELD_lambda0_reportN,-0.00393040649457234,-3.51513269160732e-16
IPF,22,50,97,MELD_lambda0_equal,0.00163801477249915,0.00163801477249873
IPF,22,50,97,MELD_lambda1_afproj,-0.0036712163946645,-6.68621810764312e-16
IPF,22,50,97,EUR,-0.012118313265648,-1.00080414653929e-15
IPF,22,50,97,EAS,-0.00854600918606962,-4.02257571733885e-16
IPF,22,50,97,AFR,0.00232853592300249,0.00232853592300278
IPF,22,50,97,CSA,-0.00948076437446733,-6.24691732997231e-16
IPF,22,50,97,AMR,-0.00791891007903578,-5.89825150904017e-16
IPF,22,50,97,MID,-0.00721916918871036,5.62885231942452e-16
IPF,22,52,37,MELD_lambda0_afproj,-0.00526005998148122,-8.07259770276665e-16
IPF,22,52,37,MELD_lambda0_reportN,-0.00570581513888388,-1.85437207099451e-16
IPF,22,52,37,MELD_lambda0_equal,0.0012772542084898,0.00127725420848989
IPF,22,52,37,MELD_lambda1_afproj,-0.00501470001050274,-6.90329505786405e-16
IPF,22,52,37,EUR,-0.0118250587977372,-3.71947521089436e-15
IPF,22,52,37,EAS,-0.00635219780629413,-3.42282038891548e-16
IPF,22,52,37,AFR,-0.00501712914443681,-1.11094154855775e-15
IPF,22,52,37,CSA,-0.0063427547364969,-5.36493232239784e-16
IPF,22,52,37,AMR,-0.009295170195645,-1.54050219069124e-15
IPF,22,52,37,MID,-0.00456908171078356,-4.93451861420094e-16
IPF,22,53,353,MELD_lambda0_afproj,-0.0583066482993601,-4.19078368941208e-15
IPF,22,53,353,MELD_lambda0_reportN,-0.0597878557800509,-5.83428136222787e-15
IPF,22,53,353,MELD_lambda0_equal,-0.0122161417237148,-2.52598099099049e-15
IPF,22,53,353,MELD_lambda1_afproj,-0.0551300342945945,-7.10125830703572e-15
IPF,22,53,353,EUR,-0.0911121727165389,-7.29549920231844e-15
IPF,22,53,353,EAS,-0.0622220104628574,-7.8052815396147e-15
IPF,22,53,353,AFR,-0.0436753921325247,-2.01536878524834e-15
IPF,22,53,353,CSA,-0.0695903065922323,-3.8791297736379e-15
IPF,22,53,353,AMR,-0.0702452684013537,-4.93877344954981e-15
IPF,22,53,353,MID,-0.0578352652199805,-3.32840994656707e-15
IPF,22,54,48,MELD_lambda0_afproj,0.00121891197921191,0.0012189119792125
IPF,22,54,48,MELD_lambda0_reportN,0.00129098026572921,0.00129098026573004
IPF,22,54,48,MELD_lambda0_equal,0.0230675317075045,0.0230675317075044
IPF,22,54,48,MELD_lambda1_afproj,0.00122970827493402,0.00122970827492766
IPF,22,54,48,EUR,-0.00304548134463591,-2.24622413138854e-15
IPF,22,54,48,EAS,0.00646085527356919,0.00646085527356818
IPF,22,54,48,AFR,0.0616014880978798,0.0616014880978805
IPF,22,54,48,CSA,0.00531370694727692,0.00531370694727614
IPF,22,54,48,AMR,0.00684406676142849,0.00684406676142537
IPF,22,54,48,MID,0.0318768230444098,0.0318768230444087
IPF,22,55,217,MELD_lambda0_afproj,-0.0221453728611441,-2.64583102095158e-15
IPF,22,55,217,MELD_lambda0_reportN,-0.0228441436666645,-2.26516046398058e-15
IPF,22,55,217,MELD_lambda0_equal,-0.000564000975821646,-3.15038760794895e-16
IPF,22,55,217,MELD_lambda1_afproj,-0.0185058270907223,-2.90432441167785e-15
IPF,22,55,217,EUR,-0.0479700666728398,-3.27673317783065e-15
IPF,22,55,217,EAS,-0.0257657938411527,-2.44671331169335e-15
IPF,22,55,217,AFR,-0.00845327840514289,-6.80853857783437e-16
IPF,22,55,217,CSA,-0.0210887344099385,-2.79103923459433e-15
IPF,22,55,217,AMR,-0.032239304189205,-2.75194750072263e-15
IPF,22,55,217,MID,-0.0172163308067884,-1.53283518970381e-15
IPF,22,56,30,MELD_lambda0_afproj,0.00294205675972082,0.00294205675972066
IPF,22,56,30,MELD_lambda0_reportN,0.00247962513265586,0.0024796251326552
IPF,22,56,30,MELD_lambda0_equal,0.00915847361796031,0.00915847361796016
IPF,22,56,30,MELD_lambda1_afproj,0.00272529976171148,0.00272529976171161
IPF,22,56,30,EUR,-0.00156413825938962,3.71207543900786e-16
IPF,22,56,30,EAS,0.0149798927771599,0.0149798927771594
IPF,22,56,30,AFR,0.00774956899631904,0.00774956899631881
IPF,22,56,30,CSA,0.0210478221531281,0.0210478221531278
IPF,22,56,30,AMR,-0.000683478990531019,-4.63996178180431e-17
IPF,22,56,30,MID,0.00715793593825016,0.00715793593824989
IPF,22,57,231,MELD_lambda0_afproj,-0.0341262802737904,-3.82196734322899e-15
IPF,22,57,231,MELD_lambda0_reportN,-0.0345355323756671,-3.42163118877606e-15
IPF,22,57,231,MELD_lambda0_equal,-0.00634270374415777,-1.09530141459723e-15
IPF,22,57,231,MELD_lambda1_afproj,-0.0315021426912262,-3.05867301058582e-15
IPF,22,57,231,EUR,-0.0490540341782461,-3.71709618268871e-15
IPF,22,57,231,EAS,-0.0491521500203206,-3.91818985271432e-15
IPF,22,57,231,AFR,-0.0332516519967804,-1.62286180595143e-15
IPF,22,57,231,CSA,-0.0464796966078027,-2.91518373703353e-15
IPF,22,57,231,AMR,-0.0512117207138611,-3.20227601509982e-15
IPF,22,57,231,MID,-0.0284236041961513,-2.93340032944899e-15
IPF,22,58,301,MELD_lambda0_afproj,-0.0111277755934786,-1.72418755212453e-15
IPF,22,58,301,MELD_lambda0_reportN,-0.0115720024320711,-1.51704242308826e-15
IPF,22,58,301,MELD_lambda0_equal,-0.00119863698631121,-7.38905768192495e-16
IPF,22,58,301,MELD_lambda1_afproj,-0.0105727032263737,-1.3096342294634e-15
IPF,22,58,301,EUR,-0.0319094419521859,-3.45389736815679e-15
IPF,22,58,301,EAS,-0.0207180169207934,-1.60892544556433e-15
IPF,22,58,301,AFR,-0.00510572560651134,-1.61352491745785e-15
IPF,22,58,301,CSA,-0.0190641522375943,-1.47376296867736e-15
IPF,22,58,301,AMR,-0.0282023201507787,-2.69378004954651e-15
IPF,22,58,301,MID,-0.0222216640961665,-1.47097676813903e-15
IPF,22,60,163,MELD_lambda0_afproj,-0.00318953242633122,-8.27335801250445e-17
IPF,22,60,163,MELD_lambda0_reportN,-0.00279818170752152,-4.19736454118028e-16
IPF,22,60,163,MELD_lambda0_equal,0.00189500709467541,0.00189500709467468
IPF,22,60,163,MELD_lambda1_afproj,-0.00256874318649929,-1.08520250826455e-15
IPF,22,60,163,EUR,-0.0141724715309012,-8.64512321889693e-16
IPF,22,60,163,EAS,-0.00558367996554772,-8.90421265211415e-16
IPF,22,60,163,AFR,0.00989950401644475,0.00989950401644438
IPF,22,60,163,CSA,-0.00789733632953139,-8.51316600733622e-16
IPF,22,60,163,AMR,-0.0055557903602593,-7.64028411231632e-16
IPF,22,60,163,MID,-0.0059566320533803,-1.12147616984715e-15
IPF,22,61,263,MELD_lambda0_afproj,-0.0184097139957498,-2.37259119461356e-15
IPF,22,61,263,MELD_lambda0_reportN,-0.0189804920396775,-1.97246699834836e-15
IPF,22,61,263,MELD_lambda0_equal,-0.00314552247389902,-1.22459989999435e-15
IPF,22,61,263,MELD_lambda1_afproj,-0.0171878516311872,-1.89225223125994e-15
IPF,22,61,263,EUR,-0.0362220706751406,-2.37734301325965e-15
IPF,22,61,263,EAS,-0.0275368264812834,-1.86561521186353e-15
IPF,22,61,263,AFR,-0.0124132384294526,-9.57627532821327e-16
IPF,22,61,263,CSA,-0.0250364904816924,-2.01936044610662e-15
IPF,22,61,263,AMR,-0.0317080718889768,-2.05240915204947e-15
IPF,22,61,263,MID,-0.0243339905774452,-1.45564855550233e-15
IPF,22,63,60,MELD_lambda0_afproj,0.00210164868446342,0.00210164868446334
IPF,22,63,60,MELD_lambda0_reportN,0.00208991375694403,0.00208991375694436
IPF,22,63,60,MELD_lambda0_equal,0.0147858816027682,0.0147858816027689
IPF,22,63,60,MELD_lambda1_afproj,0.002016828032788,0.00201682803278772
IPF,22,63,60,EUR,-0.000755400511702572,2.68006956562713e-16
IPF,22,63,60,EAS,0.013020591503228,0.0130205915032275
IPF,22,63,60,AFR,0.0372389122084989,0.0372389122084985
IPF,22,63,60,CSA,0.0075133422552438,0.00751334225524405
IPF,22,63,60,AMR,0.0120114474324602,0.0120114474324597
IPF,22,63,60,MID,0.00693206159314609,0.00693206159314544
IPF,22,64,173,MELD_lambda0_afproj,-0.00745111884241791,-1.12608044656347e-15
IPF,22,64,173,MELD_lambda0_reportN,-0.00763619886056673,-6.27658763917614e-16
IPF,22,64,173,MELD_lambda0_equal,1.34047819615412e-11,1.34056114945326e-11
IPF,22,64,173,MELD_lambda1_afproj,-0.00706847679302453,-8.28264659793575e-16
IPF,22,64,173,EUR,-0.0213531867916677,-1.79584492489958e-15
IPF,22,64,173,EAS,-0.0108140821260164,-7.9288029520553e-16
IPF,22,64,173,AFR,-0.00232581523849693,1.07386914006448e-17
IPF,22,64,173,CSA,-0.0168845721987854,-1.3579894571033e-15
IPF,22,64,173,AMR,-0.0223379569341823,-1.48025034588412e-15
IPF,22,64,173,MID,-0.000687977059007713,-4.5628084261974e-16
IPF,22,65,42,MELD_lambda0_afproj,-0.00431206407773983,-4.69689862323295e-16
IPF,22,65,42,MELD_lambda0_reportN,-0.00424228210963587,6.1042050257182e-17
IPF,22,65,42,MELD_lambda0_equal,0.00872462533658477,0.00872462533658493
IPF,22,65,42,MELD_lambda1_afproj,-0.0038498724794151,1.4613645940859e-16
IPF,22,65,42,EUR,-0.00807624856100235,-3.77990744187809e-16
IPF,22,65,42,EAS,-0.0043615777093949,1.7032896910925e-16
IPF,22,65,42,AFR,0.0179879154597538,0.0179879154597536
IPF,22,65,42,CSA,-0.000999115789712461,-1.87391080018636e-16
IPF,22,65,42,AMR,-0.00101039386639928,-3.10306631417909e-16
IPF,22,65,42,MID,0.0104434559457364,0.0104434559457363
IPF,22,66,196,MELD_lambda0_afproj,-0.0108656285476698,-8.13170534444298e-16
IPF,22,66,196,MELD_lambda0_reportN,-0.0111698857844507,-1.14810494827775e-15
IPF,22,66,196,MELD_lambda0_equal,0.00354371151014276,0.00354371151014349
IPF,22,66,196,MELD_lambda1_afproj,-0.0102208135376632,-6.74944763973155e-16
IPF,22,66,196,EUR,-0.0248899243798832,-2.62058978897695e-15
IPF,22,66,196,EAS,-0.0149348075748187,-8.44662283701898e-16
IPF,22,66,196,AFR,0.00624598064612373,0.00624598064612316
IPF,22,66,196,CSA,-0.0139663798810309,-1.12374224553462e-15
IPF,22,66,196,AMR,-0.0211881218186925,-1.16878104355082e-15
IPF,22,66,196,MID,-0.0117586829733329,-5.79066339887517e-16
IPF,22,67,185,MELD_lambda0_afproj,-0.00597566871269674,-2.33991140627056e-16
IPF,22,67,185,MELD_lambda0_reportN,-0.00577982508833017,-8.25033697285244e-16
IPF,22,67,185,MELD_lambda0_equal,-0.00105141075163443,2.83098739351774e-16
IPF,22,67,185,MELD_lambda1_afproj,-0.00532103533955929,-3.97899638327363e-16
IPF,22,67,185,EUR,-0.0189614850116956,-1.97168647515869e-15
IPF,22,67,185,EAS,-0.0107487918885734,-7.50707883142196e-16
IPF,22,67,185,AFR,-0.00408316491382318,-1.99222149194211e-16
IPF,22,67,185,CSA,-0.00940950202616229,-7.14124057039398e-16
IPF,22,67,185,AMR,-0.0162128764931857,-8.6731690845021e-16
IPF,22,67,185,MID,-0.0106275350194595,-3.9202039903782e-16
IPF,22,68,123,MELD_lambda0_afproj,-0.00149183718846039,-1.40656798075292e-16
IPF,22,68,123,MELD_lambda0_reportN,-0.00131597711268605,-2.58406335229009e-16
IPF,22,68,123,MELD_lambda0_equal,0.00801766532848603,0.00801766532848547
IPF,22,68,123,MELD_lambda1_afproj,-0.00132110116381451,3.48401120235278e-16
IPF,22,68,123,EUR,-0.0175183021209826,-1.36429877929608e-15
IPF,22,68,123,EAS,-0.00436070274155408,-3.5640261304447e-16
IPF,22,68,123,AFR,0.0140874120173053,0.0140874120173055
IPF,22,68,123,CSA,-0.00263678598561792,-4.10679254149886e-16
IPF,22,68,123,AMR,-0.000758155482545857,3.4694328878767e-18
IPF,22,68,123,MID,0.00318248351244977,0.00318248351245055
IPF,22,70,185,MELD_lambda0_afproj,-0.00601792037421633,-5.12039019308992e-16
IPF,22,70,185,MELD_lambda0_reportN,-0.00622486214517212,-4.86338221376234e-16
IPF,22,70,185,MELD_lambda0_equal,-0.000757275684447243,-7.7196054948805e-16
IPF,22,70,185,MELD_lambda1_afproj,-0.00515379321217929,-6.90957309251781e-16
IPF,22,70,185,EUR,-0.0194251227500338,-1.13476792146526e-15
IPF,22,70,185,EAS,-0.0096565057849488,-8.71646789972794e-16
IPF,22,70,185,AFR,-0.00199227399688731,-3.6423369264055e-16
IPF,22,70,185,CSA,-0.00925281147544285,-8.52310182523521e-16
IPF,22,70,185,AMR,-0.0119630667638775,-5.24602886769742e-16
IPF,22,70,185,MID,-0.00655739369874837,-8.42003253417798e-16
IPF,22,71,144,MELD_lambda0_afproj,-0.00214652706658798,-6.44897004721534e-16
IPF,22,71,144,MELD_lambda0_reportN,-0.00253034892848312,-4.67183359646121e-17
IPF,22,71,144,MELD_lambda0_equal,0.00881526858985886,0.00881526858985881
IPF,22,71,144,MELD_lambda1_afproj,-0.00190438721465622,-1.58739018911532e-16
IPF,22,71,144,EUR,-0.0143815578617393,-9.34577198122256e-16
IPF,22,71,144,EAS,-0.00352289473618018,2.64168135727139e-16
IPF,22,71,144,AFR,-8.29956455662695e-05,-4.37150315946173e-16
IPF,22,71,144,CSA,0.00623516109897455,0.00623516109897418
IPF,22,71,144,AMR,-0.00640381688811802,-5.19889198626348e-16
IPF,22,71,144,MID,0.00595771071241563,0.00595771071241467
IPF,22,72,53,MELD_lambda0_afproj,-0.000184346609924253,-7.28651320166447e-17
IPF,22,72,53,MELD_lambda0_reportN,-0.000188917716970141,-8.7603540139913e-17
IPF,22,72,53,MELD_lambda0_equal,-6.57792288663112e-05,-3.39464194109585e-16
IPF,22,72,53,MELD_lambda1_afproj,-0.00018160566031396,-5.22930290924154e-17
IPF,22,72,53,EUR,-0.00122763367496948,5.67519339669423e-17
IPF,22,72,53,EAS,-0.00130049302689615,-3.7107586977454e-18
IPF,22,72,53,AFR,-6.61053859814381e-05,9.85318706980549e-16
IPF,22,72,53,CSA,-0.000165771637137508,-8.39711347172315e-17
IPF,22,72,53,AMR,-5.33314969626547e-17,-1.40804649076079e-16
IPF,22,72,53,MID,-0.000546221421128086,-1.21027383762718e-15
IPF,22,74,357,MELD_lambda0_afproj,-0.0310114594827728,-2.14194113027414e-15
IPF,22,74,357,MELD_lambda0_reportN,-0.0318333091225782,-2.23796182050892e-15
IPF,22,74,357,MELD_lambda0_equal,-0.00647170228224429,-1.29403104985723e-15
IPF,22,74,357,MELD_lambda1_afproj,-0.0293680930502246,-2.56810294119335e-15
IPF,22,74,357,EUR,-0.0547691319337755,-4.83752615547634e-15
IPF,22,74,357,EAS,-0.0432496015047427,-2.17686499312545e-15
IPF,22,74,357,AFR,-0.0409924776852623,-2.72445754073464e-15
IPF,22,74,357,CSA,-0.050630524191334,-2.34959768595443e-15
IPF,22,74,357,AMR,-0.0530011524067933,-2.35904492224497e-15
IPF,22,74,357,MID,-0.0499889826785431,-2.45584457892276e-15
Stroke,22,1,66,MELD_lambda0_afproj,0.000606556271699162,0.00060655627169782
Stroke,22,1,66,MELD_lambda0_reportN,0.000901957660665308,0.000901957660664965
Stroke,22,1,66,MELD_lambda0_equal,0.00651871183702615,0.0065187118370269
Stroke,22,1,66,MELD_lambda1_afproj,0.000576782006947997,0.000576782006948938
Stroke,22,1,66,EUR,-0.00889342730162591,-1.18750680868259e-15
Stroke,22,1,66,EAS,-0.00169956634152718,2.60173692073178e-16
Stroke,22,1,66,AFR,0.0074713340593891,0.00747133405938936
Stroke,22,1,66,CSA,0.00203080955935562,0.00203080955935494
Stroke,22,1,66,AMR,-0.00421637644339383,-5.03456504302673e-16
Stroke,22,1,66,MID,0.00437172653741152,0.00437172653741098
Stroke,22,2,38,MELD_lambda0_afproj,0.0103425529400702,0.0103425529400705
Stroke,22,2,38,MELD_lambda0_reportN,0.0116568528956796,0.0116568528956791
Stroke,22,2,38,MELD_lambda0_equal,0.0323228321243587,0.0323228321243577
Stroke,22,2,38,MELD_lambda1_afproj,0.0103863023361749,0.0103863023361748
Stroke,22,2,38,EUR,0.00589051490034519,0.00589051490034566
Stroke,22,2,38,EAS,0.00683085223721171,0.00683085223721199
Stroke,22,2,38,AFR,0.0372012053266047,0.0372012053266057
Stroke,22,2,38,CSA,0.0110570721646083,0.0110570721646086
Stroke,22,2,38,AMR,0.0170530008035487,0.0170530008035489
Stroke,22,2,38,MID,0.0263450264558565,0.0263450264558566
Stroke,22,4,147,MELD_lambda0_afproj,-0.00730893127313822,-5.00635077026763e-16
Stroke,22,4,147,MELD_lambda0_reportN,-0.00646799483403937,-4.38150116673518e-16
Stroke,22,4,147,MELD_lambda0_equal,-9.39215976341724e-06,-6.14637643505434e-16
Stroke,22,4,147,MELD_lambda1_afproj,-0.00658990902973273,-1.15777382752252e-15
Stroke,22,4,147,EUR,-0.0159879697731978,-1.03654303853896e-15
Stroke,22,4,147,EAS,-0.0148447930403234,-1.35841233807072e-15
Stroke,22,4,147,AFR,-0.000735192163123688,-5.47479585500142e-16
Stroke,22,4,147,CSA,-0.00776838849660614,-9.8009302227279e-16
Stroke,22,4,147,AMR,-0.00812704217661804,-7.2740512793452e-16
Stroke,22,4,147,MID,-3.17034041164369e-16,-8.80727930212078e-16
Stroke,22,5,80,MELD_lambda0_afproj,-0.00651974597404952,-9.20848262789483e-17
Stroke,22,5,80,MELD_lambda0_reportN,-0.00576515945066198,-6.69068552304957e-16
Stroke,22,5,80,MELD_lambda0_equal,-0.000210518337489231,1.39333272271871e-18
Stroke,22,5,80,MELD_lambda1_afproj,-0.00610428240238438,-5.71554771353145e-16
Stroke,22,5,80,EUR,-0.0175590832619655,-1.37157225344549e-15
Stroke,22,5,80,EAS,-0.0163161656793131,-1.36014888049021e-15
Stroke,22,5,80,AFR,-0.000884057200768859,-7.34546971858929e-17
Stroke,22,5,80,CSA,-0.00490791016354683,-8.8718734142866e-16
Stroke,22,5,80,AMR,-0.0127563793090949,-2.21067623661747e-16
Stroke,22,5,80,MID,-0.00056530769128221,-4.34147098047995e-16
Stroke,22,7,274,MELD_lambda0_afproj,-0.0383646301471535,-4.16590967776363e-15
Stroke,22,7,274,MELD_lambda0_reportN,-0.0375745602369961,-2.19909620492866e-15
Stroke,22,7,274,MELD_lambda0_equal,-0.00838670805795674,-1.98835775562609e-15
Stroke,22,7,274,MELD_lambda1_afproj,-0.0366679551450694,-2.55020659008599e-15
Stroke,22,7,274,EUR,-0.065126358408111,-3.01124605112847e-15
Stroke,22,7,274,EAS,-0.0513788410962251,-4.17554768035849e-15
Stroke,22,7,274,AFR,-0.0358381577690929,-1.99491621983123e-15
Stroke,22,7,274,CSA,-0.0459426615825503,-3.88601059295696e-15
Stroke,22,7,274,AMR,-0.0544355369174066,-2.46751083956081e-15
Stroke,22,7,274,MID,-0.0396421725000284,-2.68949482054779e-15
Stroke,22,8,84,MELD_lambda0_afproj,-0.00251502997488904,-3.60988699630037e-16
Stroke,22,8,84,MELD_lambda0_reportN,-0.00222500136957745,-3.58800942540859e-16
Stroke,22,8,84,MELD_lambda0_equal,-9.55775599531677e-05,-9.25637606357691e-17
Stroke,22,8,84,MELD_lambda1_afproj,-0.00222465101850622,-2.58854672241069e-16
Stroke,22,8,84,EUR,-0.0133294983700404,-8.43126094642556e-16
Stroke,22,8,84,EAS,-0.00672793355976564,-4.30070529417116e-16
Stroke,22,8,84,AFR,-0.000731424892939154,4.01889033093394e-16
Stroke,22,8,84,CSA,-0.00385011303640995,-4.77585033669182e-16
Stroke,22,8,84,AMR,-0.00873777383294395,-2.80045856641193e-16
Stroke,22,8,84,MID,1.32948706505664e-16,1.95978945133264e-16
Stroke,22,10,186,MELD_lambda0_afproj,-0.0169843189290916,-1.13621555032427e-15
Stroke,22,10,186,MELD_lambda0_reportN,-0.0165819318989862,-1.20083984353823e-15
Stroke,22,10,186,MELD_lambda0_equal,-0.00150488031914329,3.12000765736489e-17
Stroke,22,10,186,MELD_lambda1_afproj,-0.0158272847829478,-1.27464955423046e-15
Stroke,22,10,186,EUR,-0.0326378312158447,-2.0668998796843e-15
Stroke,22,10,186,EAS,-0.0256167184360644,-2.08681604256144e-15
Stroke,22,10,186,AFR,-0.00641002116746501,-5.04340700686138e-16
Stroke,22,10,186,CSA,-0.026673115412945,-2.65291671111983e-15
Stroke,22,10,186,AMR,-0.0261919554842174,-1.47932899054649e-15
Stroke,22,10,186,MID,-0.0189213745281494,-8.62140632037945e-16
Stroke,22,11,123,MELD_lambda0_afproj,-0.0258473012387833,-1.98860995929318e-15
Stroke,22,11,123,MELD_lambda0_reportN,-0.025872463635003,-2.72418392763642e-15
Stroke,22,11,123,MELD_lambda0_equal,-0.00271170738258513,-1.03522464306875e-15
Stroke,22,11,123,MELD_lambda1_afproj,-0.0246003402551612,-2.07824712814424e-15
Stroke,22,11,123,EUR,-0.0415601111507013,-3.09430885650831e-15
Stroke,22,11,123,EAS,-0.0273849419583496,-2.34497977750596e-15
Stroke,22,11,123,AFR,-0.0150719326022181,-1.54055980217469e-15
Stroke,22,11,123,CSA,-0.0299389830719133,-1.84975957162691e-15
Stroke,22,11,123,AMR,-0.0309133846707428,-2.0051533565649e-15
Stroke,22,11,123,MID,-0.0269070898503741,-2.04239407683481e-15
Stroke,22,12,46,MELD_lambda0_afproj,-0.00950771861740768,-1.46695952423917e-15
Stroke,22,12,46,MELD_lambda0_reportN,-0.00917303857525249,-1.10523244783146e-15
Stroke,22,12,46,MELD_lambda0_equal,-0.00277669799241536,-4.5423473987829e-16
Stroke,22,12,46,MELD_lambda1_afproj,-0.0077456919339699,-6.92309487556513e-16
Stroke,22,12,46,EUR,-0.0201440193513473,-2.71619272868782e-15
Stroke,22,12,46,EAS,-0.0173702392218809,-1.32940823140505e-15
Stroke,22,12,46,AFR,-0.00251478007073906,-6.84375680941579e-16
Stroke,22,12,46,CSA,-0.0108897276172998,-1.72581950878283e-15
Stroke,22,12,46,AMR,-0.0228784036521811,-1.16178990300981e-15
Stroke,22,12,46,MID,-0.00802976007783292,-1.39515420194952e-15
Stroke,22,13,90,MELD_lambda0_afproj,-0.0128013312042878,-1.58775433441364e-15
Stroke,22,13,90,MELD_lambda0_reportN,-0.0125932453970861,-4.4653177845511e-16
Stroke,22,13,90,MELD_lambda0_equal,2.85103428022771e-05,2.8510342801701e-05
Stroke,22,13,90,MELD_lambda1_afproj,-0.0123944050770618,-9.49885760024385e-16
Stroke,22,13,90,EUR,-0.022531107750984,-2.14128764661143e-15
Stroke,22,13,90,EAS,-0.0165062485942785,-1.32866518055311e-15
Stroke,22,13,90,AFR,-0.00275245268311899,3.76382488695638e-17
Stroke,22,13,90,CSA,-0.0151430419594992,-1.44517583389913e-15
Stroke,22,13,90,AMR,-0.0197022719646731,-8.79405115041585e-16
Stroke,22,13,90,MID,-0.0132698610772812,-9.20613162068653e-16
Stroke,22,14,55,MELD_lambda0_afproj,-0.00353259393414558,-3.44485150914146e-16
Stroke,22,14,55,MELD_lambda0_reportN,-0.00286089657395076,8.21066661911588e-17
Stroke,22,14,55,MELD_lambda0_equal,-0.000115631275438584,-1.37072457379817e-16
Stroke,22,14,55,MELD_lambda1_afproj,-0.00328161868972477,3.98472856192933e-16
Stroke,22,14,55,EUR,-0.00851559769356777,-9.95133019920762e-16
Stroke,22,14,55,EAS,-0.00970354415994401,-4.78059404939911e-16
Stroke,22,14,55,AFR,-0.00571087282142332,-1.6558575959822e-16
Stroke,22,14,55,CSA,-0.00773427707436119,-1.180632020232e-15
Stroke,22,14,55,AMR,-0.00862923306520195,-1.01845466276697e-15
Stroke,22,14,55,MID,-0.000691532925775703,-1.52449653051033e-16
Stroke,22,16,34,MELD_lambda0_afproj,-0.000759855668947344,6.22315625262457e-17
Stroke,22,16,34,MELD_lambda0_reportN,-0.000609646633278378,1.74142337060437e-16
Stroke,22,16,34,MELD_lambda0_equal,0.0075997829605398,0.00759978296053961
Stroke,22,16,34,MELD_lambda1_afproj,-0.000657705101471937,-2.03496358551762e-17
Stroke,22,16,34,EUR,-0.00334467918096713,-7.41383442092309e-16
Stroke,22,16,34,EAS,-0.00221036050808343,-3.12019956643387e-16
Stroke,22,16,34,AFR,0.0146220499731476,0.0146220499731472
Stroke,22,16,34,CSA,0.00450115443453084,0.00450115443453067
Stroke,22,16,34,AMR,-0.000802745671443071,7.48096262670851e-16
Stroke,22,16,34,MID,0.00227286518484221,0.00227286518484163
Stroke,22,17,80,MELD_lambda0_afproj,-0.00677580306076036,-1.08327294482263e-15
Stroke,22,17,80,MELD_lambda0_reportN,-0.00653738328952281,-1.31268206041992e-15
Stroke,22,17,80,MELD_lambda0_equal,-0.00104680633684128,-6.19654739888023e-16
Stroke,22,17,80,MELD_lambda1_afproj,-0.00647326186906763,-1.33834492101564e-15
Stroke,22,17,80,EUR,-0.018310468819523,-1.69203209729023e-15
Stroke,22,17,80,EAS,-0.0142649849543818,-1.42257983072385e-15
Stroke,22,17,80,AFR,-0.0036021430928965,-1.29226167900318e-15
Stroke,22,17,80,CSA,-0.0119348444208623,-1.94100201890167e-15
Stroke,22,17,80,AMR,-0.0132897241897233,-1.72969097998286e-15
Stroke,22,17,80,MID,-0.0111708044421261,-1.25819337182727e-15
Stroke,22,19,196,MELD_lambda0_afproj,-0.012521216530936,-1.55727676518722e-15
Stroke,22,19,196,MELD_lambda0_reportN,-0.0115254230460071,-1.47893848376943e-15
Stroke,22,19,196,MELD_lambda0_equal,-0.0017877739530418,-6.98020302776487e-16
Stroke,22,19,196,MELD_lambda1_afproj,-0.0117289479260554,-1.25571485635942e-15
Stroke,22,19,196,EUR,-0.0342465076460216,-1.77546412374771e-15
Stroke,22,19,196,EAS,-0.0281003494559924,-1.72757581942351e-15
Stroke,22,19,196,AFR,-0.010161031030082,-8.29268308129293e-16
Stroke,22,19,196,CSA,-0.0182667102319807,-1.60351088758569e-15
Stroke,22,19,196,AMR,-0.0280926114449729,-1.50961250559853e-15
Stroke,22,19,196,MID,-0.0216773205982018,-9.68292089412375e-16
Stroke,22,20,89,MELD_lambda0_afproj,-0.0151280728012274,-3.80640856546725e-15
Stroke,22,20,89,MELD_lambda0_reportN,-0.0153456586759333,-1.15168339878866e-15
Stroke,22,20,89,MELD_lambda0_equal,-0.00178371990815484,-1.1343811575616e-15
Stroke,22,20,89,MELD_lambda1_afproj,-0.0147689658498798,-1.91619305824222e-15
Stroke,22,20,89,EUR,-0.0303644366729271,-2.19358918028605e-15
Stroke,22,20,89,EAS,-0.0252217114648525,-2.00702020163995e-15
Stroke,22,20,89,AFR,-0.0142619493330099,-2.10598836226775e-15
Stroke,22,20,89,CSA,-0.0203545564665296,-2.6353757541257e-15
Stroke,22,20,89,AMR,-0.027193779711977,-2.17948739469146e-15
Stroke,22,20,89,MID,-0.0196329083795555,-2.50214430300051e-15
Stroke,22,21,51,MELD_lambda0_afproj,-0.0019956326614136,-6.86806356600063e-16
Stroke,22,21,51,MELD_lambda0_reportN,-0.00142248835216068,7.35902224574536e-17
Stroke,22,21,51,MELD_lambda0_equal,0.0088962866331041,0.00889628663310353
Stroke,22,21,51,MELD_lambda1_afproj,-0.00189685849816926,5.47400768549079e-16
Stroke,22,21,51,EUR,-0.00677776629100877,-6.70029987484082e-16
Stroke,22,21,51,EAS,-0.00250258853543896,-4.75314232418098e-16
Stroke,22,21,51,AFR,0.0157480239868165,0.0157480239868162
Stroke,22,21,51,CSA,-0.00243495655836492,-2.9298589727607e-16
Stroke,22,21,51,AMR,-0.00258109037783464,-6.36400392586475e-17
Stroke,22,21,51,MID,0.00787401199340855,0.0078740119934083
Stroke,22,22,153,MELD_lambda0_afproj,-0.0088466703925763,-1.72818594406081e-15
Stroke,22,22,153,MELD_lambda0_reportN,-0.00885863733646947,-9.48884764946519e-16
Stroke,22,22,153,MELD_lambda0_equal,-0.00097331479702092,-8.08180110076005e-16
Stroke,22,22,153,MELD_lambda1_afproj,-0.00845663014542742,-1.11396106841523e-15
Stroke,22,22,153,EUR,-0.0231356311944502,-2.29666915844484e-15
Stroke,22,22,153,EAS,-0.0147221962713817,-1.23436209143453e-15
Stroke,22,22,153,AFR,-0.00524785425489587,-8.95110616997144e-16
Stroke,22,22,153,CSA,-0.0144326927481168,-1.19482082613373e-15
Stroke,22,22,153,AMR,-0.016738541969824,-1.52523922624071e-15
Stroke,22,22,153,MID,-0.00825227911561699,-9.28530135868e-16
Stroke,22,23,160,MELD_lambda0_afproj,-0.00372770732985719,-2.83244428423568e-16
Stroke,22,23,160,MELD_lambda0_reportN,-0.00300020263167691,-1.34668159104125e-15
Stroke,22,23,160,MELD_lambda0_equal,-0.000611421044260015,-1.50509593241079e-16
Stroke,22,23,160,MELD_lambda1_afproj,-0.0034792509564395,-1.17841386984477e-15
Stroke,22,23,160,EUR,-0.0167786935075877,-2.30720116227946e-15
Stroke,22,23,160,EAS,-0.0129733977621858,-1.33843550539985e-15
Stroke,22,23,160,AFR,-0.00141196046241565,1.11436078954338e-16
Stroke,22,23,160,CSA,-0.0060275447844794,-5.880756824525e-16
Stroke,22,23,160,AMR,-0.0138460801836694,-7.47256392439575e-16
Stroke,22,23,160,MID,-0.00944301922113202,-4.79611123775309e-16
Stroke,22,25,99,MELD_lambda0_afproj,-0.00689489750057819,-1.39409683252016e-16
Stroke,22,25,99,MELD_lambda0_reportN,-0.00615181494381363,-2.12333956720687e-16
Stroke,22,25,99,MELD_lambda0_equal,0.00187829281690556,0.00187829281690556
Stroke,22,25,99,MELD_lambda1_afproj,-0.00640828205155799,-2.4105174451533e-16
Stroke,22,25,99,EUR,-0.0141058388724328,-8.88498714220958e-16
Stroke,22,25,99,EAS,-0.0113440761781009,-6.50673567791391e-16
Stroke,22,25,99,AFR,0.00523991249061124,0.00523991249061117
Stroke,22,25,99,CSA,-0.00963878942037647,-5.45461041399924e-16
Stroke,22,25,99,AMR,-0.011321475771891,-8.19823470338604e-16
Stroke,22,25,99,MID,-0.00733374198556073,-4.56840998654465e-16
Stroke,22,26,182,MELD_lambda0_afproj,-0.0145388548408202,-1.77931383319061e-15
Stroke,22,26,182,MELD_lambda0_reportN,-0.0138558795500943,-1.74057495197294e-15
Stroke,22,26,182,MELD_lambda0_equal,-0.00157895504473602,-6.40137134668032e-16
Stroke,22,26,182,MELD_lambda1_afproj,-0.0141429030353039,-1.73001857582776e-15
Stroke,22,26,182,EUR,-0.0296020525048433,-1.55335928114469e-15
Stroke,22,26,182,EAS,-0.0233510379103155,-1.34314155215539e-15
Stroke,22,26,182,AFR,-0.0121949273892821,-1.11598974861501e-15
Stroke,22,26,182,CSA,-0.0225335204954126,-1.57522876011941e-15
Stroke,22,26,182,AMR,-0.0218204808560423,-1.8750855580213e-15
Stroke,22,26,182,MID,-0.0178686950206989,-1.52640817588502e-15
Stroke,22,27,331,MELD_lambda0_afproj,-0.0171049264361937,-1.32351066348958e-15
Stroke,22,27,331,MELD_lambda0_reportN,-0.0160593889538468,-1.35482397473971e-15
Stroke,22,27,331,MELD_lambda0_equal,-0.00199817478448039,-3.1930444279069e-16
Stroke,22,27,331,MELD_lambda1_afproj,-0.01614160750309,-1.16671221264688e-15
Stroke,22,27,331,EUR,-0.0415292188414906,-2.92057195033634e-15
Stroke,22,27,331,EAS,-0.0266492805712899,-1.12823689953804e-15
Stroke,22,27,331,AFR,-0.0110427664845749,-8.21021328556083e-16
Stroke,22,27,331,CSA,-0.0220460791437541,-1.54377577125791e-15
Stroke,22,27,331,AMR,-0.0312900158333018,-1.40084280030429e-15
Stroke,22,27,331,MID,-0.0226087141264561,-1.24657649203334e-15
Stroke,22,28,216,MELD_lambda0_afproj,-0.00409976584904712,-8.5365059491801e-16
Stroke,22,28,216,MELD_lambda0_reportN,-0.00386114423159485,-9.59514900517187e-16
Stroke,22,28,216,MELD_lambda0_equal,0.00256151350237348,0.00256151350237368
Stroke,22,28,216,MELD_lambda1_afproj,-0.00347592567208559,-9.33424199542752e-16
Stroke,22,28,216,EUR,-0.0174413084043457,-2.32846867915267e-15
Stroke,22,28,216,EAS,-0.00796444988426378,-7.92498477462617e-16
Stroke,22,28,216,AFR,0.00419937686654568,0.00419937686654551
Stroke,22,28,216,CSA,-0.00918714738429087,-3.23611769044507e-16
Stroke,22,28,216,AMR,-0.0134511610859597,-6.63532582430339e-16
Stroke,22,28,216,MID,-0.00322247147004043,1.24803702854774e-15
Stroke,22,29,286,MELD_lambda0_afproj,-0.0303579825073548,-2.89509935825262e-15
Stroke,22,29,286,MELD_lambda0_reportN,-0.0301755190572047,-2.67600906290263e-15
Stroke,22,29,286,MELD_lambda0_equal,-0.00463490206728228,-1.17081634751976e-15
Stroke,22,29,286,MELD_lambda1_afproj,-0.0289361213928327,-2.22008763738153e-15
Stroke,22,29,286,EUR,-0.055485950507694,-3.38031741912544e-15
Stroke,22,29,286,EAS,-0.0428715839534474,-2.16747562537608e-15
Stroke,22,29,286,AFR,-0.0227522154609999,-1.59558754611909e-15
Stroke,22,29,286,CSA,-0.0409259081055006,-2.96106803167015e-15
Stroke,22,29,286,AMR,-0.0448210073083418,-4.37952915884531e-15
Stroke,22,29,286,MID,-0.0425651311831604,-2.27572862777782e-15
Stroke,22,31,357,MELD_lambda0_afproj,-0.0449831862269387,-3.13606948305479e-15
Stroke,22,31,357,MELD_lambda0_reportN,-0.0445658752877725,-4.37840788424522e-15
Stroke,22,31,357,MELD_lambda0_equal,-0.00906300820423076,-1.66280010411508e-15
Stroke,22,31,357,MELD_lambda1_afproj,-0.0425344203909598,-3.73088747349172e-15
Stroke,22,31,357,EUR,-0.0724105668634978,-4.14925699657247e-15
Stroke,22,31,357,EAS,-0.0607015160783955,-3.55268268651885e-15
Stroke,22,31,357,AFR,-0.0413606887361455,-2.33067588329818e-15
Stroke,22,31,357,CSA,-0.0559820517637448,-3.09207279411082e-15
Stroke,22,31,357,AMR,-0.0673086675167209,-4.06814420452249e-15
Stroke,22,31,357,MID,-0.0548207422575074,-3.35474362742181e-15
Stroke,22,32,113,MELD_lambda0_afproj,-0.00989788549157277,-4.60247253387926e-16
Stroke,22,32,113,MELD_lambda0_reportN,-0.00980825351988862,-5.63278923206707e-16
Stroke,22,32,113,MELD_lambda0_equal,0.00117533848202918,0.00117533848202915
Stroke,22,32,113,MELD_lambda1_afproj,-0.00890226129736587,-1.09447531057899e-15
Stroke,22,32,113,EUR,-0.0206257448140721,-1.61021878787331e-15
Stroke,22,32,113,EAS,-0.0152275552846681,-8.24716333285208e-16
Stroke,22,32,113,AFR,-0.00675312516694251,-7.82575209061381e-16
Stroke,22,32,113,CSA,-0.00655616690703224,-5.39148836434075e-16
Stroke,22,32,113,AMR,-0.0182125099376276,-1.03717192395802e-15
Stroke,22,32,113,MID,-0.00827282013473745,-5.50989641887688e-16
Stroke,22,34,295,MELD_lambda0_afproj,-0.0344250558071549,-2.73163662723578e-15
Stroke,22,34,295,MELD_lambda0_reportN,-0.0334731881463203,-2.72825316818548e-15
Stroke,22,34,295,MELD_lambda0_equal,-0.00620073471067024,-1.25790520557036e-15
Stroke,22,34,295,MELD_lambda1_afproj,-0.0308042360399377,-2.58945180884845e-15
Stroke,22,34,295,EUR,-0.0604377965113035,-3.86433824226619e-15
Stroke,22,34,295,EAS,-0.0435008046284897,-2.40167817475715e-15
Stroke,22,34,295,AFR,-0.0375537687164308,-2.95872154785821e-15
Stroke,22,34,295,CSA,-0.0420658190888984,-2.52633054561086e-15
Stroke,22,34,295,AMR,-0.0525394566624779,-3.13718583912632e-15
Stroke,22,34,295,MID,-0.0379135365908608,-2.69262413145737e-15
Stroke,22,37,646,MELD_lambda0_afproj,-0.0505164673662381,-2.44797589445637e-15
Stroke,22,37,646,MELD_lambda0_reportN,-0.0500309006590616,-2.32335300878068e-15
Stroke,22,37,646,MELD_lambda0_equal,-0.00946833019420341,-1.22470256733258e-15
Stroke,22,37,646,MELD_lambda1_afproj,-0.0460366593948638,-3.77902797678055e-15
Stroke,22,37,646,EUR,-0.0885058780567128,-3.30418450552211e-15
Stroke,22,37,646,EAS,-0.0552360427121045,-2.9877788833583e-15
Stroke,22,37,646,AFR,-0.0335729107275433,-1.88916086357692e-15
Stroke,22,37,646,CSA,-0.0638063918465219,-2.70720765392121e-15
Stroke,22,37,646,AMR,-0.0717680801079086,-3.99561109032257e-15
Stroke,22,37,646,MID,-0.0537391023521148,-2.66698947457734e-15
Stroke,22,38,38,MELD_lambda0_afproj,0.00471160778018052,0.00471160778018069
Stroke,22,38,38,MELD_lambda0_reportN,0.00676764449252012,0.00676764449251992
Stroke,22,38,38,MELD_lambda0_equal,0.0171060638774287,0.0171060638774281
Stroke,22,38,38,MELD_lambda1_afproj,0.00504785952372244,0.00504785952372243
Stroke,22,38,38,EUR,-0.00248989953299748,2.27930962519778e-17
Stroke,22,38,38,EAS,0.00309873054383397,0.0030987305438336
Stroke,22,38,38,AFR,0.00543176209724391,0.00543176209724418
Stroke,22,38,38,CSA,0.000581955032905838,0.000581955032905613
Stroke,22,38,38,AMR,0.00506180207069446,0.0050618020706947
Stroke,22,38,38,MID,0.013396797955557,0.0133967979555561
Stroke,22,39,164,MELD_lambda0_afproj,-0.0255092974204171,-2.33493429410726e-15
Stroke,22,39,164,MELD_lambda0_reportN,-0.0250615463339586,-2.15743092032918e-15
Stroke,22,39,164,MELD_lambda0_equal,-0.00171097895869209,-1.46142922269757e-15
Stroke,22,39,164,MELD_lambda1_afproj,-0.0227507608536968,-2.6275630157566e-15
Stroke,22,39,164,EUR,-0.0384216003512229,-2.70048090623705e-15
Stroke,22,39,164,EAS,-0.0345157745478281,-2.92554619159915e-15
Stroke,22,39,164,AFR,-0.0149014569919038,-1.54988008470792e-15
Stroke,22,39,164,CSA,-0.0342395608773832,-2.24674671622537e-15
Stroke,22,39,164,AMR,-0.0328794006861863,-2.62198929808053e-15
Stroke,22,39,164,MID,-0.0178615145332249,-1.46236262095977e-15
Stroke,22,40,37,MELD_lambda0_afproj,-0.00194436799380619,-5.55876847082245e-16
Stroke,22,40,37,MELD_lambda0_reportN,-0.0013723562105514,-5.27471788069886e-18
Stroke,22,40,37,MELD_lambda0_equal,0.00112647164025834,0.00112647164025754
Stroke,22,40,37,MELD_lambda1_afproj,-0.00158247649830277,-1.64241818155096e-16
Stroke,22,40,37,EUR,-0.0168700249661221,-1.81670396445815e-15
Stroke,22,40,37,EAS,-0.00105634833243139,-1.14182218429252e-16
Stroke,22,40,37,AFR,3.27031633371669e-16,4.14137819941146e-16
Stroke,22,40,37,CSA,-0.00932589976227227,-5.91549562022015e-16
Stroke,22,40,37,AMR,-0.00342913760732986,-1.39006686482267e-15
Stroke,22,40,37,MID,-1.01984485792123e-16,3.13116276281652e-16
Stroke,22,41,242,MELD_lambda0_afproj,-0.0320660303735525,-2.93022785389732e-15
Stroke,22,41,242,MELD_lambda0_reportN,-0.0314945936995296,-2.4399377928975e-15
Stroke,22,41,242,MELD_lambda0_equal,-0.00523470549605924,-1.66148818114119e-15
Stroke,22,41,242,MELD_lambda1_afproj,-0.0296856596371168,-3.68518651299361e-15
Stroke,22,41,242,EUR,-0.0542524910320255,-3.92047567862339e-15
Stroke,22,41,242,EAS,-0.0365570398456463,-2.68308121835782e-15
Stroke,22,41,242,AFR,-0.0194084769904229,-2.05470494800388e-15
Stroke,22,41,242,CSA,-0.0372904051925769,-3.22192242695702e-15
Stroke,22,41,242,AMR,-0.0428375343115943,-2.76946019206217e-15
Stroke,22,41,242,MID,-0.0267339939234513,-1.89418311186078e-15
Stroke,22,42,229,MELD_lambda0_afproj,-0.0177527508499783,-2.82054581849295e-15
Stroke,22,42,229,MELD_lambda0_reportN,-0.0166378429581955,-3.08067496175079e-15
Stroke,22,42,229,MELD_lambda0_equal,-0.00407684775658327,-1.28519600349118e-15
Stroke,22,42,229,MELD_lambda1_afproj,-0.0168735902206647,-3.11432940352753e-15
Stroke,22,42,229,EUR,-0.0360420345641582,-3.28366372316024e-15
Stroke,22,42,229,EAS,-0.035278960193198,-2.80813597790688e-15
Stroke,22,42,229,AFR,-0.023037404880089,-1.27196477284377e-15
Stroke,22,42,229,CSA,-0.0311222226054694,-3.65225333361056e-15
Stroke,22,42,229,AMR,-0.0364074945352401,-3.42256198325593e-15
Stroke,22,42,229,MID,-0.0296676523352255,-3.00025012674801e-15
Stroke,22,43,45,MELD_lambda0_afproj,-0.00277085007444099,-1.11274032345154e-16
Stroke,22,43,45,MELD_lambda0_reportN,-0.00205021939222589,-2.221680754783e-16
Stroke,22,43,45,MELD_lambda0_equal,-0.000223785514409815,1.30529883845812e-16
Stroke,22,43,45,MELD_lambda1_afproj,-0.00241887766524928,-3.78146124460532e-16
Stroke,22,43,45,EUR,-0.00965354824731591,-9.49604454633364e-16
Stroke,22,43,45,EAS,-0.0070468799923166,-7.28398321820613e-16
Stroke,22,43,45,AFR,-0.00173877910848611,6.88153283271916e-16
Stroke,22,43,45,CSA,-0.00391920456680453,-3.38221276119722e-16
Stroke,22,43,45,AMR,-0.0066011123069996,-1.9557665440891e-16
Stroke,22,43,45,MID,-0.000511273470331503,8.46650088362141e-16
Stroke,22,44,135,MELD_lambda0_afproj,-0.00586647643680167,-1.94019256672409e-15
Stroke,22,44,135,MELD_lambda0_reportN,-0.00510540294586791,-9.26454128844341e-16
Stroke,22,44,135,MELD_lambda0_equal,-0.000373689556661149,2.99294371045042e-16
Stroke,22,44,135,MELD_lambda1_afproj,-0.00527638830218803,-4.46048772783898e-16
Stroke,22,44,135,EUR,-0.0154501800457,-3.4162032101853e-15
Stroke,22,44,135,EAS,-0.0146337095514722,-1.51273791730862e-15
Stroke,22,44,135,AFR,-0.00402924488373377,-9.25528462353364e-16
Stroke,22,44,135,CSA,-0.00869896381732963,-1.072011366571e-15
Stroke,22,44,135,AMR,-0.0144050525181997,-6.69819452578267e-16
Stroke,22,44,135,MID,-0.00448856583436487,2.57385789645129e-16
Stroke,22,45,144,MELD_lambda0_afproj,-0.00279213243097598,-7.65405687475411e-16
Stroke,22,45,144,MELD_lambda0_reportN,-0.00265547207924606,-7.54892834415588e-16
Stroke,22,45,144,MELD_lambda0_equal,0.00180987752523432,0.00180987752523359
Stroke,22,45,144,MELD_lambda1_afproj,-0.00266069375894083,-1.49157561360656e-15
Stroke,22,45,144,EUR,-0.0138306987958076,-2.11252250144759e-15
Stroke,22,45,144,EAS,-0.0128199329552247,-7.00465368564285e-16
Stroke,22,45,144,AFR,-0.00527107975867126,-1.95238097698892e-16
Stroke,22,45,144,CSA,-0.00703845051122717,-9.77253708662202e-16
Stroke,22,45,144,AMR,-0.0175396497961088,-1.00500371264286e-15
Stroke,22,45,144,MID,-0.00899023176379595,-1.74544466691566e-15
Stroke,22,46,158,MELD_lambda0_afproj,-0.00416900957112547,-1.09643206881984e-15
Stroke,22,46,158,MELD_lambda0_reportN,-0.00387098673493409,-6.32760499386189e-16
Stroke,22,46,158,MELD_lambda0_equal,2.81380579918082e-06,2.81380579987688e-06
Stroke,22,46,158,MELD_lambda1_afproj,-0.00379703079981295,-8.0666813132808e-16
Stroke,22,46,158,EUR,-0.0199198364875403,-2.20795778825962e-15
Stroke,22,46,158,EAS,-0.0168136781874074,-9.52755427887058e-16
Stroke,22,46,158,AFR,2.83250570305299e-17,1.53422643954257e-16
Stroke,22,46,158,CSA,-0.0150663514133228,-8.88958653125965e-16
Stroke,22,46,158,AMR,-0.0209432248615602,-1.36938379796925e-15
Stroke,22,46,158,MID,-0.00930506195561304,-8.26764663567209e-16
Stroke,22,47,153,MELD_lambda0_afproj,-0.0135390445854031,-1.81747012997151e-15
Stroke,22,47,153,MELD_lambda0_reportN,-0.0132214705508064,-1.60675472467932e-15
Stroke,22,47,153,MELD_lambda0_equal,-0.000117579207650525,-8.67361737988404e-17
Stroke,22,47,153,MELD_lambda1_afproj,-0.012858659516651,-1.52261962601998e-15
Stroke,22,47,153,EUR,-0.0251629697223578,-3.17787226347036e-15
Stroke,22,47,153,EAS,-0.0172484864308446,-1.40560160693693e-15
Stroke,22,47,153,AFR,-0.00816392807912455,-1.23837982037916e-15
Stroke,22,47,153,CSA,-0.0187568525476559,-1.648293350027e-15
Stroke,22,47,153,AMR,-0.0255425634690423,-2.06494158430393e-15
Stroke,22,47,153,MID,-0.0152591460058763,-9.50280814098253e-16
Stroke,22,48,119,MELD_lambda0_afproj,-0.0189918370049406,-1.83805627273022e-15
Stroke,22,48,119,MELD_lambda0_reportN,-0.0185509480208735,-1.83003867900571e-15
Stroke,22,48,119,MELD_lambda0_equal,-0.0037919269282033,-1.2694145888629e-15
Stroke,22,48,119,MELD_lambda1_afproj,-0.0182966655915027,-1.91777119180372e-15
Stroke,22,48,119,EUR,-0.0388898433414287,-2.52849636386691e-15
Stroke,22,48,119,EAS,-0.0317352752632586,-2.16283295216828e-15
Stroke,22,48,119,AFR,-0.0139307715073002,-1.29722243319111e-15
Stroke,22,48,119,CSA,-0.023493185985388,-2.90509489015667e-15
Stroke,22,48,119,AMR,-0.0265351686370364,-2.01924841688338e-15
Stroke,22,48,119,MID,-0.0320398198075468,-1.67856348305016e-15
Stroke,22,49,152,MELD_lambda0_afproj,-0.0122563908478426,-9.59889343864855e-16
Stroke,22,49,152,MELD_lambda0_reportN,-0.0114939196460958,-1.62454925022873e-15
Stroke,22,49,152,MELD_lambda0_equal,-0.000644599867249067,-2.45117848099549e-16
Stroke,22,49,152,MELD_lambda1_afproj,-0.0102710144145505,-1.25069716356244e-15
Stroke,22,49,152,EUR,-0.0281268726432556,-2.20568868749615e-15
Stroke,22,49,152,EAS,-0.0166140848185858,-8.36093129837417e-16
Stroke,22,49,152,AFR,-0.00639500228556471,-8.18040670367315e-16
Stroke,22,49,152,CSA,-0.0112785133010917,-1.18499875041154e-15
Stroke,22,49,152,AMR,-0.0160091507501849,-9.78936675693183e-16
Stroke,22,49,152,MID,-0.0107660673603064,-3.18740974671631e-16
Stroke,22,50,83,MELD_lambda0_afproj,-0.00152091486391,-4.68396728463941e-16
Stroke,22,50,83,MELD_lambda0_reportN,-0.000720296458903064,-6.41340432264184e-17
Stroke,22,50,83,MELD_lambda0_equal,0.00168715010607747,0.00168715010607815
Stroke,22,50,83,MELD_lambda1_afproj,-0.00109162792847083,-6.6036582835608e-16
Stroke,22,50,83,EUR,-0.00976731855715483,-4.59875291551315e-16
Stroke,22,50,83,EAS,-0.00770509738240701,-5.02111524298038e-16
Stroke,22,50,83,AFR,0.00539012527935548,0.00539012527935577
Stroke,22,50,83,CSA,-0.00593861500211493,-5.02290885301602e-16
Stroke,22,50,83,AMR,-0.00744240664970696,-3.65785782916946e-16
Stroke,22,50,83,MID,-0.00539442787165704,-2.20872311486167e-16
Stroke,22,52,37,MELD_lambda0_afproj,-0.00554282159751046,-7.02524447995065e-16
Stroke,22,52,37,MELD_lambda0_reportN,-0.00576134822321938,-1.09496456931275e-15
Stroke,22,52,37,MELD_lambda0_equal,0.0012772542084898,0.00127725420848989
Stroke,22,52,37,MELD_lambda1_afproj,-0.00522876515260103,-6.33293297712623e-16
Stroke,22,52,37,EUR,-0.0118250587977372,-3.71947521089436e-15
Stroke,22,52,37,EAS,-0.00635219780629413,-3.42282038891548e-16
Stroke,22,52,37,AFR,-0.00501712914443681,-1.11094154855775e-15
Stroke,22,52,37,CSA,-0.0063427547364969,-5.36493232239784e-16
Stroke,22,52,37,AMR,-0.009295170195645,-1.54050219069124e-15
Stroke,22,52,37,MID,-0.00456908171078356,-4.93451861420094e-16
Stroke,22,53,342,MELD_lambda0_afproj,-0.0521616306469939,-8.05987031696162e-15
Stroke,22,53,342,MELD_lambda0_reportN,-0.0516706666614122,-4.735729481165e-15
Stroke,22,53,342,MELD_lambda0_equal,-0.0105384562480738,-2.48077546385621e-15
Stroke,22,53,342,MELD_lambda1_afproj,-0.0493426671668429,-4.73526445366772e-15
Stroke,22,53,342,EUR,-0.0843333063812323,-8.1205120795026e-15
Stroke,22,53,342,EAS,-0.0602200769060146,-7.68704280683893e-15
Stroke,22,53,342,AFR,-0.0401051140441859,-2.45940671262479e-15
Stroke,22,53,342,CSA,-0.0680415150827482,-4.62400367451783e-15
Stroke,22,53,342,AMR,-0.066255294654243,-4.79556456586769e-15
Stroke,22,53,342,MID,-0.0545469779916569,-3.32325133213068e-15
Stroke,22,54,47,MELD_lambda0_afproj,0.00162520938105382,0.00162520938105539
Stroke,22,54,47,MELD_lambda0_reportN,0.00213083389435609,0.00213083389435262
Stroke,22,54,47,MELD_lambda0_equal,0.023273188687355,0.023273188687352
Stroke,22,54,47,MELD_lambda1_afproj,0.00162251326685916,0.00162251326686204
Stroke,22,54,47,EUR,-0.00299450808730966,-8.84834560032923e-17
Stroke,22,54,47,EAS,0.0065095739783682,0.00650957397836874
Stroke,22,54,47,AFR,0.0623732398653593,0.0623732398653594
Stroke,22,54,47,CSA,0.00532182222649405,0.00532182222649365
Stroke,22,54,47,AMR,0.00711081398038947,0.00711081398038682
Stroke,22,54,47,MID,0.0323792954575013,0.0323792954575009
Stroke,22,55,208,MELD_lambda0_afproj,-0.0200544555926103,-2.09927045093368e-15
Stroke,22,55,208,MELD_lambda0_reportN,-0.0194075660670817,-2.66663161355971e-15
Stroke,22,55,208,MELD_lambda0_equal,-0.000511271549179232,1.93674018572709e-16
Stroke,22,55,208,MELD_lambda1_afproj,-0.0168957021534294,-2.16607552509399e-15
Stroke,22,55,208,EUR,-0.043605631888692,-3.09289681419997e-15
Stroke,22,55,208,EAS,-0.0253525091871527,-2.11346770186074e-15
Stroke,22,55,208,AFR,-0.00830391608690929,-8.82159443414809e-16
Stroke,22,55,208,CSA,-0.0208566151108691,-2.39190832271078e-15
Stroke,22,55,208,AMR,-0.0308529155544367,-3.14337023466587e-15
Stroke,22,55,208,MID,-0.0167901444929812,-1.97866310715613e-15
Stroke,22,57,221,MELD_lambda0_afproj,-0.0329634158865974,-2.70605719997074e-15
Stroke,22,57,221,MELD_lambda0_reportN,-0.032157296595314,-2.75155277003081e-15
Stroke,22,57,221,MELD_lambda0_equal,-0.0061298179514697,-1.40769720595409e-15
Stroke,22,57,221,MELD_lambda1_afproj,-0.0304044216142002,-2.6207308251616e-15
Stroke,22,57,221,EUR,-0.0484700064647159,-3.60202550386535e-15
Stroke,22,57,221,EAS,-0.0482111223576786,-4.55885071205021e-15
Stroke,22,57,221,AFR,-0.032226242864899,-2.12359960754553e-15
Stroke,22,57,221,CSA,-0.0446566844468497,-3.67763748064603e-15
Stroke,22,57,221,AMR,-0.0469534975317719,-3.4290291177232e-15
Stroke,22,57,221,MID,-0.0267200245819359,-2.03229666487266e-15
Stroke,22,58,298,MELD_lambda0_afproj,-0.0106759300317262,-1.45707810801237e-15
Stroke,22,58,298,MELD_lambda0_reportN,-0.0100181444749834,-6.67371182525019e-16
Stroke,22,58,298,MELD_lambda0_equal,-0.0011995852898658,-6.62798230196715e-16
Stroke,22,58,298,MELD_lambda1_afproj,-0.0101447743513672,-1.25696794882982e-15
Stroke,22,58,298,EUR,-0.0319898204356183,-2.39650688500718e-15
Stroke,22,58,298,EAS,-0.0215905441455129,-1.61598250613907e-15
Stroke,22,58,298,AFR,-0.00511594172430657,-6.38005724984552e-16
Stroke,22,58,298,CSA,-0.0190676532001175,-1.3726490085255e-15
Stroke,22,58,298,AMR,-0.0282967118026337,-2.69977744347296e-15
Stroke,22,58,298,MID,-0.0222653915278584,-2.0374395462094e-15
Stroke,22,60,162,MELD_lambda0_afproj,-0.00183571947982325,-5.37820226789259e-16
Stroke,22,60,162,MELD_lambda0_reportN,-0.000396845874716912,-6.95617634846981e-16
Stroke,22,60,162,MELD_lambda0_equal,0.00189756478762021,0.00189756478761987
Stroke,22,60,162,MELD_lambda1_afproj,-0.00140189195182159,-3.00614856811996e-16
Stroke,22,60,162,EUR,-0.0141438378375204,-9.02975828525746e-16
Stroke,22,60,162,EAS,-0.00558189029356676,-2.88032565459622e-16
Stroke,22,60,162,AFR,0.00989951418442176,0.00989951418442189
Stroke,22,60,162,CSA,-0.00788893585845488,-7.21793955619309e-16
Stroke,22,60,162,AMR,-0.00555404552367286,-9.14736012485801e-16
Stroke,22,60,162,MID,-0.00594646941153478,-2.59792525912334e-16
Stroke,22,61,261,MELD_lambda0_afproj,-0.0180359464440048,-1.97884748620799e-15
Stroke,22,61,261,MELD_lambda0_reportN,-0.0175417042795633,-1.45135652737212e-15
Stroke,22,61,261,MELD_lambda0_equal,-0.00311648432759967,-1.40047610440881e-15
Stroke,22,61,261,MELD_lambda1_afproj,-0.0167817971967329,-2.44564019149248e-15
Stroke,22,61,261,EUR,-0.0361569202955322,-2.13038493415845e-15
Stroke,22,61,261,EAS,-0.0275226957691841,-1.84466994660475e-15
Stroke,22,61,261,AFR,-0.0123493450061541,-1.34498865694917e-15
Stroke,22,61,261,CSA,-0.0249856881633853,-2.33761819138e-15
Stroke,22,61,261,AMR,-0.0314760610026795,-1.9048865977801e-15
Stroke,22,61,261,MID,-0.0243744983131867,-1.67679008365846e-15
Stroke,22,63,50,MELD_lambda0_afproj,0.00230936499846418,0.00230936499846379
Stroke,22,63,50,MELD_lambda0_reportN,0.00266368454867082,0.00266368454867046
Stroke,22,63,50,MELD_lambda0_equal,0.0147999101222266,0.0147999101222262
Stroke,22,63,50,MELD_lambda1_afproj,0.00221305490338224,0.00221305490338188
Stroke,22,63,50,EUR,-0.000712192943850372,5.40257942549526e-16
Stroke,22,63,50,EAS,0.0131377609128314,0.0131377609128313
Stroke,22,63,50,AFR,0.0375136863233811,0.0375136863233792
Stroke,22,63,50,CSA,0.00760104279822704,0.00760104279822676
Stroke,22,63,50,AMR,0.0121659507381414,0.0121659507381415
Stroke,22,63,50,MID,0.00699948726595083,0.00699948726595088
Stroke,22,64,170,MELD_lambda0_afproj,-0.00695773026481816,-8.19234926261003e-16
Stroke,22,64,170,MELD_lambda0_reportN,-0.00638690105942387,-7.99376283479929e-16
Stroke,22,64,170,MELD_lambda0_equal,1.3425816936607e-11,1.34260437938597e-11
Stroke,22,64,170,MELD_lambda1_afproj,-0.00661783862945444,-7.68208912394188e-16
Stroke,22,64,170,EUR,-0.0209813775024134,-1.86289141836735e-15
Stroke,22,64,170,EAS,-0.0107146524395978,-7.0690729736031e-16
Stroke,22,64,170,AFR,-0.0022860827455775,-1.92137278494053e-17
Stroke,22,64,170,CSA,-0.0167486309646767,-1.04319159440279e-15
Stroke,22,64,170,AMR,-0.0215797892079695,-1.0771215622066e-15
Stroke,22,64,170,MID,-0.000423849442542505,-2.60513205938518e-16
Stroke,22,65,40,MELD_lambda0_afproj,0.000237922155288943,0.000237922155288782
Stroke,22,65,40,MELD_lambda0_reportN,0.00193092048844013,0.0019309204884405
Stroke,22,65,40,MELD_lambda0_equal,0.0186526463579832,0.0186526463579834
Stroke,22,65,40,MELD_lambda1_afproj,0.000624565324107524,0.0006245653241068
Stroke,22,65,40,EUR,-0.00675002640543969,-7.58059813033997e-16
Stroke,22,65,40,EAS,-0.0018156452277848,1.58333657087421e-16
Stroke,22,65,40,AFR,0.0245338208296054,0.0245338208296052
Stroke,22,65,40,CSA,0.00189264415630404,0.00189264415630394
Stroke,22,65,40,AMR,0.00140684776939249,0.00140684776939169
Stroke,22,65,40,MID,0.0118328222970918,0.0118328222970915
Stroke,22,66,189,MELD_lambda0_afproj,-0.0100541197803771,-8.06109184536679e-16
Stroke,22,66,189,MELD_lambda0_reportN,-0.00936519010913722,-9.27121448661e-16
Stroke,22,66,189,MELD_lambda0_equal,0.00363847434356989,0.00363847434356949
Stroke,22,66,189,MELD_lambda1_afproj,-0.00939865439601563,-8.20559027588183e-16
Stroke,22,66,189,EUR,-0.0238786413480886,-1.91342119156817e-15
Stroke,22,66,189,EAS,-0.0148470411564438,-8.99766836074953e-16
Stroke,22,66,189,AFR,0.00669494751579611,0.00669494751579645
Stroke,22,66,189,CSA,-0.0132248058719998,-1.03711356254203e-15
Stroke,22,66,189,AMR,-0.02051920974764,-1.64856008027623e-15
Stroke,22,66,189,MID,-0.0117303074386906,-6.3420367706469e-16
Stroke,22,67,182,MELD_lambda0_afproj,-0.00510628160097596,-7.59371684355835e-16
Stroke,22,67,182,MELD_lambda0_reportN,-0.00390989257696643,8.09288746579111e-18
Stroke,22,67,182,MELD_lambda0_equal,-0.00104934171386818,-1.92334924300089e-16
Stroke,22,67,182,MELD_lambda1_afproj,-0.00454464954025243,-4.21189307513548e-16
Stroke,22,67,182,EUR,-0.01892739529735,-2.09344293839513e-15
Stroke,22,67,182,EAS,-0.0107136514602312,-6.44718201806429e-16
Stroke,22,67,182,AFR,-0.00341574871332268,4.65645351324737e-16
Stroke,22,67,182,CSA,-0.0087513978102388,-7.93937477620764e-16
Stroke,22,67,182,AMR,-0.016112914087729,-6.67059428761397e-16
Stroke,22,67,182,MID,-0.0105861650640674,-6.43100933849781e-16
Stroke,22,68,120,MELD_lambda0_afproj,-0.000634064751983349,1.79373609408045e-18
Stroke,22,68,120,MELD_lambda0_reportN,-1.19701032950255e-05,-1.59811400628424e-16
Stroke,22,68,120,MELD_lambda0_equal,0.00802298192825801,0.00802298192825762
Stroke,22,68,120,MELD_lambda1_afproj,-0.000540412118835746,-1.53036848023239e-16
Stroke,22,68,120,EUR,-0.0173646285646106,-1.15498106689337e-15
Stroke,22,68,120,EAS,-0.00435777845210287,-5.37500511374024e-17
Stroke,22,68,120,AFR,0.0141517052205267,0.0141517052205267
Stroke,22,68,120,CSA,-0.00260139326305471,-6.98226199234119e-16
Stroke,22,68,120,AMR,-0.000627899368177871,1.26851654180804e-16
Stroke,22,68,120,MID,0.00321367678550731,0.00321367678550616
Stroke,22,70,177,MELD_lambda0_afproj,-0.00530216571106606,-2.42586022897487e-16
Stroke,22,70,177,MELD_lambda0_reportN,-0.00453259814937244,-6.95335386140405e-16
Stroke,22,70,177,MELD_lambda0_equal,-0.000736518280636408,1.30024216084727e-16
Stroke,22,70,177,MELD_lambda1_afproj,-0.00457571397801983,-1.03106601559057e-15
Stroke,22,70,177,EUR,-0.0187749180944682,-9.24553742242593e-16
Stroke,22,70,177,EAS,-0.00835258567443467,-1.00878393122098e-15
Stroke,22,70,177,AFR,-0.00193283111148347,-6.06155715285195e-16
Stroke,22,70,177,CSA,-0.00903525790706535,-6.89365328469731e-16
Stroke,22,70,177,AMR,-0.0116845322471456,-6.45414308778712e-16
Stroke,22,70,177,MID,-0.00646604898567565,-6.88189351365047e-16
Stroke,22,71,142,MELD_lambda0_afproj,-0.00170617326526182,7.10319084260824e-17
Stroke,22,71,142,MELD_lambda0_reportN,-0.00120880947260802,-2.7216176529441e-16
Stroke,22,71,142,MELD_lambda0_equal,0.00881540499327711,0.00881540499327672
Stroke,22,71,142,MELD_lambda1_afproj,-0.00147635537346234,7.31187824229895e-17
Stroke,22,71,142,EUR,-0.0142942776419787,-9.28460826993707e-16
Stroke,22,71,142,EAS,-0.00343544598169476,7.85614904076789e-16
Stroke,22,71,142,AFR,-8.29501519402088e-05,1.19346619219344e-15
Stroke,22,71,142,CSA,0.00629624659882436,0.00629624659882448
Stroke,22,71,142,AMR,-0.00630371623178788,2.59393321611361e-16
Stroke,22,71,142,MID,0.00595832105568042,0.00595832105568015
Stroke,22,72,53,MELD_lambda0_afproj,-0.000172036641055406,3.15995784363315e-17
Stroke,22,72,53,MELD_lambda0_reportN,-0.000170713558163947,-3.33916794055413e-16
Stroke,22,72,53,MELD_lambda0_equal,-6.57792288663112e-05,-3.39464194109585e-16
Stroke,22,72,53,MELD_lambda1_afproj,-0.000169112458881479,-6.62447527388683e-17
Stroke,22,72,53,EUR,-0.00122763367496948,5.67519339669423e-17
Stroke,22,72,53,EAS,-0.00130049302689615,-3.7107586977454e-18
Stroke,22,72,53,AFR,-6.61053859814381e-05,9.85318706980549e-16
Stroke,22,72,53,CSA,-0.000165771637137508,-8.39711347172315e-17
Stroke,22,72,53,AMR,-5.33314969626547e-17,-1.40804649076079e-16
Stroke,22,72,53,MID,-0.000546221421128086,-1.21027383762718e-15
Stroke,22,74,342,MELD_lambda0_afproj,-0.0294195103349543,-2.16504889946144e-15
Stroke,22,74,342,MELD_lambda0_reportN,-0.0289096612349557,-2.13267860086456e-15
Stroke,22,74,342,MELD_lambda0_equal,-0.00611368689624244,-2.36081631413465e-15
Stroke,22,74,342,MELD_lambda1_afproj,-0.0280148026392388,-2.24968881572062e-15
Stroke,22,74,342,EUR,-0.0516490398247098,-5.60463170301782e-15
Stroke,22,74,342,EAS,-0.0417062511169989,-2.16119253233195e-15
Stroke,22,74,342,AFR,-0.0393954699739227,-2.22992330634943e-15
Stroke,22,74,342,CSA,-0.0489731568968368,-2.72015296616405e-15
Stroke,22,74,342,AMR,-0.049135175203649,-3.05360500297585e-15
Stroke,22,74,342,MID,-0.0484816227477679,-2.44347157639962e-15
VTE,22,1,70,MELD_lambda0_afproj,9.4983958967535e-06,9.49839589591151e-06
VTE,22,1,70,MELD_lambda0_reportN,0.000460140780945727,0.000460140780945975
VTE,22,1,70,MELD_lambda0_equal,0.00651868827898054,0.00651868827898071
VTE,22,1,70,MELD_lambda1_afproj,1.76293541132631e-05,1.76293541137627e-05
VTE,22,1,70,EUR,-0.00902680623568254,-1.13492690684703e-15
VTE,22,1,70,EAS,-0.00173198885658409,3.90130601173752e-18
VTE,22,1,70,AFR,0.00739264221197685,0.00739264221197687
VTE,22,1,70,CSA,0.00191252493496501,0.00191252493496499
VTE,22,1,70,AMR,-0.00431885714358759,-4.95230256791363e-17
VTE,22,1,70,MID,0.00431105570577076,0.00431105570577084
VTE,22,2,38,MELD_lambda0_afproj,0.0105857681854203,0.01058576818542
VTE,22,2,38,MELD_lambda0_reportN,0.0115547578724871,0.0115547578724879
VTE,22,2,38,MELD_lambda0_equal,0.0323228321243587,0.0323228321243577
VTE,22,2,38,MELD_lambda1_afproj,0.0109229239985502,0.0109229239985505
VTE,22,2,38,EUR,0.00589051490034519,0.00589051490034566
VTE,22,2,38,EAS,0.00683085223721171,0.00683085223721199
VTE,22,2,38,AFR,0.0372012053266047,0.0372012053266057
VTE,22,2,38,CSA,0.0110570721646083,0.0110570721646086
VTE,22,2,38,AMR,0.0170530008035487,0.0170530008035489
VTE,22,2,38,MID,0.0263450264558565,0.0263450264558566
VTE,22,4,157,MELD_lambda0_afproj,-0.00894938928700767,-8.61760186967275e-16
VTE,22,4,157,MELD_lambda0_reportN,-0.00774953607976247,-5.03896052132505e-16
VTE,22,4,157,MELD_lambda0_equal,-9.37916367590328e-06,-1.50351439304815e-16
VTE,22,4,157,MELD_lambda1_afproj,-0.00832770668175625,-9.43471219840464e-16
VTE,22,4,157,EUR,-0.0180290118395592,-1.37277164697207e-15
VTE,22,4,157,EAS,-0.0178552861819037,-1.76705976052971e-15
VTE,22,4,157,AFR,-0.000753307202493586,-7.46598057445968e-16
VTE,22,4,157,CSA,-0.0112000464714471,-1.97731220029214e-15
VTE,22,4,157,AMR,-0.00958311492265099,-7.77187359782279e-16
VTE,22,4,157,MID,-1.9723202763036e-16,-4.79261996077288e-16
VTE,22,5,86,MELD_lambda0_afproj,-0.00969672847197454,-5.84674835148584e-16
VTE,22,5,86,MELD_lambda0_reportN,-0.00846501888884736,-1.08269158848912e-15
VTE,22,5,86,MELD_lambda0_equal,-0.000984786813154676,-3.90411047170746e-16
VTE,22,5,86,MELD_lambda1_afproj,-0.00939569428998252,-9.01407323004487e-16
VTE,22,5,86,EUR,-0.0196218936990208,-1.32179250688614e-15
VTE,22,5,86,EAS,-0.0165360596696154,-7.82991279432606e-16
VTE,22,5,86,AFR,-0.000954678651210923,-3.82455154541391e-16
VTE,22,5,86,CSA,-0.00634213085561755,-1.72299456896396e-15
VTE,22,5,86,AMR,-0.0137952938260981,-7.71557044291057e-16
VTE,22,5,86,MID,-0.000769768834159031,-2.69529369041161e-16
VTE,22,7,282,MELD_lambda0_afproj,-0.0481826100605772,-3.27462179460452e-15
VTE,22,7,282,MELD_lambda0_reportN,-0.0471973702064,-2.78579420034515e-15
VTE,22,7,282,MELD_lambda0_equal,-0.00841202727159393,-1.34767287861274e-15
VTE,22,7,282,MELD_lambda1_afproj,-0.0462867029467785,-2.57519316801436e-15
VTE,22,7,282,EUR,-0.0675758132886591,-3.44802145127628e-15
VTE,22,7,282,EAS,-0.0521488425939126,-3.54215100362271e-15
VTE,22,7,282,AFR,-0.036051677511669,-2.42166721243869e-15
VTE,22,7,282,CSA,-0.0461176807664022,-4.14700170461123e-15
VTE,22,7,282,AMR,-0.0548324535461021,-2.99269243862964e-15
VTE,22,7,282,MID,-0.0402228516280443,-3.58923129701625e-15
VTE,22,8,88,MELD_lambda0_afproj,-0.00548091156564627,-6.15899915249038e-16
VTE,22,8,88,MELD_lambda0_reportN,-0.00459631945807284,-1.66151731287954e-16
VTE,22,8,88,MELD_lambda0_equal,-0.000101922882937179,-4.09394748242854e-16
VTE,22,8,88,MELD_lambda1_afproj,-0.00528476035548634,-4.38096672844131e-16
VTE,22,8,88,EUR,-0.0141847001096971,-7.75333801545495e-16
VTE,22,8,88,EAS,-0.00693028712138375,-3.16932252821185e-16
VTE,22,8,88,AFR,-0.000753589782038856,-1.86699614102004e-16
VTE,22,8,88,CSA,-0.00393776026316886,-8.94382269734349e-16
VTE,22,8,88,AMR,-0.00881707138890898,-2.30560132796355e-16
VTE,22,8,88,MID,2.34357149239697e-17,-3.465087943804e-16
VTE,22,10,194,MELD_lambda0_afproj,-0.022753652518137,-1.62433972349724e-15
VTE,22,10,194,MELD_lambda0_reportN,-0.0224029554294731,-2.17322795272288e-15
VTE,22,10,194,MELD_lambda0_equal,-0.00152043515271069,-3.82918153349139e-16
VTE,22,10,194,MELD_lambda1_afproj,-0.0218676510121569,-2.19791411039621e-15
VTE,22,10,194,EUR,-0.0328616640711548,-1.61028433148625e-15
VTE,22,10,194,EAS,-0.0259334199648434,-1.3946980991644e-15
VTE,22,10,194,AFR,-0.00645465344990835,-1.3267683076629e-15
VTE,22,10,194,CSA,-0.0269267434652775,-2.41858495847568e-15
VTE,22,10,194,AMR,-0.0270666501656347,-1.36961008439279e-15
VTE,22,10,194,MID,-0.0195200397491703,-9.50728456394352e-16
VTE,22,11,123,MELD_lambda0_afproj,-0.0314983944802555,-2.61843234742151e-15
VTE,22,11,123,MELD_lambda0_reportN,-0.0314096857731354,-2.38708060404634e-15
VTE,22,11,123,MELD_lambda0_equal,-0.00271170738258513,-1.03522464306875e-15
VTE,22,11,123,MELD_lambda1_afproj,-0.0303859623078546,-2.41715371169757e-15
VTE,22,11,123,EUR,-0.0415601111507013,-3.09430885650831e-15
VTE,22,11,123,EAS,-0.0273849419583496,-2.34497977750596e-15
VTE,22,11,123,AFR,-0.0150719326022181,-1.54055980217469e-15
VTE,22,11,123,CSA,-0.0299389830719133,-1.84975957162691e-15
VTE,22,11,123,AMR,-0.0309133846707428,-2.0051533565649e-15
VTE,22,11,123,MID,-0.0269070898503741,-2.04239407683481e-15
VTE,22,12,46,MELD_lambda0_afproj,-0.013212786487794,-1.37615171535532e-15
VTE,22,12,46,MELD_lambda0_reportN,-0.0128723955568012,-1.33315130316372e-15
VTE,22,12,46,MELD_lambda0_equal,-0.00277611358789009,-2.86009270205475e-16
VTE,22,12,46,MELD_lambda1_afproj,-0.0118863192538529,-1.61560880945347e-15
VTE,22,12,46,EUR,-0.0201440461367041,-2.19674568523105e-15
VTE,22,12,46,EAS,-0.017353133420734,-1.89453056217287e-15
VTE,22,12,46,AFR,-0.00250517210176229,-7.52124472746626e-16
VTE,22,12,46,CSA,-0.0108719985054422,-1.5054844095389e-15
VTE,22,12,46,AMR,-0.0229062965334148,-1.94984816118276e-15
VTE,22,12,46,MID,-0.00772801850329084,-3.86954780859913e-16
VTE,22,13,91,MELD_lambda0_afproj,-0.0158662800176609,-1.56052056019959e-15
VTE,22,13,91,MELD_lambda0_reportN,-0.0156400379855447,-1.26906204702875e-15
VTE,22,13,91,MELD_lambda0_equal,2.8204666940782e-05,2.82046669403321e-05
VTE,22,13,91,MELD_lambda1_afproj,-0.0155747749435802,-1.18756065542869e-15
VTE,22,13,91,EUR,-0.0225394951447971,-1.83282934081824e-15
VTE,22,13,91,EAS,-0.0165550308397423,-1.00307015700782e-15
VTE,22,13,91,AFR,-0.00275311206427578,-9.35582724609016e-16
VTE,22,13,91,CSA,-0.0151624989311759,-1.62382564336908e-15
VTE,22,13,91,AMR,-0.0197094454803859,-1.080993819746e-15
VTE,22,13,91,MID,-0.0132852518788903,-4.79138228601501e-16
VTE,22,14,65,MELD_lambda0_afproj,-0.00432084024560834,-4.90102487404697e-16
VTE,22,14,65,MELD_lambda0_reportN,-0.00341943639530584,-1.05066302685443e-15
VTE,22,14,65,MELD_lambda0_equal,-0.000127478181615927,-4.11111182952205e-16
VTE,22,14,65,MELD_lambda1_afproj,-0.00406042706559548,-3.89661730803194e-16
VTE,22,14,65,EUR,-0.00970895229951744,-6.44880997867184e-16
VTE,22,14,65,EAS,-0.00981159538740667,-2.1364406244675e-16
VTE,22,14,65,AFR,-0.00571881581886722,-1.10195579084173e-15
VTE,22,14,65,CSA,-0.00790423105374803,-6.79632830605027e-16
VTE,22,14,65,AMR,-0.00903378432565471,-6.39903094686741e-16
VTE,22,14,65,MID,-0.0017246152727145,-6.72574567094386e-16
VTE,22,16,42,MELD_lambda0_afproj,-0.00169248565841981,4.7992854586628e-16
VTE,22,16,42,MELD_lambda0_reportN,-0.00164705128496636,-7.26823895151524e-16
VTE,22,16,42,MELD_lambda0_equal,0.00749210204028017,0.00749210204027999
VTE,22,16,42,MELD_lambda1_afproj,-0.00156120513772376,-1.46288254748333e-16
VTE,22,16,42,EUR,-0.00517524018017583,-8.59381283186434e-16
VTE,22,16,42,EAS,-0.00432103880087959,-1.9380143472337e-16
VTE,22,16,42,AFR,0.0144834067253388,0.0144834067253391
VTE,22,16,42,CSA,0.00430350441662612,0.00430350441662611
VTE,22,16,42,AMR,-0.00132517545939806,2.96614238606298e-16
VTE,22,16,42,MID,0.00212868175188529,0.002128681751885
VTE,22,17,88,MELD_lambda0_afproj,-0.0117276015550324,-1.11013799795719e-15
VTE,22,17,88,MELD_lambda0_reportN,-0.0113328816656751,-1.39641193627299e-15
VTE,22,17,88,MELD_lambda0_equal,-0.00106759972489569,-1.91124996291239e-16
VTE,22,17,88,MELD_lambda1_afproj,-0.0113441456876958,-1.34580170949725e-15
VTE,22,17,88,EUR,-0.0196276800896168,-1.48428695447741e-15
VTE,22,17,88,EAS,-0.0157453795141086,-1.37650472568961e-15
VTE,22,17,88,AFR,-0.00362526446689893,-1.15456963379363e-15
VTE,22,17,88,CSA,-0.0127463862292431,-1.07272240362304e-15
VTE,22,17,88,AMR,-0.0139408861657946,-1.25048507541105e-15
VTE,22,17,88,MID,-0.0113369289951678,-9.72282337362528e-16
VTE,22,19,200,MELD_lambda0_afproj,-0.0173785555834504,-1.32849985850306e-15
VTE,22,19,200,MELD_lambda0_reportN,-0.015836408223053,-1.92996806942992e-15
VTE,22,19,200,MELD_lambda0_equal,-0.00179108432223687,-5.76921549131376e-16
VTE,22,19,200,MELD_lambda1_afproj,-0.0166537904255594,-1.35712021232507e-15
VTE,22,19,200,EUR,-0.0345367957049557,-1.72909200445238e-15
VTE,22,19,200,EAS,-0.0281388151535892,-1.21022748785313e-15
VTE,22,19,200,AFR,-0.0104057467666441,-1.05269915084548e-15
VTE,22,19,200,CSA,-0.0183005687813075,-1.62406733156889e-15
VTE,22,19,200,AMR,-0.0281773848174092,-1.85476199495031e-15
VTE,22,19,200,MID,-0.0217610365556805,-1.23030224283865e-15
VTE,22,20,91,MELD_lambda0_afproj,-0.0194143426802432,-2.33035879292244e-15
VTE,22,20,91,MELD_lambda0_reportN,-0.0196995500603656,-1.65413528964928e-15
VTE,22,20,91,MELD_lambda0_equal,-0.00181681483769959,-4.73838137837302e-16
VTE,22,20,91,MELD_lambda1_afproj,-0.0188916995417532,-1.59722392900213e-15
VTE,22,20,91,EUR,-0.0304553221839689,-3.148467333862e-15
VTE,22,20,91,EAS,-0.0252532636578649,-2.7252246854208e-15
VTE,22,20,91,AFR,-0.0143863122415307,-8.5277672195346e-16
VTE,22,20,91,CSA,-0.0204810973071814,-2.5025722664395e-15
VTE,22,20,91,AMR,-0.0272597016230505,-3.78263317866153e-15
VTE,22,20,91,MID,-0.0197673251253249,-3.23379719343042e-15
VTE,22,21,52,MELD_lambda0_afproj,-0.00309072118113793,1.37840279110837e-15
VTE,22,21,52,MELD_lambda0_reportN,-0.0024328910671818,-1.94402192911156e-15
VTE,22,21,52,MELD_lambda0_equal,0.00889580869695425,0.00889580869695328
VTE,22,21,52,MELD_lambda1_afproj,-0.00292239147613474,-4.28114769825152e-16
VTE,22,21,52,EUR,-0.00677782373722043,-3.56301635931734e-16
VTE,22,21,52,EAS,-0.00253131145420193,-1.96023754182493e-16
VTE,22,21,52,AFR,0.0157480239868162,0.0157480239868164
VTE,22,21,52,CSA,-0.00243760047113146,9.50241039906146e-16
VTE,22,21,52,AMR,-0.00258126561600943,-7.21671088968362e-16
VTE,22,21,52,MID,0.00787401199340796,0.00787401199340782
VTE,22,22,154,MELD_lambda0_afproj,-0.013505054516395,-1.32689581037635e-15
VTE,22,22,154,MELD_lambda0_reportN,-0.0134480739079421,-1.19967260754749e-15
VTE,22,22,154,MELD_lambda0_equal,-0.000979593565884941,-5.19426437429664e-16
VTE,22,22,154,MELD_lambda1_afproj,-0.013164794205268,-1.53612852105982e-15
VTE,22,22,154,EUR,-0.023044871860605,-2.59142109964087e-15
VTE,22,22,154,EAS,-0.0136800909064121,-5.67917044003769e-16
VTE,22,22,154,AFR,-0.00525279726681825,4.11533637926841e-16
VTE,22,22,154,CSA,-0.0145913129941973,-1.89089603116402e-15
VTE,22,22,154,AMR,-0.0167344732870685,-9.63777777174709e-16
VTE,22,22,154,MID,-0.00830275279719801,-6.68301305030811e-16
VTE,22,23,167,MELD_lambda0_afproj,-0.0043704492831409,-3.99480084232683e-16
VTE,22,23,167,MELD_lambda0_reportN,-0.00331312032049231,-1.31915863878671e-15
VTE,22,23,167,MELD_lambda0_equal,-0.00061212996756391,-1.07665411300001e-15
VTE,22,23,167,MELD_lambda1_afproj,-0.00414710364838907,-5.65937303947432e-16
VTE,22,23,167,EUR,-0.0172786603681083,-2.65247103082469e-15
VTE,22,23,167,EAS,-0.0133058806015676,-1.31068609006748e-15
VTE,22,23,167,AFR,-0.00143039134577542,5.89554176479672e-16
VTE,22,23,167,CSA,-0.00606409818114742,-4.89876869723028e-16
VTE,22,23,167,AMR,-0.0143462252388938,-1.51200625439434e-15
VTE,22,23,167,MID,-0.0096802336626136,-9.92901796646391e-16
VTE,22,25,103,MELD_lambda0_afproj,-0.00790721808943125,-8.6248387140659e-16
VTE,22,25,103,MELD_lambda0_reportN,-0.00692002649460158,-7.41080175447441e-16
VTE,22,25,103,MELD_lambda0_equal,-3.26226327665614e-05,-3.02709249125641e-16
VTE,22,25,103,MELD_lambda1_afproj,-0.00756864908752638,-2.26729737936475e-16
VTE,22,25,103,EUR,-0.0135994955972653,-1.14946911129231e-15
VTE,22,25,103,EAS,-0.0134750503207507,-8.49819298006893e-16
VTE,22,25,103,AFR,2.64315312652293e-17,9.7449510804019e-18
VTE,22,25,103,CSA,-0.00961384230285761,-7.37224767490827e-16
VTE,22,25,103,AMR,-0.0108956352058927,-5.80282329790414e-16
VTE,22,25,103,MID,-0.00728037656363397,2.67448114453975e-16
VTE,22,26,191,MELD_lambda0_afproj,-0.0187642276958878,-1.71793303944112e-15
VTE,22,26,191,MELD_lambda0_reportN,-0.0176854492085475,-1.70494924845564e-15
VTE,22,26,191,MELD_lambda0_equal,-0.00159855137370241,-6.56009347763075e-16
VTE,22,26,191,MELD_lambda1_afproj,-0.0183262447189284,-1.5884271579446e-15
VTE,22,26,191,EUR,-0.0303274089690279,-2.16725288173634e-15
VTE,22,26,191,EAS,-0.0246627558928038,-1.62090579951648e-15
VTE,22,26,191,AFR,-0.0132956308742909,-1.50408995086769e-15
VTE,22,26,191,CSA,-0.0232857504064597,-2.01215487306624e-15
VTE,22,26,191,AMR,-0.0224613464340603,-1.53329556036708e-15
VTE,22,26,191,MID,-0.0181892259389845,-1.57054321784984e-15
VTE,22,27,329,MELD_lambda0_afproj,-0.0247062272874063,-1.22496428970862e-15
VTE,22,27,329,MELD_lambda0_reportN,-0.023227577249673,-1.36321325266103e-15
VTE,22,27,329,MELD_lambda0_equal,-0.00204387354342265,-1.01827740664917e-15
VTE,22,27,329,MELD_lambda1_afproj,-0.0238128966805253,-1.26689647832087e-15
VTE,22,27,329,EUR,-0.041236634776862,-1.74846252064017e-15
VTE,22,27,329,EAS,-0.0250916166709317,-1.24870014649116e-15
VTE,22,27,329,AFR,-0.010492315922355,-5.14077200801122e-16
VTE,22,27,329,CSA,-0.0211833357477365,-1.27036976407212e-15
VTE,22,27,329,AMR,-0.030377543929462,-1.4276673073921e-15
VTE,22,27,329,MID,-0.0223246061055947,-1.39288604892631e-15
VTE,22,28,217,MELD_lambda0_afproj,-0.00582162653650129,-1.27791886376255e-15
VTE,22,28,217,MELD_lambda0_reportN,-0.00565089640456055,-5.76097611813316e-16
VTE,22,28,217,MELD_lambda0_equal,0.00256060099905376,0.0025606009990537
VTE,22,28,217,MELD_lambda1_afproj,-0.00546848463144267,-9.55112416257267e-16
VTE,22,28,217,EUR,-0.0170240567920633,-1.70655233245865e-15
VTE,22,28,217,EAS,-0.00623793376157908,-5.90710375889018e-16
VTE,22,28,217,AFR,0.00421602970615414,0.00421602970615527
VTE,22,28,217,CSA,-0.00924640296812254,-8.49898136055622e-16
VTE,22,28,217,AMR,-0.0131853856291731,-1.07841267012047e-15
VTE,22,28,217,MID,-0.0031991832087342,1.1702598932471e-16
VTE,22,29,283,MELD_lambda0_afproj,-0.0366815760396312,-3.93207884891162e-15
VTE,22,29,283,MELD_lambda0_reportN,-0.0361501375088056,-2.72857014218421e-15
VTE,22,29,283,MELD_lambda0_equal,-0.0042290753277735,-1.08621451860358e-15
VTE,22,29,283,MELD_lambda1_afproj,-0.0356696266581251,-3.34343698832391e-15
VTE,22,29,283,EUR,-0.0541461745560591,-5.76997808924023e-15
VTE,22,29,283,EAS,-0.0402203360338742,-3.19660328362988e-15
VTE,22,29,283,AFR,-0.0205208390695716,-1.24520535166088e-15
VTE,22,29,283,CSA,-0.0375115668491805,-2.49611260260637e-15
VTE,22,29,283,AMR,-0.0438545957464194,-2.97452201802053e-15
VTE,22,29,283,MID,-0.0380857042572457,-2.18236735218306e-15
VTE,22,31,363,MELD_lambda0_afproj,-0.0546873563465003,-3.4463759008045e-15
VTE,22,31,363,MELD_lambda0_reportN,-0.0540811482686208,-3.98904448325171e-15
VTE,22,31,363,MELD_lambda0_equal,-0.00945800129374389,-2.07763665195798e-15
VTE,22,31,363,MELD_lambda1_afproj,-0.0529522251010777,-6.62711541903466e-15
VTE,22,31,363,EUR,-0.0737926531822029,-5.22130402086243e-15
VTE,22,31,363,EAS,-0.0607510999371706,-4.82806079176793e-15
VTE,22,31,363,AFR,-0.0422344968889176,-2.95401830330627e-15
VTE,22,31,363,CSA,-0.0561279308419632,-3.32006413550996e-15
VTE,22,31,363,AMR,-0.0677120473362961,-4.27782522475249e-15
VTE,22,31,363,MID,-0.0555405067867235,-2.81501551860068e-15
VTE,22,32,111,MELD_lambda0_afproj,-0.013774809578231,-4.89002868059159e-16
VTE,22,32,111,MELD_lambda0_reportN,-0.0136663055651529,-1.08759873905826e-15
VTE,22,32,111,MELD_lambda0_equal,0.00121968184176546,0.00121968184176441
VTE,22,32,111,MELD_lambda1_afproj,-0.0129870904178478,-4.35074178737868e-16
VTE,22,32,111,EUR,-0.020197156171994,-1.2240182975546e-15
VTE,22,32,111,EAS,-0.013008303008179,-6.45495031544723e-16
VTE,22,32,111,AFR,-0.00658140796087843,-8.47879273590713e-16
VTE,22,32,111,CSA,-0.00618553735184359,-6.79876815985327e-16
VTE,22,32,111,AMR,-0.0178627067113005,-1.04793657554228e-15
VTE,22,32,111,MID,-0.00794116136188679,-9.98510185377649e-16
VTE,22,34,295,MELD_lambda0_afproj,-0.0416283641494938,-3.48323011672433e-15
VTE,22,34,295,MELD_lambda0_reportN,-0.040408160983594,-2.97513996194594e-15
VTE,22,34,295,MELD_lambda0_equal,-0.00583835906666297,-1.29828748423841e-15
VTE,22,34,295,MELD_lambda1_afproj,-0.0389859562914878,-2.97246029368865e-15
VTE,22,34,295,EUR,-0.0602492144943176,-3.77954469653299e-15
VTE,22,34,295,EAS,-0.0425170567444483,-2.41173969356734e-15
VTE,22,34,295,AFR,-0.0372889203134404,-1.74772319378594e-15
VTE,22,34,295,CSA,-0.0419380438230506,-2.60509170412178e-15
VTE,22,34,295,AMR,-0.0523432967461887,-3.4377838900695e-15
VTE,22,34,295,MID,-0.0372990267166341,-2.75844487561456e-15
VTE,22,37,645,MELD_lambda0_afproj,-0.0621226850727332,-2.60484754070056e-15
VTE,22,37,645,MELD_lambda0_reportN,-0.0614643355830177,-2.62126096533853e-15
VTE,22,37,645,MELD_lambda0_equal,-0.00924528072287354,-1.67296715560501e-15
VTE,22,37,645,MELD_lambda1_afproj,-0.058612142614767,-2.90480786090267e-15
VTE,22,37,645,EUR,-0.0860152232554789,-3.08096775396072e-15
VTE,22,37,645,EAS,-0.0545836568474626,-2.56862484470885e-15
VTE,22,37,645,AFR,-0.0344606547760647,-1.66382249084748e-15
VTE,22,37,645,CSA,-0.0633452053147955,-2.90564479605112e-15
VTE,22,37,645,AMR,-0.0748069563164471,-5.4721460456215e-15
VTE,22,37,645,MID,-0.0562204557731952,-2.86196976179924e-15
VTE,22,38,39,MELD_lambda0_afproj,0.00332891484503106,0.00332891484503102
VTE,22,38,39,MELD_lambda0_reportN,0.00309179589600278,0.00309179589600261
VTE,22,38,39,MELD_lambda0_equal,0.0171052506268585,0.0171052506268587
VTE,22,38,39,MELD_lambda1_afproj,0.00325337187658644,0.00325337187658667
VTE,22,38,39,EUR,-0.0024974496737066,2.65817502310501e-16
VTE,22,38,39,EAS,0.00307679348033103,0.00307679348033122
VTE,22,38,39,AFR,0.00543175826615604,0.00543175826615563
VTE,22,38,39,CSA,0.000579390602982267,0.000579390602982184
VTE,22,38,39,AMR,0.00478814781797881,0.00478814781797849
VTE,22,38,39,MID,0.0133816071066675,0.0133816071066666
VTE,22,39,172,MELD_lambda0_afproj,-0.0310517414731619,-2.79227614331888e-15
VTE,22,39,172,MELD_lambda0_reportN,-0.0304235997387058,-2.59879061747112e-15
VTE,22,39,172,MELD_lambda0_equal,-0.00192554422964767,-6.79238336923423e-16
VTE,22,39,172,MELD_lambda1_afproj,-0.0292883255136549,-2.88453905171027e-15
VTE,22,39,172,EUR,-0.0403753187418706,-2.95299977872935e-15
VTE,22,39,172,EAS,-0.0369272013069647,-2.16243056613652e-15
VTE,22,39,172,AFR,-0.0150571235956283,-9.97183504669854e-16
VTE,22,39,172,CSA,-0.0351682579765837,-2.45555166903315e-15
VTE,22,39,172,AMR,-0.0349836620394013,-2.3253563266427e-15
VTE,22,39,172,MID,-0.0188332901749279,-1.50187888341502e-15
VTE,22,40,37,MELD_lambda0_afproj,-0.00693696031207985,-7.32043922360511e-16
VTE,22,40,37,MELD_lambda0_reportN,-0.00617926630243002,-1.04575836268044e-15
VTE,22,40,37,MELD_lambda0_equal,0.00112647164025834,0.00112647164025754
VTE,22,40,37,MELD_lambda1_afproj,-0.00670385579714061,-6.86993725027591e-16
VTE,22,40,37,EUR,-0.0168700249661221,-1.81670396445815e-15
VTE,22,40,37,EAS,-0.00105634833243139,-1.14182218429252e-16
VTE,22,40,37,AFR,3.27031633371669e-16,4.14137819941146e-16
VTE,22,40,37,CSA,-0.00932589976227227,-5.91549562022015e-16
VTE,22,40,37,AMR,-0.00342913760732986,-1.39006686482267e-15
VTE,22,40,37,MID,-1.01984485792123e-16,3.13116276281652e-16
VTE,22,41,243,MELD_lambda0_afproj,-0.0347541821060555,-3.29456285911883e-15
VTE,22,41,243,MELD_lambda0_reportN,-0.0341864598983704,-2.71097492191045e-15
VTE,22,41,243,MELD_lambda0_equal,-0.00503705982679497,-1.68533137148376e-15
VTE,22,41,243,MELD_lambda1_afproj,-0.0337061870040113,-3.09309686612181e-15
VTE,22,41,243,EUR,-0.0510908317630269,-3.38199478735784e-15
VTE,22,41,243,EAS,-0.036668078708132,-2.46507412658724e-15
VTE,22,41,243,AFR,-0.0192994490651502,-1.36504330342578e-15
VTE,22,41,243,CSA,-0.0372053001927637,-3.00425461774916e-15
VTE,22,41,243,AMR,-0.0428972844672702,-2.93569342215005e-15
VTE,22,41,243,MID,-0.0268017408113666,-2.56571313307059e-15
VTE,22,42,235,MELD_lambda0_afproj,-0.0226768821036588,-2.84769719339323e-15
VTE,22,42,235,MELD_lambda0_reportN,-0.0216458751937342,-2.38656456619828e-15
VTE,22,42,235,MELD_lambda0_equal,-0.00410702125937568,-2.21955346802532e-15
VTE,22,42,235,MELD_lambda1_afproj,-0.0216068773870194,-1.92334626934704e-15
VTE,22,42,235,EUR,-0.0362010245835652,-4.54470731604563e-15
VTE,22,42,235,EAS,-0.0356789385528392,-3.32943080433113e-15
VTE,22,42,235,AFR,-0.0230934032686872,-1.50385649147831e-15
VTE,22,42,235,CSA,-0.031407235834367,-2.37967301917191e-15
VTE,22,42,235,AMR,-0.0377503965495029,-3.57041364341266e-15
VTE,22,42,235,MID,-0.0298481657028554,-2.57865226292633e-15
VTE,22,43,45,MELD_lambda0_afproj,-0.00389850467606371,-4.63542214820276e-16
VTE,22,43,45,MELD_lambda0_reportN,-0.00308867269288201,-3.24533627294763e-16
VTE,22,43,45,MELD_lambda0_equal,-0.000223785514409815,1.30529883845812e-16
VTE,22,43,45,MELD_lambda1_afproj,-0.00365962390320244,-1.21723829693479e-16
VTE,22,43,45,EUR,-0.00965354824731591,-9.49604454633364e-16
VTE,22,43,45,EAS,-0.0070468799923166,-7.28398321820613e-16
VTE,22,43,45,AFR,-0.00173877910848611,6.88153283271916e-16
VTE,22,43,45,CSA,-0.00391920456680453,-3.38221276119722e-16
VTE,22,43,45,AMR,-0.0066011123069996,-1.9557665440891e-16
VTE,22,43,45,MID,-0.000511273470331503,8.46650088362141e-16
VTE,22,44,140,MELD_lambda0_afproj,-0.00832396808496165,-1.43915140553173e-15
VTE,22,44,140,MELD_lambda0_reportN,-0.00746848988468611,-1.70793589295042e-15
VTE,22,44,140,MELD_lambda0_equal,-0.000597668177310265,-1.37499880618181e-16
VTE,22,44,140,MELD_lambda1_afproj,-0.00787255055325649,-3.19792387020362e-15
VTE,22,44,140,EUR,-0.0166687572749197,-1.43593650999507e-15
VTE,22,44,140,EAS,-0.0152283679584318,-1.49250559407267e-15
VTE,22,44,140,AFR,-0.00459854829617289,5.26949928353175e-17
VTE,22,44,140,CSA,-0.0102514624365975,-1.17664175748811e-15
VTE,22,44,140,AMR,-0.0157048104525145,-1.12782590422504e-15
VTE,22,44,140,MID,-0.00581223910648212,-1.12076700239506e-15
VTE,22,45,158,MELD_lambda0_afproj,-0.0115420672142024,-1.11978049497584e-15
VTE,22,45,158,MELD_lambda0_reportN,-0.0116515019938346,-6.38684756336188e-16
VTE,22,45,158,MELD_lambda0_equal,0.0015833938533145,0.00158339385331474
VTE,22,45,158,MELD_lambda1_afproj,-0.0112382485189421,-9.73143253611106e-16
VTE,22,45,158,EUR,-0.02020157683783,-1.70947841664805e-15
VTE,22,45,158,EAS,-0.0135702420813029,-9.61564029877376e-16
VTE,22,45,158,AFR,-0.00690539507739312,-1.27893608322478e-15
VTE,22,45,158,CSA,-0.00786731923252248,-1.35653198415749e-15
VTE,22,45,158,AMR,-0.0186055242987291,-1.42423311274319e-15
VTE,22,45,158,MID,-0.0124654493828782,-6.93528061284592e-16
VTE,22,46,162,MELD_lambda0_afproj,-0.00630705721168328,-9.93959584950589e-16
VTE,22,46,162,MELD_lambda0_reportN,-0.00544561229860835,-8.95581827202817e-16
VTE,22,46,162,MELD_lambda0_equal,1.78141892714723e-07,1.78141891341644e-07
VTE,22,46,162,MELD_lambda1_afproj,-0.00604462229840608,-9.59515585673781e-16
VTE,22,46,162,EUR,-0.0208041179793625,-1.45716205544543e-15
VTE,22,46,162,EAS,-0.0170845029845402,-1.04794889347167e-15
VTE,22,46,162,AFR,-1.27606869396341e-16,-4.50210707526355e-16
VTE,22,46,162,CSA,-0.015461563013335,-1.11532686017568e-15
VTE,22,46,162,AMR,-0.0211387432024212,-1.22053770425927e-15
VTE,22,46,162,MID,-0.0093656338290901,-5.62354281724641e-16
VTE,22,47,156,MELD_lambda0_afproj,-0.0165856973363297,-2.45402435691389e-15
VTE,22,47,156,MELD_lambda0_reportN,-0.0161723559668661,-2.24314073037874e-15
VTE,22,47,156,MELD_lambda0_equal,-0.000119230004936482,-8.34259690409706e-16
VTE,22,47,156,MELD_lambda1_afproj,-0.0161280234830942,-2.07727208836898e-15
VTE,22,47,156,EUR,-0.0255081265778484,-2.49484392085551e-15
VTE,22,47,156,EAS,-0.0172732034263039,-1.95506504318531e-15
VTE,22,47,156,AFR,-0.00818374760283377,-1.16736164116198e-15
VTE,22,47,156,CSA,-0.0188427393132958,-1.50323272367592e-15
VTE,22,47,156,AMR,-0.0260448990117639,-1.93119296980822e-15
VTE,22,47,156,MID,-0.0152726441912805,-1.24966211548737e-15
VTE,22,48,120,MELD_lambda0_afproj,-0.0253059302607984,-2.14970399645106e-15
VTE,22,48,120,MELD_lambda0_reportN,-0.0246128789781748,-2.50282667131353e-15
VTE,22,48,120,MELD_lambda0_equal,-0.00379315362198123,-9.48322381379146e-16
VTE,22,48,120,MELD_lambda1_afproj,-0.0246974308851162,-2.15910147702336e-15
VTE,22,48,120,EUR,-0.0390183230119716,-2.28250248228502e-15
VTE,22,48,120,EAS,-0.031745085043471,-2.48988625915686e-15
VTE,22,48,120,AFR,-0.0139944648590341,-1.65709347765498e-15
VTE,22,48,120,CSA,-0.0235422660142075,-2.01566264299475e-15
VTE,22,48,120,AMR,-0.0267998930459482,-2.27211153706276e-15
VTE,22,48,120,MID,-0.0324004386124787,-1.55925505413063e-15
VTE,22,49,162,MELD_lambda0_afproj,-0.0184808764692312,-1.19974315047605e-15
VTE,22,49,162,MELD_lambda0_reportN,-0.0169991606235174,-1.32200122199716e-15
VTE,22,49,162,MELD_lambda0_equal,-0.000660243469495024,-5.27119414406935e-16
VTE,22,49,162,MELD_lambda1_afproj,-0.0169806483931503,-1.2877493572629e-15
VTE,22,49,162,EUR,-0.030638486591766,-2.04109378578624e-15
VTE,22,49,162,EAS,-0.0183812448127398,-9.51741251146399e-16
VTE,22,49,162,AFR,-0.00653662880126715,-5.33119772948631e-16
VTE,22,49,162,CSA,-0.0141193325325675,-1.88032052730584e-15
VTE,22,49,162,AMR,-0.0176146807797228,-1.29929866760662e-15
VTE,22,49,162,MID,-0.0112242469659689,-3.47470661019548e-16
VTE,22,50,91,MELD_lambda0_afproj,-0.00197676820785997,-7.75796557588976e-16
VTE,22,50,91,MELD_lambda0_reportN,-0.00104859493516459,-5.7631290127346e-16
VTE,22,50,91,MELD_lambda0_equal,0.00165623328784839,0.00165623328784867
VTE,22,50,91,MELD_lambda1_afproj,-0.00172320450268336,-3.64113506119771e-16
VTE,22,50,91,EUR,-0.0117993205008018,-8.61865646594179e-16
VTE,22,50,91,EAS,-0.00898138658005487,-4.74323755369957e-16
VTE,22,50,91,AFR,0.00536386764602202,0.00536386764602203
VTE,22,50,91,CSA,-0.00628809218651217,-4.72115013302385e-16
VTE,22,50,91,AMR,-0.00761023508365532,-3.76283855314127e-16
VTE,22,50,91,MID,-0.00551263502206709,3.74681114857961e-16
VTE,22,52,37,MELD_lambda0_afproj,-0.00865235480294491,-1.53682403211865e-15
VTE,22,52,37,MELD_lambda0_reportN,-0.00899579102001163,-6.30997096817581e-17
VTE,22,52,37,MELD_lambda0_equal,0.0012772542084898,0.00127725420848989
VTE,22,52,37,MELD_lambda1_afproj,-0.00824888484088059,-9.81529142421997e-16
VTE,22,52,37,EUR,-0.0118250587977372,-3.71947521089436e-15
VTE,22,52,37,EAS,-0.00635219780629413,-3.42282038891548e-16
VTE,22,52,37,AFR,-0.00501712914443681,-1.11094154855775e-15
VTE,22,52,37,CSA,-0.0063427547364969,-5.36493232239784e-16
VTE,22,52,37,AMR,-0.009295170195645,-1.54050219069124e-15
VTE,22,52,37,MID,-0.00456908171078356,-4.93451861420094e-16
VTE,22,53,350,MELD_lambda0_afproj,-0.0668598778963273,-5.30290358264436e-15
VTE,22,53,350,MELD_lambda0_reportN,-0.0663254468223633,-4.83537315541634e-15
VTE,22,53,350,MELD_lambda0_equal,-0.0124517535770095,-1.87489215851493e-15
VTE,22,53,350,MELD_lambda1_afproj,-0.0644962628422227,-5.91278100196218e-15
VTE,22,53,350,EUR,-0.0899633317741148,-6.90210494544255e-15
VTE,22,53,350,EAS,-0.0616417062035419,-6.53442369314921e-15
VTE,22,53,350,AFR,-0.0437471103785731,-2.14311186070055e-15
VTE,22,53,350,CSA,-0.0690096697174347,-4.65206972962461e-15
VTE,22,53,350,AMR,-0.0703976372374806,-7.26765451087451e-15
VTE,22,53,350,MID,-0.0581374828280975,-3.66560322791238e-15
VTE,22,54,47,MELD_lambda0_afproj,0.000786636867799146,0.000786636867799963
VTE,22,54,47,MELD_lambda0_reportN,0.00153289309921015,0.00153289309920869
VTE,22,54,47,MELD_lambda0_equal,0.023273188687355,0.023273188687352
VTE,22,54,47,MELD_lambda1_afproj,0.000787510273275305,0.00078751027327382
VTE,22,54,47,EUR,-0.00299450808730966,-8.84834560032923e-17
VTE,22,54,47,EAS,0.0065095739783682,0.00650957397836874
VTE,22,54,47,AFR,0.0623732398653593,0.0623732398653594
VTE,22,54,47,CSA,0.00532182222649405,0.00532182222649365
VTE,22,54,47,AMR,0.00711081398038947,0.00711081398038682
VTE,22,54,47,MID,0.0323792954575013,0.0323792954575009
VTE,22,55,224,MELD_lambda0_afproj,-0.0284177360001102,-2.55963741388721e-15
VTE,22,55,224,MELD_lambda0_reportN,-0.0271323845173649,-2.83183289077838e-15
VTE,22,55,224,MELD_lambda0_equal,-0.000585186095175259,1.39464773141017e-16
VTE,22,55,224,MELD_lambda1_afproj,-0.0256089937333088,-3.4964855152634e-15
VTE,22,55,224,EUR,-0.0486733382828104,-5.41420591890027e-15
VTE,22,55,224,EAS,-0.0263733282849189,-2.5565458726027e-15
VTE,22,55,224,AFR,-0.00914087612761439,-7.28797952868525e-16
VTE,22,55,224,CSA,-0.0214299329268722,-2.10923133645644e-15
VTE,22,55,224,AMR,-0.0325800366048121,-2.38159461482273e-15
VTE,22,55,224,MID,-0.0176762110667932,-2.88484719113529e-15
VTE,22,57,210,MELD_lambda0_afproj,-0.0349763903757943,-2.53720837644414e-15
VTE,22,57,210,MELD_lambda0_reportN,-0.0341283485630956,-2.57197502230537e-15
VTE,22,57,210,MELD_lambda0_equal,-0.00565892241948818,-2.49290750782017e-16
VTE,22,57,210,MELD_lambda1_afproj,-0.0335307280888016,-2.48194192641025e-15
VTE,22,57,210,EUR,-0.0463127911636419,-3.41796055303688e-15
VTE,22,57,210,EAS,-0.0472417126855616,-3.64247184270484e-15
VTE,22,57,210,AFR,-0.0290753233147322,-1.96343365539728e-15
VTE,22,57,210,CSA,-0.0437418781001675,-3.05180488435994e-15
VTE,22,57,210,AMR,-0.0460298667929111,-2.81781760226727e-15
VTE,22,57,210,MID,-0.0240918030605989,-1.89416774832394e-15
VTE,22,58,304,MELD_lambda0_afproj,-0.0163725244773704,-1.47554005118103e-15
VTE,22,58,304,MELD_lambda0_reportN,-0.0148383193766235,-1.37735261794565e-15
VTE,22,58,304,MELD_lambda0_equal,-0.00120489757900746,-5.21216099466315e-16
VTE,22,58,304,MELD_lambda1_afproj,-0.0158458052433692,-1.62803678895476e-15
VTE,22,58,304,EUR,-0.0320666938561504,-2.19609396010177e-15
VTE,22,58,304,EAS,-0.0209371630936936,-1.86446404999569e-15
VTE,22,58,304,AFR,-0.00512511260734575,-2.0110887160342e-16
VTE,22,58,304,CSA,-0.0193969715895708,-1.24958712160531e-15
VTE,22,58,304,AMR,-0.0280728387656294,-2.04671737469035e-15
VTE,22,58,304,MID,-0.0222984260357687,-9.59329572324913e-16
VTE,22,60,165,MELD_lambda0_afproj,-0.00389838736487566,-5.89769973311747e-16
VTE,22,60,165,MELD_lambda0_reportN,-0.0018509717384397,-1.52219763426105e-16
VTE,22,60,165,MELD_lambda0_equal,0.00190738620267815,0.00190738620267772
VTE,22,60,165,MELD_lambda1_afproj,-0.00350250752809889,-2.7322900869813e-16
VTE,22,60,165,EUR,-0.0148181060634007,-9.14974637853108e-16
VTE,22,60,165,EAS,-0.00567682797946079,-7.74267887338009e-16
VTE,22,60,165,AFR,0.00985176678096873,0.0098517667809683
VTE,22,60,165,CSA,-0.00788132114790327,-3.06760427678697e-16
VTE,22,60,165,AMR,-0.00592873169422222,-4.92320447047135e-16
VTE,22,60,165,MID,-0.0055643037798406,-1.60525124157648e-16
VTE,22,61,263,MELD_lambda0_afproj,-0.0238694916667592,-1.81349895746671e-15
VTE,22,61,263,MELD_lambda0_reportN,-0.0231050427320587,-1.91371100693811e-15
VTE,22,61,263,MELD_lambda0_equal,-0.00311699289102154,-1.23134540537514e-15
VTE,22,61,263,MELD_lambda1_afproj,-0.0227081140585265,-2.2406112408184e-15
VTE,22,61,263,EUR,-0.0363155163084589,-2.28357387456865e-15
VTE,22,61,263,EAS,-0.0278128498033968,-2.15681022560342e-15
VTE,22,61,263,AFR,-0.0124024133380516,-1.61034181250657e-15
VTE,22,61,263,CSA,-0.0250516391797381,-2.20269281683456e-15
VTE,22,61,263,AMR,-0.0314864592734173,-2.01958320891314e-15
VTE,22,61,263,MID,-0.0243819094393879,-2.03194719471814e-15
VTE,22,62,30,MELD_lambda0_afproj,0.0183936720996899,0.0183936720996898
VTE,22,62,30,MELD_lambda0_reportN,0.0197555772360343,0.0197555772360339
VTE,22,62,30,MELD_lambda0_equal,0.0582942200693514,0.0582942200693509
VTE,22,62,30,MELD_lambda1_afproj,0.0171541048375572,0.0171541048375574
VTE,22,62,30,EUR,0.0153315007017777,0.0153315007017779
VTE,22,62,30,EAS,0.0132431190746273,0.013243119074627
VTE,22,62,30,AFR,0.116506642289747,0.116506642289748
VTE,22,62,30,CSA,0.030732701908628,0.0307327019086279
VTE,22,62,30,AMR,0.0339140597327804,0.0339140597327806
VTE,22,62,30,MID,0.0687149830878591,0.0687149830878586
VTE,22,63,58,MELD_lambda0_afproj,0.00138739127134709,0.0013873912713467
VTE,22,63,58,MELD_lambda0_reportN,0.00191340962593296,0.00191340962593309
VTE,22,63,58,MELD_lambda0_equal,0.0147896622437722,0.0147896622437724
VTE,22,63,58,MELD_lambda1_afproj,0.00136459312670691,0.00136459312670722
VTE,22,63,58,EUR,-0.000751433108234473,5.11743425393182e-17
VTE,22,63,58,EAS,0.0130303261439581,0.0130303261439583
VTE,22,63,58,AFR,0.0372479543843376,0.0372479543843378
VTE,22,63,58,CSA,0.00760071463732367,0.00760071463732339
VTE,22,63,58,AMR,0.0120195553208021,0.0120195553208028
VTE,22,63,58,MID,0.00694609122308966,0.00694609122308921
VTE,22,64,170,MELD_lambda0_afproj,-0.00998577827465645,-9.296617610262e-16
VTE,22,64,170,MELD_lambda0_reportN,-0.00905593980890874,-9.74635566054512e-16
VTE,22,64,170,MELD_lambda0_equal,1.34259914826348e-11,1.34252616548118e-11
VTE,22,64,170,MELD_lambda1_afproj,-0.00967061248297269,-1.20844752242552e-15
VTE,22,64,170,EUR,-0.0212190773689009,-2.99795280058448e-15
VTE,22,64,170,EAS,-0.0107957612801572,-9.06270824384648e-16
VTE,22,64,170,AFR,-0.00230119393852066,-6.41740974580192e-16
VTE,22,64,170,CSA,-0.0167842831166277,-8.83669054620873e-16
VTE,22,64,170,AMR,-0.021885146974658,-1.74755757737437e-15
VTE,22,64,170,MID,-0.000655890581978624,-4.4388552284164e-16
VTE,22,65,45,MELD_lambda0_afproj,-0.00511304651375617,-5.72221609409764e-16
VTE,22,65,45,MELD_lambda0_reportN,-0.00451884661224701,2.42456479032009e-16
VTE,22,65,45,MELD_lambda0_equal,0.00638506439027635,0.00638506439027658
VTE,22,65,45,MELD_lambda1_afproj,-0.0048128077420811,-2.37220319871904e-16
VTE,22,65,45,EUR,-0.00928782945626535,-1.75174170932527e-15
VTE,22,65,45,EAS,-0.00437511095727942,-6.00387684235955e-16
VTE,22,65,45,AFR,0.00727146390744799,0.00727146390744727
VTE,22,65,45,CSA,-0.00112101644757818,-1.7200194219443e-16
VTE,22,65,45,AMR,-0.00132948083350898,3.84261365430273e-17
VTE,22,65,45,MID,0.00413683401906355,0.00413683401906289
VTE,22,66,204,MELD_lambda0_afproj,-0.0130730983755609,-9.29415646714612e-16
VTE,22,66,204,MELD_lambda0_reportN,-0.0120233466274929,-1.26934832459458e-15
VTE,22,66,204,MELD_lambda0_equal,0.00327803492580735,0.00327803492580716
VTE,22,66,204,MELD_lambda1_afproj,-0.0127729498652416,-2.08891345592495e-15
VTE,22,66,204,EUR,-0.0244539387401853,-2.44955867007429e-15
VTE,22,66,204,EAS,-0.0153407108775434,-1.27186136139605e-15
VTE,22,66,204,AFR,0.00549990773107103,0.00549990773107153
VTE,22,66,204,CSA,-0.013860211362762,-1.20951478452619e-15
VTE,22,66,204,AMR,-0.0224557763460862,-1.0822309261525e-15
VTE,22,66,204,MID,-0.0122662881919592,-4.29025490450106e-16
VTE,22,67,187,MELD_lambda0_afproj,-0.00737605180348051,-5.16285024711603e-16
VTE,22,67,187,MELD_lambda0_reportN,-0.00577557267288983,-5.10453908480469e-16
VTE,22,67,187,MELD_lambda0_equal,-0.00106510017622949,-4.67291212670757e-17
VTE,22,67,187,MELD_lambda1_afproj,-0.00695780300112866,-7.87604566929565e-16
VTE,22,67,187,EUR,-0.0190190774649422,-1.79986388326983e-15
VTE,22,67,187,EAS,-0.0107567574240069,-8.70125592102654e-16
VTE,22,67,187,AFR,-0.0040624652982796,-1.1463679820521e-15
VTE,22,67,187,CSA,-0.00888512575039026,-2.60056660174486e-16
VTE,22,67,187,AMR,-0.0162846071356773,-8.00676175532826e-16
VTE,22,67,187,MID,-0.0107373939573301,-4.28011441382598e-16
VTE,22,68,126,MELD_lambda0_afproj,-0.00306153982156147,-4.11992676068031e-16
VTE,22,68,126,MELD_lambda0_reportN,-0.00180270534139355,-1.00302764189681e-17
VTE,22,68,126,MELD_lambda0_equal,0.00800601214581981,0.00800601214581947
VTE,22,68,126,MELD_lambda1_afproj,-0.00288496271719812,-5.66510401072873e-16
VTE,22,68,126,EUR,-0.0177401727875076,-8.11436740950555e-16
VTE,22,68,126,EAS,-0.00441341946473327,-8.53603680186877e-16
VTE,22,68,126,AFR,0.0140056773862031,0.0140056773862034
VTE,22,68,126,CSA,-0.00262994775211984,-5.44445673496708e-16
VTE,22,68,126,AMR,-0.00176072568276554,-3.34081547200575e-16
VTE,22,68,126,MID,0.00278966556428015,0.00278966556428073
VTE,22,70,183,MELD_lambda0_afproj,-0.00886864263365541,-6.39440858408122e-16
VTE,22,70,183,MELD_lambda0_reportN,-0.00768353456897689,-6.2718491780077e-16
VTE,22,70,183,MELD_lambda0_equal,-0.000744561714074705,2.98418177646541e-16
VTE,22,70,183,MELD_lambda1_afproj,-0.00822309185536806,-8.10438339858632e-16
VTE,22,70,183,EUR,-0.0189513419709061,-9.90795948831361e-16
VTE,22,70,183,EAS,-0.00852036163892422,-2.5049527909038e-16
VTE,22,70,183,AFR,-0.00197666545839063,-1.46544007382297e-15
VTE,22,70,183,CSA,-0.00915436496553884,-7.35202518168999e-16
VTE,22,70,183,AMR,-0.0118941025885656,-7.73990696873261e-16
VTE,22,70,183,MID,-0.00656156552223607,-6.67611647577097e-16
VTE,22,71,147,MELD_lambda0_afproj,-0.00374851213624888,6.72895757932121e-17
VTE,22,71,147,MELD_lambda0_reportN,-0.00280694276341209,-3.9519296961489e-17
VTE,22,71,147,MELD_lambda0_equal,0.00880808249672934,0.00880808249672891
VTE,22,71,147,MELD_lambda1_afproj,-0.00339763309508384,-1.50234337485703e-16
VTE,22,71,147,EUR,-0.0143944403583518,-1.00183023291686e-15
VTE,22,71,147,EAS,-0.00354942636971677,-1.59096127222521e-16
VTE,22,71,147,AFR,-8.29753056433435e-05,-7.21879188780889e-16
VTE,22,71,147,CSA,0.00627727557577714,0.00627727557577718
VTE,22,71,147,AMR,-0.00674816498202598,-5.81547810020174e-16
VTE,22,71,147,MID,0.00585811512336428,0.00585811512336475
VTE,22,72,55,MELD_lambda0_afproj,-5.92780389702215e-05,-1.59883271058721e-16
VTE,22,72,55,MELD_lambda0_reportN,-5.89093790137036e-05,-7.73277409123574e-16
VTE,22,72,55,MELD_lambda0_equal,-6.57958818876881e-05,-7.57279993965756e-17
VTE,22,72,55,MELD_lambda1_afproj,-5.85582195692795e-05,-4.8221868150165e-16
VTE,22,72,55,EUR,-0.00123876938426984,-2.7345919566401e-16
VTE,22,72,55,EAS,-0.0013063352831895,-2.43814293144818e-16
VTE,22,72,55,AFR,-6.70769450433553e-05,-4.59701721143849e-16
VTE,22,72,55,CSA,-0.00016585462148786,5.19456715755962e-16
VTE,22,72,55,AMR,-8.01065777321999e-17,-2.22003538269541e-16
VTE,22,72,55,MID,-0.000561787900800346,5.23491002729552e-18
VTE,22,74,354,MELD_lambda0_afproj,-0.037290567244735,-2.09399111435454e-15
VTE,22,74,354,MELD_lambda0_reportN,-0.0365407495446823,-1.89441278969772e-15
VTE,22,74,354,MELD_lambda0_equal,-0.00631878335889743,-2.32126801724942e-15
VTE,22,74,354,MELD_lambda1_afproj,-0.036213255824266,-2.92243873216964e-15
VTE,22,74,354,EUR,-0.0524706342088621,-2.59932827657113e-15
VTE,22,74,354,EAS,-0.0428251088477509,-2.90609174479421e-15
VTE,22,74,354,AFR,-0.0410028093893954,-2.38410739994197e-15
VTE,22,74,354,CSA,-0.0500921718117644,-2.90828547242769e-15
VTE,22,74,354,AMR,-0.0500962481309153,-2.32069696517084e-15
VTE,22,74,354,MID,-0.0492575467339236,-3.59273299650053e-15
