trait,chr,block_id,candidate,delta,r2,m
Asthma,22,1,MELD_lambda0_afproj,0.001,0.920791145558825,157
Asthma,22,1,MELD_lambda0_reportN,0.001,0.921933428140127,157
Asthma,22,1,MELD_lambda0_equal,0.001,0.912754494234792,157
Asthma,22,1,MELD_lambda1_afproj,0.001,0.913821317804061,157
Asthma,22,1,EUR,0.001,0.870443252192669,157
Asthma,22,1,EAS,0.001,0.68492764351707,157
Asthma,22,1,AFR,0.001,0.786506013349517,157
Asthma,22,1,CSA,0.001,0.869544470952155,157
Asthma,22,1,AMR,0.001,0.846717615601341,157
Asthma,22,1,MELD_lambda0_afproj,0.01,0.915908614617,157
Asthma,22,1,MELD_lambda0_reportN,0.01,0.917701836196011,157
Asthma,22,1,MELD_lambda0_equal,0.01,0.913739456038711,157
Asthma,22,1,MELD_lambda1_afproj,0.01,0.910828287761708,157
Asthma,22,1,EUR,0.01,0.903025195196353,157
Asthma,22,1,EAS,0.01,0.72783273147968,157
Asthma,22,1,AFR,0.01,0.789548489980473,157
Asthma,22,1,CSA,0.01,0.901104585375411,157
Asthma,22,1,AMR,0.01,0.890402963085113,157
Asthma,22,1,MELD_lambda0_afproj,0.1,0.899493294638113,157
Asthma,22,1,MELD_lambda0_reportN,0.1,0.901437036230825,157
Asthma,22,1,MELD_lambda0_equal,0.1,0.910279634344969,157
Asthma,22,1,MELD_lambda1_afproj,0.1,0.902412426853783,157
Asthma,22,1,EUR,0.1,0.895858072452593,157
Asthma,22,1,EAS,0.1,0.743809321193264,157
Asthma,22,1,AFR,0.1,0.770486302085894,157
Asthma,22,1,CSA,0.1,0.907373619027939,157
Asthma,22,1,AMR,0.1,0.897269935288977,157
Asthma,22,2,MELD_lambda0_afproj,0.001,0.754339819224258,217
Asthma,22,2,MELD_lambda0_reportN,0.001,0.754631574663332,217
Asthma,22,2,MELD_lambda0_equal,0.001,0.709520529002993,217
Asthma,22,2,MELD_lambda1_afproj,0.001,0.752178832958024,217
Asthma,22,2,EUR,0.001,0.749479046820361,217
Asthma,22,2,EAS,0.001,0.517251924917231,217
Asthma,22,2,AFR,0.001,0.450853112324429,217
Asthma,22,2,CSA,0.001,0.647135495531734,217
Asthma,22,2,AMR,0.001,0.611395351576058,217
Asthma,22,2,MELD_lambda0_afproj,0.01,0.767251337941642,217
Asthma,22,2,MELD_lambda0_reportN,0.01,0.766518926411535,217
Asthma,22,2,MELD_lambda0_equal,0.01,0.711410102209616,217
Asthma,22,2,MELD_lambda1_afproj,0.01,0.765604761181609,217
Asthma,22,2,EUR,0.01,0.766153510245214,217
Asthma,22,2,EAS,0.01,0.522521219659097,217
Asthma,22,2,AFR,0.01,0.486103710530889,217
Asthma,22,2,CSA,0.01,0.699556071576989,217
Asthma,22,2,AMR,0.01,0.707222221290088,217
Asthma,22,2,MELD_lambda0_afproj,0.1,0.757196100916999,217
Asthma,22,2,MELD_lambda0_reportN,0.1,0.755926658286243,217
Asthma,22,2,MELD_lambda0_equal,0.1,0.705748469788294,217
Asthma,22,2,MELD_lambda1_afproj,0.1,0.757238507248002,217
Asthma,22,2,EUR,0.1,0.745887621519159,217
Asthma,22,2,EAS,0.1,0.52860073647203,217
Asthma,22,2,AFR,0.1,0.533111767002763,217
Asthma,22,2,CSA,0.1,0.705353762271443,217
Asthma,22,2,AMR,0.1,0.676263853136256,217
Asthma,22,3,MELD_lambda0_afproj,0.001,0.912264850951884,572
Asthma,22,3,MELD_lambda0_reportN,0.001,0.913054011578592,572
Asthma,22,3,MELD_lambda0_equal,0.001,0.910113742948074,572
Asthma,22,3,MELD_lambda1_afproj,0.001,0.913460614684855,572
Asthma,22,3,EUR,0.001,0.836026269834352,572
Asthma,22,3,EAS,0.001,0.507235902616744,572
Asthma,22,3,AFR,0.001,0.54275738586617,572
Asthma,22,3,CSA,0.001,0.735037108428634,572
Asthma,22,3,AMR,0.001,0.741946584275908,572
Asthma,22,3,MELD_lambda0_afproj,0.01,0.925041071537201,572
Asthma,22,3,MELD_lambda0_reportN,0.01,0.925012183168218,572
Asthma,22,3,MELD_lambda0_equal,0.01,0.912716866668506,572
Asthma,22,3,MELD_lambda1_afproj,0.01,0.925560081563178,572
Asthma,22,3,EUR,0.01,0.898657936893489,572
Asthma,22,3,EAS,0.01,0.762146687939908,572
Asthma,22,3,AFR,0.01,0.671486911736547,572
Asthma,22,3,CSA,0.01,0.837299368735808,572
Asthma,22,3,AMR,0.01,0.82857231177568,572
Asthma,22,3,MELD_lambda0_afproj,0.1,0.919591396639862,572
Asthma,22,3,MELD_lambda0_reportN,0.1,0.919663481848155,572
Asthma,22,3,MELD_lambda0_equal,0.1,0.907660962886472,572
Asthma,22,3,MELD_lambda1_afproj,0.1,0.920504691154576,572
Asthma,22,3,EUR,0.1,0.902557902733705,572
Asthma,22,3,EAS,0.1,0.826768410195552,572
Asthma,22,3,AFR,0.1,0.731892279303272,572
Asthma,22,3,CSA,0.1,0.867810213477712,572
Asthma,22,3,AMR,0.1,0.839419121578003,572
Asthma,22,4,MELD_lambda0_afproj,0.001,0.922429350652728,594
Asthma,22,4,MELD_lambda0_reportN,0.001,0.923038714497623,594
Asthma,22,4,MELD_lambda0_equal,0.001,0.922828224717096,594
Asthma,22,4,MELD_lambda1_afproj,0.001,0.922007132856245,594
Asthma,22,4,EUR,0.001,0.853183513372166,594
Asthma,22,4,EAS,0.001,0.660529468218898,594
Asthma,22,4,AFR,0.001,0.715914236677406,594
Asthma,22,4,CSA,0.001,0.823739125091837,594
Asthma,22,4,AMR,0.001,0.865573158963267,594
Asthma,22,4,MELD_lambda0_afproj,0.01,0.946038118958746,594
Asthma,22,4,MELD_lambda0_reportN,0.01,0.946021576884127,594
Asthma,22,4,MELD_lambda0_equal,0.01,0.935819824179283,594
Asthma,22,4,MELD_lambda1_afproj,0.01,0.945672326668582,594
Asthma,22,4,EUR,0.01,0.923069386333085,594
Asthma,22,4,EAS,0.01,0.783300783845683,594
Asthma,22,4,AFR,0.01,0.813716845516623,594
Asthma,22,4,CSA,0.01,0.886791653431202,594
Asthma,22,4,AMR,0.01,0.905842351982458,594
Asthma,22,4,MELD_lambda0_afproj,0.1,0.948495944984713,594
Asthma,22,4,MELD_lambda0_reportN,0.1,0.94818740969153,594
Asthma,22,4,MELD_lambda0_equal,0.1,0.934525064477695,594
Asthma,22,4,MELD_lambda1_afproj,0.1,0.947641210615386,594
Asthma,22,4,EUR,0.1,0.933493557201844,594
Asthma,22,4,EAS,0.1,0.812477776265783,594
Asthma,22,4,AFR,0.1,0.820831170502566,594
Asthma,22,4,CSA,0.1,0.897329775295034,594
Asthma,22,4,AMR,0.1,0.902320808392759,594
Asthma,22,5,MELD_lambda0_afproj,0.001,0.827115747062813,249
Asthma,22,5,MELD_lambda0_reportN,0.001,0.830177591772825,249
Asthma,22,5,MELD_lambda0_equal,0.001,0.844876309585576,249
Asthma,22,5,MELD_lambda1_afproj,0.001,0.823080651433664,249
Asthma,22,5,EUR,0.001,0.846257064815728,249
Asthma,22,5,EAS,0.001,0.710909909039753,249
Asthma,22,5,AFR,0.001,0.715221998316693,249
Asthma,22,5,CSA,0.001,0.765662231153369,249
Asthma,22,5,AMR,0.001,0.554344217750511,249
Asthma,22,5,MELD_lambda0_afproj,0.01,0.898408808873712,249
Asthma,22,5,MELD_lambda0_reportN,0.01,0.89630644201844,249
Asthma,22,5,MELD_lambda0_equal,0.01,0.863275551398159,249
Asthma,22,5,MELD_lambda1_afproj,0.01,0.89675035306037,249
Asthma,22,5,EUR,0.01,0.918860632095201,249
Asthma,22,5,EAS,0.01,0.821496376543811,249
Asthma,22,5,AFR,0.01,0.776197417442612,249
Asthma,22,5,CSA,0.01,0.845847197666571,249
Asthma,22,5,AMR,0.01,0.761793334409739,249
Asthma,22,5,MELD_lambda0_afproj,0.1,0.899309351002708,249
Asthma,22,5,MELD_lambda0_reportN,0.1,0.89824680442074,249
Asthma,22,5,MELD_lambda0_equal,0.1,0.876643742423833,249
Asthma,22,5,MELD_lambda1_afproj,0.1,0.900338287125933,249
Asthma,22,5,EUR,0.1,0.90012035232769,249
Asthma,22,5,EAS,0.1,0.859152710675052,249
Asthma,22,5,AFR,0.1,0.835508252450859,249
Asthma,22,5,CSA,0.1,0.872255505217687,249
Asthma,22,5,AMR,0.1,0.834065152131265,249
Asthma,22,6,MELD_lambda0_afproj,0.001,0.959697372770167,360
Asthma,22,6,MELD_lambda0_reportN,0.001,0.96037956095967,360
Asthma,22,6,MELD_lambda0_equal,0.001,0.939682938627836,360
Asthma,22,6,MELD_lambda1_afproj,0.001,0.953329244203013,360
Asthma,22,6,EUR,0.001,0.934360389075087,360
Asthma,22,6,EAS,0.001,0.811660590637756,360
Asthma,22,6,AFR,0.001,0.786147954240121,360
Asthma,22,6,CSA,0.001,0.892453484958566,360
Asthma,22,6,AMR,0.001,0.901368814048218,360
Asthma,22,6,MELD_lambda0_afproj,0.01,0.971150110820837,360
Asthma,22,6,MELD_lambda0_reportN,0.01,0.97102671900593,360
Asthma,22,6,MELD_lambda0_equal,0.01,0.95077119594928,360
Asthma,22,6,MELD_lambda1_afproj,0.01,0.96919595211314,360
Asthma,22,6,EUR,0.01,0.963629425194682,360
Asthma,22,6,EAS,0.01,0.890211243739526,360
Asthma,22,6,AFR,0.01,0.848850967853608,360
Asthma,22,6,CSA,0.01,0.926803016817417,360
Asthma,22,6,AMR,0.01,0.937470467139351,360
Asthma,22,6,MELD_lambda0_afproj,0.1,0.9688009707464,360
Asthma,22,6,MELD_lambda0_reportN,0.1,0.968561196356106,360
Asthma,22,6,MELD_lambda0_equal,0.1,0.949422309868083,360
Asthma,22,6,MELD_lambda1_afproj,0.1,0.967952767285472,360
Asthma,22,6,EUR,0.1,0.962899058322944,360
Asthma,22,6,EAS,0.1,0.923365381197432,360
Asthma,22,6,AFR,0.1,0.884512114512622,360
Asthma,22,6,CSA,0.1,0.936929062150007,360
Asthma,22,6,AMR,0.1,0.933886890693731,360
Asthma,22,7,MELD_lambda0_afproj,0.001,0.832024493220445,678
Asthma,22,7,MELD_lambda0_reportN,0.001,0.833044612721029,678
Asthma,22,7,MELD_lambda0_equal,0.001,0.841218720972678,678
Asthma,22,7,MELD_lambda1_afproj,0.001,0.819693571109563,678
Asthma,22,7,EUR,0.001,0.718530256738952,678
Asthma,22,7,EAS,0.001,0.646938206229051,678
Asthma,22,7,AFR,0.001,0.225167611655614,678
Asthma,22,7,CSA,0.001,0.526769994261021,678
Asthma,22,7,AMR,0.001,0.610856155286145,678
Asthma,22,7,MELD_lambda0_afproj,0.01,0.873083666208695,678
Asthma,22,7,MELD_lambda0_reportN,0.01,0.874358666892814,678
Asthma,22,7,MELD_lambda0_equal,0.01,0.844177822331958,678
Asthma,22,7,MELD_lambda1_afproj,0.01,0.870450651547317,678
Asthma,22,7,EUR,0.01,0.82011467735625,678
Asthma,22,7,EAS,0.01,0.749478712009563,678
Asthma,22,7,AFR,0.01,0.457283853036533,678
Asthma,22,7,CSA,0.01,0.715456915201865,678
Asthma,22,7,AMR,0.01,0.744439519717149,678
Asthma,22,7,MELD_lambda0_afproj,0.1,0.86467925902281,678
Asthma,22,7,MELD_lambda0_reportN,0.1,0.864774509658435,678
Asthma,22,7,MELD_lambda0_equal,0.1,0.833711741827493,678
Asthma,22,7,MELD_lambda1_afproj,0.1,0.862701830742216,678
Asthma,22,7,EUR,0.1,0.84672718146517,678
Asthma,22,7,EAS,0.1,0.734960920765204,678
Asthma,22,7,AFR,0.1,0.5884567678349,678
Asthma,22,7,CSA,0.1,0.758321890180437,678
Asthma,22,7,AMR,0.1,0.78634411020939,678
Asthma,22,8,MELD_lambda0_afproj,0.001,0.775026079396156,647
Asthma,22,8,MELD_lambda0_reportN,0.001,0.778078334232738,647
Asthma,22,8,MELD_lambda0_equal,0.001,0.780427396478677,647
Asthma,22,8,MELD_lambda1_afproj,0.001,0.768921943523524,647
Asthma,22,8,EUR,0.001,0.660674825482794,647
Asthma,22,8,EAS,0.001,0.483127702155741,647
Asthma,22,8,AFR,0.001,0.284413537891706,647
Asthma,22,8,CSA,0.001,0.544455910045357,647
Asthma,22,8,AMR,0.001,0.634393489115427,647
Asthma,22,8,MELD_lambda0_afproj,0.01,0.873030672274492,647
Asthma,22,8,MELD_lambda0_reportN,0.01,0.873409169946544,647
Asthma,22,8,MELD_lambda0_equal,0.01,0.866908381615946,647
Asthma,22,8,MELD_lambda1_afproj,0.01,0.870573650887215,647
Asthma,22,8,EUR,0.01,0.827305500202978,647
Asthma,22,8,EAS,0.01,0.663768307985305,647
Asthma,22,8,AFR,0.01,0.435847505608797,647
Asthma,22,8,CSA,0.01,0.717772075471366,647
Asthma,22,8,AMR,0.01,0.710036868638545,647
Asthma,22,8,MELD_lambda0_afproj,0.1,0.885754052125046,647
Asthma,22,8,MELD_lambda0_reportN,0.1,0.885464348190017,647
Asthma,22,8,MELD_lambda0_equal,0.1,0.870723791204746,647
Asthma,22,8,MELD_lambda1_afproj,0.1,0.884893389178779,647
Asthma,22,8,EUR,0.1,0.860810295574871,647
Asthma,22,8,EAS,0.1,0.70472412786368,647
Asthma,22,8,AFR,0.1,0.542654476794295,647
Asthma,22,8,CSA,0.1,0.751160770442633,647
Asthma,22,8,AMR,0.1,0.746494028456386,647
Asthma,22,9,MELD_lambda0_afproj,0.001,0.914781148612458,593
Asthma,22,9,MELD_lambda0_reportN,0.001,0.915356956348246,593
Asthma,22,9,MELD_lambda0_equal,0.001,0.894851830640412,593
Asthma,22,9,MELD_lambda1_afproj,0.001,0.909360488182522,593
Asthma,22,9,EUR,0.001,0.789260697641954,593
Asthma,22,9,EAS,0.001,0.618875292648263,593
Asthma,22,9,AFR,0.001,0.390965739567263,593
Asthma,22,9,CSA,0.001,0.683458319540439,593
Asthma,22,9,AMR,0.001,0.615496652521173,593
Asthma,22,9,MELD_lambda0_afproj,0.01,0.931222978680175,593
Asthma,22,9,MELD_lambda0_reportN,0.01,0.931224320797589,593
Asthma,22,9,MELD_lambda0_equal,0.01,0.900624513390738,593
Asthma,22,9,MELD_lambda1_afproj,0.01,0.925173555602959,593
Asthma,22,9,EUR,0.01,0.891960334189438,593
Asthma,22,9,EAS,0.01,0.7806620723527,593
Asthma,22,9,AFR,0.01,0.653798088849508,593
Asthma,22,9,CSA,0.01,0.784958074538182,593
Asthma,22,9,AMR,0.01,0.764366700724889,593
Asthma,22,9,MELD_lambda0_afproj,0.1,0.929599894746445,593
Asthma,22,9,MELD_lambda0_reportN,0.1,0.929729382314181,593
Asthma,22,9,MELD_lambda0_equal,0.1,0.900026420034385,593
Asthma,22,9,MELD_lambda1_afproj,0.1,0.925867924495955,593
Asthma,22,9,EUR,0.1,0.91395494944935,593
Asthma,22,9,EAS,0.1,0.796419352787706,593
Asthma,22,9,AFR,0.1,0.687210954375209,593
Asthma,22,9,CSA,0.1,0.834919046815292,593
Asthma,22,9,AMR,0.1,0.822943112152136,593
Asthma,22,10,MELD_lambda0_afproj,0.001,0.942435600256636,517
Asthma,22,10,MELD_lambda0_reportN,0.001,0.943507477380046,517
Asthma,22,10,MELD_lambda0_equal,0.001,0.922864384213683,517
Asthma,22,10,MELD_lambda1_afproj,0.001,0.934703069336665,517
Asthma,22,10,EUR,0.001,0.902323582150618,517
Asthma,22,10,EAS,0.001,0.592566960497588,517
Asthma,22,10,AFR,0.001,0.653579311285936,517
Asthma,22,10,CSA,0.001,0.870512067803251,517
Asthma,22,10,AMR,0.001,0.855184099439788,517
Asthma,22,10,MELD_lambda0_afproj,0.01,0.960604049339773,517
Asthma,22,10,MELD_lambda0_reportN,0.01,0.961120694720359,517
Asthma,22,10,MELD_lambda0_equal,0.01,0.949497993834637,517
Asthma,22,10,MELD_lambda1_afproj,0.01,0.958812469240537,517
Asthma,22,10,EUR,0.01,0.932561326393139,517
Asthma,22,10,EAS,0.01,0.783577319218687,517
Asthma,22,10,AFR,0.01,0.753898782306469,517
Asthma,22,10,CSA,0.01,0.929973038627809,517
Asthma,22,10,AMR,0.01,0.901473184060466,517
Asthma,22,10,MELD_lambda0_afproj,0.1,0.957600937240829,517
Asthma,22,10,MELD_lambda0_reportN,0.1,0.957895359379962,517
Asthma,22,10,MELD_lambda0_equal,0.1,0.942725001469397,517
Asthma,22,10,MELD_lambda1_afproj,0.1,0.956718676918082,517
Asthma,22,10,EUR,0.1,0.941304243141427,517
Asthma,22,10,EAS,0.1,0.827364329233571,517
Asthma,22,10,AFR,0.1,0.80435819126022,517
Asthma,22,10,CSA,0.1,0.922051162620609,517
Asthma,22,10,AMR,0.1,0.90157600302739,517
Asthma,22,11,MELD_lambda0_afproj,0.001,0.965214938567505,369
Asthma,22,11,MELD_lambda0_reportN,0.001,0.96535765207158,369
Asthma,22,11,MELD_lambda0_equal,0.001,0.906182046448098,369
Asthma,22,11,MELD_lambda1_afproj,0.001,0.953347111976153,369
Asthma,22,11,EUR,0.001,0.93430641645318,369
Asthma,22,11,EAS,0.001,0.653560317968339,369
Asthma,22,11,AFR,0.001,0.609308728026177,369
Asthma,22,11,CSA,0.001,0.809337938836301,369
Asthma,22,11,AMR,0.001,0.847178066212911,369
Asthma,22,11,MELD_lambda0_afproj,0.01,0.976329075146889,369
Asthma,22,11,MELD_lambda0_reportN,0.01,0.976729000807229,369
Asthma,22,11,MELD_lambda0_equal,0.01,0.95851392209005,369
Asthma,22,11,MELD_lambda1_afproj,0.01,0.972168578926818,369
Asthma,22,11,EUR,0.01,0.946159921967278,369
Asthma,22,11,EAS,0.01,0.861348124466853,369
Asthma,22,11,AFR,0.01,0.779859820299653,369
Asthma,22,11,CSA,0.01,0.925460598530826,369
Asthma,22,11,AMR,0.01,0.915789312267031,369
Asthma,22,11,MELD_lambda0_afproj,0.1,0.958868762974023,369
Asthma,22,11,MELD_lambda0_reportN,0.1,0.959386794016156,369
Asthma,22,11,MELD_lambda0_equal,0.1,0.949105507024217,369
Asthma,22,11,MELD_lambda1_afproj,0.1,0.952910959505028,369
Asthma,22,11,EUR,0.1,0.925858468759869,369
Asthma,22,11,EAS,0.1,0.874000839913562,369
Asthma,22,11,AFR,0.1,0.804617513168467,369
Asthma,22,11,CSA,0.1,0.929088453900054,369
Asthma,22,11,AMR,0.1,0.897686723389026,369
Asthma,22,12,MELD_lambda0_afproj,0.001,0.910548479439657,836
Asthma,22,12,MELD_lambda0_reportN,0.001,0.912648871537099,836
Asthma,22,12,MELD_lambda0_equal,0.001,0.888271518997003,836
Asthma,22,12,MELD_lambda1_afproj,0.001,0.912216353638446,836
Asthma,22,12,EUR,0.001,0.839965076085883,836
Asthma,22,12,EAS,0.001,0.675695136997687,836
Asthma,22,12,AFR,0.001,0.468487834887987,836
Asthma,22,12,CSA,0.001,0.721778900390417,836
Asthma,22,12,AMR,0.001,0.733986502609203,836
Asthma,22,12,MELD_lambda0_afproj,0.01,0.932942627254386,836
Asthma,22,12,MELD_lambda0_reportN,0.01,0.934158781650903,836
Asthma,22,12,MELD_lambda0_equal,0.01,0.91199942872594,836
Asthma,22,12,MELD_lambda1_afproj,0.01,0.934096267866416,836
Asthma,22,12,EUR,0.01,0.913062102096518,836
Asthma,22,12,EAS,0.01,0.795997781512531,836
Asthma,22,12,AFR,0.01,0.608047794697689,836
Asthma,22,12,CSA,0.01,0.835112212557718,836
Asthma,22,12,AMR,0.01,0.786923624522338,836
Asthma,22,12,MELD_lambda0_afproj,0.1,0.932266847775149,836
Asthma,22,12,MELD_lambda0_reportN,0.1,0.933152903246468,836
Asthma,22,12,MELD_lambda0_equal,0.1,0.913326986618324,836
Asthma,22,12,MELD_lambda1_afproj,0.1,0.932509026471272,836
Asthma,22,12,EUR,0.1,0.914039993818336,836
Asthma,22,12,EAS,0.1,0.817432178523137,836
Asthma,22,12,AFR,0.1,0.681867355449309,836
Asthma,22,12,CSA,0.1,0.8537783137446,836
Asthma,22,12,AMR,0.1,0.832080681836646,836
Asthma,22,13,MELD_lambda0_afproj,0.001,0.959977623295085,510
Asthma,22,13,MELD_lambda0_reportN,0.001,0.959857150499014,510
Asthma,22,13,MELD_lambda0_equal,0.001,0.948873555106199,510
Asthma,22,13,MELD_lambda1_afproj,0.001,0.959425362997599,510
Asthma,22,13,EUR,0.001,0.948152593741955,510
Asthma,22,13,EAS,0.001,0.796836725044016,510
Asthma,22,13,AFR,0.001,0.729537179635512,510
Asthma,22,13,CSA,0.001,0.897543731564037,510
Asthma,22,13,AMR,0.001,0.915650414543929,510
Asthma,22,13,MELD_lambda0_afproj,0.01,0.969130979286801,510
Asthma,22,13,MELD_lambda0_reportN,0.01,0.968842340021737,510
Asthma,22,13,MELD_lambda0_equal,0.01,0.96364497739039,510
Asthma,22,13,MELD_lambda1_afproj,0.01,0.969139895625575,510
Asthma,22,13,EUR,0.01,0.954284812336524,510
Asthma,22,13,EAS,0.01,0.902444919217018,510
Asthma,22,13,AFR,0.01,0.863686668225716,510
Asthma,22,13,CSA,0.01,0.922379564227963,510
Asthma,22,13,AMR,0.01,0.941683757485902,510
Asthma,22,13,MELD_lambda0_afproj,0.1,0.960217934333973,510
Asthma,22,13,MELD_lambda0_reportN,0.1,0.960246757661205,510
Asthma,22,13,MELD_lambda0_equal,0.1,0.954683885782263,510
Asthma,22,13,MELD_lambda1_afproj,0.1,0.959896087631781,510
Asthma,22,13,EUR,0.1,0.951775210882773,510
Asthma,22,13,EAS,0.1,0.892038324116544,510
Asthma,22,13,AFR,0.1,0.891820310317757,510
Asthma,22,13,CSA,0.1,0.923908289049565,510
Asthma,22,13,AMR,0.1,0.930004092488931,510
Asthma,22,14,MELD_lambda0_afproj,0.001,0.878116356610578,706
Asthma,22,14,MELD_lambda0_reportN,0.001,0.882360464309742,706
Asthma,22,14,MELD_lambda0_equal,0.001,0.90184641546674,706
Asthma,22,14,MELD_lambda1_afproj,0.001,0.885865213066903,706
Asthma,22,14,EUR,0.001,0.776823438608588,706
Asthma,22,14,EAS,0.001,0.604786156130249,706
Asthma,22,14,AFR,0.001,0.4534180689026,706
Asthma,22,14,CSA,0.001,0.738325352076255,706
Asthma,22,14,AMR,0.001,0.74927243696805,706
Asthma,22,14,MELD_lambda0_afproj,0.01,0.921071485468797,706
Asthma,22,14,MELD_lambda0_reportN,0.01,0.92123079098463,706
Asthma,22,14,MELD_lambda0_equal,0.01,0.913179601513873,706
Asthma,22,14,MELD_lambda1_afproj,0.01,0.921443286283609,706
Asthma,22,14,EUR,0.01,0.897592164354031,706
Asthma,22,14,EAS,0.01,0.776138963784374,706
Asthma,22,14,AFR,0.01,0.575127236655422,706
Asthma,22,14,CSA,0.01,0.872191063760433,706
Asthma,22,14,AMR,0.01,0.807682352953616,706
Asthma,22,14,MELD_lambda0_afproj,0.1,0.928846581139516,706
Asthma,22,14,MELD_lambda0_reportN,0.1,0.928979146705442,706
Asthma,22,14,MELD_lambda0_equal,0.1,0.919958614146405,706
Asthma,22,14,MELD_lambda1_afproj,0.1,0.92696088045163,706
Asthma,22,14,EUR,0.1,0.917938268882821,706
Asthma,22,14,EAS,0.1,0.840376204392878,706
Asthma,22,14,AFR,0.1,0.646779630894254,706
Asthma,22,14,CSA,0.1,0.898297110947047,706
Asthma,22,14,AMR,0.1,0.846116001433221,706
Asthma,22,15,MELD_lambda0_afproj,0.001,0.942686046678518,513
Asthma,22,15,MELD_lambda0_reportN,0.001,0.94479514871266,513
Asthma,22,15,MELD_lambda0_equal,0.001,0.916028304922251,513
Asthma,22,15,MELD_lambda1_afproj,0.001,0.948615161393406,513
Asthma,22,15,EUR,0.001,0.925855198276201,513
Asthma,22,15,EAS,0.001,0.741084323014752,513
Asthma,22,15,AFR,0.001,0.690489323454615,513
Asthma,22,15,CSA,0.001,0.848326696875912,513
Asthma,22,15,AMR,0.001,0.857903053841086,513
Asthma,22,15,MELD_lambda0_afproj,0.01,0.972725064264424,513
Asthma,22,15,MELD_lambda0_reportN,0.01,0.972846324589019,513
Asthma,22,15,MELD_lambda0_equal,0.01,0.963168089284369,513
Asthma,22,15,MELD_lambda1_afproj,0.01,0.97289052777896,513
Asthma,22,15,EUR,0.01,0.961221072870478,513
Asthma,22,15,EAS,0.01,0.879112492634502,513
Asthma,22,15,AFR,0.01,0.791401907288835,513
Asthma,22,15,CSA,0.01,0.922505174552279,513
Asthma,22,15,AMR,0.01,0.917467355020295,513
Asthma,22,15,MELD_lambda0_afproj,0.1,0.963491956838378,513
Asthma,22,15,MELD_lambda0_reportN,0.1,0.963954688876506,513
Asthma,22,15,MELD_lambda0_equal,0.1,0.957464103407483,513
Asthma,22,15,MELD_lambda1_afproj,0.1,0.963585231207856,513
Asthma,22,15,EUR,0.1,0.954938843946533,513
Asthma,22,15,EAS,0.1,0.907625546647371,513
Asthma,22,15,AFR,0.1,0.823691687987198,513
Asthma,22,15,CSA,0.1,0.930357893676358,513
Asthma,22,15,AMR,0.1,0.923299049526221,513
Asthma,22,16,MELD_lambda0_afproj,0.001,0.921302147916977,310
Asthma,22,16,MELD_lambda0_reportN,0.001,0.921873232378349,310
Asthma,22,16,MELD_lambda0_equal,0.001,0.923490816517594,310
Asthma,22,16,MELD_lambda1_afproj,0.001,0.917790293637734,310
Asthma,22,16,EUR,0.001,0.894441331017769,310
Asthma,22,16,EAS,0.001,0.695333941015921,310
Asthma,22,16,AFR,0.001,0.711229829058557,310
Asthma,22,16,CSA,0.001,0.810791315467557,310
Asthma,22,16,AMR,0.001,0.866155796585451,310
Asthma,22,16,MELD_lambda0_afproj,0.01,0.926403125502314,310
Asthma,22,16,MELD_lambda0_reportN,0.01,0.926643609694438,310
Asthma,22,16,MELD_lambda0_equal,0.01,0.926027389893532,310
Asthma,22,16,MELD_lambda1_afproj,0.01,0.921192680874027,310
Asthma,22,16,EUR,0.01,0.920161669094447,310
Asthma,22,16,EAS,0.01,0.795667461400405,310
Asthma,22,16,AFR,0.01,0.754248783739248,310
Asthma,22,16,CSA,0.01,0.864516652838852,310
Asthma,22,16,AMR,0.01,0.918463528579854,310
Asthma,22,16,MELD_lambda0_afproj,0.1,0.930446809002503,310
Asthma,22,16,MELD_lambda0_reportN,0.1,0.930851636149745,310
Asthma,22,16,MELD_lambda0_equal,0.1,0.927291471806214,310
Asthma,22,16,MELD_lambda1_afproj,0.1,0.926717446061157,310
Asthma,22,16,EUR,0.1,0.925345396586088,310
Asthma,22,16,EAS,0.1,0.841677815848235,310
Asthma,22,16,AFR,0.1,0.754528980556939,310
Asthma,22,16,CSA,0.1,0.878355786252378,310
Asthma,22,16,AMR,0.1,0.928918347785218,310
Asthma,22,17,MELD_lambda0_afproj,0.001,0.988005091889353,448
Asthma,22,17,MELD_lambda0_reportN,0.001,0.988255375338385,448
Asthma,22,17,MELD_lambda0_equal,0.001,0.941895072779787,448
Asthma,22,17,MELD_lambda1_afproj,0.001,0.984684098304358,448
Asthma,22,17,EUR,0.001,0.947128435903811,448
Asthma,22,17,EAS,0.001,0.463082093704931,448
Asthma,22,17,AFR,0.001,0.26518859105566,448
Asthma,22,17,CSA,0.001,0.913602425903832,448
Asthma,22,17,AMR,0.001,0.904354374705623,448
Asthma,22,17,MELD_lambda0_afproj,0.01,0.991706432454869,448
Asthma,22,17,MELD_lambda0_reportN,0.01,0.991778770911738,448
Asthma,22,17,MELD_lambda0_equal,0.01,0.984035406595087,448
Asthma,22,17,MELD_lambda1_afproj,0.01,0.991066183751741,448
Asthma,22,17,EUR,0.01,0.984854888805072,448
Asthma,22,17,EAS,0.01,0.875256301244984,448
Asthma,22,17,AFR,0.01,0.796205759423517,448
Asthma,22,17,CSA,0.01,0.977961130041058,448
Asthma,22,17,AMR,0.01,0.950232567871979,448
Asthma,22,17,MELD_lambda0_afproj,0.1,0.991226798614307,448
Asthma,22,17,MELD_lambda0_reportN,0.1,0.991330522300641,448
Asthma,22,17,MELD_lambda0_equal,0.1,0.98514302754391,448
Asthma,22,17,MELD_lambda1_afproj,0.1,0.990725379885434,448
Asthma,22,17,EUR,0.1,0.987959355918534,448
Asthma,22,17,EAS,0.1,0.941085055001273,448
Asthma,22,17,AFR,0.1,0.862174371543621,448
Asthma,22,17,CSA,0.1,0.98247919454147,448
Asthma,22,17,AMR,0.1,0.958354211710855,448
Asthma,22,18,MELD_lambda0_afproj,0.001,0.938458393900891,333
Asthma,22,18,MELD_lambda0_reportN,0.001,0.939504661582684,333
Asthma,22,18,MELD_lambda0_equal,0.001,0.903660265594971,333
Asthma,22,18,MELD_lambda1_afproj,0.001,0.93414067016301,333
Asthma,22,18,EUR,0.001,0.829102320286649,333
Asthma,22,18,EAS,0.001,0.521390521196332,333
Asthma,22,18,AFR,0.001,0.392311031882196,333
Asthma,22,18,CSA,0.001,0.750015555391891,333
Asthma,22,18,AMR,0.001,0.741935000505897,333
Asthma,22,18,MELD_lambda0_afproj,0.01,0.942627924786888,333
Asthma,22,18,MELD_lambda0_reportN,0.01,0.942297201123568,333
Asthma,22,18,MELD_lambda0_equal,0.01,0.90893487711599,333
Asthma,22,18,MELD_lambda1_afproj,0.01,0.939699346423465,333
Asthma,22,18,EUR,0.01,0.911292279701812,333
Asthma,22,18,EAS,0.01,0.686586124907916,333
Asthma,22,18,AFR,0.01,0.491124506756654,333
Asthma,22,18,CSA,0.01,0.847961375265125,333
Asthma,22,18,AMR,0.01,0.831126951555521,333
Asthma,22,18,MELD_lambda0_afproj,0.1,0.929391464189614,333
Asthma,22,18,MELD_lambda0_reportN,0.1,0.929227213578517,333
Asthma,22,18,MELD_lambda0_equal,0.1,0.90372451992439,333
Asthma,22,18,MELD_lambda1_afproj,0.1,0.919263843860565,333
Asthma,22,18,EUR,0.1,0.902796519495074,333
Asthma,22,18,EAS,0.1,0.661735799241807,333
Asthma,22,18,AFR,0.1,0.570404266625627,333
Asthma,22,18,CSA,0.1,0.845802980370545,333
Asthma,22,18,AMR,0.1,0.85365331149616,333
Asthma,22,19,MELD_lambda0_afproj,0.001,0.878088223830705,658
Asthma,22,19,MELD_lambda0_reportN,0.001,0.879928876978775,658
Asthma,22,19,MELD_lambda0_equal,0.001,0.874743224820949,658
Asthma,22,19,MELD_lambda1_afproj,0.001,0.879825548105243,658
Asthma,22,19,EUR,0.001,0.806973977782937,658
Asthma,22,19,EAS,0.001,0.394356486950967,658
Asthma,22,19,AFR,0.001,0.341395589183823,658
Asthma,22,19,CSA,0.001,0.703791502966954,658
Asthma,22,19,AMR,0.001,0.68928165989454,658
Asthma,22,19,MELD_lambda0_afproj,0.01,0.897405102132275,658
Asthma,22,19,MELD_lambda0_reportN,0.01,0.897713448308849,658
Asthma,22,19,MELD_lambda0_equal,0.01,0.888044632693987,658
Asthma,22,19,MELD_lambda1_afproj,0.01,0.897858838368275,658
Asthma,22,19,EUR,0.01,0.879684341735155,658
Asthma,22,19,EAS,0.01,0.666092099094985,658
Asthma,22,19,AFR,0.01,0.459436942721546,658
Asthma,22,19,CSA,0.01,0.839702175394587,658
Asthma,22,19,AMR,0.01,0.739612910966888,658
Asthma,22,19,MELD_lambda0_afproj,0.1,0.898616997753165,658
Asthma,22,19,MELD_lambda0_reportN,0.1,0.898811079209409,658
Asthma,22,19,MELD_lambda0_equal,0.1,0.888712728349033,658
Asthma,22,19,MELD_lambda1_afproj,0.1,0.897747007617248,658
Asthma,22,19,EUR,0.1,0.882657485425018,658
Asthma,22,19,EAS,0.1,0.74083910170917,658
Asthma,22,19,AFR,0.1,0.573250226042732,658
Asthma,22,19,CSA,0.1,0.862940413407526,658
Asthma,22,19,AMR,0.1,0.783887121345875,658
Asthma,22,20,MELD_lambda0_afproj,0.001,0.827926851717111,578
Asthma,22,20,MELD_lambda0_reportN,0.001,0.829775560051684,578
Asthma,22,20,MELD_lambda0_equal,0.001,0.784178417463665,578
Asthma,22,20,MELD_lambda1_afproj,0.001,0.8230329546811,578
Asthma,22,20,EUR,0.001,0.695925997053488,578
Asthma,22,20,EAS,0.001,0.496663583238139,578
Asthma,22,20,AFR,0.001,0.308231683681914,578
Asthma,22,20,CSA,0.001,0.492556860409064,578
Asthma,22,20,AMR,0.001,0.56021652571504,578
Asthma,22,20,MELD_lambda0_afproj,0.01,0.856443411641548,578
Asthma,22,20,MELD_lambda0_reportN,0.01,0.855729564795406,578
Asthma,22,20,MELD_lambda0_equal,0.01,0.794612911084055,578
Asthma,22,20,MELD_lambda1_afproj,0.01,0.851698479861112,578
Asthma,22,20,EUR,0.01,0.812281820248535,578
Asthma,22,20,EAS,0.01,0.652274855487567,578
Asthma,22,20,AFR,0.01,0.368134110083089,578
Asthma,22,20,CSA,0.01,0.653539482573361,578
Asthma,22,20,AMR,0.01,0.712725625806185,578
Asthma,22,20,MELD_lambda0_afproj,0.1,0.853737296146185,578
Asthma,22,20,MELD_lambda0_reportN,0.1,0.852784230541727,578
Asthma,22,20,MELD_lambda0_equal,0.1,0.801701484613768,578
Asthma,22,20,MELD_lambda1_afproj,0.1,0.847936110469429,578
Asthma,22,20,EUR,0.1,0.840157302613102,578
Asthma,22,20,EAS,0.1,0.678688083968852,578
Asthma,22,20,AFR,0.1,0.431108612128785,578
Asthma,22,20,CSA,0.1,0.726165139750221,578
Asthma,22,20,AMR,0.1,0.741519747692286,578
Asthma,22,21,MELD_lambda0_afproj,0.001,0.897316388440802,351
Asthma,22,21,MELD_lambda0_reportN,0.001,0.899012281003169,351
Asthma,22,21,MELD_lambda0_equal,0.001,0.912607513494797,351
Asthma,22,21,MELD_lambda1_afproj,0.001,0.898274540403459,351
Asthma,22,21,EUR,0.001,0.826692974023092,351
Asthma,22,21,EAS,0.001,0.592793757673427,351
Asthma,22,21,AFR,0.001,0.551936971849133,351
Asthma,22,21,CSA,0.001,0.823778893965147,351
Asthma,22,21,AMR,0.001,0.732287081986108,351
Asthma,22,21,MELD_lambda0_afproj,0.01,0.918074950718023,351
Asthma,22,21,MELD_lambda0_reportN,0.01,0.918676638894405,351
Asthma,22,21,MELD_lambda0_equal,0.01,0.91827357065726,351
Asthma,22,21,MELD_lambda1_afproj,0.01,0.918010947761266,351
Asthma,22,21,EUR,0.01,0.890146219884193,351
Asthma,22,21,EAS,0.01,0.741483961542525,351
Asthma,22,21,AFR,0.01,0.5938993532045,351
Asthma,22,21,CSA,0.01,0.866820138461138,351
Asthma,22,21,AMR,0.01,0.834845773696516,351
Asthma,22,21,MELD_lambda0_afproj,0.1,0.920528900286899,351
Asthma,22,21,MELD_lambda0_reportN,0.1,0.921167051562551,351
Asthma,22,21,MELD_lambda0_equal,0.1,0.9166931519698,351
Asthma,22,21,MELD_lambda1_afproj,0.1,0.917175139558913,351
Asthma,22,21,EUR,0.1,0.912177710891074,351
Asthma,22,21,EAS,0.1,0.810949868582774,351
Asthma,22,21,AFR,0.1,0.654202471715329,351
Asthma,22,21,CSA,0.1,0.880068171165508,351
Asthma,22,21,AMR,0.1,0.858957523422232,351
Asthma,22,22,MELD_lambda0_afproj,0.001,0.823104586209243,629
Asthma,22,22,MELD_lambda0_reportN,0.001,0.825133846039741,629
Asthma,22,22,MELD_lambda0_equal,0.001,0.852940176151878,629
Asthma,22,22,MELD_lambda1_afproj,0.001,0.840070821901391,629
Asthma,22,22,EUR,0.001,0.746246185451726,629
Asthma,22,22,EAS,0.001,0.353200117182581,629
Asthma,22,22,AFR,0.001,0.296137399690621,629
Asthma,22,22,CSA,0.001,0.662031984169514,629
Asthma,22,22,AMR,0.001,0.538522788147823,629
Asthma,22,22,MELD_lambda0_afproj,0.01,0.877215423927514,629
Asthma,22,22,MELD_lambda0_reportN,0.01,0.876626763055559,629
Asthma,22,22,MELD_lambda0_equal,0.01,0.860422236280704,629
Asthma,22,22,MELD_lambda1_afproj,0.01,0.882412144904179,629
Asthma,22,22,EUR,0.01,0.846128556615933,629
Asthma,22,22,EAS,0.01,0.633506186327933,629
Asthma,22,22,AFR,0.01,0.496588091835584,629
Asthma,22,22,CSA,0.01,0.786585121477674,629
Asthma,22,22,AMR,0.01,0.678982893880855,629
Asthma,22,22,MELD_lambda0_afproj,0.1,0.869419716848347,629
Asthma,22,22,MELD_lambda0_reportN,0.1,0.869638247838353,629
Asthma,22,22,MELD_lambda0_equal,0.1,0.863437297633878,629
Asthma,22,22,MELD_lambda1_afproj,0.1,0.871292741270161,629
Asthma,22,22,EUR,0.1,0.854649688479342,629
Asthma,22,22,EAS,0.1,0.713423643723161,629
Asthma,22,22,AFR,0.1,0.616963773842473,629
Asthma,22,22,CSA,0.1,0.809118317982726,629
Asthma,22,22,AMR,0.1,0.746883324727451,629
Asthma,22,23,MELD_lambda0_afproj,0.001,0.802798145185454,544
Asthma,22,23,MELD_lambda0_reportN,0.001,0.805667208807713,544
Asthma,22,23,MELD_lambda0_equal,0.001,0.843166162660787,544
Asthma,22,23,MELD_lambda1_afproj,0.001,0.789397458626403,544
Asthma,22,23,EUR,0.001,0.602776189549375,544
Asthma,22,23,EAS,0.001,0.549376222965736,544
Asthma,22,23,AFR,0.001,0.275149707353755,544
Asthma,22,23,CSA,0.001,0.733746813841318,544
Asthma,22,23,AMR,0.001,0.610690555916304,544
Asthma,22,23,MELD_lambda0_afproj,0.01,0.825201473577226,544
Asthma,22,23,MELD_lambda0_reportN,0.01,0.826215551617876,544
Asthma,22,23,MELD_lambda0_equal,0.01,0.845198678677754,544
Asthma,22,23,MELD_lambda1_afproj,0.01,0.820569466467788,544
Asthma,22,23,EUR,0.01,0.736293121848371,544
Asthma,22,23,EAS,0.01,0.684522148891587,544
Asthma,22,23,AFR,0.01,0.39551043241699,544
Asthma,22,23,CSA,0.01,0.79268326918386,544
Asthma,22,23,AMR,0.01,0.716990489467597,544
Asthma,22,23,MELD_lambda0_afproj,0.1,0.826499346735982,544
Asthma,22,23,MELD_lambda0_reportN,0.1,0.827321414513784,544
Asthma,22,23,MELD_lambda0_equal,0.1,0.837547554435285,544
Asthma,22,23,MELD_lambda1_afproj,0.1,0.824018657648928,544
Asthma,22,23,EUR,0.1,0.774407422551357,544
Asthma,22,23,EAS,0.1,0.720522561723903,544
Asthma,22,23,AFR,0.1,0.481532715891068,544
Asthma,22,23,CSA,0.1,0.789150063673596,544
Asthma,22,23,AMR,0.1,0.723922720406706,544
Asthma,22,24,MELD_lambda0_afproj,0.001,0.925291627768754,434
Asthma,22,24,MELD_lambda0_reportN,0.001,0.928701846792678,434
Asthma,22,24,MELD_lambda0_equal,0.001,0.925503611600372,434
Asthma,22,24,MELD_lambda1_afproj,0.001,0.923166756225785,434
Asthma,22,24,EUR,0.001,0.885151517782686,434
Asthma,22,24,EAS,0.001,0.552792282131144,434
Asthma,22,24,AFR,0.001,0.675068475817399,434
Asthma,22,24,CSA,0.001,0.81173144778198,434
Asthma,22,24,AMR,0.001,0.772964900625885,434
Asthma,22,24,MELD_lambda0_afproj,0.01,0.930354589008785,434
Asthma,22,24,MELD_lambda0_reportN,0.01,0.932337389213237,434
Asthma,22,24,MELD_lambda0_equal,0.01,0.932202798104135,434
Asthma,22,24,MELD_lambda1_afproj,0.01,0.928995238349052,434
Asthma,22,24,EUR,0.01,0.919760727911204,434
Asthma,22,24,EAS,0.01,0.749625082115748,434
Asthma,22,24,AFR,0.01,0.747196820230001,434
Asthma,22,24,CSA,0.01,0.861804510474415,434
Asthma,22,24,AMR,0.01,0.814626385109558,434
Asthma,22,24,MELD_lambda0_afproj,0.1,0.925739822540033,434
Asthma,22,24,MELD_lambda0_reportN,0.1,0.927002469579575,434
Asthma,22,24,MELD_lambda0_equal,0.1,0.92646827222046,434
Asthma,22,24,MELD_lambda1_afproj,0.1,0.923673793997215,434
Asthma,22,24,EUR,0.1,0.918137531085526,434
Asthma,22,24,EAS,0.1,0.802519693905976,434
Asthma,22,24,AFR,0.1,0.789854041485849,434
Asthma,22,24,CSA,0.1,0.876194595630896,434
Asthma,22,24,AMR,0.1,0.844573645482591,434
COPD,22,1,MELD_lambda0_afproj,0.001,0.82879456156005,181
COPD,22,1,MELD_lambda0_reportN,0.001,0.83061346918823,181
COPD,22,1,MELD_lambda0_equal,0.001,0.835674279548046,181
COPD,22,1,MELD_lambda1_afproj,0.001,0.819019823851852,181
COPD,22,1,EUR,0.001,0.769902755929334,181
COPD,22,1,EAS,0.001,0.713732535024005,181
COPD,22,1,AFR,0.001,0.613905938864858,181
COPD,22,1,CSA,0.001,0.812567380342387,181
COPD,22,1,AMR,0.001,0.590032970066777,181
COPD,22,1,MELD_lambda0_afproj,0.01,0.841713742189079,181
COPD,22,1,MELD_lambda0_reportN,0.01,0.843659722600269,181
COPD,22,1,MELD_lambda0_equal,0.01,0.844481282217525,181
COPD,22,1,MELD_lambda1_afproj,0.01,0.835769471407628,181
COPD,22,1,EUR,0.01,0.813530695476234,181
COPD,22,1,EAS,0.01,0.752850093922047,181
COPD,22,1,AFR,0.01,0.646825382657486,181
COPD,22,1,CSA,0.01,0.833894202215226,181
COPD,22,1,AMR,0.01,0.729916132174726,181
COPD,22,1,MELD_lambda0_afproj,0.1,0.835041942535093,181
COPD,22,1,MELD_lambda0_reportN,0.1,0.836303548239274,181
COPD,22,1,MELD_lambda0_equal,0.1,0.840319805794128,181
COPD,22,1,MELD_lambda1_afproj,0.1,0.824902989269408,181
COPD,22,1,EUR,0.1,0.818395443353269,181
COPD,22,1,EAS,0.1,0.709593185763602,181
COPD,22,1,AFR,0.1,0.687105989726954,181
COPD,22,1,CSA,0.1,0.827785590407815,181
COPD,22,1,AMR,0.1,0.760967944961819,181
COPD,22,2,MELD_lambda0_afproj,0.001,0.811033172209843,215
COPD,22,2,MELD_lambda0_reportN,0.001,0.816561109497379,215
COPD,22,2,MELD_lambda0_equal,0.001,0.756538599419074,215
COPD,22,2,MELD_lambda1_afproj,0.001,0.810440461022313,215
COPD,22,2,EUR,0.001,0.674635885134913,215
COPD,22,2,EAS,0.001,0.465067924205525,215
COPD,22,2,AFR,0.001,0.323206084091229,215
COPD,22,2,CSA,0.001,0.70048700776966,215
COPD,22,2,AMR,0.001,0.672440384273693,215
COPD,22,2,MELD_lambda0_afproj,0.01,0.826672970874052,215
COPD,22,2,MELD_lambda0_reportN,0.01,0.827619433107979,215
COPD,22,2,MELD_lambda0_equal,0.01,0.770877206723979,215
COPD,22,2,MELD_lambda1_afproj,0.01,0.823817449935906,215
COPD,22,2,EUR,0.01,0.794192748694907,215
COPD,22,2,EAS,0.01,0.628609125731886,215
COPD,22,2,AFR,0.01,0.372793452043305,215
COPD,22,2,CSA,0.01,0.748726560856956,215
COPD,22,2,AMR,0.01,0.696453637063733,215
COPD,22,2,MELD_lambda0_afproj,0.1,0.810376147614681,215
COPD,22,2,MELD_lambda0_reportN,0.1,0.811342337611926,215
COPD,22,2,MELD_lambda0_equal,0.1,0.774080061165916,215
COPD,22,2,MELD_lambda1_afproj,0.1,0.803240196719577,215
COPD,22,2,EUR,0.1,0.797787834030348,215
COPD,22,2,EAS,0.1,0.656352707190167,215
COPD,22,2,AFR,0.1,0.39273298320004,215
COPD,22,2,CSA,0.1,0.740244660932198,215
COPD,22,2,AMR,0.1,0.678590370331604,215
COPD,22,3,MELD_lambda0_afproj,0.001,0.877447784336168,566
COPD,22,3,MELD_lambda0_reportN,0.001,0.873470278230108,566
COPD,22,3,MELD_lambda0_equal,0.001,0.855837718722577,566
COPD,22,3,MELD_lambda1_afproj,0.001,0.877248310412878,566
COPD,22,3,EUR,0.001,0.768930773805569,566
COPD,22,3,EAS,0.001,0.648014162464156,566
COPD,22,3,AFR,0.001,0.409168645521682,566
COPD,22,3,CSA,0.001,0.731389899454321,566
COPD,22,3,AMR,0.001,0.547976144672149,566
COPD,22,3,MELD_lambda0_afproj,0.01,0.886464844170722,566
COPD,22,3,MELD_lambda0_reportN,0.01,0.886644039160594,566
COPD,22,3,MELD_lambda0_equal,0.01,0.871451357455992,566
COPD,22,3,MELD_lambda1_afproj,0.01,0.886115957486973,566
COPD,22,3,EUR,0.01,0.843727833980403,566
COPD,22,3,EAS,0.01,0.764394023531927,566
COPD,22,3,AFR,0.01,0.571211177876974,566
COPD,22,3,CSA,0.01,0.827880676789209,566
COPD,22,3,AMR,0.01,0.732936788478194,566
COPD,22,3,MELD_lambda0_afproj,0.1,0.877426516955457,566
COPD,22,3,MELD_lambda0_reportN,0.1,0.878141302154119,566
COPD,22,3,MELD_lambda0_equal,0.1,0.87364884764356,566
COPD,22,3,MELD_lambda1_afproj,0.1,0.877091382541421,566
COPD,22,3,EUR,0.1,0.853249121032509,566
COPD,22,3,EAS,0.1,0.773609546859268,566
COPD,22,3,AFR,0.1,0.659231817788933,566
COPD,22,3,CSA,0.1,0.853653139114827,566
COPD,22,3,AMR,0.1,0.794882591644461,566
COPD,22,4,MELD_lambda0_afproj,0.001,0.901430233887455,600
COPD,22,4,MELD_lambda0_reportN,0.001,0.900392189913776,600
COPD,22,4,MELD_lambda0_equal,0.001,0.896046692159943,600
COPD,22,4,MELD_lambda1_afproj,0.001,0.896956362218402,600
COPD,22,4,EUR,0.001,0.865830697234184,600
COPD,22,4,EAS,0.001,0.770621762935879,600
COPD,22,4,AFR,0.001,0.591078293068735,600
COPD,22,4,CSA,0.001,0.753457043886426,600
COPD,22,4,AMR,0.001,0.762062907031993,600
COPD,22,4,MELD_lambda0_afproj,0.01,0.919039277516361,600
COPD,22,4,MELD_lambda0_reportN,0.01,0.918168750591721,600
COPD,22,4,MELD_lambda0_equal,0.01,0.900648367936064,600
COPD,22,4,MELD_lambda1_afproj,0.01,0.91724898418952,600
COPD,22,4,EUR,0.01,0.889213870749264,600
COPD,22,4,EAS,0.01,0.861846581254643,600
COPD,22,4,AFR,0.01,0.671805980195064,600
COPD,22,4,CSA,0.01,0.839355163396249,600
COPD,22,4,AMR,0.01,0.819869123952853,600
COPD,22,4,MELD_lambda0_afproj,0.1,0.902458057603614,600
COPD,22,4,MELD_lambda0_reportN,0.1,0.901537641023963,600
COPD,22,4,MELD_lambda0_equal,0.1,0.896685064309543,600
COPD,22,4,MELD_lambda1_afproj,0.1,0.9010421733949,600
COPD,22,4,EUR,0.1,0.877032970416247,600
COPD,22,4,EAS,0.1,0.854620066596851,600
COPD,22,4,AFR,0.1,0.720760990794017,600
COPD,22,4,CSA,0.1,0.863456309595047,600
COPD,22,4,AMR,0.1,0.840892128290332,600
COPD,22,5,MELD_lambda0_afproj,0.001,0.907094359529514,220
COPD,22,5,MELD_lambda0_reportN,0.001,0.905412924344697,220
COPD,22,5,MELD_lambda0_equal,0.001,0.875411806343887,220
COPD,22,5,MELD_lambda1_afproj,0.001,0.907307251475566,220
COPD,22,5,EUR,0.001,0.845241595403951,220
COPD,22,5,EAS,0.001,0.775102216974058,220
COPD,22,5,AFR,0.001,0.72404063408415,220
COPD,22,5,CSA,0.001,0.854277234706854,220
COPD,22,5,AMR,0.001,0.790344792915186,220
COPD,22,5,MELD_lambda0_afproj,0.01,0.911050192729024,220
COPD,22,5,MELD_lambda0_reportN,0.01,0.909631160607733,220
COPD,22,5,MELD_lambda0_equal,0.01,0.88007951033415,220
COPD,22,5,MELD_lambda1_afproj,0.01,0.909821274316743,220
COPD,22,5,EUR,0.01,0.891715491172621,220
COPD,22,5,EAS,0.01,0.83157454708998,220
COPD,22,5,AFR,0.01,0.771240784361584,220
COPD,22,5,CSA,0.01,0.878206092174471,220
COPD,22,5,AMR,0.01,0.802071934529483,220
COPD,22,5,MELD_lambda0_afproj,0.1,0.915418451981226,220
COPD,22,5,MELD_lambda0_reportN,0.1,0.914846568826511,220
COPD,22,5,MELD_lambda0_equal,0.1,0.890361455169627,220
COPD,22,5,MELD_lambda1_afproj,0.1,0.911811452456579,220
COPD,22,5,EUR,0.1,0.903086552379459,220
COPD,22,5,EAS,0.1,0.835221959095032,220
COPD,22,5,AFR,0.1,0.802233510453188,220
COPD,22,5,CSA,0.1,0.876312677209239,220
COPD,22,5,AMR,0.1,0.832858996449244,220
COPD,22,6,MELD_lambda0_afproj,0.001,0.940341118644089,362
COPD,22,6,MELD_lambda0_reportN,0.001,0.938828709505382,362
COPD,22,6,MELD_lambda0_equal,0.001,0.918428524165204,362
COPD,22,6,MELD_lambda1_afproj,0.001,0.940626642019121,362
COPD,22,6,EUR,0.001,0.917864936704668,362
COPD,22,6,EAS,0.001,0.771571936163992,362
COPD,22,6,AFR,0.001,0.722606012605422,362
COPD,22,6,CSA,0.001,0.805839709894341,362
COPD,22,6,AMR,0.001,0.902371426500845,362
COPD,22,6,MELD_lambda0_afproj,0.01,0.936754370318288,362
COPD,22,6,MELD_lambda0_reportN,0.01,0.936346175409569,362
COPD,22,6,MELD_lambda0_equal,0.01,0.926134154012669,362
COPD,22,6,MELD_lambda1_afproj,0.01,0.935892173846037,362
COPD,22,6,EUR,0.01,0.923627988530158,362
COPD,22,6,EAS,0.01,0.856711607121619,362
COPD,22,6,AFR,0.01,0.792084320131012,362
COPD,22,6,CSA,0.01,0.870321035795124,362
COPD,22,6,AMR,0.01,0.937988851924309,362
COPD,22,6,MELD_lambda0_afproj,0.1,0.930964215907634,362
COPD,22,6,MELD_lambda0_reportN,0.1,0.931172217919034,362
COPD,22,6,MELD_lambda0_equal,0.1,0.926860796441182,362
COPD,22,6,MELD_lambda1_afproj,0.1,0.928774316515282,362
COPD,22,6,EUR,0.1,0.920650268454112,362
COPD,22,6,EAS,0.1,0.886550339266813,362
COPD,22,6,AFR,0.1,0.829539104584898,362
COPD,22,6,CSA,0.1,0.892038716000982,362
COPD,22,6,AMR,0.1,0.927575792366684,362
COPD,22,7,MELD_lambda0_afproj,0.001,0.904099700386758,686
COPD,22,7,MELD_lambda0_reportN,0.001,0.896041801836979,686
COPD,22,7,MELD_lambda0_equal,0.001,0.908526483228811,686
COPD,22,7,MELD_lambda1_afproj,0.001,0.90129732184307,686
COPD,22,7,EUR,0.001,0.798010921178938,686
COPD,22,7,EAS,0.001,0.608282888340949,686
COPD,22,7,AFR,0.001,0.429904217387711,686
COPD,22,7,CSA,0.001,0.722118285793114,686
COPD,22,7,AMR,0.001,0.718235977673202,686
COPD,22,7,MELD_lambda0_afproj,0.01,0.914479702652906,686
COPD,22,7,MELD_lambda0_reportN,0.01,0.911095014429537,686
COPD,22,7,MELD_lambda0_equal,0.01,0.915467607559662,686
COPD,22,7,MELD_lambda1_afproj,0.01,0.913938041876233,686
COPD,22,7,EUR,0.01,0.883375546533257,686
COPD,22,7,EAS,0.01,0.775527806895122,686
COPD,22,7,AFR,0.01,0.619504816814139,686
COPD,22,7,CSA,0.01,0.834173672738809,686
COPD,22,7,AMR,0.01,0.814549698834686,686
COPD,22,7,MELD_lambda0_afproj,0.1,0.921267800980065,686
COPD,22,7,MELD_lambda0_reportN,0.1,0.920700714029142,686
COPD,22,7,MELD_lambda0_equal,0.1,0.913384831438534,686
COPD,22,7,MELD_lambda1_afproj,0.1,0.919429617981698,686
COPD,22,7,EUR,0.1,0.90648628597859,686
COPD,22,7,EAS,0.1,0.821307551995083,686
COPD,22,7,AFR,0.1,0.707208922819848,686
COPD,22,7,CSA,0.1,0.856342545440048,686
COPD,22,7,AMR,0.1,0.853158946803775,686
COPD,22,8,MELD_lambda0_afproj,0.001,0.811759298135517,644
COPD,22,8,MELD_lambda0_reportN,0.001,0.818729123574333,644
COPD,22,8,MELD_lambda0_equal,0.001,0.862276938797479,644
COPD,22,8,MELD_lambda1_afproj,0.001,0.81600487666697,644
COPD,22,8,EUR,0.001,0.68038892765651,644
COPD,22,8,EAS,0.001,0.471695336203325,644
COPD,22,8,AFR,0.001,0.441407125549838,644
COPD,22,8,CSA,0.001,0.661509800390447,644
COPD,22,8,AMR,0.001,0.590010265352525,644
COPD,22,8,MELD_lambda0_afproj,0.01,0.874793720868653,644
COPD,22,8,MELD_lambda0_reportN,0.01,0.874194092909487,644
COPD,22,8,MELD_lambda0_equal,0.01,0.880902279462361,644
COPD,22,8,MELD_lambda1_afproj,0.01,0.875610543232941,644
COPD,22,8,EUR,0.01,0.810778568236763,644
COPD,22,8,EAS,0.01,0.659551975611479,644
COPD,22,8,AFR,0.01,0.596829170476519,644
COPD,22,8,CSA,0.01,0.814133467872352,644
COPD,22,8,AMR,0.01,0.706537160167236,644
COPD,22,8,MELD_lambda0_afproj,0.1,0.865507980964263,644
COPD,22,8,MELD_lambda0_reportN,0.1,0.864424761779538,644
COPD,22,8,MELD_lambda0_equal,0.1,0.876239103792849,644
COPD,22,8,MELD_lambda1_afproj,0.1,0.863584968984981,644
COPD,22,8,EUR,0.1,0.818561293770924,644
COPD,22,8,EAS,0.1,0.709137641348571,644
COPD,22,8,AFR,0.1,0.680811834547829,644
COPD,22,8,CSA,0.1,0.836206263213532,644
COPD,22,8,AMR,0.1,0.746538296846608,644
COPD,22,9,MELD_lambda0_afproj,0.001,0.864495773741549,590
COPD,22,9,MELD_lambda0_reportN,0.001,0.858581260581493,590
COPD,22,9,MELD_lambda0_equal,0.001,0.886013042545473,590
COPD,22,9,MELD_lambda1_afproj,0.001,0.86423013377709,590
COPD,22,9,EUR,0.001,0.665087421015935,590
COPD,22,9,EAS,0.001,0.603111130792609,590
COPD,22,9,AFR,0.001,0.388232550643554,590
COPD,22,9,CSA,0.001,0.661619414605869,590
COPD,22,9,AMR,0.001,0.649902575431493,590
COPD,22,9,MELD_lambda0_afproj,0.01,0.896658680529353,590
COPD,22,9,MELD_lambda0_reportN,0.01,0.895512364261102,590
COPD,22,9,MELD_lambda0_equal,0.01,0.892185796978616,590
COPD,22,9,MELD_lambda1_afproj,0.01,0.890298304968297,590
COPD,22,9,EUR,0.01,0.850246858251066,590
COPD,22,9,EAS,0.01,0.739506126097494,590
COPD,22,9,AFR,0.01,0.59168082415574,590
COPD,22,9,CSA,0.01,0.78861923122014,590
COPD,22,9,AMR,0.01,0.766525857357878,590
COPD,22,9,MELD_lambda0_afproj,0.1,0.891783329406277,590
COPD,22,9,MELD_lambda0_reportN,0.1,0.891243425511442,590
COPD,22,9,MELD_lambda0_equal,0.1,0.883905844752278,590
COPD,22,9,MELD_lambda1_afproj,0.1,0.885204385390934,590
COPD,22,9,EUR,0.1,0.86057174610782,590
COPD,22,9,EAS,0.1,0.783949824492553,590
COPD,22,9,AFR,0.1,0.661578078081237,590
COPD,22,9,CSA,0.1,0.836419277782139,590
COPD,22,9,AMR,0.1,0.796894672596905,590
COPD,22,10,MELD_lambda0_afproj,0.001,0.968870499671676,516
COPD,22,10,MELD_lambda0_reportN,0.001,0.969259280698262,516
COPD,22,10,MELD_lambda0_equal,0.001,0.947187079479653,516
COPD,22,10,MELD_lambda1_afproj,0.001,0.966019974227454,516
COPD,22,10,EUR,0.001,0.919675310384572,516
COPD,22,10,EAS,0.001,0.732778567593124,516
COPD,22,10,AFR,0.001,0.656320927482307,516
COPD,22,10,CSA,0.001,0.802367081899291,516
COPD,22,10,AMR,0.001,0.918348112325744,516
COPD,22,10,MELD_lambda0_afproj,0.01,0.97160340340608,516
COPD,22,10,MELD_lambda0_reportN,0.01,0.971755316982368,516
COPD,22,10,MELD_lambda0_equal,0.01,0.95484197460591,516
COPD,22,10,MELD_lambda1_afproj,0.01,0.969784222910882,516
COPD,22,10,EUR,0.01,0.951224275189612,516
COPD,22,10,EAS,0.01,0.855531308987064,516
COPD,22,10,AFR,0.01,0.811282887385587,516
COPD,22,10,CSA,0.01,0.894097069400998,516
COPD,22,10,AMR,0.01,0.939178664934403,516
COPD,22,10,MELD_lambda0_afproj,0.1,0.965910561419413,516
COPD,22,10,MELD_lambda0_reportN,0.1,0.966217926179535,516
COPD,22,10,MELD_lambda0_equal,0.1,0.953417047332378,516
COPD,22,10,MELD_lambda1_afproj,0.1,0.963676517715827,516
COPD,22,10,EUR,0.1,0.954571737885943,516
COPD,22,10,EAS,0.1,0.866950607280287,516
COPD,22,10,AFR,0.1,0.857129404434522,516
COPD,22,10,CSA,0.1,0.907016947010703,516
COPD,22,10,AMR,0.1,0.938846761729841,516
COPD,22,11,MELD_lambda0_afproj,0.001,0.972163443783286,358
COPD,22,11,MELD_lambda0_reportN,0.001,0.970369222140107,358
COPD,22,11,MELD_lambda0_equal,0.001,0.932423072514819,358
COPD,22,11,MELD_lambda1_afproj,0.001,0.956970389212316,358
COPD,22,11,EUR,0.001,0.86021052116323,358
COPD,22,11,EAS,0.001,0.890040802981657,358
COPD,22,11,AFR,0.001,0.656594174764344,358
COPD,22,11,CSA,0.001,0.848086184553833,358
COPD,22,11,AMR,0.001,0.874003277606699,358
COPD,22,11,MELD_lambda0_afproj,0.01,0.981895347715847,358
COPD,22,11,MELD_lambda0_reportN,0.01,0.981170252254993,358
COPD,22,11,MELD_lambda0_equal,0.01,0.961966067491467,358
COPD,22,11,MELD_lambda1_afproj,0.01,0.978920513330254,358
COPD,22,11,EUR,0.01,0.932396579198065,358
COPD,22,11,EAS,0.01,0.902967138325395,358
COPD,22,11,AFR,0.01,0.825723411135175,358
COPD,22,11,CSA,0.01,0.953882176957786,358
COPD,22,11,AMR,0.01,0.92407390364447,358
COPD,22,11,MELD_lambda0_afproj,0.1,0.974922867858117,358
COPD,22,11,MELD_lambda0_reportN,0.1,0.974509490994553,358
COPD,22,11,MELD_lambda0_equal,0.1,0.962846602878701,358
COPD,22,11,MELD_lambda1_afproj,0.1,0.970915637327719,358
COPD,22,11,EUR,0.1,0.964628052882273,358
COPD,22,11,EAS,0.1,0.889838308665139,358
COPD,22,11,AFR,0.1,0.836152755940965,358
COPD,22,11,CSA,0.1,0.951756138677258,358
COPD,22,11,AMR,0.1,0.926787228995543,358
COPD,22,12,MELD_lambda0_afproj,0.001,0.85935207308769,838
COPD,22,12,MELD_lambda0_reportN,0.001,0.860340295043561,838
COPD,22,12,MELD_lambda0_equal,0.001,0.865688769555337,838
COPD,22,12,MELD_lambda1_afproj,0.001,0.853999712070896,838
COPD,22,12,EUR,0.001,0.701007312380486,838
COPD,22,12,EAS,0.001,0.451649772289059,838
COPD,22,12,AFR,0.001,0.364083568166001,838
COPD,22,12,CSA,0.001,0.666486897420213,838
COPD,22,12,AMR,0.001,0.568795841794952,838
COPD,22,12,MELD_lambda0_afproj,0.01,0.883400130468505,838
COPD,22,12,MELD_lambda0_reportN,0.01,0.883103857969141,838
COPD,22,12,MELD_lambda0_equal,0.01,0.883209111728316,838
COPD,22,12,MELD_lambda1_afproj,0.01,0.878175052053317,838
COPD,22,12,EUR,0.01,0.79224710974517,838
COPD,22,12,EAS,0.01,0.707083183238087,838
COPD,22,12,AFR,0.01,0.54447875483727,838
COPD,22,12,CSA,0.01,0.780133595806075,838
COPD,22,12,AMR,0.01,0.686769247440892,838
COPD,22,12,MELD_lambda0_afproj,0.1,0.884818415634907,838
COPD,22,12,MELD_lambda0_reportN,0.1,0.884495004969671,838
COPD,22,12,MELD_lambda0_equal,0.1,0.886332624461992,838
COPD,22,12,MELD_lambda1_afproj,0.1,0.879261472846834,838
COPD,22,12,EUR,0.1,0.827607303531476,838
COPD,22,12,EAS,0.1,0.778258374384724,838
COPD,22,12,AFR,0.1,0.626992282854483,838
COPD,22,12,CSA,0.1,0.816962637370125,838
COPD,22,12,AMR,0.1,0.762803018207033,838
COPD,22,13,MELD_lambda0_afproj,0.001,0.945963530168501,504
COPD,22,13,MELD_lambda0_reportN,0.001,0.946977747008616,504
COPD,22,13,MELD_lambda0_equal,0.001,0.941751969358472,504
COPD,22,13,MELD_lambda1_afproj,0.001,0.943933938660995,504
COPD,22,13,EUR,0.001,0.936383283942653,504
COPD,22,13,EAS,0.001,0.839850282703637,504
COPD,22,13,AFR,0.001,0.740908379891335,504
COPD,22,13,CSA,0.001,0.897677489618027,504
COPD,22,13,AMR,0.001,0.902818352088041,504
COPD,22,13,MELD_lambda0_afproj,0.01,0.954522027243215,504
COPD,22,13,MELD_lambda0_reportN,0.01,0.954854599800245,504
COPD,22,13,MELD_lambda0_equal,0.01,0.953545050822192,504
COPD,22,13,MELD_lambda1_afproj,0.01,0.953886453080363,504
COPD,22,13,EUR,0.01,0.9449120624208,504
COPD,22,13,EAS,0.01,0.90475991381776,504
COPD,22,13,AFR,0.01,0.840896536128355,504
COPD,22,13,CSA,0.01,0.931651632467351,504
COPD,22,13,AMR,0.01,0.926268186208217,504
COPD,22,13,MELD_lambda0_afproj,0.1,0.951278951460021,504
COPD,22,13,MELD_lambda0_reportN,0.1,0.951992542860975,504
COPD,22,13,MELD_lambda0_equal,0.1,0.9497120808698,504
COPD,22,13,MELD_lambda1_afproj,0.1,0.949766397656011,504
COPD,22,13,EUR,0.1,0.938645930881157,504
COPD,22,13,EAS,0.1,0.909649387878474,504
COPD,22,13,AFR,0.1,0.864706218101407,504
COPD,22,13,CSA,0.1,0.935885206832366,504
COPD,22,13,AMR,0.1,0.922232582820425,504
COPD,22,14,MELD_lambda0_afproj,0.001,0.821553448250217,704
COPD,22,14,MELD_lambda0_reportN,0.001,0.821667984872747,704
COPD,22,14,MELD_lambda0_equal,0.001,0.809269187936957,704
COPD,22,14,MELD_lambda1_afproj,0.001,0.812820076751131,704
COPD,22,14,EUR,0.001,0.735860026313871,704
COPD,22,14,EAS,0.001,0.494614261204412,704
COPD,22,14,AFR,0.001,0.213928805410208,704
COPD,22,14,CSA,0.001,0.632701087636728,704
COPD,22,14,AMR,0.001,0.526385779406417,704
COPD,22,14,MELD_lambda0_afproj,0.01,0.854734630193157,704
COPD,22,14,MELD_lambda0_reportN,0.01,0.853053669817664,704
COPD,22,14,MELD_lambda0_equal,0.01,0.833787270013865,704
COPD,22,14,MELD_lambda1_afproj,0.01,0.844800263747535,704
COPD,22,14,EUR,0.01,0.801961748739377,704
COPD,22,14,EAS,0.01,0.68262384556106,704
COPD,22,14,AFR,0.01,0.351001229838279,704
COPD,22,14,CSA,0.01,0.748276493362417,704
COPD,22,14,AMR,0.01,0.69331115761537,704
COPD,22,14,MELD_lambda0_afproj,0.1,0.854873970919828,704
COPD,22,14,MELD_lambda0_reportN,0.1,0.852775972859274,704
COPD,22,14,MELD_lambda0_equal,0.1,0.84593834709038,704
COPD,22,14,MELD_lambda1_afproj,0.1,0.847477994137406,704
COPD,22,14,EUR,0.1,0.804868842764971,704
COPD,22,14,EAS,0.1,0.735991467294028,704
COPD,22,14,AFR,0.1,0.501951066866745,704
COPD,22,14,CSA,0.1,0.771584965552801,704
COPD,22,14,AMR,0.1,0.740604016761518,704
COPD,22,15,MELD_lambda0_afproj,0.001,0.87120536917312,523
COPD,22,15,MELD_lambda0_reportN,0.001,0.867312734282771,523
COPD,22,15,MELD_lambda0_equal,0.001,0.878504916459616,523
COPD,22,15,MELD_lambda1_afproj,0.001,0.872689592627808,523
COPD,22,15,EUR,0.001,0.86799178156674,523
COPD,22,15,EAS,0.001,0.650930506056792,523
COPD,22,15,AFR,0.001,0.456969943670424,523
COPD,22,15,CSA,0.001,0.786739926141013,523
COPD,22,15,AMR,0.001,0.800740691126802,523
COPD,22,15,MELD_lambda0_afproj,0.01,0.89859849833779,523
COPD,22,15,MELD_lambda0_reportN,0.01,0.897981536178032,523
COPD,22,15,MELD_lambda0_equal,0.01,0.881360909441218,523
COPD,22,15,MELD_lambda1_afproj,0.01,0.899971352222123,523
COPD,22,15,EUR,0.01,0.899973065460344,523
COPD,22,15,EAS,0.01,0.826466353867549,523
COPD,22,15,AFR,0.01,0.60722041666939,523
COPD,22,15,CSA,0.01,0.853359664002436,523
COPD,22,15,AMR,0.01,0.856271772317226,523
COPD,22,15,MELD_lambda0_afproj,0.1,0.905915264500485,523
COPD,22,15,MELD_lambda0_reportN,0.1,0.905425875317446,523
COPD,22,15,MELD_lambda0_equal,0.1,0.883027796490293,523
COPD,22,15,MELD_lambda1_afproj,0.1,0.906673819723966,523
COPD,22,15,EUR,0.1,0.894848160789692,523
COPD,22,15,EAS,0.1,0.871069561346499,523
COPD,22,15,AFR,0.1,0.671219632434564,523
COPD,22,15,CSA,0.1,0.877060215532605,523
COPD,22,15,AMR,0.1,0.874813598918925,523
COPD,22,16,MELD_lambda0_afproj,0.001,0.737440292474606,289
COPD,22,16,MELD_lambda0_reportN,0.001,0.731414944405439,289
COPD,22,16,MELD_lambda0_equal,0.001,0.8390649480236,289
COPD,22,16,MELD_lambda1_afproj,0.001,0.743054092010669,289
COPD,22,16,EUR,0.001,0.700309523109449,289
COPD,22,16,EAS,0.001,0.627128732144212,289
COPD,22,16,AFR,0.001,0.649150733556656,289
COPD,22,16,CSA,0.001,0.748192117376573,289
COPD,22,16,AMR,0.001,0.813986055978993,289
COPD,22,16,MELD_lambda0_afproj,0.01,0.816658747242314,289
COPD,22,16,MELD_lambda0_reportN,0.01,0.812744304365835,289
COPD,22,16,MELD_lambda0_equal,0.01,0.855747398997856,289
COPD,22,16,MELD_lambda1_afproj,0.01,0.819942021765271,289
COPD,22,16,EUR,0.01,0.791070984914155,289
COPD,22,16,EAS,0.01,0.803379687113094,289
COPD,22,16,AFR,0.01,0.701219584513768,289
COPD,22,16,CSA,0.01,0.83834372442473,289
COPD,22,16,AMR,0.01,0.830851184613314,289
COPD,22,16,MELD_lambda0_afproj,0.1,0.824675601943457,289
COPD,22,16,MELD_lambda0_reportN,0.1,0.823183439724514,289
COPD,22,16,MELD_lambda0_equal,0.1,0.856806837562451,289
COPD,22,16,MELD_lambda1_afproj,0.1,0.829319785872144,289
COPD,22,16,EUR,0.1,0.798136725045279,289
COPD,22,16,EAS,0.1,0.804455943918633,289
COPD,22,16,AFR,0.1,0.712642166515527,289
COPD,22,16,CSA,0.1,0.827186585641105,289
COPD,22,16,AMR,0.1,0.830531609611685,289
COPD,22,17,MELD_lambda0_afproj,0.001,0.971912321693263,424
COPD,22,17,MELD_lambda0_reportN,0.001,0.970187996725496,424
COPD,22,17,MELD_lambda0_equal,0.001,0.951576544933028,424
COPD,22,17,MELD_lambda1_afproj,0.001,0.971686815044855,424
COPD,22,17,EUR,0.001,0.913778182569566,424
COPD,22,17,EAS,0.001,0.775949057518371,424
COPD,22,17,AFR,0.001,0.669883211094293,424
COPD,22,17,CSA,0.001,0.928479694883016,424
COPD,22,17,AMR,0.001,0.860716856313972,424
COPD,22,17,MELD_lambda0_afproj,0.01,0.977280250577631,424
COPD,22,17,MELD_lambda0_reportN,0.01,0.976812123288664,424
COPD,22,17,MELD_lambda0_equal,0.01,0.968892587098543,424
COPD,22,17,MELD_lambda1_afproj,0.01,0.977720319121946,424
COPD,22,17,EUR,0.01,0.950393399455737,424
COPD,22,17,EAS,0.01,0.875373336316286,424
COPD,22,17,AFR,0.01,0.861144462297757,424
COPD,22,17,CSA,0.01,0.959767346258447,424
COPD,22,17,AMR,0.01,0.915649470529704,424
COPD,22,17,MELD_lambda0_afproj,0.1,0.974692030299677,424
COPD,22,17,MELD_lambda0_reportN,0.1,0.975375975251959,424
COPD,22,17,MELD_lambda0_equal,0.1,0.970158147057009,424
COPD,22,17,MELD_lambda1_afproj,0.1,0.973713474800981,424
COPD,22,17,EUR,0.1,0.960719791819146,424
COPD,22,17,EAS,0.1,0.911167367577251,424
COPD,22,17,AFR,0.1,0.901644234149854,424
COPD,22,17,CSA,0.1,0.961343892783547,424
COPD,22,17,AMR,0.1,0.922028779172098,424
COPD,22,18,MELD_lambda0_afproj,0.001,0.806461069098546,319
COPD,22,18,MELD_lambda0_reportN,0.001,0.801918633942596,319
COPD,22,18,MELD_lambda0_equal,0.001,0.857691539985812,319
COPD,22,18,MELD_lambda1_afproj,0.001,0.792973421490999,319
COPD,22,18,EUR,0.001,0.732133100039298,319
COPD,22,18,EAS,0.001,0.405162091632163,319
COPD,22,18,AFR,0.001,0.373285861974537,319
COPD,22,18,CSA,0.001,0.661957186562463,319
COPD,22,18,AMR,0.001,0.684536122258424,319
COPD,22,18,MELD_lambda0_afproj,0.01,0.819403531218564,319
COPD,22,18,MELD_lambda0_reportN,0.01,0.817255460047778,319
COPD,22,18,MELD_lambda0_equal,0.01,0.864052723354426,319
COPD,22,18,MELD_lambda1_afproj,0.01,0.811993055298322,319
COPD,22,18,EUR,0.01,0.765339315211799,319
COPD,22,18,EAS,0.01,0.578459252371379,319
COPD,22,18,AFR,0.01,0.456735912274168,319
COPD,22,18,CSA,0.01,0.74444197119929,319
COPD,22,18,AMR,0.01,0.81760542350013,319
COPD,22,18,MELD_lambda0_afproj,0.1,0.83065723151753,319
COPD,22,18,MELD_lambda0_reportN,0.1,0.828298542881197,319
COPD,22,18,MELD_lambda0_equal,0.1,0.855849815770972,319
COPD,22,18,MELD_lambda1_afproj,0.1,0.827915181084698,319
COPD,22,18,EUR,0.1,0.782315640950445,319
COPD,22,18,EAS,0.1,0.644743750092415,319
COPD,22,18,AFR,0.1,0.518830975007585,319
COPD,22,18,CSA,0.1,0.781189434343991,319
COPD,22,18,AMR,0.1,0.811513591952237,319
COPD,22,19,MELD_lambda0_afproj,0.001,0.777530095131053,658
COPD,22,19,MELD_lambda0_reportN,0.001,0.772195008267669,658
COPD,22,19,MELD_lambda0_equal,0.001,0.807486362607465,658
COPD,22,19,MELD_lambda1_afproj,0.001,0.769656587429446,658
COPD,22,19,EUR,0.001,0.693283437511733,658
COPD,22,19,EAS,0.001,0.493033564797762,658
COPD,22,19,AFR,0.001,0.369693545921409,658
COPD,22,19,CSA,0.001,0.676095575551425,658
COPD,22,19,AMR,0.001,0.488686385025483,658
COPD,22,19,MELD_lambda0_afproj,0.01,0.839228178239553,658
COPD,22,19,MELD_lambda0_reportN,0.01,0.835703917706342,658
COPD,22,19,MELD_lambda0_equal,0.01,0.8324100623502,658
COPD,22,19,MELD_lambda1_afproj,0.01,0.835209339315618,658
COPD,22,19,EUR,0.01,0.823553579033359,658
COPD,22,19,EAS,0.01,0.652346181744014,658
COPD,22,19,AFR,0.01,0.472365519130016,658
COPD,22,19,CSA,0.01,0.825248297104694,658
COPD,22,19,AMR,0.01,0.597869481134766,658
COPD,22,19,MELD_lambda0_afproj,0.1,0.846217207821098,658
COPD,22,19,MELD_lambda0_reportN,0.1,0.845352885615829,658
COPD,22,19,MELD_lambda0_equal,0.1,0.835355634517147,658
COPD,22,19,MELD_lambda1_afproj,0.1,0.842528915478287,658
COPD,22,19,EUR,0.1,0.831208125864586,658
COPD,22,19,EAS,0.1,0.681874093713878,658
COPD,22,19,AFR,0.1,0.557338620773537,658
COPD,22,19,CSA,0.1,0.829790879078402,658
COPD,22,19,AMR,0.1,0.687433165060298,658
COPD,22,20,MELD_lambda0_afproj,0.001,0.787843543286714,573
COPD,22,20,MELD_lambda0_reportN,0.001,0.785775604574432,573
COPD,22,20,MELD_lambda0_equal,0.001,0.786122111593012,573
COPD,22,20,MELD_lambda1_afproj,0.001,0.782343637201741,573
COPD,22,20,EUR,0.001,0.60685254005916,573
COPD,22,20,EAS,0.001,0.483190557388366,573
COPD,22,20,AFR,0.001,0.267259553750017,573
COPD,22,20,CSA,0.001,0.495589067946933,573
COPD,22,20,AMR,0.001,0.341986644813213,573
COPD,22,20,MELD_lambda0_afproj,0.01,0.811000618389055,573
COPD,22,20,MELD_lambda0_reportN,0.01,0.811103666681499,573
COPD,22,20,MELD_lambda0_equal,0.01,0.786111328208691,573
COPD,22,20,MELD_lambda1_afproj,0.01,0.803845560724972,573
COPD,22,20,EUR,0.01,0.748127348474507,573
COPD,22,20,EAS,0.01,0.606009416189311,573
COPD,22,20,AFR,0.01,0.38333847874684,573
COPD,22,20,CSA,0.01,0.612837047515012,573
COPD,22,20,AMR,0.01,0.47227963455788,573
COPD,22,20,MELD_lambda0_afproj,0.1,0.800960151285098,573
COPD,22,20,MELD_lambda0_reportN,0.1,0.802246743529986,573
COPD,22,20,MELD_lambda0_equal,0.1,0.781926308511788,573
COPD,22,20,MELD_lambda1_afproj,0.1,0.791500034995615,573
COPD,22,20,EUR,0.1,0.772307341550502,573
COPD,22,20,EAS,0.1,0.639624816050227,573
COPD,22,20,AFR,0.1,0.496978823329251,573
COPD,22,20,CSA,0.1,0.671661043219386,573
COPD,22,20,AMR,0.1,0.576849170870369,573
COPD,22,21,MELD_lambda0_afproj,0.001,0.833770461513135,332
COPD,22,21,MELD_lambda0_reportN,0.001,0.827483923489251,332
COPD,22,21,MELD_lambda0_equal,0.001,0.804476987918121,332
COPD,22,21,MELD_lambda1_afproj,0.001,0.829226306384104,332
COPD,22,21,EUR,0.001,0.780853830519816,332
COPD,22,21,EAS,0.001,0.778800721441184,332
COPD,22,21,AFR,0.001,0.47525298618251,332
COPD,22,21,CSA,0.001,0.767215968041195,332
COPD,22,21,AMR,0.001,0.741073393582397,332
COPD,22,21,MELD_lambda0_afproj,0.01,0.843481843735632,332
COPD,22,21,MELD_lambda0_reportN,0.01,0.840376186724279,332
COPD,22,21,MELD_lambda0_equal,0.01,0.809151719075489,332
COPD,22,21,MELD_lambda1_afproj,0.01,0.840236829978385,332
COPD,22,21,EUR,0.01,0.818472999010414,332
COPD,22,21,EAS,0.01,0.774631455540597,332
COPD,22,21,AFR,0.01,0.539108105281187,332
COPD,22,21,CSA,0.01,0.769600148149501,332
COPD,22,21,AMR,0.01,0.782144277797231,332
COPD,22,21,MELD_lambda0_afproj,0.1,0.833397787985241,332
COPD,22,21,MELD_lambda0_reportN,0.1,0.832943594283277,332
COPD,22,21,MELD_lambda0_equal,0.1,0.809718157046059,332
COPD,22,21,MELD_lambda1_afproj,0.1,0.832787568773598,332
COPD,22,21,EUR,0.1,0.806346433226622,332
COPD,22,21,EAS,0.1,0.754457598518983,332
COPD,22,21,AFR,0.1,0.578261860155158,332
COPD,22,21,CSA,0.1,0.764256725587874,332
COPD,22,21,AMR,0.1,0.781747236903209,332
COPD,22,22,MELD_lambda0_afproj,0.001,0.739947312048363,641
COPD,22,22,MELD_lambda0_reportN,0.001,0.742945314915149,641
COPD,22,22,MELD_lambda0_equal,0.001,0.771419868262929,641
COPD,22,22,MELD_lambda1_afproj,0.001,0.741500911065538,641
COPD,22,22,EUR,0.001,0.599021939904168,641
COPD,22,22,EAS,0.001,0.557153304278081,641
COPD,22,22,AFR,0.001,0.330317663778604,641
COPD,22,22,CSA,0.001,0.504538328527655,641
COPD,22,22,AMR,0.001,0.574530958621047,641
COPD,22,22,MELD_lambda0_afproj,0.01,0.786025353070013,641
COPD,22,22,MELD_lambda0_reportN,0.01,0.787688389194368,641
COPD,22,22,MELD_lambda0_equal,0.01,0.801720811833945,641
COPD,22,22,MELD_lambda1_afproj,0.01,0.787461682676328,641
COPD,22,22,EUR,0.01,0.715522219014878,641
COPD,22,22,EAS,0.01,0.694703878713993,641
COPD,22,22,AFR,0.01,0.460146777594062,641
COPD,22,22,CSA,0.01,0.658771826289273,641
COPD,22,22,AMR,0.01,0.664976330370987,641
COPD,22,22,MELD_lambda0_afproj,0.1,0.804888884799784,641
COPD,22,22,MELD_lambda0_reportN,0.1,0.804887417321294,641
COPD,22,22,MELD_lambda0_equal,0.1,0.814755716836768,641
COPD,22,22,MELD_lambda1_afproj,0.1,0.805166459034887,641
COPD,22,22,EUR,0.1,0.760834166361675,641
COPD,22,22,EAS,0.1,0.736904193626569,641
COPD,22,22,AFR,0.1,0.562141771301139,641
COPD,22,22,CSA,0.1,0.718786190080617,641
COPD,22,22,AMR,0.1,0.71509646527034,641
COPD,22,23,MELD_lambda0_afproj,0.001,0.876215135033867,525
COPD,22,23,MELD_lambda0_reportN,0.001,0.878148780658068,525
COPD,22,23,MELD_lambda0_equal,0.001,0.889042133960735,525
COPD,22,23,MELD_lambda1_afproj,0.001,0.864286763497287,525
COPD,22,23,EUR,0.001,0.753612665328274,525
COPD,22,23,EAS,0.001,0.525529596873695,525
COPD,22,23,AFR,0.001,0.304165604954279,525
COPD,22,23,CSA,0.001,0.660666154275369,525
COPD,22,23,AMR,0.001,0.60967517429137,525
COPD,22,23,MELD_lambda0_afproj,0.01,0.894881386166574,525
COPD,22,23,MELD_lambda0_reportN,0.01,0.89509201905073,525
COPD,22,23,MELD_lambda0_equal,0.01,0.891842601455869,525
COPD,22,23,MELD_lambda1_afproj,0.01,0.888857656346969,525
COPD,22,23,EUR,0.01,0.836957101001309,525
COPD,22,23,EAS,0.01,0.7164500998014,525
COPD,22,23,AFR,0.01,0.423097558003949,525
COPD,22,23,CSA,0.01,0.79701402732298,525
COPD,22,23,AMR,0.01,0.703479408023587,525
COPD,22,23,MELD_lambda0_afproj,0.1,0.900565318025173,525
COPD,22,23,MELD_lambda0_reportN,0.1,0.899808372459368,525
COPD,22,23,MELD_lambda0_equal,0.1,0.89225235001101,525
COPD,22,23,MELD_lambda1_afproj,0.1,0.895254048493283,525
COPD,22,23,EUR,0.1,0.862789384753932,525
COPD,22,23,EAS,0.1,0.767119652282264,525
COPD,22,23,AFR,0.1,0.520726303156592,525
COPD,22,23,CSA,0.1,0.84159064029019,525
COPD,22,23,AMR,0.1,0.756400757427448,525
COPD,22,24,MELD_lambda0_afproj,0.001,0.901444959169867,422
COPD,22,24,MELD_lambda0_reportN,0.001,0.900332831083911,422
COPD,22,24,MELD_lambda0_equal,0.001,0.917733595979825,422
COPD,22,24,MELD_lambda1_afproj,0.001,0.895757982135977,422
COPD,22,24,EUR,0.001,0.840473125493719,422
COPD,22,24,EAS,0.001,0.589616899546317,422
COPD,22,24,AFR,0.001,0.483456569267613,422
COPD,22,24,CSA,0.001,0.633253364160516,422
COPD,22,24,AMR,0.001,0.599298644525194,422
COPD,22,24,MELD_lambda0_afproj,0.01,0.906334450854092,422
COPD,22,24,MELD_lambda0_reportN,0.01,0.906731042094957,422
COPD,22,24,MELD_lambda0_equal,0.01,0.917231109866915,422
COPD,22,24,MELD_lambda1_afproj,0.01,0.907212559959673,422
COPD,22,24,EUR,0.01,0.882884418032489,422
COPD,22,24,EAS,0.01,0.741134391290357,422
COPD,22,24,AFR,0.01,0.579260334731868,422
COPD,22,24,CSA,0.01,0.768619822431099,422
COPD,22,24,AMR,0.01,0.777407244794317,422
COPD,22,24,MELD_lambda0_afproj,0.1,0.90030968918645,422
COPD,22,24,MELD_lambda0_reportN,0.1,0.901068490628144,422
COPD,22,24,MELD_lambda0_equal,0.1,0.904945191288992,422
COPD,22,24,MELD_lambda1_afproj,0.1,0.90165536214581,422
COPD,22,24,EUR,0.1,0.880764911675666,422
COPD,22,24,EAS,0.1,0.769255345551303,422
COPD,22,24,AFR,0.1,0.681168927718273,422
COPD,22,24,CSA,0.1,0.824673747763745,422
COPD,22,24,AMR,0.1,0.811077323421567,422
Gout,22,1,MELD_lambda0_afproj,0.001,0.856374049987336,181
Gout,22,1,MELD_lambda0_reportN,0.001,0.858514508735977,181
Gout,22,1,MELD_lambda0_equal,0.001,0.852810836848136,181
Gout,22,1,MELD_lambda1_afproj,0.001,0.852459318907845,181
Gout,22,1,EUR,0.001,0.815679728022669,181
Gout,22,1,EAS,0.001,0.554823634552959,181
Gout,22,1,AFR,0.001,0.28285664615115,181
Gout,22,1,CSA,0.001,0.786064842289368,181
Gout,22,1,AMR,0.001,0.699613178862289,181
Gout,22,1,MELD_lambda0_afproj,0.01,0.859655929813085,181
Gout,22,1,MELD_lambda0_reportN,0.01,0.860756743526829,181
Gout,22,1,MELD_lambda0_equal,0.01,0.849046933529346,181
Gout,22,1,MELD_lambda1_afproj,0.01,0.849248963885925,181
Gout,22,1,EUR,0.01,0.814107749682374,181
Gout,22,1,EAS,0.01,0.692445568691004,181
Gout,22,1,AFR,0.01,0.361461172103638,181
Gout,22,1,CSA,0.01,0.803324600866974,181
Gout,22,1,AMR,0.01,0.773473092595802,181
Gout,22,1,MELD_lambda0_afproj,0.1,0.856360865160622,181
Gout,22,1,MELD_lambda0_reportN,0.1,0.856469602593491,181
Gout,22,1,MELD_lambda0_equal,0.1,0.837853609730296,181
Gout,22,1,MELD_lambda1_afproj,0.1,0.845391252623015,181
Gout,22,1,EUR,0.1,0.819496028435738,181
Gout,22,1,EAS,0.1,0.776778847062609,181
Gout,22,1,AFR,0.1,0.464148160557272,181
Gout,22,1,CSA,0.1,0.801427136396588,181
Gout,22,1,AMR,0.1,0.788797587653302,181
Gout,22,2,MELD_lambda0_afproj,0.001,0.685383052200302,215
Gout,22,2,MELD_lambda0_reportN,0.001,0.680945046799118,215
Gout,22,2,MELD_lambda0_equal,0.001,0.712614151811745,215
Gout,22,2,MELD_lambda1_afproj,0.001,0.688047429838502,215
Gout,22,2,EUR,0.001,0.466648039447249,215
Gout,22,2,EAS,0.001,0.301531220633877,215
Gout,22,2,AFR,0.001,0.353646647613607,215
Gout,22,2,CSA,0.001,0.624475842797787,215
Gout,22,2,AMR,0.001,0.315561116579813,215
Gout,22,2,MELD_lambda0_afproj,0.01,0.704788671784243,215
Gout,22,2,MELD_lambda0_reportN,0.01,0.696029153799555,215
Gout,22,2,MELD_lambda0_equal,0.01,0.698961526021388,215
Gout,22,2,MELD_lambda1_afproj,0.01,0.706877680856936,215
Gout,22,2,EUR,0.01,0.555604558179363,215
Gout,22,2,EAS,0.01,0.57120006584995,215
Gout,22,2,AFR,0.01,0.367017027773367,215
Gout,22,2,CSA,0.01,0.720882688796889,215
Gout,22,2,AMR,0.01,0.550659158011071,215
Gout,22,2,MELD_lambda0_afproj,0.1,0.708427677214889,215
Gout,22,2,MELD_lambda0_reportN,0.1,0.702573018432554,215
Gout,22,2,MELD_lambda0_equal,0.1,0.686725279815836,215
Gout,22,2,MELD_lambda1_afproj,0.1,0.711442599457633,215
Gout,22,2,EUR,0.1,0.610837932691078,215
Gout,22,2,EAS,0.1,0.645161389495615,215
Gout,22,2,AFR,0.1,0.38168276572283,215
Gout,22,2,CSA,0.1,0.71473607604952,215
Gout,22,2,AMR,0.1,0.643665293080734,215
Gout,22,3,MELD_lambda0_afproj,0.001,0.916837319409267,567
Gout,22,3,MELD_lambda0_reportN,0.001,0.914746162511466,567
Gout,22,3,MELD_lambda0_equal,0.001,0.900345659471079,567
Gout,22,3,MELD_lambda1_afproj,0.001,0.922110183038526,567
Gout,22,3,EUR,0.001,0.764101663271864,567
Gout,22,3,EAS,0.001,0.663694073490845,567
Gout,22,3,AFR,0.001,0.56720188041202,567
Gout,22,3,CSA,0.001,0.76100389079765,567
Gout,22,3,AMR,0.001,0.70446018267301,567
Gout,22,3,MELD_lambda0_afproj,0.01,0.923631390494046,567
Gout,22,3,MELD_lambda0_reportN,0.01,0.921923027272321,567
Gout,22,3,MELD_lambda0_equal,0.01,0.92024261879168,567
Gout,22,3,MELD_lambda1_afproj,0.01,0.924960742883975,567
Gout,22,3,EUR,0.01,0.872281657073107,567
Gout,22,3,EAS,0.01,0.796015148033612,567
Gout,22,3,AFR,0.01,0.727438312437521,567
Gout,22,3,CSA,0.01,0.863769465507997,567
Gout,22,3,AMR,0.01,0.835849326532514,567
Gout,22,3,MELD_lambda0_afproj,0.1,0.925210163373765,567
Gout,22,3,MELD_lambda0_reportN,0.1,0.924559504123024,567
Gout,22,3,MELD_lambda0_equal,0.1,0.919103271754419,567
Gout,22,3,MELD_lambda1_afproj,0.1,0.923772577460619,567
Gout,22,3,EUR,0.1,0.901942189659261,567
Gout,22,3,EAS,0.1,0.826896580139868,567
Gout,22,3,AFR,0.1,0.7784623573668,567
Gout,22,3,CSA,0.1,0.889123186874636,567
Gout,22,3,AMR,0.1,0.880310066915991,567
Gout,22,4,MELD_lambda0_afproj,0.001,0.894676574412312,602
Gout,22,4,MELD_lambda0_reportN,0.001,0.896697975012954,602
Gout,22,4,MELD_lambda0_equal,0.001,0.898075139152864,602
Gout,22,4,MELD_lambda1_afproj,0.001,0.897462662594384,602
Gout,22,4,EUR,0.001,0.832950766412938,602
Gout,22,4,EAS,0.001,0.736652496920789,602
Gout,22,4,AFR,0.001,0.488938131920488,602
Gout,22,4,CSA,0.001,0.819034448260467,602
Gout,22,4,AMR,0.001,0.742440025498892,602
Gout,22,4,MELD_lambda0_afproj,0.01,0.910368433473306,602
Gout,22,4,MELD_lambda0_reportN,0.01,0.910977443575421,602
Gout,22,4,MELD_lambda0_equal,0.01,0.908152188073223,602
Gout,22,4,MELD_lambda1_afproj,0.01,0.909022758212838,602
Gout,22,4,EUR,0.01,0.887678374478719,602
Gout,22,4,EAS,0.01,0.803626712659892,602
Gout,22,4,AFR,0.01,0.674786992885417,602
Gout,22,4,CSA,0.01,0.879298101631337,602
Gout,22,4,AMR,0.01,0.825530115701185,602
Gout,22,4,MELD_lambda0_afproj,0.1,0.898776972928613,602
Gout,22,4,MELD_lambda0_reportN,0.1,0.899138197175266,602
Gout,22,4,MELD_lambda0_equal,0.1,0.900764839242711,602
Gout,22,4,MELD_lambda1_afproj,0.1,0.894290513001215,602
Gout,22,4,EUR,0.1,0.884950861795103,602
Gout,22,4,EAS,0.1,0.80516551886103,602
Gout,22,4,AFR,0.1,0.750929093375743,602
Gout,22,4,CSA,0.1,0.883460128577279,602
Gout,22,4,AMR,0.1,0.840983496049766,602
Gout,22,5,MELD_lambda0_afproj,0.001,0.938870760083393,221
Gout,22,5,MELD_lambda0_reportN,0.001,0.937920258877944,221
Gout,22,5,MELD_lambda0_equal,0.001,0.903380519969362,221
Gout,22,5,MELD_lambda1_afproj,0.001,0.930989380550326,221
Gout,22,5,EUR,0.001,0.890342642414959,221
Gout,22,5,EAS,0.001,0.591357720340161,221
Gout,22,5,AFR,0.001,0.766417052006833,221
Gout,22,5,CSA,0.001,0.809703219859152,221
Gout,22,5,AMR,0.001,0.758194111941351,221
Gout,22,5,MELD_lambda0_afproj,0.01,0.943517098751386,221
Gout,22,5,MELD_lambda0_reportN,0.01,0.943468894017091,221
Gout,22,5,MELD_lambda0_equal,0.01,0.913867714930954,221
Gout,22,5,MELD_lambda1_afproj,0.01,0.937124234856549,221
Gout,22,5,EUR,0.01,0.920629999195567,221
Gout,22,5,EAS,0.01,0.845886022252081,221
Gout,22,5,AFR,0.01,0.788495387125588,221
Gout,22,5,CSA,0.01,0.871302411686803,221
Gout,22,5,AMR,0.01,0.819541774247247,221
Gout,22,5,MELD_lambda0_afproj,0.1,0.932477037029891,221
Gout,22,5,MELD_lambda0_reportN,0.1,0.932601571721971,221
Gout,22,5,MELD_lambda0_equal,0.1,0.918026174092168,221
Gout,22,5,MELD_lambda1_afproj,0.1,0.930601761298997,221
Gout,22,5,EUR,0.1,0.906156331286918,221
Gout,22,5,EAS,0.1,0.86862206225285,221
Gout,22,5,AFR,0.1,0.80879134489095,221
Gout,22,5,CSA,0.1,0.89757282283917,221
Gout,22,5,AMR,0.1,0.855027865961827,221
Gout,22,6,MELD_lambda0_afproj,0.001,0.855328901498189,364
Gout,22,6,MELD_lambda0_reportN,0.001,0.867259151282109,364
Gout,22,6,MELD_lambda0_equal,0.001,0.897236698696809,364
Gout,22,6,MELD_lambda1_afproj,0.001,0.850557873143113,364
Gout,22,6,EUR,0.001,0.726656604634194,364
Gout,22,6,EAS,0.001,0.737133423672625,364
Gout,22,6,AFR,0.001,0.566410909193261,364
Gout,22,6,CSA,0.001,0.835028884831952,364
Gout,22,6,AMR,0.001,0.629570482756541,364
Gout,22,6,MELD_lambda0_afproj,0.01,0.889106124645527,364
Gout,22,6,MELD_lambda0_reportN,0.01,0.889823232435552,364
Gout,22,6,MELD_lambda0_equal,0.01,0.906683436638271,364
Gout,22,6,MELD_lambda1_afproj,0.01,0.886443127433295,364
Gout,22,6,EUR,0.01,0.831844123315756,364
Gout,22,6,EAS,0.01,0.848445461061962,364
Gout,22,6,AFR,0.01,0.728205717954879,364
Gout,22,6,CSA,0.01,0.880069200672214,364
Gout,22,6,AMR,0.01,0.802677602499211,364
Gout,22,6,MELD_lambda0_afproj,0.1,0.885505138650067,364
Gout,22,6,MELD_lambda0_reportN,0.1,0.885930890373891,364
Gout,22,6,MELD_lambda0_equal,0.1,0.902857034006157,364
Gout,22,6,MELD_lambda1_afproj,0.1,0.88322752873873,364
Gout,22,6,EUR,0.1,0.852204886541757,364
Gout,22,6,EAS,0.1,0.861118846721877,364
Gout,22,6,AFR,0.1,0.756079447172866,364
Gout,22,6,CSA,0.1,0.87392890229496,364
Gout,22,6,AMR,0.1,0.838568716537611,364
Gout,22,7,MELD_lambda0_afproj,0.001,0.837193716420973,688
Gout,22,7,MELD_lambda0_reportN,0.001,0.833275414564047,688
Gout,22,7,MELD_lambda0_equal,0.001,0.847444869328508,688
Gout,22,7,MELD_lambda1_afproj,0.001,0.838912143999854,688
Gout,22,7,EUR,0.001,0.616239954545954,688
Gout,22,7,EAS,0.001,0.607492252140634,688
Gout,22,7,AFR,0.001,0.400844906139318,688
Gout,22,7,CSA,0.001,0.696266669231331,688
Gout,22,7,AMR,0.001,0.588244708828773,688
Gout,22,7,MELD_lambda0_afproj,0.01,0.862550864313712,688
Gout,22,7,MELD_lambda0_reportN,0.01,0.86183999008545,688
Gout,22,7,MELD_lambda0_equal,0.01,0.859536516991711,688
Gout,22,7,MELD_lambda1_afproj,0.01,0.864976841871348,688
Gout,22,7,EUR,0.01,0.774339746831838,688
Gout,22,7,EAS,0.01,0.752295275440404,688
Gout,22,7,AFR,0.01,0.552836787149214,688
Gout,22,7,CSA,0.01,0.786835024013001,688
Gout,22,7,AMR,0.01,0.688817335435005,688
Gout,22,7,MELD_lambda0_afproj,0.1,0.864995209456407,688
Gout,22,7,MELD_lambda0_reportN,0.1,0.863994586054622,688
Gout,22,7,MELD_lambda0_equal,0.1,0.863327115207514,688
Gout,22,7,MELD_lambda1_afproj,0.1,0.867920744878004,688
Gout,22,7,EUR,0.1,0.826839340498889,688
Gout,22,7,EAS,0.1,0.775675102536423,688
Gout,22,7,AFR,0.1,0.596549596230249,688
Gout,22,7,CSA,0.1,0.800847995737162,688
Gout,22,7,AMR,0.1,0.757826145877489,688
Gout,22,8,MELD_lambda0_afproj,0.001,0.65017339137624,646
Gout,22,8,MELD_lambda0_reportN,0.001,0.646423910838808,646
Gout,22,8,MELD_lambda0_equal,0.001,0.682210266014354,646
Gout,22,8,MELD_lambda1_afproj,0.001,0.660066680117615,646
Gout,22,8,EUR,0.001,0.552742418355937,646
Gout,22,8,EAS,0.001,0.26621234036116,646
Gout,22,8,AFR,0.001,0.227129918402396,646
Gout,22,8,CSA,0.001,0.494585543927222,646
Gout,22,8,AMR,0.001,0.400521983544817,646
Gout,22,8,MELD_lambda0_afproj,0.01,0.78287223740204,646
Gout,22,8,MELD_lambda0_reportN,0.01,0.780461545733959,646
Gout,22,8,MELD_lambda0_equal,0.01,0.768343837852869,646
Gout,22,8,MELD_lambda1_afproj,0.01,0.777586151544445,646
Gout,22,8,EUR,0.01,0.737558999053946,646
Gout,22,8,EAS,0.01,0.584871379514151,646
Gout,22,8,AFR,0.01,0.361348836234377,646
Gout,22,8,CSA,0.01,0.642561892091121,646
Gout,22,8,AMR,0.01,0.518512484153364,646
Gout,22,8,MELD_lambda0_afproj,0.1,0.818573944526735,646
Gout,22,8,MELD_lambda0_reportN,0.1,0.817181968962088,646
Gout,22,8,MELD_lambda0_equal,0.1,0.792616811994748,646
Gout,22,8,MELD_lambda1_afproj,0.1,0.810785785188566,646
Gout,22,8,EUR,0.1,0.790074717593265,646
Gout,22,8,EAS,0.1,0.689186581270074,646
Gout,22,8,AFR,0.1,0.44518253447336,646
Gout,22,8,CSA,0.1,0.725766276559668,646
Gout,22,8,AMR,0.1,0.601975439713494,646
Gout,22,9,MELD_lambda0_afproj,0.001,0.883417680728899,591
Gout,22,9,MELD_lambda0_reportN,0.001,0.877382046805364,591
Gout,22,9,MELD_lambda0_equal,0.001,0.886091469208297,591
Gout,22,9,MELD_lambda1_afproj,0.001,0.885618731219886,591
Gout,22,9,EUR,0.001,0.690548190332556,591
Gout,22,9,EAS,0.001,0.63747255159471,591
Gout,22,9,AFR,0.001,0.408441181669043,591
Gout,22,9,CSA,0.001,0.564439747269982,591
Gout,22,9,AMR,0.001,0.701699602257977,591
Gout,22,9,MELD_lambda0_afproj,0.01,0.895803329293148,591
Gout,22,9,MELD_lambda0_reportN,0.01,0.893112882000083,591
Gout,22,9,MELD_lambda0_equal,0.01,0.896577417524749,591
Gout,22,9,MELD_lambda1_afproj,0.01,0.897173372918545,591
Gout,22,9,EUR,0.01,0.803664837421159,591
Gout,22,9,EAS,0.01,0.802213410426517,591
Gout,22,9,AFR,0.01,0.553886225726889,591
Gout,22,9,CSA,0.01,0.724021521608509,591
Gout,22,9,AMR,0.01,0.775128427691634,591
Gout,22,9,MELD_lambda0_afproj,0.1,0.901631398320757,591
Gout,22,9,MELD_lambda0_reportN,0.1,0.900293929576203,591
Gout,22,9,MELD_lambda0_equal,0.1,0.905610377981132,591
Gout,22,9,MELD_lambda1_afproj,0.1,0.903671666189272,591
Gout,22,9,EUR,0.1,0.830319641249739,591
Gout,22,9,EAS,0.1,0.842302650286537,591
Gout,22,9,AFR,0.1,0.652520113182013,591
Gout,22,9,CSA,0.1,0.789110146807975,591
Gout,22,9,AMR,0.1,0.813802980713878,591
Gout,22,10,MELD_lambda0_afproj,0.001,0.929993953990624,519
Gout,22,10,MELD_lambda0_reportN,0.001,0.930143016110466,519
Gout,22,10,MELD_lambda0_equal,0.001,0.91240152987697,519
Gout,22,10,MELD_lambda1_afproj,0.001,0.932818235067082,519
Gout,22,10,EUR,0.001,0.860217952384828,519
Gout,22,10,EAS,0.001,0.534699890788235,519
Gout,22,10,AFR,0.001,0.741947181277401,519
Gout,22,10,CSA,0.001,0.748802478399578,519
Gout,22,10,AMR,0.001,0.842341001450803,519
Gout,22,10,MELD_lambda0_afproj,0.01,0.941655190276327,519
Gout,22,10,MELD_lambda0_reportN,0.01,0.941277399897898,519
Gout,22,10,MELD_lambda0_equal,0.01,0.927826606911567,519
Gout,22,10,MELD_lambda1_afproj,0.01,0.943346665926772,519
Gout,22,10,EUR,0.01,0.912413460027465,519
Gout,22,10,EAS,0.01,0.761550263947648,519
Gout,22,10,AFR,0.01,0.821662003677008,519
Gout,22,10,CSA,0.01,0.88368433929947,519
Gout,22,10,AMR,0.01,0.889643143328251,519
Gout,22,10,MELD_lambda0_afproj,0.1,0.940063466089005,519
Gout,22,10,MELD_lambda0_reportN,0.1,0.939262182657444,519
Gout,22,10,MELD_lambda0_equal,0.1,0.93096667942002,519
Gout,22,10,MELD_lambda1_afproj,0.1,0.940492846694543,519
Gout,22,10,EUR,0.1,0.912133335595092,519
Gout,22,10,EAS,0.1,0.826574832432282,519
Gout,22,10,AFR,0.1,0.836789489396428,519
Gout,22,10,CSA,0.1,0.888040591166818,519
Gout,22,10,AMR,0.1,0.879817811730583,519
Gout,22,11,MELD_lambda0_afproj,0.001,0.965787129870358,358
Gout,22,11,MELD_lambda0_reportN,0.001,0.965155572464878,358
Gout,22,11,MELD_lambda0_equal,0.001,0.947542333682171,358
Gout,22,11,MELD_lambda1_afproj,0.001,0.961035606816343,358
Gout,22,11,EUR,0.001,0.823087634403996,358
Gout,22,11,EAS,0.001,0.688342252700888,358
Gout,22,11,AFR,0.001,0.567644013321235,358
Gout,22,11,CSA,0.001,0.894939113943938,358
Gout,22,11,AMR,0.001,0.83135256532799,358
Gout,22,11,MELD_lambda0_afproj,0.01,0.965292006370434,358
Gout,22,11,MELD_lambda0_reportN,0.01,0.96559790513096,358
Gout,22,11,MELD_lambda0_equal,0.01,0.960523355128895,358
Gout,22,11,MELD_lambda1_afproj,0.01,0.965569505370086,358
Gout,22,11,EUR,0.01,0.896650893852577,358
Gout,22,11,EAS,0.01,0.876147333940176,358
Gout,22,11,AFR,0.01,0.712105211400052,358
Gout,22,11,CSA,0.01,0.93737548418099,358
Gout,22,11,AMR,0.01,0.890833637800104,358
Gout,22,11,MELD_lambda0_afproj,0.1,0.955762799961146,358
Gout,22,11,MELD_lambda0_reportN,0.1,0.956031032177069,358
Gout,22,11,MELD_lambda0_equal,0.1,0.95759949212997,358
Gout,22,11,MELD_lambda1_afproj,0.1,0.954923125729224,358
Gout,22,11,EUR,0.1,0.918711912971001,358
Gout,22,11,EAS,0.1,0.89456135727002,358
Gout,22,11,AFR,0.1,0.777207971680436,358
Gout,22,11,CSA,0.1,0.943016302514668,358
Gout,22,11,AMR,0.1,0.905252990431522,358
Gout,22,12,MELD_lambda0_afproj,0.001,0.901967022821868,843
Gout,22,12,MELD_lambda0_reportN,0.001,0.897212303779569,843
Gout,22,12,MELD_lambda0_equal,0.001,0.886111126538975,843
Gout,22,12,MELD_lambda1_afproj,0.001,0.900556644681268,843
Gout,22,12,EUR,0.001,0.776761485861666,843
Gout,22,12,EAS,0.001,0.48454776013495,843
Gout,22,12,AFR,0.001,0.326913325468212,843
Gout,22,12,CSA,0.001,0.584237374069626,843
Gout,22,12,AMR,0.001,0.632519318813343,843
Gout,22,12,MELD_lambda0_afproj,0.01,0.919992677684169,843
Gout,22,12,MELD_lambda0_reportN,0.01,0.919094748818067,843
Gout,22,12,MELD_lambda0_equal,0.01,0.897704457378365,843
Gout,22,12,MELD_lambda1_afproj,0.01,0.917701826381902,843
Gout,22,12,EUR,0.01,0.873471191006802,843
Gout,22,12,EAS,0.01,0.726162983484411,843
Gout,22,12,AFR,0.01,0.409980631582982,843
Gout,22,12,CSA,0.01,0.726306012598406,843
Gout,22,12,AMR,0.01,0.715661620543162,843
Gout,22,12,MELD_lambda0_afproj,0.1,0.904543629084073,843
Gout,22,12,MELD_lambda0_reportN,0.1,0.904734348572382,843
Gout,22,12,MELD_lambda0_equal,0.1,0.885677402324811,843
Gout,22,12,MELD_lambda1_afproj,0.1,0.901716175661013,843
Gout,22,12,EUR,0.1,0.868606588252678,843
Gout,22,12,EAS,0.1,0.781508226647064,843
Gout,22,12,AFR,0.1,0.501887924920771,843
Gout,22,12,CSA,0.1,0.786050395661056,843
Gout,22,12,AMR,0.1,0.753106925216019,843
Gout,22,13,MELD_lambda0_afproj,0.001,0.913173426674891,505
Gout,22,13,MELD_lambda0_reportN,0.001,0.911326777079227,505
Gout,22,13,MELD_lambda0_equal,0.001,0.922664618420112,505
Gout,22,13,MELD_lambda1_afproj,0.001,0.911053274507576,505
Gout,22,13,EUR,0.001,0.903843868561387,505
Gout,22,13,EAS,0.001,0.695937179815994,505
Gout,22,13,AFR,0.001,0.609111628551524,505
Gout,22,13,CSA,0.001,0.752562827544209,505
Gout,22,13,AMR,0.001,0.826222206425903,505
Gout,22,13,MELD_lambda0_afproj,0.01,0.926723984662376,505
Gout,22,13,MELD_lambda0_reportN,0.01,0.926494824687314,505
Gout,22,13,MELD_lambda0_equal,0.01,0.931904342039545,505
Gout,22,13,MELD_lambda1_afproj,0.01,0.926588811192769,505
Gout,22,13,EUR,0.01,0.90852841286564,505
Gout,22,13,EAS,0.01,0.774220646499048,505
Gout,22,13,AFR,0.01,0.771878635266707,505
Gout,22,13,CSA,0.01,0.866513294251512,505
Gout,22,13,AMR,0.01,0.918166646316061,505
Gout,22,13,MELD_lambda0_afproj,0.1,0.927083401587934,505
Gout,22,13,MELD_lambda0_reportN,0.1,0.927895529171017,505
Gout,22,13,MELD_lambda0_equal,0.1,0.933435028809033,505
Gout,22,13,MELD_lambda1_afproj,0.1,0.927118486346478,505
Gout,22,13,EUR,0.1,0.908955110806872,505
Gout,22,13,EAS,0.1,0.823591507561317,505
Gout,22,13,AFR,0.1,0.824861849392599,505
Gout,22,13,CSA,0.1,0.898137239892661,505
Gout,22,13,AMR,0.1,0.908575331201145,505
Gout,22,14,MELD_lambda0_afproj,0.001,0.833597744108173,706
Gout,22,14,MELD_lambda0_reportN,0.001,0.828413821120316,706
Gout,22,14,MELD_lambda0_equal,0.001,0.868027415977987,706
Gout,22,14,MELD_lambda1_afproj,0.001,0.831954215510848,706
Gout,22,14,EUR,0.001,0.72321932157062,706
Gout,22,14,EAS,0.001,0.512059012939504,706
Gout,22,14,AFR,0.001,0.347679720412157,706
Gout,22,14,CSA,0.001,0.653495550715268,706
Gout,22,14,AMR,0.001,0.670865818894041,706
Gout,22,14,MELD_lambda0_afproj,0.01,0.870252671676226,706
Gout,22,14,MELD_lambda0_reportN,0.01,0.867225723259305,706
Gout,22,14,MELD_lambda0_equal,0.01,0.885362449107914,706
Gout,22,14,MELD_lambda1_afproj,0.01,0.865627706581559,706
Gout,22,14,EUR,0.01,0.812374763847742,706
Gout,22,14,EAS,0.01,0.717596684880417,706
Gout,22,14,AFR,0.01,0.511955848065476,706
Gout,22,14,CSA,0.01,0.77592660055758,706
Gout,22,14,AMR,0.01,0.778052276229484,706
Gout,22,14,MELD_lambda0_afproj,0.1,0.877813723989713,706
Gout,22,14,MELD_lambda0_reportN,0.1,0.874751522080061,706
Gout,22,14,MELD_lambda0_equal,0.1,0.885061762361758,706
Gout,22,14,MELD_lambda1_afproj,0.1,0.873811176890126,706
Gout,22,14,EUR,0.1,0.843742030126126,706
Gout,22,14,EAS,0.1,0.791059194841123,706
Gout,22,14,AFR,0.1,0.593532809787411,706
Gout,22,14,CSA,0.1,0.831246858897969,706
Gout,22,14,AMR,0.1,0.794185772581217,706
Gout,22,15,MELD_lambda0_afproj,0.001,0.877317150942584,523
Gout,22,15,MELD_lambda0_reportN,0.001,0.872310961300073,523
Gout,22,15,MELD_lambda0_equal,0.001,0.856591974384515,523
Gout,22,15,MELD_lambda1_afproj,0.001,0.875327344534631,523
Gout,22,15,EUR,0.001,0.764064415594608,523
Gout,22,15,EAS,0.001,0.757717430359372,523
Gout,22,15,AFR,0.001,0.42482403172031,523
Gout,22,15,CSA,0.001,0.740213549874794,523
Gout,22,15,AMR,0.001,0.813712955978786,523
Gout,22,15,MELD_lambda0_afproj,0.01,0.896312984218433,523
Gout,22,15,MELD_lambda0_reportN,0.01,0.894252942510638,523
Gout,22,15,MELD_lambda0_equal,0.01,0.875723590605066,523
Gout,22,15,MELD_lambda1_afproj,0.01,0.894169548910819,523
Gout,22,15,EUR,0.01,0.848510496960756,523
Gout,22,15,EAS,0.01,0.851603152290403,523
Gout,22,15,AFR,0.01,0.608891489994058,523
Gout,22,15,CSA,0.01,0.827484653598764,523
Gout,22,15,AMR,0.01,0.86730599088114,523
Gout,22,15,MELD_lambda0_afproj,0.1,0.89735686848142,523
Gout,22,15,MELD_lambda0_reportN,0.1,0.896609913446382,523
Gout,22,15,MELD_lambda0_equal,0.1,0.884796112794623,523
Gout,22,15,MELD_lambda1_afproj,0.1,0.895621391969378,523
Gout,22,15,EUR,0.1,0.870052978960122,523
Gout,22,15,EAS,0.1,0.854608508738197,523
Gout,22,15,AFR,0.1,0.68329884211901,523
Gout,22,15,CSA,0.1,0.84955561778122,523
Gout,22,15,AMR,0.1,0.830465220499806,523
Gout,22,16,MELD_lambda0_afproj,0.001,0.85030750978407,289
Gout,22,16,MELD_lambda0_reportN,0.001,0.848189336230354,289
Gout,22,16,MELD_lambda0_equal,0.001,0.813160563476481,289
Gout,22,16,MELD_lambda1_afproj,0.001,0.853226846090362,289
Gout,22,16,EUR,0.001,0.792331620667976,289
Gout,22,16,EAS,0.001,0.672750588716448,289
Gout,22,16,AFR,0.001,0.535449314011324,289
Gout,22,16,CSA,0.001,0.767050485761945,289
Gout,22,16,AMR,0.001,0.786607070000709,289
Gout,22,16,MELD_lambda0_afproj,0.01,0.855870153527898,289
Gout,22,16,MELD_lambda0_reportN,0.01,0.853767175946576,289
Gout,22,16,MELD_lambda0_equal,0.01,0.829212820208115,289
Gout,22,16,MELD_lambda1_afproj,0.01,0.858371851088046,289
Gout,22,16,EUR,0.01,0.817620085251434,289
Gout,22,16,EAS,0.01,0.760998118970851,289
Gout,22,16,AFR,0.01,0.618261857333975,289
Gout,22,16,CSA,0.01,0.820325807808103,289
Gout,22,16,AMR,0.01,0.863219070369887,289
Gout,22,16,MELD_lambda0_afproj,0.1,0.870753327694411,289
Gout,22,16,MELD_lambda0_reportN,0.1,0.869838651607866,289
Gout,22,16,MELD_lambda0_equal,0.1,0.843618045416757,289
Gout,22,16,MELD_lambda1_afproj,0.1,0.870461874349112,289
Gout,22,16,EUR,0.1,0.854800475966365,289
Gout,22,16,EAS,0.1,0.773221194970774,289
Gout,22,16,AFR,0.1,0.696271052393343,289
Gout,22,16,CSA,0.1,0.830574058588536,289
Gout,22,16,AMR,0.1,0.864135297945379,289
Gout,22,17,MELD_lambda0_afproj,0.001,0.974679859931633,427
Gout,22,17,MELD_lambda0_reportN,0.001,0.974251498924523,427
Gout,22,17,MELD_lambda0_equal,0.001,0.977796157577519,427
Gout,22,17,MELD_lambda1_afproj,0.001,0.972811993890831,427
Gout,22,17,EUR,0.001,0.917738881835517,427
Gout,22,17,EAS,0.001,0.913738070642525,427
Gout,22,17,AFR,0.001,0.511578357681153,427
Gout,22,17,CSA,0.001,0.945335380704644,427
Gout,22,17,AMR,0.001,0.927721720170941,427
Gout,22,17,MELD_lambda0_afproj,0.01,0.981374159322574,427
Gout,22,17,MELD_lambda0_reportN,0.01,0.980734141230159,427
Gout,22,17,MELD_lambda0_equal,0.01,0.982069197180512,427
Gout,22,17,MELD_lambda1_afproj,0.01,0.979438525372547,427
Gout,22,17,EUR,0.01,0.940472468873427,427
Gout,22,17,EAS,0.01,0.96190133765146,427
Gout,22,17,AFR,0.01,0.81534136127175,427
Gout,22,17,CSA,0.01,0.969364766514014,427
Gout,22,17,AMR,0.01,0.94496600949769,427
Gout,22,17,MELD_lambda0_afproj,0.1,0.980734971468166,427
Gout,22,17,MELD_lambda0_reportN,0.1,0.980114438530986,427
Gout,22,17,MELD_lambda0_equal,0.1,0.982609863358364,427
Gout,22,17,MELD_lambda1_afproj,0.1,0.979333722472751,427
Gout,22,17,EUR,0.1,0.948370783377446,427
Gout,22,17,EAS,0.1,0.966673220078074,427
Gout,22,17,AFR,0.1,0.860740949031493,427
Gout,22,17,CSA,0.1,0.972954386399573,427
Gout,22,17,AMR,0.1,0.952164430051213,427
Gout,22,18,MELD_lambda0_afproj,0.001,0.86179897072317,320
Gout,22,18,MELD_lambda0_reportN,0.001,0.863951769187634,320
Gout,22,18,MELD_lambda0_equal,0.001,0.828041753927519,320
Gout,22,18,MELD_lambda1_afproj,0.001,0.839722145796084,320
Gout,22,18,EUR,0.001,0.779550353431156,320
Gout,22,18,EAS,0.001,0.448110552542726,320
Gout,22,18,AFR,0.001,0.48699026654879,320
Gout,22,18,CSA,0.001,0.566134037892824,320
Gout,22,18,AMR,0.001,0.541707445329072,320
Gout,22,18,MELD_lambda0_afproj,0.01,0.869560607090511,320
Gout,22,18,MELD_lambda0_reportN,0.01,0.870501195527288,320
Gout,22,18,MELD_lambda0_equal,0.01,0.827295869964554,320
Gout,22,18,MELD_lambda1_afproj,0.01,0.854432650016366,320
Gout,22,18,EUR,0.01,0.797742983016435,320
Gout,22,18,EAS,0.01,0.691321901295093,320
Gout,22,18,AFR,0.01,0.541004837597036,320
Gout,22,18,CSA,0.01,0.710089992264571,320
Gout,22,18,AMR,0.01,0.592508670273524,320
Gout,22,18,MELD_lambda0_afproj,0.1,0.850749076059642,320
Gout,22,18,MELD_lambda0_reportN,0.1,0.849349182427475,320
Gout,22,18,MELD_lambda0_equal,0.1,0.82112344973874,320
Gout,22,18,MELD_lambda1_afproj,0.1,0.837055211433212,320
Gout,22,18,EUR,0.1,0.754806171878728,320
Gout,22,18,EAS,0.1,0.743091763460415,320
Gout,22,18,AFR,0.1,0.574099040689712,320
Gout,22,18,CSA,0.1,0.778524368455302,320
Gout,22,18,AMR,0.1,0.646906440483128,320
Gout,22,19,MELD_lambda0_afproj,0.001,0.945159420297256,658
Gout,22,19,MELD_lambda0_reportN,0.001,0.940864296478919,658
Gout,22,19,MELD_lambda0_equal,0.001,0.937763112579472,658
Gout,22,19,MELD_lambda1_afproj,0.001,0.943900471652354,658
Gout,22,19,EUR,0.001,0.869017645178169,658
Gout,22,19,EAS,0.001,0.69396393644386,658
Gout,22,19,AFR,0.001,0.60725883265416,658
Gout,22,19,CSA,0.001,0.817072503266339,658
Gout,22,19,AMR,0.001,0.729940181164634,658
Gout,22,19,MELD_lambda0_afproj,0.01,0.951137804833057,658
Gout,22,19,MELD_lambda0_reportN,0.01,0.948775155099597,658
Gout,22,19,MELD_lambda0_equal,0.01,0.947106530128924,658
Gout,22,19,MELD_lambda1_afproj,0.01,0.950163288453466,658
Gout,22,19,EUR,0.01,0.920483392554961,658
Gout,22,19,EAS,0.01,0.863475432022792,658
Gout,22,19,AFR,0.01,0.75902111849598,658
Gout,22,19,CSA,0.01,0.901617054443703,658
Gout,22,19,AMR,0.01,0.819469501826122,658
Gout,22,19,MELD_lambda0_afproj,0.1,0.948514988070285,658
Gout,22,19,MELD_lambda0_reportN,0.1,0.947032761340095,658
Gout,22,19,MELD_lambda0_equal,0.1,0.950680778555237,658
Gout,22,19,MELD_lambda1_afproj,0.1,0.947338945126483,658
Gout,22,19,EUR,0.1,0.925191540230757,658
Gout,22,19,EAS,0.1,0.893838872924517,658
Gout,22,19,AFR,0.1,0.826283709501623,658
Gout,22,19,CSA,0.1,0.932701504292001,658
Gout,22,19,AMR,0.1,0.872449783261494,658
Gout,22,20,MELD_lambda0_afproj,0.001,0.818075467557466,573
Gout,22,20,MELD_lambda0_reportN,0.001,0.820919928708247,573
Gout,22,20,MELD_lambda0_equal,0.001,0.827138393929478,573
Gout,22,20,MELD_lambda1_afproj,0.001,0.813518051460677,573
Gout,22,20,EUR,0.001,0.70186073343502,573
Gout,22,20,EAS,0.001,0.453761145277752,573
Gout,22,20,AFR,0.001,0.323787937973177,573
Gout,22,20,CSA,0.001,0.612524170811622,573
Gout,22,20,AMR,0.001,0.603651408993599,573
Gout,22,20,MELD_lambda0_afproj,0.01,0.853609347858237,573
Gout,22,20,MELD_lambda0_reportN,0.01,0.851875520127296,573
Gout,22,20,MELD_lambda0_equal,0.01,0.83019494115495,573
Gout,22,20,MELD_lambda1_afproj,0.01,0.850207379759845,573
Gout,22,20,EUR,0.01,0.79056992310803,573
Gout,22,20,EAS,0.01,0.677538413908289,573
Gout,22,20,AFR,0.01,0.425419665402046,573
Gout,22,20,CSA,0.01,0.716702886720182,573
Gout,22,20,AMR,0.01,0.715504116767523,573
Gout,22,20,MELD_lambda0_afproj,0.1,0.853232536150593,573
Gout,22,20,MELD_lambda0_reportN,0.1,0.851228496617162,573
Gout,22,20,MELD_lambda0_equal,0.1,0.824379008843032,573
Gout,22,20,MELD_lambda1_afproj,0.1,0.849235509047525,573
Gout,22,20,EUR,0.1,0.805909585062721,573
Gout,22,20,EAS,0.1,0.756957891237573,573
Gout,22,20,AFR,0.1,0.520304990957318,573
Gout,22,20,CSA,0.1,0.745805170630532,573
Gout,22,20,AMR,0.1,0.739471439649357,573
Gout,22,21,MELD_lambda0_afproj,0.001,0.901875977087484,332
Gout,22,21,MELD_lambda0_reportN,0.001,0.900375653086917,332
Gout,22,21,MELD_lambda0_equal,0.001,0.85830098783986,332
Gout,22,21,MELD_lambda1_afproj,0.001,0.897790766560597,332
Gout,22,21,EUR,0.001,0.818307995411044,332
Gout,22,21,EAS,0.001,0.726844518801066,332
Gout,22,21,AFR,0.001,0.395953418713333,332
Gout,22,21,CSA,0.001,0.75688620719478,332
Gout,22,21,AMR,0.001,0.736606771153912,332
Gout,22,21,MELD_lambda0_afproj,0.01,0.910506126038762,332
Gout,22,21,MELD_lambda0_reportN,0.01,0.908782410436317,332
Gout,22,21,MELD_lambda0_equal,0.01,0.865572798116274,332
Gout,22,21,MELD_lambda1_afproj,0.01,0.905769418574015,332
Gout,22,21,EUR,0.01,0.896039070820207,332
Gout,22,21,EAS,0.01,0.766335903272377,332
Gout,22,21,AFR,0.01,0.524580839283092,332
Gout,22,21,CSA,0.01,0.861040697778842,332
Gout,22,21,AMR,0.01,0.781239157104972,332
Gout,22,21,MELD_lambda0_afproj,0.1,0.903430625869885,332
Gout,22,21,MELD_lambda0_reportN,0.1,0.902151848319577,332
Gout,22,21,MELD_lambda0_equal,0.1,0.869569099233016,332
Gout,22,21,MELD_lambda1_afproj,0.1,0.900144393649829,332
Gout,22,21,EUR,0.1,0.900963281235834,332
Gout,22,21,EAS,0.1,0.789767973562246,332
Gout,22,21,AFR,0.1,0.591637702496132,332
Gout,22,21,CSA,0.1,0.887225697655615,332
Gout,22,21,AMR,0.1,0.787532647522512,332
Gout,22,22,MELD_lambda0_afproj,0.001,0.853025741791691,641
Gout,22,22,MELD_lambda0_reportN,0.001,0.850293543500514,641
Gout,22,22,MELD_lambda0_equal,0.001,0.811284046001138,641
Gout,22,22,MELD_lambda1_afproj,0.001,0.851555521037709,641
Gout,22,22,EUR,0.001,0.656383767104558,641
Gout,22,22,EAS,0.001,0.44296952429554,641
Gout,22,22,AFR,0.001,0.260281326928377,641
Gout,22,22,CSA,0.001,0.545524223868551,641
Gout,22,22,AMR,0.001,0.584088707810693,641
Gout,22,22,MELD_lambda0_afproj,0.01,0.860013320132175,641
Gout,22,22,MELD_lambda0_reportN,0.01,0.858908150155434,641
Gout,22,22,MELD_lambda0_equal,0.01,0.816437445673458,641
Gout,22,22,MELD_lambda1_afproj,0.01,0.860147172929639,641
Gout,22,22,EUR,0.01,0.806711128887765,641
Gout,22,22,EAS,0.01,0.672607148771712,641
Gout,22,22,AFR,0.01,0.329648761837241,641
Gout,22,22,CSA,0.01,0.71386905034151,641
Gout,22,22,AMR,0.01,0.695082750579737,641
Gout,22,22,MELD_lambda0_afproj,0.1,0.856599409419537,641
Gout,22,22,MELD_lambda0_reportN,0.1,0.854882230676204,641
Gout,22,22,MELD_lambda0_equal,0.1,0.813971705450664,641
Gout,22,22,MELD_lambda1_afproj,0.1,0.856483034905242,641
Gout,22,22,EUR,0.1,0.837088386474327,641
Gout,22,22,EAS,0.1,0.75178656046556,641
Gout,22,22,AFR,0.1,0.417200905148709,641
Gout,22,22,CSA,0.1,0.766393408505882,641
Gout,22,22,AMR,0.1,0.725398093116842,641
Gout,22,23,MELD_lambda0_afproj,0.001,0.822511609276427,531
Gout,22,23,MELD_lambda0_reportN,0.001,0.82063676920536,531
Gout,22,23,MELD_lambda0_equal,0.001,0.83385123801354,531
Gout,22,23,MELD_lambda1_afproj,0.001,0.799155190091584,531
Gout,22,23,EUR,0.001,0.704294875748835,531
Gout,22,23,EAS,0.001,0.629415800915437,531
Gout,22,23,AFR,0.001,0.34523620179889,531
Gout,22,23,CSA,0.001,0.69889457350187,531
Gout,22,23,AMR,0.001,0.571193416813126,531
Gout,22,23,MELD_lambda0_afproj,0.01,0.850816157707677,531
Gout,22,23,MELD_lambda0_reportN,0.01,0.848845503064583,531
Gout,22,23,MELD_lambda0_equal,0.01,0.837232781250193,531
Gout,22,23,MELD_lambda1_afproj,0.01,0.840653456601802,531
Gout,22,23,EUR,0.01,0.809505796905435,531
Gout,22,23,EAS,0.01,0.775660408141898,531
Gout,22,23,AFR,0.01,0.442830255690169,531
Gout,22,23,CSA,0.01,0.744966192378328,531
Gout,22,23,AMR,0.01,0.714211866299673,531
Gout,22,23,MELD_lambda0_afproj,0.1,0.864384941573481,531
Gout,22,23,MELD_lambda0_reportN,0.1,0.862717083760487,531
Gout,22,23,MELD_lambda0_equal,0.1,0.848845380699414,531
Gout,22,23,MELD_lambda1_afproj,0.1,0.85964383505294,531
Gout,22,23,EUR,0.1,0.827130052454645,531
Gout,22,23,EAS,0.1,0.814946770711522,531
Gout,22,23,AFR,0.1,0.549811014374445,531
Gout,22,23,CSA,0.1,0.768301303793834,531
Gout,22,23,AMR,0.1,0.789669337442237,531
Gout,22,24,MELD_lambda0_afproj,0.001,0.816011844710681,422
Gout,22,24,MELD_lambda0_reportN,0.001,0.803013990540261,422
Gout,22,24,MELD_lambda0_equal,0.001,0.81647592175463,422
Gout,22,24,MELD_lambda1_afproj,0.001,0.809686695368973,422
Gout,22,24,EUR,0.001,0.69322200984291,422
Gout,22,24,EAS,0.001,0.572312477325771,422
Gout,22,24,AFR,0.001,0.43857729300508,422
Gout,22,24,CSA,0.001,0.552006381952554,422
Gout,22,24,AMR,0.001,0.545699195749934,422
Gout,22,24,MELD_lambda0_afproj,0.01,0.837101273465623,422
Gout,22,24,MELD_lambda0_reportN,0.01,0.830417015690336,422
Gout,22,24,MELD_lambda0_equal,0.01,0.83776598693097,422
Gout,22,24,MELD_lambda1_afproj,0.01,0.834497243489665,422
Gout,22,24,EUR,0.01,0.762921053174312,422
Gout,22,24,EAS,0.01,0.716653844093035,422
Gout,22,24,AFR,0.01,0.495881033075587,422
Gout,22,24,CSA,0.01,0.697923557059636,422
Gout,22,24,AMR,0.01,0.675913165321396,422
Gout,22,24,MELD_lambda0_afproj,0.1,0.835886468457078,422
Gout,22,24,MELD_lambda0_reportN,0.1,0.834296688117004,422
Gout,22,24,MELD_lambda0_equal,0.1,0.813768219296705,422
Gout,22,24,MELD_lambda1_afproj,0.1,0.83292714497431,422
Gout,22,24,EUR,0.1,0.76180588222223,422
Gout,22,24,EAS,0.1,0.740436294102947,422
Gout,22,24,AFR,0.1,0.517075827703631,422
Gout,22,24,CSA,0.1,0.721321866009103,422
Gout,22,24,AMR,0.1,0.704324871093989,422
HF,22,1,MELD_lambda0_afproj,0.001,0.829797651990501,119
HF,22,1,MELD_lambda0_reportN,0.001,0.824947433100051,119
HF,22,1,MELD_lambda0_equal,0.001,0.771017382241613,119
HF,22,1,MELD_lambda1_afproj,0.001,0.816820869591795,119
HF,22,1,EUR,0.001,0.716631328642946,119
HF,22,1,EAS,0.001,0.652095403683472,119
HF,22,1,AFR,0.001,0.558540911628448,119
HF,22,1,CSA,0.001,0.591904974618721,119
HF,22,1,AMR,0.001,0.634844440028019,119
HF,22,1,MELD_lambda0_afproj,0.01,0.822250288985898,119
HF,22,1,MELD_lambda0_reportN,0.01,0.819654511573202,119
HF,22,1,MELD_lambda0_equal,0.01,0.777351158704528,119
HF,22,1,MELD_lambda1_afproj,0.01,0.815465634296224,119
HF,22,1,EUR,0.01,0.728417272038163,119
HF,22,1,EAS,0.01,0.662727733238148,119
HF,22,1,AFR,0.01,0.572000514820122,119
HF,22,1,CSA,0.01,0.65155243815701,119
HF,22,1,AMR,0.01,0.640665620739289,119
HF,22,1,MELD_lambda0_afproj,0.1,0.795551875050182,119
HF,22,1,MELD_lambda0_reportN,0.1,0.796490626588119,119
HF,22,1,MELD_lambda0_equal,0.1,0.778493253925512,119
HF,22,1,MELD_lambda1_afproj,0.1,0.795430710501529,119
HF,22,1,EUR,0.1,0.743054824067719,119
HF,22,1,EAS,0.1,0.667383852190704,119
HF,22,1,AFR,0.1,0.562344843782671,119
HF,22,1,CSA,0.1,0.659529544186668,119
HF,22,1,AMR,0.1,0.681383377365652,119
HF,22,2,MELD_lambda0_afproj,0.001,0.677829022405428,176
HF,22,2,MELD_lambda0_reportN,0.001,0.676899705410995,176
HF,22,2,MELD_lambda0_equal,0.001,0.674129046280804,176
HF,22,2,MELD_lambda1_afproj,0.001,0.688064687427371,176
HF,22,2,EUR,0.001,0.634126856539521,176
HF,22,2,EAS,0.001,0.545800321536071,176
HF,22,2,AFR,0.001,0.424776142870174,176
HF,22,2,CSA,0.001,0.527204518869298,176
HF,22,2,AMR,0.001,0.730262056841515,176
HF,22,2,MELD_lambda0_afproj,0.01,0.679670395016779,176
HF,22,2,MELD_lambda0_reportN,0.01,0.677207750693847,176
HF,22,2,MELD_lambda0_equal,0.01,0.676907096927632,176
HF,22,2,MELD_lambda1_afproj,0.01,0.688547646917787,176
HF,22,2,EUR,0.01,0.636494875725352,176
HF,22,2,EAS,0.01,0.649024285220241,176
HF,22,2,AFR,0.01,0.45842462577017,176
HF,22,2,CSA,0.01,0.578278628402358,176
HF,22,2,AMR,0.01,0.722888308109248,176
HF,22,2,MELD_lambda0_afproj,0.1,0.684877023799631,176
HF,22,2,MELD_lambda0_reportN,0.1,0.683316785489875,176
HF,22,2,MELD_lambda0_equal,0.1,0.67795471752367,176
HF,22,2,MELD_lambda1_afproj,0.1,0.69152804312344,176
HF,22,2,EUR,0.1,0.644812376939524,176
HF,22,2,EAS,0.1,0.64258821708191,176
HF,22,2,AFR,0.1,0.51221944802388,176
HF,22,2,CSA,0.1,0.639413159711542,176
HF,22,2,AMR,0.1,0.649468514465115,176
HF,22,3,MELD_lambda0_afproj,0.001,0.929533780566533,528
HF,22,3,MELD_lambda0_reportN,0.001,0.928116909641476,528
HF,22,3,MELD_lambda0_equal,0.001,0.875227396793309,528
HF,22,3,MELD_lambda1_afproj,0.001,0.931231165159906,528
HF,22,3,EUR,0.001,0.888293734547099,528
HF,22,3,EAS,0.001,0.664399182328363,528
HF,22,3,AFR,0.001,0.412479538134635,528
HF,22,3,CSA,0.001,0.757039464075002,528
HF,22,3,AMR,0.001,0.772414831623495,528
HF,22,3,MELD_lambda0_afproj,0.01,0.938178157689776,528
HF,22,3,MELD_lambda0_reportN,0.01,0.936572880656006,528
HF,22,3,MELD_lambda0_equal,0.01,0.883009295796338,528
HF,22,3,MELD_lambda1_afproj,0.01,0.939665815583759,528
HF,22,3,EUR,0.01,0.928585898913603,528
HF,22,3,EAS,0.01,0.794415868916203,528
HF,22,3,AFR,0.01,0.515235724029572,528
HF,22,3,CSA,0.01,0.855605789054988,528
HF,22,3,AMR,0.01,0.859503737078472,528
HF,22,3,MELD_lambda0_afproj,0.1,0.938678385749547,528
HF,22,3,MELD_lambda0_reportN,0.1,0.937775979034175,528
HF,22,3,MELD_lambda0_equal,0.1,0.886649272192974,528
HF,22,3,MELD_lambda1_afproj,0.1,0.93972690996725,528
HF,22,3,EUR,0.1,0.926983718650849,528
HF,22,3,EAS,0.1,0.837477502698064,528
HF,22,3,AFR,0.1,0.588290010248599,528
HF,22,3,CSA,0.1,0.870635568843489,528
HF,22,3,AMR,0.1,0.862788385506228,528
HF,22,4,MELD_lambda0_afproj,0.001,0.872666019673915,492
HF,22,4,MELD_lambda0_reportN,0.001,0.871270372506425,492
HF,22,4,MELD_lambda0_equal,0.001,0.921096054834443,492
HF,22,4,MELD_lambda1_afproj,0.001,0.877931234586882,492
HF,22,4,EUR,0.001,0.776816269470126,492
HF,22,4,EAS,0.001,0.653090643652013,492
HF,22,4,AFR,0.001,0.571570974750397,492
HF,22,4,CSA,0.001,0.725776511449722,492
HF,22,4,AMR,0.001,0.701796212105967,492
HF,22,4,MELD_lambda0_afproj,0.01,0.906745866411337,492
HF,22,4,MELD_lambda0_reportN,0.01,0.907008208773355,492
HF,22,4,MELD_lambda0_equal,0.01,0.925694230843278,492
HF,22,4,MELD_lambda1_afproj,0.01,0.905139834832434,492
HF,22,4,EUR,0.01,0.879862556552453,492
HF,22,4,EAS,0.01,0.826038509079923,492
HF,22,4,AFR,0.01,0.671584072948504,492
HF,22,4,CSA,0.01,0.853455675802169,492
HF,22,4,AMR,0.01,0.830313447353604,492
HF,22,4,MELD_lambda0_afproj,0.1,0.907580241859628,492
HF,22,4,MELD_lambda0_reportN,0.1,0.907743087093056,492
HF,22,4,MELD_lambda0_equal,0.1,0.916230891245682,492
HF,22,4,MELD_lambda1_afproj,0.1,0.903446669370854,492
HF,22,4,EUR,0.1,0.880198908581738,492
HF,22,4,EAS,0.1,0.857033706294821,492
HF,22,4,AFR,0.1,0.707917437891813,492
HF,22,4,CSA,0.1,0.864675898334487,492
HF,22,4,AMR,0.1,0.860755264673336,492
HF,22,5,MELD_lambda0_afproj,0.001,0.95068844567677,203
HF,22,5,MELD_lambda0_reportN,0.001,0.9516606531195,203
HF,22,5,MELD_lambda0_equal,0.001,0.934836835699364,203
HF,22,5,MELD_lambda1_afproj,0.001,0.949680656258193,203
HF,22,5,EUR,0.001,0.874184202963521,203
HF,22,5,EAS,0.001,0.726967084390195,203
HF,22,5,AFR,0.001,0.723151625516059,203
HF,22,5,CSA,0.001,0.814985589569147,203
HF,22,5,AMR,0.001,0.904953763673999,203
HF,22,5,MELD_lambda0_afproj,0.01,0.94593090557701,203
HF,22,5,MELD_lambda0_reportN,0.01,0.946659690308147,203
HF,22,5,MELD_lambda0_equal,0.01,0.936863328943044,203
HF,22,5,MELD_lambda1_afproj,0.01,0.943841826276195,203
HF,22,5,EUR,0.01,0.896587687021409,203
HF,22,5,EAS,0.01,0.781642185442055,203
HF,22,5,AFR,0.01,0.755576161839324,203
HF,22,5,CSA,0.01,0.884250087769221,203
HF,22,5,AMR,0.01,0.910652355902809,203
HF,22,5,MELD_lambda0_afproj,0.1,0.938423687957049,203
HF,22,5,MELD_lambda0_reportN,0.1,0.939250401498115,203
HF,22,5,MELD_lambda0_equal,0.1,0.928237766199196,203
HF,22,5,MELD_lambda1_afproj,0.1,0.935637413554513,203
HF,22,5,EUR,0.1,0.908413847272386,203
HF,22,5,EAS,0.1,0.822405416527567,203
HF,22,5,AFR,0.1,0.784556782311212,203
HF,22,5,CSA,0.1,0.874601637340026,203
HF,22,5,AMR,0.1,0.907024726159722,203
HF,22,6,MELD_lambda0_afproj,0.001,0.947180717402945,313
HF,22,6,MELD_lambda0_reportN,0.001,0.942763104677077,313
HF,22,6,MELD_lambda0_equal,0.001,0.93654227055856,313
HF,22,6,MELD_lambda1_afproj,0.001,0.943903813387166,313
HF,22,6,EUR,0.001,0.824559004749434,313
HF,22,6,EAS,0.001,0.737309405285923,313
HF,22,6,AFR,0.001,0.802700653714625,313
HF,22,6,CSA,0.001,0.804933122220356,313
HF,22,6,AMR,0.001,0.858606825158983,313
HF,22,6,MELD_lambda0_afproj,0.01,0.950931195005313,313
HF,22,6,MELD_lambda0_reportN,0.01,0.949045186693553,313
HF,22,6,MELD_lambda0_equal,0.01,0.941371916643433,313
HF,22,6,MELD_lambda1_afproj,0.01,0.950397979457616,313
HF,22,6,EUR,0.01,0.921077890371985,313
HF,22,6,EAS,0.01,0.903463937973782,313
HF,22,6,AFR,0.01,0.849785174661778,313
HF,22,6,CSA,0.01,0.915903105065635,313
HF,22,6,AMR,0.01,0.883144236208724,313
HF,22,6,MELD_lambda0_afproj,0.1,0.952021383108545,313
HF,22,6,MELD_lambda0_reportN,0.1,0.950977075432014,313
HF,22,6,MELD_lambda0_equal,0.1,0.946260902956645,313
HF,22,6,MELD_lambda1_afproj,0.1,0.953087156200435,313
HF,22,6,EUR,0.1,0.929661719065118,313
HF,22,6,EAS,0.1,0.932184594894263,313
HF,22,6,AFR,0.1,0.878168497928149,313
HF,22,6,CSA,0.1,0.937778498521681,313
HF,22,6,AMR,0.1,0.893728328855459,313
HF,22,7,MELD_lambda0_afproj,0.001,0.868324187527965,578
HF,22,7,MELD_lambda0_reportN,0.001,0.871924069516447,578
HF,22,7,MELD_lambda0_equal,0.001,0.888964388488865,578
HF,22,7,MELD_lambda1_afproj,0.001,0.876531208525586,578
HF,22,7,EUR,0.001,0.79710947657321,578
HF,22,7,EAS,0.001,0.485337263269395,578
HF,22,7,AFR,0.001,0.548774782810136,578
HF,22,7,CSA,0.001,0.678779406751267,578
HF,22,7,AMR,0.001,0.723072864052324,578
HF,22,7,MELD_lambda0_afproj,0.01,0.907523189184545,578
HF,22,7,MELD_lambda0_reportN,0.01,0.908358927948077,578
HF,22,7,MELD_lambda0_equal,0.01,0.892507493009811,578
HF,22,7,MELD_lambda1_afproj,0.01,0.90797688290667,578
HF,22,7,EUR,0.01,0.880493446157782,578
HF,22,7,EAS,0.01,0.731692183379998,578
HF,22,7,AFR,0.01,0.670393413930376,578
HF,22,7,CSA,0.01,0.784469386329376,578
HF,22,7,AMR,0.01,0.816642373401981,578
HF,22,7,MELD_lambda0_afproj,0.1,0.902922110775667,578
HF,22,7,MELD_lambda0_reportN,0.1,0.903657540530895,578
HF,22,7,MELD_lambda0_equal,0.1,0.892352947139806,578
HF,22,7,MELD_lambda1_afproj,0.1,0.901379944411124,578
HF,22,7,EUR,0.1,0.890983140593959,578
HF,22,7,EAS,0.1,0.779931208081845,578
HF,22,7,AFR,0.1,0.716921107257295,578
HF,22,7,CSA,0.1,0.829297399453294,578
HF,22,7,AMR,0.1,0.830679940040797,578
HF,22,8,MELD_lambda0_afproj,0.001,0.835525791192186,575
HF,22,8,MELD_lambda0_reportN,0.001,0.831491516679778,575
HF,22,8,MELD_lambda0_equal,0.001,0.873187468245727,575
HF,22,8,MELD_lambda1_afproj,0.001,0.838832659292306,575
HF,22,8,EUR,0.001,0.769041734592126,575
HF,22,8,EAS,0.001,0.584826637822347,575
HF,22,8,AFR,0.001,0.497257708170663,575
HF,22,8,CSA,0.001,0.763780689696508,575
HF,22,8,AMR,0.001,0.696381188279525,575
HF,22,8,MELD_lambda0_afproj,0.01,0.846659621696062,575
HF,22,8,MELD_lambda0_reportN,0.01,0.845681195876219,575
HF,22,8,MELD_lambda0_equal,0.01,0.878838629488819,575
HF,22,8,MELD_lambda1_afproj,0.01,0.850980984216981,575
HF,22,8,EUR,0.01,0.798185555058565,575
HF,22,8,EAS,0.01,0.743505078311306,575
HF,22,8,AFR,0.01,0.605013238471037,575
HF,22,8,CSA,0.01,0.841170879592536,575
HF,22,8,AMR,0.01,0.798945199443546,575
HF,22,8,MELD_lambda0_afproj,0.1,0.844038519047378,575
HF,22,8,MELD_lambda0_reportN,0.1,0.843340843005497,575
HF,22,8,MELD_lambda0_equal,0.1,0.87272622044743,575
HF,22,8,MELD_lambda1_afproj,0.1,0.850856477081634,575
HF,22,8,EUR,0.1,0.805183212660599,575
HF,22,8,EAS,0.1,0.757948558710229,575
HF,22,8,AFR,0.1,0.644947183496057,575
HF,22,8,CSA,0.1,0.846875657649874,575
HF,22,8,AMR,0.1,0.799068406708253,575
HF,22,9,MELD_lambda0_afproj,0.001,0.930862929372081,557
HF,22,9,MELD_lambda0_reportN,0.001,0.933691446680383,557
HF,22,9,MELD_lambda0_equal,0.001,0.923226602227625,557
HF,22,9,MELD_lambda1_afproj,0.001,0.931934954181097,557
HF,22,9,EUR,0.001,0.845085525750232,557
HF,22,9,EAS,0.001,0.653255990701782,557
HF,22,9,AFR,0.001,0.606891770337249,557
HF,22,9,CSA,0.001,0.7498524433596,557
HF,22,9,AMR,0.001,0.772069186669747,557
HF,22,9,MELD_lambda0_afproj,0.01,0.953994054894316,557
HF,22,9,MELD_lambda0_reportN,0.01,0.953616109035326,557
HF,22,9,MELD_lambda0_equal,0.01,0.933571342352085,557
HF,22,9,MELD_lambda1_afproj,0.01,0.954096637269381,557
HF,22,9,EUR,0.01,0.91509601528074,557
HF,22,9,EAS,0.01,0.808177590381863,557
HF,22,9,AFR,0.01,0.717715921980833,557
HF,22,9,CSA,0.01,0.88529982400888,557
HF,22,9,AMR,0.01,0.85763005271415,557
HF,22,9,MELD_lambda0_afproj,0.1,0.951374369835551,557
HF,22,9,MELD_lambda0_reportN,0.1,0.950977797554582,557
HF,22,9,MELD_lambda0_equal,0.1,0.934827744515387,557
HF,22,9,MELD_lambda1_afproj,0.1,0.950464912042639,557
HF,22,9,EUR,0.1,0.925307303622386,557
HF,22,9,EAS,0.1,0.843806967869838,557
HF,22,9,AFR,0.1,0.725216017275082,557
HF,22,9,CSA,0.1,0.892688544726961,557
HF,22,9,AMR,0.1,0.878247304967644,557
HF,22,10,MELD_lambda0_afproj,0.001,0.969395190254708,512
HF,22,10,MELD_lambda0_reportN,0.001,0.969881354093084,512
HF,22,10,MELD_lambda0_equal,0.001,0.886010841378057,512
HF,22,10,MELD_lambda1_afproj,0.001,0.969705309279047,512
HF,22,10,EUR,0.001,0.942851472621495,512
HF,22,10,EAS,0.001,0.682614705094444,512
HF,22,10,AFR,0.001,0.629611649394187,512
HF,22,10,CSA,0.001,0.709513619847922,512
HF,22,10,AMR,0.001,0.844663007642001,512
HF,22,10,MELD_lambda0_afproj,0.01,0.975317295346335,512
HF,22,10,MELD_lambda0_reportN,0.01,0.975406869590196,512
HF,22,10,MELD_lambda0_equal,0.01,0.956568809674363,512
HF,22,10,MELD_lambda1_afproj,0.01,0.975478257167347,512
HF,22,10,EUR,0.01,0.959828204829457,512
HF,22,10,EAS,0.01,0.867972863202063,512
HF,22,10,AFR,0.01,0.744856761157385,512
HF,22,10,CSA,0.01,0.88929292629225,512
HF,22,10,AMR,0.01,0.900956931036409,512
HF,22,10,MELD_lambda0_afproj,0.1,0.964023433335646,512
HF,22,10,MELD_lambda0_reportN,0.1,0.964078655242796,512
HF,22,10,MELD_lambda0_equal,0.1,0.948585493116317,512
HF,22,10,MELD_lambda1_afproj,0.1,0.964003544856104,512
HF,22,10,EUR,0.1,0.948860484612269,512
HF,22,10,EAS,0.1,0.863586159703524,512
HF,22,10,AFR,0.1,0.767502479542905,512
HF,22,10,CSA,0.1,0.896406173105028,512
HF,22,10,AMR,0.1,0.905604852657984,512
HF,22,11,MELD_lambda0_afproj,0.001,0.937085578407933,331
HF,22,11,MELD_lambda0_reportN,0.001,0.934130955549394,331
HF,22,11,MELD_lambda0_equal,0.001,0.894106105418483,331
HF,22,11,MELD_lambda1_afproj,0.001,0.931219535143795,331
HF,22,11,EUR,0.001,0.86007125480452,331
HF,22,11,EAS,0.001,0.6769224645386,331
HF,22,11,AFR,0.001,0.535998110092013,331
HF,22,11,CSA,0.001,0.84124703513242,331
HF,22,11,AMR,0.001,0.734970930518788,331
HF,22,11,MELD_lambda0_afproj,0.01,0.941431289704859,331
HF,22,11,MELD_lambda0_reportN,0.01,0.940158000001312,331
HF,22,11,MELD_lambda0_equal,0.01,0.921890494782966,331
HF,22,11,MELD_lambda1_afproj,0.01,0.940147608250303,331
HF,22,11,EUR,0.01,0.861649713746419,331
HF,22,11,EAS,0.01,0.845932491506869,331
HF,22,11,AFR,0.01,0.725037040885916,331
HF,22,11,CSA,0.01,0.869422448273217,331
HF,22,11,AMR,0.01,0.831570880979892,331
HF,22,11,MELD_lambda0_afproj,0.1,0.930220481738941,331
HF,22,11,MELD_lambda0_reportN,0.1,0.930982554749632,331
HF,22,11,MELD_lambda0_equal,0.1,0.914734199841879,331
HF,22,11,MELD_lambda1_afproj,0.1,0.928570780271978,331
HF,22,11,EUR,0.1,0.860125645737405,331
HF,22,11,EAS,0.1,0.863414913772824,331
HF,22,11,AFR,0.1,0.709997046193338,331
HF,22,11,CSA,0.1,0.866389081972318,331
HF,22,11,AMR,0.1,0.863163809751236,331
HF,22,12,MELD_lambda0_afproj,0.001,0.832966343529688,763
HF,22,12,MELD_lambda0_reportN,0.001,0.834463800854475,763
HF,22,12,MELD_lambda0_equal,0.001,0.890512635608451,763
HF,22,12,MELD_lambda1_afproj,0.001,0.830090789686065,763
HF,22,12,EUR,0.001,0.721968575397808,763
HF,22,12,EAS,0.001,0.520606510641534,763
HF,22,12,AFR,0.001,0.405472153545816,763
HF,22,12,CSA,0.001,0.691796487484427,763
HF,22,12,AMR,0.001,0.625031271610589,763
HF,22,12,MELD_lambda0_afproj,0.01,0.866888912338649,763
HF,22,12,MELD_lambda0_reportN,0.01,0.868864573131875,763
HF,22,12,MELD_lambda0_equal,0.01,0.89900887864592,763
HF,22,12,MELD_lambda1_afproj,0.01,0.86173158524021,763
HF,22,12,EUR,0.01,0.79502385786564,763
HF,22,12,EAS,0.01,0.740110569850378,763
HF,22,12,AFR,0.01,0.559006528604331,763
HF,22,12,CSA,0.01,0.818713612965858,763
HF,22,12,AMR,0.01,0.700470279464497,763
HF,22,12,MELD_lambda0_afproj,0.1,0.880581326829045,763
HF,22,12,MELD_lambda0_reportN,0.1,0.881727131428368,763
HF,22,12,MELD_lambda0_equal,0.1,0.895618355466132,763
HF,22,12,MELD_lambda1_afproj,0.1,0.875975447986753,763
HF,22,12,EUR,0.1,0.846273869467068,763
HF,22,12,EAS,0.1,0.798187038413224,763
HF,22,12,AFR,0.1,0.614496078473259,763
HF,22,12,CSA,0.1,0.843765576221941,763
HF,22,12,AMR,0.1,0.763373129716976,763
HF,22,13,MELD_lambda0_afproj,0.001,0.940644346164665,494
HF,22,13,MELD_lambda0_reportN,0.001,0.937956975992617,494
HF,22,13,MELD_lambda0_equal,0.001,0.941565902835691,494
HF,22,13,MELD_lambda1_afproj,0.001,0.945242017442175,494
HF,22,13,EUR,0.001,0.910371033959686,494
HF,22,13,EAS,0.001,0.559153398469728,494
HF,22,13,AFR,0.001,0.693153871096456,494
HF,22,13,CSA,0.001,0.888902579859172,494
HF,22,13,AMR,0.001,0.823029045118308,494
HF,22,13,MELD_lambda0_afproj,0.01,0.950422363786577,494
HF,22,13,MELD_lambda0_reportN,0.01,0.949886307723244,494
HF,22,13,MELD_lambda0_equal,0.01,0.947874284191857,494
HF,22,13,MELD_lambda1_afproj,0.01,0.94899095932866,494
HF,22,13,EUR,0.01,0.931936016008081,494
HF,22,13,EAS,0.01,0.796259747846686,494
HF,22,13,AFR,0.01,0.795538377109571,494
HF,22,13,CSA,0.01,0.925289242498675,494
HF,22,13,AMR,0.01,0.898376785722073,494
HF,22,13,MELD_lambda0_afproj,0.1,0.942686023418312,494
HF,22,13,MELD_lambda0_reportN,0.1,0.942383668110039,494
HF,22,13,MELD_lambda0_equal,0.1,0.937875473423407,494
HF,22,13,MELD_lambda1_afproj,0.1,0.940418051594127,494
HF,22,13,EUR,0.1,0.929792267973711,494
HF,22,13,EAS,0.1,0.835404104825857,494
HF,22,13,AFR,0.1,0.817500883325693,494
HF,22,13,CSA,0.1,0.919935577263534,494
HF,22,13,AMR,0.1,0.893421951830666,494
HF,22,14,MELD_lambda0_afproj,0.001,0.817678419529807,637
HF,22,14,MELD_lambda0_reportN,0.001,0.817033897100825,637
HF,22,14,MELD_lambda0_equal,0.001,0.806263544327642,637
HF,22,14,MELD_lambda1_afproj,0.001,0.815860257919959,637
HF,22,14,EUR,0.001,0.665334907137748,637
HF,22,14,EAS,0.001,0.456753531371446,637
HF,22,14,AFR,0.001,0.197223841224698,637
HF,22,14,CSA,0.001,0.537390509787728,637
HF,22,14,AMR,0.001,0.581116779224303,637
HF,22,14,MELD_lambda0_afproj,0.01,0.843334885833045,637
HF,22,14,MELD_lambda0_reportN,0.01,0.844676431145708,637
HF,22,14,MELD_lambda0_equal,0.01,0.83188173606071,637
HF,22,14,MELD_lambda1_afproj,0.01,0.84308686659007,637
HF,22,14,EUR,0.01,0.785515614168873,637
HF,22,14,EAS,0.01,0.70477131686867,637
HF,22,14,AFR,0.01,0.366113682148896,637
HF,22,14,CSA,0.01,0.696039664066995,637
HF,22,14,AMR,0.01,0.661994228362665,637
HF,22,14,MELD_lambda0_afproj,0.1,0.831108151832531,637
HF,22,14,MELD_lambda0_reportN,0.1,0.831349720230044,637
HF,22,14,MELD_lambda0_equal,0.1,0.820806614991896,637
HF,22,14,MELD_lambda1_afproj,0.1,0.827968047706912,637
HF,22,14,EUR,0.1,0.786148312684809,637
HF,22,14,EAS,0.1,0.756157631389584,637
HF,22,14,AFR,0.1,0.468778002211368,637
HF,22,14,CSA,0.1,0.725655891382671,637
HF,22,14,AMR,0.1,0.674852595192806,637
HF,22,15,MELD_lambda0_afproj,0.001,0.943794875045844,470
HF,22,15,MELD_lambda0_reportN,0.001,0.942258971749203,470
HF,22,15,MELD_lambda0_equal,0.001,0.93800713543918,470
HF,22,15,MELD_lambda1_afproj,0.001,0.94348097360729,470
HF,22,15,EUR,0.001,0.913498354964544,470
HF,22,15,EAS,0.001,0.77404796045624,470
HF,22,15,AFR,0.001,0.663804420277412,470
HF,22,15,CSA,0.001,0.861414177847837,470
HF,22,15,AMR,0.001,0.865551785449758,470
HF,22,15,MELD_lambda0_afproj,0.01,0.946878517753701,470
HF,22,15,MELD_lambda0_reportN,0.01,0.947563965003905,470
HF,22,15,MELD_lambda0_equal,0.01,0.9424640685449,470
HF,22,15,MELD_lambda1_afproj,0.01,0.946769899335852,470
HF,22,15,EUR,0.01,0.93827198982576,470
HF,22,15,EAS,0.01,0.83867211555952,470
HF,22,15,AFR,0.01,0.799813059642328,470
HF,22,15,CSA,0.01,0.898180023367953,470
HF,22,15,AMR,0.01,0.909961037094464,470
HF,22,15,MELD_lambda0_afproj,0.1,0.943524505398073,470
HF,22,15,MELD_lambda0_reportN,0.1,0.944252184502107,470
HF,22,15,MELD_lambda0_equal,0.1,0.938785223368981,470
HF,22,15,MELD_lambda1_afproj,0.1,0.943911359906316,470
HF,22,15,EUR,0.1,0.939204586741591,470
HF,22,15,EAS,0.1,0.861214607711738,470
HF,22,15,AFR,0.1,0.827447650398172,470
HF,22,15,CSA,0.1,0.905406835458432,470
HF,22,15,AMR,0.1,0.899614989619107,470
HF,22,16,MELD_lambda0_afproj,0.001,0.825151986232438,292
HF,22,16,MELD_lambda0_reportN,0.001,0.827500760903567,292
HF,22,16,MELD_lambda0_equal,0.001,0.844642450043494,292
HF,22,16,MELD_lambda1_afproj,0.001,0.829982218955322,292
HF,22,16,EUR,0.001,0.628055098782162,292
HF,22,16,EAS,0.001,0.622451000113772,292
HF,22,16,AFR,0.001,0.484320683284182,292
HF,22,16,CSA,0.001,0.690399434014791,292
HF,22,16,AMR,0.001,0.500908066646734,292
HF,22,16,MELD_lambda0_afproj,0.01,0.847163692253393,292
HF,22,16,MELD_lambda0_reportN,0.01,0.84690046255858,292
HF,22,16,MELD_lambda0_equal,0.01,0.849041258758733,292
HF,22,16,MELD_lambda1_afproj,0.01,0.85379986014048,292
HF,22,16,EUR,0.01,0.755859622492272,292
HF,22,16,EAS,0.01,0.735780784193526,292
HF,22,16,AFR,0.01,0.554511271685418,292
HF,22,16,CSA,0.01,0.761116731667907,292
HF,22,16,AMR,0.01,0.70534129072245,292
HF,22,16,MELD_lambda0_afproj,0.1,0.847950699866101,292
HF,22,16,MELD_lambda0_reportN,0.1,0.845983156327126,292
HF,22,16,MELD_lambda0_equal,0.1,0.845488452864258,292
HF,22,16,MELD_lambda1_afproj,0.1,0.850316809642492,292
HF,22,16,EUR,0.1,0.796583687909483,292
HF,22,16,EAS,0.1,0.78058535358423,292
HF,22,16,AFR,0.1,0.651566006349728,292
HF,22,16,CSA,0.1,0.778505099550535,292
HF,22,16,AMR,0.1,0.781131950648165,292
HF,22,17,MELD_lambda0_afproj,0.001,0.956793796940224,435
HF,22,17,MELD_lambda0_reportN,0.001,0.956857850168721,435
HF,22,17,MELD_lambda0_equal,0.001,0.96062004506945,435
HF,22,17,MELD_lambda1_afproj,0.001,0.955897246991641,435
HF,22,17,EUR,0.001,0.910718477391299,435
HF,22,17,EAS,0.001,0.688125140105681,435
HF,22,17,AFR,0.001,0.667243793402994,435
HF,22,17,CSA,0.001,0.883644624949122,435
HF,22,17,AMR,0.001,0.922214660160528,435
HF,22,17,MELD_lambda0_afproj,0.01,0.966136739787863,435
HF,22,17,MELD_lambda0_reportN,0.01,0.966396732978626,435
HF,22,17,MELD_lambda0_equal,0.01,0.975124566836833,435
HF,22,17,MELD_lambda1_afproj,0.01,0.963684561581307,435
HF,22,17,EUR,0.01,0.936964327707292,435
HF,22,17,EAS,0.01,0.836463608369472,435
HF,22,17,AFR,0.01,0.843171182300766,435
HF,22,17,CSA,0.01,0.946974454440879,435
HF,22,17,AMR,0.01,0.955673060799366,435
HF,22,17,MELD_lambda0_afproj,0.1,0.964542045224666,435
HF,22,17,MELD_lambda0_reportN,0.1,0.965567666305658,435
HF,22,17,MELD_lambda0_equal,0.1,0.971656567658687,435
HF,22,17,MELD_lambda1_afproj,0.1,0.961741283037151,435
HF,22,17,EUR,0.1,0.94924822246276,435
HF,22,17,EAS,0.1,0.853123151511041,435
HF,22,17,AFR,0.1,0.869768681019863,435
HF,22,17,CSA,0.1,0.948287264984579,435
HF,22,17,AMR,0.1,0.951527568201072,435
HF,22,18,MELD_lambda0_afproj,0.001,0.943064617371909,322
HF,22,18,MELD_lambda0_reportN,0.001,0.941979252000477,322
HF,22,18,MELD_lambda0_equal,0.001,0.923829819421349,322
HF,22,18,MELD_lambda1_afproj,0.001,0.930189714673698,322
HF,22,18,EUR,0.001,0.864361083493989,322
HF,22,18,EAS,0.001,0.617549493019879,322
HF,22,18,AFR,0.001,0.650482276784512,322
HF,22,18,CSA,0.001,0.872677560009274,322
HF,22,18,AMR,0.001,0.69679489685331,322
HF,22,18,MELD_lambda0_afproj,0.01,0.941892760546077,322
HF,22,18,MELD_lambda0_reportN,0.01,0.940958803973693,322
HF,22,18,MELD_lambda0_equal,0.01,0.927218622202703,322
HF,22,18,MELD_lambda1_afproj,0.01,0.934433124162462,322
HF,22,18,EUR,0.01,0.907849304891504,322
HF,22,18,EAS,0.01,0.800645206917904,322
HF,22,18,AFR,0.01,0.731343057063412,322
HF,22,18,CSA,0.01,0.883621978401108,322
HF,22,18,AMR,0.01,0.816332208839273,322
HF,22,18,MELD_lambda0_afproj,0.1,0.934112445301058,322
HF,22,18,MELD_lambda0_reportN,0.1,0.93326486271601,322
HF,22,18,MELD_lambda0_equal,0.1,0.922801768240661,322
HF,22,18,MELD_lambda1_afproj,0.1,0.926236342570353,322
HF,22,18,EUR,0.1,0.908127303511395,322
HF,22,18,EAS,0.1,0.805452650818913,322
HF,22,18,AFR,0.1,0.748217261262916,322
HF,22,18,CSA,0.1,0.884557671850386,322
HF,22,18,AMR,0.1,0.859628115544556,322
HF,22,19,MELD_lambda0_afproj,0.001,0.864912699418904,582
HF,22,19,MELD_lambda0_reportN,0.001,0.857143516923431,582
HF,22,19,MELD_lambda0_equal,0.001,0.852347853942072,582
HF,22,19,MELD_lambda1_afproj,0.001,0.867182872833624,582
HF,22,19,EUR,0.001,0.70778264713694,582
HF,22,19,EAS,0.001,0.555396246271208,582
HF,22,19,AFR,0.001,0.426862854252191,582
HF,22,19,CSA,0.001,0.714175614848744,582
HF,22,19,AMR,0.001,0.665396467759259,582
HF,22,19,MELD_lambda0_afproj,0.01,0.880441381001991,582
HF,22,19,MELD_lambda0_reportN,0.01,0.877834698351392,582
HF,22,19,MELD_lambda0_equal,0.01,0.862588360923227,582
HF,22,19,MELD_lambda1_afproj,0.01,0.880633160659253,582
HF,22,19,EUR,0.01,0.810833872805221,582
HF,22,19,EAS,0.01,0.744291005830607,582
HF,22,19,AFR,0.01,0.562383673784014,582
HF,22,19,CSA,0.01,0.81542110821618,582
HF,22,19,AMR,0.01,0.786357833697358,582
HF,22,19,MELD_lambda0_afproj,0.1,0.887315718056006,582
HF,22,19,MELD_lambda0_reportN,0.1,0.885472013490687,582
HF,22,19,MELD_lambda0_equal,0.1,0.873667847174577,582
HF,22,19,MELD_lambda1_afproj,0.1,0.885901891676698,582
HF,22,19,EUR,0.1,0.85187899598446,582
HF,22,19,EAS,0.1,0.791266002311181,582
HF,22,19,AFR,0.1,0.662517812989767,582
HF,22,19,CSA,0.1,0.823824392727489,582
HF,22,19,AMR,0.1,0.831313023903642,582
HF,22,20,MELD_lambda0_afproj,0.001,0.757661149639317,502
HF,22,20,MELD_lambda0_reportN,0.001,0.765747648175939,502
HF,22,20,MELD_lambda0_equal,0.001,0.797182616119793,502
HF,22,20,MELD_lambda1_afproj,0.001,0.749725538166686,502
HF,22,20,EUR,0.001,0.697355896687588,502
HF,22,20,EAS,0.001,0.530033724868405,502
HF,22,20,AFR,0.001,0.448063427168702,502
HF,22,20,CSA,0.001,0.709351806246679,502
HF,22,20,AMR,0.001,0.599095302263559,502
HF,22,20,MELD_lambda0_afproj,0.01,0.828755523788735,502
HF,22,20,MELD_lambda0_reportN,0.01,0.829429289073203,502
HF,22,20,MELD_lambda0_equal,0.01,0.829225744583482,502
HF,22,20,MELD_lambda1_afproj,0.01,0.825681468654068,502
HF,22,20,EUR,0.01,0.766719184797997,502
HF,22,20,EAS,0.01,0.596601957451262,502
HF,22,20,AFR,0.01,0.55983365248574,502
HF,22,20,CSA,0.01,0.721250546081271,502
HF,22,20,AMR,0.01,0.67455183950643,502
HF,22,20,MELD_lambda0_afproj,0.1,0.826842230720857,502
HF,22,20,MELD_lambda0_reportN,0.1,0.826756774437262,502
HF,22,20,MELD_lambda0_equal,0.1,0.825199060805707,502
HF,22,20,MELD_lambda1_afproj,0.1,0.824155941839159,502
HF,22,20,EUR,0.1,0.786574256293416,502
HF,22,20,EAS,0.1,0.664400020487716,502
HF,22,20,AFR,0.1,0.647832654842124,502
HF,22,20,CSA,0.1,0.718603783220361,502
HF,22,20,AMR,0.1,0.709552359218647,502
HF,22,21,MELD_lambda0_afproj,0.001,0.911199775597044,316
HF,22,21,MELD_lambda0_reportN,0.001,0.914049073365548,316
HF,22,21,MELD_lambda0_equal,0.001,0.91416095545557,316
HF,22,21,MELD_lambda1_afproj,0.001,0.912032084695543,316
HF,22,21,EUR,0.001,0.84110971263126,316
HF,22,21,EAS,0.001,0.511023199979895,316
HF,22,21,AFR,0.001,0.554096961725599,316
HF,22,21,CSA,0.001,0.702356646867895,316
HF,22,21,AMR,0.001,0.769341834822225,316
HF,22,21,MELD_lambda0_afproj,0.01,0.914622682202533,316
HF,22,21,MELD_lambda0_reportN,0.01,0.916293324987998,316
HF,22,21,MELD_lambda0_equal,0.01,0.912302531040287,316
HF,22,21,MELD_lambda1_afproj,0.01,0.912760414806341,316
HF,22,21,EUR,0.01,0.889338025228215,316
HF,22,21,EAS,0.01,0.736812195393425,316
HF,22,21,AFR,0.01,0.61920761002839,316
HF,22,21,CSA,0.01,0.815911890161007,316
HF,22,21,AMR,0.01,0.863023862526552,316
HF,22,21,MELD_lambda0_afproj,0.1,0.908963654564081,316
HF,22,21,MELD_lambda0_reportN,0.1,0.909013536742695,316
HF,22,21,MELD_lambda0_equal,0.1,0.891626031608439,316
HF,22,21,MELD_lambda1_afproj,0.1,0.904007292512285,316
HF,22,21,EUR,0.1,0.901495350366748,316
HF,22,21,EAS,0.1,0.790082167046441,316
HF,22,21,AFR,0.1,0.614974766739631,316
HF,22,21,CSA,0.1,0.841516148165785,316
HF,22,21,AMR,0.1,0.871478570632452,316
HF,22,22,MELD_lambda0_afproj,0.001,0.81940265566666,546
HF,22,22,MELD_lambda0_reportN,0.001,0.82145948833102,546
HF,22,22,MELD_lambda0_equal,0.001,0.78205581551016,546
HF,22,22,MELD_lambda1_afproj,0.001,0.821333079690821,546
HF,22,22,EUR,0.001,0.784717677270146,546
HF,22,22,EAS,0.001,0.464249655214183,546
HF,22,22,AFR,0.001,0.407609094994069,546
HF,22,22,CSA,0.001,0.673278385089998,546
HF,22,22,AMR,0.001,0.541201636710738,546
HF,22,22,MELD_lambda0_afproj,0.01,0.836092656453619,546
HF,22,22,MELD_lambda0_reportN,0.01,0.837359576902106,546
HF,22,22,MELD_lambda0_equal,0.01,0.800369056528749,546
HF,22,22,MELD_lambda1_afproj,0.01,0.835068179802861,546
HF,22,22,EUR,0.01,0.834825681211953,546
HF,22,22,EAS,0.01,0.640888123884484,546
HF,22,22,AFR,0.01,0.497469078432471,546
HF,22,22,CSA,0.01,0.758451283351882,546
HF,22,22,AMR,0.01,0.688187090323416,546
HF,22,22,MELD_lambda0_afproj,0.1,0.835689293315108,546
HF,22,22,MELD_lambda0_reportN,0.1,0.835725625870891,546
HF,22,22,MELD_lambda0_equal,0.1,0.81218905670799,546
HF,22,22,MELD_lambda1_afproj,0.1,0.831645309972377,546
HF,22,22,EUR,0.1,0.817575365767181,546
HF,22,22,EAS,0.1,0.701090987639323,546
HF,22,22,AFR,0.1,0.58813103143421,546
HF,22,22,CSA,0.1,0.784864570463853,546
HF,22,22,AMR,0.1,0.734565129580032,546
HF,22,23,MELD_lambda0_afproj,0.001,0.866169383694765,482
HF,22,23,MELD_lambda0_reportN,0.001,0.86810094152526,482
HF,22,23,MELD_lambda0_equal,0.001,0.854245766844894,482
HF,22,23,MELD_lambda1_afproj,0.001,0.864055273742541,482
HF,22,23,EUR,0.001,0.785177872264144,482
HF,22,23,EAS,0.001,0.465692013498163,482
HF,22,23,AFR,0.001,0.399741404490121,482
HF,22,23,CSA,0.001,0.665080463409335,482
HF,22,23,AMR,0.001,0.659865775534234,482
HF,22,23,MELD_lambda0_afproj,0.01,0.907475733062618,482
HF,22,23,MELD_lambda0_reportN,0.01,0.908459692744376,482
HF,22,23,MELD_lambda0_equal,0.01,0.882881613482565,482
HF,22,23,MELD_lambda1_afproj,0.01,0.911320991661493,482
HF,22,23,EUR,0.01,0.870090933897777,482
HF,22,23,EAS,0.01,0.721115651297141,482
HF,22,23,AFR,0.01,0.474035158893888,482
HF,22,23,CSA,0.01,0.775886703109777,482
HF,22,23,AMR,0.01,0.773839043930768,482
HF,22,23,MELD_lambda0_afproj,0.1,0.898763922081415,482
HF,22,23,MELD_lambda0_reportN,0.1,0.899991253873738,482
HF,22,23,MELD_lambda0_equal,0.1,0.885874211675627,482
HF,22,23,MELD_lambda1_afproj,0.1,0.903422005345436,482
HF,22,23,EUR,0.1,0.870558570031526,482
HF,22,23,EAS,0.1,0.818448786658438,482
HF,22,23,AFR,0.1,0.568631069007884,482
HF,22,23,CSA,0.1,0.808475356411391,482
HF,22,23,AMR,0.1,0.78815499110607,482
HF,22,24,MELD_lambda0_afproj,0.001,0.885827028391244,400
HF,22,24,MELD_lambda0_reportN,0.001,0.884029536728689,400
HF,22,24,MELD_lambda0_equal,0.001,0.869161374050581,400
HF,22,24,MELD_lambda1_afproj,0.001,0.881439656415253,400
HF,22,24,EUR,0.001,0.844652025013935,400
HF,22,24,EAS,0.001,0.688027199300325,400
HF,22,24,AFR,0.001,0.667299564980573,400
HF,22,24,CSA,0.001,0.710786122942329,400
HF,22,24,AMR,0.001,0.549363622210691,400
HF,22,24,MELD_lambda0_afproj,0.01,0.889465129103734,400
HF,22,24,MELD_lambda0_reportN,0.01,0.888707515782194,400
HF,22,24,MELD_lambda0_equal,0.01,0.874119002071289,400
HF,22,24,MELD_lambda1_afproj,0.01,0.885127187658622,400
HF,22,24,EUR,0.01,0.860214957037814,400
HF,22,24,EAS,0.01,0.783791420254466,400
HF,22,24,AFR,0.01,0.680968827412763,400
HF,22,24,CSA,0.01,0.787965149862138,400
HF,22,24,AMR,0.01,0.703184965022988,400
HF,22,24,MELD_lambda0_afproj,0.1,0.873204410542547,400
HF,22,24,MELD_lambda0_reportN,0.1,0.87361917133728,400
HF,22,24,MELD_lambda0_equal,0.1,0.863224840829195,400
HF,22,24,MELD_lambda1_afproj,0.1,0.864866024217044,400
HF,22,24,EUR,0.1,0.835486235379786,400
HF,22,24,EAS,0.1,0.79627665765404,400
HF,22,24,AFR,0.1,0.653777736488682,400
HF,22,24,CSA,0.1,0.790358689292456,400
HF,22,24,AMR,0.1,0.761102996076541,400
IPF,22,1,MELD_lambda0_afproj,0.001,0.841648888097663,118
IPF,22,1,MELD_lambda0_reportN,0.001,0.846193365560297,118
IPF,22,1,MELD_lambda0_equal,0.001,0.879268740193743,118
IPF,22,1,MELD_lambda1_afproj,0.001,0.835917184105333,118
IPF,22,1,EUR,0.001,0.847980768640514,118
IPF,22,1,EAS,0.001,0.608083556661327,118
IPF,22,1,AFR,0.001,0.745746325976983,118
IPF,22,1,CSA,0.001,0.860062923699512,118
IPF,22,1,AMR,0.001,0.823980799100725,118
IPF,22,1,MELD_lambda0_afproj,0.01,0.852041307277123,118
IPF,22,1,MELD_lambda0_reportN,0.01,0.855227094088045,118
IPF,22,1,MELD_lambda0_equal,0.01,0.87519297572467,118
IPF,22,1,MELD_lambda1_afproj,0.01,0.842671449937279,118
IPF,22,1,EUR,0.01,0.855240372543763,118
IPF,22,1,EAS,0.01,0.676840348045429,118
IPF,22,1,AFR,0.01,0.736980740388933,118
IPF,22,1,CSA,0.01,0.849338303339614,118
IPF,22,1,AMR,0.01,0.836245751215584,118
IPF,22,1,MELD_lambda0_afproj,0.1,0.842102008238859,118
IPF,22,1,MELD_lambda0_reportN,0.1,0.842529407556056,118
IPF,22,1,MELD_lambda0_equal,0.1,0.852908565677677,118
IPF,22,1,MELD_lambda1_afproj,0.1,0.830240238063954,118
IPF,22,1,EUR,0.1,0.850735214698032,118
IPF,22,1,EAS,0.1,0.679029733316983,118
IPF,22,1,AFR,0.1,0.717916977525003,118
IPF,22,1,CSA,0.1,0.829622303915459,118
IPF,22,1,AMR,0.1,0.822061509793796,118
IPF,22,2,MELD_lambda0_afproj,0.001,0.743333495302639,176
IPF,22,2,MELD_lambda0_reportN,0.001,0.745244537726955,176
IPF,22,2,MELD_lambda0_equal,0.001,0.731834445584687,176
IPF,22,2,MELD_lambda1_afproj,0.001,0.735847449782038,176
IPF,22,2,EUR,0.001,0.621814303292684,176
IPF,22,2,EAS,0.001,0.621237966089556,176
IPF,22,2,AFR,0.001,0.402412133872795,176
IPF,22,2,CSA,0.001,0.696221978587497,176
IPF,22,2,AMR,0.001,0.627110591033101,176
IPF,22,2,MELD_lambda0_afproj,0.01,0.788212101498701,176
IPF,22,2,MELD_lambda0_reportN,0.01,0.78813285198595,176
IPF,22,2,MELD_lambda0_equal,0.01,0.742728956494724,176
IPF,22,2,MELD_lambda1_afproj,0.01,0.789692847311402,176
IPF,22,2,EUR,0.01,0.760408265983059,176
IPF,22,2,EAS,0.01,0.665060218120717,176
IPF,22,2,AFR,0.01,0.470523520735645,176
IPF,22,2,CSA,0.01,0.722366347060744,176
IPF,22,2,AMR,0.01,0.73251528276022,176
IPF,22,2,MELD_lambda0_afproj,0.1,0.788715440079611,176
IPF,22,2,MELD_lambda0_reportN,0.1,0.788958755322537,176
IPF,22,2,MELD_lambda0_equal,0.1,0.751188674055559,176
IPF,22,2,MELD_lambda1_afproj,0.1,0.789760310218595,176
IPF,22,2,EUR,0.1,0.775782430898984,176
IPF,22,2,EAS,0.1,0.698623358512777,176
IPF,22,2,AFR,0.1,0.593616486532267,176
IPF,22,2,CSA,0.1,0.70486816508609,176
IPF,22,2,AMR,0.1,0.733384484851219,176
IPF,22,3,MELD_lambda0_afproj,0.001,0.846235314244065,520
IPF,22,3,MELD_lambda0_reportN,0.001,0.844782013087839,520
IPF,22,3,MELD_lambda0_equal,0.001,0.868593124424097,520
IPF,22,3,MELD_lambda1_afproj,0.001,0.836096394298252,520
IPF,22,3,EUR,0.001,0.704188067189559,520
IPF,22,3,EAS,0.001,0.578712436001846,520
IPF,22,3,AFR,0.001,0.392342061465132,520
IPF,22,3,CSA,0.001,0.695056978127703,520
IPF,22,3,AMR,0.001,0.62003795061168,520
IPF,22,3,MELD_lambda0_afproj,0.01,0.857007364003327,520
IPF,22,3,MELD_lambda0_reportN,0.01,0.857758554733895,520
IPF,22,3,MELD_lambda0_equal,0.01,0.867572134371232,520
IPF,22,3,MELD_lambda1_afproj,0.01,0.852245911859314,520
IPF,22,3,EUR,0.01,0.782390476195161,520
IPF,22,3,EAS,0.01,0.785498724460703,520
IPF,22,3,AFR,0.01,0.505469516208305,520
IPF,22,3,CSA,0.01,0.748417844025341,520
IPF,22,3,AMR,0.01,0.759843454535101,520
IPF,22,3,MELD_lambda0_afproj,0.1,0.865535327925692,520
IPF,22,3,MELD_lambda0_reportN,0.1,0.865761797023345,520
IPF,22,3,MELD_lambda0_equal,0.1,0.867259072129486,520
IPF,22,3,MELD_lambda1_afproj,0.1,0.862291029023564,520
IPF,22,3,EUR,0.1,0.830999217104603,520
IPF,22,3,EAS,0.1,0.823966279268537,520
IPF,22,3,AFR,0.1,0.622506951109402,520
IPF,22,3,CSA,0.1,0.79525800632222,520
IPF,22,3,AMR,0.1,0.807653410450215,520
IPF,22,4,MELD_lambda0_afproj,0.001,0.8720396849247,487
IPF,22,4,MELD_lambda0_reportN,0.001,0.87052000353772,487
IPF,22,4,MELD_lambda0_equal,0.001,0.856677692233414,487
IPF,22,4,MELD_lambda1_afproj,0.001,0.86848118712801,487
IPF,22,4,EUR,0.001,0.780645980071536,487
IPF,22,4,EAS,0.001,0.766523069107057,487
IPF,22,4,AFR,0.001,0.520426207681309,487
IPF,22,4,CSA,0.001,0.712915478807244,487
IPF,22,4,AMR,0.001,0.762368574103612,487
IPF,22,4,MELD_lambda0_afproj,0.01,0.885522424818449,487
IPF,22,4,MELD_lambda0_reportN,0.01,0.885059626582154,487
IPF,22,4,MELD_lambda0_equal,0.01,0.889820008953735,487
IPF,22,4,MELD_lambda1_afproj,0.01,0.887941552895115,487
IPF,22,4,EUR,0.01,0.818987191686951,487
IPF,22,4,EAS,0.01,0.856464984708909,487
IPF,22,4,AFR,0.01,0.64139197184578,487
IPF,22,4,CSA,0.01,0.875688621185491,487
IPF,22,4,AMR,0.01,0.837901948572225,487
IPF,22,4,MELD_lambda0_afproj,0.1,0.889256679504648,487
IPF,22,4,MELD_lambda0_reportN,0.1,0.888660289711339,487
IPF,22,4,MELD_lambda0_equal,0.1,0.888590277188329,487
IPF,22,4,MELD_lambda1_afproj,0.1,0.887917879526977,487
IPF,22,4,EUR,0.1,0.854917293340221,487
IPF,22,4,EAS,0.1,0.84848834815245,487
IPF,22,4,AFR,0.1,0.680100310413322,487
IPF,22,4,CSA,0.1,0.873800276013459,487
IPF,22,4,AMR,0.1,0.845447498809606,487
IPF,22,5,MELD_lambda0_afproj,0.001,0.877578363198203,202
IPF,22,5,MELD_lambda0_reportN,0.001,0.877242100366592,202
IPF,22,5,MELD_lambda0_equal,0.001,0.897708451515999,202
IPF,22,5,MELD_lambda1_afproj,0.001,0.874070526088332,202
IPF,22,5,EUR,0.001,0.810668172017571,202
IPF,22,5,EAS,0.001,0.782020704025839,202
IPF,22,5,AFR,0.001,0.67149480884603,202
IPF,22,5,CSA,0.001,0.835485266720919,202
IPF,22,5,AMR,0.001,0.802758531490354,202
IPF,22,5,MELD_lambda0_afproj,0.01,0.881215895392192,202
IPF,22,5,MELD_lambda0_reportN,0.01,0.883028859280932,202
IPF,22,5,MELD_lambda0_equal,0.01,0.906848305596037,202
IPF,22,5,MELD_lambda1_afproj,0.01,0.874927739611061,202
IPF,22,5,EUR,0.01,0.861776905448483,202
IPF,22,5,EAS,0.01,0.822634853900645,202
IPF,22,5,AFR,0.01,0.772220461245661,202
IPF,22,5,CSA,0.01,0.840776510800826,202
IPF,22,5,AMR,0.01,0.848348554596279,202
IPF,22,5,MELD_lambda0_afproj,0.1,0.875277579619235,202
IPF,22,5,MELD_lambda0_reportN,0.1,0.876020553646203,202
IPF,22,5,MELD_lambda0_equal,0.1,0.907728547954545,202
IPF,22,5,MELD_lambda1_afproj,0.1,0.875113700910664,202
IPF,22,5,EUR,0.1,0.865090786254312,202
IPF,22,5,EAS,0.1,0.830780247621171,202
IPF,22,5,AFR,0.1,0.814385136098422,202
IPF,22,5,CSA,0.1,0.830975805187412,202
IPF,22,5,AMR,0.1,0.883127070206172,202
IPF,22,6,MELD_lambda0_afproj,0.001,0.799989103777176,311
IPF,22,6,MELD_lambda0_reportN,0.001,0.793374070196729,311
IPF,22,6,MELD_lambda0_equal,0.001,0.803984033434502,311
IPF,22,6,MELD_lambda1_afproj,0.001,0.800346437751439,311
IPF,22,6,EUR,0.001,0.640855297491327,311
IPF,22,6,EAS,0.001,0.738384156523448,311
IPF,22,6,AFR,0.001,0.609750764149073,311
IPF,22,6,CSA,0.001,0.750416608325433,311
IPF,22,6,AMR,0.001,0.723864599801563,311
IPF,22,6,MELD_lambda0_afproj,0.01,0.858228341217391,311
IPF,22,6,MELD_lambda0_reportN,0.01,0.859199086171968,311
IPF,22,6,MELD_lambda0_equal,0.01,0.846849782493145,311
IPF,22,6,MELD_lambda1_afproj,0.01,0.857101807752112,311
IPF,22,6,EUR,0.01,0.801812524642461,311
IPF,22,6,EAS,0.01,0.80922168740766,311
IPF,22,6,AFR,0.01,0.67500316730336,311
IPF,22,6,CSA,0.01,0.779049016310641,311
IPF,22,6,AMR,0.01,0.827013159171945,311
IPF,22,6,MELD_lambda0_afproj,0.1,0.843155418270462,311
IPF,22,6,MELD_lambda0_reportN,0.1,0.844550143964827,311
IPF,22,6,MELD_lambda0_equal,0.1,0.845341426575479,311
IPF,22,6,MELD_lambda1_afproj,0.1,0.839554327477551,311
IPF,22,6,EUR,0.1,0.805273879244709,311
IPF,22,6,EAS,0.1,0.802807611894501,311
IPF,22,6,AFR,0.1,0.716779637490961,311
IPF,22,6,CSA,0.1,0.781301053584237,311
IPF,22,6,AMR,0.1,0.828545650873112,311
IPF,22,7,MELD_lambda0_afproj,0.001,0.789214492950634,577
IPF,22,7,MELD_lambda0_reportN,0.001,0.785247843746939,577
IPF,22,7,MELD_lambda0_equal,0.001,0.815255705839179,577
IPF,22,7,MELD_lambda1_afproj,0.001,0.794871304673401,577
IPF,22,7,EUR,0.001,0.737882550295218,577
IPF,22,7,EAS,0.001,0.511259775420976,577
IPF,22,7,AFR,0.001,0.395846328737719,577
IPF,22,7,CSA,0.001,0.445673513039118,577
IPF,22,7,AMR,0.001,0.649905583884877,577
IPF,22,7,MELD_lambda0_afproj,0.01,0.845427109787308,577
IPF,22,7,MELD_lambda0_reportN,0.01,0.842021977741084,577
IPF,22,7,MELD_lambda0_equal,0.01,0.832268332058036,577
IPF,22,7,MELD_lambda1_afproj,0.01,0.847091448568455,577
IPF,22,7,EUR,0.01,0.791481836071132,577
IPF,22,7,EAS,0.01,0.671247519960683,577
IPF,22,7,AFR,0.01,0.542910652030816,577
IPF,22,7,CSA,0.01,0.633459614575098,577
IPF,22,7,AMR,0.01,0.76935719804505,577
IPF,22,7,MELD_lambda0_afproj,0.1,0.84876118139329,577
IPF,22,7,MELD_lambda0_reportN,0.1,0.847829495013403,577
IPF,22,7,MELD_lambda0_equal,0.1,0.840230091938817,577
IPF,22,7,MELD_lambda1_afproj,0.1,0.84784787976283,577
IPF,22,7,EUR,0.1,0.812303694460296,577
IPF,22,7,EAS,0.1,0.705029644199884,577
IPF,22,7,AFR,0.1,0.617556903104013,577
IPF,22,7,CSA,0.1,0.748056649039031,577
IPF,22,7,AMR,0.1,0.780298049884918,577
IPF,22,8,MELD_lambda0_afproj,0.001,0.771270321914626,573
IPF,22,8,MELD_lambda0_reportN,0.001,0.77172135597778,573
IPF,22,8,MELD_lambda0_equal,0.001,0.79735773442802,573
IPF,22,8,MELD_lambda1_afproj,0.001,0.760424048012127,573
IPF,22,8,EUR,0.001,0.6856876402219,573
IPF,22,8,EAS,0.001,0.423012432869663,573
IPF,22,8,AFR,0.001,0.558105839538333,573
IPF,22,8,CSA,0.001,0.625740264310151,573
IPF,22,8,AMR,0.001,0.514610833679085,573
IPF,22,8,MELD_lambda0_afproj,0.01,0.815642778063378,573
IPF,22,8,MELD_lambda0_reportN,0.01,0.816378110271662,573
IPF,22,8,MELD_lambda0_equal,0.01,0.81080354591562,573
IPF,22,8,MELD_lambda1_afproj,0.01,0.80998341047924,573
IPF,22,8,EUR,0.01,0.773129076336133,573
IPF,22,8,EAS,0.01,0.585142950912199,573
IPF,22,8,AFR,0.01,0.591912328498359,573
IPF,22,8,CSA,0.01,0.744641879335158,573
IPF,22,8,AMR,0.01,0.664112126339741,573
IPF,22,8,MELD_lambda0_afproj,0.1,0.821703394779507,573
IPF,22,8,MELD_lambda0_reportN,0.1,0.821236197904973,573
IPF,22,8,MELD_lambda0_equal,0.1,0.806393487900854,573
IPF,22,8,MELD_lambda1_afproj,0.1,0.818522249911104,573
IPF,22,8,EUR,0.1,0.793949043792769,573
IPF,22,8,EAS,0.1,0.660324908041135,573
IPF,22,8,AFR,0.1,0.589795175105579,573
IPF,22,8,CSA,0.1,0.777227454821832,573
IPF,22,8,AMR,0.1,0.708384156449836,573
IPF,22,9,MELD_lambda0_afproj,0.001,0.858997893070879,548
IPF,22,9,MELD_lambda0_reportN,0.001,0.857158592936418,548
IPF,22,9,MELD_lambda0_equal,0.001,0.856451431801689,548
IPF,22,9,MELD_lambda1_afproj,0.001,0.8532490952902,548
IPF,22,9,EUR,0.001,0.795012689569866,548
IPF,22,9,EAS,0.001,0.50673647511268,548
IPF,22,9,AFR,0.001,0.317360803864927,548
IPF,22,9,CSA,0.001,0.656069155095472,548
IPF,22,9,AMR,0.001,0.716705941244676,548
IPF,22,9,MELD_lambda0_afproj,0.01,0.891724086779982,548
IPF,22,9,MELD_lambda0_reportN,0.01,0.88927382582576,548
IPF,22,9,MELD_lambda0_equal,0.01,0.866623799660312,548
IPF,22,9,MELD_lambda1_afproj,0.01,0.893058651720137,548
IPF,22,9,EUR,0.01,0.871553356450188,548
IPF,22,9,EAS,0.01,0.699906475467766,548
IPF,22,9,AFR,0.01,0.483324284823695,548
IPF,22,9,CSA,0.01,0.808325609955584,548
IPF,22,9,AMR,0.01,0.799289500034764,548
IPF,22,9,MELD_lambda0_afproj,0.1,0.900211865419411,548
IPF,22,9,MELD_lambda0_reportN,0.1,0.899320179639059,548
IPF,22,9,MELD_lambda0_equal,0.1,0.871603850078807,548
IPF,22,9,MELD_lambda1_afproj,0.1,0.901510992296076,548
IPF,22,9,EUR,0.1,0.882172926189239,548
IPF,22,9,EAS,0.1,0.759377805376403,548
IPF,22,9,AFR,0.1,0.598919115090767,548
IPF,22,9,CSA,0.1,0.839828157263345,548
IPF,22,9,AMR,0.1,0.815064603083206,548
IPF,22,10,MELD_lambda0_afproj,0.001,0.898905131641986,509
IPF,22,10,MELD_lambda0_reportN,0.001,0.897096456306558,509
IPF,22,10,MELD_lambda0_equal,0.001,0.910898378203327,509
IPF,22,10,MELD_lambda1_afproj,0.001,0.892221289499725,509
IPF,22,10,EUR,0.001,0.890300737900791,509
IPF,22,10,EAS,0.001,0.650649784884947,509
IPF,22,10,AFR,0.001,0.569607762379283,509
IPF,22,10,CSA,0.001,0.825412211518958,509
IPF,22,10,AMR,0.001,0.85392117501042,509
IPF,22,10,MELD_lambda0_afproj,0.01,0.951557721678058,509
IPF,22,10,MELD_lambda0_reportN,0.01,0.952037842690684,509
IPF,22,10,MELD_lambda0_equal,0.01,0.932433781376947,509
IPF,22,10,MELD_lambda1_afproj,0.01,0.949508981069424,509
IPF,22,10,EUR,0.01,0.933543949539291,509
IPF,22,10,EAS,0.01,0.859941487103964,509
IPF,22,10,AFR,0.01,0.701138135755492,509
IPF,22,10,CSA,0.01,0.900912061098795,509
IPF,22,10,AMR,0.01,0.909745614425077,509
IPF,22,10,MELD_lambda0_afproj,0.1,0.937992335777952,509
IPF,22,10,MELD_lambda0_reportN,0.1,0.938673052533433,509
IPF,22,10,MELD_lambda0_equal,0.1,0.927235304059078,509
IPF,22,10,MELD_lambda1_afproj,0.1,0.934173375963427,509
IPF,22,10,EUR,0.1,0.9185340678363,509
IPF,22,10,EAS,0.1,0.877931052880854,509
IPF,22,10,AFR,0.1,0.758681358111292,509
IPF,22,10,CSA,0.1,0.894699607431111,509
IPF,22,10,AMR,0.1,0.906214403208785,509
IPF,22,11,MELD_lambda0_afproj,0.001,0.986754008101988,329
IPF,22,11,MELD_lambda0_reportN,0.001,0.985950228023778,329
IPF,22,11,MELD_lambda0_equal,0.001,0.967414686785174,329
IPF,22,11,MELD_lambda1_afproj,0.001,0.982679326712999,329
IPF,22,11,EUR,0.001,0.95264023130126,329
IPF,22,11,EAS,0.001,0.660122447168677,329
IPF,22,11,AFR,0.001,0.631984768944743,329
IPF,22,11,CSA,0.001,0.945088588385575,329
IPF,22,11,AMR,0.001,0.893600853780805,329
IPF,22,11,MELD_lambda0_afproj,0.01,0.986293109660001,329
IPF,22,11,MELD_lambda0_reportN,0.01,0.986284579575276,329
IPF,22,11,MELD_lambda0_equal,0.01,0.972448658249114,329
IPF,22,11,MELD_lambda1_afproj,0.01,0.986393304831771,329
IPF,22,11,EUR,0.01,0.967659654670265,329
IPF,22,11,EAS,0.01,0.855623759917831,329
IPF,22,11,AFR,0.01,0.773390748080464,329
IPF,22,11,CSA,0.01,0.956191542825374,329
IPF,22,11,AMR,0.01,0.921178334219676,329
IPF,22,11,MELD_lambda0_afproj,0.1,0.97735389439379,329
IPF,22,11,MELD_lambda0_reportN,0.1,0.977341206106698,329
IPF,22,11,MELD_lambda0_equal,0.1,0.967371040297033,329
IPF,22,11,MELD_lambda1_afproj,0.1,0.977118414682468,329
IPF,22,11,EUR,0.1,0.959110705133268,329
IPF,22,11,EAS,0.1,0.886897916459498,329
IPF,22,11,AFR,0.1,0.828733340478085,329
IPF,22,11,CSA,0.1,0.945962683913658,329
IPF,22,11,AMR,0.1,0.920659063981609,329
IPF,22,12,MELD_lambda0_afproj,0.001,0.863237963694329,760
IPF,22,12,MELD_lambda0_reportN,0.001,0.852401884280792,760
IPF,22,12,MELD_lambda0_equal,0.001,0.854684926552205,760
IPF,22,12,MELD_lambda1_afproj,0.001,0.862961536582567,760
IPF,22,12,EUR,0.001,0.770456674561712,760
IPF,22,12,EAS,0.001,0.542375773483187,760
IPF,22,12,AFR,0.001,0.3364968288926,760
IPF,22,12,CSA,0.001,0.683249293222344,760
IPF,22,12,AMR,0.001,0.620982192281267,760
IPF,22,12,MELD_lambda0_afproj,0.01,0.892162874793497,760
IPF,22,12,MELD_lambda0_reportN,0.01,0.889535373317972,760
IPF,22,12,MELD_lambda0_equal,0.01,0.884499052615764,760
IPF,22,12,MELD_lambda1_afproj,0.01,0.889845393733856,760
IPF,22,12,EUR,0.01,0.852146044059893,760
IPF,22,12,EAS,0.01,0.776409514896813,760
IPF,22,12,AFR,0.01,0.488432648384153,760
IPF,22,12,CSA,0.01,0.808686561937112,760
IPF,22,12,AMR,0.01,0.717563491024481,760
IPF,22,12,MELD_lambda0_afproj,0.1,0.895459340247488,760
IPF,22,12,MELD_lambda0_reportN,0.1,0.894612301848771,760
IPF,22,12,MELD_lambda0_equal,0.1,0.887240907563747,760
IPF,22,12,MELD_lambda1_afproj,0.1,0.894850843577958,760
IPF,22,12,EUR,0.1,0.874998217875872,760
IPF,22,12,EAS,0.1,0.812934395799517,760
IPF,22,12,AFR,0.1,0.594649553569863,760
IPF,22,12,CSA,0.1,0.834596215553801,760
IPF,22,12,AMR,0.1,0.747084091863221,760
IPF,22,13,MELD_lambda0_afproj,0.001,0.903163997641118,489
IPF,22,13,MELD_lambda0_reportN,0.001,0.903478426343997,489
IPF,22,13,MELD_lambda0_equal,0.001,0.901202370830478,489
IPF,22,13,MELD_lambda1_afproj,0.001,0.901648782060897,489
IPF,22,13,EUR,0.001,0.804273289023265,489
IPF,22,13,EAS,0.001,0.78677655644988,489
IPF,22,13,AFR,0.001,0.637489921326717,489
IPF,22,13,CSA,0.001,0.833096062028943,489
IPF,22,13,AMR,0.001,0.864762552666053,489
IPF,22,13,MELD_lambda0_afproj,0.01,0.941773981097187,489
IPF,22,13,MELD_lambda0_reportN,0.01,0.942749222411264,489
IPF,22,13,MELD_lambda0_equal,0.01,0.932171224944413,489
IPF,22,13,MELD_lambda1_afproj,0.01,0.939140098483929,489
IPF,22,13,EUR,0.01,0.899819535723821,489
IPF,22,13,EAS,0.01,0.868967739283879,489
IPF,22,13,AFR,0.01,0.722343535876486,489
IPF,22,13,CSA,0.01,0.884324493355596,489
IPF,22,13,AMR,0.01,0.912905634395691,489
IPF,22,13,MELD_lambda0_afproj,0.1,0.942690522942303,489
IPF,22,13,MELD_lambda0_reportN,0.1,0.944573709577153,489
IPF,22,13,MELD_lambda0_equal,0.1,0.927507565704231,489
IPF,22,13,MELD_lambda1_afproj,0.1,0.940461689726698,489
IPF,22,13,EUR,0.1,0.911029380196813,489
IPF,22,13,EAS,0.1,0.855567085857937,489
IPF,22,13,AFR,0.1,0.709506674045413,489
IPF,22,13,CSA,0.1,0.882348339260482,489
IPF,22,13,AMR,0.1,0.901575893823058,489
IPF,22,14,MELD_lambda0_afproj,0.001,0.803026917908141,634
IPF,22,14,MELD_lambda0_reportN,0.001,0.80058812889754,634
IPF,22,14,MELD_lambda0_equal,0.001,0.797832455158683,634
IPF,22,14,MELD_lambda1_afproj,0.001,0.79948119779514,634
IPF,22,14,EUR,0.001,0.692812193356489,634
IPF,22,14,EAS,0.001,0.513983798492273,634
IPF,22,14,AFR,0.001,0.325121323462769,634
IPF,22,14,CSA,0.001,0.551062254346038,634
IPF,22,14,AMR,0.001,0.582159829337477,634
IPF,22,14,MELD_lambda0_afproj,0.01,0.8239996963553,634
IPF,22,14,MELD_lambda0_reportN,0.01,0.821002151629159,634
IPF,22,14,MELD_lambda0_equal,0.01,0.813029067063736,634
IPF,22,14,MELD_lambda1_afproj,0.01,0.821442463497143,634
IPF,22,14,EUR,0.01,0.759942105787978,634
IPF,22,14,EAS,0.01,0.695152145901403,634
IPF,22,14,AFR,0.01,0.430002061663405,634
IPF,22,14,CSA,0.01,0.695567065060443,634
IPF,22,14,AMR,0.01,0.6542387140899,634
IPF,22,14,MELD_lambda0_afproj,0.1,0.809681391302669,634
IPF,22,14,MELD_lambda0_reportN,0.1,0.806697307149881,634
IPF,22,14,MELD_lambda0_equal,0.1,0.809032947609399,634
IPF,22,14,MELD_lambda1_afproj,0.1,0.806288053466064,634
IPF,22,14,EUR,0.1,0.770422726793248,634
IPF,22,14,EAS,0.1,0.751232229936847,634
IPF,22,14,AFR,0.1,0.537926373640075,634
IPF,22,14,CSA,0.1,0.737120571741581,634
IPF,22,14,AMR,0.1,0.659680174518391,634
IPF,22,15,MELD_lambda0_afproj,0.001,0.927011050364897,469
IPF,22,15,MELD_lambda0_reportN,0.001,0.926934293428338,469
IPF,22,15,MELD_lambda0_equal,0.001,0.904566423588727,469
IPF,22,15,MELD_lambda1_afproj,0.001,0.925687300628757,469
IPF,22,15,EUR,0.001,0.862147072355674,469
IPF,22,15,EAS,0.001,0.692721163421736,469
IPF,22,15,AFR,0.001,0.540020597385116,469
IPF,22,15,CSA,0.001,0.804710236825787,469
IPF,22,15,AMR,0.001,0.776325258335523,469
IPF,22,15,MELD_lambda0_afproj,0.01,0.932742576010041,469
IPF,22,15,MELD_lambda0_reportN,0.01,0.933388284115996,469
IPF,22,15,MELD_lambda0_equal,0.01,0.90995643121849,469
IPF,22,15,MELD_lambda1_afproj,0.01,0.929547244691233,469
IPF,22,15,EUR,0.01,0.916585057713477,469
IPF,22,15,EAS,0.01,0.830432236175147,469
IPF,22,15,AFR,0.01,0.667052190653226,469
IPF,22,15,CSA,0.01,0.871453802123008,469
IPF,22,15,AMR,0.01,0.850974944133704,469
IPF,22,15,MELD_lambda0_afproj,0.1,0.928488154679046,469
IPF,22,15,MELD_lambda0_reportN,0.1,0.928709370320902,469
IPF,22,15,MELD_lambda0_equal,0.1,0.911461899750572,469
IPF,22,15,MELD_lambda1_afproj,0.1,0.924841325986743,469
IPF,22,15,EUR,0.1,0.92110747106428,469
IPF,22,15,EAS,0.1,0.858118316902838,469
IPF,22,15,AFR,0.1,0.730094654351228,469
IPF,22,15,CSA,0.1,0.884050662825168,469
IPF,22,15,AMR,0.1,0.877116090489628,469
IPF,22,16,MELD_lambda0_afproj,0.001,0.872580165108989,292
IPF,22,16,MELD_lambda0_reportN,0.001,0.879622217868301,292
IPF,22,16,MELD_lambda0_equal,0.001,0.860530725542789,292
IPF,22,16,MELD_lambda1_afproj,0.001,0.844614155700809,292
IPF,22,16,EUR,0.001,0.856872893752433,292
IPF,22,16,EAS,0.001,0.653655985126481,292
IPF,22,16,AFR,0.001,0.518564621617036,292
IPF,22,16,CSA,0.001,0.675925879501863,292
IPF,22,16,AMR,0.001,0.717813648958181,292
IPF,22,16,MELD_lambda0_afproj,0.01,0.889859432295835,292
IPF,22,16,MELD_lambda0_reportN,0.01,0.892194619631738,292
IPF,22,16,MELD_lambda0_equal,0.01,0.871776043192819,292
IPF,22,16,MELD_lambda1_afproj,0.01,0.867881072923759,292
IPF,22,16,EUR,0.01,0.896886634277212,292
IPF,22,16,EAS,0.01,0.764270778807853,292
IPF,22,16,AFR,0.01,0.617966362028501,292
IPF,22,16,CSA,0.01,0.801424024484091,292
IPF,22,16,AMR,0.01,0.797713686816393,292
IPF,22,16,MELD_lambda0_afproj,0.1,0.875643106080868,292
IPF,22,16,MELD_lambda0_reportN,0.1,0.875645022916861,292
IPF,22,16,MELD_lambda0_equal,0.1,0.870370127279317,292
IPF,22,16,MELD_lambda1_afproj,0.1,0.855844739214864,292
IPF,22,16,EUR,0.1,0.874545003965581,292
IPF,22,16,EAS,0.1,0.793996987655006,292
IPF,22,16,AFR,0.1,0.662986057713491,292
IPF,22,16,CSA,0.1,0.854427235158585,292
IPF,22,16,AMR,0.1,0.837962700499288,292
IPF,22,17,MELD_lambda0_afproj,0.001,0.962585039427235,432
IPF,22,17,MELD_lambda0_reportN,0.001,0.959564761353274,432
IPF,22,17,MELD_lambda0_equal,0.001,0.975837771902022,432
IPF,22,17,MELD_lambda1_afproj,0.001,0.965275994550265,432
IPF,22,17,EUR,0.001,0.94403775683845,432
IPF,22,17,EAS,0.001,0.714681004693258,432
IPF,22,17,AFR,0.001,0.81607004001441,432
IPF,22,17,CSA,0.001,0.917648924851511,432
IPF,22,17,AMR,0.001,0.885549209833837,432
IPF,22,17,MELD_lambda0_afproj,0.01,0.964401368089394,432
IPF,22,17,MELD_lambda0_reportN,0.01,0.962864433187094,432
IPF,22,17,MELD_lambda0_equal,0.01,0.975397933122853,432
IPF,22,17,MELD_lambda1_afproj,0.01,0.968160214906683,432
IPF,22,17,EUR,0.01,0.953293975674768,432
IPF,22,17,EAS,0.01,0.901795344638403,432
IPF,22,17,AFR,0.01,0.902700249525297,432
IPF,22,17,CSA,0.01,0.957807637360981,432
IPF,22,17,AMR,0.01,0.943327114274144,432
IPF,22,17,MELD_lambda0_afproj,0.1,0.961715548368469,432
IPF,22,17,MELD_lambda0_reportN,0.1,0.960650785268174,432
IPF,22,17,MELD_lambda0_equal,0.1,0.970701581198126,432
IPF,22,17,MELD_lambda1_afproj,0.1,0.966000414620108,432
IPF,22,17,EUR,0.1,0.94950424937175,432
IPF,22,17,EAS,0.1,0.933364926841827,432
IPF,22,17,AFR,0.1,0.898508303739821,432
IPF,22,17,CSA,0.1,0.965194229726601,432
IPF,22,17,AMR,0.1,0.951004829317174,432
IPF,22,18,MELD_lambda0_afproj,0.001,0.776428412668334,321
IPF,22,18,MELD_lambda0_reportN,0.001,0.775458928622907,321
IPF,22,18,MELD_lambda0_equal,0.001,0.782182559332375,321
IPF,22,18,MELD_lambda1_afproj,0.001,0.682778028334493,321
IPF,22,18,EUR,0.001,0.729382646377069,321
IPF,22,18,EAS,0.001,0.278901929193216,321
IPF,22,18,AFR,0.001,0.516184053280192,321
IPF,22,18,CSA,0.001,0.667480507267605,321
IPF,22,18,AMR,0.001,0.478349883053912,321
IPF,22,18,MELD_lambda0_afproj,0.01,0.821369207881247,321
IPF,22,18,MELD_lambda0_reportN,0.01,0.820343927867178,321
IPF,22,18,MELD_lambda0_equal,0.01,0.796326620104769,321
IPF,22,18,MELD_lambda1_afproj,0.01,0.784268971137571,321
IPF,22,18,EUR,0.01,0.801197302136358,321
IPF,22,18,EAS,0.01,0.599745804448136,321
IPF,22,18,AFR,0.01,0.624239538400557,321
IPF,22,18,CSA,0.01,0.725124929231031,321
IPF,22,18,AMR,0.01,0.596279777158508,321
IPF,22,18,MELD_lambda0_afproj,0.1,0.82507927003231,321
IPF,22,18,MELD_lambda0_reportN,0.1,0.82663168998154,321
IPF,22,18,MELD_lambda0_equal,0.1,0.794713990182139,321
IPF,22,18,MELD_lambda1_afproj,0.1,0.806499802320236,321
IPF,22,18,EUR,0.1,0.823280503796457,321
IPF,22,18,EAS,0.1,0.676366520353042,321
IPF,22,18,AFR,0.1,0.650975153697209,321
IPF,22,18,CSA,0.1,0.736279556622456,321
IPF,22,18,AMR,0.1,0.694034180701329,321
IPF,22,19,MELD_lambda0_afproj,0.001,0.810252546899394,582
IPF,22,19,MELD_lambda0_reportN,0.001,0.801847683286241,582
IPF,22,19,MELD_lambda0_equal,0.001,0.851990193913847,582
IPF,22,19,MELD_lambda1_afproj,0.001,0.800715556613468,582
IPF,22,19,EUR,0.001,0.704360084284609,582
IPF,22,19,EAS,0.001,0.448140972512479,582
IPF,22,19,AFR,0.001,0.361813167934288,582
IPF,22,19,CSA,0.001,0.577766396462884,582
IPF,22,19,AMR,0.001,0.647415008713209,582
IPF,22,19,MELD_lambda0_afproj,0.01,0.852654485415628,582
IPF,22,19,MELD_lambda0_reportN,0.01,0.850517693365798,582
IPF,22,19,MELD_lambda0_equal,0.01,0.86276067486653,582
IPF,22,19,MELD_lambda1_afproj,0.01,0.849019875192451,582
IPF,22,19,EUR,0.01,0.829847059822784,582
IPF,22,19,EAS,0.01,0.717763933471111,582
IPF,22,19,AFR,0.01,0.502613273906844,582
IPF,22,19,CSA,0.01,0.767958630087289,582
IPF,22,19,AMR,0.01,0.772163310875856,582
IPF,22,19,MELD_lambda0_afproj,0.1,0.862829924058333,582
IPF,22,19,MELD_lambda0_reportN,0.1,0.861624723376805,582
IPF,22,19,MELD_lambda0_equal,0.1,0.864672287931104,582
IPF,22,19,MELD_lambda1_afproj,0.1,0.863340629246733,582
IPF,22,19,EUR,0.1,0.849260639460157,582
IPF,22,19,EAS,0.1,0.783953754296229,582
IPF,22,19,AFR,0.1,0.576267473536637,582
IPF,22,19,CSA,0.1,0.83234769185645,582
IPF,22,19,AMR,0.1,0.761524313407972,582
IPF,22,20,MELD_lambda0_afproj,0.001,0.785877077274961,501
IPF,22,20,MELD_lambda0_reportN,0.001,0.786898619255061,501
IPF,22,20,MELD_lambda0_equal,0.001,0.807778520776393,501
IPF,22,20,MELD_lambda1_afproj,0.001,0.783883735344459,501
IPF,22,20,EUR,0.001,0.64339914760229,501
IPF,22,20,EAS,0.001,0.587087651025562,501
IPF,22,20,AFR,0.001,0.328121616283414,501
IPF,22,20,CSA,0.001,0.497933208169745,501
IPF,22,20,AMR,0.001,0.44413715765572,501
IPF,22,20,MELD_lambda0_afproj,0.01,0.816779724946572,501
IPF,22,20,MELD_lambda0_reportN,0.01,0.819841240533032,501
IPF,22,20,MELD_lambda0_equal,0.01,0.81913053550944,501
IPF,22,20,MELD_lambda1_afproj,0.01,0.813585950000268,501
IPF,22,20,EUR,0.01,0.754159107463233,501
IPF,22,20,EAS,0.01,0.720265571728997,501
IPF,22,20,AFR,0.01,0.427878032178019,501
IPF,22,20,CSA,0.01,0.656964503261855,501
IPF,22,20,AMR,0.01,0.613463114600745,501
IPF,22,20,MELD_lambda0_afproj,0.1,0.827439268629955,501
IPF,22,20,MELD_lambda0_reportN,0.1,0.828871312683734,501
IPF,22,20,MELD_lambda0_equal,0.1,0.821072062960531,501
IPF,22,20,MELD_lambda1_afproj,0.1,0.824118200352905,501
IPF,22,20,EUR,0.1,0.802336112354972,501
IPF,22,20,EAS,0.1,0.724255191073004,501
IPF,22,20,AFR,0.1,0.518490582014298,501
IPF,22,20,CSA,0.1,0.739424375784649,501
IPF,22,20,AMR,0.1,0.715697409913622,501
IPF,22,21,MELD_lambda0_afproj,0.001,0.758373685251406,316
IPF,22,21,MELD_lambda0_reportN,0.001,0.764451082752411,316
IPF,22,21,MELD_lambda0_equal,0.001,0.824251690219797,316
IPF,22,21,MELD_lambda1_afproj,0.001,0.755181188539007,316
IPF,22,21,EUR,0.001,0.682233377861677,316
IPF,22,21,EAS,0.001,0.533724635588915,316
IPF,22,21,AFR,0.001,0.489594777904481,316
IPF,22,21,CSA,0.001,0.648126583099977,316
IPF,22,21,AMR,0.001,0.691465761002253,316
IPF,22,21,MELD_lambda0_afproj,0.01,0.818507070762268,316
IPF,22,21,MELD_lambda0_reportN,0.01,0.82223487516619,316
IPF,22,21,MELD_lambda0_equal,0.01,0.83872845613862,316
IPF,22,21,MELD_lambda1_afproj,0.01,0.813495512676034,316
IPF,22,21,EUR,0.01,0.798604111840449,316
IPF,22,21,EAS,0.01,0.693891065484148,316
IPF,22,21,AFR,0.01,0.54677732996934,316
IPF,22,21,CSA,0.01,0.724926209349961,316
IPF,22,21,AMR,0.01,0.814623773442064,316
IPF,22,21,MELD_lambda0_afproj,0.1,0.848311668669333,316
IPF,22,21,MELD_lambda0_reportN,0.1,0.84993154425885,316
IPF,22,21,MELD_lambda0_equal,0.1,0.844200353963456,316
IPF,22,21,MELD_lambda1_afproj,0.1,0.843504226129744,316
IPF,22,21,EUR,0.1,0.837277052480729,316
IPF,22,21,EAS,0.1,0.728268480520869,316
IPF,22,21,AFR,0.1,0.613809348129003,316
IPF,22,21,CSA,0.1,0.773842278130633,316
IPF,22,21,AMR,0.1,0.831477920128182,316
IPF,22,22,MELD_lambda0_afproj,0.001,0.785867024622561,543
IPF,22,22,MELD_lambda0_reportN,0.001,0.786823979736438,543
IPF,22,22,MELD_lambda0_equal,0.001,0.853209618094038,543
IPF,22,22,MELD_lambda1_afproj,0.001,0.790932434659356,543
IPF,22,22,EUR,0.001,0.716712122044687,543
IPF,22,22,EAS,0.001,0.500602812204872,543
IPF,22,22,AFR,0.001,0.386185417403213,543
IPF,22,22,CSA,0.001,0.719227806423494,543
IPF,22,22,AMR,0.001,0.623762666503096,543
IPF,22,22,MELD_lambda0_afproj,0.01,0.842176276363439,543
IPF,22,22,MELD_lambda0_reportN,0.01,0.842111262134789,543
IPF,22,22,MELD_lambda0_equal,0.01,0.871159754322049,543
IPF,22,22,MELD_lambda1_afproj,0.01,0.843685912051423,543
IPF,22,22,EUR,0.01,0.819129087925013,543
IPF,22,22,EAS,0.01,0.701494236590741,543
IPF,22,22,AFR,0.01,0.50519980407199,543
IPF,22,22,CSA,0.01,0.797301600561589,543
IPF,22,22,AMR,0.01,0.732094941278302,543
IPF,22,22,MELD_lambda0_afproj,0.1,0.856116252127136,543
IPF,22,22,MELD_lambda0_reportN,0.1,0.855634819880533,543
IPF,22,22,MELD_lambda0_equal,0.1,0.858972118627226,543
IPF,22,22,MELD_lambda1_afproj,0.1,0.855270111559068,543
IPF,22,22,EUR,0.1,0.847532814075085,543
IPF,22,22,EAS,0.1,0.724200966524836,543
IPF,22,22,AFR,0.1,0.598591953964054,543
IPF,22,22,CSA,0.1,0.804221105371092,543
IPF,22,22,AMR,0.1,0.750153145952147,543
IPF,22,23,MELD_lambda0_afproj,0.001,0.837359895033177,477
IPF,22,23,MELD_lambda0_reportN,0.001,0.827168402886971,477
IPF,22,23,MELD_lambda0_equal,0.001,0.786964061583944,477
IPF,22,23,MELD_lambda1_afproj,0.001,0.826498919587144,477
IPF,22,23,EUR,0.001,0.723555711138505,477
IPF,22,23,EAS,0.001,0.626667148710298,477
IPF,22,23,AFR,0.001,0.347673409959139,477
IPF,22,23,CSA,0.001,0.709120738783199,477
IPF,22,23,AMR,0.001,0.54890922474297,477
IPF,22,23,MELD_lambda0_afproj,0.01,0.854326970475906,477
IPF,22,23,MELD_lambda0_reportN,0.01,0.849189795248265,477
IPF,22,23,MELD_lambda0_equal,0.01,0.818920313736313,477
IPF,22,23,MELD_lambda1_afproj,0.01,0.847435915269512,477
IPF,22,23,EUR,0.01,0.79965205203186,477
IPF,22,23,EAS,0.01,0.735995269384642,477
IPF,22,23,AFR,0.01,0.405651366532583,477
IPF,22,23,CSA,0.01,0.773463337235855,477
IPF,22,23,AMR,0.01,0.649541999064885,477
IPF,22,23,MELD_lambda0_afproj,0.1,0.842965447151603,477
IPF,22,23,MELD_lambda0_reportN,0.1,0.840514716512954,477
IPF,22,23,MELD_lambda0_equal,0.1,0.820745598267846,477
IPF,22,23,MELD_lambda1_afproj,0.1,0.837587309510117,477
IPF,22,23,EUR,0.1,0.800528122265419,477
IPF,22,23,EAS,0.1,0.736274881841813,477
IPF,22,23,AFR,0.1,0.495924749403954,477
IPF,22,23,CSA,0.1,0.75911015956946,477
IPF,22,23,AMR,0.1,0.663739971751025,477
IPF,22,24,MELD_lambda0_afproj,0.001,0.901723669469123,397
IPF,22,24,MELD_lambda0_reportN,0.001,0.897800137548329,397
IPF,22,24,MELD_lambda0_equal,0.001,0.869177566023205,397
IPF,22,24,MELD_lambda1_afproj,0.001,0.898038575240594,397
IPF,22,24,EUR,0.001,0.856941846402541,397
IPF,22,24,EAS,0.001,0.577398260074703,397
IPF,22,24,AFR,0.001,0.574779293069822,397
IPF,22,24,CSA,0.001,0.798908040696024,397
IPF,22,24,AMR,0.001,0.601945659913883,397
IPF,22,24,MELD_lambda0_afproj,0.01,0.907342167807102,397
IPF,22,24,MELD_lambda0_reportN,0.01,0.90469350191484,397
IPF,22,24,MELD_lambda0_equal,0.01,0.874305521354437,397
IPF,22,24,MELD_lambda1_afproj,0.01,0.90171971188928,397
IPF,22,24,EUR,0.01,0.884814154505599,397
IPF,22,24,EAS,0.01,0.713537003775488,397
IPF,22,24,AFR,0.01,0.676654525372986,397
IPF,22,24,CSA,0.01,0.845195632506128,397
IPF,22,24,AMR,0.01,0.704991705506641,397
IPF,22,24,MELD_lambda0_afproj,0.1,0.885199134918121,397
IPF,22,24,MELD_lambda0_reportN,0.1,0.884356700059447,397
IPF,22,24,MELD_lambda0_equal,0.1,0.861424663525233,397
IPF,22,24,MELD_lambda1_afproj,0.1,0.879325380322824,397
IPF,22,24,EUR,0.1,0.863462121860255,397
IPF,22,24,EAS,0.1,0.791214834929312,397
IPF,22,24,AFR,0.1,0.698929912940809,397
IPF,22,24,CSA,0.1,0.833567529801789,397
IPF,22,24,AMR,0.1,0.736292822173217,397
Stroke,22,1,MELD_lambda0_afproj,0.001,0.75399404454857,118
Stroke,22,1,MELD_lambda0_reportN,0.001,0.7557045974135,118
Stroke,22,1,MELD_lambda0_equal,0.001,0.756888544897922,118
Stroke,22,1,MELD_lambda1_afproj,0.001,0.76444859720124,118
Stroke,22,1,EUR,0.001,0.725317074554157,118
Stroke,22,1,EAS,0.001,0.80315019207941,118
Stroke,22,1,AFR,0.001,0.527277562201913,118
Stroke,22,1,CSA,0.001,0.708870608179335,118
Stroke,22,1,AMR,0.001,0.705758957380063,118
Stroke,22,1,MELD_lambda0_afproj,0.01,0.786541615930821,118
Stroke,22,1,MELD_lambda0_reportN,0.01,0.781801406794187,118
Stroke,22,1,MELD_lambda0_equal,0.01,0.766793381889305,118
Stroke,22,1,MELD_lambda1_afproj,0.01,0.791921557749691,118
Stroke,22,1,EUR,0.01,0.776596694885093,118
Stroke,22,1,EAS,0.01,0.837765145554182,118
Stroke,22,1,AFR,0.01,0.566374422272101,118
Stroke,22,1,CSA,0.01,0.716115697135032,118
Stroke,22,1,AMR,0.01,0.745194818167141,118
Stroke,22,1,MELD_lambda0_afproj,0.1,0.798440096715783,118
Stroke,22,1,MELD_lambda0_reportN,0.1,0.796706119955713,118
Stroke,22,1,MELD_lambda0_equal,0.1,0.786040507805043,118
Stroke,22,1,MELD_lambda1_afproj,0.1,0.791504010326606,118
Stroke,22,1,EUR,0.1,0.808994199079517,118
Stroke,22,1,EAS,0.1,0.807780915723449,118
Stroke,22,1,AFR,0.1,0.651745979662196,118
Stroke,22,1,CSA,0.1,0.746592865186854,118
Stroke,22,1,AMR,0.1,0.774080638178333,118
Stroke,22,2,MELD_lambda0_afproj,0.001,0.761293259074172,163
Stroke,22,2,MELD_lambda0_reportN,0.001,0.767864646110146,163
Stroke,22,2,MELD_lambda0_equal,0.001,0.801610225898638,163
Stroke,22,2,MELD_lambda1_afproj,0.001,0.764887834292978,163
Stroke,22,2,EUR,0.001,0.562151393572011,163
Stroke,22,2,EAS,0.001,0.745603030913505,163
Stroke,22,2,AFR,0.001,0.285861524301556,163
Stroke,22,2,CSA,0.001,0.719133296626224,163
Stroke,22,2,AMR,0.001,0.618949928082258,163
Stroke,22,2,MELD_lambda0_afproj,0.01,0.766377324952196,163
Stroke,22,2,MELD_lambda0_reportN,0.01,0.768996341866016,163
Stroke,22,2,MELD_lambda0_equal,0.01,0.799937468366816,163
Stroke,22,2,MELD_lambda1_afproj,0.01,0.77284779356948,163
Stroke,22,2,EUR,0.01,0.61152965326258,163
Stroke,22,2,EAS,0.01,0.793897868844611,163
Stroke,22,2,AFR,0.01,0.299515537540032,163
Stroke,22,2,CSA,0.01,0.763377813780914,163
Stroke,22,2,AMR,0.01,0.643603851227569,163
Stroke,22,2,MELD_lambda0_afproj,0.1,0.764210889871981,163
Stroke,22,2,MELD_lambda0_reportN,0.1,0.763122002190164,163
Stroke,22,2,MELD_lambda0_equal,0.1,0.783778454990531,163
Stroke,22,2,MELD_lambda1_afproj,0.1,0.769511663818442,163
Stroke,22,2,EUR,0.1,0.629692304821523,163
Stroke,22,2,EAS,0.1,0.810483949988118,163
Stroke,22,2,AFR,0.1,0.344506875014868,163
Stroke,22,2,CSA,0.1,0.753081435579051,163
Stroke,22,2,AMR,0.1,0.646348419854326,163
Stroke,22,3,MELD_lambda0_afproj,0.001,0.861096257647266,510
Stroke,22,3,MELD_lambda0_reportN,0.001,0.861619984816941,510
Stroke,22,3,MELD_lambda0_equal,0.001,0.84565591365297,510
Stroke,22,3,MELD_lambda1_afproj,0.001,0.861818411459674,510
Stroke,22,3,EUR,0.001,0.662643407886363,510
Stroke,22,3,EAS,0.001,0.684487419231202,510
Stroke,22,3,AFR,0.001,0.499401820749693,510
Stroke,22,3,CSA,0.001,0.769753381278271,510
Stroke,22,3,AMR,0.001,0.587949098068093,510
Stroke,22,3,MELD_lambda0_afproj,0.01,0.886157417246287,510
Stroke,22,3,MELD_lambda0_reportN,0.01,0.886354773318851,510
Stroke,22,3,MELD_lambda0_equal,0.01,0.855824373288935,510
Stroke,22,3,MELD_lambda1_afproj,0.01,0.88720482987285,510
Stroke,22,3,EUR,0.01,0.801731054740414,510
Stroke,22,3,EAS,0.01,0.790849916471346,510
Stroke,22,3,AFR,0.01,0.570936163584369,510
Stroke,22,3,CSA,0.01,0.823786831532268,510
Stroke,22,3,AMR,0.01,0.725556858141614,510
Stroke,22,3,MELD_lambda0_afproj,0.1,0.863575928450211,510
Stroke,22,3,MELD_lambda0_reportN,0.1,0.863310554049252,510
Stroke,22,3,MELD_lambda0_equal,0.1,0.844197273005746,510
Stroke,22,3,MELD_lambda1_afproj,0.1,0.860058654117976,510
Stroke,22,3,EUR,0.1,0.794379970161196,510
Stroke,22,3,EAS,0.1,0.804516569219524,510
Stroke,22,3,AFR,0.1,0.585475934015672,510
Stroke,22,3,CSA,0.1,0.809768436236826,510
Stroke,22,3,AMR,0.1,0.783262765999381,510
Stroke,22,4,MELD_lambda0_afproj,0.001,0.897176402089538,482
Stroke,22,4,MELD_lambda0_reportN,0.001,0.897081992652967,482
Stroke,22,4,MELD_lambda0_equal,0.001,0.914538775551654,482
Stroke,22,4,MELD_lambda1_afproj,0.001,0.903133784462719,482
Stroke,22,4,EUR,0.001,0.785200361629186,482
Stroke,22,4,EAS,0.001,0.78317090192579,482
Stroke,22,4,AFR,0.001,0.56064499539503,482
Stroke,22,4,CSA,0.001,0.831635075039261,482
Stroke,22,4,AMR,0.001,0.866120295456975,482
Stroke,22,4,MELD_lambda0_afproj,0.01,0.91811335414137,482
Stroke,22,4,MELD_lambda0_reportN,0.01,0.920174723375208,482
Stroke,22,4,MELD_lambda0_equal,0.01,0.91843659733983,482
Stroke,22,4,MELD_lambda1_afproj,0.01,0.918842139061426,482
Stroke,22,4,EUR,0.01,0.878549099823442,482
Stroke,22,4,EAS,0.01,0.876283067464632,482
Stroke,22,4,AFR,0.01,0.73363065170433,482
Stroke,22,4,CSA,0.01,0.866503293345628,482
Stroke,22,4,AMR,0.01,0.8961762500475,482
Stroke,22,4,MELD_lambda0_afproj,0.1,0.91651125735695,482
Stroke,22,4,MELD_lambda0_reportN,0.1,0.917225824092395,482
Stroke,22,4,MELD_lambda0_equal,0.1,0.91009629491618,482
Stroke,22,4,MELD_lambda1_afproj,0.1,0.914994143075059,482
Stroke,22,4,EUR,0.1,0.901730088640033,482
Stroke,22,4,EAS,0.1,0.88136570307634,482
Stroke,22,4,AFR,0.1,0.798747545032425,482
Stroke,22,4,CSA,0.1,0.881588360276829,482
Stroke,22,4,AMR,0.1,0.870468597738321,482
Stroke,22,5,MELD_lambda0_afproj,0.001,0.910768683585099,183
Stroke,22,5,MELD_lambda0_reportN,0.001,0.91124187931358,183
Stroke,22,5,MELD_lambda0_equal,0.001,0.858468918484837,183
Stroke,22,5,MELD_lambda1_afproj,0.001,0.902226170188712,183
Stroke,22,5,EUR,0.001,0.822933888212431,183
Stroke,22,5,EAS,0.001,0.560930928046892,183
Stroke,22,5,AFR,0.001,0.703127098372345,183
Stroke,22,5,CSA,0.001,0.89040206915853,183
Stroke,22,5,AMR,0.001,0.863503507423075,183
Stroke,22,5,MELD_lambda0_afproj,0.01,0.919363303167847,183
Stroke,22,5,MELD_lambda0_reportN,0.01,0.919810540660718,183
Stroke,22,5,MELD_lambda0_equal,0.01,0.861578995300674,183
Stroke,22,5,MELD_lambda1_afproj,0.01,0.915057321486919,183
Stroke,22,5,EUR,0.01,0.868544840176131,183
Stroke,22,5,EAS,0.01,0.741253200283399,183
Stroke,22,5,AFR,0.01,0.7179118275796,183
Stroke,22,5,CSA,0.01,0.882014784607951,183
Stroke,22,5,AMR,0.01,0.868180977793437,183
Stroke,22,5,MELD_lambda0_afproj,0.1,0.917751265518764,183
Stroke,22,5,MELD_lambda0_reportN,0.1,0.916681279646052,183
Stroke,22,5,MELD_lambda0_equal,0.1,0.858630336646787,183
Stroke,22,5,MELD_lambda1_afproj,0.1,0.914851804503488,183
Stroke,22,5,EUR,0.1,0.898952405263506,183
Stroke,22,5,EAS,0.1,0.777729463615224,183
Stroke,22,5,AFR,0.1,0.695364482498743,183
Stroke,22,5,CSA,0.1,0.881767210309964,183
Stroke,22,5,AMR,0.1,0.83705145578799,183
Stroke,22,6,MELD_lambda0_afproj,0.001,0.85034697052457,306
Stroke,22,6,MELD_lambda0_reportN,0.001,0.853571964913878,306
Stroke,22,6,MELD_lambda0_equal,0.001,0.874031988658871,306
Stroke,22,6,MELD_lambda1_afproj,0.001,0.84831986593147,306
Stroke,22,6,EUR,0.001,0.66968949022344,306
Stroke,22,6,EAS,0.001,0.739725622691496,306
Stroke,22,6,AFR,0.001,0.349829194121093,306
Stroke,22,6,CSA,0.001,0.690174557790787,306
Stroke,22,6,AMR,0.001,0.669232891344467,306
Stroke,22,6,MELD_lambda0_afproj,0.01,0.912411636848612,306
Stroke,22,6,MELD_lambda0_reportN,0.01,0.909961246722044,306
Stroke,22,6,MELD_lambda0_equal,0.01,0.898790282865127,306
Stroke,22,6,MELD_lambda1_afproj,0.01,0.908388418769356,306
Stroke,22,6,EUR,0.01,0.871534920992742,306
Stroke,22,6,EAS,0.01,0.804925547764894,306
Stroke,22,6,AFR,0.01,0.567715512113377,306
Stroke,22,6,CSA,0.01,0.82134415277971,306
Stroke,22,6,AMR,0.01,0.785502835827355,306
Stroke,22,6,MELD_lambda0_afproj,0.1,0.913472136672523,306
Stroke,22,6,MELD_lambda0_reportN,0.1,0.912019864253193,306
Stroke,22,6,MELD_lambda0_equal,0.1,0.898620444804021,306
Stroke,22,6,MELD_lambda1_afproj,0.1,0.910451092285984,306
Stroke,22,6,EUR,0.1,0.87817615397497,306
Stroke,22,6,EAS,0.1,0.84084086587016,306
Stroke,22,6,AFR,0.1,0.678398798666876,306
Stroke,22,6,CSA,0.1,0.849125639987143,306
Stroke,22,6,AMR,0.1,0.821626037522387,306
Stroke,22,7,MELD_lambda0_afproj,0.001,0.811529814296993,549
Stroke,22,7,MELD_lambda0_reportN,0.001,0.804904217592064,549
Stroke,22,7,MELD_lambda0_equal,0.001,0.827832376078411,549
Stroke,22,7,MELD_lambda1_afproj,0.001,0.816677848350949,549
Stroke,22,7,EUR,0.001,0.568596282921091,549
Stroke,22,7,EAS,0.001,0.630354541847252,549
Stroke,22,7,AFR,0.001,0.554796322660333,549
Stroke,22,7,CSA,0.001,0.661002829763655,549
Stroke,22,7,AMR,0.001,0.67982975965991,549
Stroke,22,7,MELD_lambda0_afproj,0.01,0.838685369320214,549
Stroke,22,7,MELD_lambda0_reportN,0.01,0.835531316310508,549
Stroke,22,7,MELD_lambda0_equal,0.01,0.840537177645603,549
Stroke,22,7,MELD_lambda1_afproj,0.01,0.842691007345509,549
Stroke,22,7,EUR,0.01,0.695959817515768,549
Stroke,22,7,EAS,0.01,0.7509544399512,549
Stroke,22,7,AFR,0.01,0.608975110171755,549
Stroke,22,7,CSA,0.01,0.78401906467557,549
Stroke,22,7,AMR,0.01,0.777704616112458,549
Stroke,22,7,MELD_lambda0_afproj,0.1,0.832966051849446,549
Stroke,22,7,MELD_lambda0_reportN,0.1,0.831689216386769,549
Stroke,22,7,MELD_lambda0_equal,0.1,0.841093308509829,549
Stroke,22,7,MELD_lambda1_afproj,0.1,0.836569614082622,549
Stroke,22,7,EUR,0.1,0.746937185676022,549
Stroke,22,7,EAS,0.1,0.80019048498854,549
Stroke,22,7,AFR,0.1,0.621184532977179,549
Stroke,22,7,CSA,0.1,0.805693529494603,549
Stroke,22,7,AMR,0.1,0.77956937707612,549
Stroke,22,8,MELD_lambda0_afproj,0.001,0.803385237589616,563
Stroke,22,8,MELD_lambda0_reportN,0.001,0.80916114477809,563
Stroke,22,8,MELD_lambda0_equal,0.001,0.865026304157744,563
Stroke,22,8,MELD_lambda1_afproj,0.001,0.805275687497686,563
Stroke,22,8,EUR,0.001,0.754343549648892,563
Stroke,22,8,EAS,0.001,0.642566060944003,563
Stroke,22,8,AFR,0.001,0.50887711346616,563
Stroke,22,8,CSA,0.001,0.729547519069828,563
Stroke,22,8,AMR,0.001,0.6737010004615,563
Stroke,22,8,MELD_lambda0_afproj,0.01,0.870457689764558,563
Stroke,22,8,MELD_lambda0_reportN,0.01,0.874335976449444,563
Stroke,22,8,MELD_lambda0_equal,0.01,0.890813174157106,563
Stroke,22,8,MELD_lambda1_afproj,0.01,0.869661416281191,563
Stroke,22,8,EUR,0.01,0.821462983797172,563
Stroke,22,8,EAS,0.01,0.741947605154427,563
Stroke,22,8,AFR,0.01,0.630544269915055,563
Stroke,22,8,CSA,0.01,0.805756751197898,563
Stroke,22,8,AMR,0.01,0.722121460607441,563
Stroke,22,8,MELD_lambda0_afproj,0.1,0.881199816460176,563
Stroke,22,8,MELD_lambda0_reportN,0.1,0.883523871569173,563
Stroke,22,8,MELD_lambda0_equal,0.1,0.887951487410697,563
Stroke,22,8,MELD_lambda1_afproj,0.1,0.880314881570632,563
Stroke,22,8,EUR,0.1,0.851074945445528,563
Stroke,22,8,EAS,0.1,0.775732088631678,563
Stroke,22,8,AFR,0.1,0.656088590755202,563
Stroke,22,8,CSA,0.1,0.80974819585558,563
Stroke,22,8,AMR,0.1,0.744702034003103,563
Stroke,22,9,MELD_lambda0_afproj,0.001,0.912712633403316,546
Stroke,22,9,MELD_lambda0_reportN,0.001,0.908601504733852,546
Stroke,22,9,MELD_lambda0_equal,0.001,0.906306306826028,546
Stroke,22,9,MELD_lambda1_afproj,0.001,0.917303856042177,546
Stroke,22,9,EUR,0.001,0.767807675968667,546
Stroke,22,9,EAS,0.001,0.763739465854192,546
Stroke,22,9,AFR,0.001,0.487761138720744,546
Stroke,22,9,CSA,0.001,0.661154761866204,546
Stroke,22,9,AMR,0.001,0.693639815007717,546
Stroke,22,9,MELD_lambda0_afproj,0.01,0.92932736078121,546
Stroke,22,9,MELD_lambda0_reportN,0.01,0.928715649204544,546
Stroke,22,9,MELD_lambda0_equal,0.01,0.910373394331691,546
Stroke,22,9,MELD_lambda1_afproj,0.01,0.93173295921261,546
Stroke,22,9,EUR,0.01,0.857592337437324,546
Stroke,22,9,EAS,0.01,0.862655285062851,546
Stroke,22,9,AFR,0.01,0.650116205854984,546
Stroke,22,9,CSA,0.01,0.802644128526802,546
Stroke,22,9,AMR,0.01,0.822035273352835,546
Stroke,22,9,MELD_lambda0_afproj,0.1,0.910542922946652,546
Stroke,22,9,MELD_lambda0_reportN,0.1,0.910909432055102,546
Stroke,22,9,MELD_lambda0_equal,0.1,0.903714119193923,546
Stroke,22,9,MELD_lambda1_afproj,0.1,0.91180673274434,546
Stroke,22,9,EUR,0.1,0.861525837668151,546
Stroke,22,9,EAS,0.1,0.881767984656973,546
Stroke,22,9,AFR,0.1,0.711892193921015,546
Stroke,22,9,CSA,0.1,0.840987562539839,546
Stroke,22,9,AMR,0.1,0.831423702314695,546
Stroke,22,10,MELD_lambda0_afproj,0.001,0.943024332098194,507
Stroke,22,10,MELD_lambda0_reportN,0.001,0.945733861700305,507
Stroke,22,10,MELD_lambda0_equal,0.001,0.954885604497606,507
Stroke,22,10,MELD_lambda1_afproj,0.001,0.943277358394882,507
Stroke,22,10,EUR,0.001,0.87845733812208,507
Stroke,22,10,EAS,0.001,0.829788177508517,507
Stroke,22,10,AFR,0.001,0.681475106462622,507
Stroke,22,10,CSA,0.001,0.775020147488013,507
Stroke,22,10,AMR,0.001,0.845339237072002,507
Stroke,22,10,MELD_lambda0_afproj,0.01,0.955836154477486,507
Stroke,22,10,MELD_lambda0_reportN,0.01,0.956351885360099,507
Stroke,22,10,MELD_lambda0_equal,0.01,0.95907089411993,507
Stroke,22,10,MELD_lambda1_afproj,0.01,0.956302366117512,507
Stroke,22,10,EUR,0.01,0.92560801056001,507
Stroke,22,10,EAS,0.01,0.885361764429289,507
Stroke,22,10,AFR,0.01,0.776865978544102,507
Stroke,22,10,CSA,0.01,0.901639619569997,507
Stroke,22,10,AMR,0.01,0.88834461005323,507
Stroke,22,10,MELD_lambda0_afproj,0.1,0.955489084980582,507
Stroke,22,10,MELD_lambda0_reportN,0.1,0.955982010802695,507
Stroke,22,10,MELD_lambda0_equal,0.1,0.95208068638104,507
Stroke,22,10,MELD_lambda1_afproj,0.1,0.955893322687231,507
Stroke,22,10,EUR,0.1,0.931113536651641,507
Stroke,22,10,EAS,0.1,0.902617111901201,507
Stroke,22,10,AFR,0.1,0.823629027564081,507
Stroke,22,10,CSA,0.1,0.910062971248446,507
Stroke,22,10,AMR,0.1,0.902968355346633,507
Stroke,22,11,MELD_lambda0_afproj,0.001,0.942687644759399,321
Stroke,22,11,MELD_lambda0_reportN,0.001,0.93812959362392,321
Stroke,22,11,MELD_lambda0_equal,0.001,0.968817717919913,321
Stroke,22,11,MELD_lambda1_afproj,0.001,0.93455425139813,321
Stroke,22,11,EUR,0.001,0.838581141671995,321
Stroke,22,11,EAS,0.001,0.751745530229659,321
Stroke,22,11,AFR,0.001,0.640073959700877,321
Stroke,22,11,CSA,0.001,0.896807818184971,321
Stroke,22,11,AMR,0.001,0.793195636775147,321
Stroke,22,11,MELD_lambda0_afproj,0.01,0.962229313635097,321
Stroke,22,11,MELD_lambda0_reportN,0.01,0.961074870778004,321
Stroke,22,11,MELD_lambda0_equal,0.01,0.963753656681433,321
Stroke,22,11,MELD_lambda1_afproj,0.01,0.962991105901113,321
Stroke,22,11,EUR,0.01,0.915645944403308,321
Stroke,22,11,EAS,0.01,0.901833543766488,321
Stroke,22,11,AFR,0.01,0.745568876609478,321
Stroke,22,11,CSA,0.01,0.925630048178775,321
Stroke,22,11,AMR,0.01,0.884592595273152,321
Stroke,22,11,MELD_lambda0_afproj,0.1,0.944140885495998,321
Stroke,22,11,MELD_lambda0_reportN,0.1,0.943945798588152,321
Stroke,22,11,MELD_lambda0_equal,0.1,0.940808900438377,321
Stroke,22,11,MELD_lambda1_afproj,0.1,0.943222782126641,321
Stroke,22,11,EUR,0.1,0.902654731660822,321
Stroke,22,11,EAS,0.1,0.895444121932174,321
Stroke,22,11,AFR,0.1,0.758920687979787,321
Stroke,22,11,CSA,0.1,0.899944577210688,321
Stroke,22,11,AMR,0.1,0.88798895813071,321
Stroke,22,12,MELD_lambda0_afproj,0.001,0.85924052270762,743
Stroke,22,12,MELD_lambda0_reportN,0.001,0.85846851568928,743
Stroke,22,12,MELD_lambda0_equal,0.001,0.851535864094345,743
Stroke,22,12,MELD_lambda1_afproj,0.001,0.858776357046519,743
Stroke,22,12,EUR,0.001,0.770840186236132,743
Stroke,22,12,EAS,0.001,0.664803758838131,743
Stroke,22,12,AFR,0.001,0.34214125074323,743
Stroke,22,12,CSA,0.001,0.642773118625075,743
Stroke,22,12,AMR,0.001,0.618197687466565,743
Stroke,22,12,MELD_lambda0_afproj,0.01,0.881412438676344,743
Stroke,22,12,MELD_lambda0_reportN,0.01,0.880973992550623,743
Stroke,22,12,MELD_lambda0_equal,0.01,0.866144081180457,743
Stroke,22,12,MELD_lambda1_afproj,0.01,0.878774860407983,743
Stroke,22,12,EUR,0.01,0.86376956592227,743
Stroke,22,12,EAS,0.01,0.808063905430448,743
Stroke,22,12,AFR,0.01,0.451785209958069,743
Stroke,22,12,CSA,0.01,0.749658432496813,743
Stroke,22,12,AMR,0.01,0.751916634841487,743
Stroke,22,12,MELD_lambda0_afproj,0.1,0.886937343121237,743
Stroke,22,12,MELD_lambda0_reportN,0.1,0.887035141908245,743
Stroke,22,12,MELD_lambda0_equal,0.1,0.875192662530732,743
Stroke,22,12,MELD_lambda1_afproj,0.1,0.885575130406909,743
Stroke,22,12,EUR,0.1,0.870917800580338,743
Stroke,22,12,EAS,0.1,0.794033352399834,743
Stroke,22,12,AFR,0.1,0.54293577285459,743
Stroke,22,12,CSA,0.1,0.78066011495471,743
Stroke,22,12,AMR,0.1,0.793354185861253,743
Stroke,22,13,MELD_lambda0_afproj,0.001,0.953013671090962,488
Stroke,22,13,MELD_lambda0_reportN,0.001,0.954345342985557,488
Stroke,22,13,MELD_lambda0_equal,0.001,0.962445441573585,488
Stroke,22,13,MELD_lambda1_afproj,0.001,0.958038973364387,488
Stroke,22,13,EUR,0.001,0.870355993105581,488
Stroke,22,13,EAS,0.001,0.879863109153498,488
Stroke,22,13,AFR,0.001,0.778644372577177,488
Stroke,22,13,CSA,0.001,0.870469383818248,488
Stroke,22,13,AMR,0.001,0.92561273855062,488
Stroke,22,13,MELD_lambda0_afproj,0.01,0.97123858947934,488
Stroke,22,13,MELD_lambda0_reportN,0.01,0.970346027122938,488
Stroke,22,13,MELD_lambda0_equal,0.01,0.966626956748034,488
Stroke,22,13,MELD_lambda1_afproj,0.01,0.972278433472492,488
Stroke,22,13,EUR,0.01,0.943444819833939,488
Stroke,22,13,EAS,0.01,0.942714428325621,488
Stroke,22,13,AFR,0.01,0.857598179436917,488
Stroke,22,13,CSA,0.01,0.944633530998771,488
Stroke,22,13,AMR,0.01,0.951518835497443,488
Stroke,22,13,MELD_lambda0_afproj,0.1,0.970454750628025,488
Stroke,22,13,MELD_lambda0_reportN,0.1,0.970256424784669,488
Stroke,22,13,MELD_lambda0_equal,0.1,0.966186427445892,488
Stroke,22,13,MELD_lambda1_afproj,0.1,0.970913602008035,488
Stroke,22,13,EUR,0.1,0.954752090902191,488
Stroke,22,13,EAS,0.1,0.941960579361847,488
Stroke,22,13,AFR,0.1,0.889390817528317,488
Stroke,22,13,CSA,0.1,0.945421327304528,488
Stroke,22,13,AMR,0.1,0.951022956084832,488
Stroke,22,14,MELD_lambda0_afproj,0.001,0.936095072955109,606
Stroke,22,14,MELD_lambda0_reportN,0.001,0.93558124331726,606
Stroke,22,14,MELD_lambda0_equal,0.001,0.91477339366727,606
Stroke,22,14,MELD_lambda1_afproj,0.001,0.937564867943021,606
Stroke,22,14,EUR,0.001,0.866958098624743,606
Stroke,22,14,EAS,0.001,0.753873540604337,606
Stroke,22,14,AFR,0.001,0.507588525644837,606
Stroke,22,14,CSA,0.001,0.724876525377228,606
Stroke,22,14,AMR,0.001,0.71185956488998,606
Stroke,22,14,MELD_lambda0_afproj,0.01,0.936969853804587,606
Stroke,22,14,MELD_lambda0_reportN,0.01,0.936024898154746,606
Stroke,22,14,MELD_lambda0_equal,0.01,0.918645507775841,606
Stroke,22,14,MELD_lambda1_afproj,0.01,0.941118045636682,606
Stroke,22,14,EUR,0.01,0.898127263376115,606
Stroke,22,14,EAS,0.01,0.842117414390819,606
Stroke,22,14,AFR,0.01,0.616401374480133,606
Stroke,22,14,CSA,0.01,0.832370707116968,606
Stroke,22,14,AMR,0.01,0.802956781514504,606
Stroke,22,14,MELD_lambda0_afproj,0.1,0.923854048377886,606
Stroke,22,14,MELD_lambda0_reportN,0.1,0.923100228551995,606
Stroke,22,14,MELD_lambda0_equal,0.1,0.915445234726962,606
Stroke,22,14,MELD_lambda1_afproj,0.1,0.926297468270643,606
Stroke,22,14,EUR,0.1,0.891799073213392,606
Stroke,22,14,EAS,0.1,0.861621560221943,606
Stroke,22,14,AFR,0.1,0.663806749464604,606
Stroke,22,14,CSA,0.1,0.858075205970424,606
Stroke,22,14,AMR,0.1,0.848385087143378,606
Stroke,22,15,MELD_lambda0_afproj,0.001,0.932660832542012,466
Stroke,22,15,MELD_lambda0_reportN,0.001,0.932387176800162,466
Stroke,22,15,MELD_lambda0_equal,0.001,0.923431825841194,466
Stroke,22,15,MELD_lambda1_afproj,0.001,0.933803880352543,466
Stroke,22,15,EUR,0.001,0.890113885890286,466
Stroke,22,15,EAS,0.001,0.888848650154295,466
Stroke,22,15,AFR,0.001,0.567817770714545,466
Stroke,22,15,CSA,0.001,0.902455785022089,466
Stroke,22,15,AMR,0.001,0.842059931692616,466
Stroke,22,15,MELD_lambda0_afproj,0.01,0.943484018424573,466
Stroke,22,15,MELD_lambda0_reportN,0.01,0.943426876476586,466
Stroke,22,15,MELD_lambda0_equal,0.01,0.933252661420803,466
Stroke,22,15,MELD_lambda1_afproj,0.01,0.942952041145542,466
Stroke,22,15,EUR,0.01,0.919844176707642,466
Stroke,22,15,EAS,0.01,0.91940550775331,466
Stroke,22,15,AFR,0.01,0.680861644050388,466
Stroke,22,15,CSA,0.01,0.922174948403153,466
Stroke,22,15,AMR,0.01,0.875781863353993,466
Stroke,22,15,MELD_lambda0_afproj,0.1,0.942024038125216,466
Stroke,22,15,MELD_lambda0_reportN,0.1,0.941866239754695,466
Stroke,22,15,MELD_lambda0_equal,0.1,0.933802523853047,466
Stroke,22,15,MELD_lambda1_afproj,0.1,0.940691285093072,466
Stroke,22,15,EUR,0.1,0.927043556437395,466
Stroke,22,15,EAS,0.1,0.925529169380593,466
Stroke,22,15,AFR,0.1,0.769060371585244,466
Stroke,22,15,CSA,0.1,0.925423536441719,466
Stroke,22,15,AMR,0.1,0.889601358901257,466
Stroke,22,16,MELD_lambda0_afproj,0.001,0.878086792651098,268
Stroke,22,16,MELD_lambda0_reportN,0.001,0.883416004375605,268
Stroke,22,16,MELD_lambda0_equal,0.001,0.891656094304413,268
Stroke,22,16,MELD_lambda1_afproj,0.001,0.890167167470005,268
Stroke,22,16,EUR,0.001,0.824658696433979,268
Stroke,22,16,EAS,0.001,0.75015934656844,268
Stroke,22,16,AFR,0.001,0.558912679906773,268
Stroke,22,16,CSA,0.001,0.739497732866998,268
Stroke,22,16,AMR,0.001,0.737536114737381,268
Stroke,22,16,MELD_lambda0_afproj,0.01,0.88660736856172,268
Stroke,22,16,MELD_lambda0_reportN,0.01,0.890813271994296,268
Stroke,22,16,MELD_lambda0_equal,0.01,0.896553534316075,268
Stroke,22,16,MELD_lambda1_afproj,0.01,0.896816247383352,268
Stroke,22,16,EUR,0.01,0.847398553270664,268
Stroke,22,16,EAS,0.01,0.834167772610166,268
Stroke,22,16,AFR,0.01,0.692350060075339,268
Stroke,22,16,CSA,0.01,0.833361320791189,268
Stroke,22,16,AMR,0.01,0.828549134907006,268
Stroke,22,16,MELD_lambda0_afproj,0.1,0.90068638075296,268
Stroke,22,16,MELD_lambda0_reportN,0.1,0.901876942768926,268
Stroke,22,16,MELD_lambda0_equal,0.1,0.901569395313667,268
Stroke,22,16,MELD_lambda1_afproj,0.1,0.908463472472843,268
Stroke,22,16,EUR,0.1,0.887330678249333,268
Stroke,22,16,EAS,0.1,0.863774060703293,268
Stroke,22,16,AFR,0.1,0.751354985553503,268
Stroke,22,16,CSA,0.1,0.853883133682624,268
Stroke,22,16,AMR,0.1,0.87131113491056,268
Stroke,22,17,MELD_lambda0_afproj,0.001,0.986391391855165,418
Stroke,22,17,MELD_lambda0_reportN,0.001,0.986629196309714,418
Stroke,22,17,MELD_lambda0_equal,0.001,0.979507214601958,418
Stroke,22,17,MELD_lambda1_afproj,0.001,0.985267674452077,418
Stroke,22,17,EUR,0.001,0.953079261464422,418
Stroke,22,17,EAS,0.001,0.909504735040152,418
Stroke,22,17,AFR,0.001,0.621191500966279,418
Stroke,22,17,CSA,0.001,0.962944630560826,418
Stroke,22,17,AMR,0.001,0.923607406461091,418
Stroke,22,17,MELD_lambda0_afproj,0.01,0.985506717531492,418
Stroke,22,17,MELD_lambda0_reportN,0.01,0.985340492563853,418
Stroke,22,17,MELD_lambda0_equal,0.01,0.980704693300982,418
Stroke,22,17,MELD_lambda1_afproj,0.01,0.983945692361722,418
Stroke,22,17,EUR,0.01,0.956381450047975,418
Stroke,22,17,EAS,0.01,0.933875876473171,418
Stroke,22,17,AFR,0.01,0.844587214349805,418
Stroke,22,17,CSA,0.01,0.974805992906803,418
Stroke,22,17,AMR,0.01,0.950323067591157,418
Stroke,22,17,MELD_lambda0_afproj,0.1,0.977083170290441,418
Stroke,22,17,MELD_lambda0_reportN,0.1,0.976762893837643,418
Stroke,22,17,MELD_lambda0_equal,0.1,0.97480695225213,418
Stroke,22,17,MELD_lambda1_afproj,0.1,0.974835648527894,418
Stroke,22,17,EUR,0.1,0.945034238996082,418
Stroke,22,17,EAS,0.1,0.933668535577524,418
Stroke,22,17,AFR,0.1,0.871084643453663,418
Stroke,22,17,CSA,0.1,0.971007154543562,418
Stroke,22,17,AMR,0.1,0.948063739103955,418
Stroke,22,18,MELD_lambda0_afproj,0.001,0.844254888573645,304
Stroke,22,18,MELD_lambda0_reportN,0.001,0.848462479483177,304
Stroke,22,18,MELD_lambda0_equal,0.001,0.819344732027911,304
Stroke,22,18,MELD_lambda1_afproj,0.001,0.829427517796308,304
Stroke,22,18,EUR,0.001,0.679393566191813,304
Stroke,22,18,EAS,0.001,0.670914981467766,304
Stroke,22,18,AFR,0.001,0.289967373894806,304
Stroke,22,18,CSA,0.001,0.69326340789925,304
Stroke,22,18,AMR,0.001,0.514300427772842,304
Stroke,22,18,MELD_lambda0_afproj,0.01,0.849052878974352,304
Stroke,22,18,MELD_lambda0_reportN,0.01,0.852171540097399,304
Stroke,22,18,MELD_lambda0_equal,0.01,0.820014656859448,304
Stroke,22,18,MELD_lambda1_afproj,0.01,0.843478981219931,304
Stroke,22,18,EUR,0.01,0.790356824843632,304
Stroke,22,18,EAS,0.01,0.763944224497437,304
Stroke,22,18,AFR,0.01,0.394289570866338,304
Stroke,22,18,CSA,0.01,0.727363250886409,304
Stroke,22,18,AMR,0.01,0.704433657112751,304
Stroke,22,18,MELD_lambda0_afproj,0.1,0.835512629842946,304
Stroke,22,18,MELD_lambda0_reportN,0.1,0.837289011205607,304
Stroke,22,18,MELD_lambda0_equal,0.1,0.807291144792706,304
Stroke,22,18,MELD_lambda1_afproj,0.1,0.828325430395009,304
Stroke,22,18,EUR,0.1,0.813230746945546,304
Stroke,22,18,EAS,0.1,0.732387087482972,304
Stroke,22,18,AFR,0.1,0.445808239672257,304
Stroke,22,18,CSA,0.1,0.737933572956466,304
Stroke,22,18,AMR,0.1,0.769693748680849,304
Stroke,22,19,MELD_lambda0_afproj,0.001,0.843163284737471,566
Stroke,22,19,MELD_lambda0_reportN,0.001,0.842682147953673,566
Stroke,22,19,MELD_lambda0_equal,0.001,0.85270784564109,566
Stroke,22,19,MELD_lambda1_afproj,0.001,0.842459488438034,566
Stroke,22,19,EUR,0.001,0.684325531476442,566
Stroke,22,19,EAS,0.001,0.659982289158095,566
Stroke,22,19,AFR,0.001,0.285351959318575,566
Stroke,22,19,CSA,0.001,0.755649361904543,566
Stroke,22,19,AMR,0.001,0.542126700155403,566
Stroke,22,19,MELD_lambda0_afproj,0.01,0.871783662321668,566
Stroke,22,19,MELD_lambda0_reportN,0.01,0.869855947836313,566
Stroke,22,19,MELD_lambda0_equal,0.01,0.858142323680407,566
Stroke,22,19,MELD_lambda1_afproj,0.01,0.869119144447376,566
Stroke,22,19,EUR,0.01,0.787463435566905,566
Stroke,22,19,EAS,0.01,0.782754101686654,566
Stroke,22,19,AFR,0.01,0.378410873089588,566
Stroke,22,19,CSA,0.01,0.792492088843754,566
Stroke,22,19,AMR,0.01,0.648982715073608,566
Stroke,22,19,MELD_lambda0_afproj,0.1,0.867700014984577,566
Stroke,22,19,MELD_lambda0_reportN,0.1,0.866811826415116,566
Stroke,22,19,MELD_lambda0_equal,0.1,0.849192997720122,566
Stroke,22,19,MELD_lambda1_afproj,0.1,0.864941298643193,566
Stroke,22,19,EUR,0.1,0.807929250528057,566
Stroke,22,19,EAS,0.1,0.799091771272576,566
Stroke,22,19,AFR,0.1,0.464860901090831,566
Stroke,22,19,CSA,0.1,0.805424503404406,566
Stroke,22,19,AMR,0.1,0.710500652238339,566
Stroke,22,20,MELD_lambda0_afproj,0.001,0.81165496343593,495
Stroke,22,20,MELD_lambda0_reportN,0.001,0.814482471156418,495
Stroke,22,20,MELD_lambda0_equal,0.001,0.779441992660841,495
Stroke,22,20,MELD_lambda1_afproj,0.001,0.821793496344339,495
Stroke,22,20,EUR,0.001,0.703301247981322,495
Stroke,22,20,EAS,0.001,0.42999564026476,495
Stroke,22,20,AFR,0.001,0.430019711201367,495
Stroke,22,20,CSA,0.001,0.583242428522988,495
Stroke,22,20,AMR,0.001,0.517451206089441,495
Stroke,22,20,MELD_lambda0_afproj,0.01,0.872172235679937,495
Stroke,22,20,MELD_lambda0_reportN,0.01,0.872534683144659,495
Stroke,22,20,MELD_lambda0_equal,0.01,0.833899141256145,495
Stroke,22,20,MELD_lambda1_afproj,0.01,0.87689140993338,495
Stroke,22,20,EUR,0.01,0.832917637957451,495
Stroke,22,20,EAS,0.01,0.628430982017908,495
Stroke,22,20,AFR,0.01,0.518269267755096,495
Stroke,22,20,CSA,0.01,0.742835751088988,495
Stroke,22,20,AMR,0.01,0.651541754815843,495
Stroke,22,20,MELD_lambda0_afproj,0.1,0.8729091323265,495
Stroke,22,20,MELD_lambda0_reportN,0.1,0.873291829196276,495
Stroke,22,20,MELD_lambda0_equal,0.1,0.837540673250138,495
Stroke,22,20,MELD_lambda1_afproj,0.1,0.87369074102407,495
Stroke,22,20,EUR,0.1,0.843657405174574,495
Stroke,22,20,EAS,0.1,0.750966860560021,495
Stroke,22,20,AFR,0.1,0.58268247929974,495
Stroke,22,20,CSA,0.1,0.78225177653681,495
Stroke,22,20,AMR,0.1,0.71584103554706,495
Stroke,22,21,MELD_lambda0_afproj,0.001,0.855125378136604,298
Stroke,22,21,MELD_lambda0_reportN,0.001,0.858220478757764,298
Stroke,22,21,MELD_lambda0_equal,0.001,0.870867069735035,298
Stroke,22,21,MELD_lambda1_afproj,0.001,0.859194257634784,298
Stroke,22,21,EUR,0.001,0.754100511196591,298
Stroke,22,21,EAS,0.001,0.624312830871884,298
Stroke,22,21,AFR,0.001,0.514674905814188,298
Stroke,22,21,CSA,0.001,0.81195579057676,298
Stroke,22,21,AMR,0.001,0.783762694237563,298
Stroke,22,21,MELD_lambda0_afproj,0.01,0.878332050116447,298
Stroke,22,21,MELD_lambda0_reportN,0.01,0.880773707689875,298
Stroke,22,21,MELD_lambda0_equal,0.01,0.876490180845109,298
Stroke,22,21,MELD_lambda1_afproj,0.01,0.880516024312822,298
Stroke,22,21,EUR,0.01,0.855234136383622,298
Stroke,22,21,EAS,0.01,0.728801635452616,298
Stroke,22,21,AFR,0.01,0.583679889037289,298
Stroke,22,21,CSA,0.01,0.816954077969088,298
Stroke,22,21,AMR,0.01,0.840505298387179,298
Stroke,22,21,MELD_lambda0_afproj,0.1,0.864578871941422,298
Stroke,22,21,MELD_lambda0_reportN,0.1,0.866240197751545,298
Stroke,22,21,MELD_lambda0_equal,0.1,0.865519633727501,298
Stroke,22,21,MELD_lambda1_afproj,0.1,0.864362892009564,298
Stroke,22,21,EUR,0.1,0.841033975418864,298
Stroke,22,21,EAS,0.1,0.773598357771822,298
Stroke,22,21,AFR,0.1,0.650555986252834,298
Stroke,22,21,CSA,0.1,0.802127639307185,298
Stroke,22,21,AMR,0.1,0.853311609499465,298
Stroke,22,22,MELD_lambda0_afproj,0.001,0.870118914151961,531
Stroke,22,22,MELD_lambda0_reportN,0.001,0.877077968741675,531
Stroke,22,22,MELD_lambda0_equal,0.001,0.868917063739341,531
Stroke,22,22,MELD_lambda1_afproj,0.001,0.871619172335812,531
Stroke,22,22,EUR,0.001,0.708877383433364,531
Stroke,22,22,EAS,0.001,0.663588468908266,531
Stroke,22,22,AFR,0.001,0.438101918339025,531
Stroke,22,22,CSA,0.001,0.744198962179526,531
Stroke,22,22,AMR,0.001,0.61553216383527,531
Stroke,22,22,MELD_lambda0_afproj,0.01,0.888470672333547,531
Stroke,22,22,MELD_lambda0_reportN,0.01,0.889522242222638,531
Stroke,22,22,MELD_lambda0_equal,0.01,0.879097880624584,531
Stroke,22,22,MELD_lambda1_afproj,0.01,0.890052331729949,531
Stroke,22,22,EUR,0.01,0.806580023120375,531
Stroke,22,22,EAS,0.01,0.775342200387865,531
Stroke,22,22,AFR,0.01,0.55568047407444,531
Stroke,22,22,CSA,0.01,0.818624414946287,531
Stroke,22,22,AMR,0.01,0.751321346322123,531
Stroke,22,22,MELD_lambda0_afproj,0.1,0.881828788308617,531
Stroke,22,22,MELD_lambda0_reportN,0.1,0.882289413353524,531
Stroke,22,22,MELD_lambda0_equal,0.1,0.877709423656839,531
Stroke,22,22,MELD_lambda1_afproj,0.1,0.885192122341076,531
Stroke,22,22,EUR,0.1,0.837832537822578,531
Stroke,22,22,EAS,0.1,0.81300993537597,531
Stroke,22,22,AFR,0.1,0.630566410823253,531
Stroke,22,22,CSA,0.1,0.824673663560521,531
Stroke,22,22,AMR,0.1,0.766943215370608,531
Stroke,22,23,MELD_lambda0_afproj,0.001,0.862305653459612,464
Stroke,22,23,MELD_lambda0_reportN,0.001,0.858349554037581,464
Stroke,22,23,MELD_lambda0_equal,0.001,0.889926085438846,464
Stroke,22,23,MELD_lambda1_afproj,0.001,0.863968117121888,464
Stroke,22,23,EUR,0.001,0.772689684376891,464
Stroke,22,23,EAS,0.001,0.705334386358517,464
Stroke,22,23,AFR,0.001,0.591625830207087,464
Stroke,22,23,CSA,0.001,0.776055447245893,464
Stroke,22,23,AMR,0.001,0.639195470892171,464
Stroke,22,23,MELD_lambda0_afproj,0.01,0.883076915388752,464
Stroke,22,23,MELD_lambda0_reportN,0.01,0.880724168050592,464
Stroke,22,23,MELD_lambda0_equal,0.01,0.894801315503022,464
Stroke,22,23,MELD_lambda1_afproj,0.01,0.884570557574556,464
Stroke,22,23,EUR,0.01,0.839386757764896,464
Stroke,22,23,EAS,0.01,0.815378995808907,464
Stroke,22,23,AFR,0.01,0.65554779823893,464
Stroke,22,23,CSA,0.01,0.879634200410814,464
Stroke,22,23,AMR,0.01,0.742313722888792,464
Stroke,22,23,MELD_lambda0_afproj,0.1,0.868689100370302,464
Stroke,22,23,MELD_lambda0_reportN,0.1,0.867439143013264,464
Stroke,22,23,MELD_lambda0_equal,0.1,0.887512384138773,464
Stroke,22,23,MELD_lambda1_afproj,0.1,0.870453879111883,464
Stroke,22,23,EUR,0.1,0.82209624953882,464
Stroke,22,23,EAS,0.1,0.839224793620927,464
Stroke,22,23,AFR,0.1,0.662812648479774,464
Stroke,22,23,CSA,0.1,0.889365377023997,464
Stroke,22,23,AMR,0.1,0.782286395086773,464
Stroke,22,24,MELD_lambda0_afproj,0.001,0.907084082813109,380
Stroke,22,24,MELD_lambda0_reportN,0.001,0.90722308993467,380
Stroke,22,24,MELD_lambda0_equal,0.001,0.884048184136962,380
Stroke,22,24,MELD_lambda1_afproj,0.001,0.904445149257306,380
Stroke,22,24,EUR,0.001,0.779636194546069,380
Stroke,22,24,EAS,0.001,0.710075859855129,380
Stroke,22,24,AFR,0.001,0.388063174571219,380
Stroke,22,24,CSA,0.001,0.785747323341048,380
Stroke,22,24,AMR,0.001,0.443379132182734,380
Stroke,22,24,MELD_lambda0_afproj,0.01,0.905886556000173,380
Stroke,22,24,MELD_lambda0_reportN,0.01,0.905957617422969,380
Stroke,22,24,MELD_lambda0_equal,0.01,0.884295958955153,380
Stroke,22,24,MELD_lambda1_afproj,0.01,0.906476673122759,380
Stroke,22,24,EUR,0.01,0.834049747509539,380
Stroke,22,24,EAS,0.01,0.771865721770191,380
Stroke,22,24,AFR,0.01,0.532542241987068,380
Stroke,22,24,CSA,0.01,0.829228430213072,380
Stroke,22,24,AMR,0.01,0.612268849002196,380
Stroke,22,24,MELD_lambda0_afproj,0.1,0.888009617971022,380
Stroke,22,24,MELD_lambda0_reportN,0.1,0.887505529342214,380
Stroke,22,24,MELD_lambda0_equal,0.1,0.869443576681429,380
Stroke,22,24,MELD_lambda1_afproj,0.1,0.893310122596197,380
Stroke,22,24,EUR,0.1,0.833301591697001,380
Stroke,22,24,EAS,0.1,0.78452047880456,380
Stroke,22,24,AFR,0.1,0.641925874442977,380
Stroke,22,24,CSA,0.1,0.833180038889924,380
Stroke,22,24,AMR,0.1,0.693276159177262,380
VTE,22,1,MELD_lambda0_afproj,0.001,0.724666664446367,124
VTE,22,1,MELD_lambda0_reportN,0.001,0.74714647299702,124
VTE,22,1,MELD_lambda0_equal,0.001,0.714401643748461,124
VTE,22,1,MELD_lambda1_afproj,0.001,0.718497946659203,124
VTE,22,1,EUR,0.001,0.576056751031837,124
VTE,22,1,EAS,0.001,0.606056479378192,124
VTE,22,1,AFR,0.001,0.391596617391887,124
VTE,22,1,CSA,0.001,0.656514664570028,124
VTE,22,1,AMR,0.001,0.560569076900928,124
VTE,22,1,MELD_lambda0_afproj,0.01,0.750804250651691,124
VTE,22,1,MELD_lambda0_reportN,0.01,0.759044928139817,124
VTE,22,1,MELD_lambda0_equal,0.01,0.717907298178226,124
VTE,22,1,MELD_lambda1_afproj,0.01,0.746371253506808,124
VTE,22,1,EUR,0.01,0.692636447464264,124
VTE,22,1,EAS,0.01,0.645546547728025,124
VTE,22,1,AFR,0.01,0.433534771414026,124
VTE,22,1,CSA,0.01,0.707608859912925,124
VTE,22,1,AMR,0.01,0.673342764443954,124
VTE,22,1,MELD_lambda0_afproj,0.1,0.76967723391443,124
VTE,22,1,MELD_lambda0_reportN,0.1,0.770633984608448,124
VTE,22,1,MELD_lambda0_equal,0.1,0.704769014429424,124
VTE,22,1,MELD_lambda1_afproj,0.1,0.766972465622094,124
VTE,22,1,EUR,0.1,0.76188989872595,124
VTE,22,1,EAS,0.1,0.675726324159761,124
VTE,22,1,AFR,0.1,0.511275150121624,124
VTE,22,1,CSA,0.1,0.704064804117178,124
VTE,22,1,AMR,0.1,0.673646911950021,124
VTE,22,2,MELD_lambda0_afproj,0.001,0.621026875751937,173
VTE,22,2,MELD_lambda0_reportN,0.001,0.615219473039952,173
VTE,22,2,MELD_lambda0_equal,0.001,0.528371798371906,173
VTE,22,2,MELD_lambda1_afproj,0.001,0.630241524226251,173
VTE,22,2,EUR,0.001,0.574723435063286,173
VTE,22,2,EAS,0.001,0.509175992833795,173
VTE,22,2,AFR,0.001,0.397285512511545,173
VTE,22,2,CSA,0.001,0.481243366288347,173
VTE,22,2,AMR,0.001,0.437258336961541,173
VTE,22,2,MELD_lambda0_afproj,0.01,0.619075909448845,173
VTE,22,2,MELD_lambda0_reportN,0.01,0.610719168228745,173
VTE,22,2,MELD_lambda0_equal,0.01,0.534713711626798,173
VTE,22,2,MELD_lambda1_afproj,0.01,0.628815643698152,173
VTE,22,2,EUR,0.01,0.579705837975431,173
VTE,22,2,EAS,0.01,0.559023973147046,173
VTE,22,2,AFR,0.01,0.394479553006893,173
VTE,22,2,CSA,0.01,0.525982500098839,173
VTE,22,2,AMR,0.01,0.463938491788685,173
VTE,22,2,MELD_lambda0_afproj,0.1,0.637581448056335,173
VTE,22,2,MELD_lambda0_reportN,0.1,0.630888711308472,173
VTE,22,2,MELD_lambda0_equal,0.1,0.534781680617042,173
VTE,22,2,MELD_lambda1_afproj,0.1,0.647627795661405,173
VTE,22,2,EUR,0.1,0.627912749563558,173
VTE,22,2,EAS,0.1,0.480374241622692,173
VTE,22,2,AFR,0.1,0.333349894796275,173
VTE,22,2,CSA,0.1,0.567548935246871,173
VTE,22,2,AMR,0.1,0.483054005114956,173
VTE,22,3,MELD_lambda0_afproj,0.001,0.86721917663778,527
VTE,22,3,MELD_lambda0_reportN,0.001,0.865035607908629,527
VTE,22,3,MELD_lambda0_equal,0.001,0.882535757017963,527
VTE,22,3,MELD_lambda1_afproj,0.001,0.870413168601237,527
VTE,22,3,EUR,0.001,0.792252266077708,527
VTE,22,3,EAS,0.001,0.652900168154409,527
VTE,22,3,AFR,0.001,0.394865407684906,527
VTE,22,3,CSA,0.001,0.633260379256301,527
VTE,22,3,AMR,0.001,0.70466027388019,527
VTE,22,3,MELD_lambda0_afproj,0.01,0.886813484726751,527
VTE,22,3,MELD_lambda0_reportN,0.01,0.886291609046889,527
VTE,22,3,MELD_lambda0_equal,0.01,0.893429581635109,527
VTE,22,3,MELD_lambda1_afproj,0.01,0.887263621625093,527
VTE,22,3,EUR,0.01,0.84672911413677,527
VTE,22,3,EAS,0.01,0.770887460169771,527
VTE,22,3,AFR,0.01,0.565135603411141,527
VTE,22,3,CSA,0.01,0.818183828222831,527
VTE,22,3,AMR,0.01,0.82518038683026,527
VTE,22,3,MELD_lambda0_afproj,0.1,0.890898938497096,527
VTE,22,3,MELD_lambda0_reportN,0.1,0.89074220558111,527
VTE,22,3,MELD_lambda0_equal,0.1,0.899563073607087,527
VTE,22,3,MELD_lambda1_afproj,0.1,0.890996388211603,527
VTE,22,3,EUR,0.1,0.867887979774396,527
VTE,22,3,EAS,0.1,0.825376296105574,527
VTE,22,3,AFR,0.1,0.654155564672214,527
VTE,22,3,CSA,0.1,0.875244284058367,527
VTE,22,3,AMR,0.1,0.87256060070291,527
VTE,22,4,MELD_lambda0_afproj,0.001,0.841954781523516,493
VTE,22,4,MELD_lambda0_reportN,0.001,0.843743837665317,493
VTE,22,4,MELD_lambda0_equal,0.001,0.863346791904504,493
VTE,22,4,MELD_lambda1_afproj,0.001,0.848412637540948,493
VTE,22,4,EUR,0.001,0.730553090993876,493
VTE,22,4,EAS,0.001,0.562546164666888,493
VTE,22,4,AFR,0.001,0.624431851319588,493
VTE,22,4,CSA,0.001,0.733428249312211,493
VTE,22,4,AMR,0.001,0.607785483863435,493
VTE,22,4,MELD_lambda0_afproj,0.01,0.864182861415512,493
VTE,22,4,MELD_lambda0_reportN,0.01,0.865857244974343,493
VTE,22,4,MELD_lambda0_equal,0.01,0.885747515099149,493
VTE,22,4,MELD_lambda1_afproj,0.01,0.865688329210411,493
VTE,22,4,EUR,0.01,0.833992359468989,493
VTE,22,4,EAS,0.01,0.726552850326702,493
VTE,22,4,AFR,0.01,0.747119725773024,493
VTE,22,4,CSA,0.01,0.824295713044249,493
VTE,22,4,AMR,0.01,0.70922678367926,493
VTE,22,4,MELD_lambda0_afproj,0.1,0.876962826454507,493
VTE,22,4,MELD_lambda0_reportN,0.1,0.876493951275301,493
VTE,22,4,MELD_lambda0_equal,0.1,0.882876072496,493
VTE,22,4,MELD_lambda1_afproj,0.1,0.875017655405837,493
VTE,22,4,EUR,0.1,0.871262808457385,493
VTE,22,4,EAS,0.1,0.745094518459314,493
VTE,22,4,AFR,0.1,0.798662284195663,493
VTE,22,4,CSA,0.1,0.851382069137541,493
VTE,22,4,AMR,0.1,0.772657116490035,493
VTE,22,5,MELD_lambda0_afproj,0.001,0.810007991235379,213
VTE,22,5,MELD_lambda0_reportN,0.001,0.806663564655993,213
VTE,22,5,MELD_lambda0_equal,0.001,0.774206123135539,213
VTE,22,5,MELD_lambda1_afproj,0.001,0.806657665793863,213
VTE,22,5,EUR,0.001,0.782896153557022,213
VTE,22,5,EAS,0.001,0.316134135952055,213
VTE,22,5,AFR,0.001,0.671298637314933,213
VTE,22,5,CSA,0.001,0.780267049582957,213
VTE,22,5,AMR,0.001,0.625910347411553,213
VTE,22,5,MELD_lambda0_afproj,0.01,0.823092451803745,213
VTE,22,5,MELD_lambda0_reportN,0.01,0.822818176638616,213
VTE,22,5,MELD_lambda0_equal,0.01,0.820223528222742,213
VTE,22,5,MELD_lambda1_afproj,0.01,0.822053885234101,213
VTE,22,5,EUR,0.01,0.812547492326957,213
VTE,22,5,EAS,0.01,0.506060136705021,213
VTE,22,5,AFR,0.01,0.719763125456151,213
VTE,22,5,CSA,0.01,0.800774311706742,213
VTE,22,5,AMR,0.01,0.754209514830846,213
VTE,22,5,MELD_lambda0_afproj,0.1,0.833009536978378,213
VTE,22,5,MELD_lambda0_reportN,0.1,0.835169450035341,213
VTE,22,5,MELD_lambda0_equal,0.1,0.824150195699133,213
VTE,22,5,MELD_lambda1_afproj,0.1,0.839585826839816,213
VTE,22,5,EUR,0.1,0.832178948366775,213
VTE,22,5,EAS,0.1,0.581364591316178,213
VTE,22,5,AFR,0.1,0.737442425066148,213
VTE,22,5,CSA,0.1,0.765973949099622,213
VTE,22,5,AMR,0.1,0.846511174939366,213
VTE,22,6,MELD_lambda0_afproj,0.001,0.875336891165444,313
VTE,22,6,MELD_lambda0_reportN,0.001,0.875908234578941,313
VTE,22,6,MELD_lambda0_equal,0.001,0.860273047854953,313
VTE,22,6,MELD_lambda1_afproj,0.001,0.880226781958633,313
VTE,22,6,EUR,0.001,0.810706782853942,313
VTE,22,6,EAS,0.001,0.665599580076741,313
VTE,22,6,AFR,0.001,0.604819708669129,313
VTE,22,6,CSA,0.001,0.753080820489658,313
VTE,22,6,AMR,0.001,0.739408912031829,313
VTE,22,6,MELD_lambda0_afproj,0.01,0.891700664791262,313
VTE,22,6,MELD_lambda0_reportN,0.01,0.893293371694182,313
VTE,22,6,MELD_lambda0_equal,0.01,0.871109182599153,313
VTE,22,6,MELD_lambda1_afproj,0.01,0.889789677862613,313
VTE,22,6,EUR,0.01,0.864880271125943,313
VTE,22,6,EAS,0.01,0.820024292722038,313
VTE,22,6,AFR,0.01,0.730000065944924,313
VTE,22,6,CSA,0.01,0.813001261773687,313
VTE,22,6,AMR,0.01,0.857759151271199,313
VTE,22,6,MELD_lambda0_afproj,0.1,0.886874470735065,313
VTE,22,6,MELD_lambda0_reportN,0.1,0.889432339582745,313
VTE,22,6,MELD_lambda0_equal,0.1,0.875992511846185,313
VTE,22,6,MELD_lambda1_afproj,0.1,0.88240530353394,313
VTE,22,6,EUR,0.1,0.870283851333533,313
VTE,22,6,EAS,0.1,0.868981979397461,313
VTE,22,6,AFR,0.1,0.768454680197392,313
VTE,22,6,CSA,0.1,0.837259302233124,313
VTE,22,6,AMR,0.1,0.853122364766088,313
VTE,22,7,MELD_lambda0_afproj,0.001,0.837473490000371,563
VTE,22,7,MELD_lambda0_reportN,0.001,0.836114250601387,563
VTE,22,7,MELD_lambda0_equal,0.001,0.890722448714777,563
VTE,22,7,MELD_lambda1_afproj,0.001,0.838485422045486,563
VTE,22,7,EUR,0.001,0.754045355918057,563
VTE,22,7,EAS,0.001,0.684271532454372,563
VTE,22,7,AFR,0.001,0.436960725273053,563
VTE,22,7,CSA,0.001,0.759834842101323,563
VTE,22,7,AMR,0.001,0.758164462988305,563
VTE,22,7,MELD_lambda0_afproj,0.01,0.908049724271264,563
VTE,22,7,MELD_lambda0_reportN,0.01,0.908409906000826,563
VTE,22,7,MELD_lambda0_equal,0.01,0.910120490611602,563
VTE,22,7,MELD_lambda1_afproj,0.01,0.907129861280222,563
VTE,22,7,EUR,0.01,0.85457978771731,563
VTE,22,7,EAS,0.01,0.809057061413353,563
VTE,22,7,AFR,0.01,0.616633588355451,563
VTE,22,7,CSA,0.01,0.858860208534608,563
VTE,22,7,AMR,0.01,0.819965008134108,563
VTE,22,7,MELD_lambda0_afproj,0.1,0.903015492708224,563
VTE,22,7,MELD_lambda0_reportN,0.1,0.903862557774784,563
VTE,22,7,MELD_lambda0_equal,0.1,0.906213734819745,563
VTE,22,7,MELD_lambda1_afproj,0.1,0.903003967530858,563
VTE,22,7,EUR,0.1,0.866093379636416,563
VTE,22,7,EAS,0.1,0.8245418524056,563
VTE,22,7,AFR,0.1,0.700008617556841,563
VTE,22,7,CSA,0.1,0.871389229614654,563
VTE,22,7,AMR,0.1,0.827855889016928,563
VTE,22,8,MELD_lambda0_afproj,0.001,0.792374135549869,572
VTE,22,8,MELD_lambda0_reportN,0.001,0.790138327669623,572
VTE,22,8,MELD_lambda0_equal,0.001,0.741870697875589,572
VTE,22,8,MELD_lambda1_afproj,0.001,0.797147352007512,572
VTE,22,8,EUR,0.001,0.720459382739899,572
VTE,22,8,EAS,0.001,0.227442445829806,572
VTE,22,8,AFR,0.001,0.316192784497471,572
VTE,22,8,CSA,0.001,0.620787755608297,572
VTE,22,8,AMR,0.001,0.478740217664932,572
VTE,22,8,MELD_lambda0_afproj,0.01,0.820685406128713,572
VTE,22,8,MELD_lambda0_reportN,0.01,0.816578096133516,572
VTE,22,8,MELD_lambda0_equal,0.01,0.794216469718517,572
VTE,22,8,MELD_lambda1_afproj,0.01,0.823452200187911,572
VTE,22,8,EUR,0.01,0.835168947426355,572
VTE,22,8,EAS,0.01,0.50895377787164,572
VTE,22,8,AFR,0.01,0.430029075846806,572
VTE,22,8,CSA,0.01,0.715726109406081,572
VTE,22,8,AMR,0.01,0.586882166093589,572
VTE,22,8,MELD_lambda0_afproj,0.1,0.816404409017962,572
VTE,22,8,MELD_lambda0_reportN,0.1,0.813747613660109,572
VTE,22,8,MELD_lambda0_equal,0.1,0.805320443325364,572
VTE,22,8,MELD_lambda1_afproj,0.1,0.815890699502345,572
VTE,22,8,EUR,0.1,0.823703470729863,572
VTE,22,8,EAS,0.1,0.624722812167706,572
VTE,22,8,AFR,0.1,0.500318035531601,572
VTE,22,8,CSA,0.1,0.753575554355302,572
VTE,22,8,AMR,0.1,0.646548105471711,572
VTE,22,9,MELD_lambda0_afproj,0.001,0.863330826444836,545
VTE,22,9,MELD_lambda0_reportN,0.001,0.86346204675996,545
VTE,22,9,MELD_lambda0_equal,0.001,0.844435104127061,545
VTE,22,9,MELD_lambda1_afproj,0.001,0.863198089967428,545
VTE,22,9,EUR,0.001,0.735696218995796,545
VTE,22,9,EAS,0.001,0.513969573102216,545
VTE,22,9,AFR,0.001,0.443297414155811,545
VTE,22,9,CSA,0.001,0.723040601126967,545
VTE,22,9,AMR,0.001,0.650459096412302,545
VTE,22,9,MELD_lambda0_afproj,0.01,0.880373690900688,545
VTE,22,9,MELD_lambda0_reportN,0.01,0.882297650447659,545
VTE,22,9,MELD_lambda0_equal,0.01,0.850568349318153,545
VTE,22,9,MELD_lambda1_afproj,0.01,0.881488666346786,545
VTE,22,9,EUR,0.01,0.843045857009104,545
VTE,22,9,EAS,0.01,0.67855360685655,545
VTE,22,9,AFR,0.01,0.626236489552941,545
VTE,22,9,CSA,0.01,0.805093457450111,545
VTE,22,9,AMR,0.01,0.779784725443866,545
VTE,22,9,MELD_lambda0_afproj,0.1,0.873438110798155,545
VTE,22,9,MELD_lambda0_reportN,0.1,0.876919206229523,545
VTE,22,9,MELD_lambda0_equal,0.1,0.846795196617903,545
VTE,22,9,MELD_lambda1_afproj,0.1,0.875004677098251,545
VTE,22,9,EUR,0.1,0.861975050250525,545
VTE,22,9,EAS,0.1,0.719075967557596,545
VTE,22,9,AFR,0.1,0.710555418027739,545
VTE,22,9,CSA,0.1,0.793559286432644,545
VTE,22,9,AMR,0.1,0.802488056902037,545
VTE,22,10,MELD_lambda0_afproj,0.001,0.924054608731756,512
VTE,22,10,MELD_lambda0_reportN,0.001,0.921568604117445,512
VTE,22,10,MELD_lambda0_equal,0.001,0.903068932913636,512
VTE,22,10,MELD_lambda1_afproj,0.001,0.923371220551406,512
VTE,22,10,EUR,0.001,0.887329523502292,512
VTE,22,10,EAS,0.001,0.64062366601151,512
VTE,22,10,AFR,0.001,0.592145914826475,512
VTE,22,10,CSA,0.001,0.679041624451419,512
VTE,22,10,AMR,0.001,0.813478373637301,512
VTE,22,10,MELD_lambda0_afproj,0.01,0.93875018735924,512
VTE,22,10,MELD_lambda0_reportN,0.01,0.938409543140731,512
VTE,22,10,MELD_lambda0_equal,0.01,0.916604513492563,512
VTE,22,10,MELD_lambda1_afproj,0.01,0.937761303909587,512
VTE,22,10,EUR,0.01,0.920069430678933,512
VTE,22,10,EAS,0.01,0.811431218138481,512
VTE,22,10,AFR,0.01,0.693018657165995,512
VTE,22,10,CSA,0.01,0.828241385806655,512
VTE,22,10,AMR,0.01,0.885055658797902,512
VTE,22,10,MELD_lambda0_afproj,0.1,0.93655165069028,512
VTE,22,10,MELD_lambda0_reportN,0.1,0.938356265976938,512
VTE,22,10,MELD_lambda0_equal,0.1,0.924572666883246,512
VTE,22,10,MELD_lambda1_afproj,0.1,0.936138845595121,512
VTE,22,10,EUR,0.1,0.928912340623491,512
VTE,22,10,EAS,0.1,0.841009595878323,512
VTE,22,10,AFR,0.1,0.766883926143689,512
VTE,22,10,CSA,0.1,0.869496309414087,512
VTE,22,10,AMR,0.1,0.90837000614736,512
VTE,22,11,MELD_lambda0_afproj,0.001,0.935089432306548,321
VTE,22,11,MELD_lambda0_reportN,0.001,0.932840435264043,321
VTE,22,11,MELD_lambda0_equal,0.001,0.902780570838575,321
VTE,22,11,MELD_lambda1_afproj,0.001,0.931160144904646,321
VTE,22,11,EUR,0.001,0.905025717883871,321
VTE,22,11,EAS,0.001,0.49653968091875,321
VTE,22,11,AFR,0.001,0.614771819400894,321
VTE,22,11,CSA,0.001,0.808974280925931,321
VTE,22,11,AMR,0.001,0.832325839320369,321
VTE,22,11,MELD_lambda0_afproj,0.01,0.938632700382948,321
VTE,22,11,MELD_lambda0_reportN,0.01,0.938398357364115,321
VTE,22,11,MELD_lambda0_equal,0.01,0.91835356647473,321
VTE,22,11,MELD_lambda1_afproj,0.01,0.939366637057582,321
VTE,22,11,EUR,0.01,0.919677588166699,321
VTE,22,11,EAS,0.01,0.750676500612802,321
VTE,22,11,AFR,0.01,0.723635595104006,321
VTE,22,11,CSA,0.01,0.862593976972173,321
VTE,22,11,AMR,0.01,0.894313420340282,321
VTE,22,11,MELD_lambda0_afproj,0.1,0.922701067793068,321
VTE,22,11,MELD_lambda0_reportN,0.1,0.923151619004991,321
VTE,22,11,MELD_lambda0_equal,0.1,0.92004987158879,321
VTE,22,11,MELD_lambda1_afproj,0.1,0.923447759685764,321
VTE,22,11,EUR,0.1,0.904578689260615,321
VTE,22,11,EAS,0.1,0.794857551710116,321
VTE,22,11,AFR,0.1,0.774038466735747,321
VTE,22,11,CSA,0.1,0.882654200307046,321
VTE,22,11,AMR,0.1,0.901687954518898,321
VTE,22,12,MELD_lambda0_afproj,0.001,0.86758129862804,743
VTE,22,12,MELD_lambda0_reportN,0.001,0.864405735498966,743
VTE,22,12,MELD_lambda0_equal,0.001,0.877334350560812,743
VTE,22,12,MELD_lambda1_afproj,0.001,0.869804036753989,743
VTE,22,12,EUR,0.001,0.795951287602223,743
VTE,22,12,EAS,0.001,0.50859758895895,743
VTE,22,12,AFR,0.001,0.380954060124763,743
VTE,22,12,CSA,0.001,0.685677134986503,743
VTE,22,12,AMR,0.001,0.665668098392579,743
VTE,22,12,MELD_lambda0_afproj,0.01,0.899897016907235,743
VTE,22,12,MELD_lambda0_reportN,0.01,0.898156496036041,743
VTE,22,12,MELD_lambda0_equal,0.01,0.882826672857443,743
VTE,22,12,MELD_lambda1_afproj,0.01,0.901069946709227,743
VTE,22,12,EUR,0.01,0.877778779421502,743
VTE,22,12,EAS,0.01,0.692035128505063,743
VTE,22,12,AFR,0.01,0.51079352550994,743
VTE,22,12,CSA,0.01,0.82493760858797,743
VTE,22,12,AMR,0.01,0.781786566602845,743
VTE,22,12,MELD_lambda0_afproj,0.1,0.89986582124268,743
VTE,22,12,MELD_lambda0_reportN,0.1,0.89967073961913,743
VTE,22,12,MELD_lambda0_equal,0.1,0.88367280749344,743
VTE,22,12,MELD_lambda1_afproj,0.1,0.900339832685906,743
VTE,22,12,EUR,0.1,0.894193394022183,743
VTE,22,12,EAS,0.1,0.731269180993627,743
VTE,22,12,AFR,0.1,0.598418261700974,743
VTE,22,12,CSA,0.1,0.830699627918035,743
VTE,22,12,AMR,0.1,0.826126832503222,743
VTE,22,13,MELD_lambda0_afproj,0.001,0.905055657092239,496
VTE,22,13,MELD_lambda0_reportN,0.001,0.905485791599511,496
VTE,22,13,MELD_lambda0_equal,0.001,0.907234043325247,496
VTE,22,13,MELD_lambda1_afproj,0.001,0.906481760014561,496
VTE,22,13,EUR,0.001,0.851100313442322,496
VTE,22,13,EAS,0.001,0.686028492217682,496
VTE,22,13,AFR,0.001,0.641957048160298,496
VTE,22,13,CSA,0.001,0.736094470440604,496
VTE,22,13,AMR,0.001,0.822562571987027,496
VTE,22,13,MELD_lambda0_afproj,0.01,0.934615536612662,496
VTE,22,13,MELD_lambda0_reportN,0.01,0.933508365158736,496
VTE,22,13,MELD_lambda0_equal,0.01,0.918550687979733,496
VTE,22,13,MELD_lambda1_afproj,0.01,0.93448314909768,496
VTE,22,13,EUR,0.01,0.908125881687074,496
VTE,22,13,EAS,0.01,0.836837667069504,496
VTE,22,13,AFR,0.01,0.751827076361198,496
VTE,22,13,CSA,0.01,0.845927594459015,496
VTE,22,13,AMR,0.01,0.86326538536812,496
VTE,22,13,MELD_lambda0_afproj,0.1,0.931348180133562,496
VTE,22,13,MELD_lambda0_reportN,0.1,0.931780648829391,496
VTE,22,13,MELD_lambda0_equal,0.1,0.916945877895866,496
VTE,22,13,MELD_lambda1_afproj,0.1,0.930707889943615,496
VTE,22,13,EUR,0.1,0.915237518989713,496
VTE,22,13,EAS,0.1,0.859533407196246,496
VTE,22,13,AFR,0.1,0.80775224630128,496
VTE,22,13,CSA,0.1,0.877472218119257,496
VTE,22,13,AMR,0.1,0.88071804864502,496
VTE,22,14,MELD_lambda0_afproj,0.001,0.831076549151077,635
VTE,22,14,MELD_lambda0_reportN,0.001,0.824580101062056,635
VTE,22,14,MELD_lambda0_equal,0.001,0.824294795930285,635
VTE,22,14,MELD_lambda1_afproj,0.001,0.831244122993578,635
VTE,22,14,EUR,0.001,0.739490637657867,635
VTE,22,14,EAS,0.001,0.577589807425981,635
VTE,22,14,AFR,0.001,0.185846916667728,635
VTE,22,14,CSA,0.001,0.637683355707152,635
VTE,22,14,AMR,0.001,0.644379234578229,635
VTE,22,14,MELD_lambda0_afproj,0.01,0.861481858724749,635
VTE,22,14,MELD_lambda0_reportN,0.01,0.85931771373497,635
VTE,22,14,MELD_lambda0_equal,0.01,0.842688021404347,635
VTE,22,14,MELD_lambda1_afproj,0.01,0.86401367851861,635
VTE,22,14,EUR,0.01,0.840391427169933,635
VTE,22,14,EAS,0.01,0.705049942809354,635
VTE,22,14,AFR,0.01,0.410261296207568,635
VTE,22,14,CSA,0.01,0.761734778460598,635
VTE,22,14,AMR,0.01,0.774290437063981,635
VTE,22,14,MELD_lambda0_afproj,0.1,0.860036589951154,635
VTE,22,14,MELD_lambda0_reportN,0.1,0.859166264956138,635
VTE,22,14,MELD_lambda0_equal,0.1,0.848083315949154,635
VTE,22,14,MELD_lambda1_afproj,0.1,0.86025173187043,635
VTE,22,14,EUR,0.1,0.853490204208619,635
VTE,22,14,EAS,0.1,0.70873583281023,635
VTE,22,14,AFR,0.1,0.565911470625227,635
VTE,22,14,CSA,0.1,0.800134615211884,635
VTE,22,14,AMR,0.1,0.808697754745641,635
VTE,22,15,MELD_lambda0_afproj,0.001,0.909433061349908,476
VTE,22,15,MELD_lambda0_reportN,0.001,0.905343942347058,476
VTE,22,15,MELD_lambda0_equal,0.001,0.915730317467201,476
VTE,22,15,MELD_lambda1_afproj,0.001,0.911091837802986,476
VTE,22,15,EUR,0.001,0.862605597264911,476
VTE,22,15,EAS,0.001,0.70176656079511,476
VTE,22,15,AFR,0.001,0.618904934825124,476
VTE,22,15,CSA,0.001,0.85527879611382,476
VTE,22,15,AMR,0.001,0.816898389362438,476
VTE,22,15,MELD_lambda0_afproj,0.01,0.930567968005444,476
VTE,22,15,MELD_lambda0_reportN,0.01,0.92770984375713,476
VTE,22,15,MELD_lambda0_equal,0.01,0.931902555121751,476
VTE,22,15,MELD_lambda1_afproj,0.01,0.934206144888305,476
VTE,22,15,EUR,0.01,0.922140464843307,476
VTE,22,15,EAS,0.01,0.80571936540002,476
VTE,22,15,AFR,0.01,0.765914917209465,476
VTE,22,15,CSA,0.01,0.908155505906752,476
VTE,22,15,AMR,0.01,0.90403956976417,476
VTE,22,15,MELD_lambda0_afproj,0.1,0.933478538550881,476
VTE,22,15,MELD_lambda0_reportN,0.1,0.930789907691578,476
VTE,22,15,MELD_lambda0_equal,0.1,0.933331405531625,476
VTE,22,15,MELD_lambda1_afproj,0.1,0.936291969553851,476
VTE,22,15,EUR,0.1,0.930589085164822,476
VTE,22,15,EAS,0.1,0.828714106563673,476
VTE,22,15,AFR,0.1,0.82208206696764,476
VTE,22,15,CSA,0.1,0.92110508179963,476
VTE,22,15,AMR,0.1,0.909982299110534,476
VTE,22,16,MELD_lambda0_afproj,0.001,0.949598460274148,288
VTE,22,16,MELD_lambda0_reportN,0.001,0.949867443123726,288
VTE,22,16,MELD_lambda0_equal,0.001,0.892396118912241,288
VTE,22,16,MELD_lambda1_afproj,0.001,0.951873352174129,288
VTE,22,16,EUR,0.001,0.931647051975584,288
VTE,22,16,EAS,0.001,0.642028178394685,288
VTE,22,16,AFR,0.001,0.567748567933659,288
VTE,22,16,CSA,0.001,0.795374660707748,288
VTE,22,16,AMR,0.001,0.876709420773454,288
VTE,22,16,MELD_lambda0_afproj,0.01,0.942137568259513,288
VTE,22,16,MELD_lambda0_reportN,0.01,0.943354562804526,288
VTE,22,16,MELD_lambda0_equal,0.01,0.899192850049553,288
VTE,22,16,MELD_lambda1_afproj,0.01,0.942193043941517,288
VTE,22,16,EUR,0.01,0.936027984160997,288
VTE,22,16,EAS,0.01,0.77253938653761,288
VTE,22,16,AFR,0.01,0.733274342133002,288
VTE,22,16,CSA,0.01,0.855960789545519,288
VTE,22,16,AMR,0.01,0.891251575004227,288
VTE,22,16,MELD_lambda0_afproj,0.1,0.926337236693152,288
VTE,22,16,MELD_lambda0_reportN,0.1,0.927113121462491,288
VTE,22,16,MELD_lambda0_equal,0.1,0.904106057040448,288
VTE,22,16,MELD_lambda1_afproj,0.1,0.925271702420234,288
VTE,22,16,EUR,0.1,0.92309372263301,288
VTE,22,16,EAS,0.1,0.807443616468464,288
VTE,22,16,AFR,0.1,0.793148955388657,288
VTE,22,16,CSA,0.1,0.867017490418218,288
VTE,22,16,AMR,0.1,0.873739210320745,288
VTE,22,17,MELD_lambda0_afproj,0.001,0.982073366130975,427
VTE,22,17,MELD_lambda0_reportN,0.001,0.981998571264735,427
VTE,22,17,MELD_lambda0_equal,0.001,0.973006706241003,427
VTE,22,17,MELD_lambda1_afproj,0.001,0.983485214759357,427
VTE,22,17,EUR,0.001,0.970050142127404,427
VTE,22,17,EAS,0.001,0.72893960104148,427
VTE,22,17,AFR,0.001,0.718603440291197,427
VTE,22,17,CSA,0.001,0.927422788576391,427
VTE,22,17,AMR,0.001,0.938592361047886,427
VTE,22,17,MELD_lambda0_afproj,0.01,0.980324151396098,427
VTE,22,17,MELD_lambda0_reportN,0.01,0.979713207282795,427
VTE,22,17,MELD_lambda0_equal,0.01,0.973910314271217,427
VTE,22,17,MELD_lambda1_afproj,0.01,0.982631761361411,427
VTE,22,17,EUR,0.01,0.978279400795915,427
VTE,22,17,EAS,0.01,0.850348128367173,427
VTE,22,17,AFR,0.01,0.87814711963447,427
VTE,22,17,CSA,0.01,0.965018315331265,427
VTE,22,17,AMR,0.01,0.963565773952453,427
VTE,22,17,MELD_lambda0_afproj,0.1,0.97211013761363,427
VTE,22,17,MELD_lambda0_reportN,0.1,0.971846194857699,427
VTE,22,17,MELD_lambda0_equal,0.1,0.96970192500028,427
VTE,22,17,MELD_lambda1_afproj,0.1,0.975142877432509,427
VTE,22,17,EUR,0.1,0.969527925019546,427
VTE,22,17,EAS,0.1,0.86860916987251,427
VTE,22,17,AFR,0.1,0.902082020585094,427
VTE,22,17,CSA,0.1,0.966734886827281,427
VTE,22,17,AMR,0.1,0.960010920891143,427
VTE,22,18,MELD_lambda0_afproj,0.001,0.92917004285473,326
VTE,22,18,MELD_lambda0_reportN,0.001,0.927654570308314,326
VTE,22,18,MELD_lambda0_equal,0.001,0.924611664096818,326
VTE,22,18,MELD_lambda1_afproj,0.001,0.928331456064585,326
VTE,22,18,EUR,0.001,0.922569096204532,326
VTE,22,18,EAS,0.001,0.603254693549104,326
VTE,22,18,AFR,0.001,0.486789518602965,326
VTE,22,18,CSA,0.001,0.79915247134369,326
VTE,22,18,AMR,0.001,0.772703406380793,326
VTE,22,18,MELD_lambda0_afproj,0.01,0.937926185370963,326
VTE,22,18,MELD_lambda0_reportN,0.01,0.937727400789887,326
VTE,22,18,MELD_lambda0_equal,0.01,0.924966780606914,326
VTE,22,18,MELD_lambda1_afproj,0.01,0.938193544927259,326
VTE,22,18,EUR,0.01,0.939944841478616,326
VTE,22,18,EAS,0.01,0.759856927858449,326
VTE,22,18,AFR,0.01,0.577077156866852,326
VTE,22,18,CSA,0.01,0.894309251010838,326
VTE,22,18,AMR,0.01,0.862346074395752,326
VTE,22,18,MELD_lambda0_afproj,0.1,0.93907751816991,326
VTE,22,18,MELD_lambda0_reportN,0.1,0.939717341434384,326
VTE,22,18,MELD_lambda0_equal,0.1,0.921122832070288,326
VTE,22,18,MELD_lambda1_afproj,0.1,0.938563337491512,326
VTE,22,18,EUR,0.1,0.942749807059313,326
VTE,22,18,EAS,0.1,0.801592701904005,326
VTE,22,18,AFR,0.1,0.668894106638137,326
VTE,22,18,CSA,0.1,0.891691103207076,326
VTE,22,18,AMR,0.1,0.878571595920025,326
VTE,22,19,MELD_lambda0_afproj,0.001,0.831267591925134,560
VTE,22,19,MELD_lambda0_reportN,0.001,0.826002627703672,560
VTE,22,19,MELD_lambda0_equal,0.001,0.831168281901815,560
VTE,22,19,MELD_lambda1_afproj,0.001,0.83244181198808,560
VTE,22,19,EUR,0.001,0.661988340913297,560
VTE,22,19,EAS,0.001,0.47898005065361,560
VTE,22,19,AFR,0.001,0.435027050921662,560
VTE,22,19,CSA,0.001,0.68380965519172,560
VTE,22,19,AMR,0.001,0.647853401110053,560
VTE,22,19,MELD_lambda0_afproj,0.01,0.869424961791912,560
VTE,22,19,MELD_lambda0_reportN,0.01,0.867073519459589,560
VTE,22,19,MELD_lambda0_equal,0.01,0.852265950134533,560
VTE,22,19,MELD_lambda1_afproj,0.01,0.873551298610178,560
VTE,22,19,EUR,0.01,0.826071144053997,560
VTE,22,19,EAS,0.01,0.658932956953009,560
VTE,22,19,AFR,0.01,0.556177163500082,560
VTE,22,19,CSA,0.01,0.811939950436118,560
VTE,22,19,AMR,0.01,0.79154937208353,560
VTE,22,19,MELD_lambda0_afproj,0.1,0.873927104478412,560
VTE,22,19,MELD_lambda0_reportN,0.1,0.873182451851718,560
VTE,22,19,MELD_lambda0_equal,0.1,0.856390468896791,560
VTE,22,19,MELD_lambda1_afproj,0.1,0.876740089937577,560
VTE,22,19,EUR,0.1,0.862110990823597,560
VTE,22,19,EAS,0.1,0.719066527655017,560
VTE,22,19,AFR,0.1,0.641982945962243,560
VTE,22,19,CSA,0.1,0.838904272355134,560
VTE,22,19,AMR,0.1,0.821112272365946,560
VTE,22,20,MELD_lambda0_afproj,0.001,0.745177977272513,506
VTE,22,20,MELD_lambda0_reportN,0.001,0.74742543841598,506
VTE,22,20,MELD_lambda0_equal,0.001,0.774600644817002,506
VTE,22,20,MELD_lambda1_afproj,0.001,0.754900502528122,506
VTE,22,20,EUR,0.001,0.699547767006335,506
VTE,22,20,EAS,0.001,0.551311122287332,506
VTE,22,20,AFR,0.001,0.403182071539178,506
VTE,22,20,CSA,0.001,0.470791542889014,506
VTE,22,20,AMR,0.001,0.46227619886751,506
VTE,22,20,MELD_lambda0_afproj,0.01,0.827813383503934,506
VTE,22,20,MELD_lambda0_reportN,0.01,0.825005850287625,506
VTE,22,20,MELD_lambda0_equal,0.01,0.804157820004548,506
VTE,22,20,MELD_lambda1_afproj,0.01,0.829538444223557,506
VTE,22,20,EUR,0.01,0.820003749250846,506
VTE,22,20,EAS,0.01,0.653858947687705,506
VTE,22,20,AFR,0.01,0.487874401328566,506
VTE,22,20,CSA,0.01,0.621400046115226,506
VTE,22,20,AMR,0.01,0.656446331982826,506
VTE,22,20,MELD_lambda0_afproj,0.1,0.825791397212221,506
VTE,22,20,MELD_lambda0_reportN,0.1,0.824742919060805,506
VTE,22,20,MELD_lambda0_equal,0.1,0.79773093283206,506
VTE,22,20,MELD_lambda1_afproj,0.1,0.827090612948124,506
VTE,22,20,EUR,0.1,0.822980747891702,506
VTE,22,20,EAS,0.1,0.718191012455132,506
VTE,22,20,AFR,0.1,0.585312971348171,506
VTE,22,20,CSA,0.1,0.697981187368284,506
VTE,22,20,AMR,0.1,0.733152089220374,506
VTE,22,21,MELD_lambda0_afproj,0.001,0.878376315029842,318
VTE,22,21,MELD_lambda0_reportN,0.001,0.876517490759701,318
VTE,22,21,MELD_lambda0_equal,0.001,0.870628719101827,318
VTE,22,21,MELD_lambda1_afproj,0.001,0.870394027107698,318
VTE,22,21,EUR,0.001,0.844132720181037,318
VTE,22,21,EAS,0.001,0.607665882729724,318
VTE,22,21,AFR,0.001,0.600549616808833,318
VTE,22,21,CSA,0.001,0.777059232520712,318
VTE,22,21,AMR,0.001,0.78119064271071,318
VTE,22,21,MELD_lambda0_afproj,0.01,0.887197620239498,318
VTE,22,21,MELD_lambda0_reportN,0.01,0.886446503786667,318
VTE,22,21,MELD_lambda0_equal,0.01,0.876990270588886,318
VTE,22,21,MELD_lambda1_afproj,0.01,0.878045097570686,318
VTE,22,21,EUR,0.01,0.872733840338995,318
VTE,22,21,EAS,0.01,0.788796014649095,318
VTE,22,21,AFR,0.01,0.672499863984503,318
VTE,22,21,CSA,0.01,0.83766911270659,318
VTE,22,21,AMR,0.01,0.808726729942279,318
VTE,22,21,MELD_lambda0_afproj,0.1,0.884128625106406,318
VTE,22,21,MELD_lambda0_reportN,0.1,0.885334013177534,318
VTE,22,21,MELD_lambda0_equal,0.1,0.871809191601597,318
VTE,22,21,MELD_lambda1_afproj,0.1,0.87361683994686,318
VTE,22,21,EUR,0.1,0.877018159263962,318
VTE,22,21,EAS,0.1,0.809329585982525,318
VTE,22,21,AFR,0.1,0.725128592396954,318
VTE,22,21,CSA,0.1,0.829112330276487,318
VTE,22,21,AMR,0.1,0.783595210629945,318
VTE,22,22,MELD_lambda0_afproj,0.001,0.833807391535348,560
VTE,22,22,MELD_lambda0_reportN,0.001,0.832291948317333,560
VTE,22,22,MELD_lambda0_equal,0.001,0.826331850124253,560
VTE,22,22,MELD_lambda1_afproj,0.001,0.833503261765074,560
VTE,22,22,EUR,0.001,0.770162430789825,560
VTE,22,22,EAS,0.001,0.528498476706199,560
VTE,22,22,AFR,0.001,0.394040990417454,560
VTE,22,22,CSA,0.001,0.601159478204893,560
VTE,22,22,AMR,0.001,0.641862534044959,560
VTE,22,22,MELD_lambda0_afproj,0.01,0.875965253895104,560
VTE,22,22,MELD_lambda0_reportN,0.01,0.876228596308859,560
VTE,22,22,MELD_lambda0_equal,0.01,0.848305664484218,560
VTE,22,22,MELD_lambda1_afproj,0.01,0.877665419945934,560
VTE,22,22,EUR,0.01,0.863722020753406,560
VTE,22,22,EAS,0.01,0.669029697339252,560
VTE,22,22,AFR,0.01,0.526691754892416,560
VTE,22,22,CSA,0.01,0.748601856133821,560
VTE,22,22,AMR,0.01,0.753210595346296,560
VTE,22,22,MELD_lambda0_afproj,0.1,0.879214948299044,560
VTE,22,22,MELD_lambda0_reportN,0.1,0.880056337696918,560
VTE,22,22,MELD_lambda0_equal,0.1,0.85210152618148,560
VTE,22,22,MELD_lambda1_afproj,0.1,0.881010354401292,560
VTE,22,22,EUR,0.1,0.876840050731604,560
VTE,22,22,EAS,0.1,0.718941534952721,560
VTE,22,22,AFR,0.1,0.636102971065538,560
VTE,22,22,CSA,0.1,0.78761289058896,560
VTE,22,22,AMR,0.1,0.770296916730674,560
VTE,22,23,MELD_lambda0_afproj,0.001,0.771395612233343,478
VTE,22,23,MELD_lambda0_reportN,0.001,0.78450001348377,478
VTE,22,23,MELD_lambda0_equal,0.001,0.813574536110767,478
VTE,22,23,MELD_lambda1_afproj,0.001,0.77326407650609,478
VTE,22,23,EUR,0.001,0.70415439888746,478
VTE,22,23,EAS,0.001,0.280454400258897,478
VTE,22,23,AFR,0.001,0.39726352484957,478
VTE,22,23,CSA,0.001,0.551146277638781,478
VTE,22,23,AMR,0.001,0.576119824973673,478
VTE,22,23,MELD_lambda0_afproj,0.01,0.813792967207024,478
VTE,22,23,MELD_lambda0_reportN,0.01,0.818378197356215,478
VTE,22,23,MELD_lambda0_equal,0.01,0.820184285794437,478
VTE,22,23,MELD_lambda1_afproj,0.01,0.815683570810639,478
VTE,22,23,EUR,0.01,0.791396741319482,478
VTE,22,23,EAS,0.01,0.52725372535744,478
VTE,22,23,AFR,0.01,0.459670227005159,478
VTE,22,23,CSA,0.01,0.689750438498631,478
VTE,22,23,AMR,0.01,0.711469753339982,478
VTE,22,23,MELD_lambda0_afproj,0.1,0.822063290442815,478
VTE,22,23,MELD_lambda0_reportN,0.1,0.824441229766732,478
VTE,22,23,MELD_lambda0_equal,0.1,0.825692721545829,478
VTE,22,23,MELD_lambda1_afproj,0.1,0.823300581627906,478
VTE,22,23,EUR,0.1,0.812584078994445,478
VTE,22,23,EAS,0.1,0.613394060161214,478
VTE,22,23,AFR,0.1,0.52626071314682,478
VTE,22,23,CSA,0.1,0.750612040573219,478
VTE,22,23,AMR,0.1,0.751405925194901,478
VTE,22,24,MELD_lambda0_afproj,0.001,0.922707514255993,394
VTE,22,24,MELD_lambda0_reportN,0.001,0.923072624985885,394
VTE,22,24,MELD_lambda0_equal,0.001,0.896084139575707,394
VTE,22,24,MELD_lambda1_afproj,0.001,0.919979647420572,394
VTE,22,24,EUR,0.001,0.894115856931698,394
VTE,22,24,EAS,0.001,0.611877400560334,394
VTE,22,24,AFR,0.001,0.639062216293733,394
VTE,22,24,CSA,0.001,0.841948449338945,394
VTE,22,24,AMR,0.001,0.693339213331028,394
VTE,22,24,MELD_lambda0_afproj,0.01,0.924129797075486,394
VTE,22,24,MELD_lambda0_reportN,0.01,0.923805942810341,394
VTE,22,24,MELD_lambda0_equal,0.01,0.896028056392831,394
VTE,22,24,MELD_lambda1_afproj,0.01,0.920937777337755,394
VTE,22,24,EUR,0.01,0.915508077715999,394
VTE,22,24,EAS,0.01,0.751895917889255,394
VTE,22,24,AFR,0.01,0.682120610503369,394
VTE,22,24,CSA,0.01,0.901644746419077,394
VTE,22,24,AMR,0.01,0.780898687129304,394
VTE,22,24,MELD_lambda0_afproj,0.1,0.921510208920444,394
VTE,22,24,MELD_lambda0_reportN,0.1,0.920585877504642,394
VTE,22,24,MELD_lambda0_equal,0.1,0.889494158536942,394
VTE,22,24,MELD_lambda1_afproj,0.1,0.917825798234485,394
VTE,22,24,EUR,0.1,0.917184942827124,394
VTE,22,24,EAS,0.1,0.765255821828293,394
VTE,22,24,AFR,0.1,0.725841564072016,394
VTE,22,24,CSA,0.1,0.898209103939793,394
VTE,22,24,AMR,0.1,0.828350182951229,394
