trait,chr,block_id,candidate,delta,r2,m
Asthma,22,1,MELD_lambda0_afproj,0.001,0.839538653697872,92
Asthma,22,1,MELD_lambda0_reportN,0.001,0.83778970809088,92
Asthma,22,1,MELD_lambda0_equal,0.001,0.797921149611094,92
Asthma,22,1,MELD_lambda1_afproj,0.001,0.838261293208027,92
Asthma,22,1,EUR,0.001,0.782222279630535,92
Asthma,22,1,EAS,0.001,0.683051874827741,92
Asthma,22,1,AFR,0.001,0.683013685652962,92
Asthma,22,1,CSA,0.001,0.791645297735318,92
Asthma,22,1,AMR,0.001,0.668679899070701,92
Asthma,22,1,MELD_lambda0_afproj,0.01,0.831846999497034,92
Asthma,22,1,MELD_lambda0_reportN,0.01,0.830169157060403,92
Asthma,22,1,MELD_lambda0_equal,0.01,0.793534498909124,92
Asthma,22,1,MELD_lambda1_afproj,0.01,0.830409390588707,92
Asthma,22,1,EUR,0.01,0.846683875144912,92
Asthma,22,1,EAS,0.01,0.722657212987178,92
Asthma,22,1,AFR,0.01,0.684870993352013,92
Asthma,22,1,CSA,0.01,0.807165839012112,92
Asthma,22,1,AMR,0.01,0.755281873926232,92
Asthma,22,1,MELD_lambda0_afproj,0.1,0.821812318060162,92
Asthma,22,1,MELD_lambda0_reportN,0.1,0.823027957780629,92
Asthma,22,1,MELD_lambda0_equal,0.1,0.803722721864772,92
Asthma,22,1,MELD_lambda1_afproj,0.1,0.823219861518014,92
Asthma,22,1,EUR,0.1,0.834291190821539,92
Asthma,22,1,EAS,0.1,0.72450792009364,92
Asthma,22,1,AFR,0.1,0.682500964140487,92
Asthma,22,1,CSA,0.1,0.796118134625577,92
Asthma,22,1,AMR,0.1,0.7800339196103,92
Asthma,22,2,MELD_lambda0_afproj,0.001,0.943946443340608,46
Asthma,22,2,MELD_lambda0_reportN,0.001,0.945519033431896,46
Asthma,22,2,MELD_lambda0_equal,0.001,0.886161651157735,46
Asthma,22,2,MELD_lambda1_afproj,0.001,0.952239998533417,46
Asthma,22,2,EUR,0.001,0.949538728671442,46
Asthma,22,2,EAS,0.001,0.443070998567859,46
Asthma,22,2,AFR,0.001,0.576977990486927,46
Asthma,22,2,CSA,0.001,0.900299924219164,46
Asthma,22,2,AMR,0.001,0.907605926173603,46
Asthma,22,2,MELD_lambda0_afproj,0.01,0.932589017961596,46
Asthma,22,2,MELD_lambda0_reportN,0.01,0.935465905092977,46
Asthma,22,2,MELD_lambda0_equal,0.01,0.886185897818384,46
Asthma,22,2,MELD_lambda1_afproj,0.01,0.939330635254254,46
Asthma,22,2,EUR,0.01,0.947263480825564,46
Asthma,22,2,EAS,0.01,0.485493271253142,46
Asthma,22,2,AFR,0.01,0.584164137478566,46
Asthma,22,2,CSA,0.01,0.880327627987628,46
Asthma,22,2,AMR,0.01,0.896431608582507,46
Asthma,22,2,MELD_lambda0_afproj,0.1,0.907640792025537,46
Asthma,22,2,MELD_lambda0_reportN,0.1,0.910090524217156,46
Asthma,22,2,MELD_lambda0_equal,0.1,0.887492808070028,46
Asthma,22,2,MELD_lambda1_afproj,0.1,0.906635106448052,46
Asthma,22,2,EUR,0.1,0.92846990105561,46
Asthma,22,2,EAS,0.1,0.613363907474182,46
Asthma,22,2,AFR,0.1,0.604758644360032,46
Asthma,22,2,CSA,0.1,0.867908963948342,46
Asthma,22,2,AMR,0.1,0.869974836554476,46
Asthma,22,4,MELD_lambda0_afproj,0.001,0.750356471491829,195
Asthma,22,4,MELD_lambda0_reportN,0.001,0.750421992702653,195
Asthma,22,4,MELD_lambda0_equal,0.001,0.735758748906494,195
Asthma,22,4,MELD_lambda1_afproj,0.001,0.752078129315912,195
Asthma,22,4,EUR,0.001,0.751198818891307,195
Asthma,22,4,EAS,0.001,0.325550445926803,195
Asthma,22,4,AFR,0.001,0.409198960786155,195
Asthma,22,4,CSA,0.001,0.631888431690603,195
Asthma,22,4,AMR,0.001,0.484535553709131,195
Asthma,22,4,MELD_lambda0_afproj,0.01,0.757455000552878,195
Asthma,22,4,MELD_lambda0_reportN,0.01,0.757394440133191,195
Asthma,22,4,MELD_lambda0_equal,0.01,0.737284079507718,195
Asthma,22,4,MELD_lambda1_afproj,0.01,0.761953857744437,195
Asthma,22,4,EUR,0.01,0.752738772498179,195
Asthma,22,4,EAS,0.01,0.438713881340926,195
Asthma,22,4,AFR,0.01,0.439391011432653,195
Asthma,22,4,CSA,0.01,0.659888795658006,195
Asthma,22,4,AMR,0.01,0.579809370854384,195
Asthma,22,4,MELD_lambda0_afproj,0.1,0.752760722207477,195
Asthma,22,4,MELD_lambda0_reportN,0.1,0.753055273601425,195
Asthma,22,4,MELD_lambda0_equal,0.1,0.736707604576154,195
Asthma,22,4,MELD_lambda1_afproj,0.1,0.761733343036126,195
Asthma,22,4,EUR,0.1,0.725693725226486,195
Asthma,22,4,EAS,0.1,0.519274047191066,195
Asthma,22,4,AFR,0.1,0.477798936664959,195
Asthma,22,4,CSA,0.1,0.66563393248049,195
Asthma,22,4,AMR,0.1,0.636261377444531,195
Asthma,22,5,MELD_lambda0_afproj,0.001,0.968004346848688,86
Asthma,22,5,MELD_lambda0_reportN,0.001,0.968484737797466,86
Asthma,22,5,MELD_lambda0_equal,0.001,0.963521010114851,86
Asthma,22,5,MELD_lambda1_afproj,0.001,0.96753237490064,86
Asthma,22,5,EUR,0.001,0.94825915306484,86
Asthma,22,5,EAS,0.001,0.872886242041553,86
Asthma,22,5,AFR,0.001,0.818877511338524,86
Asthma,22,5,CSA,0.001,0.931172851495731,86
Asthma,22,5,AMR,0.001,0.930920324062618,86
Asthma,22,5,MELD_lambda0_afproj,0.01,0.967601671620642,86
Asthma,22,5,MELD_lambda0_reportN,0.01,0.968162937874127,86
Asthma,22,5,MELD_lambda0_equal,0.01,0.959876208902578,86
Asthma,22,5,MELD_lambda1_afproj,0.01,0.965322397566451,86
Asthma,22,5,EUR,0.01,0.960554162664952,86
Asthma,22,5,EAS,0.01,0.834804455544622,86
Asthma,22,5,AFR,0.01,0.816670184475336,86
Asthma,22,5,CSA,0.01,0.958044217058524,86
Asthma,22,5,AMR,0.01,0.931624052587991,86
Asthma,22,5,MELD_lambda0_afproj,0.1,0.969637393094564,86
Asthma,22,5,MELD_lambda0_reportN,0.1,0.969412869312143,86
Asthma,22,5,MELD_lambda0_equal,0.1,0.956527438028591,86
Asthma,22,5,MELD_lambda1_afproj,0.1,0.966452710887663,86
Asthma,22,5,EUR,0.1,0.966337440011182,86
Asthma,22,5,EAS,0.1,0.842691385454645,86
Asthma,22,5,AFR,0.1,0.788503195367832,86
Asthma,22,5,CSA,0.1,0.97491081204868,86
Asthma,22,5,AMR,0.1,0.923176216247479,86
Asthma,22,6,MELD_lambda0_afproj,0.001,0.640907933797236,31
Asthma,22,6,MELD_lambda0_reportN,0.001,0.639250166636299,31
Asthma,22,6,MELD_lambda0_equal,0.001,0.721614362702174,31
Asthma,22,6,MELD_lambda1_afproj,0.001,0.636321504389898,31
Asthma,22,6,EUR,0.001,0.755586678581498,31
Asthma,22,6,EAS,0.001,0.682989780798611,31
Asthma,22,6,AFR,0.001,0.721036213028698,31
Asthma,22,6,CSA,0.001,0.8467794559151,31
Asthma,22,6,AMR,0.001,0.770073557379315,31
Asthma,22,6,MELD_lambda0_afproj,0.01,0.642515789421596,31
Asthma,22,6,MELD_lambda0_reportN,0.01,0.641595580303394,31
Asthma,22,6,MELD_lambda0_equal,0.01,0.718086409044155,31
Asthma,22,6,MELD_lambda1_afproj,0.01,0.639830108889246,31
Asthma,22,6,EUR,0.01,0.7475346094294,31
Asthma,22,6,EAS,0.01,0.695610167527664,31
Asthma,22,6,AFR,0.01,0.728893912846552,31
Asthma,22,6,CSA,0.01,0.842536609864491,31
Asthma,22,6,AMR,0.01,0.776450566515214,31
Asthma,22,6,MELD_lambda0_afproj,0.1,0.656549015736614,31
Asthma,22,6,MELD_lambda0_reportN,0.1,0.655914839467784,31
Asthma,22,6,MELD_lambda0_equal,0.1,0.693271304992908,31
Asthma,22,6,MELD_lambda1_afproj,0.1,0.65880561706401,31
Asthma,22,6,EUR,0.1,0.7332843457774,31
Asthma,22,6,EAS,0.1,0.743754497083712,31
Asthma,22,6,AFR,0.1,0.764172438000078,31
Asthma,22,6,CSA,0.1,0.835198893747063,31
Asthma,22,6,AMR,0.1,0.781525905927611,31
Asthma,22,7,MELD_lambda0_afproj,0.001,0.904194084398488,293
Asthma,22,7,MELD_lambda0_reportN,0.001,0.902598663599671,293
Asthma,22,7,MELD_lambda0_equal,0.001,0.907376801850731,293
Asthma,22,7,MELD_lambda1_afproj,0.001,0.911216551621245,293
Asthma,22,7,EUR,0.001,0.876474050641205,293
Asthma,22,7,EAS,0.001,0.732370570152139,293
Asthma,22,7,AFR,0.001,0.697841858210035,293
Asthma,22,7,CSA,0.001,0.850607099171056,293
Asthma,22,7,AMR,0.001,0.827008782089258,293
Asthma,22,7,MELD_lambda0_afproj,0.01,0.920522287364412,293
Asthma,22,7,MELD_lambda0_reportN,0.01,0.919471861195304,293
Asthma,22,7,MELD_lambda0_equal,0.01,0.920483364351538,293
Asthma,22,7,MELD_lambda1_afproj,0.01,0.92659051382703,293
Asthma,22,7,EUR,0.01,0.906679000868101,293
Asthma,22,7,EAS,0.01,0.866383963358927,293
Asthma,22,7,AFR,0.01,0.777393662606925,293
Asthma,22,7,CSA,0.01,0.895194437336661,293
Asthma,22,7,AMR,0.01,0.876783607953245,293
Asthma,22,7,MELD_lambda0_afproj,0.1,0.917914662342216,293
Asthma,22,7,MELD_lambda0_reportN,0.1,0.917917977184492,293
Asthma,22,7,MELD_lambda0_equal,0.1,0.918679156959546,293
Asthma,22,7,MELD_lambda1_afproj,0.1,0.920989691995428,293
Asthma,22,7,EUR,0.1,0.912315780369485,293
Asthma,22,7,EAS,0.1,0.873841729638215,293
Asthma,22,7,AFR,0.1,0.791992605864298,293
Asthma,22,7,CSA,0.1,0.911571600557382,293
Asthma,22,7,AMR,0.1,0.897056911407897,293
Asthma,22,8,MELD_lambda0_afproj,0.001,0.789320205149282,106
Asthma,22,8,MELD_lambda0_reportN,0.001,0.785000068614512,106
Asthma,22,8,MELD_lambda0_equal,0.001,0.713409311020241,106
Asthma,22,8,MELD_lambda1_afproj,0.001,0.789389403412796,106
Asthma,22,8,EUR,0.001,0.778727190112507,106
Asthma,22,8,EAS,0.001,0.682260427602231,106
Asthma,22,8,AFR,0.001,0.326195797887005,106
Asthma,22,8,CSA,0.001,0.608669597977738,106
Asthma,22,8,AMR,0.001,0.583269965015051,106
Asthma,22,8,MELD_lambda0_afproj,0.01,0.770061898425445,106
Asthma,22,8,MELD_lambda0_reportN,0.01,0.766531131423601,106
Asthma,22,8,MELD_lambda0_equal,0.01,0.6918222541052,106
Asthma,22,8,MELD_lambda1_afproj,0.01,0.769428104547384,106
Asthma,22,8,EUR,0.01,0.749377282874283,106
Asthma,22,8,EAS,0.01,0.646064128296298,106
Asthma,22,8,AFR,0.01,0.385317819975927,106
Asthma,22,8,CSA,0.01,0.685008085929606,106
Asthma,22,8,AMR,0.01,0.651708246811345,106
Asthma,22,8,MELD_lambda0_afproj,0.1,0.713057151261923,106
Asthma,22,8,MELD_lambda0_reportN,0.1,0.710474114529285,106
Asthma,22,8,MELD_lambda0_equal,0.1,0.65516912889417,106
Asthma,22,8,MELD_lambda1_afproj,0.1,0.712355907086648,106
Asthma,22,8,EUR,0.1,0.694333156177108,106
Asthma,22,8,EAS,0.1,0.588642592527464,106
Asthma,22,8,AFR,0.1,0.430589717855534,106
Asthma,22,8,CSA,0.1,0.630598518478574,106
Asthma,22,8,AMR,0.1,0.652891380941759,106
Asthma,22,10,MELD_lambda0_afproj,0.001,0.90983664357974,224
Asthma,22,10,MELD_lambda0_reportN,0.001,0.912857007688353,224
Asthma,22,10,MELD_lambda0_equal,0.001,0.957215848658612,224
Asthma,22,10,MELD_lambda1_afproj,0.001,0.907240133437054,224
Asthma,22,10,EUR,0.001,0.830447061112547,224
Asthma,22,10,EAS,0.001,0.718716719822749,224
Asthma,22,10,AFR,0.001,0.651062444074396,224
Asthma,22,10,CSA,0.001,0.92646741399132,224
Asthma,22,10,AMR,0.001,0.879874322198418,224
Asthma,22,10,MELD_lambda0_afproj,0.01,0.966964947383599,224
Asthma,22,10,MELD_lambda0_reportN,0.01,0.967463481132306,224
Asthma,22,10,MELD_lambda0_equal,0.01,0.959166156942059,224
Asthma,22,10,MELD_lambda1_afproj,0.01,0.966402625499866,224
Asthma,22,10,EUR,0.01,0.947402164096016,224
Asthma,22,10,EAS,0.01,0.830335527869775,224
Asthma,22,10,AFR,0.01,0.722037913325111,224
Asthma,22,10,CSA,0.01,0.950610289630611,224
Asthma,22,10,AMR,0.01,0.921286690025914,224
Asthma,22,10,MELD_lambda0_afproj,0.1,0.953481172645268,224
Asthma,22,10,MELD_lambda0_reportN,0.1,0.954121663375609,224
Asthma,22,10,MELD_lambda0_equal,0.1,0.946940667610254,224
Asthma,22,10,MELD_lambda1_afproj,0.1,0.954426193062208,224
Asthma,22,10,EUR,0.1,0.941921800866791,224
Asthma,22,10,EAS,0.1,0.799239033003429,224
Asthma,22,10,AFR,0.1,0.791573026074362,224
Asthma,22,10,CSA,0.1,0.92576637810956,224
Asthma,22,10,AMR,0.1,0.91059146875038,224
Asthma,22,11,MELD_lambda0_afproj,0.001,0.956717418690268,163
Asthma,22,11,MELD_lambda0_reportN,0.001,0.956426497561264,163
Asthma,22,11,MELD_lambda0_equal,0.001,0.949614117627421,163
Asthma,22,11,MELD_lambda1_afproj,0.001,0.957454536545469,163
Asthma,22,11,EUR,0.001,0.916820023758106,163
Asthma,22,11,EAS,0.001,0.71757695364095,163
Asthma,22,11,AFR,0.001,0.614576007853347,163
Asthma,22,11,CSA,0.001,0.848337098225223,163
Asthma,22,11,AMR,0.001,0.878087674424255,163
Asthma,22,11,MELD_lambda0_afproj,0.01,0.961991332967931,163
Asthma,22,11,MELD_lambda0_reportN,0.01,0.961660890056338,163
Asthma,22,11,MELD_lambda0_equal,0.01,0.949911333413542,163
Asthma,22,11,MELD_lambda1_afproj,0.01,0.962247564568213,163
Asthma,22,11,EUR,0.01,0.932758389972954,163
Asthma,22,11,EAS,0.01,0.896063421515095,163
Asthma,22,11,AFR,0.01,0.806268845758262,163
Asthma,22,11,CSA,0.01,0.905631469664999,163
Asthma,22,11,AMR,0.01,0.911618006390014,163
Asthma,22,11,MELD_lambda0_afproj,0.1,0.958705862904615,163
Asthma,22,11,MELD_lambda0_reportN,0.1,0.958694230612962,163
Asthma,22,11,MELD_lambda0_equal,0.1,0.940235925812297,163
Asthma,22,11,MELD_lambda1_afproj,0.1,0.959313521192782,163
Asthma,22,11,EUR,0.1,0.9382302320838,163
Asthma,22,11,EAS,0.1,0.882839555353221,163
Asthma,22,11,AFR,0.1,0.825109885466676,163
Asthma,22,11,CSA,0.1,0.907934600359641,163
Asthma,22,11,AMR,0.1,0.910921148553891,163
Asthma,22,12,MELD_lambda0_afproj,0.001,0.916355677110112,55
Asthma,22,12,MELD_lambda0_reportN,0.001,0.919575263375321,55
Asthma,22,12,MELD_lambda0_equal,0.001,0.908686075734297,55
Asthma,22,12,MELD_lambda1_afproj,0.001,0.909875917695668,55
Asthma,22,12,EUR,0.001,0.820261247341582,55
Asthma,22,12,EAS,0.001,0.763950399267458,55
Asthma,22,12,AFR,0.001,0.842016150486316,55
Asthma,22,12,CSA,0.001,0.891619974445161,55
Asthma,22,12,AMR,0.001,0.866292634586717,55
Asthma,22,12,MELD_lambda0_afproj,0.01,0.923438391563528,55
Asthma,22,12,MELD_lambda0_reportN,0.01,0.923348739772048,55
Asthma,22,12,MELD_lambda0_equal,0.01,0.909785306373567,55
Asthma,22,12,MELD_lambda1_afproj,0.01,0.915784015368747,55
Asthma,22,12,EUR,0.01,0.887367864447297,55
Asthma,22,12,EAS,0.01,0.800403467938888,55
Asthma,22,12,AFR,0.01,0.826275134536151,55
Asthma,22,12,CSA,0.01,0.914246832882333,55
Asthma,22,12,AMR,0.01,0.881240994025045,55
Asthma,22,12,MELD_lambda0_afproj,0.1,0.9289747899741,55
Asthma,22,12,MELD_lambda0_reportN,0.1,0.927632354518689,55
Asthma,22,12,MELD_lambda0_equal,0.1,0.907143747980135,55
Asthma,22,12,MELD_lambda1_afproj,0.1,0.926215881047391,55
Asthma,22,12,EUR,0.1,0.919651549489722,55
Asthma,22,12,EAS,0.1,0.765210860099789,55
Asthma,22,12,AFR,0.1,0.801408044722837,55
Asthma,22,12,CSA,0.1,0.928660738345951,55
Asthma,22,12,AMR,0.1,0.907919471700754,55
Asthma,22,13,MELD_lambda0_afproj,0.001,0.976263929506858,95
Asthma,22,13,MELD_lambda0_reportN,0.001,0.976259565334944,95
Asthma,22,13,MELD_lambda0_equal,0.001,0.961464385671224,95
Asthma,22,13,MELD_lambda1_afproj,0.001,0.970393153095905,95
Asthma,22,13,EUR,0.001,0.979221802291764,95
Asthma,22,13,EAS,0.001,0.769402266597021,95
Asthma,22,13,AFR,0.001,0.935071290008032,95
Asthma,22,13,CSA,0.001,0.951243810662275,95
Asthma,22,13,AMR,0.001,0.88762737040594,95
Asthma,22,13,MELD_lambda0_afproj,0.01,0.978511796004146,95
Asthma,22,13,MELD_lambda0_reportN,0.01,0.978452908890904,95
Asthma,22,13,MELD_lambda0_equal,0.01,0.965904711822652,95
Asthma,22,13,MELD_lambda1_afproj,0.01,0.973963125963245,95
Asthma,22,13,EUR,0.01,0.983337842547672,95
Asthma,22,13,EAS,0.01,0.862306261242362,95
Asthma,22,13,AFR,0.01,0.935908848986142,95
Asthma,22,13,CSA,0.01,0.953514033316517,95
Asthma,22,13,AMR,0.01,0.954570796538934,95
Asthma,22,13,MELD_lambda0_afproj,0.1,0.975670066197687,95
Asthma,22,13,MELD_lambda0_reportN,0.1,0.975694788468946,95
Asthma,22,13,MELD_lambda0_equal,0.1,0.96632498806524,95
Asthma,22,13,MELD_lambda1_afproj,0.1,0.972434673476805,95
Asthma,22,13,EUR,0.1,0.977193695628664,95
Asthma,22,13,EAS,0.1,0.845959212140952,95
Asthma,22,13,AFR,0.1,0.924614800332218,95
Asthma,22,13,CSA,0.1,0.952226029684938,95
Asthma,22,13,AMR,0.1,0.96772035067245,95
Asthma,22,14,MELD_lambda0_afproj,0.001,0.788586450429406,79
Asthma,22,14,MELD_lambda0_reportN,0.001,0.787900171832682,79
Asthma,22,14,MELD_lambda0_equal,0.001,0.740060536586572,79
Asthma,22,14,MELD_lambda1_afproj,0.001,0.783965815358068,79
Asthma,22,14,EUR,0.001,0.756801360145754,79
Asthma,22,14,EAS,0.001,0.638166300658278,79
Asthma,22,14,AFR,0.001,0.664216901823635,79
Asthma,22,14,CSA,0.001,0.643835052919265,79
Asthma,22,14,AMR,0.001,0.651877189505133,79
Asthma,22,14,MELD_lambda0_afproj,0.01,0.8102196355515,79
Asthma,22,14,MELD_lambda0_reportN,0.01,0.807920633561222,79
Asthma,22,14,MELD_lambda0_equal,0.01,0.744502084234326,79
Asthma,22,14,MELD_lambda1_afproj,0.01,0.809086128425496,79
Asthma,22,14,EUR,0.01,0.785175614182017,79
Asthma,22,14,EAS,0.01,0.736654462661436,79
Asthma,22,14,AFR,0.01,0.660798088989747,79
Asthma,22,14,CSA,0.01,0.667879254280933,79
Asthma,22,14,AMR,0.01,0.670429741512694,79
Asthma,22,14,MELD_lambda0_afproj,0.1,0.816158701821451,79
Asthma,22,14,MELD_lambda0_reportN,0.1,0.813843118502821,79
Asthma,22,14,MELD_lambda0_equal,0.1,0.744681691451054,79
Asthma,22,14,MELD_lambda1_afproj,0.1,0.814311911565226,79
Asthma,22,14,EUR,0.1,0.794593517425349,79
Asthma,22,14,EAS,0.1,0.768291489324484,79
Asthma,22,14,AFR,0.1,0.651454644540038,79
Asthma,22,14,CSA,0.1,0.675055259155455,79
Asthma,22,14,AMR,0.1,0.649386068279252,79
Asthma,22,16,MELD_lambda0_afproj,0.001,0.878332274667719,51
Asthma,22,16,MELD_lambda0_reportN,0.001,0.886470369827298,51
Asthma,22,16,MELD_lambda0_equal,0.001,0.908405248472669,51
Asthma,22,16,MELD_lambda1_afproj,0.001,0.820434414270464,51
Asthma,22,16,EUR,0.001,0.904935524868669,51
Asthma,22,16,EAS,0.001,0.701955701697388,51
Asthma,22,16,AFR,0.001,0.726955515529955,51
Asthma,22,16,CSA,0.001,0.848453377303313,51
Asthma,22,16,AMR,0.001,0.539249368084363,51
Asthma,22,16,MELD_lambda0_afproj,0.01,0.931665314418664,51
Asthma,22,16,MELD_lambda0_reportN,0.01,0.93126198522663,51
Asthma,22,16,MELD_lambda0_equal,0.01,0.925975808725828,51
Asthma,22,16,MELD_lambda1_afproj,0.01,0.940259105778913,51
Asthma,22,16,EUR,0.01,0.934289965601232,51
Asthma,22,16,EAS,0.01,0.68179178249049,51
Asthma,22,16,AFR,0.01,0.747045568394588,51
Asthma,22,16,CSA,0.01,0.935023861791378,51
Asthma,22,16,AMR,0.01,0.944896960612056,51
Asthma,22,16,MELD_lambda0_afproj,0.1,0.931938136541228,51
Asthma,22,16,MELD_lambda0_reportN,0.1,0.932796040250171,51
Asthma,22,16,MELD_lambda0_equal,0.1,0.943642931540262,51
Asthma,22,16,MELD_lambda1_afproj,0.1,0.954478942587407,51
Asthma,22,16,EUR,0.1,0.922678485373438,51
Asthma,22,16,EAS,0.1,0.736506203902779,51
Asthma,22,16,AFR,0.1,0.761729366621105,51
Asthma,22,16,CSA,0.1,0.926715827758195,51
Asthma,22,16,AMR,0.1,0.974253632419248,51
Asthma,22,17,MELD_lambda0_afproj,0.001,0.948050993163447,90
Asthma,22,17,MELD_lambda0_reportN,0.001,0.948788553259553,90
Asthma,22,17,MELD_lambda0_equal,0.001,0.942936344333474,90
Asthma,22,17,MELD_lambda1_afproj,0.001,0.944870486846108,90
Asthma,22,17,EUR,0.001,0.946236530715035,90
Asthma,22,17,EAS,0.001,0.868070755886233,90
Asthma,22,17,AFR,0.001,0.784776217900621,90
Asthma,22,17,CSA,0.001,0.944595974669885,90
Asthma,22,17,AMR,0.001,0.936480194486067,90
Asthma,22,17,MELD_lambda0_afproj,0.01,0.951891142648539,90
Asthma,22,17,MELD_lambda0_reportN,0.01,0.952073972028654,90
Asthma,22,17,MELD_lambda0_equal,0.01,0.947897302408861,90
Asthma,22,17,MELD_lambda1_afproj,0.01,0.948695243358128,90
Asthma,22,17,EUR,0.01,0.947137585390157,90
Asthma,22,17,EAS,0.01,0.900061779761604,90
Asthma,22,17,AFR,0.01,0.795000630589276,90
Asthma,22,17,CSA,0.01,0.960999376401741,90
Asthma,22,17,AMR,0.01,0.936075889411525,90
Asthma,22,17,MELD_lambda0_afproj,0.1,0.950664329773186,90
Asthma,22,17,MELD_lambda0_reportN,0.1,0.950380033768696,90
Asthma,22,17,MELD_lambda0_equal,0.1,0.940025857938521,90
Asthma,22,17,MELD_lambda1_afproj,0.1,0.947616892164622,90
Asthma,22,17,EUR,0.1,0.945988664711461,90
Asthma,22,17,EAS,0.1,0.918597292435137,90
Asthma,22,17,AFR,0.1,0.78394692962971,90
Asthma,22,17,CSA,0.1,0.951387845625191,90
Asthma,22,17,AMR,0.1,0.933979722056539,90
Asthma,22,19,MELD_lambda0_afproj,0.001,0.920620123893739,218
Asthma,22,19,MELD_lambda0_reportN,0.001,0.921341486901192,218
Asthma,22,19,MELD_lambda0_equal,0.001,0.897117625226525,218
Asthma,22,19,MELD_lambda1_afproj,0.001,0.911191751145491,218
Asthma,22,19,EUR,0.001,0.911495033423876,218
Asthma,22,19,EAS,0.001,0.73833016465487,218
Asthma,22,19,AFR,0.001,0.71384107156207,218
Asthma,22,19,CSA,0.001,0.856155313257473,218
Asthma,22,19,AMR,0.001,0.74401371546036,218
Asthma,22,19,MELD_lambda0_afproj,0.01,0.943247361858904,218
Asthma,22,19,MELD_lambda0_reportN,0.01,0.943136639458603,218
Asthma,22,19,MELD_lambda0_equal,0.01,0.904931942155114,218
Asthma,22,19,MELD_lambda1_afproj,0.01,0.940319992420841,218
Asthma,22,19,EUR,0.01,0.943107028617696,218
Asthma,22,19,EAS,0.01,0.828687657060479,218
Asthma,22,19,AFR,0.01,0.7264966987202,218
Asthma,22,19,CSA,0.01,0.904047998461314,218
Asthma,22,19,AMR,0.01,0.801167740250834,218
Asthma,22,19,MELD_lambda0_afproj,0.1,0.926952970283951,218
Asthma,22,19,MELD_lambda0_reportN,0.1,0.92661616165225,218
Asthma,22,19,MELD_lambda0_equal,0.1,0.883889392328833,218
Asthma,22,19,MELD_lambda1_afproj,0.1,0.924837118282024,218
Asthma,22,19,EUR,0.1,0.91566516185423,218
Asthma,22,19,EAS,0.1,0.811899110274419,218
Asthma,22,19,AFR,0.1,0.702617552398051,218
Asthma,22,19,CSA,0.1,0.885220855979906,218
Asthma,22,19,AMR,0.1,0.802365075811916,218
Asthma,22,20,MELD_lambda0_afproj,0.001,0.983758737772571,110
Asthma,22,20,MELD_lambda0_reportN,0.001,0.98331217190064,110
Asthma,22,20,MELD_lambda0_equal,0.001,0.975311461005917,110
Asthma,22,20,MELD_lambda1_afproj,0.001,0.982283085488258,110
Asthma,22,20,EUR,0.001,0.978537470530397,110
Asthma,22,20,EAS,0.001,0.960304645633203,110
Asthma,22,20,AFR,0.001,0.899296551044868,110
Asthma,22,20,CSA,0.001,0.972372956229932,110
Asthma,22,20,AMR,0.001,0.978039610157151,110
Asthma,22,20,MELD_lambda0_afproj,0.01,0.984046081737787,110
Asthma,22,20,MELD_lambda0_reportN,0.01,0.983726946332117,110
Asthma,22,20,MELD_lambda0_equal,0.01,0.973111026345696,110
Asthma,22,20,MELD_lambda1_afproj,0.01,0.982943473586098,110
Asthma,22,20,EUR,0.01,0.984298786423241,110
Asthma,22,20,EAS,0.01,0.9649454637568,110
Asthma,22,20,AFR,0.01,0.936987682800412,110
Asthma,22,20,CSA,0.01,0.965341573038505,110
Asthma,22,20,AMR,0.01,0.974228926348885,110
Asthma,22,20,MELD_lambda0_afproj,0.1,0.980996553570569,110
Asthma,22,20,MELD_lambda0_reportN,0.1,0.980882020076317,110
Asthma,22,20,MELD_lambda0_equal,0.1,0.969635305769449,110
Asthma,22,20,MELD_lambda1_afproj,0.1,0.980500402588281,110
Asthma,22,20,EUR,0.1,0.982501165315827,110
Asthma,22,20,EAS,0.1,0.961895105011391,110
Asthma,22,20,AFR,0.1,0.956018277901012,110
Asthma,22,20,CSA,0.1,0.956254398379522,110
Asthma,22,20,AMR,0.1,0.96636586436539,110
Asthma,22,21,MELD_lambda0_afproj,0.001,0.890573226542114,51
Asthma,22,21,MELD_lambda0_reportN,0.001,0.894322047852146,51
Asthma,22,21,MELD_lambda0_equal,0.001,0.879515183281334,51
Asthma,22,21,MELD_lambda1_afproj,0.001,0.883108849675198,51
Asthma,22,21,EUR,0.001,0.874039409183255,51
Asthma,22,21,EAS,0.001,0.756115207955315,51
Asthma,22,21,AFR,0.001,0.753361565789691,51
Asthma,22,21,CSA,0.001,0.808024326086852,51
Asthma,22,21,AMR,0.001,0.939002378257394,51
Asthma,22,21,MELD_lambda0_afproj,0.01,0.868771468081071,51
Asthma,22,21,MELD_lambda0_reportN,0.01,0.875599797576636,51
Asthma,22,21,MELD_lambda0_equal,0.01,0.881642041491526,51
Asthma,22,21,MELD_lambda1_afproj,0.01,0.866310183913537,51
Asthma,22,21,EUR,0.01,0.88149561802017,51
Asthma,22,21,EAS,0.01,0.747673449454259,51
Asthma,22,21,AFR,0.01,0.783618725694326,51
Asthma,22,21,CSA,0.01,0.808346151959424,51
Asthma,22,21,AMR,0.01,0.92034733849291,51
Asthma,22,21,MELD_lambda0_afproj,0.1,0.826689584955539,51
Asthma,22,21,MELD_lambda0_reportN,0.1,0.832010994863392,51
Asthma,22,21,MELD_lambda0_equal,0.1,0.862875093894587,51
Asthma,22,21,MELD_lambda1_afproj,0.1,0.823751875848728,51
Asthma,22,21,EUR,0.1,0.846015921954041,51
Asthma,22,21,EAS,0.1,0.764879253098446,51
Asthma,22,21,AFR,0.1,0.809038513846597,51
Asthma,22,21,CSA,0.1,0.780498183881635,51
Asthma,22,21,AMR,0.1,0.878038139853688,51
Asthma,22,22,MELD_lambda0_afproj,0.001,0.709784629174078,166
Asthma,22,22,MELD_lambda0_reportN,0.001,0.706926763064161,166
Asthma,22,22,MELD_lambda0_equal,0.001,0.757273397136105,166
Asthma,22,22,MELD_lambda1_afproj,0.001,0.737343595841724,166
Asthma,22,22,EUR,0.001,0.6432505166133,166
Asthma,22,22,EAS,0.001,0.621058891411757,166
Asthma,22,22,AFR,0.001,0.393482765102153,166
Asthma,22,22,CSA,0.001,0.557787260759348,166
Asthma,22,22,AMR,0.001,0.308634814177659,166
Asthma,22,22,MELD_lambda0_afproj,0.01,0.803938485733898,166
Asthma,22,22,MELD_lambda0_reportN,0.01,0.805115035945846,166
Asthma,22,22,MELD_lambda0_equal,0.01,0.761279857499279,166
Asthma,22,22,MELD_lambda1_afproj,0.01,0.814280411275245,166
Asthma,22,22,EUR,0.01,0.775146849074179,166
Asthma,22,22,EAS,0.01,0.717686979377859,166
Asthma,22,22,AFR,0.01,0.477937821529635,166
Asthma,22,22,CSA,0.01,0.602542607946718,166
Asthma,22,22,AMR,0.01,0.575634680403857,166
Asthma,22,22,MELD_lambda0_afproj,0.1,0.786614990581707,166
Asthma,22,22,MELD_lambda0_reportN,0.1,0.786768886338961,166
Asthma,22,22,MELD_lambda0_equal,0.1,0.739763136266767,166
Asthma,22,22,MELD_lambda1_afproj,0.1,0.78701041532067,166
Asthma,22,22,EUR,0.1,0.766642236065933,166
Asthma,22,22,EAS,0.1,0.706438154164953,166
Asthma,22,22,AFR,0.1,0.513230017580387,166
Asthma,22,22,CSA,0.1,0.624644571678445,166
Asthma,22,22,AMR,0.1,0.711582860632358,166
Asthma,22,23,MELD_lambda0_afproj,0.001,0.884390197543925,212
Asthma,22,23,MELD_lambda0_reportN,0.001,0.885738389409404,212
Asthma,22,23,MELD_lambda0_equal,0.001,0.853875542117382,212
Asthma,22,23,MELD_lambda1_afproj,0.001,0.864139429040298,212
Asthma,22,23,EUR,0.001,0.713856359787437,212
Asthma,22,23,EAS,0.001,0.425935700066088,212
Asthma,22,23,AFR,0.001,0.637113144895022,212
Asthma,22,23,CSA,0.001,0.807764475344535,212
Asthma,22,23,AMR,0.001,0.614694006564157,212
Asthma,22,23,MELD_lambda0_afproj,0.01,0.887645475230224,212
Asthma,22,23,MELD_lambda0_reportN,0.01,0.88752237629531,212
Asthma,22,23,MELD_lambda0_equal,0.01,0.861940470300334,212
Asthma,22,23,MELD_lambda1_afproj,0.01,0.872727240175598,212
Asthma,22,23,EUR,0.01,0.826127699744341,212
Asthma,22,23,EAS,0.01,0.689895410889147,212
Asthma,22,23,AFR,0.01,0.739296462758105,212
Asthma,22,23,CSA,0.01,0.834919500489628,212
Asthma,22,23,AMR,0.01,0.796859077569038,212
Asthma,22,23,MELD_lambda0_afproj,0.1,0.866640367047137,212
Asthma,22,23,MELD_lambda0_reportN,0.1,0.865964869827735,212
Asthma,22,23,MELD_lambda0_equal,0.1,0.838749006930656,212
Asthma,22,23,MELD_lambda1_afproj,0.1,0.851055271123937,212
Asthma,22,23,EUR,0.1,0.841672127114824,212
Asthma,22,23,EAS,0.1,0.740912677525453,212
Asthma,22,23,AFR,0.1,0.74107653550725,212
Asthma,22,23,CSA,0.1,0.822144802810605,212
Asthma,22,23,AMR,0.1,0.8023492081531,212
Asthma,22,25,MELD_lambda0_afproj,0.001,0.907731398895918,134
Asthma,22,25,MELD_lambda0_reportN,0.001,0.909463995654576,134
Asthma,22,25,MELD_lambda0_equal,0.001,0.920017772772436,134
Asthma,22,25,MELD_lambda1_afproj,0.001,0.920962028831214,134
Asthma,22,25,EUR,0.001,0.877965168200682,134
Asthma,22,25,EAS,0.001,0.730003829943246,134
Asthma,22,25,AFR,0.001,0.75604587061414,134
Asthma,22,25,CSA,0.001,0.860954416537899,134
Asthma,22,25,AMR,0.001,0.841606857445905,134
Asthma,22,25,MELD_lambda0_afproj,0.01,0.914018718111561,134
Asthma,22,25,MELD_lambda0_reportN,0.01,0.914879716117132,134
Asthma,22,25,MELD_lambda0_equal,0.01,0.91592069195696,134
Asthma,22,25,MELD_lambda1_afproj,0.01,0.922183674915817,134
Asthma,22,25,EUR,0.01,0.906456946432603,134
Asthma,22,25,EAS,0.01,0.815024400518067,134
Asthma,22,25,AFR,0.01,0.775877370106017,134
Asthma,22,25,CSA,0.01,0.889180214990356,134
Asthma,22,25,AMR,0.01,0.88065991849186,134
Asthma,22,25,MELD_lambda0_afproj,0.1,0.917955322910597,134
Asthma,22,25,MELD_lambda0_reportN,0.1,0.918173121461868,134
Asthma,22,25,MELD_lambda0_equal,0.1,0.903382128750909,134
Asthma,22,25,MELD_lambda1_afproj,0.1,0.920790294255486,134
Asthma,22,25,EUR,0.1,0.917689608978934,134
Asthma,22,25,EAS,0.1,0.7929731843409,134
Asthma,22,25,AFR,0.1,0.813706911380478,134
Asthma,22,25,CSA,0.1,0.868296231358439,134
Asthma,22,25,AMR,0.1,0.873508182212935,134
Asthma,22,26,MELD_lambda0_afproj,0.001,0.877599210986141,205
Asthma,22,26,MELD_lambda0_reportN,0.001,0.880847717871305,205
Asthma,22,26,MELD_lambda0_equal,0.001,0.912905786519218,205
Asthma,22,26,MELD_lambda1_afproj,0.001,0.879297146638666,205
Asthma,22,26,EUR,0.001,0.857648023992739,205
Asthma,22,26,EAS,0.001,0.765698773389099,205
Asthma,22,26,AFR,0.001,0.48956177173081,205
Asthma,22,26,CSA,0.001,0.890176466204991,205
Asthma,22,26,AMR,0.001,0.717006486671736,205
Asthma,22,26,MELD_lambda0_afproj,0.01,0.91413268299918,205
Asthma,22,26,MELD_lambda0_reportN,0.01,0.914815562669545,205
Asthma,22,26,MELD_lambda0_equal,0.01,0.91677737753758,205
Asthma,22,26,MELD_lambda1_afproj,0.01,0.914769174559098,205
Asthma,22,26,EUR,0.01,0.899526068857688,205
Asthma,22,26,EAS,0.01,0.833785542033782,205
Asthma,22,26,AFR,0.01,0.661787625944062,205
Asthma,22,26,CSA,0.01,0.887755042321508,205
Asthma,22,26,AMR,0.01,0.85201051596227,205
Asthma,22,26,MELD_lambda0_afproj,0.1,0.913172224352597,205
Asthma,22,26,MELD_lambda0_reportN,0.1,0.913000896287099,205
Asthma,22,26,MELD_lambda0_equal,0.1,0.906441254089524,205
Asthma,22,26,MELD_lambda1_afproj,0.1,0.912426826308947,205
Asthma,22,26,EUR,0.1,0.908853206057655,205
Asthma,22,26,EAS,0.1,0.830714477675651,205
Asthma,22,26,AFR,0.1,0.708696905914499,205
Asthma,22,26,CSA,0.1,0.85867130211362,205
Asthma,22,26,AMR,0.1,0.872617711002068,205
Asthma,22,27,MELD_lambda0_afproj,0.001,0.78929925035648,384
Asthma,22,27,MELD_lambda0_reportN,0.001,0.78068845175259,384
Asthma,22,27,MELD_lambda0_equal,0.001,0.654246605522691,384
Asthma,22,27,MELD_lambda1_afproj,0.001,0.782067234618261,384
Asthma,22,27,EUR,0.001,0.734388806428426,384
Asthma,22,27,EAS,0.001,0.380967712162774,384
Asthma,22,27,AFR,0.001,0.380190487320748,384
Asthma,22,27,CSA,0.001,0.530544862011281,384
Asthma,22,27,AMR,0.001,0.653767387890012,384
Asthma,22,27,MELD_lambda0_afproj,0.01,0.861852319936793,384
Asthma,22,27,MELD_lambda0_reportN,0.01,0.860294125623038,384
Asthma,22,27,MELD_lambda0_equal,0.01,0.802335613631815,384
Asthma,22,27,MELD_lambda1_afproj,0.01,0.857282522547356,384
Asthma,22,27,EUR,0.01,0.847799489741908,384
Asthma,22,27,EAS,0.01,0.592949763052899,384
Asthma,22,27,AFR,0.01,0.500516696743029,384
Asthma,22,27,CSA,0.01,0.693364337070293,384
Asthma,22,27,AMR,0.01,0.729756430814403,384
Asthma,22,27,MELD_lambda0_afproj,0.1,0.863370018218884,384
Asthma,22,27,MELD_lambda0_reportN,0.1,0.862872658074474,384
Asthma,22,27,MELD_lambda0_equal,0.1,0.816650418943291,384
Asthma,22,27,MELD_lambda1_afproj,0.1,0.859540329946315,384
Asthma,22,27,EUR,0.1,0.845798814790138,384
Asthma,22,27,EAS,0.1,0.632726968386416,384
Asthma,22,27,AFR,0.1,0.572650817528517,384
Asthma,22,27,CSA,0.1,0.694812512950144,384
Asthma,22,27,AMR,0.1,0.712214140961985,384
Asthma,22,28,MELD_lambda0_afproj,0.001,0.904333957564767,237
Asthma,22,28,MELD_lambda0_reportN,0.001,0.906055837150295,237
Asthma,22,28,MELD_lambda0_equal,0.001,0.9038782269667,237
Asthma,22,28,MELD_lambda1_afproj,0.001,0.900525222987664,237
Asthma,22,28,EUR,0.001,0.780024865002559,237
Asthma,22,28,EAS,0.001,0.543441284751697,237
Asthma,22,28,AFR,0.001,0.512342242975683,237
Asthma,22,28,CSA,0.001,0.744002479978056,237
Asthma,22,28,AMR,0.001,0.683242308773931,237
Asthma,22,28,MELD_lambda0_afproj,0.01,0.90673600931917,237
Asthma,22,28,MELD_lambda0_reportN,0.01,0.907689538233106,237
Asthma,22,28,MELD_lambda0_equal,0.01,0.90452117828746,237
Asthma,22,28,MELD_lambda1_afproj,0.01,0.900230623697982,237
Asthma,22,28,EUR,0.01,0.828311608511751,237
Asthma,22,28,EAS,0.01,0.67506556202996,237
Asthma,22,28,AFR,0.01,0.615596590426057,237
Asthma,22,28,CSA,0.01,0.773817944251279,237
Asthma,22,28,AMR,0.01,0.796505261385,237
Asthma,22,28,MELD_lambda0_afproj,0.1,0.876147749893403,237
Asthma,22,28,MELD_lambda0_reportN,0.1,0.877364041325375,237
Asthma,22,28,MELD_lambda0_equal,0.1,0.877882934075998,237
Asthma,22,28,MELD_lambda1_afproj,0.1,0.867288553377324,237
Asthma,22,28,EUR,0.1,0.838863494390598,237
Asthma,22,28,EAS,0.1,0.669269889252492,237
Asthma,22,28,AFR,0.1,0.624116587757692,237
Asthma,22,28,CSA,0.1,0.789078388528335,237
Asthma,22,28,AMR,0.1,0.812947492337365,237
Asthma,22,29,MELD_lambda0_afproj,0.001,0.964279448026226,307
Asthma,22,29,MELD_lambda0_reportN,0.001,0.962839181926554,307
Asthma,22,29,MELD_lambda0_equal,0.001,0.954493049088553,307
Asthma,22,29,MELD_lambda1_afproj,0.001,0.963440305155019,307
Asthma,22,29,EUR,0.001,0.952442151823507,307
Asthma,22,29,EAS,0.001,0.784007721818376,307
Asthma,22,29,AFR,0.001,0.613094051702886,307
Asthma,22,29,CSA,0.001,0.878518346130996,307
Asthma,22,29,AMR,0.001,0.860023000920806,307
Asthma,22,29,MELD_lambda0_afproj,0.01,0.974188000592128,307
Asthma,22,29,MELD_lambda0_reportN,0.01,0.973863389058299,307
Asthma,22,29,MELD_lambda0_equal,0.01,0.958848866798116,307
Asthma,22,29,MELD_lambda1_afproj,0.01,0.974515669925697,307
Asthma,22,29,EUR,0.01,0.967367004310348,307
Asthma,22,29,EAS,0.01,0.901898721294262,307
Asthma,22,29,AFR,0.01,0.773975507558042,307
Asthma,22,29,CSA,0.01,0.938244889676018,307
Asthma,22,29,AMR,0.01,0.929519367234692,307
Asthma,22,29,MELD_lambda0_afproj,0.1,0.964102566537477,307
Asthma,22,29,MELD_lambda0_reportN,0.1,0.964388426673973,307
Asthma,22,29,MELD_lambda0_equal,0.1,0.952429915352877,307
Asthma,22,29,MELD_lambda1_afproj,0.1,0.963891183145818,307
Asthma,22,29,EUR,0.1,0.958259201849189,307
Asthma,22,29,EAS,0.1,0.896037427029268,307
Asthma,22,29,AFR,0.1,0.806114361163827,307
Asthma,22,29,CSA,0.1,0.939906821216646,307
Asthma,22,29,AMR,0.1,0.932774409893283,307
Asthma,22,31,MELD_lambda0_afproj,0.001,0.957516397357056,360
Asthma,22,31,MELD_lambda0_reportN,0.001,0.957837951344143,360
Asthma,22,31,MELD_lambda0_equal,0.001,0.962533984693969,360
Asthma,22,31,MELD_lambda1_afproj,0.001,0.951962153381416,360
Asthma,22,31,EUR,0.001,0.966063011005776,360
Asthma,22,31,EAS,0.001,0.775275789087242,360
Asthma,22,31,AFR,0.001,0.824020043184376,360
Asthma,22,31,CSA,0.001,0.896968283144984,360
Asthma,22,31,AMR,0.001,0.932972398956587,360
Asthma,22,31,MELD_lambda0_afproj,0.01,0.97489011585276,360
Asthma,22,31,MELD_lambda0_reportN,0.01,0.975377161588047,360
Asthma,22,31,MELD_lambda0_equal,0.01,0.968659337790097,360
Asthma,22,31,MELD_lambda1_afproj,0.01,0.974000105605451,360
Asthma,22,31,EUR,0.01,0.964715873678192,360
Asthma,22,31,EAS,0.01,0.873730178665657,360
Asthma,22,31,AFR,0.01,0.881030413321885,360
Asthma,22,31,CSA,0.01,0.935524275673822,360
Asthma,22,31,AMR,0.01,0.962609870710398,360
Asthma,22,31,MELD_lambda0_afproj,0.1,0.964889719398622,360
Asthma,22,31,MELD_lambda0_reportN,0.1,0.965178587093946,360
Asthma,22,31,MELD_lambda0_equal,0.1,0.956470508434814,360
Asthma,22,31,MELD_lambda1_afproj,0.1,0.963988783576426,360
Asthma,22,31,EUR,0.1,0.955056605381227,360
Asthma,22,31,EAS,0.1,0.858190877143002,360
Asthma,22,31,AFR,0.1,0.89583836170623,360
Asthma,22,31,CSA,0.1,0.915376200171903,360
Asthma,22,31,AMR,0.1,0.949554201504906,360
Asthma,22,32,MELD_lambda0_afproj,0.001,0.950105385766533,116
Asthma,22,32,MELD_lambda0_reportN,0.001,0.949926948431277,116
Asthma,22,32,MELD_lambda0_equal,0.001,0.941600807640218,116
Asthma,22,32,MELD_lambda1_afproj,0.001,0.946863761101518,116
Asthma,22,32,EUR,0.001,0.94515825865671,116
Asthma,22,32,EAS,0.001,0.521874806784698,116
Asthma,22,32,AFR,0.001,0.865250989346206,116
Asthma,22,32,CSA,0.001,0.921620619625497,116
Asthma,22,32,AMR,0.001,0.934193625247129,116
Asthma,22,32,MELD_lambda0_afproj,0.01,0.944671781649821,116
Asthma,22,32,MELD_lambda0_reportN,0.01,0.944122731485414,116
Asthma,22,32,MELD_lambda0_equal,0.01,0.935564458039101,116
Asthma,22,32,MELD_lambda1_afproj,0.01,0.942561113681001,116
Asthma,22,32,EUR,0.01,0.937200092858432,116
Asthma,22,32,EAS,0.01,0.767785205742043,116
Asthma,22,32,AFR,0.01,0.86781810767855,116
Asthma,22,32,CSA,0.01,0.925582450062727,116
Asthma,22,32,AMR,0.01,0.929768887263412,116
Asthma,22,32,MELD_lambda0_afproj,0.1,0.929002385297198,116
Asthma,22,32,MELD_lambda0_reportN,0.1,0.928890777874599,116
Asthma,22,32,MELD_lambda0_equal,0.1,0.918392254164725,116
Asthma,22,32,MELD_lambda1_afproj,0.1,0.930704621300015,116
Asthma,22,32,EUR,0.1,0.922026256194922,116
Asthma,22,32,EAS,0.1,0.875260078992599,116
Asthma,22,32,AFR,0.1,0.852635598404976,116
Asthma,22,32,CSA,0.1,0.919338846455426,116
Asthma,22,32,AMR,0.1,0.900577050298526,116
Asthma,22,34,MELD_lambda0_afproj,0.001,0.972787929739453,338
Asthma,22,34,MELD_lambda0_reportN,0.001,0.973185019322236,338
Asthma,22,34,MELD_lambda0_equal,0.001,0.949006589112012,338
Asthma,22,34,MELD_lambda1_afproj,0.001,0.96742940684179,338
Asthma,22,34,EUR,0.001,0.947044487945284,338
Asthma,22,34,EAS,0.001,0.624905514837256,338
Asthma,22,34,AFR,0.001,0.675395264959406,338
Asthma,22,34,CSA,0.001,0.816154861880454,338
Asthma,22,34,AMR,0.001,0.831532031368003,338
Asthma,22,34,MELD_lambda0_afproj,0.01,0.978110570892098,338
Asthma,22,34,MELD_lambda0_reportN,0.01,0.978259802518277,338
Asthma,22,34,MELD_lambda0_equal,0.01,0.969053378235906,338
Asthma,22,34,MELD_lambda1_afproj,0.01,0.975115826040482,338
Asthma,22,34,EUR,0.01,0.968855104414444,338
Asthma,22,34,EAS,0.01,0.852857901608349,338
Asthma,22,34,AFR,0.01,0.808376537152151,338
Asthma,22,34,CSA,0.01,0.936241089352942,338
Asthma,22,34,AMR,0.01,0.924328535016019,338
Asthma,22,34,MELD_lambda0_afproj,0.1,0.974911366817584,338
Asthma,22,34,MELD_lambda0_reportN,0.1,0.975087808425897,338
Asthma,22,34,MELD_lambda0_equal,0.1,0.965484227955467,338
Asthma,22,34,MELD_lambda1_afproj,0.1,0.97210291239846,338
Asthma,22,34,EUR,0.1,0.968220160957115,338
Asthma,22,34,EAS,0.1,0.882891057053114,338
Asthma,22,34,AFR,0.1,0.83233098264568,338
Asthma,22,34,CSA,0.1,0.942442681990835,338
Asthma,22,34,AMR,0.1,0.916204065607708,338
Asthma,22,37,MELD_lambda0_afproj,0.001,0.936117700396258,719
Asthma,22,37,MELD_lambda0_reportN,0.001,0.937658254483885,719
Asthma,22,37,MELD_lambda0_equal,0.001,0.920359150787147,719
Asthma,22,37,MELD_lambda1_afproj,0.001,0.933851318195935,719
Asthma,22,37,EUR,0.001,0.868464574624234,719
Asthma,22,37,EAS,0.001,0.567877857553152,719
Asthma,22,37,AFR,0.001,0.32236821601899,719
Asthma,22,37,CSA,0.001,0.800304552110751,719
Asthma,22,37,AMR,0.001,0.705349453344119,719
Asthma,22,37,MELD_lambda0_afproj,0.01,0.940547128450191,719
Asthma,22,37,MELD_lambda0_reportN,0.01,0.941299158300968,719
Asthma,22,37,MELD_lambda0_equal,0.01,0.92812615405767,719
Asthma,22,37,MELD_lambda1_afproj,0.01,0.940320789505339,719
Asthma,22,37,EUR,0.01,0.916837754682732,719
Asthma,22,37,EAS,0.01,0.731388825323404,719
Asthma,22,37,AFR,0.01,0.571634390392009,719
Asthma,22,37,CSA,0.01,0.872806164387383,719
Asthma,22,37,AMR,0.01,0.788262294236168,719
Asthma,22,37,MELD_lambda0_afproj,0.1,0.926768349501175,719
Asthma,22,37,MELD_lambda0_reportN,0.1,0.927455142256703,719
Asthma,22,37,MELD_lambda0_equal,0.1,0.920434460799136,719
Asthma,22,37,MELD_lambda1_afproj,0.1,0.926613064098165,719
Asthma,22,37,EUR,0.1,0.906267180101162,719
Asthma,22,37,EAS,0.1,0.790160055175772,719
Asthma,22,37,AFR,0.1,0.67512774715503,719
Asthma,22,37,CSA,0.1,0.884444575200008,719
Asthma,22,37,AMR,0.1,0.816666052996513,719
Asthma,22,38,MELD_lambda0_afproj,0.001,0.958124801141442,47
Asthma,22,38,MELD_lambda0_reportN,0.001,0.956693470535698,47
Asthma,22,38,MELD_lambda0_equal,0.001,0.95048010712173,47
Asthma,22,38,MELD_lambda1_afproj,0.001,0.961605776421546,47
Asthma,22,38,EUR,0.001,0.954713314827223,47
Asthma,22,38,EAS,0.001,0.741438294020828,47
Asthma,22,38,AFR,0.001,0.829580969510698,47
Asthma,22,38,CSA,0.001,0.957320672308123,47
Asthma,22,38,AMR,0.001,0.972347563785302,47
Asthma,22,38,MELD_lambda0_afproj,0.01,0.959600477395745,47
Asthma,22,38,MELD_lambda0_reportN,0.01,0.958475814514485,47
Asthma,22,38,MELD_lambda0_equal,0.01,0.954401188216489,47
Asthma,22,38,MELD_lambda1_afproj,0.01,0.963051151360806,47
Asthma,22,38,EUR,0.01,0.959565053696754,47
Asthma,22,38,EAS,0.01,0.757725241009067,47
Asthma,22,38,AFR,0.01,0.797716191883188,47
Asthma,22,38,CSA,0.01,0.947369464430827,47
Asthma,22,38,AMR,0.01,0.976695297626899,47
Asthma,22,38,MELD_lambda0_afproj,0.1,0.967629754575586,47
Asthma,22,38,MELD_lambda0_reportN,0.1,0.966818326121885,47
Asthma,22,38,MELD_lambda0_equal,0.1,0.960979695702238,47
Asthma,22,38,MELD_lambda1_afproj,0.1,0.967972218548587,47
Asthma,22,38,EUR,0.1,0.957069333616201,47
Asthma,22,38,EAS,0.1,0.778712820081784,47
Asthma,22,38,AFR,0.1,0.760038270200001,47
Asthma,22,38,CSA,0.1,0.932273172880759,47
Asthma,22,38,AMR,0.1,0.979437876401239,47
Asthma,22,39,MELD_lambda0_afproj,0.001,0.959626619839378,168
Asthma,22,39,MELD_lambda0_reportN,0.001,0.961093454143172,168
Asthma,22,39,MELD_lambda0_equal,0.001,0.93154942774097,168
Asthma,22,39,MELD_lambda1_afproj,0.001,0.957460779435774,168
Asthma,22,39,EUR,0.001,0.912520530079556,168
Asthma,22,39,EAS,0.001,0.750301878677065,168
Asthma,22,39,AFR,0.001,0.760519758137109,168
Asthma,22,39,CSA,0.001,0.94499800260422,168
Asthma,22,39,AMR,0.001,0.888458122265489,168
Asthma,22,39,MELD_lambda0_afproj,0.01,0.96198177752875,168
Asthma,22,39,MELD_lambda0_reportN,0.01,0.962455185050159,168
Asthma,22,39,MELD_lambda0_equal,0.01,0.950115919122282,168
Asthma,22,39,MELD_lambda1_afproj,0.01,0.96024958382327,168
Asthma,22,39,EUR,0.01,0.949742462753149,168
Asthma,22,39,EAS,0.01,0.840924793637379,168
Asthma,22,39,AFR,0.01,0.862196047616295,168
Asthma,22,39,CSA,0.01,0.960301993416021,168
Asthma,22,39,AMR,0.01,0.914196373595838,168
Asthma,22,39,MELD_lambda0_afproj,0.1,0.959829840838558,168
Asthma,22,39,MELD_lambda0_reportN,0.1,0.96019034398325,168
Asthma,22,39,MELD_lambda0_equal,0.1,0.949620919580633,168
Asthma,22,39,MELD_lambda1_afproj,0.1,0.958548039667455,168
Asthma,22,39,EUR,0.1,0.952405412944724,168
Asthma,22,39,EAS,0.1,0.875463864654773,168
Asthma,22,39,AFR,0.1,0.886215143674106,168
Asthma,22,39,CSA,0.1,0.953524713720496,168
Asthma,22,39,AMR,0.1,0.919754547077172,168
Asthma,22,40,MELD_lambda0_afproj,0.001,0.738512777321071,37
Asthma,22,40,MELD_lambda0_reportN,0.001,0.741096969353749,37
Asthma,22,40,MELD_lambda0_equal,0.001,0.760597460985239,37
Asthma,22,40,MELD_lambda1_afproj,0.001,0.730617738616901,37
Asthma,22,40,EUR,0.001,0.862871049179507,37
Asthma,22,40,EAS,0.001,0.8890904508912,37
Asthma,22,40,AFR,0.001,0.701423138912215,37
Asthma,22,40,CSA,0.001,0.571055482892475,37
Asthma,22,40,AMR,0.001,0.776201319237989,37
Asthma,22,40,MELD_lambda0_afproj,0.01,0.857384338700751,37
Asthma,22,40,MELD_lambda0_reportN,0.01,0.853755196185862,37
Asthma,22,40,MELD_lambda0_equal,0.01,0.815588828559731,37
Asthma,22,40,MELD_lambda1_afproj,0.01,0.84172826895932,37
Asthma,22,40,EUR,0.01,0.910297395980558,37
Asthma,22,40,EAS,0.01,0.842601692936334,37
Asthma,22,40,AFR,0.01,0.708623525848048,37
Asthma,22,40,CSA,0.01,0.842190726786142,37
Asthma,22,40,AMR,0.01,0.855065465515559,37
Asthma,22,40,MELD_lambda0_afproj,0.1,0.924052435186838,37
Asthma,22,40,MELD_lambda0_reportN,0.1,0.924087262598731,37
Asthma,22,40,MELD_lambda0_equal,0.1,0.886452599073753,37
Asthma,22,40,MELD_lambda1_afproj,0.1,0.915267477627212,37
Asthma,22,40,EUR,0.1,0.919261158585953,37
Asthma,22,40,EAS,0.1,0.82224783072732,37
Asthma,22,40,AFR,0.1,0.718323978555916,37
Asthma,22,40,CSA,0.1,0.909004790528035,37
Asthma,22,40,AMR,0.1,0.921070047374919,37
Asthma,22,41,MELD_lambda0_afproj,0.001,0.943450369142303,261
Asthma,22,41,MELD_lambda0_reportN,0.001,0.945075649084111,261
Asthma,22,41,MELD_lambda0_equal,0.001,0.949926915625694,261
Asthma,22,41,MELD_lambda1_afproj,0.001,0.946448430976015,261
Asthma,22,41,EUR,0.001,0.915464515271791,261
Asthma,22,41,EAS,0.001,0.947991519669205,261
Asthma,22,41,AFR,0.001,0.850679144597332,261
Asthma,22,41,CSA,0.001,0.86860812347004,261
Asthma,22,41,AMR,0.001,0.911569011287559,261
Asthma,22,41,MELD_lambda0_afproj,0.01,0.959797805165292,261
Asthma,22,41,MELD_lambda0_reportN,0.01,0.960497272566464,261
Asthma,22,41,MELD_lambda0_equal,0.01,0.964395282478677,261
Asthma,22,41,MELD_lambda1_afproj,0.01,0.960208450272399,261
Asthma,22,41,EUR,0.01,0.941152036406973,261
Asthma,22,41,EAS,0.01,0.961650078805177,261
Asthma,22,41,AFR,0.01,0.878935448290432,261
Asthma,22,41,CSA,0.01,0.915467254729278,261
Asthma,22,41,AMR,0.01,0.952275646569521,261
Asthma,22,41,MELD_lambda0_afproj,0.1,0.957840147728931,261
Asthma,22,41,MELD_lambda0_reportN,0.1,0.957889878590919,261
Asthma,22,41,MELD_lambda0_equal,0.1,0.954230233197718,261
Asthma,22,41,MELD_lambda1_afproj,0.1,0.95697432190992,261
Asthma,22,41,EUR,0.1,0.946527337083733,261
Asthma,22,41,EAS,0.1,0.940111328389277,261
Asthma,22,41,AFR,0.1,0.872874696687737,261
Asthma,22,41,CSA,0.1,0.917850529629696,261
Asthma,22,41,AMR,0.1,0.959543430081318,261
Asthma,22,42,MELD_lambda0_afproj,0.001,0.874180509152716,255
Asthma,22,42,MELD_lambda0_reportN,0.001,0.877376110142218,255
Asthma,22,42,MELD_lambda0_equal,0.001,0.906414846378242,255
Asthma,22,42,MELD_lambda1_afproj,0.001,0.881296898889455,255
Asthma,22,42,EUR,0.001,0.822190699404695,255
Asthma,22,42,EAS,0.001,0.797723415303543,255
Asthma,22,42,AFR,0.001,0.616419022222558,255
Asthma,22,42,CSA,0.001,0.795621407422432,255
Asthma,22,42,AMR,0.001,0.716396467442619,255
Asthma,22,42,MELD_lambda0_afproj,0.01,0.9041191223068,255
Asthma,22,42,MELD_lambda0_reportN,0.01,0.905895207081497,255
Asthma,22,42,MELD_lambda0_equal,0.01,0.925759716262427,255
Asthma,22,42,MELD_lambda1_afproj,0.01,0.898025779481102,255
Asthma,22,42,EUR,0.01,0.881491077497918,255
Asthma,22,42,EAS,0.01,0.837450373392372,255
Asthma,22,42,AFR,0.01,0.744163913868196,255
Asthma,22,42,CSA,0.01,0.899974405393662,255
Asthma,22,42,AMR,0.01,0.853445832548406,255
Asthma,22,42,MELD_lambda0_afproj,0.1,0.916730433480962,255
Asthma,22,42,MELD_lambda0_reportN,0.1,0.917409262078967,255
Asthma,22,42,MELD_lambda0_equal,0.1,0.927375603977507,255
Asthma,22,42,MELD_lambda1_afproj,0.1,0.910904692435344,255
Asthma,22,42,EUR,0.1,0.903903926168868,255
Asthma,22,42,EAS,0.1,0.869254331405652,255
Asthma,22,42,AFR,0.1,0.810850858058592,255
Asthma,22,42,CSA,0.1,0.920363082772493,255
Asthma,22,42,AMR,0.1,0.896238513526617,255
Asthma,22,43,MELD_lambda0_afproj,0.001,0.934111167260806,47
Asthma,22,43,MELD_lambda0_reportN,0.001,0.932746856375954,47
Asthma,22,43,MELD_lambda0_equal,0.001,0.879911150671684,47
Asthma,22,43,MELD_lambda1_afproj,0.001,0.906738950363745,47
Asthma,22,43,EUR,0.001,0.92956745568452,47
Asthma,22,43,EAS,0.001,0.704847081461399,47
Asthma,22,43,AFR,0.001,0.541295280529547,47
Asthma,22,43,CSA,0.001,0.936704122828357,47
Asthma,22,43,AMR,0.001,0.694175886649543,47
Asthma,22,43,MELD_lambda0_afproj,0.01,0.932965748651153,47
Asthma,22,43,MELD_lambda0_reportN,0.01,0.932553260540892,47
Asthma,22,43,MELD_lambda0_equal,0.01,0.886525098425676,47
Asthma,22,43,MELD_lambda1_afproj,0.01,0.906692231300477,47
Asthma,22,43,EUR,0.01,0.925629317588676,47
Asthma,22,43,EAS,0.01,0.730100384472245,47
Asthma,22,43,AFR,0.01,0.607749697084137,47
Asthma,22,43,CSA,0.01,0.930363449064989,47
Asthma,22,43,AMR,0.01,0.770456791553883,47
Asthma,22,43,MELD_lambda0_afproj,0.1,0.935512120224261,47
Asthma,22,43,MELD_lambda0_reportN,0.1,0.935224600032726,47
Asthma,22,43,MELD_lambda0_equal,0.1,0.902925217015557,47
Asthma,22,43,MELD_lambda1_afproj,0.1,0.918737816798872,47
Asthma,22,43,EUR,0.1,0.929499885354284,47
Asthma,22,43,EAS,0.1,0.762179436749439,47
Asthma,22,43,AFR,0.1,0.717757841381803,47
Asthma,22,43,CSA,0.1,0.903491887688395,47
Asthma,22,43,AMR,0.1,0.896149285833561,47
Asthma,22,44,MELD_lambda0_afproj,0.001,0.874973166017116,175
Asthma,22,44,MELD_lambda0_reportN,0.001,0.872821481182672,175
Asthma,22,44,MELD_lambda0_equal,0.001,0.866052905898551,175
Asthma,22,44,MELD_lambda1_afproj,0.001,0.865816678752917,175
Asthma,22,44,EUR,0.001,0.852708311176624,175
Asthma,22,44,EAS,0.001,0.821746892994758,175
Asthma,22,44,AFR,0.001,0.576018262256438,175
Asthma,22,44,CSA,0.001,0.878033394789718,175
Asthma,22,44,AMR,0.001,0.7910381930949,175
Asthma,22,44,MELD_lambda0_afproj,0.01,0.87872109395806,175
Asthma,22,44,MELD_lambda0_reportN,0.01,0.876453461503685,175
Asthma,22,44,MELD_lambda0_equal,0.01,0.866302889633031,175
Asthma,22,44,MELD_lambda1_afproj,0.01,0.870655167712129,175
Asthma,22,44,EUR,0.01,0.86059224112325,175
Asthma,22,44,EAS,0.01,0.874008056381582,175
Asthma,22,44,AFR,0.01,0.627848113398492,175
Asthma,22,44,CSA,0.01,0.897725969735176,175
Asthma,22,44,AMR,0.01,0.80387143697287,175
Asthma,22,44,MELD_lambda0_afproj,0.1,0.875348080438029,175
Asthma,22,44,MELD_lambda0_reportN,0.1,0.874558737012822,175
Asthma,22,44,MELD_lambda0_equal,0.1,0.867148356655445,175
Asthma,22,44,MELD_lambda1_afproj,0.1,0.869540411802644,175
Asthma,22,44,EUR,0.1,0.858884423341962,175
Asthma,22,44,EAS,0.1,0.849401306613354,175
Asthma,22,44,AFR,0.1,0.692430692324908,175
Asthma,22,44,CSA,0.1,0.894093224341211,175
Asthma,22,44,AMR,0.1,0.817180191475091,175
Asthma,22,45,MELD_lambda0_afproj,0.001,0.908032449233103,161
Asthma,22,45,MELD_lambda0_reportN,0.001,0.905899282428733,161
Asthma,22,45,MELD_lambda0_equal,0.001,0.907504309542181,161
Asthma,22,45,MELD_lambda1_afproj,0.001,0.911685050518482,161
Asthma,22,45,EUR,0.001,0.899201182234184,161
Asthma,22,45,EAS,0.001,0.807610945709644,161
Asthma,22,45,AFR,0.001,0.682028203445384,161
Asthma,22,45,CSA,0.001,0.872143639517362,161
Asthma,22,45,AMR,0.001,0.810678626972941,161
Asthma,22,45,MELD_lambda0_afproj,0.01,0.926520457674241,161
Asthma,22,45,MELD_lambda0_reportN,0.01,0.925440954227591,161
Asthma,22,45,MELD_lambda0_equal,0.01,0.915552676562704,161
Asthma,22,45,MELD_lambda1_afproj,0.01,0.93058137455594,161
Asthma,22,45,EUR,0.01,0.933384528813568,161
Asthma,22,45,EAS,0.01,0.845198480257635,161
Asthma,22,45,AFR,0.01,0.69294085685441,161
Asthma,22,45,CSA,0.01,0.88782636039045,161
Asthma,22,45,AMR,0.01,0.912662433356503,161
Asthma,22,45,MELD_lambda0_afproj,0.1,0.923905901982084,161
Asthma,22,45,MELD_lambda0_reportN,0.1,0.923353988670442,161
Asthma,22,45,MELD_lambda0_equal,0.1,0.913659321691513,161
Asthma,22,45,MELD_lambda1_afproj,0.1,0.928481942390103,161
Asthma,22,45,EUR,0.1,0.928464915827701,161
Asthma,22,45,EAS,0.1,0.841425856827819,161
Asthma,22,45,AFR,0.1,0.711193458540616,161
Asthma,22,45,CSA,0.1,0.893578635948176,161
Asthma,22,45,AMR,0.1,0.911742753997798,161
Asthma,22,46,MELD_lambda0_afproj,0.001,0.942371857528348,175
Asthma,22,46,MELD_lambda0_reportN,0.001,0.94121476231357,175
Asthma,22,46,MELD_lambda0_equal,0.001,0.910660944257428,175
Asthma,22,46,MELD_lambda1_afproj,0.001,0.944766984705977,175
Asthma,22,46,EUR,0.001,0.906781430206606,175
Asthma,22,46,EAS,0.001,0.820039819528769,175
Asthma,22,46,AFR,0.001,0.68270907168495,175
Asthma,22,46,CSA,0.001,0.882032737487057,175
Asthma,22,46,AMR,0.001,0.81275828237265,175
Asthma,22,46,MELD_lambda0_afproj,0.01,0.945654090195865,175
Asthma,22,46,MELD_lambda0_reportN,0.01,0.945547053759896,175
Asthma,22,46,MELD_lambda0_equal,0.01,0.920047445025362,175
Asthma,22,46,MELD_lambda1_afproj,0.01,0.948706101467001,175
Asthma,22,46,EUR,0.01,0.934331208227996,175
Asthma,22,46,EAS,0.01,0.84341879152932,175
Asthma,22,46,AFR,0.01,0.724521059038037,175
Asthma,22,46,CSA,0.01,0.904081920559977,175
Asthma,22,46,AMR,0.01,0.882388609098693,175
Asthma,22,46,MELD_lambda0_afproj,0.1,0.930402091111226,175
Asthma,22,46,MELD_lambda0_reportN,0.1,0.931001403410352,175
Asthma,22,46,MELD_lambda0_equal,0.1,0.918842839733978,175
Asthma,22,46,MELD_lambda1_afproj,0.1,0.932266072129778,175
Asthma,22,46,EUR,0.1,0.927240757124028,175
Asthma,22,46,EAS,0.1,0.863221123874081,175
Asthma,22,46,AFR,0.1,0.75022794767069,175
Asthma,22,46,CSA,0.1,0.909233846152279,175
Asthma,22,46,AMR,0.1,0.892151416343827,175
Asthma,22,47,MELD_lambda0_afproj,0.001,0.954880909663147,166
Asthma,22,47,MELD_lambda0_reportN,0.001,0.953379638946014,166
Asthma,22,47,MELD_lambda0_equal,0.001,0.920507527005945,166
Asthma,22,47,MELD_lambda1_afproj,0.001,0.951297956938293,166
Asthma,22,47,EUR,0.001,0.957736732241004,166
Asthma,22,47,EAS,0.001,0.9702957920978,166
Asthma,22,47,AFR,0.001,0.945085409461846,166
Asthma,22,47,CSA,0.001,0.834360414188802,166
Asthma,22,47,AMR,0.001,0.966440508097952,166
Asthma,22,47,MELD_lambda0_afproj,0.01,0.98675875210668,166
Asthma,22,47,MELD_lambda0_reportN,0.01,0.986462923582402,166
Asthma,22,47,MELD_lambda0_equal,0.01,0.980964550899158,166
Asthma,22,47,MELD_lambda1_afproj,0.01,0.985923074583189,166
Asthma,22,47,EUR,0.01,0.984662541169962,166
Asthma,22,47,EAS,0.01,0.973628639502236,166
Asthma,22,47,AFR,0.01,0.952210969019973,166
Asthma,22,47,CSA,0.01,0.982748909997665,166
Asthma,22,47,AMR,0.01,0.983545731181722,166
Asthma,22,47,MELD_lambda0_afproj,0.1,0.98615719003147,166
Asthma,22,47,MELD_lambda0_reportN,0.1,0.985950901220513,166
Asthma,22,47,MELD_lambda0_equal,0.1,0.981245041828831,166
Asthma,22,47,MELD_lambda1_afproj,0.1,0.986029879757108,166
Asthma,22,47,EUR,0.1,0.984352517730991,166
Asthma,22,47,EAS,0.1,0.964482489524161,166
Asthma,22,47,AFR,0.1,0.948751240433766,166
Asthma,22,47,CSA,0.1,0.984279822395107,166
Asthma,22,47,AMR,0.1,0.980545543947022,166
Asthma,22,48,MELD_lambda0_afproj,0.001,0.894626458042669,130
Asthma,22,48,MELD_lambda0_reportN,0.001,0.899263031911408,130
Asthma,22,48,MELD_lambda0_equal,0.001,0.912020844763906,130
Asthma,22,48,MELD_lambda1_afproj,0.001,0.896810850539269,130
Asthma,22,48,EUR,0.001,0.804752682193674,130
Asthma,22,48,EAS,0.001,0.734198616869691,130
Asthma,22,48,AFR,0.001,0.593290906532533,130
Asthma,22,48,CSA,0.001,0.713451226576705,130
Asthma,22,48,AMR,0.001,0.889949463213726,130
Asthma,22,48,MELD_lambda0_afproj,0.01,0.915282950449634,130
Asthma,22,48,MELD_lambda0_reportN,0.01,0.92085482985588,130
Asthma,22,48,MELD_lambda0_equal,0.01,0.926013226639999,130
Asthma,22,48,MELD_lambda1_afproj,0.01,0.916308589986747,130
Asthma,22,48,EUR,0.01,0.899646741437375,130
Asthma,22,48,EAS,0.01,0.763907614662197,130
Asthma,22,48,AFR,0.01,0.708552912044457,130
Asthma,22,48,CSA,0.01,0.767309025199704,130
Asthma,22,48,AMR,0.01,0.907620981252075,130
Asthma,22,48,MELD_lambda0_afproj,0.1,0.903457637875339,130
Asthma,22,48,MELD_lambda0_reportN,0.1,0.909510067357527,130
Asthma,22,48,MELD_lambda0_equal,0.1,0.919891848182794,130
Asthma,22,48,MELD_lambda1_afproj,0.1,0.9063843935565,130
Asthma,22,48,EUR,0.1,0.893836985812842,130
Asthma,22,48,EAS,0.1,0.747162450930121,130
Asthma,22,48,AFR,0.1,0.769532058394275,130
Asthma,22,48,CSA,0.1,0.80192919986023,130
Asthma,22,48,AMR,0.1,0.884212263240652,130
Asthma,22,49,MELD_lambda0_afproj,0.001,0.927042617131887,167
Asthma,22,49,MELD_lambda0_reportN,0.001,0.930294930526929,167
Asthma,22,49,MELD_lambda0_equal,0.001,0.917898353238513,167
Asthma,22,49,MELD_lambda1_afproj,0.001,0.922729726794983,167
Asthma,22,49,EUR,0.001,0.922353971060487,167
Asthma,22,49,EAS,0.001,0.797631140425682,167
Asthma,22,49,AFR,0.001,0.827523274972108,167
Asthma,22,49,CSA,0.001,0.828455741320029,167
Asthma,22,49,AMR,0.001,0.846139418941095,167
Asthma,22,49,MELD_lambda0_afproj,0.01,0.935662578764313,167
Asthma,22,49,MELD_lambda0_reportN,0.01,0.936770424719275,167
Asthma,22,49,MELD_lambda0_equal,0.01,0.916099066627797,167
Asthma,22,49,MELD_lambda1_afproj,0.01,0.929440754332258,167
Asthma,22,49,EUR,0.01,0.931768313547098,167
Asthma,22,49,EAS,0.01,0.862621723756447,167
Asthma,22,49,AFR,0.01,0.866354807510521,167
Asthma,22,49,CSA,0.01,0.845974298928314,167
Asthma,22,49,AMR,0.01,0.90922312935489,167
Asthma,22,49,MELD_lambda0_afproj,0.1,0.924314242857094,167
Asthma,22,49,MELD_lambda0_reportN,0.1,0.9247027973088,167
Asthma,22,49,MELD_lambda0_equal,0.1,0.908717829262907,167
Asthma,22,49,MELD_lambda1_afproj,0.1,0.917980065063322,167
Asthma,22,49,EUR,0.1,0.922789078983973,167
Asthma,22,49,EAS,0.1,0.870860982030575,167
Asthma,22,49,AFR,0.1,0.860827114000046,167
Asthma,22,49,CSA,0.1,0.872034988129158,167
Asthma,22,49,AMR,0.1,0.899465172364148,167
Asthma,22,50,MELD_lambda0_afproj,0.001,0.9752374216323,103
Asthma,22,50,MELD_lambda0_reportN,0.001,0.97563956097434,103
Asthma,22,50,MELD_lambda0_equal,0.001,0.93280579491674,103
Asthma,22,50,MELD_lambda1_afproj,0.001,0.969955973806798,103
Asthma,22,50,EUR,0.001,0.958592683128526,103
Asthma,22,50,EAS,0.001,0.644894820763564,103
Asthma,22,50,AFR,0.001,0.695354795882841,103
Asthma,22,50,CSA,0.001,0.860540486667077,103
Asthma,22,50,AMR,0.001,0.907302612572207,103
Asthma,22,50,MELD_lambda0_afproj,0.01,0.974827854877411,103
Asthma,22,50,MELD_lambda0_reportN,0.01,0.975128867462588,103
Asthma,22,50,MELD_lambda0_equal,0.01,0.938145636652218,103
Asthma,22,50,MELD_lambda1_afproj,0.01,0.970057094336069,103
Asthma,22,50,EUR,0.01,0.966718996830028,103
Asthma,22,50,EAS,0.01,0.735687264339048,103
Asthma,22,50,AFR,0.01,0.714312546663535,103
Asthma,22,50,CSA,0.01,0.890450006367175,103
Asthma,22,50,AMR,0.01,0.936163861359508,103
Asthma,22,50,MELD_lambda0_afproj,0.1,0.971908559724901,103
Asthma,22,50,MELD_lambda0_reportN,0.1,0.971864112581153,103
Asthma,22,50,MELD_lambda0_equal,0.1,0.945483692525124,103
Asthma,22,50,MELD_lambda1_afproj,0.1,0.966929847195324,103
Asthma,22,50,EUR,0.1,0.967896282012859,103
Asthma,22,50,EAS,0.1,0.811562594730696,103
Asthma,22,50,AFR,0.1,0.722500281281407,103
Asthma,22,50,CSA,0.1,0.870667834345595,103
Asthma,22,50,AMR,0.1,0.949123337383213,103
Asthma,22,52,MELD_lambda0_afproj,0.001,0.921193030878795,38
Asthma,22,52,MELD_lambda0_reportN,0.001,0.919888271304847,38
Asthma,22,52,MELD_lambda0_equal,0.001,0.866015158490155,38
Asthma,22,52,MELD_lambda1_afproj,0.001,0.930031665242333,38
Asthma,22,52,EUR,0.001,0.915129517219253,38
Asthma,22,52,EAS,0.001,0.651689156443047,38
Asthma,22,52,AFR,0.001,0.836317672547783,38
Asthma,22,52,CSA,0.001,0.886631347288902,38
Asthma,22,52,AMR,0.001,0.753002331901719,38
Asthma,22,52,MELD_lambda0_afproj,0.01,0.904617785300479,38
Asthma,22,52,MELD_lambda0_reportN,0.01,0.904541210646684,38
Asthma,22,52,MELD_lambda0_equal,0.01,0.887645424607532,38
Asthma,22,52,MELD_lambda1_afproj,0.01,0.902704631973955,38
Asthma,22,52,EUR,0.01,0.88574246136746,38
Asthma,22,52,EAS,0.01,0.608698153409234,38
Asthma,22,52,AFR,0.01,0.824992547864336,38
Asthma,22,52,CSA,0.01,0.923591967283292,38
Asthma,22,52,AMR,0.01,0.674703553357862,38
Asthma,22,52,MELD_lambda0_afproj,0.1,0.858569987184571,38
Asthma,22,52,MELD_lambda0_reportN,0.1,0.857897681693518,38
Asthma,22,52,MELD_lambda0_equal,0.1,0.87656277286083,38
Asthma,22,52,MELD_lambda1_afproj,0.1,0.852824308760583,38
Asthma,22,52,EUR,0.1,0.842838938900183,38
Asthma,22,52,EAS,0.1,0.491577584108798,38
Asthma,22,52,AFR,0.1,0.825968301771064,38
Asthma,22,52,CSA,0.1,0.924981677577352,38
Asthma,22,52,AMR,0.1,0.713471026667218,38
Asthma,22,53,MELD_lambda0_afproj,0.001,0.977786722179043,358
Asthma,22,53,MELD_lambda0_reportN,0.001,0.976328380599741,358
Asthma,22,53,MELD_lambda0_equal,0.001,0.95938780170492,358
Asthma,22,53,MELD_lambda1_afproj,0.001,0.969888977238998,358
Asthma,22,53,EUR,0.001,0.9801341693897,358
Asthma,22,53,EAS,0.001,0.558685840456231,358
Asthma,22,53,AFR,0.001,0.352549615165235,358
Asthma,22,53,CSA,0.001,0.94812865728314,358
Asthma,22,53,AMR,0.001,0.934898281296845,358
Asthma,22,53,MELD_lambda0_afproj,0.01,0.992642562318916,358
Asthma,22,53,MELD_lambda0_reportN,0.01,0.992555524707985,358
Asthma,22,53,MELD_lambda0_equal,0.01,0.988251465796532,358
Asthma,22,53,MELD_lambda1_afproj,0.01,0.991660856407862,358
Asthma,22,53,EUR,0.01,0.992384401110137,358
Asthma,22,53,EAS,0.01,0.900776943058171,358
Asthma,22,53,AFR,0.01,0.755636295230374,358
Asthma,22,53,CSA,0.01,0.981067070316845,358
Asthma,22,53,AMR,0.01,0.973724876665219,358
Asthma,22,53,MELD_lambda0_afproj,0.1,0.992774043816547,358
Asthma,22,53,MELD_lambda0_reportN,0.1,0.992933483750128,358
Asthma,22,53,MELD_lambda0_equal,0.1,0.990311311211831,358
Asthma,22,53,MELD_lambda1_afproj,0.1,0.992866181215685,358
Asthma,22,53,EUR,0.1,0.990652812111614,358
Asthma,22,53,EAS,0.1,0.95403314430656,358
Asthma,22,53,AFR,0.1,0.874321193659293,358
Asthma,22,53,CSA,0.1,0.985628464296772,358
Asthma,22,53,AMR,0.1,0.972548904763681,358
Asthma,22,54,MELD_lambda0_afproj,0.001,0.942971342725783,47
Asthma,22,54,MELD_lambda0_reportN,0.001,0.943832007825892,47
Asthma,22,54,MELD_lambda0_equal,0.001,0.885333667525909,47
Asthma,22,54,MELD_lambda1_afproj,0.001,0.947119447723985,47
Asthma,22,54,EUR,0.001,0.932256770835516,47
Asthma,22,54,EAS,0.001,0.811243221327116,47
Asthma,22,54,AFR,0.001,0.680165158135208,47
Asthma,22,54,CSA,0.001,0.903977629941918,47
Asthma,22,54,AMR,0.001,0.865794671382188,47
Asthma,22,54,MELD_lambda0_afproj,0.01,0.945200856324465,47
Asthma,22,54,MELD_lambda0_reportN,0.01,0.945944767720623,47
Asthma,22,54,MELD_lambda0_equal,0.01,0.88865661890797,47
Asthma,22,54,MELD_lambda1_afproj,0.01,0.950511603938999,47
Asthma,22,54,EUR,0.01,0.937224238755831,47
Asthma,22,54,EAS,0.01,0.828293170652544,47
Asthma,22,54,AFR,0.01,0.670059279029489,47
Asthma,22,54,CSA,0.01,0.908979753275725,47
Asthma,22,54,AMR,0.01,0.881453669365866,47
Asthma,22,54,MELD_lambda0_afproj,0.1,0.944530995668852,47
Asthma,22,54,MELD_lambda0_reportN,0.1,0.94473152150302,47
Asthma,22,54,MELD_lambda0_equal,0.1,0.890110690790269,47
Asthma,22,54,MELD_lambda1_afproj,0.1,0.948016188526914,47
Asthma,22,54,EUR,0.1,0.94189243627671,47
Asthma,22,54,EAS,0.1,0.830114539279024,47
Asthma,22,54,AFR,0.1,0.620450830338485,47
Asthma,22,54,CSA,0.1,0.908884688668994,47
Asthma,22,54,AMR,0.1,0.855791021415558,47
Asthma,22,55,MELD_lambda0_afproj,0.001,0.886426291721399,223
Asthma,22,55,MELD_lambda0_reportN,0.001,0.887508409613871,223
Asthma,22,55,MELD_lambda0_equal,0.001,0.876883976535539,223
Asthma,22,55,MELD_lambda1_afproj,0.001,0.861870147087622,223
Asthma,22,55,EUR,0.001,0.824435566596626,223
Asthma,22,55,EAS,0.001,0.268512074486323,223
Asthma,22,55,AFR,0.001,0.334618923817926,223
Asthma,22,55,CSA,0.001,0.745565929452752,223
Asthma,22,55,AMR,0.001,0.586471041920237,223
Asthma,22,55,MELD_lambda0_afproj,0.01,0.895494644341823,223
Asthma,22,55,MELD_lambda0_reportN,0.01,0.896337778914123,223
Asthma,22,55,MELD_lambda0_equal,0.01,0.870286381262967,223
Asthma,22,55,MELD_lambda1_afproj,0.01,0.878605482677311,223
Asthma,22,55,EUR,0.01,0.876707126588553,223
Asthma,22,55,EAS,0.01,0.412553698223833,223
Asthma,22,55,AFR,0.01,0.409871920118036,223
Asthma,22,55,CSA,0.01,0.754386222533104,223
Asthma,22,55,AMR,0.01,0.738080992776176,223
Asthma,22,55,MELD_lambda0_afproj,0.1,0.880644140552235,223
Asthma,22,55,MELD_lambda0_reportN,0.1,0.881079908414212,223
Asthma,22,55,MELD_lambda0_equal,0.1,0.838791142132373,223
Asthma,22,55,MELD_lambda1_afproj,0.1,0.853979755537578,223
Asthma,22,55,EUR,0.1,0.87294445209299,223
Asthma,22,55,EAS,0.1,0.508158841286702,223
Asthma,22,55,AFR,0.1,0.451089007271944,223
Asthma,22,55,CSA,0.1,0.752532928379847,223
Asthma,22,55,AMR,0.1,0.744371353793532,223
Asthma,22,56,MELD_lambda0_afproj,0.001,0.834923265659467,36
Asthma,22,56,MELD_lambda0_reportN,0.001,0.836974079417298,36
Asthma,22,56,MELD_lambda0_equal,0.001,0.904342843199179,36
Asthma,22,56,MELD_lambda1_afproj,0.001,0.816594835159473,36
Asthma,22,56,EUR,0.001,0.675050197722057,36
Asthma,22,56,EAS,0.001,0.769720177070083,36
Asthma,22,56,AFR,0.001,0.60069881283582,36
Asthma,22,56,CSA,0.001,0.916361749969849,36
Asthma,22,56,AMR,0.001,0.952012827879552,36
Asthma,22,56,MELD_lambda0_afproj,0.01,0.848344706425826,36
Asthma,22,56,MELD_lambda0_reportN,0.01,0.849407384177908,36
Asthma,22,56,MELD_lambda0_equal,0.01,0.905341355028064,36
Asthma,22,56,MELD_lambda1_afproj,0.01,0.830016112019983,36
Asthma,22,56,EUR,0.01,0.76070413246707,36
Asthma,22,56,EAS,0.01,0.795014666629221,36
Asthma,22,56,AFR,0.01,0.623794123008386,36
Asthma,22,56,CSA,0.01,0.918185352262929,36
Asthma,22,56,AMR,0.01,0.95445600823485,36
Asthma,22,56,MELD_lambda0_afproj,0.1,0.892309644222284,36
Asthma,22,56,MELD_lambda0_reportN,0.1,0.891709896391925,36
Asthma,22,56,MELD_lambda0_equal,0.1,0.909166298068789,36
Asthma,22,56,MELD_lambda1_afproj,0.1,0.874003607966738,36
Asthma,22,56,EUR,0.1,0.904886452226457,36
Asthma,22,56,EAS,0.1,0.8558233642578,36
Asthma,22,56,AFR,0.1,0.638028821489885,36
Asthma,22,56,CSA,0.1,0.912124286057468,36
Asthma,22,56,AMR,0.1,0.954496867323275,36
Asthma,22,57,MELD_lambda0_afproj,0.001,0.956034261268773,240
Asthma,22,57,MELD_lambda0_reportN,0.001,0.956111147596116,240
Asthma,22,57,MELD_lambda0_equal,0.001,0.942446332879597,240
Asthma,22,57,MELD_lambda1_afproj,0.001,0.95007580000143,240
Asthma,22,57,EUR,0.001,0.933924720328561,240
Asthma,22,57,EAS,0.001,0.46146888196277,240
Asthma,22,57,AFR,0.001,0.549962093073697,240
Asthma,22,57,CSA,0.001,0.849995637540535,240
Asthma,22,57,AMR,0.001,0.904511332672189,240
Asthma,22,57,MELD_lambda0_afproj,0.01,0.954901138215309,240
Asthma,22,57,MELD_lambda0_reportN,0.01,0.954495723369197,240
Asthma,22,57,MELD_lambda0_equal,0.01,0.936950405979044,240
Asthma,22,57,MELD_lambda1_afproj,0.01,0.950164479309938,240
Asthma,22,57,EUR,0.01,0.944044457361528,240
Asthma,22,57,EAS,0.01,0.767562836105982,240
Asthma,22,57,AFR,0.01,0.73551625040967,240
Asthma,22,57,CSA,0.01,0.898707522119665,240
Asthma,22,57,AMR,0.01,0.934446696147785,240
Asthma,22,57,MELD_lambda0_afproj,0.1,0.939842635411692,240
Asthma,22,57,MELD_lambda0_reportN,0.1,0.93958897378241,240
Asthma,22,57,MELD_lambda0_equal,0.1,0.929107018712986,240
Asthma,22,57,MELD_lambda1_afproj,0.1,0.936155275169043,240
Asthma,22,57,EUR,0.1,0.930545868835374,240
Asthma,22,57,EAS,0.1,0.779486918469924,240
Asthma,22,57,AFR,0.1,0.792373352141594,240
Asthma,22,57,CSA,0.1,0.895558904703906,240
Asthma,22,57,AMR,0.1,0.927664574142515,240
Asthma,22,58,MELD_lambda0_afproj,0.001,0.809171462307976,360
Asthma,22,58,MELD_lambda0_reportN,0.001,0.811231010104329,360
Asthma,22,58,MELD_lambda0_equal,0.001,0.82494728914305,360
Asthma,22,58,MELD_lambda1_afproj,0.001,0.807620875314842,360
Asthma,22,58,EUR,0.001,0.675863404611203,360
Asthma,22,58,EAS,0.001,0.675241522239406,360
Asthma,22,58,AFR,0.001,0.448952897685895,360
Asthma,22,58,CSA,0.001,0.685017133352121,360
Asthma,22,58,AMR,0.001,0.646888316918082,360
Asthma,22,58,MELD_lambda0_afproj,0.01,0.846766924415548,360
Asthma,22,58,MELD_lambda0_reportN,0.01,0.846273151516244,360
Asthma,22,58,MELD_lambda0_equal,0.01,0.830814012900623,360
Asthma,22,58,MELD_lambda1_afproj,0.01,0.846651681731705,360
Asthma,22,58,EUR,0.01,0.791035644350663,360
Asthma,22,58,EAS,0.01,0.785501187604508,360
Asthma,22,58,AFR,0.01,0.502344957870196,360
Asthma,22,58,CSA,0.01,0.768429404129011,360
Asthma,22,58,AMR,0.01,0.73322716580465,360
Asthma,22,58,MELD_lambda0_afproj,0.1,0.840834274945539,360
Asthma,22,58,MELD_lambda0_reportN,0.1,0.840975999173891,360
Asthma,22,58,MELD_lambda0_equal,0.1,0.831875850988972,360
Asthma,22,58,MELD_lambda1_afproj,0.1,0.84264131136901,360
Asthma,22,58,EUR,0.1,0.805503511349939,360
Asthma,22,58,EAS,0.1,0.795012828502352,360
Asthma,22,58,AFR,0.1,0.537962931795166,360
Asthma,22,58,CSA,0.1,0.784496668716737,360
Asthma,22,58,AMR,0.1,0.769208667948881,360
Asthma,22,60,MELD_lambda0_afproj,0.001,0.834199595995849,198
Asthma,22,60,MELD_lambda0_reportN,0.001,0.836120161629045,198
Asthma,22,60,MELD_lambda0_equal,0.001,0.799711426119674,198
Asthma,22,60,MELD_lambda1_afproj,0.001,0.828839976220119,198
Asthma,22,60,EUR,0.001,0.671256354048092,198
Asthma,22,60,EAS,0.001,0.601530501067164,198
Asthma,22,60,AFR,0.001,0.59670444813325,198
Asthma,22,60,CSA,0.001,0.632611603067439,198
Asthma,22,60,AMR,0.001,0.622871874439162,198
Asthma,22,60,MELD_lambda0_afproj,0.01,0.851083948596803,198
Asthma,22,60,MELD_lambda0_reportN,0.01,0.850524218883328,198
Asthma,22,60,MELD_lambda0_equal,0.01,0.797105097653502,198
Asthma,22,60,MELD_lambda1_afproj,0.01,0.847281987533582,198
Asthma,22,60,EUR,0.01,0.812282403090961,198
Asthma,22,60,EAS,0.01,0.642758302557592,198
Asthma,22,60,AFR,0.01,0.628638417226902,198
Asthma,22,60,CSA,0.01,0.704990789739181,198
Asthma,22,60,AMR,0.01,0.768981585217435,198
Asthma,22,60,MELD_lambda0_afproj,0.1,0.830429409113091,198
Asthma,22,60,MELD_lambda0_reportN,0.1,0.829950897223821,198
Asthma,22,60,MELD_lambda0_equal,0.1,0.794127092706057,198
Asthma,22,60,MELD_lambda1_afproj,0.1,0.827211034781704,198
Asthma,22,60,EUR,0.1,0.804069506351065,198
Asthma,22,60,EAS,0.1,0.670006478521622,198
Asthma,22,60,AFR,0.1,0.642377661136418,198
Asthma,22,60,CSA,0.1,0.74272673321127,198
Asthma,22,60,AMR,0.1,0.783323979912753,198
Asthma,22,61,MELD_lambda0_afproj,0.001,0.827082572411083,297
Asthma,22,61,MELD_lambda0_reportN,0.001,0.827529194716075,297
Asthma,22,61,MELD_lambda0_equal,0.001,0.801727962341247,297
Asthma,22,61,MELD_lambda1_afproj,0.001,0.830341049930794,297
Asthma,22,61,EUR,0.001,0.754887449356736,297
Asthma,22,61,EAS,0.001,0.652368233396271,297
Asthma,22,61,AFR,0.001,0.493878003126207,297
Asthma,22,61,CSA,0.001,0.687824595609754,297
Asthma,22,61,AMR,0.001,0.593566602165703,297
Asthma,22,61,MELD_lambda0_afproj,0.01,0.833448012487699,297
Asthma,22,61,MELD_lambda0_reportN,0.01,0.833444422349578,297
Asthma,22,61,MELD_lambda0_equal,0.01,0.805979088192729,297
Asthma,22,61,MELD_lambda1_afproj,0.01,0.834714836161241,297
Asthma,22,61,EUR,0.01,0.814467741770068,297
Asthma,22,61,EAS,0.01,0.700318887119531,297
Asthma,22,61,AFR,0.01,0.525714260878485,297
Asthma,22,61,CSA,0.01,0.76704317607959,297
Asthma,22,61,AMR,0.01,0.6663360341843,297
Asthma,22,61,MELD_lambda0_afproj,0.1,0.82853741784496,297
Asthma,22,61,MELD_lambda0_reportN,0.1,0.828436136920898,297
Asthma,22,61,MELD_lambda0_equal,0.1,0.806056979664787,297
Asthma,22,61,MELD_lambda1_afproj,0.1,0.827913786959403,297
Asthma,22,61,EUR,0.1,0.828178527735011,297
Asthma,22,61,EAS,0.1,0.714271929102278,297
Asthma,22,61,AFR,0.1,0.554385904169825,297
Asthma,22,61,CSA,0.1,0.786243907533661,297
Asthma,22,61,AMR,0.1,0.708020825820089,297
Asthma,22,63,MELD_lambda0_afproj,0.001,0.631559680493679,67
Asthma,22,63,MELD_lambda0_reportN,0.001,0.636199477663777,67
Asthma,22,63,MELD_lambda0_equal,0.001,0.647225178580402,67
Asthma,22,63,MELD_lambda1_afproj,0.001,0.628011733126898,67
Asthma,22,63,EUR,0.001,0.58704632078167,67
Asthma,22,63,EAS,0.001,0.273018049590156,67
Asthma,22,63,AFR,0.001,0.38644981647098,67
Asthma,22,63,CSA,0.001,0.629990986986826,67
Asthma,22,63,AMR,0.001,0.610976504391748,67
Asthma,22,63,MELD_lambda0_afproj,0.01,0.630774336794501,67
Asthma,22,63,MELD_lambda0_reportN,0.01,0.635070677465051,67
Asthma,22,63,MELD_lambda0_equal,0.01,0.647740086522757,67
Asthma,22,63,MELD_lambda1_afproj,0.01,0.626433092649611,67
Asthma,22,63,EUR,0.01,0.593480290578455,67
Asthma,22,63,EAS,0.01,0.249311215082819,67
Asthma,22,63,AFR,0.01,0.403077065655286,67
Asthma,22,63,CSA,0.01,0.658298853792415,67
Asthma,22,63,AMR,0.01,0.625298093614651,67
Asthma,22,63,MELD_lambda0_afproj,0.1,0.647051041059043,67
Asthma,22,63,MELD_lambda0_reportN,0.1,0.648482108187652,67
Asthma,22,63,MELD_lambda0_equal,0.1,0.648503321366963,67
Asthma,22,63,MELD_lambda1_afproj,0.1,0.64396956890046,67
Asthma,22,63,EUR,0.1,0.635295323968508,67
Asthma,22,63,EAS,0.1,0.222012954959985,67
Asthma,22,63,AFR,0.1,0.476005246825585,67
Asthma,22,63,CSA,0.1,0.71576930318818,67
Asthma,22,63,AMR,0.1,0.65884294689459,67
Asthma,22,64,MELD_lambda0_afproj,0.001,0.923050027566163,184
Asthma,22,64,MELD_lambda0_reportN,0.001,0.924768931550797,184
Asthma,22,64,MELD_lambda0_equal,0.001,0.911684787407927,184
Asthma,22,64,MELD_lambda1_afproj,0.001,0.921492710873152,184
Asthma,22,64,EUR,0.001,0.914461331146818,184
Asthma,22,64,EAS,0.001,0.733991378403857,184
Asthma,22,64,AFR,0.001,0.609772454028958,184
Asthma,22,64,CSA,0.001,0.885843291150855,184
Asthma,22,64,AMR,0.001,0.847339519147956,184
Asthma,22,64,MELD_lambda0_afproj,0.01,0.930852203658492,184
Asthma,22,64,MELD_lambda0_reportN,0.01,0.930931642636049,184
Asthma,22,64,MELD_lambda0_equal,0.01,0.914362454353565,184
Asthma,22,64,MELD_lambda1_afproj,0.01,0.929477365748581,184
Asthma,22,64,EUR,0.01,0.933503935684778,184
Asthma,22,64,EAS,0.01,0.775452904926997,184
Asthma,22,64,AFR,0.01,0.639536485329607,184
Asthma,22,64,CSA,0.01,0.919785088941589,184
Asthma,22,64,AMR,0.01,0.867959926221771,184
Asthma,22,64,MELD_lambda0_afproj,0.1,0.927134345659157,184
Asthma,22,64,MELD_lambda0_reportN,0.1,0.927075056734299,184
Asthma,22,64,MELD_lambda0_equal,0.1,0.910301168816576,184
Asthma,22,64,MELD_lambda1_afproj,0.1,0.923113695059933,184
Asthma,22,64,EUR,0.1,0.929284377282005,184
Asthma,22,64,EAS,0.1,0.798920266004975,184
Asthma,22,64,AFR,0.1,0.653024904298441,184
Asthma,22,64,CSA,0.1,0.919169290721156,184
Asthma,22,64,AMR,0.1,0.860184842116314,184
Asthma,22,65,MELD_lambda0_afproj,0.001,0.786396520356334,50
Asthma,22,65,MELD_lambda0_reportN,0.001,0.793148146061211,50
Asthma,22,65,MELD_lambda0_equal,0.001,0.809178946753612,50
Asthma,22,65,MELD_lambda1_afproj,0.001,0.788653632413228,50
Asthma,22,65,EUR,0.001,0.73698659401453,50
Asthma,22,65,EAS,0.001,0.843237281728614,50
Asthma,22,65,AFR,0.001,0.799077242054463,50
Asthma,22,65,CSA,0.001,0.729804758395785,50
Asthma,22,65,AMR,0.001,0.617860129429305,50
Asthma,22,65,MELD_lambda0_afproj,0.01,0.840527918749998,50
Asthma,22,65,MELD_lambda0_reportN,0.01,0.840378995026708,50
Asthma,22,65,MELD_lambda0_equal,0.01,0.829747830537444,50
Asthma,22,65,MELD_lambda1_afproj,0.01,0.833592526221398,50
Asthma,22,65,EUR,0.01,0.840632464297098,50
Asthma,22,65,EAS,0.01,0.849832724844284,50
Asthma,22,65,AFR,0.01,0.834963185586922,50
Asthma,22,65,CSA,0.01,0.77009365371859,50
Asthma,22,65,AMR,0.01,0.784307612284233,50
Asthma,22,65,MELD_lambda0_afproj,0.1,0.876566267881043,50
Asthma,22,65,MELD_lambda0_reportN,0.1,0.8763744109132,50
Asthma,22,65,MELD_lambda0_equal,0.1,0.847149514584709,50
Asthma,22,65,MELD_lambda1_afproj,0.1,0.861217994876322,50
Asthma,22,65,EUR,0.1,0.885880809162252,50
Asthma,22,65,EAS,0.1,0.79185860167698,50
Asthma,22,65,AFR,0.1,0.904436773302791,50
Asthma,22,65,CSA,0.1,0.798718020715747,50
Asthma,22,65,AMR,0.1,0.80561998068629,50
Asthma,22,66,MELD_lambda0_afproj,0.001,0.912311374524729,226
Asthma,22,66,MELD_lambda0_reportN,0.001,0.915904268589331,226
Asthma,22,66,MELD_lambda0_equal,0.001,0.885875425548853,226
Asthma,22,66,MELD_lambda1_afproj,0.001,0.912755025499553,226
Asthma,22,66,EUR,0.001,0.77530040905112,226
Asthma,22,66,EAS,0.001,0.510579051492465,226
Asthma,22,66,AFR,0.001,0.79904936151787,226
Asthma,22,66,CSA,0.001,0.840457196026153,226
Asthma,22,66,AMR,0.001,0.762752162011349,226
Asthma,22,66,MELD_lambda0_afproj,0.01,0.927867459063077,226
Asthma,22,66,MELD_lambda0_reportN,0.01,0.927850170755185,226
Asthma,22,66,MELD_lambda0_equal,0.01,0.888155597429989,226
Asthma,22,66,MELD_lambda1_afproj,0.01,0.925146510031109,226
Asthma,22,66,EUR,0.01,0.89886958415697,226
Asthma,22,66,EAS,0.01,0.755656938751849,226
Asthma,22,66,AFR,0.01,0.809150554605625,226
Asthma,22,66,CSA,0.01,0.874433811129175,226
Asthma,22,66,AMR,0.01,0.862609057820991,226
Asthma,22,66,MELD_lambda0_afproj,0.1,0.906000703048537,226
Asthma,22,66,MELD_lambda0_reportN,0.1,0.905851553679997,226
Asthma,22,66,MELD_lambda0_equal,0.1,0.877759032110879,226
Asthma,22,66,MELD_lambda1_afproj,0.1,0.901970889232484,226
Asthma,22,66,EUR,0.1,0.89617592717171,226
Asthma,22,66,EAS,0.1,0.783276953755419,226
Asthma,22,66,AFR,0.1,0.798562940045335,226
Asthma,22,66,CSA,0.1,0.859707560703659,226
Asthma,22,66,AMR,0.1,0.86827802711439,226
Asthma,22,67,MELD_lambda0_afproj,0.001,0.887706507299927,216
Asthma,22,67,MELD_lambda0_reportN,0.001,0.890209730380601,216
Asthma,22,67,MELD_lambda0_equal,0.001,0.859378684902841,216
Asthma,22,67,MELD_lambda1_afproj,0.001,0.881744714347351,216
Asthma,22,67,EUR,0.001,0.838190023379849,216
Asthma,22,67,EAS,0.001,0.811499226739851,216
Asthma,22,67,AFR,0.001,0.592821815513183,216
Asthma,22,67,CSA,0.001,0.818443763065366,216
Asthma,22,67,AMR,0.001,0.781019709503928,216
Asthma,22,67,MELD_lambda0_afproj,0.01,0.889578959909187,216
Asthma,22,67,MELD_lambda0_reportN,0.01,0.890414092715314,216
Asthma,22,67,MELD_lambda0_equal,0.01,0.865999384226315,216
Asthma,22,67,MELD_lambda1_afproj,0.01,0.882442261036313,216
Asthma,22,67,EUR,0.01,0.853739675818931,216
Asthma,22,67,EAS,0.01,0.862976665584684,216
Asthma,22,67,AFR,0.01,0.602432518544545,216
Asthma,22,67,CSA,0.01,0.844780231910901,216
Asthma,22,67,AMR,0.01,0.810963253080179,216
Asthma,22,67,MELD_lambda0_afproj,0.1,0.877951713247709,216
Asthma,22,67,MELD_lambda0_reportN,0.1,0.878678765548202,216
Asthma,22,67,MELD_lambda0_equal,0.1,0.867589408953345,216
Asthma,22,67,MELD_lambda1_afproj,0.1,0.869789471919144,216
Asthma,22,67,EUR,0.1,0.844869829419208,216
Asthma,22,67,EAS,0.1,0.867499823459097,216
Asthma,22,67,AFR,0.1,0.634957042297498,216
Asthma,22,67,CSA,0.1,0.84630268882239,216
Asthma,22,67,AMR,0.1,0.821759455033923,216
Asthma,22,68,MELD_lambda0_afproj,0.001,0.711319786250164,137
Asthma,22,68,MELD_lambda0_reportN,0.001,0.711168998814403,137
Asthma,22,68,MELD_lambda0_equal,0.001,0.666258409730739,137
Asthma,22,68,MELD_lambda1_afproj,0.001,0.748998394908595,137
Asthma,22,68,EUR,0.001,0.702291158141312,137
Asthma,22,68,EAS,0.001,0.365434046845207,137
Asthma,22,68,AFR,0.001,0.34982414237851,137
Asthma,22,68,CSA,0.001,0.522194421044076,137
Asthma,22,68,AMR,0.001,0.595834722301934,137
Asthma,22,68,MELD_lambda0_afproj,0.01,0.719050402996236,137
Asthma,22,68,MELD_lambda0_reportN,0.01,0.719172789053543,137
Asthma,22,68,MELD_lambda0_equal,0.01,0.674737168063405,137
Asthma,22,68,MELD_lambda1_afproj,0.01,0.759160263814995,137
Asthma,22,68,EUR,0.01,0.718485516488404,137
Asthma,22,68,EAS,0.01,0.476702553796075,137
Asthma,22,68,AFR,0.01,0.339062666555455,137
Asthma,22,68,CSA,0.01,0.545402817503109,137
Asthma,22,68,AMR,0.01,0.584309559814737,137
Asthma,22,68,MELD_lambda0_afproj,0.1,0.711804579585736,137
Asthma,22,68,MELD_lambda0_reportN,0.1,0.71239251964825,137
Asthma,22,68,MELD_lambda0_equal,0.1,0.67972944936419,137
Asthma,22,68,MELD_lambda1_afproj,0.1,0.748119599527224,137
Asthma,22,68,EUR,0.1,0.707541701901795,137
Asthma,22,68,EAS,0.1,0.47843175811884,137
Asthma,22,68,AFR,0.1,0.365902169512573,137
Asthma,22,68,CSA,0.1,0.55059725067426,137
Asthma,22,68,AMR,0.1,0.618562041780876,137
Asthma,22,70,MELD_lambda0_afproj,0.001,0.880997904599613,198
Asthma,22,70,MELD_lambda0_reportN,0.001,0.882953967215053,198
Asthma,22,70,MELD_lambda0_equal,0.001,0.868793326578781,198
Asthma,22,70,MELD_lambda1_afproj,0.001,0.876245633633028,198
Asthma,22,70,EUR,0.001,0.875107895116209,198
Asthma,22,70,EAS,0.001,0.602142512532371,198
Asthma,22,70,AFR,0.001,0.643644143965129,198
Asthma,22,70,CSA,0.001,0.718386222891047,198
Asthma,22,70,AMR,0.001,0.794752477473334,198
Asthma,22,70,MELD_lambda0_afproj,0.01,0.874523833218448,198
Asthma,22,70,MELD_lambda0_reportN,0.01,0.875454415985628,198
Asthma,22,70,MELD_lambda0_equal,0.01,0.859719581822372,198
Asthma,22,70,MELD_lambda1_afproj,0.01,0.870905819314399,198
Asthma,22,70,EUR,0.01,0.874182711094559,198
Asthma,22,70,EAS,0.01,0.691045160486407,198
Asthma,22,70,AFR,0.01,0.649123018195588,198
Asthma,22,70,CSA,0.01,0.811628118247535,198
Asthma,22,70,AMR,0.01,0.811697151996307,198
Asthma,22,70,MELD_lambda0_afproj,0.1,0.848859003022087,198
Asthma,22,70,MELD_lambda0_reportN,0.1,0.849512094164383,198
Asthma,22,70,MELD_lambda0_equal,0.1,0.841599847082872,198
Asthma,22,70,MELD_lambda1_afproj,0.1,0.843562775723178,198
Asthma,22,70,EUR,0.1,0.841787848447654,198
Asthma,22,70,EAS,0.1,0.705196090925449,198
Asthma,22,70,AFR,0.1,0.635454894000079,198
Asthma,22,70,CSA,0.1,0.836511781914756,198
Asthma,22,70,AMR,0.1,0.798557371350608,198
Asthma,22,71,MELD_lambda0_afproj,0.001,0.719067740940414,175
Asthma,22,71,MELD_lambda0_reportN,0.001,0.7276874386521,175
Asthma,22,71,MELD_lambda0_equal,0.001,0.808446688376814,175
Asthma,22,71,MELD_lambda1_afproj,0.001,0.715895159678973,175
Asthma,22,71,EUR,0.001,0.691940905745758,175
Asthma,22,71,EAS,0.001,0.484152791211314,175
Asthma,22,71,AFR,0.001,0.444500805853863,175
Asthma,22,71,CSA,0.001,0.775196565888407,175
Asthma,22,71,AMR,0.001,0.676043265459468,175
Asthma,22,71,MELD_lambda0_afproj,0.01,0.72760190584087,175
Asthma,22,71,MELD_lambda0_reportN,0.01,0.735008039873805,175
Asthma,22,71,MELD_lambda0_equal,0.01,0.806792801579937,175
Asthma,22,71,MELD_lambda1_afproj,0.01,0.731099545499138,175
Asthma,22,71,EUR,0.01,0.701512358013036,175
Asthma,22,71,EAS,0.01,0.613228056853268,175
Asthma,22,71,AFR,0.01,0.495659303438253,175
Asthma,22,71,CSA,0.01,0.790207171572242,175
Asthma,22,71,AMR,0.01,0.699497748292819,175
Asthma,22,71,MELD_lambda0_afproj,0.1,0.749868352280578,175
Asthma,22,71,MELD_lambda0_reportN,0.1,0.753110804101009,175
Asthma,22,71,MELD_lambda0_equal,0.1,0.793132325320132,175
Asthma,22,71,MELD_lambda1_afproj,0.1,0.756192724335949,175
Asthma,22,71,EUR,0.1,0.736253795830299,175
Asthma,22,71,EAS,0.1,0.66901348680119,175
Asthma,22,71,AFR,0.1,0.525549277505305,175
Asthma,22,71,CSA,0.1,0.775927842301972,175
Asthma,22,71,AMR,0.1,0.704854850440453,175
Asthma,22,72,MELD_lambda0_afproj,0.001,0.891790388406404,63
Asthma,22,72,MELD_lambda0_reportN,0.001,0.895097764392743,63
Asthma,22,72,MELD_lambda0_equal,0.001,0.826039641054482,63
Asthma,22,72,MELD_lambda1_afproj,0.001,0.888090371846633,63
Asthma,22,72,EUR,0.001,0.89272740638128,63
Asthma,22,72,EAS,0.001,0.698640281477997,63
Asthma,22,72,AFR,0.001,0.498749395931604,63
Asthma,22,72,CSA,0.001,0.781942823194187,63
Asthma,22,72,AMR,0.001,0.845841573843075,63
Asthma,22,72,MELD_lambda0_afproj,0.01,0.896377605391144,63
Asthma,22,72,MELD_lambda0_reportN,0.01,0.898689058191559,63
Asthma,22,72,MELD_lambda0_equal,0.01,0.826102340531694,63
Asthma,22,72,MELD_lambda1_afproj,0.01,0.890069740188149,63
Asthma,22,72,EUR,0.01,0.899988437801693,63
Asthma,22,72,EAS,0.01,0.701823858217756,63
Asthma,22,72,AFR,0.01,0.519325930995543,63
Asthma,22,72,CSA,0.01,0.776291881467962,63
Asthma,22,72,AMR,0.01,0.832758839362704,63
Asthma,22,72,MELD_lambda0_afproj,0.1,0.885421743301421,63
Asthma,22,72,MELD_lambda0_reportN,0.1,0.885591047980697,63
Asthma,22,72,MELD_lambda0_equal,0.1,0.803901549644516,63
Asthma,22,72,MELD_lambda1_afproj,0.1,0.87485321554158,63
Asthma,22,72,EUR,0.1,0.896510773261612,63
Asthma,22,72,EAS,0.1,0.707376502363538,63
Asthma,22,72,AFR,0.1,0.565008031207211,63
Asthma,22,72,CSA,0.1,0.732682832068834,63
Asthma,22,72,AMR,0.1,0.772676009983158,63
Asthma,22,74,MELD_lambda0_afproj,0.001,0.881379600624873,392
Asthma,22,74,MELD_lambda0_reportN,0.001,0.884091185005662,392
Asthma,22,74,MELD_lambda0_equal,0.001,0.870524687478586,392
Asthma,22,74,MELD_lambda1_afproj,0.001,0.874751497801018,392
Asthma,22,74,EUR,0.001,0.83347418245616,392
Asthma,22,74,EAS,0.001,0.546974259346428,392
Asthma,22,74,AFR,0.001,0.597200270054797,392
Asthma,22,74,CSA,0.001,0.767013808863561,392
Asthma,22,74,AMR,0.001,0.719355867134646,392
Asthma,22,74,MELD_lambda0_afproj,0.01,0.88316852476411,392
Asthma,22,74,MELD_lambda0_reportN,0.01,0.885876672401088,392
Asthma,22,74,MELD_lambda0_equal,0.01,0.886749475795033,392
Asthma,22,74,MELD_lambda1_afproj,0.01,0.876690951104339,392
Asthma,22,74,EUR,0.01,0.867049133105345,392
Asthma,22,74,EAS,0.01,0.686078505685197,392
Asthma,22,74,AFR,0.01,0.714598493686974,392
Asthma,22,74,CSA,0.01,0.787666584365884,392
Asthma,22,74,AMR,0.01,0.783483877220533,392
Asthma,22,74,MELD_lambda0_afproj,0.1,0.878477618879208,392
Asthma,22,74,MELD_lambda0_reportN,0.1,0.880541699070998,392
Asthma,22,74,MELD_lambda0_equal,0.1,0.884391737210343,392
Asthma,22,74,MELD_lambda1_afproj,0.1,0.871007040008003,392
Asthma,22,74,EUR,0.1,0.863116623933618,392
Asthma,22,74,EAS,0.1,0.749541889301707,392
Asthma,22,74,AFR,0.1,0.760640872615253,392
Asthma,22,74,CSA,0.1,0.812573880325973,392
Asthma,22,74,AMR,0.1,0.783965564508885,392
COPD,22,1,MELD_lambda0_afproj,0.001,0.868581918714493,115
COPD,22,1,MELD_lambda0_reportN,0.001,0.872108167562821,115
COPD,22,1,MELD_lambda0_equal,0.001,0.848680931838062,115
COPD,22,1,MELD_lambda1_afproj,0.001,0.863135064108913,115
COPD,22,1,EUR,0.001,0.845740782448157,115
COPD,22,1,EAS,0.001,0.637019133208633,115
COPD,22,1,AFR,0.001,0.614951623481792,115
COPD,22,1,CSA,0.001,0.845415988482493,115
COPD,22,1,AMR,0.001,0.824968574829017,115
COPD,22,1,MELD_lambda0_afproj,0.01,0.869739502834744,115
COPD,22,1,MELD_lambda0_reportN,0.01,0.87297716836301,115
COPD,22,1,MELD_lambda0_equal,0.01,0.856188805153981,115
COPD,22,1,MELD_lambda1_afproj,0.01,0.865857633676345,115
COPD,22,1,EUR,0.01,0.858504434661717,115
COPD,22,1,EAS,0.01,0.698736457576886,115
COPD,22,1,AFR,0.01,0.683415277797644,115
COPD,22,1,CSA,0.01,0.857788758677744,115
COPD,22,1,AMR,0.01,0.831500953710736,115
COPD,22,1,MELD_lambda0_afproj,0.1,0.882429513872756,115
COPD,22,1,MELD_lambda0_reportN,0.1,0.884589246825754,115
COPD,22,1,MELD_lambda0_equal,0.1,0.875307618723938,115
COPD,22,1,MELD_lambda1_afproj,0.1,0.87958162929022,115
COPD,22,1,EUR,0.1,0.887278273033632,115
COPD,22,1,EAS,0.1,0.748209866385539,115
COPD,22,1,AFR,0.1,0.751643444853943,115
COPD,22,1,CSA,0.1,0.861874444853388,115
COPD,22,1,AMR,0.1,0.829622796019373,115
COPD,22,2,MELD_lambda0_afproj,0.001,0.734867427305751,46
COPD,22,2,MELD_lambda0_reportN,0.001,0.726616561439704,46
COPD,22,2,MELD_lambda0_equal,0.001,0.649090457935549,46
COPD,22,2,MELD_lambda1_afproj,0.001,0.709735586968965,46
COPD,22,2,EUR,0.001,0.748560504406561,46
COPD,22,2,EAS,0.001,0.715742918019838,46
COPD,22,2,AFR,0.001,0.513032362090809,46
COPD,22,2,CSA,0.001,0.77846652097435,46
COPD,22,2,AMR,0.001,0.64534056296794,46
COPD,22,2,MELD_lambda0_afproj,0.01,0.755829117243917,46
COPD,22,2,MELD_lambda0_reportN,0.01,0.745867947561876,46
COPD,22,2,MELD_lambda0_equal,0.01,0.649747543178565,46
COPD,22,2,MELD_lambda1_afproj,0.01,0.741321329466867,46
COPD,22,2,EUR,0.01,0.773170913127979,46
COPD,22,2,EAS,0.01,0.727204528249351,46
COPD,22,2,AFR,0.01,0.512383315774919,46
COPD,22,2,CSA,0.01,0.780733586166281,46
COPD,22,2,AMR,0.01,0.644725215909484,46
COPD,22,2,MELD_lambda0_afproj,0.1,0.742501514603947,46
COPD,22,2,MELD_lambda0_reportN,0.1,0.735345346243392,46
COPD,22,2,MELD_lambda0_equal,0.1,0.614705137332399,46
COPD,22,2,MELD_lambda1_afproj,0.1,0.742621051902124,46
COPD,22,2,EUR,0.1,0.778117373645203,46
COPD,22,2,EAS,0.1,0.520692434361928,46
COPD,22,2,AFR,0.1,0.520091700930208,46
COPD,22,2,CSA,0.1,0.745959673112238,46
COPD,22,2,AMR,0.1,0.686671573187805,46
COPD,22,4,MELD_lambda0_afproj,0.001,0.895374110580321,194
COPD,22,4,MELD_lambda0_reportN,0.001,0.896407035359228,194
COPD,22,4,MELD_lambda0_equal,0.001,0.829457805921489,194
COPD,22,4,MELD_lambda1_afproj,0.001,0.892514920180896,194
COPD,22,4,EUR,0.001,0.838700062861357,194
COPD,22,4,EAS,0.001,0.526649679735216,194
COPD,22,4,AFR,0.001,0.520539519394499,194
COPD,22,4,CSA,0.001,0.771947984834329,194
COPD,22,4,AMR,0.001,0.777277242574581,194
COPD,22,4,MELD_lambda0_afproj,0.01,0.90667783180249,194
COPD,22,4,MELD_lambda0_reportN,0.01,0.905710495871038,194
COPD,22,4,MELD_lambda0_equal,0.01,0.830953811065374,194
COPD,22,4,MELD_lambda1_afproj,0.01,0.903785222144922,194
COPD,22,4,EUR,0.01,0.899773970255885,194
COPD,22,4,EAS,0.01,0.677326235210913,194
COPD,22,4,AFR,0.01,0.522766100646599,194
COPD,22,4,CSA,0.01,0.790521058845552,194
COPD,22,4,AMR,0.01,0.799975878182581,194
COPD,22,4,MELD_lambda0_afproj,0.1,0.900832922866187,194
COPD,22,4,MELD_lambda0_reportN,0.1,0.900149993877258,194
COPD,22,4,MELD_lambda0_equal,0.1,0.831919333990719,194
COPD,22,4,MELD_lambda1_afproj,0.1,0.897830291080462,194
COPD,22,4,EUR,0.1,0.890884042331749,194
COPD,22,4,EAS,0.1,0.738790467446119,194
COPD,22,4,AFR,0.1,0.548788734035741,194
COPD,22,4,CSA,0.1,0.803552552128056,194
COPD,22,4,AMR,0.1,0.778578260755134,194
COPD,22,5,MELD_lambda0_afproj,0.001,0.926916452355976,82
COPD,22,5,MELD_lambda0_reportN,0.001,0.929974151801616,82
COPD,22,5,MELD_lambda0_equal,0.001,0.913203921384737,82
COPD,22,5,MELD_lambda1_afproj,0.001,0.936007575043078,82
COPD,22,5,EUR,0.001,0.859549179850213,82
COPD,22,5,EAS,0.001,0.899711251336708,82
COPD,22,5,AFR,0.001,0.781531325080428,82
COPD,22,5,CSA,0.001,0.850763935605292,82
COPD,22,5,AMR,0.001,0.815134043978445,82
COPD,22,5,MELD_lambda0_afproj,0.01,0.90868140973835,82
COPD,22,5,MELD_lambda0_reportN,0.01,0.911893337911525,82
COPD,22,5,MELD_lambda0_equal,0.01,0.910085742202645,82
COPD,22,5,MELD_lambda1_afproj,0.01,0.912944948499167,82
COPD,22,5,EUR,0.01,0.880117006382534,82
COPD,22,5,EAS,0.01,0.850835304280062,82
COPD,22,5,AFR,0.01,0.794102643460129,82
COPD,22,5,CSA,0.01,0.855003489153374,82
COPD,22,5,AMR,0.01,0.840766504336914,82
COPD,22,5,MELD_lambda0_afproj,0.1,0.875467314549788,82
COPD,22,5,MELD_lambda0_reportN,0.1,0.877245308569525,82
COPD,22,5,MELD_lambda0_equal,0.1,0.885058121132766,82
COPD,22,5,MELD_lambda1_afproj,0.1,0.876763469450483,82
COPD,22,5,EUR,0.1,0.862292009054547,82
COPD,22,5,EAS,0.1,0.790924462544379,82
COPD,22,5,AFR,0.1,0.822080405502214,82
COPD,22,5,CSA,0.1,0.839259499344249,82
COPD,22,5,AMR,0.1,0.864642460755866,82
COPD,22,6,MELD_lambda0_afproj,0.001,0.768348300991517,31
COPD,22,6,MELD_lambda0_reportN,0.001,0.768371088181727,31
COPD,22,6,MELD_lambda0_equal,0.001,0.755562903197,31
COPD,22,6,MELD_lambda1_afproj,0.001,0.761639370578164,31
COPD,22,6,EUR,0.001,0.769032771008019,31
COPD,22,6,EAS,0.001,0.632414878602569,31
COPD,22,6,AFR,0.001,0.586202782968432,31
COPD,22,6,CSA,0.001,0.727142568489783,31
COPD,22,6,AMR,0.001,0.770043659959842,31
COPD,22,6,MELD_lambda0_afproj,0.01,0.767301927320657,31
COPD,22,6,MELD_lambda0_reportN,0.01,0.767536342470334,31
COPD,22,6,MELD_lambda0_equal,0.01,0.755555897750173,31
COPD,22,6,MELD_lambda1_afproj,0.01,0.761127384633434,31
COPD,22,6,EUR,0.01,0.767994448061488,31
COPD,22,6,EAS,0.01,0.629445871529777,31
COPD,22,6,AFR,0.01,0.585416062932719,31
COPD,22,6,CSA,0.01,0.720510827693502,31
COPD,22,6,AMR,0.01,0.772666238229209,31
COPD,22,6,MELD_lambda0_afproj,0.1,0.763716666145265,31
COPD,22,6,MELD_lambda0_reportN,0.1,0.764285623172913,31
COPD,22,6,MELD_lambda0_equal,0.1,0.756067789828683,31
COPD,22,6,MELD_lambda1_afproj,0.1,0.757940133541491,31
COPD,22,6,EUR,0.1,0.765342740762415,31
COPD,22,6,EAS,0.1,0.637027440057138,31
COPD,22,6,AFR,0.1,0.56507543847063,31
COPD,22,6,CSA,0.1,0.699699968784617,31
COPD,22,6,AMR,0.1,0.782108083627009,31
COPD,22,7,MELD_lambda0_afproj,0.001,0.935921355433621,295
COPD,22,7,MELD_lambda0_reportN,0.001,0.937207861561384,295
COPD,22,7,MELD_lambda0_equal,0.001,0.930799534885155,295
COPD,22,7,MELD_lambda1_afproj,0.001,0.939827653385564,295
COPD,22,7,EUR,0.001,0.891839129543485,295
COPD,22,7,EAS,0.001,0.689113848285474,295
COPD,22,7,AFR,0.001,0.617831281916985,295
COPD,22,7,CSA,0.001,0.868608490326971,295
COPD,22,7,AMR,0.001,0.896988217512265,295
COPD,22,7,MELD_lambda0_afproj,0.01,0.943560155612504,295
COPD,22,7,MELD_lambda0_reportN,0.01,0.944688128421877,295
COPD,22,7,MELD_lambda0_equal,0.01,0.940195676500649,295
COPD,22,7,MELD_lambda1_afproj,0.01,0.946881043307611,295
COPD,22,7,EUR,0.01,0.915190153459662,295
COPD,22,7,EAS,0.01,0.812883347958849,295
COPD,22,7,AFR,0.01,0.70633051191568,295
COPD,22,7,CSA,0.01,0.916335315960105,295
COPD,22,7,AMR,0.01,0.913004486369309,295
COPD,22,7,MELD_lambda0_afproj,0.1,0.943054918048451,295
COPD,22,7,MELD_lambda0_reportN,0.1,0.943118958730792,295
COPD,22,7,MELD_lambda0_equal,0.1,0.936608070157251,295
COPD,22,7,MELD_lambda1_afproj,0.1,0.943613544199146,295
COPD,22,7,EUR,0.1,0.926363824641173,295
COPD,22,7,EAS,0.1,0.875158360102549,295
COPD,22,7,AFR,0.1,0.771122935090296,295
COPD,22,7,CSA,0.1,0.939698738185005,295
COPD,22,7,AMR,0.1,0.901280940442913,295
COPD,22,8,MELD_lambda0_afproj,0.001,0.836365895032328,106
COPD,22,8,MELD_lambda0_reportN,0.001,0.833413107797027,106
COPD,22,8,MELD_lambda0_equal,0.001,0.82388817912927,106
COPD,22,8,MELD_lambda1_afproj,0.001,0.826454349415585,106
COPD,22,8,EUR,0.001,0.780010665286913,106
COPD,22,8,EAS,0.001,0.750516122329905,106
COPD,22,8,AFR,0.001,0.683238583512594,106
COPD,22,8,CSA,0.001,0.742998152000587,106
COPD,22,8,AMR,0.001,0.745610745949364,106
COPD,22,8,MELD_lambda0_afproj,0.01,0.847142947046335,106
COPD,22,8,MELD_lambda0_reportN,0.01,0.84392741439968,106
COPD,22,8,MELD_lambda0_equal,0.01,0.825363473663666,106
COPD,22,8,MELD_lambda1_afproj,0.01,0.83882792098347,106
COPD,22,8,EUR,0.01,0.807303605851799,106
COPD,22,8,EAS,0.01,0.727217659514594,106
COPD,22,8,AFR,0.01,0.696214066000036,106
COPD,22,8,CSA,0.01,0.772399558086016,106
COPD,22,8,AMR,0.01,0.803780737689569,106
COPD,22,8,MELD_lambda0_afproj,0.1,0.827764677683188,106
COPD,22,8,MELD_lambda0_reportN,0.1,0.827105676844765,106
COPD,22,8,MELD_lambda0_equal,0.1,0.813165827808497,106
COPD,22,8,MELD_lambda1_afproj,0.1,0.820524442317402,106
COPD,22,8,EUR,0.1,0.808167916771697,106
COPD,22,8,EAS,0.1,0.660799855731997,106
COPD,22,8,AFR,0.1,0.69407276970462,106
COPD,22,8,CSA,0.1,0.762178896832183,106
COPD,22,8,AMR,0.1,0.808842266709595,106
COPD,22,10,MELD_lambda0_afproj,0.001,0.786647989453556,226
COPD,22,10,MELD_lambda0_reportN,0.001,0.788120597267339,226
COPD,22,10,MELD_lambda0_equal,0.001,0.824430127262672,226
COPD,22,10,MELD_lambda1_afproj,0.001,0.777759059224097,226
COPD,22,10,EUR,0.001,0.783799508284566,226
COPD,22,10,EAS,0.001,0.713535521713665,226
COPD,22,10,AFR,0.001,0.593184522606788,226
COPD,22,10,CSA,0.001,0.763468284183204,226
COPD,22,10,AMR,0.001,0.805969157971326,226
COPD,22,10,MELD_lambda0_afproj,0.01,0.860941168489345,226
COPD,22,10,MELD_lambda0_reportN,0.01,0.86031539871549,226
COPD,22,10,MELD_lambda0_equal,0.01,0.830421485806619,226
COPD,22,10,MELD_lambda1_afproj,0.01,0.854845934504425,226
COPD,22,10,EUR,0.01,0.856347940361861,226
COPD,22,10,EAS,0.01,0.79459585173316,226
COPD,22,10,AFR,0.01,0.66159501362655,226
COPD,22,10,CSA,0.01,0.826441463748918,226
COPD,22,10,AMR,0.01,0.819765208013832,226
COPD,22,10,MELD_lambda0_afproj,0.1,0.853931729202849,226
COPD,22,10,MELD_lambda0_reportN,0.1,0.853041806621884,226
COPD,22,10,MELD_lambda0_equal,0.1,0.838820596283349,226
COPD,22,10,MELD_lambda1_afproj,0.1,0.850881134507642,226
COPD,22,10,EUR,0.1,0.830246032311563,226
COPD,22,10,EAS,0.1,0.797547219725604,226
COPD,22,10,AFR,0.1,0.687613713380145,226
COPD,22,10,CSA,0.1,0.802434125658985,226
COPD,22,10,AMR,0.1,0.794968865454315,226
COPD,22,11,MELD_lambda0_afproj,0.001,0.904520137123102,168
COPD,22,11,MELD_lambda0_reportN,0.001,0.901878221094445,168
COPD,22,11,MELD_lambda0_equal,0.001,0.891658699164798,168
COPD,22,11,MELD_lambda1_afproj,0.001,0.90074106657552,168
COPD,22,11,EUR,0.001,0.909546580725805,168
COPD,22,11,EAS,0.001,0.829033645789949,168
COPD,22,11,AFR,0.001,0.518709104077451,168
COPD,22,11,CSA,0.001,0.74757298862458,168
COPD,22,11,AMR,0.001,0.856710966239748,168
COPD,22,11,MELD_lambda0_afproj,0.01,0.911650892357358,168
COPD,22,11,MELD_lambda0_reportN,0.01,0.908935175738705,168
COPD,22,11,MELD_lambda0_equal,0.01,0.882194351437042,168
COPD,22,11,MELD_lambda1_afproj,0.01,0.910007957531845,168
COPD,22,11,EUR,0.01,0.919961582898869,168
COPD,22,11,EAS,0.01,0.823604169555771,168
COPD,22,11,AFR,0.01,0.624690488195044,168
COPD,22,11,CSA,0.01,0.805936896416895,168
COPD,22,11,AMR,0.01,0.878092710830257,168
COPD,22,11,MELD_lambda0_afproj,0.1,0.903668104134136,168
COPD,22,11,MELD_lambda0_reportN,0.1,0.902832977040771,168
COPD,22,11,MELD_lambda0_equal,0.1,0.859210319808109,168
COPD,22,11,MELD_lambda1_afproj,0.1,0.902987462156803,168
COPD,22,11,EUR,0.1,0.912476548575482,168
COPD,22,11,EAS,0.1,0.801964034329741,168
COPD,22,11,AFR,0.1,0.619271644616584,168
COPD,22,11,CSA,0.1,0.809855475076769,168
COPD,22,11,AMR,0.1,0.852521017102797,168
COPD,22,12,MELD_lambda0_afproj,0.001,0.763384183283631,55
COPD,22,12,MELD_lambda0_reportN,0.001,0.769762516249439,55
COPD,22,12,MELD_lambda0_equal,0.001,0.756292701204554,55
COPD,22,12,MELD_lambda1_afproj,0.001,0.77633082747424,55
COPD,22,12,EUR,0.001,0.883896101118911,55
COPD,22,12,EAS,0.001,0.72568211517195,55
COPD,22,12,AFR,0.001,0.750973593952304,55
COPD,22,12,CSA,0.001,0.888991149721679,55
COPD,22,12,AMR,0.001,0.724032916855595,55
COPD,22,12,MELD_lambda0_afproj,0.01,0.744176075250275,55
COPD,22,12,MELD_lambda0_reportN,0.01,0.744013473562389,55
COPD,22,12,MELD_lambda0_equal,0.01,0.757379771443944,55
COPD,22,12,MELD_lambda1_afproj,0.01,0.75196520878236,55
COPD,22,12,EUR,0.01,0.816410988651596,55
COPD,22,12,EAS,0.01,0.724094088201535,55
COPD,22,12,AFR,0.01,0.754541977353813,55
COPD,22,12,CSA,0.01,0.906352339415861,55
COPD,22,12,AMR,0.01,0.731794278399548,55
COPD,22,12,MELD_lambda0_afproj,0.1,0.733386361963578,55
COPD,22,12,MELD_lambda0_reportN,0.1,0.733843890161189,55
COPD,22,12,MELD_lambda0_equal,0.1,0.739452471057987,55
COPD,22,12,MELD_lambda1_afproj,0.1,0.738943661913664,55
COPD,22,12,EUR,0.1,0.796652495250551,55
COPD,22,12,EAS,0.1,0.719308521921397,55
COPD,22,12,AFR,0.1,0.773257565921365,55
COPD,22,12,CSA,0.1,0.902592730588677,55
COPD,22,12,AMR,0.1,0.740720085703957,55
COPD,22,13,MELD_lambda0_afproj,0.001,0.979603152169838,92
COPD,22,13,MELD_lambda0_reportN,0.001,0.979948463331599,92
COPD,22,13,MELD_lambda0_equal,0.001,0.963917655684818,92
COPD,22,13,MELD_lambda1_afproj,0.001,0.980041512021318,92
COPD,22,13,EUR,0.001,0.967920035293974,92
COPD,22,13,EAS,0.001,0.872885528374821,92
COPD,22,13,AFR,0.001,0.897398405275164,92
COPD,22,13,CSA,0.001,0.903731403165542,92
COPD,22,13,AMR,0.001,0.946413368307237,92
COPD,22,13,MELD_lambda0_afproj,0.01,0.980709347473354,92
COPD,22,13,MELD_lambda0_reportN,0.01,0.980568480726239,92
COPD,22,13,MELD_lambda0_equal,0.01,0.965756336159881,92
COPD,22,13,MELD_lambda1_afproj,0.01,0.979973003968482,92
COPD,22,13,EUR,0.01,0.974774224885917,92
COPD,22,13,EAS,0.01,0.89225596908551,92
COPD,22,13,AFR,0.01,0.909805675498458,92
COPD,22,13,CSA,0.01,0.965758684475928,92
COPD,22,13,AMR,0.01,0.953706146184577,92
COPD,22,13,MELD_lambda0_afproj,0.1,0.973691458499301,92
COPD,22,13,MELD_lambda0_reportN,0.1,0.973336298520321,92
COPD,22,13,MELD_lambda0_equal,0.1,0.961209030512119,92
COPD,22,13,MELD_lambda1_afproj,0.1,0.972233845611145,92
COPD,22,13,EUR,0.1,0.96923612367378,92
COPD,22,13,EAS,0.1,0.868609763122104,92
COPD,22,13,AFR,0.1,0.888756593551983,92
COPD,22,13,CSA,0.1,0.968177957005139,92
COPD,22,13,AMR,0.1,0.941569696957847,92
COPD,22,14,MELD_lambda0_afproj,0.001,0.840350938812936,75
COPD,22,14,MELD_lambda0_reportN,0.001,0.832780747859651,75
COPD,22,14,MELD_lambda0_equal,0.001,0.769034921627691,75
COPD,22,14,MELD_lambda1_afproj,0.001,0.868671845820164,75
COPD,22,14,EUR,0.001,0.829305350113087,75
COPD,22,14,EAS,0.001,0.766662928945108,75
COPD,22,14,AFR,0.001,0.546664392695904,75
COPD,22,14,CSA,0.001,0.576821744271843,75
COPD,22,14,AMR,0.001,0.886947710381425,75
COPD,22,14,MELD_lambda0_afproj,0.01,0.838761515794052,75
COPD,22,14,MELD_lambda0_reportN,0.01,0.834190724004339,75
COPD,22,14,MELD_lambda0_equal,0.01,0.764135296660778,75
COPD,22,14,MELD_lambda1_afproj,0.01,0.865332178245583,75
COPD,22,14,EUR,0.01,0.82260654212158,75
COPD,22,14,EAS,0.01,0.757706868339283,75
COPD,22,14,AFR,0.01,0.569100989167655,75
COPD,22,14,CSA,0.01,0.690054372267638,75
COPD,22,14,AMR,0.01,0.874046901194738,75
COPD,22,14,MELD_lambda0_afproj,0.1,0.835521178341549,75
COPD,22,14,MELD_lambda0_reportN,0.1,0.83455384900795,75
COPD,22,14,MELD_lambda0_equal,0.1,0.763269297603651,75
COPD,22,14,MELD_lambda1_afproj,0.1,0.860782480073615,75
COPD,22,14,EUR,0.1,0.82235184868547,75
COPD,22,14,EAS,0.1,0.74451235554564,75
COPD,22,14,AFR,0.1,0.601719965515076,75
COPD,22,14,CSA,0.1,0.688130272269025,75
COPD,22,14,AMR,0.1,0.836287190961013,75
COPD,22,16,MELD_lambda0_afproj,0.001,0.73477226700231,38
COPD,22,16,MELD_lambda0_reportN,0.001,0.722654143308416,38
COPD,22,16,MELD_lambda0_equal,0.001,0.65634329632683,38
COPD,22,16,MELD_lambda1_afproj,0.001,0.772713928679698,38
COPD,22,16,EUR,0.001,0.753097258879781,38
COPD,22,16,EAS,0.001,0.744125992911698,38
COPD,22,16,AFR,0.001,0.634871741053338,38
COPD,22,16,CSA,0.001,0.715650803174125,38
COPD,22,16,AMR,0.001,0.635294955399226,38
COPD,22,16,MELD_lambda0_afproj,0.01,0.711330879852767,38
COPD,22,16,MELD_lambda0_reportN,0.01,0.703293212433526,38
COPD,22,16,MELD_lambda0_equal,0.01,0.655371410033774,38
COPD,22,16,MELD_lambda1_afproj,0.01,0.748657273488151,38
COPD,22,16,EUR,0.01,0.727548054570127,38
COPD,22,16,EAS,0.01,0.754126251711579,38
COPD,22,16,AFR,0.01,0.625397927315609,38
COPD,22,16,CSA,0.01,0.705185805390208,38
COPD,22,16,AMR,0.01,0.627683601379033,38
COPD,22,16,MELD_lambda0_afproj,0.1,0.661451881962888,38
COPD,22,16,MELD_lambda0_reportN,0.1,0.658396625584277,38
COPD,22,16,MELD_lambda0_equal,0.1,0.65165828817882,38
COPD,22,16,MELD_lambda1_afproj,0.1,0.692961705005683,38
COPD,22,16,EUR,0.1,0.64160798937869,38
COPD,22,16,EAS,0.1,0.751588683522506,38
COPD,22,16,AFR,0.1,0.644116591380261,38
COPD,22,16,CSA,0.1,0.67810874065351,38
COPD,22,16,AMR,0.1,0.627719100432014,38
COPD,22,17,MELD_lambda0_afproj,0.001,0.952399113912312,83
COPD,22,17,MELD_lambda0_reportN,0.001,0.953430275956276,83
COPD,22,17,MELD_lambda0_equal,0.001,0.94727883025108,83
COPD,22,17,MELD_lambda1_afproj,0.001,0.961965443733752,83
COPD,22,17,EUR,0.001,0.929477344933552,83
COPD,22,17,EAS,0.001,0.914270085160058,83
COPD,22,17,AFR,0.001,0.922099482995739,83
COPD,22,17,CSA,0.001,0.895687508710105,83
COPD,22,17,AMR,0.001,0.924510779325214,83
COPD,22,17,MELD_lambda0_afproj,0.01,0.953757044096887,83
COPD,22,17,MELD_lambda0_reportN,0.01,0.953986202666874,83
COPD,22,17,MELD_lambda0_equal,0.01,0.947698528810887,83
COPD,22,17,MELD_lambda1_afproj,0.01,0.96320973524754,83
COPD,22,17,EUR,0.01,0.945903605135163,83
COPD,22,17,EAS,0.01,0.920077100968697,83
COPD,22,17,AFR,0.01,0.915085510586251,83
COPD,22,17,CSA,0.01,0.911170120424974,83
COPD,22,17,AMR,0.01,0.926369567053744,83
COPD,22,17,MELD_lambda0_afproj,0.1,0.961864363605364,83
COPD,22,17,MELD_lambda0_reportN,0.1,0.961761540133172,83
COPD,22,17,MELD_lambda0_equal,0.1,0.953095779729775,83
COPD,22,17,MELD_lambda1_afproj,0.1,0.965886216185245,83
COPD,22,17,EUR,0.1,0.950516398758388,83
COPD,22,17,EAS,0.1,0.92725351117931,83
COPD,22,17,AFR,0.1,0.871350965757155,83
COPD,22,17,CSA,0.1,0.926428375912909,83
COPD,22,17,AMR,0.1,0.922112646889006,83
COPD,22,19,MELD_lambda0_afproj,0.001,0.852109710641068,222
COPD,22,19,MELD_lambda0_reportN,0.001,0.85408479668046,222
COPD,22,19,MELD_lambda0_equal,0.001,0.835857570791158,222
COPD,22,19,MELD_lambda1_afproj,0.001,0.854220796684207,222
COPD,22,19,EUR,0.001,0.825437062409795,222
COPD,22,19,EAS,0.001,0.562673685203138,222
COPD,22,19,AFR,0.001,0.575925136725978,222
COPD,22,19,CSA,0.001,0.692475420094208,222
COPD,22,19,AMR,0.001,0.795111180354962,222
COPD,22,19,MELD_lambda0_afproj,0.01,0.87206437821406,222
COPD,22,19,MELD_lambda0_reportN,0.01,0.873914956496071,222
COPD,22,19,MELD_lambda0_equal,0.01,0.853453739597688,222
COPD,22,19,MELD_lambda1_afproj,0.01,0.87135827843904,222
COPD,22,19,EUR,0.01,0.86671215868745,222
COPD,22,19,EAS,0.01,0.751613591713095,222
COPD,22,19,AFR,0.01,0.698292101879436,222
COPD,22,19,CSA,0.01,0.740639190834602,222
COPD,22,19,AMR,0.01,0.863065820222033,222
COPD,22,19,MELD_lambda0_afproj,0.1,0.887227420327172,222
COPD,22,19,MELD_lambda0_reportN,0.1,0.889168134120839,222
COPD,22,19,MELD_lambda0_equal,0.1,0.868668607403584,222
COPD,22,19,MELD_lambda1_afproj,0.1,0.884069971544064,222
COPD,22,19,EUR,0.1,0.881993685772448,222
COPD,22,19,EAS,0.1,0.803597923711232,222
COPD,22,19,AFR,0.1,0.747946325831187,222
COPD,22,19,CSA,0.1,0.790256212572828,222
COPD,22,19,AMR,0.1,0.844079934755803,222
COPD,22,20,MELD_lambda0_afproj,0.001,0.983210314162746,109
COPD,22,20,MELD_lambda0_reportN,0.001,0.98394099026386,109
COPD,22,20,MELD_lambda0_equal,0.001,0.978768383056975,109
COPD,22,20,MELD_lambda1_afproj,0.001,0.985048786521312,109
COPD,22,20,EUR,0.001,0.98494471507599,109
COPD,22,20,EAS,0.001,0.950202403917639,109
COPD,22,20,AFR,0.001,0.888320434572276,109
COPD,22,20,CSA,0.001,0.975427299244972,109
COPD,22,20,AMR,0.001,0.965516299072324,109
COPD,22,20,MELD_lambda0_afproj,0.01,0.983206379756577,109
COPD,22,20,MELD_lambda0_reportN,0.01,0.983410717063971,109
COPD,22,20,MELD_lambda0_equal,0.01,0.979941386694241,109
COPD,22,20,MELD_lambda1_afproj,0.01,0.984232980763598,109
COPD,22,20,EUR,0.01,0.981605512794754,109
COPD,22,20,EAS,0.01,0.950871695253189,109
COPD,22,20,AFR,0.01,0.91771712904487,109
COPD,22,20,CSA,0.01,0.983155005698012,109
COPD,22,20,AMR,0.01,0.964905049368413,109
COPD,22,20,MELD_lambda0_afproj,0.1,0.978490015212338,109
COPD,22,20,MELD_lambda0_reportN,0.1,0.978387006096807,109
COPD,22,20,MELD_lambda0_equal,0.1,0.97588275387146,109
COPD,22,20,MELD_lambda1_afproj,0.1,0.978890121215172,109
COPD,22,20,EUR,0.1,0.976989912099351,109
COPD,22,20,EAS,0.1,0.944890074495137,109
COPD,22,20,AFR,0.1,0.927020924503304,109
COPD,22,20,CSA,0.1,0.978810969291682,109
COPD,22,20,AMR,0.1,0.962223920596641,109
COPD,22,21,MELD_lambda0_afproj,0.001,0.928335722174581,52
COPD,22,21,MELD_lambda0_reportN,0.001,0.929173336757716,52
COPD,22,21,MELD_lambda0_equal,0.001,0.914263473895747,52
COPD,22,21,MELD_lambda1_afproj,0.001,0.92490574732899,52
COPD,22,21,EUR,0.001,0.886376838554692,52
COPD,22,21,EAS,0.001,0.927472456723293,52
COPD,22,21,AFR,0.001,0.828917698427099,52
COPD,22,21,CSA,0.001,0.899968510533601,52
COPD,22,21,AMR,0.001,0.870898976591518,52
COPD,22,21,MELD_lambda0_afproj,0.01,0.9244750027444,52
COPD,22,21,MELD_lambda0_reportN,0.01,0.924692541132118,52
COPD,22,21,MELD_lambda0_equal,0.01,0.911769990584556,52
COPD,22,21,MELD_lambda1_afproj,0.01,0.921743030932522,52
COPD,22,21,EUR,0.01,0.915692114586792,52
COPD,22,21,EAS,0.01,0.911526930996831,52
COPD,22,21,AFR,0.01,0.845563932464047,52
COPD,22,21,CSA,0.01,0.8930210600115,52
COPD,22,21,AMR,0.01,0.861739495299493,52
COPD,22,21,MELD_lambda0_afproj,0.1,0.911745389210833,52
COPD,22,21,MELD_lambda0_reportN,0.1,0.912209263136571,52
COPD,22,21,MELD_lambda0_equal,0.1,0.89853209018932,52
COPD,22,21,MELD_lambda1_afproj,0.1,0.906905075680172,52
COPD,22,21,EUR,0.1,0.915295176295737,52
COPD,22,21,EAS,0.1,0.878946866664764,52
COPD,22,21,AFR,0.1,0.86135873346049,52
COPD,22,21,CSA,0.1,0.884634724064876,52
COPD,22,21,AMR,0.1,0.854853416172121,52
COPD,22,22,MELD_lambda0_afproj,0.001,0.974196409786737,174
COPD,22,22,MELD_lambda0_reportN,0.001,0.973817371257293,174
COPD,22,22,MELD_lambda0_equal,0.001,0.958244091622343,174
COPD,22,22,MELD_lambda1_afproj,0.001,0.97407061415162,174
COPD,22,22,EUR,0.001,0.936861601563367,174
COPD,22,22,EAS,0.001,0.861460819166021,174
COPD,22,22,AFR,0.001,0.546643681501902,174
COPD,22,22,CSA,0.001,0.913623315032695,174
COPD,22,22,AMR,0.001,0.912585698426722,174
COPD,22,22,MELD_lambda0_afproj,0.01,0.971094070379933,174
COPD,22,22,MELD_lambda0_reportN,0.01,0.971170012579264,174
COPD,22,22,MELD_lambda0_equal,0.01,0.958901365634308,174
COPD,22,22,MELD_lambda1_afproj,0.01,0.970779419214751,174
COPD,22,22,EUR,0.01,0.951004791477094,174
COPD,22,22,EAS,0.01,0.907881264857739,174
COPD,22,22,AFR,0.01,0.711009479139358,174
COPD,22,22,CSA,0.01,0.93746350714396,174
COPD,22,22,AMR,0.01,0.945177259970743,174
COPD,22,22,MELD_lambda0_afproj,0.1,0.962303555457186,174
COPD,22,22,MELD_lambda0_reportN,0.1,0.962334290478242,174
COPD,22,22,MELD_lambda0_equal,0.1,0.952456316092696,174
COPD,22,22,MELD_lambda1_afproj,0.1,0.962456602749977,174
COPD,22,22,EUR,0.1,0.946289690907621,174
COPD,22,22,EAS,0.1,0.90539195566718,174
COPD,22,22,AFR,0.1,0.7840442521436,174
COPD,22,22,CSA,0.1,0.925005178965466,174
COPD,22,22,AMR,0.1,0.943724033417628,174
COPD,22,23,MELD_lambda0_afproj,0.001,0.712086831215401,221
COPD,22,23,MELD_lambda0_reportN,0.001,0.709672454470227,221
COPD,22,23,MELD_lambda0_equal,0.001,0.712223285729153,221
COPD,22,23,MELD_lambda1_afproj,0.001,0.700535058234553,221
COPD,22,23,EUR,0.001,0.576926501709106,221
COPD,22,23,EAS,0.001,0.374907550624865,221
COPD,22,23,AFR,0.001,0.425569529113376,221
COPD,22,23,CSA,0.001,0.696670660498071,221
COPD,22,23,AMR,0.001,0.604453120362012,221
COPD,22,23,MELD_lambda0_afproj,0.01,0.725262498629541,221
COPD,22,23,MELD_lambda0_reportN,0.01,0.721457778203689,221
COPD,22,23,MELD_lambda0_equal,0.01,0.722518568481057,221
COPD,22,23,MELD_lambda1_afproj,0.01,0.717415230506773,221
COPD,22,23,EUR,0.01,0.62932507347925,221
COPD,22,23,EAS,0.01,0.472599308748388,221
COPD,22,23,AFR,0.01,0.426486562338952,221
COPD,22,23,CSA,0.01,0.717349379413889,221
COPD,22,23,AMR,0.01,0.705502066680159,221
COPD,22,23,MELD_lambda0_afproj,0.1,0.72836982261234,221
COPD,22,23,MELD_lambda0_reportN,0.1,0.725459365444194,221
COPD,22,23,MELD_lambda0_equal,0.1,0.730428392299022,221
COPD,22,23,MELD_lambda1_afproj,0.1,0.722525419310587,221
COPD,22,23,EUR,0.1,0.645732385156064,221
COPD,22,23,EAS,0.1,0.589416174443289,221
COPD,22,23,AFR,0.1,0.456488740001713,221
COPD,22,23,CSA,0.1,0.716377282940371,221
COPD,22,23,AMR,0.1,0.704556469500401,221
COPD,22,25,MELD_lambda0_afproj,0.001,0.917083755923872,132
COPD,22,25,MELD_lambda0_reportN,0.001,0.917081992061729,132
COPD,22,25,MELD_lambda0_equal,0.001,0.933139788547133,132
COPD,22,25,MELD_lambda1_afproj,0.001,0.910141354049004,132
COPD,22,25,EUR,0.001,0.894945192022721,132
COPD,22,25,EAS,0.001,0.819885233673859,132
COPD,22,25,AFR,0.001,0.692736439558587,132
COPD,22,25,CSA,0.001,0.877146980386045,132
COPD,22,25,AMR,0.001,0.828992417982646,132
COPD,22,25,MELD_lambda0_afproj,0.01,0.932983302082454,132
COPD,22,25,MELD_lambda0_reportN,0.01,0.933104769674055,132
COPD,22,25,MELD_lambda0_equal,0.01,0.934758941006511,132
COPD,22,25,MELD_lambda1_afproj,0.01,0.928270553682457,132
COPD,22,25,EUR,0.01,0.936461351338249,132
COPD,22,25,EAS,0.01,0.860549534728852,132
COPD,22,25,AFR,0.01,0.713394451549511,132
COPD,22,25,CSA,0.01,0.91297963438159,132
COPD,22,25,AMR,0.01,0.899182398655181,132
COPD,22,25,MELD_lambda0_afproj,0.1,0.944504731228086,132
COPD,22,25,MELD_lambda0_reportN,0.1,0.944787143980514,132
COPD,22,25,MELD_lambda0_equal,0.1,0.935682800613506,132
COPD,22,25,MELD_lambda1_afproj,0.1,0.941550171743588,132
COPD,22,25,EUR,0.1,0.951085012266013,132
COPD,22,25,EAS,0.1,0.864150444277516,132
COPD,22,25,AFR,0.1,0.738789183564508,132
COPD,22,25,CSA,0.1,0.912088556309157,132
COPD,22,25,AMR,0.1,0.910779633524463,132
COPD,22,26,MELD_lambda0_afproj,0.001,0.943213594802639,199
COPD,22,26,MELD_lambda0_reportN,0.001,0.942795943685474,199
COPD,22,26,MELD_lambda0_equal,0.001,0.935100004563783,199
COPD,22,26,MELD_lambda1_afproj,0.001,0.941963773140391,199
COPD,22,26,EUR,0.001,0.913408672668841,199
COPD,22,26,EAS,0.001,0.805309287125135,199
COPD,22,26,AFR,0.001,0.720871200426529,199
COPD,22,26,CSA,0.001,0.883277689264478,199
COPD,22,26,AMR,0.001,0.889925858805752,199
COPD,22,26,MELD_lambda0_afproj,0.01,0.946152408641063,199
COPD,22,26,MELD_lambda0_reportN,0.01,0.945187774516409,199
COPD,22,26,MELD_lambda0_equal,0.01,0.936955418209552,199
COPD,22,26,MELD_lambda1_afproj,0.01,0.943308887423891,199
COPD,22,26,EUR,0.01,0.935168364682902,199
COPD,22,26,EAS,0.01,0.835358965852224,199
COPD,22,26,AFR,0.01,0.76398549354857,199
COPD,22,26,CSA,0.01,0.91902449282236,199
COPD,22,26,AMR,0.01,0.906481100303332,199
COPD,22,26,MELD_lambda0_afproj,0.1,0.938591334249769,199
COPD,22,26,MELD_lambda0_reportN,0.1,0.937704461139416,199
COPD,22,26,MELD_lambda0_equal,0.1,0.930203014758682,199
COPD,22,26,MELD_lambda1_afproj,0.1,0.933432139783844,199
COPD,22,26,EUR,0.1,0.92859758547521,199
COPD,22,26,EAS,0.1,0.85064040596226,199
COPD,22,26,AFR,0.1,0.819805905504868,199
COPD,22,26,CSA,0.1,0.914499209908354,199
COPD,22,26,AMR,0.1,0.900160303130164,199
COPD,22,27,MELD_lambda0_afproj,0.001,0.816422612196492,389
COPD,22,27,MELD_lambda0_reportN,0.001,0.818656026633913,389
COPD,22,27,MELD_lambda0_equal,0.001,0.861996390924406,389
COPD,22,27,MELD_lambda1_afproj,0.001,0.81554360306078,389
COPD,22,27,EUR,0.001,0.750332703402909,389
COPD,22,27,EAS,0.001,0.459886633131902,389
COPD,22,27,AFR,0.001,0.507324550776028,389
COPD,22,27,CSA,0.001,0.677674085654738,389
COPD,22,27,AMR,0.001,0.593403060453312,389
COPD,22,27,MELD_lambda0_afproj,0.01,0.849127271913276,389
COPD,22,27,MELD_lambda0_reportN,0.01,0.848323424896064,389
COPD,22,27,MELD_lambda0_equal,0.01,0.867950316025881,389
COPD,22,27,MELD_lambda1_afproj,0.01,0.851886565920646,389
COPD,22,27,EUR,0.01,0.819154390001559,389
COPD,22,27,EAS,0.01,0.60400522347131,389
COPD,22,27,AFR,0.01,0.601246508146147,389
COPD,22,27,CSA,0.01,0.806085978865538,389
COPD,22,27,AMR,0.01,0.699379851474105,389
COPD,22,27,MELD_lambda0_afproj,0.1,0.853711078407386,389
COPD,22,27,MELD_lambda0_reportN,0.1,0.853964119186018,389
COPD,22,27,MELD_lambda0_equal,0.1,0.863676579968437,389
COPD,22,27,MELD_lambda1_afproj,0.1,0.853722201005351,389
COPD,22,27,EUR,0.1,0.83694789394971,389
COPD,22,27,EAS,0.1,0.651771069826471,389
COPD,22,27,AFR,0.1,0.654773226291534,389
COPD,22,27,CSA,0.1,0.840202169215656,389
COPD,22,27,AMR,0.1,0.704296207191487,389
COPD,22,28,MELD_lambda0_afproj,0.001,0.78055268524411,243
COPD,22,28,MELD_lambda0_reportN,0.001,0.770669368992331,243
COPD,22,28,MELD_lambda0_equal,0.001,0.863437955828395,243
COPD,22,28,MELD_lambda1_afproj,0.001,0.773793992342178,243
COPD,22,28,EUR,0.001,0.704319395034044,243
COPD,22,28,EAS,0.001,0.508995264620025,243
COPD,22,28,AFR,0.001,0.4839544324676,243
COPD,22,28,CSA,0.001,0.650800522354373,243
COPD,22,28,AMR,0.001,0.575858639860582,243
COPD,22,28,MELD_lambda0_afproj,0.01,0.835192459102906,243
COPD,22,28,MELD_lambda0_reportN,0.01,0.829572328074842,243
COPD,22,28,MELD_lambda0_equal,0.01,0.86523142391954,243
COPD,22,28,MELD_lambda1_afproj,0.01,0.829537717736842,243
COPD,22,28,EUR,0.01,0.811649462621918,243
COPD,22,28,EAS,0.01,0.63027658666695,243
COPD,22,28,AFR,0.01,0.552231252036172,243
COPD,22,28,CSA,0.01,0.739849478432505,243
COPD,22,28,AMR,0.01,0.664813380976031,243
COPD,22,28,MELD_lambda0_afproj,0.1,0.841409084748041,243
COPD,22,28,MELD_lambda0_reportN,0.1,0.8380685324449,243
COPD,22,28,MELD_lambda0_equal,0.1,0.85492866300266,243
COPD,22,28,MELD_lambda1_afproj,0.1,0.835410145312943,243
COPD,22,28,EUR,0.1,0.828029113454841,243
COPD,22,28,EAS,0.1,0.709015988517179,243
COPD,22,28,AFR,0.1,0.610537449131018,243
COPD,22,28,CSA,0.1,0.797542940328326,243
COPD,22,28,AMR,0.1,0.737619351003359,243
COPD,22,29,MELD_lambda0_afproj,0.001,0.970820859210764,300
COPD,22,29,MELD_lambda0_reportN,0.001,0.97077007182947,300
COPD,22,29,MELD_lambda0_equal,0.001,0.951769301211978,300
COPD,22,29,MELD_lambda1_afproj,0.001,0.972237020736838,300
COPD,22,29,EUR,0.001,0.943822520324976,300
COPD,22,29,EAS,0.001,0.820504833719,300
COPD,22,29,AFR,0.001,0.676951523051254,300
COPD,22,29,CSA,0.001,0.792511283256257,300
COPD,22,29,AMR,0.001,0.859216581627832,300
COPD,22,29,MELD_lambda0_afproj,0.01,0.970890683269455,300
COPD,22,29,MELD_lambda0_reportN,0.01,0.971422966355819,300
COPD,22,29,MELD_lambda0_equal,0.01,0.954542010471643,300
COPD,22,29,MELD_lambda1_afproj,0.01,0.971709317436594,300
COPD,22,29,EUR,0.01,0.960285033938203,300
COPD,22,29,EAS,0.01,0.877077972288115,300
COPD,22,29,AFR,0.01,0.81158198677843,300
COPD,22,29,CSA,0.01,0.882799882182526,300
COPD,22,29,AMR,0.01,0.92713481874753,300
COPD,22,29,MELD_lambda0_afproj,0.1,0.953569536385814,300
COPD,22,29,MELD_lambda0_reportN,0.1,0.954289117275319,300
COPD,22,29,MELD_lambda0_equal,0.1,0.942281928992476,300
COPD,22,29,MELD_lambda1_afproj,0.1,0.951781348097512,300
COPD,22,29,EUR,0.1,0.937766197015958,300
COPD,22,29,EAS,0.1,0.899946242932795,300
COPD,22,29,AFR,0.1,0.822024516316664,300
COPD,22,29,CSA,0.1,0.896475025697105,300
COPD,22,29,AMR,0.1,0.910609138187283,300
COPD,22,31,MELD_lambda0_afproj,0.001,0.974676212590203,361
COPD,22,31,MELD_lambda0_reportN,0.001,0.973552210544929,361
COPD,22,31,MELD_lambda0_equal,0.001,0.969925502878508,361
COPD,22,31,MELD_lambda1_afproj,0.001,0.972673140064703,361
COPD,22,31,EUR,0.001,0.956848719290531,361
COPD,22,31,EAS,0.001,0.809425239154212,361
COPD,22,31,AFR,0.001,0.673038921668176,361
COPD,22,31,CSA,0.001,0.803443006782314,361
COPD,22,31,AMR,0.001,0.947316047915672,361
COPD,22,31,MELD_lambda0_afproj,0.01,0.978382303022457,361
COPD,22,31,MELD_lambda0_reportN,0.01,0.977881344373034,361
COPD,22,31,MELD_lambda0_equal,0.01,0.973078311957164,361
COPD,22,31,MELD_lambda1_afproj,0.01,0.97775254015422,361
COPD,22,31,EUR,0.01,0.96500007989962,361
COPD,22,31,EAS,0.01,0.886138620816566,361
COPD,22,31,AFR,0.01,0.834216110862039,361
COPD,22,31,CSA,0.01,0.917853316952591,361
COPD,22,31,AMR,0.01,0.96591819863764,361
COPD,22,31,MELD_lambda0_afproj,0.1,0.975374503185275,361
COPD,22,31,MELD_lambda0_reportN,0.1,0.975414430921808,361
COPD,22,31,MELD_lambda0_equal,0.1,0.972327707523161,361
COPD,22,31,MELD_lambda1_afproj,0.1,0.974129586684051,361
COPD,22,31,EUR,0.1,0.964975213968909,361
COPD,22,31,EAS,0.1,0.906451206188286,361
COPD,22,31,AFR,0.1,0.869159730070366,361
COPD,22,31,CSA,0.1,0.935147791734875,361
COPD,22,31,AMR,0.1,0.963629926117947,361
COPD,22,32,MELD_lambda0_afproj,0.001,0.887438219090859,116
COPD,22,32,MELD_lambda0_reportN,0.001,0.886874882480854,116
COPD,22,32,MELD_lambda0_equal,0.001,0.869468586256877,116
COPD,22,32,MELD_lambda1_afproj,0.001,0.869040442655021,116
COPD,22,32,EUR,0.001,0.786419694751622,116
COPD,22,32,EAS,0.001,0.746749849030259,116
COPD,22,32,AFR,0.001,0.632375019579725,116
COPD,22,32,CSA,0.001,0.897440504132994,116
COPD,22,32,AMR,0.001,0.883395433115313,116
COPD,22,32,MELD_lambda0_afproj,0.01,0.893241903728472,116
COPD,22,32,MELD_lambda0_reportN,0.01,0.894324939699282,116
COPD,22,32,MELD_lambda0_equal,0.01,0.895721789528225,116
COPD,22,32,MELD_lambda1_afproj,0.01,0.882279142274039,116
COPD,22,32,EUR,0.01,0.837282372981525,116
COPD,22,32,EAS,0.01,0.833894695183159,116
COPD,22,32,AFR,0.01,0.747010127121775,116
COPD,22,32,CSA,0.01,0.91091975860933,116
COPD,22,32,AMR,0.01,0.888076621140195,116
COPD,22,32,MELD_lambda0_afproj,0.1,0.88899127479756,116
COPD,22,32,MELD_lambda0_reportN,0.1,0.889201537161335,116
COPD,22,32,MELD_lambda0_equal,0.1,0.889894000593542,116
COPD,22,32,MELD_lambda1_afproj,0.1,0.884586139655032,116
COPD,22,32,EUR,0.1,0.864692113346293,116
COPD,22,32,EAS,0.1,0.86800684929162,116
COPD,22,32,AFR,0.1,0.735581116252071,116
COPD,22,32,CSA,0.1,0.876185888407325,116
COPD,22,32,AMR,0.1,0.865900280300022,116
COPD,22,34,MELD_lambda0_afproj,0.001,0.958373501359025,328
COPD,22,34,MELD_lambda0_reportN,0.001,0.957882524289596,328
COPD,22,34,MELD_lambda0_equal,0.001,0.925562162762356,328
COPD,22,34,MELD_lambda1_afproj,0.001,0.94767641336995,328
COPD,22,34,EUR,0.001,0.93009473100596,328
COPD,22,34,EAS,0.001,0.903515251105504,328
COPD,22,34,AFR,0.001,0.609129390912273,328
COPD,22,34,CSA,0.001,0.86596776653354,328
COPD,22,34,AMR,0.001,0.907394675392764,328
COPD,22,34,MELD_lambda0_afproj,0.01,0.971786164859675,328
COPD,22,34,MELD_lambda0_reportN,0.01,0.972158054925936,328
COPD,22,34,MELD_lambda0_equal,0.01,0.95573477245189,328
COPD,22,34,MELD_lambda1_afproj,0.01,0.969762140479909,328
COPD,22,34,EUR,0.01,0.95565861109737,328
COPD,22,34,EAS,0.01,0.902480798770072,328
COPD,22,34,AFR,0.01,0.801185901697471,328
COPD,22,34,CSA,0.01,0.934563809095633,328
COPD,22,34,AMR,0.01,0.938469884223763,328
COPD,22,34,MELD_lambda0_afproj,0.1,0.968796734278557,328
COPD,22,34,MELD_lambda0_reportN,0.1,0.968763269121226,328
COPD,22,34,MELD_lambda0_equal,0.1,0.957599388005574,328
COPD,22,34,MELD_lambda1_afproj,0.1,0.965969583364429,328
COPD,22,34,EUR,0.1,0.962286893750948,328
COPD,22,34,EAS,0.1,0.890015703440729,328
COPD,22,34,AFR,0.1,0.807116744371495,328
COPD,22,34,CSA,0.1,0.942751660793838,328
COPD,22,34,AMR,0.1,0.934986257578376,328
COPD,22,37,MELD_lambda0_afproj,0.001,0.887380401620028,715
COPD,22,37,MELD_lambda0_reportN,0.001,0.888863725641812,715
COPD,22,37,MELD_lambda0_equal,0.001,0.891943358805394,715
COPD,22,37,MELD_lambda1_afproj,0.001,0.882301857663237,715
COPD,22,37,EUR,0.001,0.755178095517072,715
COPD,22,37,EAS,0.001,0.472731302321176,715
COPD,22,37,AFR,0.001,0.441672665906798,715
COPD,22,37,CSA,0.001,0.727600759597045,715
COPD,22,37,AMR,0.001,0.68848073066448,715
COPD,22,37,MELD_lambda0_afproj,0.01,0.90993043756123,715
COPD,22,37,MELD_lambda0_reportN,0.01,0.90934059723916,715
COPD,22,37,MELD_lambda0_equal,0.01,0.903919891844479,715
COPD,22,37,MELD_lambda1_afproj,0.01,0.908468522393353,715
COPD,22,37,EUR,0.01,0.835558455209802,715
COPD,22,37,EAS,0.01,0.721112256616555,715
COPD,22,37,AFR,0.01,0.604923402221506,715
COPD,22,37,CSA,0.01,0.837544628871294,715
COPD,22,37,AMR,0.01,0.769757526487596,715
COPD,22,37,MELD_lambda0_afproj,0.1,0.901178772963342,715
COPD,22,37,MELD_lambda0_reportN,0.1,0.900505432185553,715
COPD,22,37,MELD_lambda0_equal,0.1,0.903574964667238,715
COPD,22,37,MELD_lambda1_afproj,0.1,0.898958864700814,715
COPD,22,37,EUR,0.1,0.856385162421484,715
COPD,22,37,EAS,0.1,0.759354644173614,715
COPD,22,37,AFR,0.1,0.677213934940758,715
COPD,22,37,CSA,0.1,0.859607409495976,715
COPD,22,37,AMR,0.1,0.811802554484083,715
COPD,22,38,MELD_lambda0_afproj,0.001,0.55269657986082,53
COPD,22,38,MELD_lambda0_reportN,0.001,0.548816046300306,53
COPD,22,38,MELD_lambda0_equal,0.001,0.534612041882296,53
COPD,22,38,MELD_lambda1_afproj,0.001,0.540983859596967,53
COPD,22,38,EUR,0.001,0.55130702172788,53
COPD,22,38,EAS,0.001,0.568251389388414,53
COPD,22,38,AFR,0.001,0.544172359516124,53
COPD,22,38,CSA,0.001,0.54011761793957,53
COPD,22,38,AMR,0.001,0.507682026733022,53
COPD,22,38,MELD_lambda0_afproj,0.01,0.537905094636613,53
COPD,22,38,MELD_lambda0_reportN,0.01,0.536997428255301,53
COPD,22,38,MELD_lambda0_equal,0.01,0.527093721788557,53
COPD,22,38,MELD_lambda1_afproj,0.01,0.531884012643856,53
COPD,22,38,EUR,0.01,0.525180529051001,53
COPD,22,38,EAS,0.01,0.53006512322201,53
COPD,22,38,AFR,0.01,0.573809299535229,53
COPD,22,38,CSA,0.01,0.52680155957037,53
COPD,22,38,AMR,0.01,0.53014055884208,53
COPD,22,38,MELD_lambda0_afproj,0.1,0.512770447139689,53
COPD,22,38,MELD_lambda0_reportN,0.1,0.513158048296727,53
COPD,22,38,MELD_lambda0_equal,0.1,0.55633162877136,53
COPD,22,38,MELD_lambda1_afproj,0.1,0.516754045078102,53
COPD,22,38,EUR,0.1,0.50770629654051,53
COPD,22,38,EAS,0.1,0.478072326862108,53
COPD,22,38,AFR,0.1,0.583437941682083,53
COPD,22,38,CSA,0.1,0.580616603689689,53
COPD,22,38,AMR,0.1,0.61197202348277,53
COPD,22,39,MELD_lambda0_afproj,0.001,0.95158740816618,166
COPD,22,39,MELD_lambda0_reportN,0.001,0.952854893873267,166
COPD,22,39,MELD_lambda0_equal,0.001,0.911339738686791,166
COPD,22,39,MELD_lambda1_afproj,0.001,0.940752980317789,166
COPD,22,39,EUR,0.001,0.887962719574915,166
COPD,22,39,EAS,0.001,0.868662722261795,166
COPD,22,39,AFR,0.001,0.690355781912856,166
COPD,22,39,CSA,0.001,0.89892516498265,166
COPD,22,39,AMR,0.001,0.784606384028068,166
COPD,22,39,MELD_lambda0_afproj,0.01,0.957338054481428,166
COPD,22,39,MELD_lambda0_reportN,0.01,0.957941247031009,166
COPD,22,39,MELD_lambda0_equal,0.01,0.94368107252301,166
COPD,22,39,MELD_lambda1_afproj,0.01,0.951974664882306,166
COPD,22,39,EUR,0.01,0.932882848041799,166
COPD,22,39,EAS,0.01,0.892439879170433,166
COPD,22,39,AFR,0.01,0.790555012178913,166
COPD,22,39,CSA,0.01,0.931271809683712,166
COPD,22,39,AMR,0.01,0.913328329329325,166
COPD,22,39,MELD_lambda0_afproj,0.1,0.947109156211316,166
COPD,22,39,MELD_lambda0_reportN,0.1,0.948492357891771,166
COPD,22,39,MELD_lambda0_equal,0.1,0.929850402254714,166
COPD,22,39,MELD_lambda1_afproj,0.1,0.941067718932208,166
COPD,22,39,EUR,0.1,0.933449786538713,166
COPD,22,39,EAS,0.1,0.861027443450908,166
COPD,22,39,AFR,0.1,0.836788877263744,166
COPD,22,39,CSA,0.1,0.921715923994707,166
COPD,22,39,AMR,0.1,0.908529459510788,166
COPD,22,40,MELD_lambda0_afproj,0.001,0.87396586541491,37
COPD,22,40,MELD_lambda0_reportN,0.001,0.873697106955014,37
COPD,22,40,MELD_lambda0_equal,0.001,0.877819464449576,37
COPD,22,40,MELD_lambda1_afproj,0.001,0.864108535883099,37
COPD,22,40,EUR,0.001,0.918500797485535,37
COPD,22,40,EAS,0.001,0.974617295571807,37
COPD,22,40,AFR,0.001,0.732213889238089,37
COPD,22,40,CSA,0.001,0.902880051888651,37
COPD,22,40,AMR,0.001,0.819207590265815,37
COPD,22,40,MELD_lambda0_afproj,0.01,0.933154104433006,37
COPD,22,40,MELD_lambda0_reportN,0.01,0.930455056535878,37
COPD,22,40,MELD_lambda0_equal,0.01,0.891175098597025,37
COPD,22,40,MELD_lambda1_afproj,0.01,0.928179407122197,37
COPD,22,40,EUR,0.01,0.959110897095162,37
COPD,22,40,EAS,0.01,0.967065404208715,37
COPD,22,40,AFR,0.01,0.76619922861581,37
COPD,22,40,CSA,0.01,0.965605528013064,37
COPD,22,40,AMR,0.01,0.882819558297104,37
COPD,22,40,MELD_lambda0_afproj,0.1,0.966120034058629,37
COPD,22,40,MELD_lambda0_reportN,0.1,0.964221028149331,37
COPD,22,40,MELD_lambda0_equal,0.1,0.915162223777631,37
COPD,22,40,MELD_lambda1_afproj,0.1,0.964030889716858,37
COPD,22,40,EUR,0.1,0.969036064655881,37
COPD,22,40,EAS,0.1,0.862262566369027,37
COPD,22,40,AFR,0.1,0.779073585905652,37
COPD,22,40,CSA,0.1,0.973677697198423,37
COPD,22,40,AMR,0.1,0.952661516348217,37
COPD,22,41,MELD_lambda0_afproj,0.001,0.971720249664768,256
COPD,22,41,MELD_lambda0_reportN,0.001,0.971955028984459,256
COPD,22,41,MELD_lambda0_equal,0.001,0.947160935426919,256
COPD,22,41,MELD_lambda1_afproj,0.001,0.965094751927121,256
COPD,22,41,EUR,0.001,0.972388939595229,256
COPD,22,41,EAS,0.001,0.863334697287403,256
COPD,22,41,AFR,0.001,0.743028322571283,256
COPD,22,41,CSA,0.001,0.875050176461059,256
COPD,22,41,AMR,0.001,0.913434877801993,256
COPD,22,41,MELD_lambda0_afproj,0.01,0.969812151272698,256
COPD,22,41,MELD_lambda0_reportN,0.01,0.970357434829176,256
COPD,22,41,MELD_lambda0_equal,0.01,0.953144692872759,256
COPD,22,41,MELD_lambda1_afproj,0.01,0.964931699882253,256
COPD,22,41,EUR,0.01,0.965010673695901,256
COPD,22,41,EAS,0.01,0.912479768378001,256
COPD,22,41,AFR,0.01,0.862501206834404,256
COPD,22,41,CSA,0.01,0.950480049761855,256
COPD,22,41,AMR,0.01,0.939805511139337,256
COPD,22,41,MELD_lambda0_afproj,0.1,0.961315065940467,256
COPD,22,41,MELD_lambda0_reportN,0.1,0.962078327688394,256
COPD,22,41,MELD_lambda0_equal,0.1,0.955876850625027,256
COPD,22,41,MELD_lambda1_afproj,0.1,0.956651143730907,256
COPD,22,41,EUR,0.1,0.956682437502229,256
COPD,22,41,EAS,0.1,0.919843700455814,256
COPD,22,41,AFR,0.1,0.879459071411197,256
COPD,22,41,CSA,0.1,0.953489150450928,256
COPD,22,41,AMR,0.1,0.946832431571322,256
COPD,22,42,MELD_lambda0_afproj,0.001,0.844689383865083,249
COPD,22,42,MELD_lambda0_reportN,0.001,0.846238044368312,249
COPD,22,42,MELD_lambda0_equal,0.001,0.8405822506116,249
COPD,22,42,MELD_lambda1_afproj,0.001,0.834375681308815,249
COPD,22,42,EUR,0.001,0.772693875734673,249
COPD,22,42,EAS,0.001,0.507142338479317,249
COPD,22,42,AFR,0.001,0.465587023238996,249
COPD,22,42,CSA,0.001,0.737163359217561,249
COPD,22,42,AMR,0.001,0.677592203413784,249
COPD,22,42,MELD_lambda0_afproj,0.01,0.833203223578173,249
COPD,22,42,MELD_lambda0_reportN,0.01,0.836813953862601,249
COPD,22,42,MELD_lambda0_equal,0.01,0.847162015440818,249
COPD,22,42,MELD_lambda1_afproj,0.01,0.825611780212979,249
COPD,22,42,EUR,0.01,0.806390924172355,249
COPD,22,42,EAS,0.01,0.625991682012537,249
COPD,22,42,AFR,0.01,0.546180436333927,249
COPD,22,42,CSA,0.01,0.793037112423078,249
COPD,22,42,AMR,0.01,0.797410655509832,249
COPD,22,42,MELD_lambda0_afproj,0.1,0.826736962197113,249
COPD,22,42,MELD_lambda0_reportN,0.1,0.829839247151165,249
COPD,22,42,MELD_lambda0_equal,0.1,0.845879992284958,249
COPD,22,42,MELD_lambda1_afproj,0.1,0.817537574527371,249
COPD,22,42,EUR,0.1,0.808315987445471,249
COPD,22,42,EAS,0.1,0.701659239814063,249
COPD,22,42,AFR,0.1,0.618692100217702,249
COPD,22,42,CSA,0.1,0.804885067338609,249
COPD,22,42,AMR,0.1,0.827047165407499,249
COPD,22,43,MELD_lambda0_afproj,0.001,0.924983824988171,52
COPD,22,43,MELD_lambda0_reportN,0.001,0.926880068042981,52
COPD,22,43,MELD_lambda0_equal,0.001,0.824014211628413,52
COPD,22,43,MELD_lambda1_afproj,0.001,0.874908278347271,52
COPD,22,43,EUR,0.001,0.939202266292287,52
COPD,22,43,EAS,0.001,0.548088891088459,52
COPD,22,43,AFR,0.001,0.587997970528048,52
COPD,22,43,CSA,0.001,0.791968162545263,52
COPD,22,43,AMR,0.001,0.613534866744543,52
COPD,22,43,MELD_lambda0_afproj,0.01,0.899262454614096,52
COPD,22,43,MELD_lambda0_reportN,0.01,0.900486122387775,52
COPD,22,43,MELD_lambda0_equal,0.01,0.817667395212909,52
COPD,22,43,MELD_lambda1_afproj,0.01,0.838887813913476,52
COPD,22,43,EUR,0.01,0.933922923562756,52
COPD,22,43,EAS,0.01,0.495306210337121,52
COPD,22,43,AFR,0.01,0.600758013508924,52
COPD,22,43,CSA,0.01,0.776071230601081,52
COPD,22,43,AMR,0.01,0.644300825215555,52
COPD,22,43,MELD_lambda0_afproj,0.1,0.709795849683554,52
COPD,22,43,MELD_lambda0_reportN,0.1,0.7175626453848,52
COPD,22,43,MELD_lambda0_equal,0.1,0.744300849265266,52
COPD,22,43,MELD_lambda1_afproj,0.1,0.67558432886918,52
COPD,22,43,EUR,0.1,0.753944177159143,52
COPD,22,43,EAS,0.1,0.386166739331102,52
COPD,22,43,AFR,0.1,0.57856678976262,52
COPD,22,43,CSA,0.1,0.650912993377038,52
COPD,22,43,AMR,0.1,0.583171747516487,52
COPD,22,44,MELD_lambda0_afproj,0.001,0.763216775601899,180
COPD,22,44,MELD_lambda0_reportN,0.001,0.760524955042626,180
COPD,22,44,MELD_lambda0_equal,0.001,0.806506799176821,180
COPD,22,44,MELD_lambda1_afproj,0.001,0.758012778868908,180
COPD,22,44,EUR,0.001,0.75358255909958,180
COPD,22,44,EAS,0.001,0.564253270380184,180
COPD,22,44,AFR,0.001,0.610565678604657,180
COPD,22,44,CSA,0.001,0.73180592841793,180
COPD,22,44,AMR,0.001,0.827177814814625,180
COPD,22,44,MELD_lambda0_afproj,0.01,0.822086054966908,180
COPD,22,44,MELD_lambda0_reportN,0.01,0.821240556661104,180
COPD,22,44,MELD_lambda0_equal,0.01,0.83434866802975,180
COPD,22,44,MELD_lambda1_afproj,0.01,0.820844434833498,180
COPD,22,44,EUR,0.01,0.80809602016898,180
COPD,22,44,EAS,0.01,0.738298612199615,180
COPD,22,44,AFR,0.01,0.633379185377416,180
COPD,22,44,CSA,0.01,0.776468968209137,180
COPD,22,44,AMR,0.01,0.860609759862764,180
COPD,22,44,MELD_lambda0_afproj,0.1,0.845255918848937,180
COPD,22,44,MELD_lambda0_reportN,0.1,0.845852792450021,180
COPD,22,44,MELD_lambda0_equal,0.1,0.851560038193691,180
COPD,22,44,MELD_lambda1_afproj,0.1,0.83884637591123,180
COPD,22,44,EUR,0.1,0.840487166179238,180
COPD,22,44,EAS,0.1,0.723412304201272,180
COPD,22,44,AFR,0.1,0.647185575108617,180
COPD,22,44,CSA,0.1,0.812459714999095,180
COPD,22,44,AMR,0.1,0.851229247599163,180
COPD,22,45,MELD_lambda0_afproj,0.001,0.850215127428484,157
COPD,22,45,MELD_lambda0_reportN,0.001,0.853196077476308,157
COPD,22,45,MELD_lambda0_equal,0.001,0.853063224523597,157
COPD,22,45,MELD_lambda1_afproj,0.001,0.848078886500632,157
COPD,22,45,EUR,0.001,0.865386885880709,157
COPD,22,45,EAS,0.001,0.844776963460708,157
COPD,22,45,AFR,0.001,0.700637741590537,157
COPD,22,45,CSA,0.001,0.779912024466693,157
COPD,22,45,AMR,0.001,0.881391126447496,157
COPD,22,45,MELD_lambda0_afproj,0.01,0.858886691850035,157
COPD,22,45,MELD_lambda0_reportN,0.01,0.859703902409188,157
COPD,22,45,MELD_lambda0_equal,0.01,0.860895658876767,157
COPD,22,45,MELD_lambda1_afproj,0.01,0.862652513035736,157
COPD,22,45,EUR,0.01,0.862079191520939,157
COPD,22,45,EAS,0.01,0.870819768987708,157
COPD,22,45,AFR,0.01,0.731692769764958,157
COPD,22,45,CSA,0.01,0.823695201420563,157
COPD,22,45,AMR,0.01,0.88153638366789,157
COPD,22,45,MELD_lambda0_afproj,0.1,0.876463984397694,157
COPD,22,45,MELD_lambda0_reportN,0.1,0.876855976183137,157
COPD,22,45,MELD_lambda0_equal,0.1,0.874159155843257,157
COPD,22,45,MELD_lambda1_afproj,0.1,0.877986885282316,157
COPD,22,45,EUR,0.1,0.880308510695379,157
COPD,22,45,EAS,0.1,0.8757033064392,157
COPD,22,45,AFR,0.1,0.781988217666807,157
COPD,22,45,CSA,0.1,0.837799657965118,157
COPD,22,45,AMR,0.1,0.868281414385623,157
COPD,22,46,MELD_lambda0_afproj,0.001,0.907790435040041,175
COPD,22,46,MELD_lambda0_reportN,0.001,0.906277692317292,175
COPD,22,46,MELD_lambda0_equal,0.001,0.894569047709897,175
COPD,22,46,MELD_lambda1_afproj,0.001,0.902365276744941,175
COPD,22,46,EUR,0.001,0.864416422646245,175
COPD,22,46,EAS,0.001,0.869164189095894,175
COPD,22,46,AFR,0.001,0.664677393597049,175
COPD,22,46,CSA,0.001,0.871715408818446,175
COPD,22,46,AMR,0.001,0.853099078056767,175
COPD,22,46,MELD_lambda0_afproj,0.01,0.917104031463145,175
COPD,22,46,MELD_lambda0_reportN,0.01,0.915822367877265,175
COPD,22,46,MELD_lambda0_equal,0.01,0.900177873382791,175
COPD,22,46,MELD_lambda1_afproj,0.01,0.91411688456339,175
COPD,22,46,EUR,0.01,0.889782380695432,175
COPD,22,46,EAS,0.01,0.895392849647783,175
COPD,22,46,AFR,0.01,0.707763051294246,175
COPD,22,46,CSA,0.01,0.88673400372247,175
COPD,22,46,AMR,0.01,0.897483811215857,175
COPD,22,46,MELD_lambda0_afproj,0.1,0.916019520526429,175
COPD,22,46,MELD_lambda0_reportN,0.1,0.915281597269801,175
COPD,22,46,MELD_lambda0_equal,0.1,0.900452713271256,175
COPD,22,46,MELD_lambda1_afproj,0.1,0.914505453315204,175
COPD,22,46,EUR,0.1,0.893686631944086,175
COPD,22,46,EAS,0.1,0.888969658475525,175
COPD,22,46,AFR,0.1,0.713569643495181,175
COPD,22,46,CSA,0.1,0.891603248173497,175
COPD,22,46,AMR,0.1,0.896246340909212,175
COPD,22,47,MELD_lambda0_afproj,0.001,0.884269175076883,174
COPD,22,47,MELD_lambda0_reportN,0.001,0.888607630174916,174
COPD,22,47,MELD_lambda0_equal,0.001,0.870676130777645,174
COPD,22,47,MELD_lambda1_afproj,0.001,0.884632668951382,174
COPD,22,47,EUR,0.001,0.816644472202775,174
COPD,22,47,EAS,0.001,0.797033883360315,174
COPD,22,47,AFR,0.001,0.717385495489497,174
COPD,22,47,CSA,0.001,0.855274671301964,174
COPD,22,47,AMR,0.001,0.846620529157824,174
COPD,22,47,MELD_lambda0_afproj,0.01,0.907591153760447,174
COPD,22,47,MELD_lambda0_reportN,0.01,0.910117474079362,174
COPD,22,47,MELD_lambda0_equal,0.01,0.883381499896858,174
COPD,22,47,MELD_lambda1_afproj,0.01,0.904261933920914,174
COPD,22,47,EUR,0.01,0.874861035140258,174
COPD,22,47,EAS,0.01,0.79883317885235,174
COPD,22,47,AFR,0.01,0.767261473552509,174
COPD,22,47,CSA,0.01,0.847730903614605,174
COPD,22,47,AMR,0.01,0.850830287024323,174
COPD,22,47,MELD_lambda0_afproj,0.1,0.873869432473457,174
COPD,22,47,MELD_lambda0_reportN,0.1,0.876323012355116,174
COPD,22,47,MELD_lambda0_equal,0.1,0.868560245878488,174
COPD,22,47,MELD_lambda1_afproj,0.1,0.87051507152086,174
COPD,22,47,EUR,0.1,0.862656875560478,174
COPD,22,47,EAS,0.1,0.782761637234679,174
COPD,22,47,AFR,0.1,0.775805491734983,174
COPD,22,47,CSA,0.1,0.819539339610731,174
COPD,22,47,AMR,0.1,0.836911769229558,174
COPD,22,48,MELD_lambda0_afproj,0.001,0.955195658509473,135
COPD,22,48,MELD_lambda0_reportN,0.001,0.955224249393248,135
COPD,22,48,MELD_lambda0_equal,0.001,0.941265887514025,135
COPD,22,48,MELD_lambda1_afproj,0.001,0.955608841507091,135
COPD,22,48,EUR,0.001,0.928441004895675,135
COPD,22,48,EAS,0.001,0.906768091043261,135
COPD,22,48,AFR,0.001,0.614991697146196,135
COPD,22,48,CSA,0.001,0.931555347814238,135
COPD,22,48,AMR,0.001,0.843106406826746,135
COPD,22,48,MELD_lambda0_afproj,0.01,0.9573949447119,135
COPD,22,48,MELD_lambda0_reportN,0.01,0.957119012237105,135
COPD,22,48,MELD_lambda0_equal,0.01,0.947463830794555,135
COPD,22,48,MELD_lambda1_afproj,0.01,0.95711053347345,135
COPD,22,48,EUR,0.01,0.94462295577331,135
COPD,22,48,EAS,0.01,0.953238629033626,135
COPD,22,48,AFR,0.01,0.789563504675919,135
COPD,22,48,CSA,0.01,0.969099572128663,135
COPD,22,48,AMR,0.01,0.91800004828341,135
COPD,22,48,MELD_lambda0_afproj,0.1,0.957380053492059,135
COPD,22,48,MELD_lambda0_reportN,0.1,0.956513956936112,135
COPD,22,48,MELD_lambda0_equal,0.1,0.950676577506674,135
COPD,22,48,MELD_lambda1_afproj,0.1,0.95456858460862,135
COPD,22,48,EUR,0.1,0.935812456783984,135
COPD,22,48,EAS,0.1,0.942310603361287,135
COPD,22,48,AFR,0.1,0.83595423809904,135
COPD,22,48,CSA,0.1,0.962164903264035,135
COPD,22,48,AMR,0.1,0.940284992754767,135
COPD,22,49,MELD_lambda0_afproj,0.001,0.757829960514567,159
COPD,22,49,MELD_lambda0_reportN,0.001,0.746289166317988,159
COPD,22,49,MELD_lambda0_equal,0.001,0.834668356101593,159
COPD,22,49,MELD_lambda1_afproj,0.001,0.792710510529732,159
COPD,22,49,EUR,0.001,0.697650394807975,159
COPD,22,49,EAS,0.001,0.815262556610486,159
COPD,22,49,AFR,0.001,0.607004259712748,159
COPD,22,49,CSA,0.001,0.766298870561416,159
COPD,22,49,AMR,0.001,0.83196053194726,159
COPD,22,49,MELD_lambda0_afproj,0.01,0.8658936755514,159
COPD,22,49,MELD_lambda0_reportN,0.01,0.862534945067241,159
COPD,22,49,MELD_lambda0_equal,0.01,0.854336472875152,159
COPD,22,49,MELD_lambda1_afproj,0.01,0.873050625791163,159
COPD,22,49,EUR,0.01,0.851018603390277,159
COPD,22,49,EAS,0.01,0.8710482642638,159
COPD,22,49,AFR,0.01,0.685164676066797,159
COPD,22,49,CSA,0.01,0.8644333594016,159
COPD,22,49,AMR,0.01,0.872966293077827,159
COPD,22,49,MELD_lambda0_afproj,0.1,0.877721640546636,159
COPD,22,49,MELD_lambda0_reportN,0.1,0.875028861504575,159
COPD,22,49,MELD_lambda0_equal,0.1,0.873060709569013,159
COPD,22,49,MELD_lambda1_afproj,0.1,0.878509824171937,159
COPD,22,49,EUR,0.1,0.862348563429924,159
COPD,22,49,EAS,0.1,0.854673844647494,159
COPD,22,49,AFR,0.1,0.735861565199361,159
COPD,22,49,CSA,0.1,0.877831208400024,159
COPD,22,49,AMR,0.1,0.865700534029038,159
COPD,22,50,MELD_lambda0_afproj,0.001,0.941129224840273,93
COPD,22,50,MELD_lambda0_reportN,0.001,0.941694433428854,93
COPD,22,50,MELD_lambda0_equal,0.001,0.968982738495746,93
COPD,22,50,MELD_lambda1_afproj,0.001,0.954549645191748,93
COPD,22,50,EUR,0.001,0.878939630741831,93
COPD,22,50,EAS,0.001,0.84912668621039,93
COPD,22,50,AFR,0.001,0.672306146228181,93
COPD,22,50,CSA,0.001,0.955498451268467,93
COPD,22,50,AMR,0.001,0.913003296147514,93
COPD,22,50,MELD_lambda0_afproj,0.01,0.942815413763775,93
COPD,22,50,MELD_lambda0_reportN,0.01,0.942878843026821,93
COPD,22,50,MELD_lambda0_equal,0.01,0.969859062335498,93
COPD,22,50,MELD_lambda1_afproj,0.01,0.956458394514903,93
COPD,22,50,EUR,0.01,0.896477060786627,93
COPD,22,50,EAS,0.01,0.871725491666124,93
COPD,22,50,AFR,0.01,0.688924696878181,93
COPD,22,50,CSA,0.01,0.945764354727753,93
COPD,22,50,AMR,0.01,0.935450556456224,93
COPD,22,50,MELD_lambda0_afproj,0.1,0.941693383720462,93
COPD,22,50,MELD_lambda0_reportN,0.1,0.940755115018877,93
COPD,22,50,MELD_lambda0_equal,0.1,0.96207836037753,93
COPD,22,50,MELD_lambda1_afproj,0.1,0.953540223774549,93
COPD,22,50,EUR,0.1,0.927653453072852,93
COPD,22,50,EAS,0.1,0.889779398478098,93
COPD,22,50,AFR,0.1,0.735589220568121,93
COPD,22,50,CSA,0.1,0.950098890369012,93
COPD,22,50,AMR,0.1,0.940689902592842,93
COPD,22,52,MELD_lambda0_afproj,0.001,0.846939435293565,37
COPD,22,52,MELD_lambda0_reportN,0.001,0.875108655761244,37
COPD,22,52,MELD_lambda0_equal,0.001,0.894617283813685,37
COPD,22,52,MELD_lambda1_afproj,0.001,0.904102968453745,37
COPD,22,52,EUR,0.001,0.775949901177065,37
COPD,22,52,EAS,0.001,0.903583330026397,37
COPD,22,52,AFR,0.001,0.793433491881264,37
COPD,22,52,CSA,0.001,0.813259873215016,37
COPD,22,52,AMR,0.001,0.895738010167802,37
COPD,22,52,MELD_lambda0_afproj,0.01,0.87361248866039,37
COPD,22,52,MELD_lambda0_reportN,0.01,0.889765231349471,37
COPD,22,52,MELD_lambda0_equal,0.01,0.939460987656041,37
COPD,22,52,MELD_lambda1_afproj,0.01,0.928867818875955,37
COPD,22,52,EUR,0.01,0.782147248186607,37
COPD,22,52,EAS,0.01,0.929677825447132,37
COPD,22,52,AFR,0.01,0.876296197879418,37
COPD,22,52,CSA,0.01,0.789081739880019,37
COPD,22,52,AMR,0.01,0.927611866881018,37
COPD,22,52,MELD_lambda0_afproj,0.1,0.965799770742191,37
COPD,22,52,MELD_lambda0_reportN,0.1,0.965110290986629,37
COPD,22,52,MELD_lambda0_equal,0.1,0.969449180035924,37
COPD,22,52,MELD_lambda1_afproj,0.1,0.961737269782197,37
COPD,22,52,EUR,0.1,0.843590042098931,37
COPD,22,52,EAS,0.1,0.909869776834569,37
COPD,22,52,AFR,0.1,0.932464699565955,37
COPD,22,52,CSA,0.1,0.945438260386938,37
COPD,22,52,AMR,0.1,0.942481751377175,37
COPD,22,53,MELD_lambda0_afproj,0.001,0.957148709633123,345
COPD,22,53,MELD_lambda0_reportN,0.001,0.955021227432313,345
COPD,22,53,MELD_lambda0_equal,0.001,0.961532241036212,345
COPD,22,53,MELD_lambda1_afproj,0.001,0.962096780961599,345
COPD,22,53,EUR,0.001,0.928453657656642,345
COPD,22,53,EAS,0.001,0.708674353658118,345
COPD,22,53,AFR,0.001,0.643234156933765,345
COPD,22,53,CSA,0.001,0.944529535978733,345
COPD,22,53,AMR,0.001,0.866802774879343,345
COPD,22,53,MELD_lambda0_afproj,0.01,0.975299133700491,345
COPD,22,53,MELD_lambda0_reportN,0.01,0.974134742845914,345
COPD,22,53,MELD_lambda0_equal,0.01,0.968078133499099,345
COPD,22,53,MELD_lambda1_afproj,0.01,0.977520801939061,345
COPD,22,53,EUR,0.01,0.96163324278753,345
COPD,22,53,EAS,0.01,0.92099879117409,345
COPD,22,53,AFR,0.01,0.826563104246982,345
COPD,22,53,CSA,0.01,0.967312342093219,345
COPD,22,53,AMR,0.01,0.933661868627426,345
COPD,22,53,MELD_lambda0_afproj,0.1,0.97463446259781,345
COPD,22,53,MELD_lambda0_reportN,0.1,0.974458025898304,345
COPD,22,53,MELD_lambda0_equal,0.1,0.96815698623435,345
COPD,22,53,MELD_lambda1_afproj,0.1,0.975672101597922,345
COPD,22,53,EUR,0.1,0.964909086952763,345
COPD,22,53,EAS,0.1,0.938974582718429,345
COPD,22,53,AFR,0.1,0.878622130157711,345
COPD,22,53,CSA,0.1,0.964848611196322,345
COPD,22,53,AMR,0.1,0.94116691587873,345
COPD,22,54,MELD_lambda0_afproj,0.001,0.715907385290842,50
COPD,22,54,MELD_lambda0_reportN,0.001,0.727360664529059,50
COPD,22,54,MELD_lambda0_equal,0.001,0.750138651976734,50
COPD,22,54,MELD_lambda1_afproj,0.001,0.702759144403837,50
COPD,22,54,EUR,0.001,0.781690156315995,50
COPD,22,54,EAS,0.001,0.673268786424593,50
COPD,22,54,AFR,0.001,0.464652483773534,50
COPD,22,54,CSA,0.001,0.687501886358308,50
COPD,22,54,AMR,0.001,0.86626026681848,50
COPD,22,54,MELD_lambda0_afproj,0.01,0.742645068160602,50
COPD,22,54,MELD_lambda0_reportN,0.01,0.751594165656286,50
COPD,22,54,MELD_lambda0_equal,0.01,0.761116298650546,50
COPD,22,54,MELD_lambda1_afproj,0.01,0.728998429843751,50
COPD,22,54,EUR,0.01,0.779136848799468,50
COPD,22,54,EAS,0.01,0.68021756978253,50
COPD,22,54,AFR,0.01,0.459018866037755,50
COPD,22,54,CSA,0.01,0.697531732347668,50
COPD,22,54,AMR,0.01,0.878973307054983,50
COPD,22,54,MELD_lambda0_afproj,0.1,0.750831845549328,50
COPD,22,54,MELD_lambda0_reportN,0.1,0.756036387350189,50
COPD,22,54,MELD_lambda0_equal,0.1,0.774446269877448,50
COPD,22,54,MELD_lambda1_afproj,0.1,0.732995383993061,50
COPD,22,54,EUR,0.1,0.757406793817909,50
COPD,22,54,EAS,0.1,0.634313191332182,50
COPD,22,54,AFR,0.1,0.425235136006437,50
COPD,22,54,CSA,0.1,0.708117796247269,50
COPD,22,54,AMR,0.1,0.820708722798521,50
COPD,22,55,MELD_lambda0_afproj,0.001,0.876436378013213,214
COPD,22,55,MELD_lambda0_reportN,0.001,0.871203349925551,214
COPD,22,55,MELD_lambda0_equal,0.001,0.816043358620899,214
COPD,22,55,MELD_lambda1_afproj,0.001,0.853406372112246,214
COPD,22,55,EUR,0.001,0.800493063138102,214
COPD,22,55,EAS,0.001,0.511827101229177,214
COPD,22,55,AFR,0.001,0.410694751739651,214
COPD,22,55,CSA,0.001,0.813537335541738,214
COPD,22,55,AMR,0.001,0.598124949051498,214
COPD,22,55,MELD_lambda0_afproj,0.01,0.87255160653765,214
COPD,22,55,MELD_lambda0_reportN,0.01,0.87012225481924,214
COPD,22,55,MELD_lambda0_equal,0.01,0.825038440986156,214
COPD,22,55,MELD_lambda1_afproj,0.01,0.852988402406978,214
COPD,22,55,EUR,0.01,0.815594665123947,214
COPD,22,55,EAS,0.01,0.670920503225859,214
COPD,22,55,AFR,0.01,0.369353681301012,214
COPD,22,55,CSA,0.01,0.810822795559984,214
COPD,22,55,AMR,0.01,0.675569862062186,214
COPD,22,55,MELD_lambda0_afproj,0.1,0.85196582129645,214
COPD,22,55,MELD_lambda0_reportN,0.1,0.850971294605112,214
COPD,22,55,MELD_lambda0_equal,0.1,0.815176827051638,214
COPD,22,55,MELD_lambda1_afproj,0.1,0.835624590811241,214
COPD,22,55,EUR,0.1,0.816069886091855,214
COPD,22,55,EAS,0.1,0.686448456151325,214
COPD,22,55,AFR,0.1,0.445963104029653,214
COPD,22,55,CSA,0.1,0.838578095618439,214
COPD,22,55,AMR,0.1,0.712703965311958,214
COPD,22,56,MELD_lambda0_afproj,0.001,0.701137301317606,31
COPD,22,56,MELD_lambda0_reportN,0.001,0.701425185743775,31
COPD,22,56,MELD_lambda0_equal,0.001,0.766566805883844,31
COPD,22,56,MELD_lambda1_afproj,0.001,0.733758136119977,31
COPD,22,56,EUR,0.001,0.635008175928635,31
COPD,22,56,EAS,0.001,0.827199503333788,31
COPD,22,56,AFR,0.001,0.72283435342754,31
COPD,22,56,CSA,0.001,0.714990784715945,31
COPD,22,56,AMR,0.001,0.63233600582437,31
COPD,22,56,MELD_lambda0_afproj,0.01,0.703557453040725,31
COPD,22,56,MELD_lambda0_reportN,0.01,0.704483660183774,31
COPD,22,56,MELD_lambda0_equal,0.01,0.765294058640915,31
COPD,22,56,MELD_lambda1_afproj,0.01,0.736445971874125,31
COPD,22,56,EUR,0.01,0.639174733144227,31
COPD,22,56,EAS,0.01,0.819208197451386,31
COPD,22,56,AFR,0.01,0.724767848552095,31
COPD,22,56,CSA,0.01,0.712415902211207,31
COPD,22,56,AMR,0.01,0.630725339213743,31
COPD,22,56,MELD_lambda0_afproj,0.1,0.709146566742997,31
COPD,22,56,MELD_lambda0_reportN,0.1,0.710456310662814,31
COPD,22,56,MELD_lambda0_equal,0.1,0.755796180647502,31
COPD,22,56,MELD_lambda1_afproj,0.1,0.742315803595611,31
COPD,22,56,EUR,0.1,0.63627661980105,31
COPD,22,56,EAS,0.1,0.820171660966769,31
COPD,22,56,AFR,0.1,0.727554298679491,31
COPD,22,56,CSA,0.1,0.701774907251705,31
COPD,22,56,AMR,0.1,0.612873597807811,31
COPD,22,57,MELD_lambda0_afproj,0.001,0.922127905322536,239
COPD,22,57,MELD_lambda0_reportN,0.001,0.920080342474204,239
COPD,22,57,MELD_lambda0_equal,0.001,0.909505028267624,239
COPD,22,57,MELD_lambda1_afproj,0.001,0.921444857380679,239
COPD,22,57,EUR,0.001,0.890216743937533,239
COPD,22,57,EAS,0.001,0.733427820205464,239
COPD,22,57,AFR,0.001,0.744998654532532,239
COPD,22,57,CSA,0.001,0.697375526391693,239
COPD,22,57,AMR,0.001,0.839234838072244,239
COPD,22,57,MELD_lambda0_afproj,0.01,0.930353642021046,239
COPD,22,57,MELD_lambda0_reportN,0.01,0.929917043071661,239
COPD,22,57,MELD_lambda0_equal,0.01,0.911161170706721,239
COPD,22,57,MELD_lambda1_afproj,0.01,0.928866248827632,239
COPD,22,57,EUR,0.01,0.929334598863755,239
COPD,22,57,EAS,0.01,0.851384963816516,239
COPD,22,57,AFR,0.01,0.782448309218787,239
COPD,22,57,CSA,0.01,0.812693003279701,239
COPD,22,57,AMR,0.01,0.900095525162735,239
COPD,22,57,MELD_lambda0_afproj,0.1,0.921526699605803,239
COPD,22,57,MELD_lambda0_reportN,0.1,0.921657732219605,239
COPD,22,57,MELD_lambda0_equal,0.1,0.914436158219661,239
COPD,22,57,MELD_lambda1_afproj,0.1,0.919214004973536,239
COPD,22,57,EUR,0.1,0.918689960593418,239
COPD,22,57,EAS,0.1,0.838442816916268,239
COPD,22,57,AFR,0.1,0.827142954965027,239
COPD,22,57,CSA,0.1,0.879181821486406,239
COPD,22,57,AMR,0.1,0.884980835236437,239
COPD,22,58,MELD_lambda0_afproj,0.001,0.64084688181836,362
COPD,22,58,MELD_lambda0_reportN,0.001,0.636678191494203,362
COPD,22,58,MELD_lambda0_equal,0.001,0.683450467542149,362
COPD,22,58,MELD_lambda1_afproj,0.001,0.633666769942319,362
COPD,22,58,EUR,0.001,0.411628205416058,362
COPD,22,58,EAS,0.001,0.345438904582873,362
COPD,22,58,AFR,0.001,0.285387027223936,362
COPD,22,58,CSA,0.001,0.633699472946517,362
COPD,22,58,AMR,0.001,0.259326575809227,362
COPD,22,58,MELD_lambda0_afproj,0.01,0.699073367871935,362
COPD,22,58,MELD_lambda0_reportN,0.01,0.691912372636993,362
COPD,22,58,MELD_lambda0_equal,0.01,0.688158903065117,362
COPD,22,58,MELD_lambda1_afproj,0.01,0.695413591592028,362
COPD,22,58,EUR,0.01,0.584072837714571,362
COPD,22,58,EAS,0.01,0.457571745376415,362
COPD,22,58,AFR,0.01,0.37486728288957,362
COPD,22,58,CSA,0.01,0.700083465265823,362
COPD,22,58,AMR,0.01,0.372007783057483,362
COPD,22,58,MELD_lambda0_afproj,0.1,0.701185114528647,362
COPD,22,58,MELD_lambda0_reportN,0.1,0.698008774547915,362
COPD,22,58,MELD_lambda0_equal,0.1,0.68017366625034,362
COPD,22,58,MELD_lambda1_afproj,0.1,0.694967782314206,362
COPD,22,58,EUR,0.1,0.657717400065714,362
COPD,22,58,EAS,0.1,0.509183904650838,362
COPD,22,58,AFR,0.1,0.46611836905104,362
COPD,22,58,CSA,0.1,0.709247610330136,362
COPD,22,58,AMR,0.1,0.464295961767958,362
COPD,22,60,MELD_lambda0_afproj,0.001,0.784502598753815,195
COPD,22,60,MELD_lambda0_reportN,0.001,0.783740045142252,195
COPD,22,60,MELD_lambda0_equal,0.001,0.776153334347927,195
COPD,22,60,MELD_lambda1_afproj,0.001,0.770653740162896,195
COPD,22,60,EUR,0.001,0.568575757995231,195
COPD,22,60,EAS,0.001,0.615945701433052,195
COPD,22,60,AFR,0.001,0.380648973327154,195
COPD,22,60,CSA,0.001,0.388038043742279,195
COPD,22,60,AMR,0.001,0.34146797692383,195
COPD,22,60,MELD_lambda0_afproj,0.01,0.843963333674193,195
COPD,22,60,MELD_lambda0_reportN,0.01,0.845210042111719,195
COPD,22,60,MELD_lambda0_equal,0.01,0.787745452965526,195
COPD,22,60,MELD_lambda1_afproj,0.01,0.836471309968442,195
COPD,22,60,EUR,0.01,0.753407469832519,195
COPD,22,60,EAS,0.01,0.691556693441102,195
COPD,22,60,AFR,0.01,0.446245657120512,195
COPD,22,60,CSA,0.01,0.526938353492724,195
COPD,22,60,AMR,0.01,0.574593970738581,195
COPD,22,60,MELD_lambda0_afproj,0.1,0.835607780178018,195
COPD,22,60,MELD_lambda0_reportN,0.1,0.835869482802584,195
COPD,22,60,MELD_lambda0_equal,0.1,0.795373422430945,195
COPD,22,60,MELD_lambda1_afproj,0.1,0.83087702794732,195
COPD,22,60,EUR,0.1,0.793487690840677,195
COPD,22,60,EAS,0.1,0.635335710649877,195
COPD,22,60,AFR,0.1,0.473385484300944,195
COPD,22,60,CSA,0.1,0.65867394217828,195
COPD,22,60,AMR,0.1,0.704331312851525,195
COPD,22,61,MELD_lambda0_afproj,0.001,0.83434526290147,298
COPD,22,61,MELD_lambda0_reportN,0.001,0.832427210149908,298
COPD,22,61,MELD_lambda0_equal,0.001,0.846100001609188,298
COPD,22,61,MELD_lambda1_afproj,0.001,0.831144983663129,298
COPD,22,61,EUR,0.001,0.798023639973996,298
COPD,22,61,EAS,0.001,0.752711602487529,298
COPD,22,61,AFR,0.001,0.52694945115642,298
COPD,22,61,CSA,0.001,0.72701400351686,298
COPD,22,61,AMR,0.001,0.667214936650521,298
COPD,22,61,MELD_lambda0_afproj,0.01,0.85085079851246,298
COPD,22,61,MELD_lambda0_reportN,0.01,0.84857517628775,298
COPD,22,61,MELD_lambda0_equal,0.01,0.8481542262766,298
COPD,22,61,MELD_lambda1_afproj,0.01,0.846982962748674,298
COPD,22,61,EUR,0.01,0.836344631841596,298
COPD,22,61,EAS,0.01,0.778505141581291,298
COPD,22,61,AFR,0.01,0.571908118428787,298
COPD,22,61,CSA,0.01,0.803044576376561,298
COPD,22,61,AMR,0.01,0.763045152195126,298
COPD,22,61,MELD_lambda0_afproj,0.1,0.867516183597061,298
COPD,22,61,MELD_lambda0_reportN,0.1,0.866246265268134,298
COPD,22,61,MELD_lambda0_equal,0.1,0.85954534133565,298
COPD,22,61,MELD_lambda1_afproj,0.1,0.860436939041188,298
COPD,22,61,EUR,0.1,0.862966567306065,298
COPD,22,61,EAS,0.1,0.772340743702004,298
COPD,22,61,AFR,0.1,0.628349553917139,298
COPD,22,61,CSA,0.1,0.838649542967308,298
COPD,22,61,AMR,0.1,0.793863726902639,298
COPD,22,63,MELD_lambda0_afproj,0.001,0.872865476594235,58
COPD,22,63,MELD_lambda0_reportN,0.001,0.874666974295586,58
COPD,22,63,MELD_lambda0_equal,0.001,0.86295093156754,58
COPD,22,63,MELD_lambda1_afproj,0.001,0.861776171665218,58
COPD,22,63,EUR,0.001,0.851824375119112,58
COPD,22,63,EAS,0.001,0.804397562566629,58
COPD,22,63,AFR,0.001,0.652151206075629,58
COPD,22,63,CSA,0.001,0.801719780257648,58
COPD,22,63,AMR,0.001,0.861813160519728,58
COPD,22,63,MELD_lambda0_afproj,0.01,0.866928070580504,58
COPD,22,63,MELD_lambda0_reportN,0.01,0.869258907493695,58
COPD,22,63,MELD_lambda0_equal,0.01,0.863413962393171,58
COPD,22,63,MELD_lambda1_afproj,0.01,0.856954850337993,58
COPD,22,63,EUR,0.01,0.850366995702418,58
COPD,22,63,EAS,0.01,0.798499699771925,58
COPD,22,63,AFR,0.01,0.642505148579264,58
COPD,22,63,CSA,0.01,0.776639856011409,58
COPD,22,63,AMR,0.01,0.862195293526049,58
COPD,22,63,MELD_lambda0_afproj,0.1,0.856788677447563,58
COPD,22,63,MELD_lambda0_reportN,0.1,0.8586460426478,58
COPD,22,63,MELD_lambda0_equal,0.1,0.861971042209416,58
COPD,22,63,MELD_lambda1_afproj,0.1,0.848497497923943,58
COPD,22,63,EUR,0.1,0.843805653608516,58
COPD,22,63,EAS,0.1,0.796939403174449,58
COPD,22,63,AFR,0.1,0.619879549974064,58
COPD,22,63,CSA,0.1,0.766754916731934,58
COPD,22,63,AMR,0.1,0.848087975142712,58
COPD,22,64,MELD_lambda0_afproj,0.001,0.954714644235652,181
COPD,22,64,MELD_lambda0_reportN,0.001,0.955239219678876,181
COPD,22,64,MELD_lambda0_equal,0.001,0.917880145363909,181
COPD,22,64,MELD_lambda1_afproj,0.001,0.953192954102786,181
COPD,22,64,EUR,0.001,0.932704427427203,181
COPD,22,64,EAS,0.001,0.721211203896259,181
COPD,22,64,AFR,0.001,0.615851800972257,181
COPD,22,64,CSA,0.001,0.803026756112439,181
COPD,22,64,AMR,0.001,0.843211272839789,181
COPD,22,64,MELD_lambda0_afproj,0.01,0.950868931980568,181
COPD,22,64,MELD_lambda0_reportN,0.01,0.951217856547378,181
COPD,22,64,MELD_lambda0_equal,0.01,0.914777592352116,181
COPD,22,64,MELD_lambda1_afproj,0.01,0.949302286529306,181
COPD,22,64,EUR,0.01,0.948826356837613,181
COPD,22,64,EAS,0.01,0.821764908520452,181
COPD,22,64,AFR,0.01,0.643993758638804,181
COPD,22,64,CSA,0.01,0.85195325523019,181
COPD,22,64,AMR,0.01,0.894298248656207,181
COPD,22,64,MELD_lambda0_afproj,0.1,0.926541433962227,181
COPD,22,64,MELD_lambda0_reportN,0.1,0.927237738574398,181
COPD,22,64,MELD_lambda0_equal,0.1,0.901936603315635,181
COPD,22,64,MELD_lambda1_afproj,0.1,0.926779828708796,181
COPD,22,64,EUR,0.1,0.919580563552018,181
COPD,22,64,EAS,0.1,0.829939117088371,181
COPD,22,64,AFR,0.1,0.670054119711175,181
COPD,22,64,CSA,0.1,0.851455804617052,181
COPD,22,64,AMR,0.1,0.8945193383704,181
COPD,22,65,MELD_lambda0_afproj,0.001,0.665756495088191,48
COPD,22,65,MELD_lambda0_reportN,0.001,0.644151558665581,48
COPD,22,65,MELD_lambda0_equal,0.001,0.52532987855725,48
COPD,22,65,MELD_lambda1_afproj,0.001,0.646067856605484,48
COPD,22,65,EUR,0.001,0.582792679804781,48
COPD,22,65,EAS,0.001,0.670094056054007,48
COPD,22,65,AFR,0.001,0.475547972269468,48
COPD,22,65,CSA,0.001,0.535519182376809,48
COPD,22,65,AMR,0.001,0.647664573161207,48
COPD,22,65,MELD_lambda0_afproj,0.01,0.647740493962883,48
COPD,22,65,MELD_lambda0_reportN,0.01,0.63393896952983,48
COPD,22,65,MELD_lambda0_equal,0.01,0.519949333534542,48
COPD,22,65,MELD_lambda1_afproj,0.01,0.629054468741202,48
COPD,22,65,EUR,0.01,0.503182630994247,48
COPD,22,65,EAS,0.01,0.623760184271688,48
COPD,22,65,AFR,0.01,0.49348418617112,48
COPD,22,65,CSA,0.01,0.493628360228994,48
COPD,22,65,AMR,0.01,0.691198441619346,48
COPD,22,65,MELD_lambda0_afproj,0.1,0.619403295583939,48
COPD,22,65,MELD_lambda0_reportN,0.1,0.62211154045712,48
COPD,22,65,MELD_lambda0_equal,0.1,0.467430880674442,48
COPD,22,65,MELD_lambda1_afproj,0.1,0.605360163901,48
COPD,22,65,EUR,0.1,0.59509510004914,48
COPD,22,65,EAS,0.1,0.47421584443797,48
COPD,22,65,AFR,0.1,0.50106055992991,48
COPD,22,65,CSA,0.1,0.512478713091802,48
COPD,22,65,AMR,0.1,0.676788086892671,48
COPD,22,66,MELD_lambda0_afproj,0.001,0.885028318623403,217
COPD,22,66,MELD_lambda0_reportN,0.001,0.884260412199546,217
COPD,22,66,MELD_lambda0_equal,0.001,0.888017754824343,217
COPD,22,66,MELD_lambda1_afproj,0.001,0.883030085526084,217
COPD,22,66,EUR,0.001,0.807749535186041,217
COPD,22,66,EAS,0.001,0.852983868162757,217
COPD,22,66,AFR,0.001,0.733584623323204,217
COPD,22,66,CSA,0.001,0.817807266383875,217
COPD,22,66,AMR,0.001,0.706328574847327,217
COPD,22,66,MELD_lambda0_afproj,0.01,0.894565085055621,217
COPD,22,66,MELD_lambda0_reportN,0.01,0.894102816382803,217
COPD,22,66,MELD_lambda0_equal,0.01,0.897927738338349,217
COPD,22,66,MELD_lambda1_afproj,0.01,0.893868026060797,217
COPD,22,66,EUR,0.01,0.852624242092653,217
COPD,22,66,EAS,0.01,0.863947081598913,217
COPD,22,66,AFR,0.01,0.811755589889508,217
COPD,22,66,CSA,0.01,0.854906609754598,217
COPD,22,66,AMR,0.01,0.814586166741722,217
COPD,22,66,MELD_lambda0_afproj,0.1,0.897587303630244,217
COPD,22,66,MELD_lambda0_reportN,0.1,0.896716167983798,217
COPD,22,66,MELD_lambda0_equal,0.1,0.898011267257061,217
COPD,22,66,MELD_lambda1_afproj,0.1,0.89719709318646,217
COPD,22,66,EUR,0.1,0.855057822270544,217
COPD,22,66,EAS,0.1,0.853894019094913,217
COPD,22,66,AFR,0.1,0.825915567100312,217
COPD,22,66,CSA,0.1,0.858759937618499,217
COPD,22,66,AMR,0.1,0.843798479157368,217
COPD,22,67,MELD_lambda0_afproj,0.001,0.806279869699175,219
COPD,22,67,MELD_lambda0_reportN,0.001,0.808120320870051,219
COPD,22,67,MELD_lambda0_equal,0.001,0.792648271721761,219
COPD,22,67,MELD_lambda1_afproj,0.001,0.806345986034623,219
COPD,22,67,EUR,0.001,0.773520239362156,219
COPD,22,67,EAS,0.001,0.664110198470356,219
COPD,22,67,AFR,0.001,0.591157302838482,219
COPD,22,67,CSA,0.001,0.632580582220796,219
COPD,22,67,AMR,0.001,0.577435221974585,219
COPD,22,67,MELD_lambda0_afproj,0.01,0.828111928523122,219
COPD,22,67,MELD_lambda0_reportN,0.01,0.829436567311085,219
COPD,22,67,MELD_lambda0_equal,0.01,0.81542966717796,219
COPD,22,67,MELD_lambda1_afproj,0.01,0.827853023523485,219
COPD,22,67,EUR,0.01,0.795774249651023,219
COPD,22,67,EAS,0.01,0.747121222292734,219
COPD,22,67,AFR,0.01,0.644843964425232,219
COPD,22,67,CSA,0.01,0.735071107491346,219
COPD,22,67,AMR,0.01,0.733465868726735,219
COPD,22,67,MELD_lambda0_afproj,0.1,0.831899217958254,219
COPD,22,67,MELD_lambda0_reportN,0.1,0.831951116361585,219
COPD,22,67,MELD_lambda0_equal,0.1,0.829990515366679,219
COPD,22,67,MELD_lambda1_afproj,0.1,0.831970174031123,219
COPD,22,67,EUR,0.1,0.803071219717748,219
COPD,22,67,EAS,0.1,0.788548796687958,219
COPD,22,67,AFR,0.1,0.700144917655386,219
COPD,22,67,CSA,0.1,0.767447137686069,219
COPD,22,67,AMR,0.1,0.764979617048631,219
COPD,22,68,MELD_lambda0_afproj,0.001,0.683891384756045,153
COPD,22,68,MELD_lambda0_reportN,0.001,0.692491243669522,153
COPD,22,68,MELD_lambda0_equal,0.001,0.749164932842843,153
COPD,22,68,MELD_lambda1_afproj,0.001,0.676957428462701,153
COPD,22,68,EUR,0.001,0.515305980720214,153
COPD,22,68,EAS,0.001,0.521790262860385,153
COPD,22,68,AFR,0.001,0.245861503376361,153
COPD,22,68,CSA,0.001,0.516457395363258,153
COPD,22,68,AMR,0.001,0.659341102398104,153
COPD,22,68,MELD_lambda0_afproj,0.01,0.699480466250763,153
COPD,22,68,MELD_lambda0_reportN,0.01,0.703885073143099,153
COPD,22,68,MELD_lambda0_equal,0.01,0.744549470836824,153
COPD,22,68,MELD_lambda1_afproj,0.01,0.694274917208515,153
COPD,22,68,EUR,0.01,0.611810621623269,153
COPD,22,68,EAS,0.01,0.628764018245282,153
COPD,22,68,AFR,0.01,0.387663318862355,153
COPD,22,68,CSA,0.01,0.572944464199761,153
COPD,22,68,AMR,0.01,0.766192291002277,153
COPD,22,68,MELD_lambda0_afproj,0.1,0.717709113573321,153
COPD,22,68,MELD_lambda0_reportN,0.1,0.717945490085149,153
COPD,22,68,MELD_lambda0_equal,0.1,0.723343994559825,153
COPD,22,68,MELD_lambda1_afproj,0.1,0.713789236992992,153
COPD,22,68,EUR,0.1,0.667965566405851,153
COPD,22,68,EAS,0.1,0.649195703040814,153
COPD,22,68,AFR,0.1,0.434531222201988,153
COPD,22,68,CSA,0.1,0.631647750267272,153
COPD,22,68,AMR,0.1,0.749814530496273,153
COPD,22,69,MELD_lambda0_afproj,0.001,0.827149923373024,30
COPD,22,69,MELD_lambda0_reportN,0.001,0.824563218732381,30
COPD,22,69,MELD_lambda0_equal,0.001,0.919328457612019,30
COPD,22,69,MELD_lambda1_afproj,0.001,0.835169644452487,30
COPD,22,69,EUR,0.001,0.791490970200581,30
COPD,22,69,EAS,0.001,0.794544617379896,30
COPD,22,69,AFR,0.001,0.750590303231557,30
COPD,22,69,CSA,0.001,0.91513342028657,30
COPD,22,69,AMR,0.001,0.579178629969906,30
COPD,22,69,MELD_lambda0_afproj,0.01,0.818696692395841,30
COPD,22,69,MELD_lambda0_reportN,0.01,0.81624190953195,30
COPD,22,69,MELD_lambda0_equal,0.01,0.897619783786535,30
COPD,22,69,MELD_lambda1_afproj,0.01,0.82036011525037,30
COPD,22,69,EUR,0.01,0.812434125839405,30
COPD,22,69,EAS,0.01,0.801855750251242,30
COPD,22,69,AFR,0.01,0.732125722184643,30
COPD,22,69,CSA,0.01,0.924877176018741,30
COPD,22,69,AMR,0.01,0.703160416087206,30
COPD,22,69,MELD_lambda0_afproj,0.1,0.757091942743871,30
COPD,22,69,MELD_lambda0_reportN,0.1,0.760022016953533,30
COPD,22,69,MELD_lambda0_equal,0.1,0.828897535196509,30
COPD,22,69,MELD_lambda1_afproj,0.1,0.746438734665209,30
COPD,22,69,EUR,0.1,0.820172293287567,30
COPD,22,69,EAS,0.1,0.749236544876812,30
COPD,22,69,AFR,0.1,0.693096018282024,30
COPD,22,69,CSA,0.1,0.861095391984479,30
COPD,22,69,AMR,0.1,0.770416958073161,30
COPD,22,70,MELD_lambda0_afproj,0.001,0.943578797779484,190
COPD,22,70,MELD_lambda0_reportN,0.001,0.945467533571179,190
COPD,22,70,MELD_lambda0_equal,0.001,0.930251609170501,190
COPD,22,70,MELD_lambda1_afproj,0.001,0.943306770463527,190
COPD,22,70,EUR,0.001,0.916039446206628,190
COPD,22,70,EAS,0.001,0.524120783149627,190
COPD,22,70,AFR,0.001,0.672253379311327,190
COPD,22,70,CSA,0.001,0.862152331850601,190
COPD,22,70,AMR,0.001,0.72828605363183,190
COPD,22,70,MELD_lambda0_afproj,0.01,0.946757641877549,190
COPD,22,70,MELD_lambda0_reportN,0.01,0.948500021492812,190
COPD,22,70,MELD_lambda0_equal,0.01,0.931313808934553,190
COPD,22,70,MELD_lambda1_afproj,0.01,0.948372492988945,190
COPD,22,70,EUR,0.01,0.920236963868455,190
COPD,22,70,EAS,0.01,0.723939978229231,190
COPD,22,70,AFR,0.01,0.716883333668572,190
COPD,22,70,CSA,0.01,0.908709460089598,190
COPD,22,70,AMR,0.01,0.788816396411187,190
COPD,22,70,MELD_lambda0_afproj,0.1,0.943203872102165,190
COPD,22,70,MELD_lambda0_reportN,0.1,0.943617313383646,190
COPD,22,70,MELD_lambda0_equal,0.1,0.926823748635404,190
COPD,22,70,MELD_lambda1_afproj,0.1,0.943903546333427,190
COPD,22,70,EUR,0.1,0.91484918954092,190
COPD,22,70,EAS,0.1,0.827114991932675,190
COPD,22,70,AFR,0.1,0.76047128032041,190
COPD,22,70,CSA,0.1,0.889826353327825,190
COPD,22,70,AMR,0.1,0.845393309011437,190
COPD,22,71,MELD_lambda0_afproj,0.001,0.873615807061876,164
COPD,22,71,MELD_lambda0_reportN,0.001,0.878283665644814,164
COPD,22,71,MELD_lambda0_equal,0.001,0.866647533103817,164
COPD,22,71,MELD_lambda1_afproj,0.001,0.873986698880422,164
COPD,22,71,EUR,0.001,0.720204662255985,164
COPD,22,71,EAS,0.001,0.522791507119694,164
COPD,22,71,AFR,0.001,0.389239124947487,164
COPD,22,71,CSA,0.001,0.717970801646886,164
COPD,22,71,AMR,0.001,0.684866780789266,164
COPD,22,71,MELD_lambda0_afproj,0.01,0.880822379839752,164
COPD,22,71,MELD_lambda0_reportN,0.01,0.883783397921956,164
COPD,22,71,MELD_lambda0_equal,0.01,0.864462260905779,164
COPD,22,71,MELD_lambda1_afproj,0.01,0.883126881107131,164
COPD,22,71,EUR,0.01,0.7899988064257,164
COPD,22,71,EAS,0.01,0.696181632325981,164
COPD,22,71,AFR,0.01,0.495789744030231,164
COPD,22,71,CSA,0.01,0.788067175264299,164
COPD,22,71,AMR,0.01,0.677144369489566,164
COPD,22,71,MELD_lambda0_afproj,0.1,0.882655354265201,164
COPD,22,71,MELD_lambda0_reportN,0.1,0.883156272304577,164
COPD,22,71,MELD_lambda0_equal,0.1,0.854795739494968,164
COPD,22,71,MELD_lambda1_afproj,0.1,0.882814323452972,164
COPD,22,71,EUR,0.1,0.817414617474341,164
COPD,22,71,EAS,0.1,0.650252119285673,164
COPD,22,71,AFR,0.1,0.530732975480996,164
COPD,22,71,CSA,0.1,0.78157875581465,164
COPD,22,71,AMR,0.1,0.667458605051156,164
COPD,22,72,MELD_lambda0_afproj,0.001,0.720146030029358,63
COPD,22,72,MELD_lambda0_reportN,0.001,0.713652163274135,63
COPD,22,72,MELD_lambda0_equal,0.001,0.684890107935121,63
COPD,22,72,MELD_lambda1_afproj,0.001,0.732565740174038,63
COPD,22,72,EUR,0.001,0.735197706785862,63
COPD,22,72,EAS,0.001,0.630222072274688,63
COPD,22,72,AFR,0.001,0.387092817858438,63
COPD,22,72,CSA,0.001,0.7559967620338,63
COPD,22,72,AMR,0.001,0.674901392362646,63
COPD,22,72,MELD_lambda0_afproj,0.01,0.740703848329859,63
COPD,22,72,MELD_lambda0_reportN,0.01,0.734850332274247,63
COPD,22,72,MELD_lambda0_equal,0.01,0.689269532052223,63
COPD,22,72,MELD_lambda1_afproj,0.01,0.751074405128574,63
COPD,22,72,EUR,0.01,0.754114541015611,63
COPD,22,72,EAS,0.01,0.642063870605066,63
COPD,22,72,AFR,0.01,0.397476806783706,63
COPD,22,72,CSA,0.01,0.764711328662681,63
COPD,22,72,AMR,0.01,0.671912314076617,63
COPD,22,72,MELD_lambda0_afproj,0.1,0.748765940278819,63
COPD,22,72,MELD_lambda0_reportN,0.1,0.747430244797738,63
COPD,22,72,MELD_lambda0_equal,0.1,0.688239148677472,63
COPD,22,72,MELD_lambda1_afproj,0.1,0.758610580071984,63
COPD,22,72,EUR,0.1,0.758176224446357,63
COPD,22,72,EAS,0.1,0.595462059470998,63
COPD,22,72,AFR,0.1,0.391732514642068,63
COPD,22,72,CSA,0.1,0.726007564826798,63
COPD,22,72,AMR,0.1,0.684166196702643,63
COPD,22,74,MELD_lambda0_afproj,0.001,0.858435143235192,381
COPD,22,74,MELD_lambda0_reportN,0.001,0.857355056474972,381
COPD,22,74,MELD_lambda0_equal,0.001,0.871829515759663,381
COPD,22,74,MELD_lambda1_afproj,0.001,0.85425793895665,381
COPD,22,74,EUR,0.001,0.851286974890752,381
COPD,22,74,EAS,0.001,0.730471077158599,381
COPD,22,74,AFR,0.001,0.569733776268749,381
COPD,22,74,CSA,0.001,0.706073691062355,381
COPD,22,74,AMR,0.001,0.733952712508699,381
COPD,22,74,MELD_lambda0_afproj,0.01,0.870184341211274,381
COPD,22,74,MELD_lambda0_reportN,0.01,0.871292432584452,381
COPD,22,74,MELD_lambda0_equal,0.01,0.877044509469258,381
COPD,22,74,MELD_lambda1_afproj,0.01,0.869919383102017,381
COPD,22,74,EUR,0.01,0.880894428016296,381
COPD,22,74,EAS,0.01,0.810562718511692,381
COPD,22,74,AFR,0.01,0.599323516718995,381
COPD,22,74,CSA,0.01,0.76226440227025,381
COPD,22,74,AMR,0.01,0.820788318102891,381
COPD,22,74,MELD_lambda0_afproj,0.1,0.879961972330261,381
COPD,22,74,MELD_lambda0_reportN,0.1,0.881354629344963,381
COPD,22,74,MELD_lambda0_equal,0.1,0.881420756713306,381
COPD,22,74,MELD_lambda1_afproj,0.1,0.880853569738055,381
COPD,22,74,EUR,0.1,0.884455681059953,381
COPD,22,74,EAS,0.1,0.793412834084018,381
COPD,22,74,AFR,0.1,0.666812066658615,381
COPD,22,74,CSA,0.1,0.815278073406001,381
COPD,22,74,AMR,0.1,0.837401275050809,381
Gout,22,1,MELD_lambda0_afproj,0.001,0.935293048711715,115
Gout,22,1,MELD_lambda0_reportN,0.001,0.936389960940121,115
Gout,22,1,MELD_lambda0_equal,0.001,0.941543832142299,115
Gout,22,1,MELD_lambda1_afproj,0.001,0.925477956435522,115
Gout,22,1,EUR,0.001,0.887625218554843,115
Gout,22,1,EAS,0.001,0.70002814111978,115
Gout,22,1,AFR,0.001,0.504576228740215,115
Gout,22,1,CSA,0.001,0.918139831527434,115
Gout,22,1,AMR,0.001,0.893674959494516,115
Gout,22,1,MELD_lambda0_afproj,0.01,0.93338411019186,115
Gout,22,1,MELD_lambda0_reportN,0.01,0.935794414522377,115
Gout,22,1,MELD_lambda0_equal,0.01,0.940268195765639,115
Gout,22,1,MELD_lambda1_afproj,0.01,0.923290710791391,115
Gout,22,1,EUR,0.01,0.90982671317541,115
Gout,22,1,EAS,0.01,0.792772605130313,115
Gout,22,1,AFR,0.01,0.610311889691797,115
Gout,22,1,CSA,0.01,0.923008396142041,115
Gout,22,1,AMR,0.01,0.920496055229525,115
Gout,22,1,MELD_lambda0_afproj,0.1,0.908236834385104,115
Gout,22,1,MELD_lambda0_reportN,0.1,0.910459786340388,115
Gout,22,1,MELD_lambda0_equal,0.1,0.921868702173417,115
Gout,22,1,MELD_lambda1_afproj,0.1,0.894936559250719,115
Gout,22,1,EUR,0.1,0.883148423280942,115
Gout,22,1,EAS,0.1,0.847040919476753,115
Gout,22,1,AFR,0.1,0.709734559755535,115
Gout,22,1,CSA,0.1,0.898791976182828,115
Gout,22,1,AMR,0.1,0.894032341092884,115
Gout,22,2,MELD_lambda0_afproj,0.001,0.75261588674553,46
Gout,22,2,MELD_lambda0_reportN,0.001,0.760591299347245,46
Gout,22,2,MELD_lambda0_equal,0.001,0.618874635604507,46
Gout,22,2,MELD_lambda1_afproj,0.001,0.733768256761919,46
Gout,22,2,EUR,0.001,0.844791647615865,46
Gout,22,2,EAS,0.001,0.283531161166317,46
Gout,22,2,AFR,0.001,0.652772999182824,46
Gout,22,2,CSA,0.001,0.567493154168094,46
Gout,22,2,AMR,0.001,0.699579237168754,46
Gout,22,2,MELD_lambda0_afproj,0.01,0.736744130422878,46
Gout,22,2,MELD_lambda0_reportN,0.01,0.743045205673583,46
Gout,22,2,MELD_lambda0_equal,0.01,0.621621921057984,46
Gout,22,2,MELD_lambda1_afproj,0.01,0.726080028546154,46
Gout,22,2,EUR,0.01,0.825977511533987,46
Gout,22,2,EAS,0.01,0.340590981623282,46
Gout,22,2,AFR,0.01,0.655776551918374,46
Gout,22,2,CSA,0.01,0.550400217103173,46
Gout,22,2,AMR,0.01,0.68612623832824,46
Gout,22,2,MELD_lambda0_afproj,0.1,0.697867218399662,46
Gout,22,2,MELD_lambda0_reportN,0.1,0.699259954878297,46
Gout,22,2,MELD_lambda0_equal,0.1,0.646889371093833,46
Gout,22,2,MELD_lambda1_afproj,0.1,0.705299738750833,46
Gout,22,2,EUR,0.1,0.739914820116936,46
Gout,22,2,EAS,0.1,0.393625020472998,46
Gout,22,2,AFR,0.1,0.666752260476509,46
Gout,22,2,CSA,0.1,0.610557687332732,46
Gout,22,2,AMR,0.1,0.680609770732495,46
Gout,22,4,MELD_lambda0_afproj,0.001,0.716935212411189,194
Gout,22,4,MELD_lambda0_reportN,0.001,0.708544400286642,194
Gout,22,4,MELD_lambda0_equal,0.001,0.700069574200565,194
Gout,22,4,MELD_lambda1_afproj,0.001,0.72191547452526,194
Gout,22,4,EUR,0.001,0.561599581591656,194
Gout,22,4,EAS,0.001,0.483134999008937,194
Gout,22,4,AFR,0.001,0.363768462686759,194
Gout,22,4,CSA,0.001,0.62010812566119,194
Gout,22,4,AMR,0.001,0.497762255337105,194
Gout,22,4,MELD_lambda0_afproj,0.01,0.718175599522753,194
Gout,22,4,MELD_lambda0_reportN,0.01,0.714170107362704,194
Gout,22,4,MELD_lambda0_equal,0.01,0.699425962713911,194
Gout,22,4,MELD_lambda1_afproj,0.01,0.721236555039172,194
Gout,22,4,EUR,0.01,0.613124586214308,194
Gout,22,4,EAS,0.01,0.606072369450949,194
Gout,22,4,AFR,0.01,0.387820630182456,194
Gout,22,4,CSA,0.01,0.637693005434545,194
Gout,22,4,AMR,0.01,0.608259633890445,194
Gout,22,4,MELD_lambda0_afproj,0.1,0.727817388366195,194
Gout,22,4,MELD_lambda0_reportN,0.1,0.726488539701365,194
Gout,22,4,MELD_lambda0_equal,0.1,0.707469027431365,194
Gout,22,4,MELD_lambda1_afproj,0.1,0.728506170973516,194
Gout,22,4,EUR,0.1,0.672518271579297,194
Gout,22,4,EAS,0.1,0.655171270670745,194
Gout,22,4,AFR,0.1,0.432155497371907,194
Gout,22,4,CSA,0.1,0.655041140032471,194
Gout,22,4,AMR,0.1,0.689974469975208,194
Gout,22,5,MELD_lambda0_afproj,0.001,0.90138875695832,82
Gout,22,5,MELD_lambda0_reportN,0.001,0.901634110291027,82
Gout,22,5,MELD_lambda0_equal,0.001,0.877205292185133,82
Gout,22,5,MELD_lambda1_afproj,0.001,0.91740289512995,82
Gout,22,5,EUR,0.001,0.790620973638069,82
Gout,22,5,EAS,0.001,0.784253074952652,82
Gout,22,5,AFR,0.001,0.520034046838709,82
Gout,22,5,CSA,0.001,0.877095395836692,82
Gout,22,5,AMR,0.001,0.824899666478558,82
Gout,22,5,MELD_lambda0_afproj,0.01,0.908480202998572,82
Gout,22,5,MELD_lambda0_reportN,0.01,0.912233606856844,82
Gout,22,5,MELD_lambda0_equal,0.01,0.903071977336971,82
Gout,22,5,MELD_lambda1_afproj,0.01,0.927574801853692,82
Gout,22,5,EUR,0.01,0.880285094059737,82
Gout,22,5,EAS,0.01,0.79477229617522,82
Gout,22,5,AFR,0.01,0.540603429276417,82
Gout,22,5,CSA,0.01,0.876080114656586,82
Gout,22,5,AMR,0.01,0.854855165399772,82
Gout,22,5,MELD_lambda0_afproj,0.1,0.895683814688942,82
Gout,22,5,MELD_lambda0_reportN,0.1,0.89876519206396,82
Gout,22,5,MELD_lambda0_equal,0.1,0.888049098786723,82
Gout,22,5,MELD_lambda1_afproj,0.1,0.907753884785987,82
Gout,22,5,EUR,0.1,0.897960978750697,82
Gout,22,5,EAS,0.1,0.784944193670544,82
Gout,22,5,AFR,0.1,0.587381960180263,82
Gout,22,5,CSA,0.1,0.835801936069559,82
Gout,22,5,AMR,0.1,0.901952752675249,82
Gout,22,6,MELD_lambda0_afproj,0.001,0.622139909128119,31
Gout,22,6,MELD_lambda0_reportN,0.001,0.60621478120341,31
Gout,22,6,MELD_lambda0_equal,0.001,0.678325285736886,31
Gout,22,6,MELD_lambda1_afproj,0.001,0.612229055458542,31
Gout,22,6,EUR,0.001,0.619013121731239,31
Gout,22,6,EAS,0.001,0.745511598782691,31
Gout,22,6,AFR,0.001,0.700567854678244,31
Gout,22,6,CSA,0.001,0.629282417564714,31
Gout,22,6,AMR,0.001,0.800198932930996,31
Gout,22,6,MELD_lambda0_afproj,0.01,0.660953774132138,31
Gout,22,6,MELD_lambda0_reportN,0.01,0.652277076276838,31
Gout,22,6,MELD_lambda0_equal,0.01,0.686976731786598,31
Gout,22,6,MELD_lambda1_afproj,0.01,0.654139654825097,31
Gout,22,6,EUR,0.01,0.489367162008155,31
Gout,22,6,EAS,0.01,0.769175083126489,31
Gout,22,6,AFR,0.01,0.663718115797493,31
Gout,22,6,CSA,0.01,0.658072997501406,31
Gout,22,6,AMR,0.01,0.803141660328188,31
Gout,22,6,MELD_lambda0_afproj,0.1,0.748159371311593,31
Gout,22,6,MELD_lambda0_reportN,0.1,0.744963352149065,31
Gout,22,6,MELD_lambda0_equal,0.1,0.72617324724598,31
Gout,22,6,MELD_lambda1_afproj,0.1,0.733871033397293,31
Gout,22,6,EUR,0.1,0.746951141737614,31
Gout,22,6,EAS,0.1,0.785391990120256,31
Gout,22,6,AFR,0.1,0.667558765414926,31
Gout,22,6,CSA,0.1,0.758045626609503,31
Gout,22,6,AMR,0.1,0.804377501048173,31
Gout,22,7,MELD_lambda0_afproj,0.001,0.956331975649212,295
Gout,22,7,MELD_lambda0_reportN,0.001,0.955708934038426,295
Gout,22,7,MELD_lambda0_equal,0.001,0.959900507008428,295
Gout,22,7,MELD_lambda1_afproj,0.001,0.956500457148753,295
Gout,22,7,EUR,0.001,0.8874999020864,295
Gout,22,7,EAS,0.001,0.882339695759449,295
Gout,22,7,AFR,0.001,0.728438664433311,295
Gout,22,7,CSA,0.001,0.86934393422923,295
Gout,22,7,AMR,0.001,0.920979850978049,295
Gout,22,7,MELD_lambda0_afproj,0.01,0.960642298798661,295
Gout,22,7,MELD_lambda0_reportN,0.01,0.960449549809751,295
Gout,22,7,MELD_lambda0_equal,0.01,0.961766436466795,295
Gout,22,7,MELD_lambda1_afproj,0.01,0.961554992524085,295
Gout,22,7,EUR,0.01,0.93297727404108,295
Gout,22,7,EAS,0.01,0.92242335426993,295
Gout,22,7,AFR,0.01,0.833342329283336,295
Gout,22,7,CSA,0.01,0.922937499053446,295
Gout,22,7,AMR,0.01,0.948332234872912,295
Gout,22,7,MELD_lambda0_afproj,0.1,0.960779967143447,295
Gout,22,7,MELD_lambda0_reportN,0.1,0.960957402914964,295
Gout,22,7,MELD_lambda0_equal,0.1,0.959309554808188,295
Gout,22,7,MELD_lambda1_afproj,0.1,0.960882460529033,295
Gout,22,7,EUR,0.1,0.949748394358122,295
Gout,22,7,EAS,0.1,0.91862920469682,295
Gout,22,7,AFR,0.1,0.875650106029635,295
Gout,22,7,CSA,0.1,0.938129021304578,295
Gout,22,7,AMR,0.1,0.949114822359529,295
Gout,22,8,MELD_lambda0_afproj,0.001,0.880194647289775,106
Gout,22,8,MELD_lambda0_reportN,0.001,0.883800970228515,106
Gout,22,8,MELD_lambda0_equal,0.001,0.835111670646621,106
Gout,22,8,MELD_lambda1_afproj,0.001,0.882569993744943,106
Gout,22,8,EUR,0.001,0.844847623698206,106
Gout,22,8,EAS,0.001,0.679846713545893,106
Gout,22,8,AFR,0.001,0.719895923408087,106
Gout,22,8,CSA,0.001,0.623472293527649,106
Gout,22,8,AMR,0.001,0.614532492032692,106
Gout,22,8,MELD_lambda0_afproj,0.01,0.886801654334428,106
Gout,22,8,MELD_lambda0_reportN,0.01,0.889883487168183,106
Gout,22,8,MELD_lambda0_equal,0.01,0.830216620558786,106
Gout,22,8,MELD_lambda1_afproj,0.01,0.886734667609849,106
Gout,22,8,EUR,0.01,0.908014368999094,106
Gout,22,8,EAS,0.01,0.736131053866188,106
Gout,22,8,AFR,0.01,0.716941436466828,106
Gout,22,8,CSA,0.01,0.709600935959853,106
Gout,22,8,AMR,0.01,0.667910293600481,106
Gout,22,8,MELD_lambda0_afproj,0.1,0.881203229308953,106
Gout,22,8,MELD_lambda0_reportN,0.1,0.884374596086069,106
Gout,22,8,MELD_lambda0_equal,0.1,0.820310271303169,106
Gout,22,8,MELD_lambda1_afproj,0.1,0.876517160069725,106
Gout,22,8,EUR,0.1,0.901283333759682,106
Gout,22,8,EAS,0.1,0.732609698204454,106
Gout,22,8,AFR,0.1,0.697620120617051,106
Gout,22,8,CSA,0.1,0.740940140357419,106
Gout,22,8,AMR,0.1,0.723602594907897,106
Gout,22,10,MELD_lambda0_afproj,0.001,0.883491954770291,226
Gout,22,10,MELD_lambda0_reportN,0.001,0.891436966404237,226
Gout,22,10,MELD_lambda0_equal,0.001,0.88597204990926,226
Gout,22,10,MELD_lambda1_afproj,0.001,0.889807340639483,226
Gout,22,10,EUR,0.001,0.830077264461972,226
Gout,22,10,EAS,0.001,0.757268698365517,226
Gout,22,10,AFR,0.001,0.598974684337813,226
Gout,22,10,CSA,0.001,0.827751484588795,226
Gout,22,10,AMR,0.001,0.773135188619112,226
Gout,22,10,MELD_lambda0_afproj,0.01,0.908912234907421,226
Gout,22,10,MELD_lambda0_reportN,0.01,0.912174498634307,226
Gout,22,10,MELD_lambda0_equal,0.01,0.883404130164811,226
Gout,22,10,MELD_lambda1_afproj,0.01,0.908375951963614,226
Gout,22,10,EUR,0.01,0.884935641602091,226
Gout,22,10,EAS,0.01,0.799861216638025,226
Gout,22,10,AFR,0.01,0.610095921910754,226
Gout,22,10,CSA,0.01,0.844337659322699,226
Gout,22,10,AMR,0.01,0.833807797957843,226
Gout,22,10,MELD_lambda0_afproj,0.1,0.894635524758721,226
Gout,22,10,MELD_lambda0_reportN,0.1,0.895634420911979,226
Gout,22,10,MELD_lambda0_equal,0.1,0.866508356277436,226
Gout,22,10,MELD_lambda1_afproj,0.1,0.890593113237959,226
Gout,22,10,EUR,0.1,0.885455450459135,226
Gout,22,10,EAS,0.1,0.776886530339885,226
Gout,22,10,AFR,0.1,0.625956758718101,226
Gout,22,10,CSA,0.1,0.839245965152198,226
Gout,22,10,AMR,0.1,0.842801112003954,226
Gout,22,11,MELD_lambda0_afproj,0.001,0.820998583286484,168
Gout,22,11,MELD_lambda0_reportN,0.001,0.817233006749396,168
Gout,22,11,MELD_lambda0_equal,0.001,0.800193338000153,168
Gout,22,11,MELD_lambda1_afproj,0.001,0.826154853790403,168
Gout,22,11,EUR,0.001,0.77347482471474,168
Gout,22,11,EAS,0.001,0.789850876184419,168
Gout,22,11,AFR,0.001,0.615588016804362,168
Gout,22,11,CSA,0.001,0.811963061282046,168
Gout,22,11,AMR,0.001,0.751643710011043,168
Gout,22,11,MELD_lambda0_afproj,0.01,0.844702704177528,168
Gout,22,11,MELD_lambda0_reportN,0.01,0.842930005457131,168
Gout,22,11,MELD_lambda0_equal,0.01,0.822996353002885,168
Gout,22,11,MELD_lambda1_afproj,0.01,0.846940852878329,168
Gout,22,11,EUR,0.01,0.831508763261561,168
Gout,22,11,EAS,0.01,0.835311577166464,168
Gout,22,11,AFR,0.01,0.763846256056229,168
Gout,22,11,CSA,0.01,0.811015841571963,168
Gout,22,11,AMR,0.01,0.816989494279522,168
Gout,22,11,MELD_lambda0_afproj,0.1,0.848384782525605,168
Gout,22,11,MELD_lambda0_reportN,0.1,0.847523221229777,168
Gout,22,11,MELD_lambda0_equal,0.1,0.829291059679521,168
Gout,22,11,MELD_lambda1_afproj,0.1,0.844854865751547,168
Gout,22,11,EUR,0.1,0.831676637978705,168
Gout,22,11,EAS,0.1,0.850250941704703,168
Gout,22,11,AFR,0.1,0.773254741662003,168
Gout,22,11,CSA,0.1,0.793750597141627,168
Gout,22,11,AMR,0.1,0.829874777841825,168
Gout,22,12,MELD_lambda0_afproj,0.001,0.978683272548703,55
Gout,22,12,MELD_lambda0_reportN,0.001,0.978604801780663,55
Gout,22,12,MELD_lambda0_equal,0.001,0.979558344954096,55
Gout,22,12,MELD_lambda1_afproj,0.001,0.975160999652075,55
Gout,22,12,EUR,0.001,0.974705773815589,55
Gout,22,12,EAS,0.001,0.977569157602548,55
Gout,22,12,AFR,0.001,0.960419755672642,55
Gout,22,12,CSA,0.001,0.9815758305694,55
Gout,22,12,AMR,0.001,0.982801385187206,55
Gout,22,12,MELD_lambda0_afproj,0.01,0.981369008093946,55
Gout,22,12,MELD_lambda0_reportN,0.01,0.981569077731286,55
Gout,22,12,MELD_lambda0_equal,0.01,0.983275713864639,55
Gout,22,12,MELD_lambda1_afproj,0.01,0.978696948692532,55
Gout,22,12,EUR,0.01,0.977847187832925,55
Gout,22,12,EAS,0.01,0.978940422386295,55
Gout,22,12,AFR,0.01,0.967266864216653,55
Gout,22,12,CSA,0.01,0.982443781648355,55
Gout,22,12,AMR,0.01,0.978665787781454,55
Gout,22,12,MELD_lambda0_afproj,0.1,0.982500547632696,55
Gout,22,12,MELD_lambda0_reportN,0.1,0.982663842641058,55
Gout,22,12,MELD_lambda0_equal,0.1,0.983193664919142,55
Gout,22,12,MELD_lambda1_afproj,0.1,0.980111709703575,55
Gout,22,12,EUR,0.1,0.978604684399138,55
Gout,22,12,EAS,0.1,0.979205650430969,55
Gout,22,12,AFR,0.1,0.969466854623803,55
Gout,22,12,CSA,0.1,0.982909662461161,55
Gout,22,12,AMR,0.1,0.978627922402754,55
Gout,22,13,MELD_lambda0_afproj,0.001,0.974907208450492,92
Gout,22,13,MELD_lambda0_reportN,0.001,0.974329571688726,92
Gout,22,13,MELD_lambda0_equal,0.001,0.929938533535812,92
Gout,22,13,MELD_lambda1_afproj,0.001,0.97404839938253,92
Gout,22,13,EUR,0.001,0.928597320552187,92
Gout,22,13,EAS,0.001,0.562391405102131,92
Gout,22,13,AFR,0.001,0.791841235348738,92
Gout,22,13,CSA,0.001,0.859586142736842,92
Gout,22,13,AMR,0.001,0.871338623139392,92
Gout,22,13,MELD_lambda0_afproj,0.01,0.974358145124337,92
Gout,22,13,MELD_lambda0_reportN,0.01,0.97548274351062,92
Gout,22,13,MELD_lambda0_equal,0.01,0.932913561869169,92
Gout,22,13,MELD_lambda1_afproj,0.01,0.972264440695703,92
Gout,22,13,EUR,0.01,0.9410517276669,92
Gout,22,13,EAS,0.01,0.758332960294628,92
Gout,22,13,AFR,0.01,0.822992037102914,92
Gout,22,13,CSA,0.01,0.946454267704127,92
Gout,22,13,AMR,0.01,0.851800981975252,92
Gout,22,13,MELD_lambda0_afproj,0.1,0.953944730197494,92
Gout,22,13,MELD_lambda0_reportN,0.1,0.955293534191226,92
Gout,22,13,MELD_lambda0_equal,0.1,0.910179458245855,92
Gout,22,13,MELD_lambda1_afproj,0.1,0.952298077802465,92
Gout,22,13,EUR,0.1,0.916243053480929,92
Gout,22,13,EAS,0.1,0.798139890218916,92
Gout,22,13,AFR,0.1,0.821188518770281,92
Gout,22,13,CSA,0.1,0.924365101854446,92
Gout,22,13,AMR,0.1,0.863741590987509,92
Gout,22,14,MELD_lambda0_afproj,0.001,0.868595278853551,76
Gout,22,14,MELD_lambda0_reportN,0.001,0.874720661073416,76
Gout,22,14,MELD_lambda0_equal,0.001,0.843454545599343,76
Gout,22,14,MELD_lambda1_afproj,0.001,0.869189457312026,76
Gout,22,14,EUR,0.001,0.882919406826918,76
Gout,22,14,EAS,0.001,0.668243545306569,76
Gout,22,14,AFR,0.001,0.744287423514489,76
Gout,22,14,CSA,0.001,0.690005754028037,76
Gout,22,14,AMR,0.001,0.853743048466814,76
Gout,22,14,MELD_lambda0_afproj,0.01,0.883095267243342,76
Gout,22,14,MELD_lambda0_reportN,0.01,0.887821714501496,76
Gout,22,14,MELD_lambda0_equal,0.01,0.847574393678274,76
Gout,22,14,MELD_lambda1_afproj,0.01,0.882744192276576,76
Gout,22,14,EUR,0.01,0.904213787685824,76
Gout,22,14,EAS,0.01,0.734923884753333,76
Gout,22,14,AFR,0.01,0.749773523625758,76
Gout,22,14,CSA,0.01,0.751906076773056,76
Gout,22,14,AMR,0.01,0.848788750642433,76
Gout,22,14,MELD_lambda0_afproj,0.1,0.894975044391837,76
Gout,22,14,MELD_lambda0_reportN,0.1,0.898933668500809,76
Gout,22,14,MELD_lambda0_equal,0.1,0.855081040935099,76
Gout,22,14,MELD_lambda1_afproj,0.1,0.892826976725087,76
Gout,22,14,EUR,0.1,0.918806553048349,76
Gout,22,14,EAS,0.1,0.695005041772811,76
Gout,22,14,AFR,0.1,0.762722798444494,76
Gout,22,14,CSA,0.1,0.815179308259458,76
Gout,22,14,AMR,0.1,0.811626440507838,76
Gout,22,16,MELD_lambda0_afproj,0.001,0.837473505551573,38
Gout,22,16,MELD_lambda0_reportN,0.001,0.835603026455493,38
Gout,22,16,MELD_lambda0_equal,0.001,0.790746184379793,38
Gout,22,16,MELD_lambda1_afproj,0.001,0.742482043029715,38
Gout,22,16,EUR,0.001,0.808396487054738,38
Gout,22,16,EAS,0.001,0.812432171334747,38
Gout,22,16,AFR,0.001,0.498389537726606,38
Gout,22,16,CSA,0.001,0.766739715623354,38
Gout,22,16,AMR,0.001,0.730001996903699,38
Gout,22,16,MELD_lambda0_afproj,0.01,0.84191250886829,38
Gout,22,16,MELD_lambda0_reportN,0.01,0.84060908562202,38
Gout,22,16,MELD_lambda0_equal,0.01,0.790008331509417,38
Gout,22,16,MELD_lambda1_afproj,0.01,0.754329350482333,38
Gout,22,16,EUR,0.01,0.840933827139481,38
Gout,22,16,EAS,0.01,0.865757826633663,38
Gout,22,16,AFR,0.01,0.51673490148877,38
Gout,22,16,CSA,0.01,0.767939231658267,38
Gout,22,16,AMR,0.01,0.766979332781137,38
Gout,22,16,MELD_lambda0_afproj,0.1,0.856085174543575,38
Gout,22,16,MELD_lambda0_reportN,0.1,0.855476885129655,38
Gout,22,16,MELD_lambda0_equal,0.1,0.806787011936758,38
Gout,22,16,MELD_lambda1_afproj,0.1,0.787815782565956,38
Gout,22,16,EUR,0.1,0.863953251022349,38
Gout,22,16,EAS,0.1,0.899411921975421,38
Gout,22,16,AFR,0.1,0.597170498653033,38
Gout,22,16,CSA,0.1,0.801058181291281,38
Gout,22,16,AMR,0.1,0.823310447754387,38
Gout,22,17,MELD_lambda0_afproj,0.001,0.956651532188117,83
Gout,22,17,MELD_lambda0_reportN,0.001,0.957841020048574,83
Gout,22,17,MELD_lambda0_equal,0.001,0.913429328793899,83
Gout,22,17,MELD_lambda1_afproj,0.001,0.951205873046336,83
Gout,22,17,EUR,0.001,0.932519278214105,83
Gout,22,17,EAS,0.001,0.827714289726981,83
Gout,22,17,AFR,0.001,0.76214299718862,83
Gout,22,17,CSA,0.001,0.851487556670728,83
Gout,22,17,AMR,0.001,0.816897123289292,83
Gout,22,17,MELD_lambda0_afproj,0.01,0.95037977784985,83
Gout,22,17,MELD_lambda0_reportN,0.01,0.951464131406183,83
Gout,22,17,MELD_lambda0_equal,0.01,0.915624267700571,83
Gout,22,17,MELD_lambda1_afproj,0.01,0.945770554743491,83
Gout,22,17,EUR,0.01,0.938468643981933,83
Gout,22,17,EAS,0.01,0.829442022405344,83
Gout,22,17,AFR,0.01,0.775073149653174,83
Gout,22,17,CSA,0.01,0.901146419167853,83
Gout,22,17,AMR,0.01,0.859793705241831,83
Gout,22,17,MELD_lambda0_afproj,0.1,0.934450176703524,83
Gout,22,17,MELD_lambda0_reportN,0.1,0.934647938115837,83
Gout,22,17,MELD_lambda0_equal,0.1,0.910700375243068,83
Gout,22,17,MELD_lambda1_afproj,0.1,0.932855583563135,83
Gout,22,17,EUR,0.1,0.932183545290305,83
Gout,22,17,EAS,0.1,0.824455420231134,83
Gout,22,17,AFR,0.1,0.775572570245307,83
Gout,22,17,CSA,0.1,0.893504086009527,83
Gout,22,17,AMR,0.1,0.893195770062456,83
Gout,22,19,MELD_lambda0_afproj,0.001,0.813799189113917,222
Gout,22,19,MELD_lambda0_reportN,0.001,0.825020912038317,222
Gout,22,19,MELD_lambda0_equal,0.001,0.846692618668977,222
Gout,22,19,MELD_lambda1_afproj,0.001,0.79916958909432,222
Gout,22,19,EUR,0.001,0.702047254699322,222
Gout,22,19,EAS,0.001,0.661241796481847,222
Gout,22,19,AFR,0.001,0.391467386637414,222
Gout,22,19,CSA,0.001,0.740510804109838,222
Gout,22,19,AMR,0.001,0.494055775544137,222
Gout,22,19,MELD_lambda0_afproj,0.01,0.849770320235984,222
Gout,22,19,MELD_lambda0_reportN,0.01,0.853726068057621,222
Gout,22,19,MELD_lambda0_equal,0.01,0.856576154733302,222
Gout,22,19,MELD_lambda1_afproj,0.01,0.840078383414599,222
Gout,22,19,EUR,0.01,0.808608607989957,222
Gout,22,19,EAS,0.01,0.7725523312269,222
Gout,22,19,AFR,0.01,0.689488039779063,222
Gout,22,19,CSA,0.01,0.80109449723545,222
Gout,22,19,AMR,0.01,0.713475886453726,222
Gout,22,19,MELD_lambda0_afproj,0.1,0.86899398149285,222
Gout,22,19,MELD_lambda0_reportN,0.1,0.870906140360722,222
Gout,22,19,MELD_lambda0_equal,0.1,0.87688584765565,222
Gout,22,19,MELD_lambda1_afproj,0.1,0.862147058869802,222
Gout,22,19,EUR,0.1,0.856810616172681,222
Gout,22,19,EAS,0.1,0.774079878877927,222
Gout,22,19,AFR,0.1,0.751287314642841,222
Gout,22,19,CSA,0.1,0.825794583595739,222
Gout,22,19,AMR,0.1,0.810079678936368,222
Gout,22,20,MELD_lambda0_afproj,0.001,0.876810626413703,109
Gout,22,20,MELD_lambda0_reportN,0.001,0.876593679553802,109
Gout,22,20,MELD_lambda0_equal,0.001,0.86829837548285,109
Gout,22,20,MELD_lambda1_afproj,0.001,0.872551767189107,109
Gout,22,20,EUR,0.001,0.713818555830065,109
Gout,22,20,EAS,0.001,0.741601401335368,109
Gout,22,20,AFR,0.001,0.653875630737507,109
Gout,22,20,CSA,0.001,0.889526429482043,109
Gout,22,20,AMR,0.001,0.87574425631189,109
Gout,22,20,MELD_lambda0_afproj,0.01,0.902069328915481,109
Gout,22,20,MELD_lambda0_reportN,0.01,0.904402033590541,109
Gout,22,20,MELD_lambda0_equal,0.01,0.87835562836635,109
Gout,22,20,MELD_lambda1_afproj,0.01,0.897463277330304,109
Gout,22,20,EUR,0.01,0.840921006314012,109
Gout,22,20,EAS,0.01,0.767432338923454,109
Gout,22,20,AFR,0.01,0.690820220726133,109
Gout,22,20,CSA,0.01,0.860404311665361,109
Gout,22,20,AMR,0.01,0.892584885478597,109
Gout,22,20,MELD_lambda0_afproj,0.1,0.859482371364476,109
Gout,22,20,MELD_lambda0_reportN,0.1,0.861542592033541,109
Gout,22,20,MELD_lambda0_equal,0.1,0.849488742604962,109
Gout,22,20,MELD_lambda1_afproj,0.1,0.854241239558875,109
Gout,22,20,EUR,0.1,0.853935353903386,109
Gout,22,20,EAS,0.1,0.735309800918129,109
Gout,22,20,AFR,0.1,0.691100067260557,109
Gout,22,20,CSA,0.1,0.801121295996391,109
Gout,22,20,AMR,0.1,0.85622231295026,109
Gout,22,21,MELD_lambda0_afproj,0.001,0.817467603421768,52
Gout,22,21,MELD_lambda0_reportN,0.001,0.831700559257545,52
Gout,22,21,MELD_lambda0_equal,0.001,0.896721400984502,52
Gout,22,21,MELD_lambda1_afproj,0.001,0.788452678113881,52
Gout,22,21,EUR,0.001,0.724045450380399,52
Gout,22,21,EAS,0.001,0.87588595174441,52
Gout,22,21,AFR,0.001,0.740929408302872,52
Gout,22,21,CSA,0.001,0.823977899430514,52
Gout,22,21,AMR,0.001,0.766056013202829,52
Gout,22,21,MELD_lambda0_afproj,0.01,0.813784155639233,52
Gout,22,21,MELD_lambda0_reportN,0.01,0.825829512757493,52
Gout,22,21,MELD_lambda0_equal,0.01,0.8969414189229,52
Gout,22,21,MELD_lambda1_afproj,0.01,0.789680270278363,52
Gout,22,21,EUR,0.01,0.754811145398245,52
Gout,22,21,EAS,0.01,0.878513518179801,52
Gout,22,21,AFR,0.01,0.795112563681523,52
Gout,22,21,CSA,0.01,0.847219672120977,52
Gout,22,21,AMR,0.01,0.801128537016247,52
Gout,22,21,MELD_lambda0_afproj,0.1,0.868130215606559,52
Gout,22,21,MELD_lambda0_reportN,0.1,0.872128791399895,52
Gout,22,21,MELD_lambda0_equal,0.1,0.899516771900258,52
Gout,22,21,MELD_lambda1_afproj,0.1,0.850331590556925,52
Gout,22,21,EUR,0.1,0.861257819719228,52
Gout,22,21,EAS,0.1,0.876920832989503,52
Gout,22,21,AFR,0.1,0.821255315448318,52
Gout,22,21,CSA,0.1,0.878929416772213,52
Gout,22,21,AMR,0.1,0.82892919033528,52
Gout,22,22,MELD_lambda0_afproj,0.001,0.853148421464717,174
Gout,22,22,MELD_lambda0_reportN,0.001,0.850537139933935,174
Gout,22,22,MELD_lambda0_equal,0.001,0.88949153500955,174
Gout,22,22,MELD_lambda1_afproj,0.001,0.859731974791202,174
Gout,22,22,EUR,0.001,0.825436696689845,174
Gout,22,22,EAS,0.001,0.763033193775869,174
Gout,22,22,AFR,0.001,0.641218406899353,174
Gout,22,22,CSA,0.001,0.85464885603,174
Gout,22,22,AMR,0.001,0.805705848900753,174
Gout,22,22,MELD_lambda0_afproj,0.01,0.902015050773207,174
Gout,22,22,MELD_lambda0_reportN,0.01,0.902807662079505,174
Gout,22,22,MELD_lambda0_equal,0.01,0.895423486200723,174
Gout,22,22,MELD_lambda1_afproj,0.01,0.908014844511509,174
Gout,22,22,EUR,0.01,0.897131052808491,174
Gout,22,22,EAS,0.01,0.824469652151157,174
Gout,22,22,AFR,0.01,0.78594424869743,174
Gout,22,22,CSA,0.01,0.873528212313653,174
Gout,22,22,AMR,0.01,0.843408423862213,174
Gout,22,22,MELD_lambda0_afproj,0.1,0.915050636194125,174
Gout,22,22,MELD_lambda0_reportN,0.1,0.915858279359333,174
Gout,22,22,MELD_lambda0_equal,0.1,0.907543994890294,174
Gout,22,22,MELD_lambda1_afproj,0.1,0.918403757864378,174
Gout,22,22,EUR,0.1,0.916758311745417,174
Gout,22,22,EAS,0.1,0.846363888189667,174
Gout,22,22,AFR,0.1,0.826550603492347,174
Gout,22,22,CSA,0.1,0.886736246269495,174
Gout,22,22,AMR,0.1,0.861130001525599,174
Gout,22,23,MELD_lambda0_afproj,0.001,0.834343344500617,221
Gout,22,23,MELD_lambda0_reportN,0.001,0.83556995481528,221
Gout,22,23,MELD_lambda0_equal,0.001,0.844365969033114,221
Gout,22,23,MELD_lambda1_afproj,0.001,0.837490121121698,221
Gout,22,23,EUR,0.001,0.723270171330965,221
Gout,22,23,EAS,0.001,0.716698994713165,221
Gout,22,23,AFR,0.001,0.525221840748896,221
Gout,22,23,CSA,0.001,0.74569591328984,221
Gout,22,23,AMR,0.001,0.718686107785157,221
Gout,22,23,MELD_lambda0_afproj,0.01,0.841044856170598,221
Gout,22,23,MELD_lambda0_reportN,0.01,0.841908736364287,221
Gout,22,23,MELD_lambda0_equal,0.01,0.856066822725655,221
Gout,22,23,MELD_lambda1_afproj,0.01,0.846507011999373,221
Gout,22,23,EUR,0.01,0.799943659323414,221
Gout,22,23,EAS,0.01,0.776166171898168,221
Gout,22,23,AFR,0.01,0.627141003088282,221
Gout,22,23,CSA,0.01,0.793957992028915,221
Gout,22,23,AMR,0.01,0.751979077798154,221
Gout,22,23,MELD_lambda0_afproj,0.1,0.85455038769822,221
Gout,22,23,MELD_lambda0_reportN,0.1,0.854238927644155,221
Gout,22,23,MELD_lambda0_equal,0.1,0.861930538399639,221
Gout,22,23,MELD_lambda1_afproj,0.1,0.861539764731528,221
Gout,22,23,EUR,0.1,0.821774716466979,221
Gout,22,23,EAS,0.1,0.778200178238919,221
Gout,22,23,AFR,0.1,0.669142249623322,221
Gout,22,23,CSA,0.1,0.836771463316202,221
Gout,22,23,AMR,0.1,0.774006262399886,221
Gout,22,25,MELD_lambda0_afproj,0.001,0.897298846665018,132
Gout,22,25,MELD_lambda0_reportN,0.001,0.897213546690491,132
Gout,22,25,MELD_lambda0_equal,0.001,0.882004455945926,132
Gout,22,25,MELD_lambda1_afproj,0.001,0.901560061629896,132
Gout,22,25,EUR,0.001,0.885415026035246,132
Gout,22,25,EAS,0.001,0.773590251077641,132
Gout,22,25,AFR,0.001,0.489310229817908,132
Gout,22,25,CSA,0.001,0.868324538016324,132
Gout,22,25,AMR,0.001,0.778915894217115,132
Gout,22,25,MELD_lambda0_afproj,0.01,0.908287329700609,132
Gout,22,25,MELD_lambda0_reportN,0.01,0.908182066275987,132
Gout,22,25,MELD_lambda0_equal,0.01,0.88218330919701,132
Gout,22,25,MELD_lambda1_afproj,0.01,0.911896454859766,132
Gout,22,25,EUR,0.01,0.910756022820393,132
Gout,22,25,EAS,0.01,0.816564163238397,132
Gout,22,25,AFR,0.01,0.528653619006539,132
Gout,22,25,CSA,0.01,0.890360376063038,132
Gout,22,25,AMR,0.01,0.815933496590455,132
Gout,22,25,MELD_lambda0_afproj,0.1,0.911812585859767,132
Gout,22,25,MELD_lambda0_reportN,0.1,0.911991925537811,132
Gout,22,25,MELD_lambda0_equal,0.1,0.874143870528631,132
Gout,22,25,MELD_lambda1_afproj,0.1,0.909449363050236,132
Gout,22,25,EUR,0.1,0.912158522725659,132
Gout,22,25,EAS,0.1,0.794519138517996,132
Gout,22,25,AFR,0.1,0.572629620050034,132
Gout,22,25,CSA,0.1,0.869277435493932,132
Gout,22,25,AMR,0.1,0.835093700048057,132
Gout,22,26,MELD_lambda0_afproj,0.001,0.9334056654314,199
Gout,22,26,MELD_lambda0_reportN,0.001,0.932006443797507,199
Gout,22,26,MELD_lambda0_equal,0.001,0.907054476963385,199
Gout,22,26,MELD_lambda1_afproj,0.001,0.936044556076032,199
Gout,22,26,EUR,0.001,0.906609848154151,199
Gout,22,26,EAS,0.001,0.773137869796927,199
Gout,22,26,AFR,0.001,0.468167184119321,199
Gout,22,26,CSA,0.001,0.890226886861195,199
Gout,22,26,AMR,0.001,0.740438747542446,199
Gout,22,26,MELD_lambda0_afproj,0.01,0.932639266353478,199
Gout,22,26,MELD_lambda0_reportN,0.01,0.931517326507919,199
Gout,22,26,MELD_lambda0_equal,0.01,0.90569959658267,199
Gout,22,26,MELD_lambda1_afproj,0.01,0.93404517118664,199
Gout,22,26,EUR,0.01,0.91189402345044,199
Gout,22,26,EAS,0.01,0.774209789001239,199
Gout,22,26,AFR,0.01,0.66198863016156,199
Gout,22,26,CSA,0.01,0.875988834922834,199
Gout,22,26,AMR,0.01,0.808123942601127,199
Gout,22,26,MELD_lambda0_afproj,0.1,0.92258691868183,199
Gout,22,26,MELD_lambda0_reportN,0.1,0.921792008666037,199
Gout,22,26,MELD_lambda0_equal,0.1,0.895636299477037,199
Gout,22,26,MELD_lambda1_afproj,0.1,0.92285620406999,199
Gout,22,26,EUR,0.1,0.917362726354028,199
Gout,22,26,EAS,0.1,0.747710717061932,199
Gout,22,26,AFR,0.1,0.716207525533153,199
Gout,22,26,CSA,0.1,0.860443562709241,199
Gout,22,26,AMR,0.1,0.825277505420818,199
Gout,22,27,MELD_lambda0_afproj,0.001,0.730278853970093,390
Gout,22,27,MELD_lambda0_reportN,0.001,0.733831998924105,390
Gout,22,27,MELD_lambda0_equal,0.001,0.715174766932609,390
Gout,22,27,MELD_lambda1_afproj,0.001,0.738736001528205,390
Gout,22,27,EUR,0.001,0.731313996037027,390
Gout,22,27,EAS,0.001,0.317603360039879,390
Gout,22,27,AFR,0.001,0.326077600824859,390
Gout,22,27,CSA,0.001,0.662578153914375,390
Gout,22,27,AMR,0.001,0.583509223229227,390
Gout,22,27,MELD_lambda0_afproj,0.01,0.812641239681874,390
Gout,22,27,MELD_lambda0_reportN,0.01,0.81242029599138,390
Gout,22,27,MELD_lambda0_equal,0.01,0.783865891512177,390
Gout,22,27,MELD_lambda1_afproj,0.01,0.806771353992648,390
Gout,22,27,EUR,0.01,0.76761392654915,390
Gout,22,27,EAS,0.01,0.648703093103818,390
Gout,22,27,AFR,0.01,0.424387855321336,390
Gout,22,27,CSA,0.01,0.717476223767823,390
Gout,22,27,AMR,0.01,0.660889357783405,390
Gout,22,27,MELD_lambda0_afproj,0.1,0.837862544382943,390
Gout,22,27,MELD_lambda0_reportN,0.1,0.836889724676075,390
Gout,22,27,MELD_lambda0_equal,0.1,0.807301022552765,390
Gout,22,27,MELD_lambda1_afproj,0.1,0.831142401184132,390
Gout,22,27,EUR,0.1,0.788691084285927,390
Gout,22,27,EAS,0.1,0.722553232289264,390
Gout,22,27,AFR,0.1,0.502464566051649,390
Gout,22,27,CSA,0.1,0.742512433411047,390
Gout,22,27,AMR,0.1,0.679451238346062,390
Gout,22,28,MELD_lambda0_afproj,0.001,0.856182159167236,243
Gout,22,28,MELD_lambda0_reportN,0.001,0.855417051354961,243
Gout,22,28,MELD_lambda0_equal,0.001,0.82593015872218,243
Gout,22,28,MELD_lambda1_afproj,0.001,0.832320733547661,243
Gout,22,28,EUR,0.001,0.73646864399426,243
Gout,22,28,EAS,0.001,0.542676067342947,243
Gout,22,28,AFR,0.001,0.333885460491164,243
Gout,22,28,CSA,0.001,0.553619990862553,243
Gout,22,28,AMR,0.001,0.565678579924887,243
Gout,22,28,MELD_lambda0_afproj,0.01,0.870242490030683,243
Gout,22,28,MELD_lambda0_reportN,0.01,0.868807199039911,243
Gout,22,28,MELD_lambda0_equal,0.01,0.831095981484844,243
Gout,22,28,MELD_lambda1_afproj,0.01,0.858382621631817,243
Gout,22,28,EUR,0.01,0.787082907472548,243
Gout,22,28,EAS,0.01,0.719677914061789,243
Gout,22,28,AFR,0.01,0.389467372269013,243
Gout,22,28,CSA,0.01,0.600942270462982,243
Gout,22,28,AMR,0.01,0.66856706478211,243
Gout,22,28,MELD_lambda0_afproj,0.1,0.873009610874446,243
Gout,22,28,MELD_lambda0_reportN,0.1,0.871782678012937,243
Gout,22,28,MELD_lambda0_equal,0.1,0.840765735058363,243
Gout,22,28,MELD_lambda1_afproj,0.1,0.869731486868883,243
Gout,22,28,EUR,0.1,0.791891031384729,243
Gout,22,28,EAS,0.1,0.781106607384982,243
Gout,22,28,AFR,0.1,0.468826439347378,243
Gout,22,28,CSA,0.1,0.684404869003652,243
Gout,22,28,AMR,0.1,0.749264560040007,243
Gout,22,29,MELD_lambda0_afproj,0.001,0.961040329465889,300
Gout,22,29,MELD_lambda0_reportN,0.001,0.961002587622318,300
Gout,22,29,MELD_lambda0_equal,0.001,0.937687432281474,300
Gout,22,29,MELD_lambda1_afproj,0.001,0.959226612373415,300
Gout,22,29,EUR,0.001,0.902413145848381,300
Gout,22,29,EAS,0.001,0.779241323557406,300
Gout,22,29,AFR,0.001,0.654591947746732,300
Gout,22,29,CSA,0.001,0.771809985496066,300
Gout,22,29,AMR,0.001,0.856802130480805,300
Gout,22,29,MELD_lambda0_afproj,0.01,0.961566911024144,300
Gout,22,29,MELD_lambda0_reportN,0.01,0.961832603706386,300
Gout,22,29,MELD_lambda0_equal,0.01,0.942837091426628,300
Gout,22,29,MELD_lambda1_afproj,0.01,0.960967552417231,300
Gout,22,29,EUR,0.01,0.926678599874038,300
Gout,22,29,EAS,0.01,0.840261818690834,300
Gout,22,29,AFR,0.01,0.747191621494522,300
Gout,22,29,CSA,0.01,0.867896757620206,300
Gout,22,29,AMR,0.01,0.90638107260334,300
Gout,22,29,MELD_lambda0_afproj,0.1,0.957678803190873,300
Gout,22,29,MELD_lambda0_reportN,0.1,0.957175205002585,300
Gout,22,29,MELD_lambda0_equal,0.1,0.944389090904304,300
Gout,22,29,MELD_lambda1_afproj,0.1,0.957240907291991,300
Gout,22,29,EUR,0.1,0.929715595524736,300
Gout,22,29,EAS,0.1,0.867744399810602,300
Gout,22,29,AFR,0.1,0.740845424957032,300
Gout,22,29,CSA,0.1,0.906007840273389,300
Gout,22,29,AMR,0.1,0.910502935721036,300
Gout,22,31,MELD_lambda0_afproj,0.001,0.960388302216024,363
Gout,22,31,MELD_lambda0_reportN,0.001,0.960268115457016,363
Gout,22,31,MELD_lambda0_equal,0.001,0.946174815088919,363
Gout,22,31,MELD_lambda1_afproj,0.001,0.96481736460974,363
Gout,22,31,EUR,0.001,0.893854561628395,363
Gout,22,31,EAS,0.001,0.642875827140455,363
Gout,22,31,AFR,0.001,0.763657878955462,363
Gout,22,31,CSA,0.001,0.745764351815228,363
Gout,22,31,AMR,0.001,0.889809190374168,363
Gout,22,31,MELD_lambda0_afproj,0.01,0.963241082973379,363
Gout,22,31,MELD_lambda0_reportN,0.01,0.963012694777618,363
Gout,22,31,MELD_lambda0_equal,0.01,0.955040012486636,363
Gout,22,31,MELD_lambda1_afproj,0.01,0.963922923216375,363
Gout,22,31,EUR,0.01,0.953545370325553,363
Gout,22,31,EAS,0.01,0.882900367200419,363
Gout,22,31,AFR,0.01,0.817986456776097,363
Gout,22,31,CSA,0.01,0.896832164401794,363
Gout,22,31,AMR,0.01,0.932393461970713,363
Gout,22,31,MELD_lambda0_afproj,0.1,0.959902920966501,363
Gout,22,31,MELD_lambda0_reportN,0.1,0.959682718927965,363
Gout,22,31,MELD_lambda0_equal,0.1,0.951886164577421,363
Gout,22,31,MELD_lambda1_afproj,0.1,0.959865656450945,363
Gout,22,31,EUR,0.1,0.953638136366425,363
Gout,22,31,EAS,0.1,0.889364779971057,363
Gout,22,31,AFR,0.1,0.82940585537652,363
Gout,22,31,CSA,0.1,0.916938031347557,363
Gout,22,31,AMR,0.1,0.942313648847673,363
Gout,22,32,MELD_lambda0_afproj,0.001,0.879165830704591,116
Gout,22,32,MELD_lambda0_reportN,0.001,0.882222829800339,116
Gout,22,32,MELD_lambda0_equal,0.001,0.921744818521928,116
Gout,22,32,MELD_lambda1_afproj,0.001,0.873348917992968,116
Gout,22,32,EUR,0.001,0.789577705306263,116
Gout,22,32,EAS,0.001,0.699632685848328,116
Gout,22,32,AFR,0.001,0.742168497142124,116
Gout,22,32,CSA,0.001,0.755982059656645,116
Gout,22,32,AMR,0.001,0.894505491514065,116
Gout,22,32,MELD_lambda0_afproj,0.01,0.899183511987993,116
Gout,22,32,MELD_lambda0_reportN,0.01,0.902312261531112,116
Gout,22,32,MELD_lambda0_equal,0.01,0.926369946202184,116
Gout,22,32,MELD_lambda1_afproj,0.01,0.900855150103666,116
Gout,22,32,EUR,0.01,0.834641318896071,116
Gout,22,32,EAS,0.01,0.787234765682626,116
Gout,22,32,AFR,0.01,0.825907277650738,116
Gout,22,32,CSA,0.01,0.817230023641697,116
Gout,22,32,AMR,0.01,0.930077452460574,116
Gout,22,32,MELD_lambda0_afproj,0.1,0.899307502299948,116
Gout,22,32,MELD_lambda0_reportN,0.1,0.90235085649561,116
Gout,22,32,MELD_lambda0_equal,0.1,0.920008866782847,116
Gout,22,32,MELD_lambda1_afproj,0.1,0.904102033923414,116
Gout,22,32,EUR,0.1,0.844086428015117,116
Gout,22,32,EAS,0.1,0.824862952573356,116
Gout,22,32,AFR,0.1,0.835055440241647,116
Gout,22,32,CSA,0.1,0.840865502191417,116
Gout,22,32,AMR,0.1,0.900691733676726,116
Gout,22,34,MELD_lambda0_afproj,0.001,0.958832050926659,328
Gout,22,34,MELD_lambda0_reportN,0.001,0.956439863378955,328
Gout,22,34,MELD_lambda0_equal,0.001,0.941035817147177,328
Gout,22,34,MELD_lambda1_afproj,0.001,0.953013877199951,328
Gout,22,34,EUR,0.001,0.933175948164133,328
Gout,22,34,EAS,0.001,0.853768729730397,328
Gout,22,34,AFR,0.001,0.645359032670613,328
Gout,22,34,CSA,0.001,0.910036463354481,328
Gout,22,34,AMR,0.001,0.865257971881036,328
Gout,22,34,MELD_lambda0_afproj,0.01,0.96493275897087,328
Gout,22,34,MELD_lambda0_reportN,0.01,0.963666279417576,328
Gout,22,34,MELD_lambda0_equal,0.01,0.956763359265896,328
Gout,22,34,MELD_lambda1_afproj,0.01,0.96286056029062,328
Gout,22,34,EUR,0.01,0.944176636926811,328
Gout,22,34,EAS,0.01,0.926672362464426,328
Gout,22,34,AFR,0.01,0.780250219605246,328
Gout,22,34,CSA,0.01,0.945690340591391,328
Gout,22,34,AMR,0.01,0.919885841543208,328
Gout,22,34,MELD_lambda0_afproj,0.1,0.960889864001415,328
Gout,22,34,MELD_lambda0_reportN,0.1,0.960499234616619,328
Gout,22,34,MELD_lambda0_equal,0.1,0.956382125597807,328
Gout,22,34,MELD_lambda1_afproj,0.1,0.958614421084266,328
Gout,22,34,EUR,0.1,0.93292549963393,328
Gout,22,34,EAS,0.1,0.92737852159224,328
Gout,22,34,AFR,0.1,0.822573794968124,328
Gout,22,34,CSA,0.1,0.941503891860612,328
Gout,22,34,AMR,0.1,0.921927632872109,328
Gout,22,37,MELD_lambda0_afproj,0.001,0.916762532632487,718
Gout,22,37,MELD_lambda0_reportN,0.001,0.914005557559707,718
Gout,22,37,MELD_lambda0_equal,0.001,0.895241001628039,718
Gout,22,37,MELD_lambda1_afproj,0.001,0.910631690028176,718
Gout,22,37,EUR,0.001,0.876899642957027,718
Gout,22,37,EAS,0.001,0.621472213677106,718
Gout,22,37,AFR,0.001,0.261381540727139,718
Gout,22,37,CSA,0.001,0.676258352971192,718
Gout,22,37,AMR,0.001,0.724586870806255,718
Gout,22,37,MELD_lambda0_afproj,0.01,0.915055952007488,718
Gout,22,37,MELD_lambda0_reportN,0.01,0.914390071974168,718
Gout,22,37,MELD_lambda0_equal,0.01,0.901217132962267,718
Gout,22,37,MELD_lambda1_afproj,0.01,0.909852864725989,718
Gout,22,37,EUR,0.01,0.901768470886592,718
Gout,22,37,EAS,0.01,0.723195562132712,718
Gout,22,37,AFR,0.01,0.422731994836505,718
Gout,22,37,CSA,0.01,0.756354326837331,718
Gout,22,37,AMR,0.01,0.807543514286943,718
Gout,22,37,MELD_lambda0_afproj,0.1,0.907158366618946,718
Gout,22,37,MELD_lambda0_reportN,0.1,0.907312491859209,718
Gout,22,37,MELD_lambda0_equal,0.1,0.906256044749285,718
Gout,22,37,MELD_lambda1_afproj,0.1,0.904503020352411,718
Gout,22,37,EUR,0.1,0.886201973743847,718
Gout,22,37,EAS,0.1,0.771698355605599,718
Gout,22,37,AFR,0.1,0.575544454874574,718
Gout,22,37,CSA,0.1,0.807848046112207,718
Gout,22,37,AMR,0.1,0.845218492676126,718
Gout,22,38,MELD_lambda0_afproj,0.001,0.97023949644451,55
Gout,22,38,MELD_lambda0_reportN,0.001,0.970303407369973,55
Gout,22,38,MELD_lambda0_equal,0.001,0.985411616351332,55
Gout,22,38,MELD_lambda1_afproj,0.001,0.967334837509572,55
Gout,22,38,EUR,0.001,0.963829506296632,55
Gout,22,38,EAS,0.001,0.844647243939254,55
Gout,22,38,AFR,0.001,0.924852119976619,55
Gout,22,38,CSA,0.001,0.988061142606555,55
Gout,22,38,AMR,0.001,0.941262656505658,55
Gout,22,38,MELD_lambda0_afproj,0.01,0.97171189878958,55
Gout,22,38,MELD_lambda0_reportN,0.01,0.971595987489593,55
Gout,22,38,MELD_lambda0_equal,0.01,0.98546583812348,55
Gout,22,38,MELD_lambda1_afproj,0.01,0.969782401344187,55
Gout,22,38,EUR,0.01,0.965525746607049,55
Gout,22,38,EAS,0.01,0.87831484695221,55
Gout,22,38,AFR,0.01,0.926426450687363,55
Gout,22,38,CSA,0.01,0.988028990128597,55
Gout,22,38,AMR,0.01,0.945557543797305,55
Gout,22,38,MELD_lambda0_afproj,0.1,0.972370701772424,55
Gout,22,38,MELD_lambda0_reportN,0.1,0.971940402213044,55
Gout,22,38,MELD_lambda0_equal,0.1,0.983543891608773,55
Gout,22,38,MELD_lambda1_afproj,0.1,0.972018089816941,55
Gout,22,38,EUR,0.1,0.969218855004826,55
Gout,22,38,EAS,0.1,0.942838757304778,55
Gout,22,38,AFR,0.1,0.930748161898525,55
Gout,22,38,CSA,0.1,0.981685473376082,55
Gout,22,38,AMR,0.1,0.953247441498601,55
Gout,22,39,MELD_lambda0_afproj,0.001,0.944815782431252,166
Gout,22,39,MELD_lambda0_reportN,0.001,0.944292837679199,166
Gout,22,39,MELD_lambda0_equal,0.001,0.935615674452565,166
Gout,22,39,MELD_lambda1_afproj,0.001,0.948361205758375,166
Gout,22,39,EUR,0.001,0.909066944820583,166
Gout,22,39,EAS,0.001,0.799814183548861,166
Gout,22,39,AFR,0.001,0.711167526088303,166
Gout,22,39,CSA,0.001,0.836668014682452,166
Gout,22,39,AMR,0.001,0.766820852924521,166
Gout,22,39,MELD_lambda0_afproj,0.01,0.939744597779188,166
Gout,22,39,MELD_lambda0_reportN,0.01,0.93995295970747,166
Gout,22,39,MELD_lambda0_equal,0.01,0.940161525684509,166
Gout,22,39,MELD_lambda1_afproj,0.01,0.941894999781418,166
Gout,22,39,EUR,0.01,0.921668117784411,166
Gout,22,39,EAS,0.01,0.852493230875169,166
Gout,22,39,AFR,0.01,0.784472524760906,166
Gout,22,39,CSA,0.01,0.904771770688844,166
Gout,22,39,AMR,0.01,0.872446012648408,166
Gout,22,39,MELD_lambda0_afproj,0.1,0.919496404335856,166
Gout,22,39,MELD_lambda0_reportN,0.1,0.918468908451356,166
Gout,22,39,MELD_lambda0_equal,0.1,0.924368392550167,166
Gout,22,39,MELD_lambda1_afproj,0.1,0.918689103121828,166
Gout,22,39,EUR,0.1,0.91286440955241,166
Gout,22,39,EAS,0.1,0.819443351984037,166
Gout,22,39,AFR,0.1,0.765435268923351,166
Gout,22,39,CSA,0.1,0.910443435670465,166
Gout,22,39,AMR,0.1,0.876567730954305,166
Gout,22,40,MELD_lambda0_afproj,0.001,0.783013745859221,37
Gout,22,40,MELD_lambda0_reportN,0.001,0.781349483712719,37
Gout,22,40,MELD_lambda0_equal,0.001,0.843649741943013,37
Gout,22,40,MELD_lambda1_afproj,0.001,0.783641483766692,37
Gout,22,40,EUR,0.001,0.770909335258336,37
Gout,22,40,EAS,0.001,0.832346735367747,37
Gout,22,40,AFR,0.001,0.946142768899645,37
Gout,22,40,CSA,0.001,0.765901824703088,37
Gout,22,40,AMR,0.001,0.760109106246787,37
Gout,22,40,MELD_lambda0_afproj,0.01,0.828525948403083,37
Gout,22,40,MELD_lambda0_reportN,0.01,0.830017243848491,37
Gout,22,40,MELD_lambda0_equal,0.01,0.863762135577634,37
Gout,22,40,MELD_lambda1_afproj,0.01,0.834441943023127,37
Gout,22,40,EUR,0.01,0.830447691933867,37
Gout,22,40,EAS,0.01,0.728224562454257,37
Gout,22,40,AFR,0.01,0.94577122178527,37
Gout,22,40,CSA,0.01,0.844775004839621,37
Gout,22,40,AMR,0.01,0.842497654948992,37
Gout,22,40,MELD_lambda0_afproj,0.1,0.868767069018129,37
Gout,22,40,MELD_lambda0_reportN,0.1,0.870854050485882,37
Gout,22,40,MELD_lambda0_equal,0.1,0.905650478720954,37
Gout,22,40,MELD_lambda1_afproj,0.1,0.873239117726079,37
Gout,22,40,EUR,0.1,0.871339841824645,37
Gout,22,40,EAS,0.1,0.669071415999313,37
Gout,22,40,AFR,0.1,0.950683565682989,37
Gout,22,40,CSA,0.1,0.877592054160365,37
Gout,22,40,AMR,0.1,0.894179218473163,37
Gout,22,41,MELD_lambda0_afproj,0.001,0.948133702277605,256
Gout,22,41,MELD_lambda0_reportN,0.001,0.948325312760546,256
Gout,22,41,MELD_lambda0_equal,0.001,0.944971055690942,256
Gout,22,41,MELD_lambda1_afproj,0.001,0.945789520662566,256
Gout,22,41,EUR,0.001,0.920705117768779,256
Gout,22,41,EAS,0.001,0.860379351213417,256
Gout,22,41,AFR,0.001,0.737509372745607,256
Gout,22,41,CSA,0.001,0.884282019231288,256
Gout,22,41,AMR,0.001,0.905958943124698,256
Gout,22,41,MELD_lambda0_afproj,0.01,0.949374657122635,256
Gout,22,41,MELD_lambda0_reportN,0.01,0.949550585741271,256
Gout,22,41,MELD_lambda0_equal,0.01,0.948465894416774,256
Gout,22,41,MELD_lambda1_afproj,0.01,0.94771884030062,256
Gout,22,41,EUR,0.01,0.929001217830324,256
Gout,22,41,EAS,0.01,0.898725704186401,256
Gout,22,41,AFR,0.01,0.813305180539192,256
Gout,22,41,CSA,0.01,0.929619839839637,256
Gout,22,41,AMR,0.01,0.949164903926974,256
Gout,22,41,MELD_lambda0_afproj,0.1,0.951602474369032,256
Gout,22,41,MELD_lambda0_reportN,0.1,0.951933693734287,256
Gout,22,41,MELD_lambda0_equal,0.1,0.947360208753891,256
Gout,22,41,MELD_lambda1_afproj,0.1,0.951666457516824,256
Gout,22,41,EUR,0.1,0.938121495701015,256
Gout,22,41,EAS,0.1,0.875181192157307,256
Gout,22,41,AFR,0.1,0.830639121348193,256
Gout,22,41,CSA,0.1,0.926445125937694,256
Gout,22,41,AMR,0.1,0.941615161695105,256
Gout,22,42,MELD_lambda0_afproj,0.001,0.90873541845416,249
Gout,22,42,MELD_lambda0_reportN,0.001,0.908871333258768,249
Gout,22,42,MELD_lambda0_equal,0.001,0.916393256948725,249
Gout,22,42,MELD_lambda1_afproj,0.001,0.907234284724693,249
Gout,22,42,EUR,0.001,0.821098604515193,249
Gout,22,42,EAS,0.001,0.705220568485676,249
Gout,22,42,AFR,0.001,0.762814234241765,249
Gout,22,42,CSA,0.001,0.747307132980096,249
Gout,22,42,AMR,0.001,0.785688743929722,249
Gout,22,42,MELD_lambda0_afproj,0.01,0.926928979499537,249
Gout,22,42,MELD_lambda0_reportN,0.01,0.928477252643009,249
Gout,22,42,MELD_lambda0_equal,0.01,0.928048611994429,249
Gout,22,42,MELD_lambda1_afproj,0.01,0.924768555078113,249
Gout,22,42,EUR,0.01,0.882440088175995,249
Gout,22,42,EAS,0.01,0.831873038241957,249
Gout,22,42,AFR,0.01,0.790333477095184,249
Gout,22,42,CSA,0.01,0.877473643462876,249
Gout,22,42,AMR,0.01,0.870106697027523,249
Gout,22,42,MELD_lambda0_afproj,0.1,0.934291108014236,249
Gout,22,42,MELD_lambda0_reportN,0.1,0.935238770138746,249
Gout,22,42,MELD_lambda0_equal,0.1,0.929155898693851,249
Gout,22,42,MELD_lambda1_afproj,0.1,0.929677189114177,249
Gout,22,42,EUR,0.1,0.913479212412933,249
Gout,22,42,EAS,0.1,0.869490286228402,249
Gout,22,42,AFR,0.1,0.798270596948992,249
Gout,22,42,CSA,0.1,0.88727311770521,249
Gout,22,42,AMR,0.1,0.893038490803795,249
Gout,22,43,MELD_lambda0_afproj,0.001,0.714379882411788,52
Gout,22,43,MELD_lambda0_reportN,0.001,0.717399923392058,52
Gout,22,43,MELD_lambda0_equal,0.001,0.716319348459276,52
Gout,22,43,MELD_lambda1_afproj,0.001,0.708917400518449,52
Gout,22,43,EUR,0.001,0.686331604668223,52
Gout,22,43,EAS,0.001,0.653503333893209,52
Gout,22,43,AFR,0.001,0.689382279541884,52
Gout,22,43,CSA,0.001,0.646667010216777,52
Gout,22,43,AMR,0.001,0.653177767165519,52
Gout,22,43,MELD_lambda0_afproj,0.01,0.707152360332024,52
Gout,22,43,MELD_lambda0_reportN,0.01,0.710797719595674,52
Gout,22,43,MELD_lambda0_equal,0.01,0.714499806908854,52
Gout,22,43,MELD_lambda1_afproj,0.01,0.700034915057094,52
Gout,22,43,EUR,0.01,0.671082718983379,52
Gout,22,43,EAS,0.01,0.712582213017452,52
Gout,22,43,AFR,0.01,0.682156788793775,52
Gout,22,43,CSA,0.01,0.621001910032955,52
Gout,22,43,AMR,0.01,0.638564694742698,52
Gout,22,43,MELD_lambda0_afproj,0.1,0.673410484286753,52
Gout,22,43,MELD_lambda0_reportN,0.1,0.678599283763204,52
Gout,22,43,MELD_lambda0_equal,0.1,0.688861230780226,52
Gout,22,43,MELD_lambda1_afproj,0.1,0.671688383801683,52
Gout,22,43,EUR,0.1,0.653573662458301,52
Gout,22,43,EAS,0.1,0.666389906216989,52
Gout,22,43,AFR,0.1,0.679043546885352,52
Gout,22,43,CSA,0.1,0.592735955118069,52
Gout,22,43,AMR,0.1,0.684420068691968,52
Gout,22,44,MELD_lambda0_afproj,0.001,0.856999152119936,181
Gout,22,44,MELD_lambda0_reportN,0.001,0.859672763398626,181
Gout,22,44,MELD_lambda0_equal,0.001,0.880944777665871,181
Gout,22,44,MELD_lambda1_afproj,0.001,0.869159355766485,181
Gout,22,44,EUR,0.001,0.771154439974964,181
Gout,22,44,EAS,0.001,0.847755647324654,181
Gout,22,44,AFR,0.001,0.811419660966202,181
Gout,22,44,CSA,0.001,0.807367241708586,181
Gout,22,44,AMR,0.001,0.782381394191037,181
Gout,22,44,MELD_lambda0_afproj,0.01,0.882906291189133,181
Gout,22,44,MELD_lambda0_reportN,0.01,0.882244247110639,181
Gout,22,44,MELD_lambda0_equal,0.01,0.88918499805352,181
Gout,22,44,MELD_lambda1_afproj,0.01,0.891540900092652,181
Gout,22,44,EUR,0.01,0.850310725865329,181
Gout,22,44,EAS,0.01,0.8751211660193,181
Gout,22,44,AFR,0.01,0.820311663108466,181
Gout,22,44,CSA,0.01,0.838925152463747,181
Gout,22,44,AMR,0.01,0.824556124456994,181
Gout,22,44,MELD_lambda0_afproj,0.1,0.890015671124576,181
Gout,22,44,MELD_lambda0_reportN,0.1,0.889391294869963,181
Gout,22,44,MELD_lambda0_equal,0.1,0.883877322513104,181
Gout,22,44,MELD_lambda1_afproj,0.1,0.887236590193473,181
Gout,22,44,EUR,0.1,0.87246941592099,181
Gout,22,44,EAS,0.1,0.861321494519729,181
Gout,22,44,AFR,0.1,0.81077256049859,181
Gout,22,44,CSA,0.1,0.846041757434818,181
Gout,22,44,AMR,0.1,0.848897017415069,181
Gout,22,45,MELD_lambda0_afproj,0.001,0.695517376677363,157
Gout,22,45,MELD_lambda0_reportN,0.001,0.689001605561655,157
Gout,22,45,MELD_lambda0_equal,0.001,0.717682747374783,157
Gout,22,45,MELD_lambda1_afproj,0.001,0.694094280770016,157
Gout,22,45,EUR,0.001,0.627134908228909,157
Gout,22,45,EAS,0.001,0.617694067211915,157
Gout,22,45,AFR,0.001,0.350161910656181,157
Gout,22,45,CSA,0.001,0.579859526305131,157
Gout,22,45,AMR,0.001,0.573308671445968,157
Gout,22,45,MELD_lambda0_afproj,0.01,0.725347791381221,157
Gout,22,45,MELD_lambda0_reportN,0.01,0.724042638096195,157
Gout,22,45,MELD_lambda0_equal,0.01,0.742630237347296,157
Gout,22,45,MELD_lambda1_afproj,0.01,0.730130022648261,157
Gout,22,45,EUR,0.01,0.663278647528015,157
Gout,22,45,EAS,0.01,0.735069107474277,157
Gout,22,45,AFR,0.01,0.361265525336728,157
Gout,22,45,CSA,0.01,0.640982367512347,157
Gout,22,45,AMR,0.01,0.665070638653679,157
Gout,22,45,MELD_lambda0_afproj,0.1,0.77633817125877,157
Gout,22,45,MELD_lambda0_reportN,0.1,0.776084133603046,157
Gout,22,45,MELD_lambda0_equal,0.1,0.768968625321474,157
Gout,22,45,MELD_lambda1_afproj,0.1,0.784817093442763,157
Gout,22,45,EUR,0.1,0.737454358626631,157
Gout,22,45,EAS,0.1,0.820752953458986,157
Gout,22,45,AFR,0.1,0.380816919588402,157
Gout,22,45,CSA,0.1,0.724041979071187,157
Gout,22,45,AMR,0.1,0.714645240186876,157
Gout,22,46,MELD_lambda0_afproj,0.001,0.913962734058982,175
Gout,22,46,MELD_lambda0_reportN,0.001,0.910899571031655,175
Gout,22,46,MELD_lambda0_equal,0.001,0.900360575424892,175
Gout,22,46,MELD_lambda1_afproj,0.001,0.907728798368816,175
Gout,22,46,EUR,0.001,0.868181484131879,175
Gout,22,46,EAS,0.001,0.842641090351771,175
Gout,22,46,AFR,0.001,0.741372928917311,175
Gout,22,46,CSA,0.001,0.832688030828007,175
Gout,22,46,AMR,0.001,0.859778248784455,175
Gout,22,46,MELD_lambda0_afproj,0.01,0.908115313587307,175
Gout,22,46,MELD_lambda0_reportN,0.01,0.907756778827673,175
Gout,22,46,MELD_lambda0_equal,0.01,0.903019365283401,175
Gout,22,46,MELD_lambda1_afproj,0.01,0.902802619410223,175
Gout,22,46,EUR,0.01,0.891663763180233,175
Gout,22,46,EAS,0.01,0.867316659596203,175
Gout,22,46,AFR,0.01,0.763263887250649,175
Gout,22,46,CSA,0.01,0.878850725804172,175
Gout,22,46,AMR,0.01,0.898881841603172,175
Gout,22,46,MELD_lambda0_afproj,0.1,0.895176432549251,175
Gout,22,46,MELD_lambda0_reportN,0.1,0.894598440586175,175
Gout,22,46,MELD_lambda0_equal,0.1,0.895153929504536,175
Gout,22,46,MELD_lambda1_afproj,0.1,0.8913953355533,175
Gout,22,46,EUR,0.1,0.889034112995513,175
Gout,22,46,EAS,0.1,0.858698848828417,175
Gout,22,46,AFR,0.1,0.771513695283116,175
Gout,22,46,CSA,0.1,0.898993998197139,175
Gout,22,46,AMR,0.1,0.86930924357793,175
Gout,22,47,MELD_lambda0_afproj,0.001,0.840157157989468,174
Gout,22,47,MELD_lambda0_reportN,0.001,0.844413540891337,174
Gout,22,47,MELD_lambda0_equal,0.001,0.866400792451574,174
Gout,22,47,MELD_lambda1_afproj,0.001,0.834653456234347,174
Gout,22,47,EUR,0.001,0.748493336882461,174
Gout,22,47,EAS,0.001,0.874864009348993,174
Gout,22,47,AFR,0.001,0.747872202267155,174
Gout,22,47,CSA,0.001,0.844057683193753,174
Gout,22,47,AMR,0.001,0.899399880182686,174
Gout,22,47,MELD_lambda0_afproj,0.01,0.871101532390363,174
Gout,22,47,MELD_lambda0_reportN,0.01,0.872646313310151,174
Gout,22,47,MELD_lambda0_equal,0.01,0.87641386013715,174
Gout,22,47,MELD_lambda1_afproj,0.01,0.863286257937105,174
Gout,22,47,EUR,0.01,0.836406850285275,174
Gout,22,47,EAS,0.01,0.864389722560266,174
Gout,22,47,AFR,0.01,0.801708921441071,174
Gout,22,47,CSA,0.01,0.85338586933514,174
Gout,22,47,AMR,0.01,0.909650259596873,174
Gout,22,47,MELD_lambda0_afproj,0.1,0.889662776170203,174
Gout,22,47,MELD_lambda0_reportN,0.1,0.890183084479013,174
Gout,22,47,MELD_lambda0_equal,0.1,0.891449230101774,174
Gout,22,47,MELD_lambda1_afproj,0.1,0.881444845294669,174
Gout,22,47,EUR,0.1,0.870911927681154,174
Gout,22,47,EAS,0.1,0.832350285657429,174
Gout,22,47,AFR,0.1,0.827873706604238,174
Gout,22,47,CSA,0.1,0.873595619581148,174
Gout,22,47,AMR,0.1,0.891831843786489,174
Gout,22,48,MELD_lambda0_afproj,0.001,0.971405523868001,135
Gout,22,48,MELD_lambda0_reportN,0.001,0.971306720109393,135
Gout,22,48,MELD_lambda0_equal,0.001,0.944461980721773,135
Gout,22,48,MELD_lambda1_afproj,0.001,0.967477217086435,135
Gout,22,48,EUR,0.001,0.880753314267766,135
Gout,22,48,EAS,0.001,0.907133351011092,135
Gout,22,48,AFR,0.001,0.749072393487528,135
Gout,22,48,CSA,0.001,0.812784540998041,135
Gout,22,48,AMR,0.001,0.962052014457451,135
Gout,22,48,MELD_lambda0_afproj,0.01,0.982615077889482,135
Gout,22,48,MELD_lambda0_reportN,0.01,0.98248232554739,135
Gout,22,48,MELD_lambda0_equal,0.01,0.956391376051486,135
Gout,22,48,MELD_lambda1_afproj,0.01,0.980034747790626,135
Gout,22,48,EUR,0.01,0.958779263403053,135
Gout,22,48,EAS,0.01,0.917593947876896,135
Gout,22,48,AFR,0.01,0.830723160586602,135
Gout,22,48,CSA,0.01,0.91509312256314,135
Gout,22,48,AMR,0.01,0.953475191345877,135
Gout,22,48,MELD_lambda0_afproj,0.1,0.977173084133408,135
Gout,22,48,MELD_lambda0_reportN,0.1,0.97795452391994,135
Gout,22,48,MELD_lambda0_equal,0.1,0.964397790392153,135
Gout,22,48,MELD_lambda1_afproj,0.1,0.976553046903242,135
Gout,22,48,EUR,0.1,0.96113998246989,135
Gout,22,48,EAS,0.1,0.91114524099488,135
Gout,22,48,AFR,0.1,0.868265333475943,135
Gout,22,48,CSA,0.1,0.92824622417805,135
Gout,22,48,AMR,0.1,0.942606298906744,135
Gout,22,49,MELD_lambda0_afproj,0.001,0.941577304125817,159
Gout,22,49,MELD_lambda0_reportN,0.001,0.939526007394713,159
Gout,22,49,MELD_lambda0_equal,0.001,0.875102214471024,159
Gout,22,49,MELD_lambda1_afproj,0.001,0.937473666741704,159
Gout,22,49,EUR,0.001,0.911276048467709,159
Gout,22,49,EAS,0.001,0.786309523298925,159
Gout,22,49,AFR,0.001,0.427717554060618,159
Gout,22,49,CSA,0.001,0.85783266375658,159
Gout,22,49,AMR,0.001,0.876337529860422,159
Gout,22,49,MELD_lambda0_afproj,0.01,0.942211109504246,159
Gout,22,49,MELD_lambda0_reportN,0.01,0.939532268789838,159
Gout,22,49,MELD_lambda0_equal,0.01,0.877348942844475,159
Gout,22,49,MELD_lambda1_afproj,0.01,0.935924150115076,159
Gout,22,49,EUR,0.01,0.927414774382581,159
Gout,22,49,EAS,0.01,0.894238670285995,159
Gout,22,49,AFR,0.01,0.501765271600654,159
Gout,22,49,CSA,0.01,0.910558825470682,159
Gout,22,49,AMR,0.01,0.915650886763973,159
Gout,22,49,MELD_lambda0_afproj,0.1,0.927758005285732,159
Gout,22,49,MELD_lambda0_reportN,0.1,0.924239999926801,159
Gout,22,49,MELD_lambda0_equal,0.1,0.859046960492369,159
Gout,22,49,MELD_lambda1_afproj,0.1,0.925835174803275,159
Gout,22,49,EUR,0.1,0.92196121617541,159
Gout,22,49,EAS,0.1,0.881373806218887,159
Gout,22,49,AFR,0.1,0.610307095345456,159
Gout,22,49,CSA,0.1,0.923156090183094,159
Gout,22,49,AMR,0.1,0.901937441316399,159
Gout,22,50,MELD_lambda0_afproj,0.001,0.736966088123045,93
Gout,22,50,MELD_lambda0_reportN,0.001,0.733910075787429,93
Gout,22,50,MELD_lambda0_equal,0.001,0.719039904814448,93
Gout,22,50,MELD_lambda1_afproj,0.001,0.737269430231189,93
Gout,22,50,EUR,0.001,0.690719383630365,93
Gout,22,50,EAS,0.001,0.688656894274137,93
Gout,22,50,AFR,0.001,0.422157516221463,93
Gout,22,50,CSA,0.001,0.583682496462288,93
Gout,22,50,AMR,0.001,0.554293855861884,93
Gout,22,50,MELD_lambda0_afproj,0.01,0.750070851955515,93
Gout,22,50,MELD_lambda0_reportN,0.01,0.746558830604306,93
Gout,22,50,MELD_lambda0_equal,0.01,0.726410586351354,93
Gout,22,50,MELD_lambda1_afproj,0.01,0.74985537418431,93
Gout,22,50,EUR,0.01,0.719242250837871,93
Gout,22,50,EAS,0.01,0.776863930398467,93
Gout,22,50,AFR,0.01,0.454081456964282,93
Gout,22,50,CSA,0.01,0.627902017134086,93
Gout,22,50,AMR,0.01,0.611813129574775,93
Gout,22,50,MELD_lambda0_afproj,0.1,0.747673317794876,93
Gout,22,50,MELD_lambda0_reportN,0.1,0.746517315726766,93
Gout,22,50,MELD_lambda0_equal,0.1,0.738957837598967,93
Gout,22,50,MELD_lambda1_afproj,0.1,0.748874728881162,93
Gout,22,50,EUR,0.1,0.72654541408803,93
Gout,22,50,EAS,0.1,0.781777208774467,93
Gout,22,50,AFR,0.1,0.493354475449096,93
Gout,22,50,CSA,0.1,0.667307610106743,93
Gout,22,50,AMR,0.1,0.644799020768109,93
Gout,22,52,MELD_lambda0_afproj,0.001,0.919465730823787,37
Gout,22,52,MELD_lambda0_reportN,0.001,0.912134410429301,37
Gout,22,52,MELD_lambda0_equal,0.001,0.960929228939903,37
Gout,22,52,MELD_lambda1_afproj,0.001,0.927916245295408,37
Gout,22,52,EUR,0.001,0.962059336992743,37
Gout,22,52,EAS,0.001,0.884239389113148,37
Gout,22,52,AFR,0.001,0.913833514324928,37
Gout,22,52,CSA,0.001,0.979586332106462,37
Gout,22,52,AMR,0.001,0.915187694113431,37
Gout,22,52,MELD_lambda0_afproj,0.01,0.975631487981624,37
Gout,22,52,MELD_lambda0_reportN,0.01,0.97608098435086,37
Gout,22,52,MELD_lambda0_equal,0.01,0.98813616901363,37
Gout,22,52,MELD_lambda1_afproj,0.01,0.979831926680732,37
Gout,22,52,EUR,0.01,0.994115311811429,37
Gout,22,52,EAS,0.01,0.954133414180862,37
Gout,22,52,AFR,0.01,0.925186423050095,37
Gout,22,52,CSA,0.01,0.987613473118286,37
Gout,22,52,AMR,0.01,0.978250172005145,37
Gout,22,52,MELD_lambda0_afproj,0.1,0.987032629165671,37
Gout,22,52,MELD_lambda0_reportN,0.1,0.987375087872529,37
Gout,22,52,MELD_lambda0_equal,0.1,0.990943278976974,37
Gout,22,52,MELD_lambda1_afproj,0.1,0.987586935535577,37
Gout,22,52,EUR,0.1,0.988288490924134,37
Gout,22,52,EAS,0.1,0.963090779379002,37
Gout,22,52,AFR,0.1,0.922775442362987,37
Gout,22,52,CSA,0.1,0.984319849264297,37
Gout,22,52,AMR,0.1,0.983078386017357,37
Gout,22,53,MELD_lambda0_afproj,0.001,0.980411814402923,347
Gout,22,53,MELD_lambda0_reportN,0.001,0.977409228109414,347
Gout,22,53,MELD_lambda0_equal,0.001,0.979236082149997,347
Gout,22,53,MELD_lambda1_afproj,0.001,0.98189543442812,347
Gout,22,53,EUR,0.001,0.965524986752909,347
Gout,22,53,EAS,0.001,0.899184911401775,347
Gout,22,53,AFR,0.001,0.657841315500636,347
Gout,22,53,CSA,0.001,0.921173073813972,347
Gout,22,53,AMR,0.001,0.897661630415387,347
Gout,22,53,MELD_lambda0_afproj,0.01,0.986365049024192,347
Gout,22,53,MELD_lambda0_reportN,0.01,0.985897915946758,347
Gout,22,53,MELD_lambda0_equal,0.01,0.982720371624176,347
Gout,22,53,MELD_lambda1_afproj,0.01,0.987116853024703,347
Gout,22,53,EUR,0.01,0.968672965997157,347
Gout,22,53,EAS,0.01,0.967389912589769,347
Gout,22,53,AFR,0.01,0.787919815252555,347
Gout,22,53,CSA,0.01,0.966105776078248,347
Gout,22,53,AMR,0.01,0.935038676297615,347
Gout,22,53,MELD_lambda0_afproj,0.1,0.984904332073959,347
Gout,22,53,MELD_lambda0_reportN,0.1,0.984941716920191,347
Gout,22,53,MELD_lambda0_equal,0.1,0.982015336029289,347
Gout,22,53,MELD_lambda1_afproj,0.1,0.984892788795973,347
Gout,22,53,EUR,0.1,0.966884127817028,347
Gout,22,53,EAS,0.1,0.976123134150136,347
Gout,22,53,AFR,0.1,0.850590873816227,347
Gout,22,53,CSA,0.1,0.968895714209524,347
Gout,22,53,AMR,0.1,0.947138990573968,347
Gout,22,54,MELD_lambda0_afproj,0.001,0.923810088456502,50
Gout,22,54,MELD_lambda0_reportN,0.001,0.924455052557713,50
Gout,22,54,MELD_lambda0_equal,0.001,0.919293166664806,50
Gout,22,54,MELD_lambda1_afproj,0.001,0.937371875069546,50
Gout,22,54,EUR,0.001,0.762124711670654,50
Gout,22,54,EAS,0.001,0.922351302134206,50
Gout,22,54,AFR,0.001,0.503236176117744,50
Gout,22,54,CSA,0.001,0.859976925453429,50
Gout,22,54,AMR,0.001,0.774231036829441,50
Gout,22,54,MELD_lambda0_afproj,0.01,0.92473173841689,50
Gout,22,54,MELD_lambda0_reportN,0.01,0.92568754927914,50
Gout,22,54,MELD_lambda0_equal,0.01,0.93158060151818,50
Gout,22,54,MELD_lambda1_afproj,0.01,0.936175122429931,50
Gout,22,54,EUR,0.01,0.768089510835733,50
Gout,22,54,EAS,0.01,0.920366208416181,50
Gout,22,54,AFR,0.01,0.516775946633679,50
Gout,22,54,CSA,0.01,0.837765740043734,50
Gout,22,54,AMR,0.01,0.812662753104114,50
Gout,22,54,MELD_lambda0_afproj,0.1,0.915893270506981,50
Gout,22,54,MELD_lambda0_reportN,0.1,0.916635242522476,50
Gout,22,54,MELD_lambda0_equal,0.1,0.924075545212112,50
Gout,22,54,MELD_lambda1_afproj,0.1,0.924542037658752,50
Gout,22,54,EUR,0.1,0.756718737336322,50
Gout,22,54,EAS,0.1,0.88370701734519,50
Gout,22,54,AFR,0.1,0.568303714218052,50
Gout,22,54,CSA,0.1,0.740353862240179,50
Gout,22,54,AMR,0.1,0.762556998527351,50
Gout,22,55,MELD_lambda0_afproj,0.001,0.798913402015661,215
Gout,22,55,MELD_lambda0_reportN,0.001,0.799324549052905,215
Gout,22,55,MELD_lambda0_equal,0.001,0.830055880356227,215
Gout,22,55,MELD_lambda1_afproj,0.001,0.81053747447699,215
Gout,22,55,EUR,0.001,0.778810227793793,215
Gout,22,55,EAS,0.001,0.577656142575267,215
Gout,22,55,AFR,0.001,0.527338992642138,215
Gout,22,55,CSA,0.001,0.717525186401119,215
Gout,22,55,AMR,0.001,0.681390864964793,215
Gout,22,55,MELD_lambda0_afproj,0.01,0.825964141527748,215
Gout,22,55,MELD_lambda0_reportN,0.01,0.827702710918418,215
Gout,22,55,MELD_lambda0_equal,0.01,0.834582594367416,215
Gout,22,55,MELD_lambda1_afproj,0.01,0.833944188876997,215
Gout,22,55,EUR,0.01,0.787771808709708,215
Gout,22,55,EAS,0.01,0.706756228454341,215
Gout,22,55,AFR,0.01,0.562539123766165,215
Gout,22,55,CSA,0.01,0.774908009754222,215
Gout,22,55,AMR,0.01,0.74381641340257,215
Gout,22,55,MELD_lambda0_afproj,0.1,0.83199952723088,215
Gout,22,55,MELD_lambda0_reportN,0.1,0.832876109372972,215
Gout,22,55,MELD_lambda0_equal,0.1,0.823034508819963,215
Gout,22,55,MELD_lambda1_afproj,0.1,0.834481726387684,215
Gout,22,55,EUR,0.1,0.804546699149602,215
Gout,22,55,EAS,0.1,0.724153958206702,215
Gout,22,55,AFR,0.1,0.567329235254422,215
Gout,22,55,CSA,0.1,0.77174631435231,215
Gout,22,55,AMR,0.1,0.757224198343457,215
Gout,22,56,MELD_lambda0_afproj,0.001,0.69743154886249,31
Gout,22,56,MELD_lambda0_reportN,0.001,0.698793965373781,31
Gout,22,56,MELD_lambda0_equal,0.001,0.877060277044814,31
Gout,22,56,MELD_lambda1_afproj,0.001,0.741816909195819,31
Gout,22,56,EUR,0.001,0.42321666059304,31
Gout,22,56,EAS,0.001,0.77974910377173,31
Gout,22,56,AFR,0.001,0.633579099579767,31
Gout,22,56,CSA,0.001,0.880636873986328,31
Gout,22,56,AMR,0.001,0.396668848346737,31
Gout,22,56,MELD_lambda0_afproj,0.01,0.69613966413781,31
Gout,22,56,MELD_lambda0_reportN,0.01,0.696813574715077,31
Gout,22,56,MELD_lambda0_equal,0.01,0.87804819161311,31
Gout,22,56,MELD_lambda1_afproj,0.01,0.736221300801135,31
Gout,22,56,EUR,0.01,0.433145053402357,31
Gout,22,56,EAS,0.01,0.790833698337736,31
Gout,22,56,AFR,0.01,0.632726170738366,31
Gout,22,56,CSA,0.01,0.882191682905359,31
Gout,22,56,AMR,0.01,0.389771767687497,31
Gout,22,56,MELD_lambda0_afproj,0.1,0.704798593762751,31
Gout,22,56,MELD_lambda0_reportN,0.1,0.703166530424275,31
Gout,22,56,MELD_lambda0_equal,0.1,0.891297898934683,31
Gout,22,56,MELD_lambda1_afproj,0.1,0.728175908593657,31
Gout,22,56,EUR,0.1,0.474829287821699,31
Gout,22,56,EAS,0.1,0.829579954151259,31
Gout,22,56,AFR,0.1,0.622708863497511,31
Gout,22,56,CSA,0.1,0.858212806191457,31
Gout,22,56,AMR,0.1,0.42395391628541,31
Gout,22,57,MELD_lambda0_afproj,0.001,0.954298947377922,239
Gout,22,57,MELD_lambda0_reportN,0.001,0.953258228110553,239
Gout,22,57,MELD_lambda0_equal,0.001,0.940445766071431,239
Gout,22,57,MELD_lambda1_afproj,0.001,0.949685681627297,239
Gout,22,57,EUR,0.001,0.920680001951105,239
Gout,22,57,EAS,0.001,0.709400766609522,239
Gout,22,57,AFR,0.001,0.664509297264397,239
Gout,22,57,CSA,0.001,0.877250961494656,239
Gout,22,57,AMR,0.001,0.84733468139401,239
Gout,22,57,MELD_lambda0_afproj,0.01,0.95804924372967,239
Gout,22,57,MELD_lambda0_reportN,0.01,0.957134524751893,239
Gout,22,57,MELD_lambda0_equal,0.01,0.94231173363442,239
Gout,22,57,MELD_lambda1_afproj,0.01,0.954341655491891,239
Gout,22,57,EUR,0.01,0.941471724070436,239
Gout,22,57,EAS,0.01,0.854690667844759,239
Gout,22,57,AFR,0.01,0.670022900120215,239
Gout,22,57,CSA,0.01,0.919383155743527,239
Gout,22,57,AMR,0.01,0.936127714264172,239
Gout,22,57,MELD_lambda0_afproj,0.1,0.952101688529846,239
Gout,22,57,MELD_lambda0_reportN,0.1,0.951371103315115,239
Gout,22,57,MELD_lambda0_equal,0.1,0.942224465003969,239
Gout,22,57,MELD_lambda1_afproj,0.1,0.948863469955636,239
Gout,22,57,EUR,0.1,0.93481054838554,239
Gout,22,57,EAS,0.1,0.870896750112594,239
Gout,22,57,AFR,0.1,0.714201196231976,239
Gout,22,57,CSA,0.1,0.931213683649636,239
Gout,22,57,AMR,0.1,0.938092154251669,239
Gout,22,58,MELD_lambda0_afproj,0.001,0.927033938657143,362
Gout,22,58,MELD_lambda0_reportN,0.001,0.925205864980228,362
Gout,22,58,MELD_lambda0_equal,0.001,0.91435336127696,362
Gout,22,58,MELD_lambda1_afproj,0.001,0.919217391932324,362
Gout,22,58,EUR,0.001,0.796863603917189,362
Gout,22,58,EAS,0.001,0.839444949049602,362
Gout,22,58,AFR,0.001,0.688952183368677,362
Gout,22,58,CSA,0.001,0.786814829791318,362
Gout,22,58,AMR,0.001,0.569125652977064,362
Gout,22,58,MELD_lambda0_afproj,0.01,0.933213352720585,362
Gout,22,58,MELD_lambda0_reportN,0.01,0.930852355457466,362
Gout,22,58,MELD_lambda0_equal,0.01,0.919073538871525,362
Gout,22,58,MELD_lambda1_afproj,0.01,0.927745693989545,362
Gout,22,58,EUR,0.01,0.874718642146976,362
Gout,22,58,EAS,0.01,0.891280556131809,362
Gout,22,58,AFR,0.01,0.770071267000408,362
Gout,22,58,CSA,0.01,0.887816606515157,362
Gout,22,58,AMR,0.01,0.758546226974397,362
Gout,22,58,MELD_lambda0_afproj,0.1,0.920806435227055,362
Gout,22,58,MELD_lambda0_reportN,0.1,0.918734818977681,362
Gout,22,58,MELD_lambda0_equal,0.1,0.918848875875502,362
Gout,22,58,MELD_lambda1_afproj,0.1,0.916325486998524,362
Gout,22,58,EUR,0.1,0.883831601528862,362
Gout,22,58,EAS,0.1,0.904638812107514,362
Gout,22,58,AFR,0.1,0.802764928375778,362
Gout,22,58,CSA,0.1,0.911021989134057,362
Gout,22,58,AMR,0.1,0.818265562034142,362
Gout,22,60,MELD_lambda0_afproj,0.001,0.533852806661633,195
Gout,22,60,MELD_lambda0_reportN,0.001,0.532182780255437,195
Gout,22,60,MELD_lambda0_equal,0.001,0.589803635277451,195
Gout,22,60,MELD_lambda1_afproj,0.001,0.532571930313656,195
Gout,22,60,EUR,0.001,0.433502839803472,195
Gout,22,60,EAS,0.001,0.357886834836484,195
Gout,22,60,AFR,0.001,0.350903897852525,195
Gout,22,60,CSA,0.001,0.576789525009097,195
Gout,22,60,AMR,0.001,0.340533304810655,195
Gout,22,60,MELD_lambda0_afproj,0.01,0.609877996764874,195
Gout,22,60,MELD_lambda0_reportN,0.01,0.607405207820866,195
Gout,22,60,MELD_lambda0_equal,0.01,0.593887884929189,195
Gout,22,60,MELD_lambda1_afproj,0.01,0.601922018269102,195
Gout,22,60,EUR,0.01,0.514119769750266,195
Gout,22,60,EAS,0.01,0.567510058373992,195
Gout,22,60,AFR,0.01,0.361887005692134,195
Gout,22,60,CSA,0.01,0.622431628251662,195
Gout,22,60,AMR,0.01,0.397836265953672,195
Gout,22,60,MELD_lambda0_afproj,0.1,0.639108238154594,195
Gout,22,60,MELD_lambda0_reportN,0.1,0.634816259797253,195
Gout,22,60,MELD_lambda0_equal,0.1,0.603048057031952,195
Gout,22,60,MELD_lambda1_afproj,0.1,0.633407093300047,195
Gout,22,60,EUR,0.1,0.555574743382954,195
Gout,22,60,EAS,0.1,0.613213849468566,195
Gout,22,60,AFR,0.1,0.396371024804389,195
Gout,22,60,CSA,0.1,0.621292598904758,195
Gout,22,60,AMR,0.1,0.43752313523864,195
Gout,22,61,MELD_lambda0_afproj,0.001,0.917956786019862,298
Gout,22,61,MELD_lambda0_reportN,0.001,0.921582695866257,298
Gout,22,61,MELD_lambda0_equal,0.001,0.917285166709154,298
Gout,22,61,MELD_lambda1_afproj,0.001,0.916065788288268,298
Gout,22,61,EUR,0.001,0.842104127032083,298
Gout,22,61,EAS,0.001,0.716437912165408,298
Gout,22,61,AFR,0.001,0.672366216532603,298
Gout,22,61,CSA,0.001,0.833392032699785,298
Gout,22,61,AMR,0.001,0.811841930068994,298
Gout,22,61,MELD_lambda0_afproj,0.01,0.923770601578479,298
Gout,22,61,MELD_lambda0_reportN,0.01,0.924182706609201,298
Gout,22,61,MELD_lambda0_equal,0.01,0.919356234393623,298
Gout,22,61,MELD_lambda1_afproj,0.01,0.920720120820377,298
Gout,22,61,EUR,0.01,0.878335075227397,298
Gout,22,61,EAS,0.01,0.821663525409203,298
Gout,22,61,AFR,0.01,0.70464201118419,298
Gout,22,61,CSA,0.01,0.877639593056114,298
Gout,22,61,AMR,0.01,0.895728725112855,298
Gout,22,61,MELD_lambda0_afproj,0.1,0.920121462995131,298
Gout,22,61,MELD_lambda0_reportN,0.1,0.920129526741819,298
Gout,22,61,MELD_lambda0_equal,0.1,0.917020032959247,298
Gout,22,61,MELD_lambda1_afproj,0.1,0.916180269415875,298
Gout,22,61,EUR,0.1,0.897167714099824,298
Gout,22,61,EAS,0.1,0.834396558707378,298
Gout,22,61,AFR,0.1,0.749494593073518,298
Gout,22,61,CSA,0.1,0.905826974524857,298
Gout,22,61,AMR,0.1,0.916126106821559,298
Gout,22,63,MELD_lambda0_afproj,0.001,0.684483402583502,58
Gout,22,63,MELD_lambda0_reportN,0.001,0.681042169708348,58
Gout,22,63,MELD_lambda0_equal,0.001,0.574210437950982,58
Gout,22,63,MELD_lambda1_afproj,0.001,0.698657223874401,58
Gout,22,63,EUR,0.001,0.574483371822588,58
Gout,22,63,EAS,0.001,0.598510163153282,58
Gout,22,63,AFR,0.001,0.222307407361004,58
Gout,22,63,CSA,0.001,0.643891012596743,58
Gout,22,63,AMR,0.001,0.577791111270578,58
Gout,22,63,MELD_lambda0_afproj,0.01,0.689307285106055,58
Gout,22,63,MELD_lambda0_reportN,0.01,0.68717190621363,58
Gout,22,63,MELD_lambda0_equal,0.01,0.586567658713162,58
Gout,22,63,MELD_lambda1_afproj,0.01,0.702921853616891,58
Gout,22,63,EUR,0.01,0.647269964819269,58
Gout,22,63,EAS,0.01,0.609267341150965,58
Gout,22,63,AFR,0.01,0.224342862598636,58
Gout,22,63,CSA,0.01,0.653029955118973,58
Gout,22,63,AMR,0.01,0.575984295881425,58
Gout,22,63,MELD_lambda0_afproj,0.1,0.656130507084399,58
Gout,22,63,MELD_lambda0_reportN,0.1,0.653575595229399,58
Gout,22,63,MELD_lambda0_equal,0.1,0.571867901474006,58
Gout,22,63,MELD_lambda1_afproj,0.1,0.667173795728688,58
Gout,22,63,EUR,0.1,0.666262493166671,58
Gout,22,63,EAS,0.1,0.593892638603096,58
Gout,22,63,AFR,0.1,0.21855954099294,58
Gout,22,63,CSA,0.1,0.630188570946858,58
Gout,22,63,AMR,0.1,0.562393293429855,58
Gout,22,64,MELD_lambda0_afproj,0.001,0.931454144793084,181
Gout,22,64,MELD_lambda0_reportN,0.001,0.929962838097875,181
Gout,22,64,MELD_lambda0_equal,0.001,0.896795777616219,181
Gout,22,64,MELD_lambda1_afproj,0.001,0.928324707721888,181
Gout,22,64,EUR,0.001,0.865152440699001,181
Gout,22,64,EAS,0.001,0.761432277235961,181
Gout,22,64,AFR,0.001,0.523532672607719,181
Gout,22,64,CSA,0.001,0.782141098254109,181
Gout,22,64,AMR,0.001,0.744376337582303,181
Gout,22,64,MELD_lambda0_afproj,0.01,0.936642233145035,181
Gout,22,64,MELD_lambda0_reportN,0.01,0.936591394795286,181
Gout,22,64,MELD_lambda0_equal,0.01,0.902655799336985,181
Gout,22,64,MELD_lambda1_afproj,0.01,0.932161984220306,181
Gout,22,64,EUR,0.01,0.909765015538035,181
Gout,22,64,EAS,0.01,0.809322782142758,181
Gout,22,64,AFR,0.01,0.615866558892849,181
Gout,22,64,CSA,0.01,0.831169722237913,181
Gout,22,64,AMR,0.01,0.858018300273094,181
Gout,22,64,MELD_lambda0_afproj,0.1,0.924616820832448,181
Gout,22,64,MELD_lambda0_reportN,0.1,0.925150386066947,181
Gout,22,64,MELD_lambda0_equal,0.1,0.900024605922198,181
Gout,22,64,MELD_lambda1_afproj,0.1,0.92017828501216,181
Gout,22,64,EUR,0.1,0.921764750590118,181
Gout,22,64,EAS,0.1,0.788706479615046,181
Gout,22,64,AFR,0.1,0.698994305056065,181
Gout,22,64,CSA,0.1,0.850720808626658,181
Gout,22,64,AMR,0.1,0.839204418639492,181
Gout,22,65,MELD_lambda0_afproj,0.001,0.860433670081775,48
Gout,22,65,MELD_lambda0_reportN,0.001,0.860617370122921,48
Gout,22,65,MELD_lambda0_equal,0.001,0.826279016984401,48
Gout,22,65,MELD_lambda1_afproj,0.001,0.857340288843067,48
Gout,22,65,EUR,0.001,0.866090768967537,48
Gout,22,65,EAS,0.001,0.804915824010565,48
Gout,22,65,AFR,0.001,0.632996907259408,48
Gout,22,65,CSA,0.001,0.810260077429278,48
Gout,22,65,AMR,0.001,0.91546599307425,48
Gout,22,65,MELD_lambda0_afproj,0.01,0.870703324843824,48
Gout,22,65,MELD_lambda0_reportN,0.01,0.870084140114652,48
Gout,22,65,MELD_lambda0_equal,0.01,0.838478101835882,48
Gout,22,65,MELD_lambda1_afproj,0.01,0.873234632771383,48
Gout,22,65,EUR,0.01,0.873929990883931,48
Gout,22,65,EAS,0.01,0.837090357301405,48
Gout,22,65,AFR,0.01,0.653492583716321,48
Gout,22,65,CSA,0.01,0.826487861898827,48
Gout,22,65,AMR,0.01,0.925550005115605,48
Gout,22,65,MELD_lambda0_afproj,0.1,0.878259420700667,48
Gout,22,65,MELD_lambda0_reportN,0.1,0.877965724694977,48
Gout,22,65,MELD_lambda0_equal,0.1,0.869376607873927,48
Gout,22,65,MELD_lambda1_afproj,0.1,0.883103902222793,48
Gout,22,65,EUR,0.1,0.875779368089978,48
Gout,22,65,EAS,0.1,0.85199723188116,48
Gout,22,65,AFR,0.1,0.69115713421964,48
Gout,22,65,CSA,0.1,0.862878930390048,48
Gout,22,65,AMR,0.1,0.90725111404541,48
Gout,22,66,MELD_lambda0_afproj,0.001,0.876121431466277,217
Gout,22,66,MELD_lambda0_reportN,0.001,0.865077847345379,217
Gout,22,66,MELD_lambda0_equal,0.001,0.865070355075136,217
Gout,22,66,MELD_lambda1_afproj,0.001,0.877449555614142,217
Gout,22,66,EUR,0.001,0.780997889512217,217
Gout,22,66,EAS,0.001,0.788591195901582,217
Gout,22,66,AFR,0.001,0.600136884198553,217
Gout,22,66,CSA,0.001,0.771646241188805,217
Gout,22,66,AMR,0.001,0.654259653384891,217
Gout,22,66,MELD_lambda0_afproj,0.01,0.892547702498592,217
Gout,22,66,MELD_lambda0_reportN,0.01,0.886805250680202,217
Gout,22,66,MELD_lambda0_equal,0.01,0.88078012454719,217
Gout,22,66,MELD_lambda1_afproj,0.01,0.895089154441875,217
Gout,22,66,EUR,0.01,0.867110589299287,217
Gout,22,66,EAS,0.01,0.786800175896871,217
Gout,22,66,AFR,0.01,0.634915987149748,217
Gout,22,66,CSA,0.01,0.857482614216003,217
Gout,22,66,AMR,0.01,0.79103215914219,217
Gout,22,66,MELD_lambda0_afproj,0.1,0.89614547266501,217
Gout,22,66,MELD_lambda0_reportN,0.1,0.893546462296587,217
Gout,22,66,MELD_lambda0_equal,0.1,0.889522063460829,217
Gout,22,66,MELD_lambda1_afproj,0.1,0.897060829318354,217
Gout,22,66,EUR,0.1,0.890036099530574,217
Gout,22,66,EAS,0.1,0.771277954446083,217
Gout,22,66,AFR,0.1,0.684140459197994,217
Gout,22,66,CSA,0.1,0.879126319326185,217
Gout,22,66,AMR,0.1,0.838605595235742,217
Gout,22,67,MELD_lambda0_afproj,0.001,0.912347381504074,219
Gout,22,67,MELD_lambda0_reportN,0.001,0.910913218097155,219
Gout,22,67,MELD_lambda0_equal,0.001,0.875500942746795,219
Gout,22,67,MELD_lambda1_afproj,0.001,0.911934353791357,219
Gout,22,67,EUR,0.001,0.885628605748045,219
Gout,22,67,EAS,0.001,0.771921152042032,219
Gout,22,67,AFR,0.001,0.599511189153041,219
Gout,22,67,CSA,0.001,0.812168738379579,219
Gout,22,67,AMR,0.001,0.818332481341969,219
Gout,22,67,MELD_lambda0_afproj,0.01,0.91006628552834,219
Gout,22,67,MELD_lambda0_reportN,0.01,0.908557172804161,219
Gout,22,67,MELD_lambda0_equal,0.01,0.881295213218877,219
Gout,22,67,MELD_lambda1_afproj,0.01,0.910315482909804,219
Gout,22,67,EUR,0.01,0.9021667723409,219
Gout,22,67,EAS,0.01,0.842870340202963,219
Gout,22,67,AFR,0.01,0.585643650784294,219
Gout,22,67,CSA,0.01,0.839279938647743,219
Gout,22,67,AMR,0.01,0.849663932481738,219
Gout,22,67,MELD_lambda0_afproj,0.1,0.888454964977363,219
Gout,22,67,MELD_lambda0_reportN,0.1,0.887138238700908,219
Gout,22,67,MELD_lambda0_equal,0.1,0.871564394000956,219
Gout,22,67,MELD_lambda1_afproj,0.1,0.887945425310094,219
Gout,22,67,EUR,0.1,0.879215513510306,219
Gout,22,67,EAS,0.1,0.82714774927787,219
Gout,22,67,AFR,0.1,0.583596649082437,219
Gout,22,67,CSA,0.1,0.837070146877962,219
Gout,22,67,AMR,0.1,0.827648459641762,219
Gout,22,68,MELD_lambda0_afproj,0.001,0.789753519259248,153
Gout,22,68,MELD_lambda0_reportN,0.001,0.787586978849886,153
Gout,22,68,MELD_lambda0_equal,0.001,0.775638589201774,153
Gout,22,68,MELD_lambda1_afproj,0.001,0.798833431168903,153
Gout,22,68,EUR,0.001,0.725851654128219,153
Gout,22,68,EAS,0.001,0.674273597959847,153
Gout,22,68,AFR,0.001,0.402576766377451,153
Gout,22,68,CSA,0.001,0.624866763433768,153
Gout,22,68,AMR,0.001,0.605121488416326,153
Gout,22,68,MELD_lambda0_afproj,0.01,0.783486442119111,153
Gout,22,68,MELD_lambda0_reportN,0.01,0.779735996236938,153
Gout,22,68,MELD_lambda0_equal,0.01,0.772883225975809,153
Gout,22,68,MELD_lambda1_afproj,0.01,0.788789290500923,153
Gout,22,68,EUR,0.01,0.75924797078737,153
Gout,22,68,EAS,0.01,0.698982845956836,153
Gout,22,68,AFR,0.01,0.477586092698472,153
Gout,22,68,CSA,0.01,0.735777182631069,153
Gout,22,68,AMR,0.01,0.708159875862579,153
Gout,22,68,MELD_lambda0_afproj,0.1,0.774575421368058,153
Gout,22,68,MELD_lambda0_reportN,0.1,0.77153855950406,153
Gout,22,68,MELD_lambda0_equal,0.1,0.751258806504326,153
Gout,22,68,MELD_lambda1_afproj,0.1,0.777719710859181,153
Gout,22,68,EUR,0.1,0.742844001002858,153
Gout,22,68,EAS,0.1,0.661890432012075,153
Gout,22,68,AFR,0.1,0.517772126320911,153
Gout,22,68,CSA,0.1,0.776981390478426,153
Gout,22,68,AMR,0.1,0.679015221652127,153
Gout,22,69,MELD_lambda0_afproj,0.001,0.776198232354655,30
Gout,22,69,MELD_lambda0_reportN,0.001,0.79641450199513,30
Gout,22,69,MELD_lambda0_equal,0.001,0.806253754179041,30
Gout,22,69,MELD_lambda1_afproj,0.001,0.810470719859663,30
Gout,22,69,EUR,0.001,0.677738908381198,30
Gout,22,69,EAS,0.001,0.776955102726381,30
Gout,22,69,AFR,0.001,0.65851890357608,30
Gout,22,69,CSA,0.001,0.718271397758317,30
Gout,22,69,AMR,0.001,0.63748041555407,30
Gout,22,69,MELD_lambda0_afproj,0.01,0.749067274654023,30
Gout,22,69,MELD_lambda0_reportN,0.01,0.764329374395134,30
Gout,22,69,MELD_lambda0_equal,0.01,0.80038127414902,30
Gout,22,69,MELD_lambda1_afproj,0.01,0.783657602120474,30
Gout,22,69,EUR,0.01,0.662039822114701,30
Gout,22,69,EAS,0.01,0.811350367959647,30
Gout,22,69,AFR,0.01,0.680735476514165,30
Gout,22,69,CSA,0.01,0.69598602979067,30
Gout,22,69,AMR,0.01,0.704300892787341,30
Gout,22,69,MELD_lambda0_afproj,0.1,0.739268425377311,30
Gout,22,69,MELD_lambda0_reportN,0.1,0.745116165859256,30
Gout,22,69,MELD_lambda0_equal,0.1,0.765167318719248,30
Gout,22,69,MELD_lambda1_afproj,0.1,0.769357005102746,30
Gout,22,69,EUR,0.1,0.710102801300133,30
Gout,22,69,EAS,0.1,0.792244803147509,30
Gout,22,69,AFR,0.1,0.738760670729842,30
Gout,22,69,CSA,0.1,0.675968494667963,30
Gout,22,69,AMR,0.1,0.823958063465008,30
Gout,22,70,MELD_lambda0_afproj,0.001,0.845564885680697,194
Gout,22,70,MELD_lambda0_reportN,0.001,0.846878516331529,194
Gout,22,70,MELD_lambda0_equal,0.001,0.83445900504157,194
Gout,22,70,MELD_lambda1_afproj,0.001,0.829085523201652,194
Gout,22,70,EUR,0.001,0.702527080725763,194
Gout,22,70,EAS,0.001,0.620415576905268,194
Gout,22,70,AFR,0.001,0.448547878433444,194
Gout,22,70,CSA,0.001,0.724331346962145,194
Gout,22,70,AMR,0.001,0.70764368688209,194
Gout,22,70,MELD_lambda0_afproj,0.01,0.852737306647241,194
Gout,22,70,MELD_lambda0_reportN,0.01,0.853182535828561,194
Gout,22,70,MELD_lambda0_equal,0.01,0.833902615780123,194
Gout,22,70,MELD_lambda1_afproj,0.01,0.84364166923268,194
Gout,22,70,EUR,0.01,0.761356772155802,194
Gout,22,70,EAS,0.01,0.702412338653408,194
Gout,22,70,AFR,0.01,0.489755337256705,194
Gout,22,70,CSA,0.01,0.768830521618622,194
Gout,22,70,AMR,0.01,0.775154372507121,194
Gout,22,70,MELD_lambda0_afproj,0.1,0.836984187097069,194
Gout,22,70,MELD_lambda0_reportN,0.1,0.8374908784883,194
Gout,22,70,MELD_lambda0_equal,0.1,0.822450198341941,194
Gout,22,70,MELD_lambda1_afproj,0.1,0.8320940686209,194
Gout,22,70,EUR,0.1,0.781284790487446,194
Gout,22,70,EAS,0.1,0.73327095798476,194
Gout,22,70,AFR,0.1,0.542505542539357,194
Gout,22,70,CSA,0.1,0.755071932395592,194
Gout,22,70,AMR,0.1,0.779797090546633,194
Gout,22,71,MELD_lambda0_afproj,0.001,0.850050729494495,166
Gout,22,71,MELD_lambda0_reportN,0.001,0.851625638062709,166
Gout,22,71,MELD_lambda0_equal,0.001,0.84373052071419,166
Gout,22,71,MELD_lambda1_afproj,0.001,0.84641107124263,166
Gout,22,71,EUR,0.001,0.832803310597911,166
Gout,22,71,EAS,0.001,0.813485811411777,166
Gout,22,71,AFR,0.001,0.529436634825349,166
Gout,22,71,CSA,0.001,0.793701618448364,166
Gout,22,71,AMR,0.001,0.817696814588116,166
Gout,22,71,MELD_lambda0_afproj,0.01,0.857929694809189,166
Gout,22,71,MELD_lambda0_reportN,0.01,0.858757195997509,166
Gout,22,71,MELD_lambda0_equal,0.01,0.84701759071945,166
Gout,22,71,MELD_lambda1_afproj,0.01,0.853246366871158,166
Gout,22,71,EUR,0.01,0.850026453192208,166
Gout,22,71,EAS,0.01,0.830433832684178,166
Gout,22,71,AFR,0.01,0.540766093725323,166
Gout,22,71,CSA,0.01,0.80789576679141,166
Gout,22,71,AMR,0.01,0.835132281651093,166
Gout,22,71,MELD_lambda0_afproj,0.1,0.877521582514298,166
Gout,22,71,MELD_lambda0_reportN,0.1,0.876998341672829,166
Gout,22,71,MELD_lambda0_equal,0.1,0.858035536278732,166
Gout,22,71,MELD_lambda1_afproj,0.1,0.871850617313425,166
Gout,22,71,EUR,0.1,0.859617594475798,166
Gout,22,71,EAS,0.1,0.811056355971346,166
Gout,22,71,AFR,0.1,0.557481991173718,166
Gout,22,71,CSA,0.1,0.81719907734815,166
Gout,22,71,AMR,0.1,0.818671664488276,166
Gout,22,72,MELD_lambda0_afproj,0.001,0.69758246910066,63
Gout,22,72,MELD_lambda0_reportN,0.001,0.68854663129869,63
Gout,22,72,MELD_lambda0_equal,0.001,0.593400817580237,63
Gout,22,72,MELD_lambda1_afproj,0.001,0.61073318708166,63
Gout,22,72,EUR,0.001,0.72588596548249,63
Gout,22,72,EAS,0.001,0.62738701700755,63
Gout,22,72,AFR,0.001,0.462637786710381,63
Gout,22,72,CSA,0.001,0.635698646735178,63
Gout,22,72,AMR,0.001,0.478497351881937,63
Gout,22,72,MELD_lambda0_afproj,0.01,0.722079970433421,63
Gout,22,72,MELD_lambda0_reportN,0.01,0.713779355304354,63
Gout,22,72,MELD_lambda0_equal,0.01,0.599078284833047,63
Gout,22,72,MELD_lambda1_afproj,0.01,0.640067977227433,63
Gout,22,72,EUR,0.01,0.755452442986775,63
Gout,22,72,EAS,0.01,0.6553071192013,63
Gout,22,72,AFR,0.01,0.459211741396023,63
Gout,22,72,CSA,0.01,0.660651775470145,63
Gout,22,72,AMR,0.01,0.504312226029231,63
Gout,22,72,MELD_lambda0_afproj,0.1,0.745217463293406,63
Gout,22,72,MELD_lambda0_reportN,0.1,0.742838822020347,63
Gout,22,72,MELD_lambda0_equal,0.1,0.633209041232078,63
Gout,22,72,MELD_lambda1_afproj,0.1,0.691083901491938,63
Gout,22,72,EUR,0.1,0.766158617642381,63
Gout,22,72,EAS,0.1,0.669992677071071,63
Gout,22,72,AFR,0.1,0.473329600505165,63
Gout,22,72,CSA,0.1,0.658640566099903,63
Gout,22,72,AMR,0.1,0.600214883910707,63
Gout,22,74,MELD_lambda0_afproj,0.001,0.796777175139519,381
Gout,22,74,MELD_lambda0_reportN,0.001,0.790462114118131,381
Gout,22,74,MELD_lambda0_equal,0.001,0.811519551695037,381
Gout,22,74,MELD_lambda1_afproj,0.001,0.787195262732206,381
Gout,22,74,EUR,0.001,0.698041541167649,381
Gout,22,74,EAS,0.001,0.59428077275161,381
Gout,22,74,AFR,0.001,0.48616271859411,381
Gout,22,74,CSA,0.001,0.693740782939853,381
Gout,22,74,AMR,0.001,0.699135566953908,381
Gout,22,74,MELD_lambda0_afproj,0.01,0.824662048768876,381
Gout,22,74,MELD_lambda0_reportN,0.01,0.819267074511508,381
Gout,22,74,MELD_lambda0_equal,0.01,0.826194879208257,381
Gout,22,74,MELD_lambda1_afproj,0.01,0.819247003504163,381
Gout,22,74,EUR,0.01,0.765721484580801,381
Gout,22,74,EAS,0.01,0.753869561281451,381
Gout,22,74,AFR,0.01,0.552132339485289,381
Gout,22,74,CSA,0.01,0.756615003824396,381
Gout,22,74,AMR,0.01,0.731500115400562,381
Gout,22,74,MELD_lambda0_afproj,0.1,0.82539608096843,381
Gout,22,74,MELD_lambda0_reportN,0.1,0.822494053927809,381
Gout,22,74,MELD_lambda0_equal,0.1,0.816295664982013,381
Gout,22,74,MELD_lambda1_afproj,0.1,0.819482077342335,381
Gout,22,74,EUR,0.1,0.771250883248478,381
Gout,22,74,EAS,0.1,0.803434463124147,381
Gout,22,74,AFR,0.1,0.609322575859553,381
Gout,22,74,CSA,0.1,0.758748420990182,381
Gout,22,74,AMR,0.1,0.744299063992147,381
HF,22,1,MELD_lambda0_afproj,0.001,0.939080110292108,66
HF,22,1,MELD_lambda0_reportN,0.001,0.940241687389369,66
HF,22,1,MELD_lambda0_equal,0.001,0.933452588662064,66
HF,22,1,MELD_lambda1_afproj,0.001,0.930309367671459,66
HF,22,1,EUR,0.001,0.90834759826154,66
HF,22,1,EAS,0.001,0.735211150054835,66
HF,22,1,AFR,0.001,0.663575765763816,66
HF,22,1,CSA,0.001,0.861103896971388,66
HF,22,1,AMR,0.001,0.902189667943509,66
HF,22,1,MELD_lambda0_afproj,0.01,0.940440625801207,66
HF,22,1,MELD_lambda0_reportN,0.01,0.941376760351451,66
HF,22,1,MELD_lambda0_equal,0.01,0.934138567766669,66
HF,22,1,MELD_lambda1_afproj,0.01,0.933832495198284,66
HF,22,1,EUR,0.01,0.893455398896133,66
HF,22,1,EAS,0.01,0.749924213242002,66
HF,22,1,AFR,0.01,0.659268087586783,66
HF,22,1,CSA,0.01,0.878680190236856,66
HF,22,1,AMR,0.01,0.904602603483446,66
HF,22,1,MELD_lambda0_afproj,0.1,0.903950567031331,66
HF,22,1,MELD_lambda0_reportN,0.1,0.905074306679368,66
HF,22,1,MELD_lambda0_equal,0.1,0.91560944070124,66
HF,22,1,MELD_lambda1_afproj,0.1,0.892845600995427,66
HF,22,1,EUR,0.1,0.846551309497549,66
HF,22,1,EAS,0.1,0.827861686913777,66
HF,22,1,AFR,0.1,0.636908545088948,66
HF,22,1,CSA,0.1,0.847979583456019,66
HF,22,1,AMR,0.1,0.862713148350719,66
HF,22,2,MELD_lambda0_afproj,0.001,0.952438918197859,39
HF,22,2,MELD_lambda0_reportN,0.001,0.951808737431032,39
HF,22,2,MELD_lambda0_equal,0.001,0.931325688334549,39
HF,22,2,MELD_lambda1_afproj,0.001,0.937200977607976,39
HF,22,2,EUR,0.001,0.91985593767518,39
HF,22,2,EAS,0.001,0.758994801904253,39
HF,22,2,AFR,0.001,0.843314929988201,39
HF,22,2,CSA,0.001,0.790578525587944,39
HF,22,2,AMR,0.001,0.87311889782286,39
HF,22,2,MELD_lambda0_afproj,0.01,0.944822307754692,39
HF,22,2,MELD_lambda0_reportN,0.01,0.944030819639828,39
HF,22,2,MELD_lambda0_equal,0.01,0.924902043805878,39
HF,22,2,MELD_lambda1_afproj,0.01,0.931393994002141,39
HF,22,2,EUR,0.01,0.917257191684568,39
HF,22,2,EAS,0.01,0.80406846171402,39
HF,22,2,AFR,0.01,0.844164799260199,39
HF,22,2,CSA,0.01,0.822504395470784,39
HF,22,2,AMR,0.01,0.861089388144842,39
HF,22,2,MELD_lambda0_afproj,0.1,0.919662324431313,39
HF,22,2,MELD_lambda0_reportN,0.1,0.918798084634572,39
HF,22,2,MELD_lambda0_equal,0.1,0.899775534533112,39
HF,22,2,MELD_lambda1_afproj,0.1,0.896676878108892,39
HF,22,2,EUR,0.1,0.900008399629293,39
HF,22,2,EAS,0.1,0.748800797548173,39
HF,22,2,AFR,0.1,0.837173305210827,39
HF,22,2,CSA,0.1,0.843091800005826,39
HF,22,2,AMR,0.1,0.808281448173207,39
HF,22,4,MELD_lambda0_afproj,0.001,0.829283804786951,160
HF,22,4,MELD_lambda0_reportN,0.001,0.829370214410215,160
HF,22,4,MELD_lambda0_equal,0.001,0.834988983018938,160
HF,22,4,MELD_lambda1_afproj,0.001,0.831382900013317,160
HF,22,4,EUR,0.001,0.78707242723713,160
HF,22,4,EAS,0.001,0.602997236957874,160
HF,22,4,AFR,0.001,0.520770515974699,160
HF,22,4,CSA,0.001,0.681513273861004,160
HF,22,4,AMR,0.001,0.65136853888717,160
HF,22,4,MELD_lambda0_afproj,0.01,0.82686992215606,160
HF,22,4,MELD_lambda0_reportN,0.01,0.827355968834288,160
HF,22,4,MELD_lambda0_equal,0.01,0.838861542056011,160
HF,22,4,MELD_lambda1_afproj,0.01,0.828241490303363,160
HF,22,4,EUR,0.01,0.786626862861051,160
HF,22,4,EAS,0.01,0.7434308283646,160
HF,22,4,AFR,0.01,0.548838997632289,160
HF,22,4,CSA,0.01,0.739919204595872,160
HF,22,4,AMR,0.01,0.730374849151914,160
HF,22,4,MELD_lambda0_afproj,0.1,0.823960121608858,160
HF,22,4,MELD_lambda0_reportN,0.1,0.825707540067638,160
HF,22,4,MELD_lambda0_equal,0.1,0.837745048427213,160
HF,22,4,MELD_lambda1_afproj,0.1,0.826794617353234,160
HF,22,4,EUR,0.1,0.781113094485724,160
HF,22,4,EAS,0.1,0.769104801985738,160
HF,22,4,AFR,0.1,0.59091403409449,160
HF,22,4,CSA,0.1,0.77609822908575,160
HF,22,4,AMR,0.1,0.776700918362664,160
HF,22,5,MELD_lambda0_afproj,0.001,0.953865048368196,86
HF,22,5,MELD_lambda0_reportN,0.001,0.955179274850072,86
HF,22,5,MELD_lambda0_equal,0.001,0.945079017720025,86
HF,22,5,MELD_lambda1_afproj,0.001,0.953192463514071,86
HF,22,5,EUR,0.001,0.935336523455494,86
HF,22,5,EAS,0.001,0.927324891356552,86
HF,22,5,AFR,0.001,0.652617195082677,86
HF,22,5,CSA,0.001,0.933280699998168,86
HF,22,5,AMR,0.001,0.912047525027574,86
HF,22,5,MELD_lambda0_afproj,0.01,0.952837262408737,86
HF,22,5,MELD_lambda0_reportN,0.01,0.953045769302733,86
HF,22,5,MELD_lambda0_equal,0.01,0.94232292814422,86
HF,22,5,MELD_lambda1_afproj,0.01,0.952934518141012,86
HF,22,5,EUR,0.01,0.944405148849778,86
HF,22,5,EAS,0.01,0.927673448367174,86
HF,22,5,AFR,0.01,0.683487213975399,86
HF,22,5,CSA,0.01,0.946835829533679,86
HF,22,5,AMR,0.01,0.926029325029758,86
HF,22,5,MELD_lambda0_afproj,0.1,0.942508065268634,86
HF,22,5,MELD_lambda0_reportN,0.1,0.941990776088012,86
HF,22,5,MELD_lambda0_equal,0.1,0.934047394524192,86
HF,22,5,MELD_lambda1_afproj,0.1,0.943309344237773,86
HF,22,5,EUR,0.1,0.932692905015068,86
HF,22,5,EAS,0.1,0.92881274580269,86
HF,22,5,AFR,0.1,0.77305369399539,86
HF,22,5,CSA,0.1,0.943284753635513,86
HF,22,5,AMR,0.1,0.927533090765636,86
HF,22,7,MELD_lambda0_afproj,0.001,0.905236781012302,278
HF,22,7,MELD_lambda0_reportN,0.001,0.902789942493142,278
HF,22,7,MELD_lambda0_equal,0.001,0.912719720069419,278
HF,22,7,MELD_lambda1_afproj,0.001,0.911837625446014,278
HF,22,7,EUR,0.001,0.861022225353355,278
HF,22,7,EAS,0.001,0.812313604313131,278
HF,22,7,AFR,0.001,0.653978244196923,278
HF,22,7,CSA,0.001,0.833597312101862,278
HF,22,7,AMR,0.001,0.812630764912902,278
HF,22,7,MELD_lambda0_afproj,0.01,0.909413360506643,278
HF,22,7,MELD_lambda0_reportN,0.01,0.905890472782906,278
HF,22,7,MELD_lambda0_equal,0.01,0.905293070693279,278
HF,22,7,MELD_lambda1_afproj,0.01,0.91322679564793,278
HF,22,7,EUR,0.01,0.89721487536409,278
HF,22,7,EAS,0.01,0.85552844909605,278
HF,22,7,AFR,0.01,0.708725610705573,278
HF,22,7,CSA,0.01,0.909337164696863,278
HF,22,7,AMR,0.01,0.869697416417533,278
HF,22,7,MELD_lambda0_afproj,0.1,0.909409645021533,278
HF,22,7,MELD_lambda0_reportN,0.1,0.906018418475528,278
HF,22,7,MELD_lambda0_equal,0.1,0.894608049210283,278
HF,22,7,MELD_lambda1_afproj,0.1,0.912600688957534,278
HF,22,7,EUR,0.1,0.897303703311676,278
HF,22,7,EAS,0.1,0.825278659917268,278
HF,22,7,AFR,0.1,0.707911450613969,278
HF,22,7,CSA,0.1,0.891476321660028,278
HF,22,7,AMR,0.1,0.859555980109194,278
HF,22,8,MELD_lambda0_afproj,0.001,0.843892593272394,86
HF,22,8,MELD_lambda0_reportN,0.001,0.836417945829598,86
HF,22,8,MELD_lambda0_equal,0.001,0.817673485190609,86
HF,22,8,MELD_lambda1_afproj,0.001,0.850019568353274,86
HF,22,8,EUR,0.001,0.874592490101597,86
HF,22,8,EAS,0.001,0.758599371464187,86
HF,22,8,AFR,0.001,0.402797095991965,86
HF,22,8,CSA,0.001,0.686779808501073,86
HF,22,8,AMR,0.001,0.659984647605581,86
HF,22,8,MELD_lambda0_afproj,0.01,0.828152973566894,86
HF,22,8,MELD_lambda0_reportN,0.01,0.825345026184714,86
HF,22,8,MELD_lambda0_equal,0.01,0.813073114805875,86
HF,22,8,MELD_lambda1_afproj,0.01,0.829263549104129,86
HF,22,8,EUR,0.01,0.831527837363864,86
HF,22,8,EAS,0.01,0.773419897979893,86
HF,22,8,AFR,0.01,0.448574662514697,86
HF,22,8,CSA,0.01,0.734690384850907,86
HF,22,8,AMR,0.01,0.690823883709979,86
HF,22,8,MELD_lambda0_afproj,0.1,0.782154030608358,86
HF,22,8,MELD_lambda0_reportN,0.1,0.78203964414443,86
HF,22,8,MELD_lambda0_equal,0.1,0.786147702452984,86
HF,22,8,MELD_lambda1_afproj,0.1,0.782174680998444,86
HF,22,8,EUR,0.1,0.737945818287242,86
HF,22,8,EAS,0.1,0.765098350904578,86
HF,22,8,AFR,0.1,0.524681452889502,86
HF,22,8,CSA,0.1,0.711789370089807,86
HF,22,8,AMR,0.1,0.672259015665673,86
HF,22,10,MELD_lambda0_afproj,0.001,0.9564262065595,192
HF,22,10,MELD_lambda0_reportN,0.001,0.951582670146019,192
HF,22,10,MELD_lambda0_equal,0.001,0.935126414148552,192
HF,22,10,MELD_lambda1_afproj,0.001,0.959973121734105,192
HF,22,10,EUR,0.001,0.876947566422154,192
HF,22,10,EAS,0.001,0.729754639497557,192
HF,22,10,AFR,0.001,0.585733738274831,192
HF,22,10,CSA,0.001,0.925617032141937,192
HF,22,10,AMR,0.001,0.764684945898124,192
HF,22,10,MELD_lambda0_afproj,0.01,0.958237735971803,192
HF,22,10,MELD_lambda0_reportN,0.01,0.959316368286138,192
HF,22,10,MELD_lambda0_equal,0.01,0.933260365562099,192
HF,22,10,MELD_lambda1_afproj,0.01,0.9606483911869,192
HF,22,10,EUR,0.01,0.940404537961854,192
HF,22,10,EAS,0.01,0.899839721470884,192
HF,22,10,AFR,0.01,0.611030814155692,192
HF,22,10,CSA,0.01,0.919231695001128,192
HF,22,10,AMR,0.01,0.822235385039362,192
HF,22,10,MELD_lambda0_afproj,0.1,0.938775117910567,192
HF,22,10,MELD_lambda0_reportN,0.1,0.940620689618508,192
HF,22,10,MELD_lambda0_equal,0.1,0.932423666083955,192
HF,22,10,MELD_lambda1_afproj,0.1,0.939658740166553,192
HF,22,10,EUR,0.1,0.910720063262371,192
HF,22,10,EAS,0.1,0.902212523288602,192
HF,22,10,AFR,0.1,0.674720615363788,192
HF,22,10,CSA,0.1,0.891428618301519,192
HF,22,10,AMR,0.1,0.869518217260186,192
HF,22,11,MELD_lambda0_afproj,0.001,0.9383334966659,123
HF,22,11,MELD_lambda0_reportN,0.001,0.936342683109901,123
HF,22,11,MELD_lambda0_equal,0.001,0.922794092344911,123
HF,22,11,MELD_lambda1_afproj,0.001,0.93894731257201,123
HF,22,11,EUR,0.001,0.916076235240999,123
HF,22,11,EAS,0.001,0.88718197816265,123
HF,22,11,AFR,0.001,0.734248811267986,123
HF,22,11,CSA,0.001,0.936496118059427,123
HF,22,11,AMR,0.001,0.929964617509669,123
HF,22,11,MELD_lambda0_afproj,0.01,0.952665960416236,123
HF,22,11,MELD_lambda0_reportN,0.01,0.952130907226607,123
HF,22,11,MELD_lambda0_equal,0.01,0.932926459558955,123
HF,22,11,MELD_lambda1_afproj,0.01,0.953537236216174,123
HF,22,11,EUR,0.01,0.948029222071777,123
HF,22,11,EAS,0.01,0.92319844822264,123
HF,22,11,AFR,0.01,0.837518368672487,123
HF,22,11,CSA,0.01,0.932653077401838,123
HF,22,11,AMR,0.01,0.944384976476669,123
HF,22,11,MELD_lambda0_afproj,0.1,0.93821233944022,123
HF,22,11,MELD_lambda0_reportN,0.1,0.938199453605104,123
HF,22,11,MELD_lambda0_equal,0.1,0.9268032430714,123
HF,22,11,MELD_lambda1_afproj,0.1,0.938104532567523,123
HF,22,11,EUR,0.1,0.92008856848054,123
HF,22,11,EAS,0.1,0.934043930286732,123
HF,22,11,AFR,0.1,0.86648222060784,123
HF,22,11,CSA,0.1,0.88938841565069,123
HF,22,11,AMR,0.1,0.911469930725639,123
HF,22,12,MELD_lambda0_afproj,0.001,0.879495461182956,48
HF,22,12,MELD_lambda0_reportN,0.001,0.8739191603421,48
HF,22,12,MELD_lambda0_equal,0.001,0.787296231184289,48
HF,22,12,MELD_lambda1_afproj,0.001,0.900479738301866,48
HF,22,12,EUR,0.001,0.853739328612241,48
HF,22,12,EAS,0.001,0.748044400377168,48
HF,22,12,AFR,0.001,0.725775099029837,48
HF,22,12,CSA,0.001,0.913462569874177,48
HF,22,12,AMR,0.001,0.890667944249365,48
HF,22,12,MELD_lambda0_afproj,0.01,0.873186553739131,48
HF,22,12,MELD_lambda0_reportN,0.01,0.869864268882119,48
HF,22,12,MELD_lambda0_equal,0.01,0.787072395028475,48
HF,22,12,MELD_lambda1_afproj,0.01,0.895950255207877,48
HF,22,12,EUR,0.01,0.861482129440415,48
HF,22,12,EAS,0.01,0.772671662708188,48
HF,22,12,AFR,0.01,0.723777271066012,48
HF,22,12,CSA,0.01,0.909511140057672,48
HF,22,12,AMR,0.01,0.902933326883058,48
HF,22,12,MELD_lambda0_afproj,0.1,0.893595807258844,48
HF,22,12,MELD_lambda0_reportN,0.1,0.891653887008276,48
HF,22,12,MELD_lambda0_equal,0.1,0.864652629118989,48
HF,22,12,MELD_lambda1_afproj,0.1,0.912581657470077,48
HF,22,12,EUR,0.1,0.874948594706604,48
HF,22,12,EAS,0.1,0.843797991974743,48
HF,22,12,AFR,0.1,0.764210224115837,48
HF,22,12,CSA,0.1,0.921366779665474,48
HF,22,12,AMR,0.1,0.920842713744003,48
HF,22,13,MELD_lambda0_afproj,0.001,0.936396340151943,91
HF,22,13,MELD_lambda0_reportN,0.001,0.937795185303978,91
HF,22,13,MELD_lambda0_equal,0.001,0.955189330989067,91
HF,22,13,MELD_lambda1_afproj,0.001,0.939595570476252,91
HF,22,13,EUR,0.001,0.89886868097806,91
HF,22,13,EAS,0.001,0.933014237997204,91
HF,22,13,AFR,0.001,0.843319921512063,91
HF,22,13,CSA,0.001,0.831199462806165,91
HF,22,13,AMR,0.001,0.909621792465408,91
HF,22,13,MELD_lambda0_afproj,0.01,0.946341402908994,91
HF,22,13,MELD_lambda0_reportN,0.01,0.94716321160978,91
HF,22,13,MELD_lambda0_equal,0.01,0.955316965561522,91
HF,22,13,MELD_lambda1_afproj,0.01,0.948570629146466,91
HF,22,13,EUR,0.01,0.914984338893309,91
HF,22,13,EAS,0.01,0.945278903105678,91
HF,22,13,AFR,0.01,0.873764819570983,91
HF,22,13,CSA,0.01,0.895157666589045,91
HF,22,13,AMR,0.01,0.934669750909984,91
HF,22,13,MELD_lambda0_afproj,0.1,0.943598894174509,91
HF,22,13,MELD_lambda0_reportN,0.1,0.94411686444808,91
HF,22,13,MELD_lambda0_equal,0.1,0.954762748889439,91
HF,22,13,MELD_lambda1_afproj,0.1,0.945287197062638,91
HF,22,13,EUR,0.1,0.906011549794612,91
HF,22,13,EAS,0.1,0.92436322264996,91
HF,22,13,AFR,0.1,0.901943815916299,91
HF,22,13,CSA,0.1,0.922286523879525,91
HF,22,13,AMR,0.1,0.928516951798671,91
HF,22,14,MELD_lambda0_afproj,0.001,0.617634590104741,58
HF,22,14,MELD_lambda0_reportN,0.001,0.606600132560521,58
HF,22,14,MELD_lambda0_equal,0.001,0.55731473620805,58
HF,22,14,MELD_lambda1_afproj,0.001,0.639487649215865,58
HF,22,14,EUR,0.001,0.59470339838678,58
HF,22,14,EAS,0.001,0.519693128982577,58
HF,22,14,AFR,0.001,0.556363631372865,58
HF,22,14,CSA,0.001,0.624637262214158,58
HF,22,14,AMR,0.001,0.563692953318798,58
HF,22,14,MELD_lambda0_afproj,0.01,0.600902833687653,58
HF,22,14,MELD_lambda0_reportN,0.01,0.592496868662801,58
HF,22,14,MELD_lambda0_equal,0.01,0.539982855486742,58
HF,22,14,MELD_lambda1_afproj,0.01,0.623498400785047,58
HF,22,14,EUR,0.01,0.574109780821661,58
HF,22,14,EAS,0.01,0.524349687937421,58
HF,22,14,AFR,0.01,0.538353977542348,58
HF,22,14,CSA,0.01,0.547172518170086,58
HF,22,14,AMR,0.01,0.54142777808348,58
HF,22,14,MELD_lambda0_afproj,0.1,0.597453864769519,58
HF,22,14,MELD_lambda0_reportN,0.1,0.591088714692687,58
HF,22,14,MELD_lambda0_equal,0.1,0.528438124870344,58
HF,22,14,MELD_lambda1_afproj,0.1,0.62700127456353,58
HF,22,14,EUR,0.1,0.587582966350602,58
HF,22,14,EAS,0.1,0.550290041909685,58
HF,22,14,AFR,0.1,0.464958772076072,58
HF,22,14,CSA,0.1,0.541768969316887,58
HF,22,14,AMR,0.1,0.55144598982465,58
HF,22,16,MELD_lambda0_afproj,0.001,0.78468666744952,44
HF,22,16,MELD_lambda0_reportN,0.001,0.785100554510826,44
HF,22,16,MELD_lambda0_equal,0.001,0.812106187074766,44
HF,22,16,MELD_lambda1_afproj,0.001,0.788055664517038,44
HF,22,16,EUR,0.001,0.777646674388116,44
HF,22,16,EAS,0.001,0.719460545190193,44
HF,22,16,AFR,0.001,0.813661528899143,44
HF,22,16,CSA,0.001,0.757869932776201,44
HF,22,16,AMR,0.001,0.782714360158921,44
HF,22,16,MELD_lambda0_afproj,0.01,0.788060274595572,44
HF,22,16,MELD_lambda0_reportN,0.01,0.787696044890186,44
HF,22,16,MELD_lambda0_equal,0.01,0.811919199003329,44
HF,22,16,MELD_lambda1_afproj,0.01,0.789952141651499,44
HF,22,16,EUR,0.01,0.785251821869484,44
HF,22,16,EAS,0.01,0.720734367523142,44
HF,22,16,AFR,0.01,0.810036977626259,44
HF,22,16,CSA,0.01,0.791263163037968,44
HF,22,16,AMR,0.01,0.787804074131025,44
HF,22,16,MELD_lambda0_afproj,0.1,0.783049498356452,44
HF,22,16,MELD_lambda0_reportN,0.1,0.783754464141388,44
HF,22,16,MELD_lambda0_equal,0.1,0.811530894429053,44
HF,22,16,MELD_lambda1_afproj,0.1,0.788260161792746,44
HF,22,16,EUR,0.1,0.779737232684758,44
HF,22,16,EAS,0.1,0.745429660794573,44
HF,22,16,AFR,0.1,0.765328129128708,44
HF,22,16,CSA,0.1,0.801095850104216,44
HF,22,16,AMR,0.1,0.802176660863063,44
HF,22,17,MELD_lambda0_afproj,0.001,0.972925376103798,85
HF,22,17,MELD_lambda0_reportN,0.001,0.971731178580972,85
HF,22,17,MELD_lambda0_equal,0.001,0.953555030148206,85
HF,22,17,MELD_lambda1_afproj,0.001,0.978197732137778,85
HF,22,17,EUR,0.001,0.963074578809511,85
HF,22,17,EAS,0.001,0.827661883063536,85
HF,22,17,AFR,0.001,0.857079437549453,85
HF,22,17,CSA,0.001,0.966411872933034,85
HF,22,17,AMR,0.001,0.9455039080705,85
HF,22,17,MELD_lambda0_afproj,0.01,0.965883202117554,85
HF,22,17,MELD_lambda0_reportN,0.01,0.965000484863415,85
HF,22,17,MELD_lambda0_equal,0.01,0.949926285400386,85
HF,22,17,MELD_lambda1_afproj,0.01,0.972825726116212,85
HF,22,17,EUR,0.01,0.961367941728086,85
HF,22,17,EAS,0.01,0.83307982714773,85
HF,22,17,AFR,0.01,0.847234265249279,85
HF,22,17,CSA,0.01,0.962624630384691,85
HF,22,17,AMR,0.01,0.948516386813303,85
HF,22,17,MELD_lambda0_afproj,0.1,0.9473316073966,85
HF,22,17,MELD_lambda0_reportN,0.1,0.947618172943112,85
HF,22,17,MELD_lambda0_equal,0.1,0.935927292036307,85
HF,22,17,MELD_lambda1_afproj,0.1,0.954449039053682,85
HF,22,17,EUR,0.1,0.946717820647231,85
HF,22,17,EAS,0.1,0.819631236267845,85
HF,22,17,AFR,0.1,0.841120796599646,85
HF,22,17,CSA,0.1,0.928610147039557,85
HF,22,17,AMR,0.1,0.924096734622152,85
HF,22,19,MELD_lambda0_afproj,0.001,0.925483270664534,196
HF,22,19,MELD_lambda0_reportN,0.001,0.925122621413985,196
HF,22,19,MELD_lambda0_equal,0.001,0.935733946729211,196
HF,22,19,MELD_lambda1_afproj,0.001,0.922340986157296,196
HF,22,19,EUR,0.001,0.824583817986578,196
HF,22,19,EAS,0.001,0.775264961652473,196
HF,22,19,AFR,0.001,0.741245593884275,196
HF,22,19,CSA,0.001,0.859801465799515,196
HF,22,19,AMR,0.001,0.866491628472754,196
HF,22,19,MELD_lambda0_afproj,0.01,0.925507918607506,196
HF,22,19,MELD_lambda0_reportN,0.01,0.92594104254995,196
HF,22,19,MELD_lambda0_equal,0.01,0.934160517604633,196
HF,22,19,MELD_lambda1_afproj,0.01,0.92402465215419,196
HF,22,19,EUR,0.01,0.868266523864244,196
HF,22,19,EAS,0.01,0.911935894245259,196
HF,22,19,AFR,0.01,0.767690091742537,196
HF,22,19,CSA,0.01,0.902999357107059,196
HF,22,19,AMR,0.01,0.873799257670839,196
HF,22,19,MELD_lambda0_afproj,0.1,0.925641960426316,196
HF,22,19,MELD_lambda0_reportN,0.1,0.925913233356472,196
HF,22,19,MELD_lambda0_equal,0.1,0.933539530004606,196
HF,22,19,MELD_lambda1_afproj,0.1,0.924589255804607,196
HF,22,19,EUR,0.1,0.89053394961036,196
HF,22,19,EAS,0.1,0.927028273096333,196
HF,22,19,AFR,0.1,0.796324365091825,196
HF,22,19,CSA,0.1,0.920023282699964,196
HF,22,19,AMR,0.1,0.875988238817565,196
HF,22,20,MELD_lambda0_afproj,0.001,0.959671999157437,94
HF,22,20,MELD_lambda0_reportN,0.001,0.962585497616157,94
HF,22,20,MELD_lambda0_equal,0.001,0.92930918762445,94
HF,22,20,MELD_lambda1_afproj,0.001,0.961915860872998,94
HF,22,20,EUR,0.001,0.919576226262696,94
HF,22,20,EAS,0.001,0.912286794440442,94
HF,22,20,AFR,0.001,0.82272627701803,94
HF,22,20,CSA,0.001,0.884828671876645,94
HF,22,20,AMR,0.001,0.796433072435482,94
HF,22,20,MELD_lambda0_afproj,0.01,0.959939267507234,94
HF,22,20,MELD_lambda0_reportN,0.01,0.962751320710052,94
HF,22,20,MELD_lambda0_equal,0.01,0.940315618964402,94
HF,22,20,MELD_lambda1_afproj,0.01,0.961857318765906,94
HF,22,20,EUR,0.01,0.952437180821194,94
HF,22,20,EAS,0.01,0.928727054394539,94
HF,22,20,AFR,0.01,0.87721112169438,94
HF,22,20,CSA,0.01,0.913386472896543,94
HF,22,20,AMR,0.01,0.876341096650483,94
HF,22,20,MELD_lambda0_afproj,0.1,0.964410346366819,94
HF,22,20,MELD_lambda0_reportN,0.1,0.96495767508043,94
HF,22,20,MELD_lambda0_equal,0.1,0.951864600256408,94
HF,22,20,MELD_lambda1_afproj,0.1,0.964759100866621,94
HF,22,20,EUR,0.1,0.94959790783315,94
HF,22,20,EAS,0.1,0.93249358047035,94
HF,22,20,AFR,0.1,0.910303812685177,94
HF,22,20,CSA,0.1,0.928668854828456,94
HF,22,20,AMR,0.1,0.91758190472841,94
HF,22,21,MELD_lambda0_afproj,0.001,0.962696057144968,51
HF,22,21,MELD_lambda0_reportN,0.001,0.960012534213872,51
HF,22,21,MELD_lambda0_equal,0.001,0.93810237463681,51
HF,22,21,MELD_lambda1_afproj,0.001,0.962395896756858,51
HF,22,21,EUR,0.001,0.965244420009812,51
HF,22,21,EAS,0.001,0.963707592718095,51
HF,22,21,AFR,0.001,0.744097511437533,51
HF,22,21,CSA,0.001,0.958235273731948,51
HF,22,21,AMR,0.001,0.933357313594136,51
HF,22,21,MELD_lambda0_afproj,0.01,0.96505256727449,51
HF,22,21,MELD_lambda0_reportN,0.01,0.962912374868162,51
HF,22,21,MELD_lambda0_equal,0.01,0.939988049192104,51
HF,22,21,MELD_lambda1_afproj,0.01,0.96444631405478,51
HF,22,21,EUR,0.01,0.966218005234583,51
HF,22,21,EAS,0.01,0.968751999360788,51
HF,22,21,AFR,0.01,0.740166765024101,51
HF,22,21,CSA,0.01,0.962655833841318,51
HF,22,21,AMR,0.01,0.936963924258935,51
HF,22,21,MELD_lambda0_afproj,0.1,0.95830721719148,51
HF,22,21,MELD_lambda0_reportN,0.1,0.956508054635952,51
HF,22,21,MELD_lambda0_equal,0.1,0.933708564718885,51
HF,22,21,MELD_lambda1_afproj,0.1,0.9566396126513,51
HF,22,21,EUR,0.1,0.961760496179869,51
HF,22,21,EAS,0.1,0.955955578077113,51
HF,22,21,AFR,0.1,0.728408646874701,51
HF,22,21,CSA,0.1,0.95968042215038,51
HF,22,21,AMR,0.1,0.934356196290119,51
HF,22,22,MELD_lambda0_afproj,0.001,0.910446661959772,152
HF,22,22,MELD_lambda0_reportN,0.001,0.903710593223314,152
HF,22,22,MELD_lambda0_equal,0.001,0.901319404223889,152
HF,22,22,MELD_lambda1_afproj,0.001,0.905271074164147,152
HF,22,22,EUR,0.001,0.885022596720579,152
HF,22,22,EAS,0.001,0.624913553766967,152
HF,22,22,AFR,0.001,0.557745051635593,152
HF,22,22,CSA,0.001,0.866426481510031,152
HF,22,22,AMR,0.001,0.906937252566851,152
HF,22,22,MELD_lambda0_afproj,0.01,0.93991771372195,152
HF,22,22,MELD_lambda0_reportN,0.01,0.938144436493296,152
HF,22,22,MELD_lambda0_equal,0.01,0.912886131004625,152
HF,22,22,MELD_lambda1_afproj,0.01,0.936801041314982,152
HF,22,22,EUR,0.01,0.930777970443766,152
HF,22,22,EAS,0.01,0.813942853921135,152
HF,22,22,AFR,0.01,0.693918532875108,152
HF,22,22,CSA,0.01,0.884222510088051,152
HF,22,22,AMR,0.01,0.912063466556709,152
HF,22,22,MELD_lambda0_afproj,0.1,0.936261688583544,152
HF,22,22,MELD_lambda0_reportN,0.1,0.93572745806778,152
HF,22,22,MELD_lambda0_equal,0.1,0.915772710078259,152
HF,22,22,MELD_lambda1_afproj,0.1,0.933803456057373,152
HF,22,22,EUR,0.1,0.932686383101625,152
HF,22,22,EAS,0.1,0.844042226790227,152
HF,22,22,AFR,0.1,0.75460043671868,152
HF,22,22,CSA,0.1,0.887398671165854,152
HF,22,22,AMR,0.1,0.888986070999021,152
HF,22,23,MELD_lambda0_afproj,0.001,0.910886262217502,166
HF,22,23,MELD_lambda0_reportN,0.001,0.911748458080424,166
HF,22,23,MELD_lambda0_equal,0.001,0.868536970300561,166
HF,22,23,MELD_lambda1_afproj,0.001,0.899889670760419,166
HF,22,23,EUR,0.001,0.843501377103791,166
HF,22,23,EAS,0.001,0.623663839737014,166
HF,22,23,AFR,0.001,0.658721638781873,166
HF,22,23,CSA,0.001,0.852336720197394,166
HF,22,23,AMR,0.001,0.742349977859406,166
HF,22,23,MELD_lambda0_afproj,0.01,0.908050942758158,166
HF,22,23,MELD_lambda0_reportN,0.01,0.910364803523762,166
HF,22,23,MELD_lambda0_equal,0.01,0.866602979851065,166
HF,22,23,MELD_lambda1_afproj,0.01,0.898602206211277,166
HF,22,23,EUR,0.01,0.859499270680428,166
HF,22,23,EAS,0.01,0.708952204740601,166
HF,22,23,AFR,0.01,0.661022047459616,166
HF,22,23,CSA,0.01,0.849463915476513,166
HF,22,23,AMR,0.01,0.804992456144003,166
HF,22,23,MELD_lambda0_afproj,0.1,0.891956102889725,166
HF,22,23,MELD_lambda0_reportN,0.1,0.895478932673701,166
HF,22,23,MELD_lambda0_equal,0.1,0.851060521070461,166
HF,22,23,MELD_lambda1_afproj,0.1,0.882326967417694,166
HF,22,23,EUR,0.1,0.86651044857649,166
HF,22,23,EAS,0.1,0.696093280337171,166
HF,22,23,AFR,0.1,0.643476863080938,166
HF,22,23,CSA,0.1,0.808492376622704,166
HF,22,23,AMR,0.1,0.8336420036119,166
HF,22,25,MELD_lambda0_afproj,0.001,0.908151434252015,115
HF,22,25,MELD_lambda0_reportN,0.001,0.906476085681819,115
HF,22,25,MELD_lambda0_equal,0.001,0.897504611077241,115
HF,22,25,MELD_lambda1_afproj,0.001,0.91787321338263,115
HF,22,25,EUR,0.001,0.899268144040781,115
HF,22,25,EAS,0.001,0.763100520389976,115
HF,22,25,AFR,0.001,0.740355136660695,115
HF,22,25,CSA,0.001,0.890636369832206,115
HF,22,25,AMR,0.001,0.847933010931161,115
HF,22,25,MELD_lambda0_afproj,0.01,0.915767636703457,115
HF,22,25,MELD_lambda0_reportN,0.01,0.914674865449855,115
HF,22,25,MELD_lambda0_equal,0.01,0.907753702129427,115
HF,22,25,MELD_lambda1_afproj,0.01,0.923035391524228,115
HF,22,25,EUR,0.01,0.909447392600415,115
HF,22,25,EAS,0.01,0.766842909667518,115
HF,22,25,AFR,0.01,0.736600214413963,115
HF,22,25,CSA,0.01,0.914531024848174,115
HF,22,25,AMR,0.01,0.877349570479635,115
HF,22,25,MELD_lambda0_afproj,0.1,0.922012999309499,115
HF,22,25,MELD_lambda0_reportN,0.1,0.921908377686923,115
HF,22,25,MELD_lambda0_equal,0.1,0.915212415035914,115
HF,22,25,MELD_lambda1_afproj,0.1,0.929931645717162,115
HF,22,25,EUR,0.1,0.91635771941148,115
HF,22,25,EAS,0.1,0.769942140612339,115
HF,22,25,AFR,0.1,0.760242236709418,115
HF,22,25,CSA,0.1,0.908729838562565,115
HF,22,25,AMR,0.1,0.894189866286901,115
HF,22,26,MELD_lambda0_afproj,0.001,0.927994661697342,184
HF,22,26,MELD_lambda0_reportN,0.001,0.924113555371567,184
HF,22,26,MELD_lambda0_equal,0.001,0.887523325721435,184
HF,22,26,MELD_lambda1_afproj,0.001,0.928181928001271,184
HF,22,26,EUR,0.001,0.832989560553482,184
HF,22,26,EAS,0.001,0.834730741867447,184
HF,22,26,AFR,0.001,0.482760012576558,184
HF,22,26,CSA,0.001,0.848690232932427,184
HF,22,26,AMR,0.001,0.844405170985493,184
HF,22,26,MELD_lambda0_afproj,0.01,0.929531423935744,184
HF,22,26,MELD_lambda0_reportN,0.01,0.926772273355708,184
HF,22,26,MELD_lambda0_equal,0.01,0.882771260511721,184
HF,22,26,MELD_lambda1_afproj,0.01,0.927367948179284,184
HF,22,26,EUR,0.01,0.875904151297936,184
HF,22,26,EAS,0.01,0.862532855874142,184
HF,22,26,AFR,0.01,0.538014347639684,184
HF,22,26,CSA,0.01,0.864338657907625,184
HF,22,26,AMR,0.01,0.849630257860749,184
HF,22,26,MELD_lambda0_afproj,0.1,0.898262545372644,184
HF,22,26,MELD_lambda0_reportN,0.1,0.89605051033565,184
HF,22,26,MELD_lambda0_equal,0.1,0.852405191209832,184
HF,22,26,MELD_lambda1_afproj,0.1,0.892728779587451,184
HF,22,26,EUR,0.1,0.865509374861984,184
HF,22,26,EAS,0.1,0.854344480766825,184
HF,22,26,AFR,0.1,0.553204210193622,184
HF,22,26,CSA,0.1,0.832504627552296,184
HF,22,26,AMR,0.1,0.812070493518423,184
HF,22,27,MELD_lambda0_afproj,0.001,0.891763991503052,340
HF,22,27,MELD_lambda0_reportN,0.001,0.884778798665513,340
HF,22,27,MELD_lambda0_equal,0.001,0.897242601673269,340
HF,22,27,MELD_lambda1_afproj,0.001,0.884827679620574,340
HF,22,27,EUR,0.001,0.788512807410007,340
HF,22,27,EAS,0.001,0.604424547602024,340
HF,22,27,AFR,0.001,0.516900395748204,340
HF,22,27,CSA,0.001,0.814847128468415,340
HF,22,27,AMR,0.001,0.575417909806739,340
HF,22,27,MELD_lambda0_afproj,0.01,0.903714392208739,340
HF,22,27,MELD_lambda0_reportN,0.01,0.901139426128038,340
HF,22,27,MELD_lambda0_equal,0.01,0.885625553410763,340
HF,22,27,MELD_lambda1_afproj,0.01,0.908418709679896,340
HF,22,27,EUR,0.01,0.849001479343101,340
HF,22,27,EAS,0.01,0.781078601514084,340
HF,22,27,AFR,0.01,0.584229235188854,340
HF,22,27,CSA,0.01,0.822733026530766,340
HF,22,27,AMR,0.01,0.709131756787283,340
HF,22,27,MELD_lambda0_afproj,0.1,0.890089863323929,340
HF,22,27,MELD_lambda0_reportN,0.1,0.887446658195584,340
HF,22,27,MELD_lambda0_equal,0.1,0.876712506629889,340
HF,22,27,MELD_lambda1_afproj,0.1,0.89299708096949,340
HF,22,27,EUR,0.1,0.844559246663311,340
HF,22,27,EAS,0.1,0.783034303991894,340
HF,22,27,AFR,0.1,0.672389249570697,340
HF,22,27,CSA,0.1,0.820309176996398,340
HF,22,27,AMR,0.1,0.750861702491365,340
HF,22,28,MELD_lambda0_afproj,0.001,0.887368645041193,218
HF,22,28,MELD_lambda0_reportN,0.001,0.887579184589992,218
HF,22,28,MELD_lambda0_equal,0.001,0.874857600080539,218
HF,22,28,MELD_lambda1_afproj,0.001,0.883862347364961,218
HF,22,28,EUR,0.001,0.768435617393765,218
HF,22,28,EAS,0.001,0.642559382967351,218
HF,22,28,AFR,0.001,0.439210250698624,218
HF,22,28,CSA,0.001,0.837256635907596,218
HF,22,28,AMR,0.001,0.764611215144471,218
HF,22,28,MELD_lambda0_afproj,0.01,0.899339161044021,218
HF,22,28,MELD_lambda0_reportN,0.01,0.898884696549126,218
HF,22,28,MELD_lambda0_equal,0.01,0.880771991644077,218
HF,22,28,MELD_lambda1_afproj,0.01,0.899409086873242,218
HF,22,28,EUR,0.01,0.826072873132497,218
HF,22,28,EAS,0.01,0.70111543610567,218
HF,22,28,AFR,0.01,0.478159185717005,218
HF,22,28,CSA,0.01,0.852312813291554,218
HF,22,28,AMR,0.01,0.812518297851173,218
HF,22,28,MELD_lambda0_afproj,0.1,0.896071319803925,218
HF,22,28,MELD_lambda0_reportN,0.1,0.895283940432892,218
HF,22,28,MELD_lambda0_equal,0.1,0.878751433492945,218
HF,22,28,MELD_lambda1_afproj,0.1,0.896475303807212,218
HF,22,28,EUR,0.1,0.85081106350359,218
HF,22,28,EAS,0.1,0.710100792139125,218
HF,22,28,AFR,0.1,0.50958761337142,218
HF,22,28,CSA,0.1,0.85993119533293,218
HF,22,28,AMR,0.1,0.80996748540002,218
HF,22,29,MELD_lambda0_afproj,0.001,0.977082523212398,294
HF,22,29,MELD_lambda0_reportN,0.001,0.977640274026085,294
HF,22,29,MELD_lambda0_equal,0.001,0.97187884153665,294
HF,22,29,MELD_lambda1_afproj,0.001,0.974988810630665,294
HF,22,29,EUR,0.001,0.958651845143518,294
HF,22,29,EAS,0.001,0.678013465500715,294
HF,22,29,AFR,0.001,0.701439527523899,294
HF,22,29,CSA,0.001,0.835921769482061,294
HF,22,29,AMR,0.001,0.931624218754425,294
HF,22,29,MELD_lambda0_afproj,0.01,0.984023501728105,294
HF,22,29,MELD_lambda0_reportN,0.01,0.984356628708866,294
HF,22,29,MELD_lambda0_equal,0.01,0.975362618403249,294
HF,22,29,MELD_lambda1_afproj,0.01,0.982529363181758,294
HF,22,29,EUR,0.01,0.971970677040349,294
HF,22,29,EAS,0.01,0.923798189229717,294
HF,22,29,AFR,0.01,0.798546380099636,294
HF,22,29,CSA,0.01,0.929304587692649,294
HF,22,29,AMR,0.01,0.952639879349545,294
HF,22,29,MELD_lambda0_afproj,0.1,0.979779705427548,294
HF,22,29,MELD_lambda0_reportN,0.1,0.979799754559989,294
HF,22,29,MELD_lambda0_equal,0.1,0.97325270592105,294
HF,22,29,MELD_lambda1_afproj,0.1,0.979404897888939,294
HF,22,29,EUR,0.1,0.967940996431554,294
HF,22,29,EAS,0.1,0.947419542605458,294
HF,22,29,AFR,0.1,0.80088824367895,294
HF,22,29,CSA,0.1,0.947935093281577,294
HF,22,29,AMR,0.1,0.944951891181636,294
HF,22,31,MELD_lambda0_afproj,0.001,0.97105658911472,361
HF,22,31,MELD_lambda0_reportN,0.001,0.97269153504616,361
HF,22,31,MELD_lambda0_equal,0.001,0.868664893209389,361
HF,22,31,MELD_lambda1_afproj,0.001,0.972491049980432,361
HF,22,31,EUR,0.001,0.957745716433031,361
HF,22,31,EAS,0.001,0.725751139220474,361
HF,22,31,AFR,0.001,0.693757834883331,361
HF,22,31,CSA,0.001,0.798782489165222,361
HF,22,31,AMR,0.001,0.848795704662148,361
HF,22,31,MELD_lambda0_afproj,0.01,0.979757888525896,361
HF,22,31,MELD_lambda0_reportN,0.01,0.980110119916375,361
HF,22,31,MELD_lambda0_equal,0.01,0.962512015583786,361
HF,22,31,MELD_lambda1_afproj,0.01,0.979528901965107,361
HF,22,31,EUR,0.01,0.965464607418789,361
HF,22,31,EAS,0.01,0.857733468435334,361
HF,22,31,AFR,0.01,0.829696477188793,361
HF,22,31,CSA,0.01,0.945876980125725,361
HF,22,31,AMR,0.01,0.941530476851982,361
HF,22,31,MELD_lambda0_afproj,0.1,0.972860264654487,361
HF,22,31,MELD_lambda0_reportN,0.1,0.972951311577862,361
HF,22,31,MELD_lambda0_equal,0.1,0.96524345324268,361
HF,22,31,MELD_lambda1_afproj,0.1,0.971968975741374,361
HF,22,31,EUR,0.1,0.960145683217093,361
HF,22,31,EAS,0.1,0.870091295734399,361
HF,22,31,AFR,0.1,0.859965613640726,361
HF,22,31,CSA,0.1,0.948995071455653,361
HF,22,31,AMR,0.1,0.947838117427282,361
HF,22,32,MELD_lambda0_afproj,0.001,0.903321761493991,113
HF,22,32,MELD_lambda0_reportN,0.001,0.901044330171205,113
HF,22,32,MELD_lambda0_equal,0.001,0.938054276562386,113
HF,22,32,MELD_lambda1_afproj,0.001,0.904463037811127,113
HF,22,32,EUR,0.001,0.855748396959032,113
HF,22,32,EAS,0.001,0.702788079042496,113
HF,22,32,AFR,0.001,0.77415447145429,113
HF,22,32,CSA,0.001,0.869438996366459,113
HF,22,32,AMR,0.001,0.758928579037858,113
HF,22,32,MELD_lambda0_afproj,0.01,0.917031236617744,113
HF,22,32,MELD_lambda0_reportN,0.01,0.918100271397723,113
HF,22,32,MELD_lambda0_equal,0.01,0.929483569637391,113
HF,22,32,MELD_lambda1_afproj,0.01,0.915770309553559,113
HF,22,32,EUR,0.01,0.889657167597608,113
HF,22,32,EAS,0.01,0.776104352916012,113
HF,22,32,AFR,0.01,0.781628817203326,113
HF,22,32,CSA,0.01,0.916329125419576,113
HF,22,32,AMR,0.01,0.861154533253308,113
HF,22,32,MELD_lambda0_afproj,0.1,0.905308627583999,113
HF,22,32,MELD_lambda0_reportN,0.1,0.905599590176465,113
HF,22,32,MELD_lambda0_equal,0.1,0.907993589514632,113
HF,22,32,MELD_lambda1_afproj,0.1,0.906988203808778,113
HF,22,32,EUR,0.1,0.898447950736353,113
HF,22,32,EAS,0.1,0.824905662259089,113
HF,22,32,AFR,0.1,0.74151540704553,113
HF,22,32,CSA,0.1,0.919127722667051,113
HF,22,32,AMR,0.1,0.88338928592094,113
HF,22,34,MELD_lambda0_afproj,0.001,0.952475376017801,304
HF,22,34,MELD_lambda0_reportN,0.001,0.950433880132929,304
HF,22,34,MELD_lambda0_equal,0.001,0.907738902726926,304
HF,22,34,MELD_lambda1_afproj,0.001,0.947262517216524,304
HF,22,34,EUR,0.001,0.897382884905139,304
HF,22,34,EAS,0.001,0.772969636737901,304
HF,22,34,AFR,0.001,0.607399135057535,304
HF,22,34,CSA,0.001,0.85990367734987,304
HF,22,34,AMR,0.001,0.749115714539002,304
HF,22,34,MELD_lambda0_afproj,0.01,0.955758095896241,304
HF,22,34,MELD_lambda0_reportN,0.01,0.955221314011489,304
HF,22,34,MELD_lambda0_equal,0.01,0.936700276516209,304
HF,22,34,MELD_lambda1_afproj,0.01,0.953197499909858,304
HF,22,34,EUR,0.01,0.92551163227392,304
HF,22,34,EAS,0.01,0.879805109129955,304
HF,22,34,AFR,0.01,0.769571662188289,304
HF,22,34,CSA,0.01,0.873870380839522,304
HF,22,34,AMR,0.01,0.803040856423555,304
HF,22,34,MELD_lambda0_afproj,0.1,0.940159272630212,304
HF,22,34,MELD_lambda0_reportN,0.1,0.940510600466432,304
HF,22,34,MELD_lambda0_equal,0.1,0.925862528898204,304
HF,22,34,MELD_lambda1_afproj,0.1,0.938464542847503,304
HF,22,34,EUR,0.1,0.911770388529579,304
HF,22,34,EAS,0.1,0.856205607572957,304
HF,22,34,AFR,0.1,0.746025737977117,304
HF,22,34,CSA,0.1,0.869250985428272,304
HF,22,34,AMR,0.1,0.834405280956876,304
HF,22,37,MELD_lambda0_afproj,0.001,0.896169052357537,662
HF,22,37,MELD_lambda0_reportN,0.001,0.895880906403458,662
HF,22,37,MELD_lambda0_equal,0.001,0.906721974782153,662
HF,22,37,MELD_lambda1_afproj,0.001,0.89393710069915,662
HF,22,37,EUR,0.001,0.754227894116579,662
HF,22,37,EAS,0.001,0.634523638475411,662
HF,22,37,AFR,0.001,0.305884686654499,662
HF,22,37,CSA,0.001,0.683524358487675,662
HF,22,37,AMR,0.001,0.743754760016086,662
HF,22,37,MELD_lambda0_afproj,0.01,0.921837720798334,662
HF,22,37,MELD_lambda0_reportN,0.01,0.919446416561444,662
HF,22,37,MELD_lambda0_equal,0.01,0.927639402012475,662
HF,22,37,MELD_lambda1_afproj,0.01,0.920590769769351,662
HF,22,37,EUR,0.01,0.847295204676312,662
HF,22,37,EAS,0.01,0.782237124665502,662
HF,22,37,AFR,0.01,0.516702087396927,662
HF,22,37,CSA,0.01,0.819017400302706,662
HF,22,37,AMR,0.01,0.817445303778457,662
HF,22,37,MELD_lambda0_afproj,0.1,0.914244385757464,662
HF,22,37,MELD_lambda0_reportN,0.1,0.911836976716751,662
HF,22,37,MELD_lambda0_equal,0.1,0.921220891328763,662
HF,22,37,MELD_lambda1_afproj,0.1,0.914318516071899,662
HF,22,37,EUR,0.1,0.871237919434814,662
HF,22,37,EAS,0.1,0.814408908733664,662
HF,22,37,AFR,0.1,0.578315140317468,662
HF,22,37,CSA,0.1,0.861101528772449,662
HF,22,37,AMR,0.1,0.805780613696208,662
HF,22,38,MELD_lambda0_afproj,0.001,0.945543551321545,40
HF,22,38,MELD_lambda0_reportN,0.001,0.947554875431872,40
HF,22,38,MELD_lambda0_equal,0.001,0.917602904254566,40
HF,22,38,MELD_lambda1_afproj,0.001,0.956366329260694,40
HF,22,38,EUR,0.001,0.985142667241205,40
HF,22,38,EAS,0.001,0.90317218551932,40
HF,22,38,AFR,0.001,0.856298021272823,40
HF,22,38,CSA,0.001,0.932054864707979,40
HF,22,38,AMR,0.001,0.935673229896169,40
HF,22,38,MELD_lambda0_afproj,0.01,0.950548308973022,40
HF,22,38,MELD_lambda0_reportN,0.01,0.951632484894046,40
HF,22,38,MELD_lambda0_equal,0.01,0.920335767686532,40
HF,22,38,MELD_lambda1_afproj,0.01,0.959619227410485,40
HF,22,38,EUR,0.01,0.986651114073014,40
HF,22,38,EAS,0.01,0.863791215113383,40
HF,22,38,AFR,0.01,0.855082749822811,40
HF,22,38,CSA,0.01,0.949468099834902,40
HF,22,38,AMR,0.01,0.947583778943921,40
HF,22,38,MELD_lambda0_afproj,0.1,0.9406910645791,40
HF,22,38,MELD_lambda0_reportN,0.1,0.941375267327127,40
HF,22,38,MELD_lambda0_equal,0.1,0.926701505771434,40
HF,22,38,MELD_lambda1_afproj,0.1,0.940115990357136,40
HF,22,38,EUR,0.1,0.943579854540192,40
HF,22,38,EAS,0.1,0.835118841340127,40
HF,22,38,AFR,0.1,0.857132380082165,40
HF,22,38,CSA,0.1,0.921849432755706,40
HF,22,38,AMR,0.1,0.953056515590473,40
HF,22,39,MELD_lambda0_afproj,0.001,0.931750534512098,168
HF,22,39,MELD_lambda0_reportN,0.001,0.932485537429687,168
HF,22,39,MELD_lambda0_equal,0.001,0.928284661987173,168
HF,22,39,MELD_lambda1_afproj,0.001,0.921191404515268,168
HF,22,39,EUR,0.001,0.839816638981993,168
HF,22,39,EAS,0.001,0.740824358407057,168
HF,22,39,AFR,0.001,0.712636718624526,168
HF,22,39,CSA,0.001,0.891278349053576,168
HF,22,39,AMR,0.001,0.629623325110364,168
HF,22,39,MELD_lambda0_afproj,0.01,0.928111881959901,168
HF,22,39,MELD_lambda0_reportN,0.01,0.929614302155584,168
HF,22,39,MELD_lambda0_equal,0.01,0.934029824024509,168
HF,22,39,MELD_lambda1_afproj,0.01,0.919008119103537,168
HF,22,39,EUR,0.01,0.874428270900192,168
HF,22,39,EAS,0.01,0.853318382852412,168
HF,22,39,AFR,0.01,0.791862257252427,168
HF,22,39,CSA,0.01,0.915972070056243,168
HF,22,39,AMR,0.01,0.838311577143383,168
HF,22,39,MELD_lambda0_afproj,0.1,0.912744916307553,168
HF,22,39,MELD_lambda0_reportN,0.1,0.913208396012043,168
HF,22,39,MELD_lambda0_equal,0.1,0.915043934534229,168
HF,22,39,MELD_lambda1_afproj,0.1,0.909427362211318,168
HF,22,39,EUR,0.1,0.881799708591041,168
HF,22,39,EAS,0.1,0.852042449220653,168
HF,22,39,AFR,0.1,0.780465457891691,168
HF,22,39,CSA,0.1,0.904329529051624,168
HF,22,39,AMR,0.1,0.85575411575142,168
HF,22,40,MELD_lambda0_afproj,0.001,0.772676483647587,37
HF,22,40,MELD_lambda0_reportN,0.001,0.774168196774129,37
HF,22,40,MELD_lambda0_equal,0.001,0.773691277117504,37
HF,22,40,MELD_lambda1_afproj,0.001,0.769304469224138,37
HF,22,40,EUR,0.001,0.845651996269575,37
HF,22,40,EAS,0.001,0.785299803658596,37
HF,22,40,AFR,0.001,0.732057806829532,37
HF,22,40,CSA,0.001,0.945260396585081,37
HF,22,40,AMR,0.001,0.891016635601427,37
HF,22,40,MELD_lambda0_afproj,0.01,0.821292111436038,37
HF,22,40,MELD_lambda0_reportN,0.01,0.818508527151004,37
HF,22,40,MELD_lambda0_equal,0.01,0.776269122927554,37
HF,22,40,MELD_lambda1_afproj,0.01,0.814726822558683,37
HF,22,40,EUR,0.01,0.882954081167551,37
HF,22,40,EAS,0.01,0.762948727405816,37
HF,22,40,AFR,0.01,0.737983254358004,37
HF,22,40,CSA,0.01,0.974469460425591,37
HF,22,40,AMR,0.01,0.896728707189595,37
HF,22,40,MELD_lambda0_afproj,0.1,0.929850703051639,37
HF,22,40,MELD_lambda0_reportN,0.1,0.929709368057453,37
HF,22,40,MELD_lambda0_equal,0.1,0.958482554287797,37
HF,22,40,MELD_lambda1_afproj,0.1,0.918982113512689,37
HF,22,40,EUR,0.1,0.915390609244549,37
HF,22,40,EAS,0.1,0.623931804283969,37
HF,22,40,AFR,0.1,0.750833235138239,37
HF,22,40,CSA,0.1,0.965072299098435,37
HF,22,40,AMR,0.1,0.945066638971847,37
HF,22,41,MELD_lambda0_afproj,0.001,0.946571795202815,244
HF,22,41,MELD_lambda0_reportN,0.001,0.946094600681526,244
HF,22,41,MELD_lambda0_equal,0.001,0.918265857309242,244
HF,22,41,MELD_lambda1_afproj,0.001,0.949964001001453,244
HF,22,41,EUR,0.001,0.924819507214611,244
HF,22,41,EAS,0.001,0.680976533072018,244
HF,22,41,AFR,0.001,0.562607691238681,244
HF,22,41,CSA,0.001,0.824837302239668,244
HF,22,41,AMR,0.001,0.855699550206633,244
HF,22,41,MELD_lambda0_afproj,0.01,0.940972690397052,244
HF,22,41,MELD_lambda0_reportN,0.01,0.939857901130713,244
HF,22,41,MELD_lambda0_equal,0.01,0.92424528739545,244
HF,22,41,MELD_lambda1_afproj,0.01,0.943767164880772,244
HF,22,41,EUR,0.01,0.939507299380484,244
HF,22,41,EAS,0.01,0.857085499925056,244
HF,22,41,AFR,0.01,0.712853534970998,244
HF,22,41,CSA,0.01,0.907491590455544,244
HF,22,41,AMR,0.01,0.909345723313111,244
HF,22,41,MELD_lambda0_afproj,0.1,0.930076362606768,244
HF,22,41,MELD_lambda0_reportN,0.1,0.929558781755925,244
HF,22,41,MELD_lambda0_equal,0.1,0.912740411784007,244
HF,22,41,MELD_lambda1_afproj,0.1,0.92984490677982,244
HF,22,41,EUR,0.1,0.927854632106616,244
HF,22,41,EAS,0.1,0.846040722750036,244
HF,22,41,AFR,0.1,0.73822608535487,244
HF,22,41,CSA,0.1,0.897780381859934,244
HF,22,41,AMR,0.1,0.899283510957759,244
HF,22,42,MELD_lambda0_afproj,0.001,0.829176493430744,240
HF,22,42,MELD_lambda0_reportN,0.001,0.826577198536539,240
HF,22,42,MELD_lambda0_equal,0.001,0.831492836116687,240
HF,22,42,MELD_lambda1_afproj,0.001,0.825723618586984,240
HF,22,42,EUR,0.001,0.694023356015621,240
HF,22,42,EAS,0.001,0.657986680256274,240
HF,22,42,AFR,0.001,0.622710537095814,240
HF,22,42,CSA,0.001,0.755014655956827,240
HF,22,42,AMR,0.001,0.677512950948044,240
HF,22,42,MELD_lambda0_afproj,0.01,0.834617620289955,240
HF,22,42,MELD_lambda0_reportN,0.01,0.835492752792086,240
HF,22,42,MELD_lambda0_equal,0.01,0.837363867475871,240
HF,22,42,MELD_lambda1_afproj,0.01,0.832356221525304,240
HF,22,42,EUR,0.01,0.768840270231045,240
HF,22,42,EAS,0.01,0.761750422174294,240
HF,22,42,AFR,0.01,0.74291858689057,240
HF,22,42,CSA,0.01,0.801986929377814,240
HF,22,42,AMR,0.01,0.743228681866114,240
HF,22,42,MELD_lambda0_afproj,0.1,0.80972558622095,240
HF,22,42,MELD_lambda0_reportN,0.1,0.811510896490177,240
HF,22,42,MELD_lambda0_equal,0.1,0.822315708680162,240
HF,22,42,MELD_lambda1_afproj,0.1,0.809095250305889,240
HF,22,42,EUR,0.1,0.777913635070725,240
HF,22,42,EAS,0.1,0.75992140832597,240
HF,22,42,AFR,0.1,0.777231025287987,240
HF,22,42,CSA,0.1,0.76210187775893,240
HF,22,42,AMR,0.1,0.772063916126588,240
HF,22,43,MELD_lambda0_afproj,0.001,0.904949577195633,45
HF,22,43,MELD_lambda0_reportN,0.001,0.906472564753739,45
HF,22,43,MELD_lambda0_equal,0.001,0.895266491862825,45
HF,22,43,MELD_lambda1_afproj,0.001,0.867464850410668,45
HF,22,43,EUR,0.001,0.904569617039896,45
HF,22,43,EAS,0.001,0.827824721221572,45
HF,22,43,AFR,0.001,0.48839831886832,45
HF,22,43,CSA,0.001,0.780202573532781,45
HF,22,43,AMR,0.001,0.814833626505201,45
HF,22,43,MELD_lambda0_afproj,0.01,0.919344719058752,45
HF,22,43,MELD_lambda0_reportN,0.01,0.922219283195768,45
HF,22,43,MELD_lambda0_equal,0.01,0.918897009059498,45
HF,22,43,MELD_lambda1_afproj,0.01,0.897114527692468,45
HF,22,43,EUR,0.01,0.880122018699206,45
HF,22,43,EAS,0.01,0.759863496622221,45
HF,22,43,AFR,0.01,0.497109114141417,45
HF,22,43,CSA,0.01,0.833208879351845,45
HF,22,43,AMR,0.01,0.849426253958914,45
HF,22,43,MELD_lambda0_afproj,0.1,0.954283119683027,45
HF,22,43,MELD_lambda0_reportN,0.1,0.955626946723795,45
HF,22,43,MELD_lambda0_equal,0.1,0.906805642797155,45
HF,22,43,MELD_lambda1_afproj,0.1,0.938372016606685,45
HF,22,43,EUR,0.1,0.880714330398316,45
HF,22,43,EAS,0.1,0.715891440345407,45
HF,22,43,AFR,0.1,0.518086654260293,45
HF,22,43,CSA,0.1,0.884033819731703,45
HF,22,43,AMR,0.1,0.811676092194127,45
HF,22,44,MELD_lambda0_afproj,0.001,0.884854379931295,142
HF,22,44,MELD_lambda0_reportN,0.001,0.884810348454907,142
HF,22,44,MELD_lambda0_equal,0.001,0.811681661894078,142
HF,22,44,MELD_lambda1_afproj,0.001,0.883601377616927,142
HF,22,44,EUR,0.001,0.875478144986037,142
HF,22,44,EAS,0.001,0.788172577771572,142
HF,22,44,AFR,0.001,0.560366725832193,142
HF,22,44,CSA,0.001,0.757893006656027,142
HF,22,44,AMR,0.001,0.773537819612386,142
HF,22,44,MELD_lambda0_afproj,0.01,0.886187704276506,142
HF,22,44,MELD_lambda0_reportN,0.01,0.885564195968588,142
HF,22,44,MELD_lambda0_equal,0.01,0.822664401019479,142
HF,22,44,MELD_lambda1_afproj,0.01,0.882788906210427,142
HF,22,44,EUR,0.01,0.880077369347453,142
HF,22,44,EAS,0.01,0.815653881686126,142
HF,22,44,AFR,0.01,0.562796692981915,142
HF,22,44,CSA,0.01,0.823860599169376,142
HF,22,44,AMR,0.01,0.778985634592846,142
HF,22,44,MELD_lambda0_afproj,0.1,0.87871608486967,142
HF,22,44,MELD_lambda0_reportN,0.1,0.877678571326886,142
HF,22,44,MELD_lambda0_equal,0.1,0.833450917080987,142
HF,22,44,MELD_lambda1_afproj,0.1,0.872669079285046,142
HF,22,44,EUR,0.1,0.880353289196424,142
HF,22,44,EAS,0.1,0.822402666879538,142
HF,22,44,AFR,0.1,0.56237475514463,142
HF,22,44,CSA,0.1,0.842829952771642,142
HF,22,44,AMR,0.1,0.779760149011111,142
HF,22,45,MELD_lambda0_afproj,0.001,0.871612850796751,150
HF,22,45,MELD_lambda0_reportN,0.001,0.871668518571259,150
HF,22,45,MELD_lambda0_equal,0.001,0.870981534138651,150
HF,22,45,MELD_lambda1_afproj,0.001,0.858295125610793,150
HF,22,45,EUR,0.001,0.800607150492969,150
HF,22,45,EAS,0.001,0.726138587635494,150
HF,22,45,AFR,0.001,0.724957026410166,150
HF,22,45,CSA,0.001,0.715190478223351,150
HF,22,45,AMR,0.001,0.716843255953864,150
HF,22,45,MELD_lambda0_afproj,0.01,0.882836736823527,150
HF,22,45,MELD_lambda0_reportN,0.01,0.88337292347135,150
HF,22,45,MELD_lambda0_equal,0.01,0.882481736781956,150
HF,22,45,MELD_lambda1_afproj,0.01,0.869702280363183,150
HF,22,45,EUR,0.01,0.834741509822179,150
HF,22,45,EAS,0.01,0.758135020744601,150
HF,22,45,AFR,0.01,0.751179900986758,150
HF,22,45,CSA,0.01,0.797347660800952,150
HF,22,45,AMR,0.01,0.842224558977989,150
HF,22,45,MELD_lambda0_afproj,0.1,0.89202927750514,150
HF,22,45,MELD_lambda0_reportN,0.1,0.892521947874356,150
HF,22,45,MELD_lambda0_equal,0.1,0.886940670016131,150
HF,22,45,MELD_lambda1_afproj,0.1,0.881910796993978,150
HF,22,45,EUR,0.1,0.871978546660952,150
HF,22,45,EAS,0.1,0.799769968808523,150
HF,22,45,AFR,0.1,0.775812683936589,150
HF,22,45,CSA,0.1,0.820516724427174,150
HF,22,45,AMR,0.1,0.852986405526566,150
HF,22,46,MELD_lambda0_afproj,0.001,0.855684202330016,160
HF,22,46,MELD_lambda0_reportN,0.001,0.859717465433833,160
HF,22,46,MELD_lambda0_equal,0.001,0.835417361286366,160
HF,22,46,MELD_lambda1_afproj,0.001,0.850171623494357,160
HF,22,46,EUR,0.001,0.81258710216268,160
HF,22,46,EAS,0.001,0.785459004164427,160
HF,22,46,AFR,0.001,0.710418146891354,160
HF,22,46,CSA,0.001,0.68594179483331,160
HF,22,46,AMR,0.001,0.683803465037092,160
HF,22,46,MELD_lambda0_afproj,0.01,0.861495275717176,160
HF,22,46,MELD_lambda0_reportN,0.01,0.863883340059677,160
HF,22,46,MELD_lambda0_equal,0.01,0.846873288033155,160
HF,22,46,MELD_lambda1_afproj,0.01,0.858280335987677,160
HF,22,46,EUR,0.01,0.838461628636724,160
HF,22,46,EAS,0.01,0.811141110929864,160
HF,22,46,AFR,0.01,0.71524222131097,160
HF,22,46,CSA,0.01,0.758700719803336,160
HF,22,46,AMR,0.01,0.767952659133961,160
HF,22,46,MELD_lambda0_afproj,0.1,0.855866886866735,160
HF,22,46,MELD_lambda0_reportN,0.1,0.856805835356667,160
HF,22,46,MELD_lambda0_equal,0.1,0.856480461204882,160
HF,22,46,MELD_lambda1_afproj,0.1,0.853136600061541,160
HF,22,46,EUR,0.1,0.845007105043634,160
HF,22,46,EAS,0.1,0.825161588392242,160
HF,22,46,AFR,0.1,0.733052537410565,160
HF,22,46,CSA,0.1,0.805778784775414,160
HF,22,46,AMR,0.1,0.797075988782492,160
HF,22,47,MELD_lambda0_afproj,0.001,0.988035343165946,154
HF,22,47,MELD_lambda0_reportN,0.001,0.987405210920349,154
HF,22,47,MELD_lambda0_equal,0.001,0.984838224449778,154
HF,22,47,MELD_lambda1_afproj,0.001,0.98864458848339,154
HF,22,47,EUR,0.001,0.983422579299711,154
HF,22,47,EAS,0.001,0.938396054686506,154
HF,22,47,AFR,0.001,0.902315626686638,154
HF,22,47,CSA,0.001,0.98488690342391,154
HF,22,47,AMR,0.001,0.975842079682917,154
HF,22,47,MELD_lambda0_afproj,0.01,0.99065917810599,154
HF,22,47,MELD_lambda0_reportN,0.01,0.990310691792874,154
HF,22,47,MELD_lambda0_equal,0.01,0.985938092002615,154
HF,22,47,MELD_lambda1_afproj,0.01,0.99133956556578,154
HF,22,47,EUR,0.01,0.988518221064031,154
HF,22,47,EAS,0.01,0.928912953157421,154
HF,22,47,AFR,0.01,0.910216257918348,154
HF,22,47,CSA,0.01,0.986510160794622,154
HF,22,47,AMR,0.01,0.980368874277199,154
HF,22,47,MELD_lambda0_afproj,0.1,0.98573912502696,154
HF,22,47,MELD_lambda0_reportN,0.1,0.985819650071295,154
HF,22,47,MELD_lambda0_equal,0.1,0.981519522062163,154
HF,22,47,MELD_lambda1_afproj,0.1,0.986901638965832,154
HF,22,47,EUR,0.1,0.98475214234168,154
HF,22,47,EAS,0.1,0.917053815335438,154
HF,22,47,AFR,0.1,0.904711955502689,154
HF,22,47,CSA,0.1,0.975138776621657,154
HF,22,47,AMR,0.1,0.976945814523909,154
HF,22,48,MELD_lambda0_afproj,0.001,0.959539984875028,119
HF,22,48,MELD_lambda0_reportN,0.001,0.958414718724105,119
HF,22,48,MELD_lambda0_equal,0.001,0.921463579105174,119
HF,22,48,MELD_lambda1_afproj,0.001,0.963731710685668,119
HF,22,48,EUR,0.001,0.957778956384168,119
HF,22,48,EAS,0.001,0.855355443088434,119
HF,22,48,AFR,0.001,0.626251560242349,119
HF,22,48,CSA,0.001,0.908070718646539,119
HF,22,48,AMR,0.001,0.859330426940358,119
HF,22,48,MELD_lambda0_afproj,0.01,0.959655396787236,119
HF,22,48,MELD_lambda0_reportN,0.01,0.959304571740887,119
HF,22,48,MELD_lambda0_equal,0.01,0.925147300669892,119
HF,22,48,MELD_lambda1_afproj,0.01,0.965623876719958,119
HF,22,48,EUR,0.01,0.952503718104952,119
HF,22,48,EAS,0.01,0.882080243533417,119
HF,22,48,AFR,0.01,0.791614530382118,119
HF,22,48,CSA,0.01,0.939772285340208,119
HF,22,48,AMR,0.01,0.857919491509711,119
HF,22,48,MELD_lambda0_afproj,0.1,0.94977047624632,119
HF,22,48,MELD_lambda0_reportN,0.1,0.949298495824032,119
HF,22,48,MELD_lambda0_equal,0.1,0.917762369615958,119
HF,22,48,MELD_lambda1_afproj,0.1,0.958674609854268,119
HF,22,48,EUR,0.1,0.935676128818601,119
HF,22,48,EAS,0.1,0.894910460251989,119
HF,22,48,AFR,0.1,0.807540556063738,119
HF,22,48,CSA,0.1,0.929259040816926,119
HF,22,48,AMR,0.1,0.861059955358148,119
HF,22,49,MELD_lambda0_afproj,0.001,0.77265795204706,159
HF,22,49,MELD_lambda0_reportN,0.001,0.780153732280559,159
HF,22,49,MELD_lambda0_equal,0.001,0.81494000849979,159
HF,22,49,MELD_lambda1_afproj,0.001,0.770785767877549,159
HF,22,49,EUR,0.001,0.627453971291683,159
HF,22,49,EAS,0.001,0.613868747537485,159
HF,22,49,AFR,0.001,0.638755282561703,159
HF,22,49,CSA,0.001,0.69305466891596,159
HF,22,49,AMR,0.001,0.693416655744281,159
HF,22,49,MELD_lambda0_afproj,0.01,0.783050929720095,159
HF,22,49,MELD_lambda0_reportN,0.01,0.782713019563665,159
HF,22,49,MELD_lambda0_equal,0.01,0.802576244360957,159
HF,22,49,MELD_lambda1_afproj,0.01,0.787302828543,159
HF,22,49,EUR,0.01,0.686253021799203,159
HF,22,49,EAS,0.01,0.730614988748653,159
HF,22,49,AFR,0.01,0.654794264720761,159
HF,22,49,CSA,0.01,0.740411126829413,159
HF,22,49,AMR,0.01,0.76081431040356,159
HF,22,49,MELD_lambda0_afproj,0.1,0.77202047163958,159
HF,22,49,MELD_lambda0_reportN,0.1,0.769088097152597,159
HF,22,49,MELD_lambda0_equal,0.1,0.783803938649317,159
HF,22,49,MELD_lambda1_afproj,0.1,0.77810580055076,159
HF,22,49,EUR,0.1,0.721124719100244,159
HF,22,49,EAS,0.1,0.72105066602198,159
HF,22,49,AFR,0.1,0.643913363591742,159
HF,22,49,CSA,0.1,0.763074844200048,159
HF,22,49,AMR,0.1,0.766745598789969,159
HF,22,50,MELD_lambda0_afproj,0.001,0.819476597558468,97
HF,22,50,MELD_lambda0_reportN,0.001,0.822331515656052,97
HF,22,50,MELD_lambda0_equal,0.001,0.665625701719909,97
HF,22,50,MELD_lambda1_afproj,0.001,0.803451493138457,97
HF,22,50,EUR,0.001,0.835287877952575,97
HF,22,50,EAS,0.001,0.374303225108146,97
HF,22,50,AFR,0.001,0.354195055461074,97
HF,22,50,CSA,0.001,0.605590245607721,97
HF,22,50,AMR,0.001,0.619792202822573,97
HF,22,50,MELD_lambda0_afproj,0.01,0.83358442335894,97
HF,22,50,MELD_lambda0_reportN,0.01,0.832134751095846,97
HF,22,50,MELD_lambda0_equal,0.01,0.66246882501836,97
HF,22,50,MELD_lambda1_afproj,0.01,0.814088083490658,97
HF,22,50,EUR,0.01,0.854324899252688,97
HF,22,50,EAS,0.01,0.430047286406538,97
HF,22,50,AFR,0.01,0.364033795332485,97
HF,22,50,CSA,0.01,0.629669325384015,97
HF,22,50,AMR,0.01,0.695737842865717,97
HF,22,50,MELD_lambda0_afproj,0.1,0.808325218579124,97
HF,22,50,MELD_lambda0_reportN,0.1,0.804263268228858,97
HF,22,50,MELD_lambda0_equal,0.1,0.62168370789747,97
HF,22,50,MELD_lambda1_afproj,0.1,0.782906414934873,97
HF,22,50,EUR,0.1,0.834329384153586,97
HF,22,50,EAS,0.1,0.483693262481446,97
HF,22,50,AFR,0.1,0.344038598706809,97
HF,22,50,CSA,0.1,0.635059750398508,97
HF,22,50,AMR,0.1,0.669809951056572,97
HF,22,52,MELD_lambda0_afproj,0.001,0.991583602260619,37
HF,22,52,MELD_lambda0_reportN,0.001,0.990342767076087,37
HF,22,52,MELD_lambda0_equal,0.001,0.989123075681507,37
HF,22,52,MELD_lambda1_afproj,0.001,0.991227171860609,37
HF,22,52,EUR,0.001,0.995418762765965,37
HF,22,52,EAS,0.001,0.961019032323766,37
HF,22,52,AFR,0.001,0.931760153402225,37
HF,22,52,CSA,0.001,0.990695402065484,37
HF,22,52,AMR,0.001,0.98835972443171,37
HF,22,52,MELD_lambda0_afproj,0.01,0.988982582099025,37
HF,22,52,MELD_lambda0_reportN,0.01,0.9886999606476,37
HF,22,52,MELD_lambda0_equal,0.01,0.987925068807365,37
HF,22,52,MELD_lambda1_afproj,0.01,0.98974200742991,37
HF,22,52,EUR,0.01,0.992835291900714,37
HF,22,52,EAS,0.01,0.951316241437989,37
HF,22,52,AFR,0.01,0.932973947243297,37
HF,22,52,CSA,0.01,0.995122100582956,37
HF,22,52,AMR,0.01,0.993049773930607,37
HF,22,52,MELD_lambda0_afproj,0.1,0.974311569492282,37
HF,22,52,MELD_lambda0_reportN,0.1,0.97466903894366,37
HF,22,52,MELD_lambda0_equal,0.1,0.979630226168628,37
HF,22,52,MELD_lambda1_afproj,0.1,0.976082101681992,37
HF,22,52,EUR,0.1,0.979779976356583,37
HF,22,52,EAS,0.1,0.935362132236796,37
HF,22,52,AFR,0.1,0.946127677210287,37
HF,22,52,CSA,0.1,0.986218653812308,37
HF,22,52,AMR,0.1,0.979732174742222,37
HF,22,53,MELD_lambda0_afproj,0.001,0.967671707985715,354
HF,22,53,MELD_lambda0_reportN,0.001,0.967680037518829,354
HF,22,53,MELD_lambda0_equal,0.001,0.955213078391324,354
HF,22,53,MELD_lambda1_afproj,0.001,0.965965284795912,354
HF,22,53,EUR,0.001,0.92890070314865,354
HF,22,53,EAS,0.001,0.723160505309913,354
HF,22,53,AFR,0.001,0.767601746487123,354
HF,22,53,CSA,0.001,0.879571383312289,354
HF,22,53,AMR,0.001,0.917517310004296,354
HF,22,53,MELD_lambda0_afproj,0.01,0.970798891703543,354
HF,22,53,MELD_lambda0_reportN,0.01,0.971442522647018,354
HF,22,53,MELD_lambda0_equal,0.01,0.969282485239554,354
HF,22,53,MELD_lambda1_afproj,0.01,0.96936223135278,354
HF,22,53,EUR,0.01,0.950637713813799,354
HF,22,53,EAS,0.01,0.839412592617801,354
HF,22,53,AFR,0.01,0.863171680399027,354
HF,22,53,CSA,0.01,0.946496157159658,354
HF,22,53,AMR,0.01,0.937420867664759,354
HF,22,53,MELD_lambda0_afproj,0.1,0.968586885760623,354
HF,22,53,MELD_lambda0_reportN,0.1,0.96987873119817,354
HF,22,53,MELD_lambda0_equal,0.1,0.970103253383985,354
HF,22,53,MELD_lambda1_afproj,0.1,0.967227903251297,354
HF,22,53,EUR,0.1,0.954567700641876,354
HF,22,53,EAS,0.1,0.853185663259352,354
HF,22,53,AFR,0.1,0.874309756796412,354
HF,22,53,CSA,0.1,0.94358682655364,354
HF,22,53,AMR,0.1,0.939749945985088,354
HF,22,54,MELD_lambda0_afproj,0.001,0.953038472038186,48
HF,22,54,MELD_lambda0_reportN,0.001,0.955347599641221,48
HF,22,54,MELD_lambda0_equal,0.001,0.950846969689954,48
HF,22,54,MELD_lambda1_afproj,0.001,0.951509979084773,48
HF,22,54,EUR,0.001,0.895666326053637,48
HF,22,54,EAS,0.001,0.858360550380625,48
HF,22,54,AFR,0.001,0.736809147255637,48
HF,22,54,CSA,0.001,0.938305377702519,48
HF,22,54,AMR,0.001,0.778081576117241,48
HF,22,54,MELD_lambda0_afproj,0.01,0.957825708404182,48
HF,22,54,MELD_lambda0_reportN,0.01,0.95939236548967,48
HF,22,54,MELD_lambda0_equal,0.01,0.950118794760177,48
HF,22,54,MELD_lambda1_afproj,0.01,0.959050944880286,48
HF,22,54,EUR,0.01,0.86369282475955,48
HF,22,54,EAS,0.01,0.879285773171871,48
HF,22,54,AFR,0.01,0.727750098066105,48
HF,22,54,CSA,0.01,0.920608142671783,48
HF,22,54,AMR,0.01,0.784812480057231,48
HF,22,54,MELD_lambda0_afproj,0.1,0.943992946265244,48
HF,22,54,MELD_lambda0_reportN,0.1,0.945071876753213,48
HF,22,54,MELD_lambda0_equal,0.1,0.926139607544596,48
HF,22,54,MELD_lambda1_afproj,0.1,0.951300878516818,48
HF,22,54,EUR,0.1,0.80442719661737,48
HF,22,54,EAS,0.1,0.900052359969697,48
HF,22,54,AFR,0.1,0.660174036733405,48
HF,22,54,CSA,0.1,0.83509771338295,48
HF,22,54,AMR,0.1,0.763325920137366,48
HF,22,55,MELD_lambda0_afproj,0.001,0.94176260083557,218
HF,22,55,MELD_lambda0_reportN,0.001,0.940636521517361,218
HF,22,55,MELD_lambda0_equal,0.001,0.913622996248736,218
HF,22,55,MELD_lambda1_afproj,0.001,0.915672514240041,218
HF,22,55,EUR,0.001,0.890959182112162,218
HF,22,55,EAS,0.001,0.631269451132107,218
HF,22,55,AFR,0.001,0.743485337922715,218
HF,22,55,CSA,0.001,0.856789628321919,218
HF,22,55,AMR,0.001,0.636695090054031,218
HF,22,55,MELD_lambda0_afproj,0.01,0.941796880908174,218
HF,22,55,MELD_lambda0_reportN,0.01,0.940399766668839,218
HF,22,55,MELD_lambda0_equal,0.01,0.91694628195883,218
HF,22,55,MELD_lambda1_afproj,0.01,0.927773728217733,218
HF,22,55,EUR,0.01,0.916744330831584,218
HF,22,55,EAS,0.01,0.787058489147536,218
HF,22,55,AFR,0.01,0.762197225937136,218
HF,22,55,CSA,0.01,0.877023071643156,218
HF,22,55,AMR,0.01,0.847995586604872,218
HF,22,55,MELD_lambda0_afproj,0.1,0.927908358148338,218
HF,22,55,MELD_lambda0_reportN,0.1,0.927267802353493,218
HF,22,55,MELD_lambda0_equal,0.1,0.912706663071174,218
HF,22,55,MELD_lambda1_afproj,0.1,0.914702748836214,218
HF,22,55,EUR,0.1,0.911486723298936,218
HF,22,55,EAS,0.1,0.7882250906908,218
HF,22,55,AFR,0.1,0.773695619668514,218
HF,22,55,CSA,0.1,0.89200076326666,218
HF,22,55,AMR,0.1,0.86411236060618,218
HF,22,56,MELD_lambda0_afproj,0.001,0.927698123141499,30
HF,22,56,MELD_lambda0_reportN,0.001,0.927611790070334,30
HF,22,56,MELD_lambda0_equal,0.001,0.898868374559873,30
HF,22,56,MELD_lambda1_afproj,0.001,0.927435727744802,30
HF,22,56,EUR,0.001,0.898340876153063,30
HF,22,56,EAS,0.001,0.780292107124159,30
HF,22,56,AFR,0.001,0.909149723231223,30
HF,22,56,CSA,0.001,0.860550705431089,30
HF,22,56,AMR,0.001,0.934550892891427,30
HF,22,56,MELD_lambda0_afproj,0.01,0.928316603393749,30
HF,22,56,MELD_lambda0_reportN,0.01,0.927413772447009,30
HF,22,56,MELD_lambda0_equal,0.01,0.897414609919705,30
HF,22,56,MELD_lambda1_afproj,0.01,0.926158156129013,30
HF,22,56,EUR,0.01,0.915612225660806,30
HF,22,56,EAS,0.01,0.776516308119844,30
HF,22,56,AFR,0.01,0.902942653414629,30
HF,22,56,CSA,0.01,0.862072485490683,30
HF,22,56,AMR,0.01,0.931330324787872,30
HF,22,56,MELD_lambda0_afproj,0.1,0.936501306807024,30
HF,22,56,MELD_lambda0_reportN,0.1,0.935499520470532,30
HF,22,56,MELD_lambda0_equal,0.1,0.897141629261495,30
HF,22,56,MELD_lambda1_afproj,0.1,0.92865549254207,30
HF,22,56,EUR,0.1,0.962847132323198,30
HF,22,56,EAS,0.1,0.840476325020599,30
HF,22,56,AFR,0.1,0.898374599957232,30
HF,22,56,CSA,0.1,0.878519490836082,30
HF,22,56,AMR,0.1,0.924890059955668,30
HF,22,57,MELD_lambda0_afproj,0.001,0.932024068292393,231
HF,22,57,MELD_lambda0_reportN,0.001,0.929141547829165,231
HF,22,57,MELD_lambda0_equal,0.001,0.912454273038186,231
HF,22,57,MELD_lambda1_afproj,0.001,0.926583815921808,231
HF,22,57,EUR,0.001,0.891897243854033,231
HF,22,57,EAS,0.001,0.591188864929738,231
HF,22,57,AFR,0.001,0.649901236781042,231
HF,22,57,CSA,0.001,0.904516938484327,231
HF,22,57,AMR,0.001,0.810891370271104,231
HF,22,57,MELD_lambda0_afproj,0.01,0.948277256585076,231
HF,22,57,MELD_lambda0_reportN,0.01,0.945743977541808,231
HF,22,57,MELD_lambda0_equal,0.01,0.924553334455147,231
HF,22,57,MELD_lambda1_afproj,0.01,0.944306308936794,231
HF,22,57,EUR,0.01,0.930137664793548,231
HF,22,57,EAS,0.01,0.773851023170751,231
HF,22,57,AFR,0.01,0.769541952887346,231
HF,22,57,CSA,0.01,0.937913103737988,231
HF,22,57,AMR,0.01,0.85629183958254,231
HF,22,57,MELD_lambda0_afproj,0.1,0.943367269873088,231
HF,22,57,MELD_lambda0_reportN,0.1,0.942269085113793,231
HF,22,57,MELD_lambda0_equal,0.1,0.925686931794444,231
HF,22,57,MELD_lambda1_afproj,0.1,0.938316289198346,231
HF,22,57,EUR,0.1,0.932045903433237,231
HF,22,57,EAS,0.1,0.801880680576079,231
HF,22,57,AFR,0.1,0.81700350977772,231
HF,22,57,CSA,0.1,0.922456666433379,231
HF,22,57,AMR,0.1,0.890321415799782,231
HF,22,58,MELD_lambda0_afproj,0.001,0.825204002858359,301
HF,22,58,MELD_lambda0_reportN,0.001,0.819986056987217,301
HF,22,58,MELD_lambda0_equal,0.001,0.815210179247804,301
HF,22,58,MELD_lambda1_afproj,0.001,0.824790635319934,301
HF,22,58,EUR,0.001,0.635758105356388,301
HF,22,58,EAS,0.001,0.658171797291504,301
HF,22,58,AFR,0.001,0.624705133881525,301
HF,22,58,CSA,0.001,0.788455492524539,301
HF,22,58,AMR,0.001,0.657563475608956,301
HF,22,58,MELD_lambda0_afproj,0.01,0.859005698152743,301
HF,22,58,MELD_lambda0_reportN,0.01,0.855289513241361,301
HF,22,58,MELD_lambda0_equal,0.01,0.81836556969656,301
HF,22,58,MELD_lambda1_afproj,0.01,0.854885890783964,301
HF,22,58,EUR,0.01,0.831160481654598,301
HF,22,58,EAS,0.01,0.765905074830895,301
HF,22,58,AFR,0.01,0.659614925084336,301
HF,22,58,CSA,0.01,0.803194502475226,301
HF,22,58,AMR,0.01,0.762591660588862,301
HF,22,58,MELD_lambda0_afproj,0.1,0.863295189582365,301
HF,22,58,MELD_lambda0_reportN,0.1,0.861003652078086,301
HF,22,58,MELD_lambda0_equal,0.1,0.827631506927406,301
HF,22,58,MELD_lambda1_afproj,0.1,0.858888098097473,301
HF,22,58,EUR,0.1,0.848567574253016,301
HF,22,58,EAS,0.1,0.786136112072903,301
HF,22,58,AFR,0.1,0.693138018588279,301
HF,22,58,CSA,0.1,0.805114450347747,301
HF,22,58,AMR,0.1,0.793362777346901,301
HF,22,60,MELD_lambda0_afproj,0.001,0.723272099670853,163
HF,22,60,MELD_lambda0_reportN,0.001,0.726834403379495,163
HF,22,60,MELD_lambda0_equal,0.001,0.664807895318129,163
HF,22,60,MELD_lambda1_afproj,0.001,0.726572870669875,163
HF,22,60,EUR,0.001,0.519946496603442,163
HF,22,60,EAS,0.001,0.640924455687331,163
HF,22,60,AFR,0.001,0.23176395986768,163
HF,22,60,CSA,0.001,0.436974697717166,163
HF,22,60,AMR,0.001,0.397061511622729,163
HF,22,60,MELD_lambda0_afproj,0.01,0.738252772578438,163
HF,22,60,MELD_lambda0_reportN,0.01,0.73934238021663,163
HF,22,60,MELD_lambda0_equal,0.01,0.740772875716572,163
HF,22,60,MELD_lambda1_afproj,0.01,0.741213033660928,163
HF,22,60,EUR,0.01,0.67398126937677,163
HF,22,60,EAS,0.01,0.678125452981586,163
HF,22,60,AFR,0.01,0.271070446452988,163
HF,22,60,CSA,0.01,0.614239522611537,163
HF,22,60,AMR,0.01,0.571595172681117,163
HF,22,60,MELD_lambda0_afproj,0.1,0.752852318922148,163
HF,22,60,MELD_lambda0_reportN,0.1,0.753831389701938,163
HF,22,60,MELD_lambda0_equal,0.1,0.744605942047339,163
HF,22,60,MELD_lambda1_afproj,0.1,0.75400860985258,163
HF,22,60,EUR,0.1,0.727280632203888,163
HF,22,60,EAS,0.1,0.669405521904644,163
HF,22,60,AFR,0.1,0.294355291738311,163
HF,22,60,CSA,0.1,0.659183548733085,163
HF,22,60,AMR,0.1,0.664641006973078,163
HF,22,61,MELD_lambda0_afproj,0.001,0.844768178911078,264
HF,22,61,MELD_lambda0_reportN,0.001,0.840996370310675,264
HF,22,61,MELD_lambda0_equal,0.001,0.809963410657945,264
HF,22,61,MELD_lambda1_afproj,0.001,0.843117670324297,264
HF,22,61,EUR,0.001,0.831649625540339,264
HF,22,61,EAS,0.001,0.770660918460452,264
HF,22,61,AFR,0.001,0.657723584717422,264
HF,22,61,CSA,0.001,0.778959351765662,264
HF,22,61,AMR,0.001,0.592092859350531,264
HF,22,61,MELD_lambda0_afproj,0.01,0.836669160347624,264
HF,22,61,MELD_lambda0_reportN,0.01,0.835014960306441,264
HF,22,61,MELD_lambda0_equal,0.01,0.809652702983623,264
HF,22,61,MELD_lambda1_afproj,0.01,0.835589186460659,264
HF,22,61,EUR,0.01,0.837751391405738,264
HF,22,61,EAS,0.01,0.763045271020539,264
HF,22,61,AFR,0.01,0.672604184824135,264
HF,22,61,CSA,0.01,0.807244538674877,264
HF,22,61,AMR,0.01,0.703384522441427,264
HF,22,61,MELD_lambda0_afproj,0.1,0.81863391651208,264
HF,22,61,MELD_lambda0_reportN,0.1,0.81820055909063,264
HF,22,61,MELD_lambda0_equal,0.1,0.803517186202982,264
HF,22,61,MELD_lambda1_afproj,0.1,0.817789187898019,264
HF,22,61,EUR,0.1,0.825603492983936,264
HF,22,61,EAS,0.1,0.756461286651262,264
HF,22,61,AFR,0.1,0.706360722365589,264
HF,22,61,CSA,0.1,0.800546291605092,264
HF,22,61,AMR,0.1,0.71520618405421,264
HF,22,63,MELD_lambda0_afproj,0.001,0.595418604319505,60
HF,22,63,MELD_lambda0_reportN,0.001,0.597496829493193,60
HF,22,63,MELD_lambda0_equal,0.001,0.539133219926493,60
HF,22,63,MELD_lambda1_afproj,0.001,0.531499499844221,60
HF,22,63,EUR,0.001,0.584726212296456,60
HF,22,63,EAS,0.001,0.677340085482762,60
HF,22,63,AFR,0.001,0.26330615813272,60
HF,22,63,CSA,0.001,0.457375187969157,60
HF,22,63,AMR,0.001,0.412059440402039,60
HF,22,63,MELD_lambda0_afproj,0.01,0.592768435712204,60
HF,22,63,MELD_lambda0_reportN,0.01,0.596835230637858,60
HF,22,63,MELD_lambda0_equal,0.01,0.546279062894118,60
HF,22,63,MELD_lambda1_afproj,0.01,0.532921192261837,60
HF,22,63,EUR,0.01,0.575334636439777,60
HF,22,63,EAS,0.01,0.725651988009128,60
HF,22,63,AFR,0.01,0.271800932091489,60
HF,22,63,CSA,0.01,0.546613634686636,60
HF,22,63,AMR,0.01,0.403437277563052,60
HF,22,63,MELD_lambda0_afproj,0.1,0.593653766557161,60
HF,22,63,MELD_lambda0_reportN,0.1,0.599707701868405,60
HF,22,63,MELD_lambda0_equal,0.1,0.554987004182122,60
HF,22,63,MELD_lambda1_afproj,0.1,0.540491802343833,60
HF,22,63,EUR,0.1,0.588985680206252,60
HF,22,63,EAS,0.1,0.659470952923948,60
HF,22,63,AFR,0.1,0.320303776001286,60
HF,22,63,CSA,0.1,0.563455254536416,60
HF,22,63,AMR,0.1,0.373214398482179,60
HF,22,64,MELD_lambda0_afproj,0.001,0.874278648498992,173
HF,22,64,MELD_lambda0_reportN,0.001,0.877991903991233,173
HF,22,64,MELD_lambda0_equal,0.001,0.858313354192152,173
HF,22,64,MELD_lambda1_afproj,0.001,0.886409214209018,173
HF,22,64,EUR,0.001,0.832709547730854,173
HF,22,64,EAS,0.001,0.657945009683554,173
HF,22,64,AFR,0.001,0.577930930088339,173
HF,22,64,CSA,0.001,0.837760811148552,173
HF,22,64,AMR,0.001,0.789354024655859,173
HF,22,64,MELD_lambda0_afproj,0.01,0.883605455458418,173
HF,22,64,MELD_lambda0_reportN,0.01,0.886779613395064,173
HF,22,64,MELD_lambda0_equal,0.01,0.854751557344851,173
HF,22,64,MELD_lambda1_afproj,0.01,0.893273127113587,173
HF,22,64,EUR,0.01,0.873205948184821,173
HF,22,64,EAS,0.01,0.746068255655032,173
HF,22,64,AFR,0.01,0.591644568673372,173
HF,22,64,CSA,0.01,0.82355734132561,173
HF,22,64,AMR,0.01,0.817468833611609,173
HF,22,64,MELD_lambda0_afproj,0.1,0.873804811601695,173
HF,22,64,MELD_lambda0_reportN,0.1,0.876385595087033,173
HF,22,64,MELD_lambda0_equal,0.1,0.820421752288838,173
HF,22,64,MELD_lambda1_afproj,0.1,0.880767903509126,173
HF,22,64,EUR,0.1,0.886664040571789,173
HF,22,64,EAS,0.1,0.679204252703018,173
HF,22,64,AFR,0.1,0.580833088075682,173
HF,22,64,CSA,0.1,0.803310890891488,173
HF,22,64,AMR,0.1,0.795552578566164,173
HF,22,65,MELD_lambda0_afproj,0.001,0.988963829399118,42
HF,22,65,MELD_lambda0_reportN,0.001,0.98811401315171,42
HF,22,65,MELD_lambda0_equal,0.001,0.975104845266396,42
HF,22,65,MELD_lambda1_afproj,0.001,0.986996836128231,42
HF,22,65,EUR,0.001,0.988153937145487,42
HF,22,65,EAS,0.001,0.951898724155445,42
HF,22,65,AFR,0.001,0.875200343987277,42
HF,22,65,CSA,0.001,0.984243609513029,42
HF,22,65,AMR,0.001,0.95108376577591,42
HF,22,65,MELD_lambda0_afproj,0.01,0.990719019637622,42
HF,22,65,MELD_lambda0_reportN,0.01,0.990119902098251,42
HF,22,65,MELD_lambda0_equal,0.01,0.976106438538817,42
HF,22,65,MELD_lambda1_afproj,0.01,0.988714459770348,42
HF,22,65,EUR,0.01,0.990966684891889,42
HF,22,65,EAS,0.01,0.967315672468039,42
HF,22,65,AFR,0.01,0.890901325347614,42
HF,22,65,CSA,0.01,0.984439313209569,42
HF,22,65,AMR,0.01,0.95075312847352,42
HF,22,65,MELD_lambda0_afproj,0.1,0.984731623563226,42
HF,22,65,MELD_lambda0_reportN,0.1,0.984358877816811,42
HF,22,65,MELD_lambda0_equal,0.1,0.962155581636436,42
HF,22,65,MELD_lambda1_afproj,0.1,0.98191055282823,42
HF,22,65,EUR,0.1,0.985479143427733,42
HF,22,65,EAS,0.1,0.949445281120256,42
HF,22,65,AFR,0.1,0.903401290279962,42
HF,22,65,CSA,0.1,0.974938370590574,42
HF,22,65,AMR,0.1,0.952175840329114,42
HF,22,66,MELD_lambda0_afproj,0.001,0.830547623984675,196
HF,22,66,MELD_lambda0_reportN,0.001,0.83270256158534,196
HF,22,66,MELD_lambda0_equal,0.001,0.869768352073265,196
HF,22,66,MELD_lambda1_afproj,0.001,0.824396131264546,196
HF,22,66,EUR,0.001,0.72449033659982,196
HF,22,66,EAS,0.001,0.839049535926033,196
HF,22,66,AFR,0.001,0.722205372667862,196
HF,22,66,CSA,0.001,0.773189225805832,196
HF,22,66,AMR,0.001,0.799493750727275,196
HF,22,66,MELD_lambda0_afproj,0.01,0.869968528327411,196
HF,22,66,MELD_lambda0_reportN,0.01,0.868946180229521,196
HF,22,66,MELD_lambda0_equal,0.01,0.876947994875649,196
HF,22,66,MELD_lambda1_afproj,0.01,0.867514284587034,196
HF,22,66,EUR,0.01,0.848554450238757,196
HF,22,66,EAS,0.01,0.852258175924357,196
HF,22,66,AFR,0.01,0.72224791237428,196
HF,22,66,CSA,0.01,0.825799243750863,196
HF,22,66,AMR,0.01,0.845267893655064,196
HF,22,66,MELD_lambda0_afproj,0.1,0.872973168850658,196
HF,22,66,MELD_lambda0_reportN,0.1,0.872775505573466,196
HF,22,66,MELD_lambda0_equal,0.1,0.868137591099229,196
HF,22,66,MELD_lambda1_afproj,0.1,0.873664966963094,196
HF,22,66,EUR,0.1,0.878399608249238,196
HF,22,66,EAS,0.1,0.801563697402533,196
HF,22,66,AFR,0.1,0.735654988858504,196
HF,22,66,CSA,0.1,0.835982722851568,196
HF,22,66,AMR,0.1,0.861012531376684,196
HF,22,67,MELD_lambda0_afproj,0.001,0.937646732810116,186
HF,22,67,MELD_lambda0_reportN,0.001,0.937738843362196,186
HF,22,67,MELD_lambda0_equal,0.001,0.932765344049418,186
HF,22,67,MELD_lambda1_afproj,0.001,0.933544094765908,186
HF,22,67,EUR,0.001,0.91403515231313,186
HF,22,67,EAS,0.001,0.83721381097811,186
HF,22,67,AFR,0.001,0.758060467433405,186
HF,22,67,CSA,0.001,0.893919594944446,186
HF,22,67,AMR,0.001,0.815267886417062,186
HF,22,67,MELD_lambda0_afproj,0.01,0.939826076968784,186
HF,22,67,MELD_lambda0_reportN,0.01,0.939494823870116,186
HF,22,67,MELD_lambda0_equal,0.01,0.930169237698173,186
HF,22,67,MELD_lambda1_afproj,0.01,0.935846921159177,186
HF,22,67,EUR,0.01,0.923973712651282,186
HF,22,67,EAS,0.01,0.8930634526545,186
HF,22,67,AFR,0.01,0.76765107564261,186
HF,22,67,CSA,0.01,0.908094538260414,186
HF,22,67,AMR,0.01,0.878565499424546,186
HF,22,67,MELD_lambda0_afproj,0.1,0.934797454976686,186
HF,22,67,MELD_lambda0_reportN,0.1,0.933558463292329,186
HF,22,67,MELD_lambda0_equal,0.1,0.923680190149895,186
HF,22,67,MELD_lambda1_afproj,0.1,0.931173412568404,186
HF,22,67,EUR,0.1,0.92206129472552,186
HF,22,67,EAS,0.1,0.895899403036498,186
HF,22,67,AFR,0.1,0.774245945620265,186
HF,22,67,CSA,0.1,0.915496091345469,186
HF,22,67,AMR,0.1,0.90054562495502,186
HF,22,68,MELD_lambda0_afproj,0.001,0.915091324730559,123
HF,22,68,MELD_lambda0_reportN,0.001,0.912612534694793,123
HF,22,68,MELD_lambda0_equal,0.001,0.875688133616963,123
HF,22,68,MELD_lambda1_afproj,0.001,0.909761679999441,123
HF,22,68,EUR,0.001,0.863741434208365,123
HF,22,68,EAS,0.001,0.766698173485063,123
HF,22,68,AFR,0.001,0.34146717084516,123
HF,22,68,CSA,0.001,0.83719570988515,123
HF,22,68,AMR,0.001,0.743942981100711,123
HF,22,68,MELD_lambda0_afproj,0.01,0.92012230505896,123
HF,22,68,MELD_lambda0_reportN,0.01,0.9183217128644,123
HF,22,68,MELD_lambda0_equal,0.01,0.8765948864762,123
HF,22,68,MELD_lambda1_afproj,0.01,0.916353805872472,123
HF,22,68,EUR,0.01,0.885815931684568,123
HF,22,68,EAS,0.01,0.79963163749074,123
HF,22,68,AFR,0.01,0.392602337053725,123
HF,22,68,CSA,0.01,0.860071195547906,123
HF,22,68,AMR,0.01,0.833746293335345,123
HF,22,68,MELD_lambda0_afproj,0.1,0.91597904241922,123
HF,22,68,MELD_lambda0_reportN,0.1,0.915043151487969,123
HF,22,68,MELD_lambda0_equal,0.1,0.87110955337385,123
HF,22,68,MELD_lambda1_afproj,0.1,0.913782032178003,123
HF,22,68,EUR,0.1,0.88204600972604,123
HF,22,68,EAS,0.1,0.779837077737691,123
HF,22,68,AFR,0.1,0.483859498222827,123
HF,22,68,CSA,0.1,0.860356079345694,123
HF,22,68,AMR,0.1,0.871966325936976,123
HF,22,70,MELD_lambda0_afproj,0.001,0.843210316828824,190
HF,22,70,MELD_lambda0_reportN,0.001,0.85056005497152,190
HF,22,70,MELD_lambda0_equal,0.001,0.891776975246289,190
HF,22,70,MELD_lambda1_afproj,0.001,0.840620227962667,190
HF,22,70,EUR,0.001,0.728347242707081,190
HF,22,70,EAS,0.001,0.459780397475686,190
HF,22,70,AFR,0.001,0.507976116233561,190
HF,22,70,CSA,0.001,0.696034059721133,190
HF,22,70,AMR,0.001,0.43295315870646,190
HF,22,70,MELD_lambda0_afproj,0.01,0.841664090115994,190
HF,22,70,MELD_lambda0_reportN,0.01,0.848295157540336,190
HF,22,70,MELD_lambda0_equal,0.01,0.890559872303177,190
HF,22,70,MELD_lambda1_afproj,0.01,0.841121994488358,190
HF,22,70,EUR,0.01,0.789914479963511,190
HF,22,70,EAS,0.01,0.647731254874399,190
HF,22,70,AFR,0.01,0.540465331307718,190
HF,22,70,CSA,0.01,0.779128715124023,190
HF,22,70,AMR,0.01,0.541048852128937,190
HF,22,70,MELD_lambda0_afproj,0.1,0.819701084926484,190
HF,22,70,MELD_lambda0_reportN,0.1,0.823419879899971,190
HF,22,70,MELD_lambda0_equal,0.1,0.859432531359471,190
HF,22,70,MELD_lambda1_afproj,0.1,0.812790885862465,190
HF,22,70,EUR,0.1,0.793067789362167,190
HF,22,70,EAS,0.1,0.735633967532733,190
HF,22,70,AFR,0.1,0.548197436410919,190
HF,22,70,CSA,0.1,0.769311901948933,190
HF,22,70,AMR,0.1,0.636195298292403,190
HF,22,71,MELD_lambda0_afproj,0.001,0.872771998984612,144
HF,22,71,MELD_lambda0_reportN,0.001,0.877834511364218,144
HF,22,71,MELD_lambda0_equal,0.001,0.859712859597565,144
HF,22,71,MELD_lambda1_afproj,0.001,0.894252044892768,144
HF,22,71,EUR,0.001,0.745515943566081,144
HF,22,71,EAS,0.001,0.500540912369456,144
HF,22,71,AFR,0.001,0.243676664005949,144
HF,22,71,CSA,0.001,0.767868946175505,144
HF,22,71,AMR,0.001,0.811444342562655,144
HF,22,71,MELD_lambda0_afproj,0.01,0.873907836385997,144
HF,22,71,MELD_lambda0_reportN,0.01,0.876700051349365,144
HF,22,71,MELD_lambda0_equal,0.01,0.854955304945212,144
HF,22,71,MELD_lambda1_afproj,0.01,0.894129317111982,144
HF,22,71,EUR,0.01,0.818648443392367,144
HF,22,71,EAS,0.01,0.755379539067847,144
HF,22,71,AFR,0.01,0.300203699394884,144
HF,22,71,CSA,0.01,0.79141444792637,144
HF,22,71,AMR,0.01,0.83164696970008,144
HF,22,71,MELD_lambda0_afproj,0.1,0.848519302334443,144
HF,22,71,MELD_lambda0_reportN,0.1,0.8484359620931,144
HF,22,71,MELD_lambda0_equal,0.1,0.827865240396122,144
HF,22,71,MELD_lambda1_afproj,0.1,0.861742938457441,144
HF,22,71,EUR,0.1,0.813988425402907,144
HF,22,71,EAS,0.1,0.813554323482489,144
HF,22,71,AFR,0.1,0.353922914367679,144
HF,22,71,CSA,0.1,0.762160301323295,144
HF,22,71,AMR,0.1,0.807873766556786,144
HF,22,72,MELD_lambda0_afproj,0.001,0.971556179638145,53
HF,22,72,MELD_lambda0_reportN,0.001,0.972361742203445,53
HF,22,72,MELD_lambda0_equal,0.001,0.948176786685536,53
HF,22,72,MELD_lambda1_afproj,0.001,0.956059673005852,53
HF,22,72,EUR,0.001,0.95314079563457,53
HF,22,72,EAS,0.001,0.821832817284546,53
HF,22,72,AFR,0.001,0.929315511318972,53
HF,22,72,CSA,0.001,0.966254626375226,53
HF,22,72,AMR,0.001,0.896504577737269,53
HF,22,72,MELD_lambda0_afproj,0.01,0.968481068804851,53
HF,22,72,MELD_lambda0_reportN,0.01,0.969431739042845,53
HF,22,72,MELD_lambda0_equal,0.01,0.948577128111289,53
HF,22,72,MELD_lambda1_afproj,0.01,0.954279949571939,53
HF,22,72,EUR,0.01,0.953977223822819,53
HF,22,72,EAS,0.01,0.847963336877592,53
HF,22,72,AFR,0.01,0.929796458459293,53
HF,22,72,CSA,0.01,0.959823766716808,53
HF,22,72,AMR,0.01,0.89974254437835,53
HF,22,72,MELD_lambda0_afproj,0.1,0.959541183508568,53
HF,22,72,MELD_lambda0_reportN,0.1,0.960171080162164,53
HF,22,72,MELD_lambda0_equal,0.1,0.952492507386883,53
HF,22,72,MELD_lambda1_afproj,0.1,0.949872869075035,53
HF,22,72,EUR,0.1,0.949473701617253,53
HF,22,72,EAS,0.1,0.900373796182578,53
HF,22,72,AFR,0.1,0.930953097099297,53
HF,22,72,CSA,0.1,0.944784136151271,53
HF,22,72,AMR,0.1,0.906962462211278,53
HF,22,74,MELD_lambda0_afproj,0.001,0.754243328712959,359
HF,22,74,MELD_lambda0_reportN,0.001,0.749886869460361,359
HF,22,74,MELD_lambda0_equal,0.001,0.712275829828177,359
HF,22,74,MELD_lambda1_afproj,0.001,0.74896056949125,359
HF,22,74,EUR,0.001,0.648171822371393,359
HF,22,74,EAS,0.001,0.315486765280753,359
HF,22,74,AFR,0.001,0.531726620930076,359
HF,22,74,CSA,0.001,0.482757409728287,359
HF,22,74,AMR,0.001,0.307697352574131,359
HF,22,74,MELD_lambda0_afproj,0.01,0.760279034985267,359
HF,22,74,MELD_lambda0_reportN,0.01,0.760456302788782,359
HF,22,74,MELD_lambda0_equal,0.01,0.74213568424043,359
HF,22,74,MELD_lambda1_afproj,0.01,0.755591331075425,359
HF,22,74,EUR,0.01,0.712108367537467,359
HF,22,74,EAS,0.01,0.396668385502422,359
HF,22,74,AFR,0.01,0.639897688610695,359
HF,22,74,CSA,0.01,0.585141040173628,359
HF,22,74,AMR,0.01,0.528186310885178,359
HF,22,74,MELD_lambda0_afproj,0.1,0.756405700343228,359
HF,22,74,MELD_lambda0_reportN,0.1,0.758042721256932,359
HF,22,74,MELD_lambda0_equal,0.1,0.753496424170435,359
HF,22,74,MELD_lambda1_afproj,0.1,0.748974538326852,359
HF,22,74,EUR,0.1,0.710828034947292,359
HF,22,74,EAS,0.1,0.523602203860764,359
HF,22,74,AFR,0.1,0.637787387207252,359
HF,22,74,CSA,0.1,0.642236215105898,359
HF,22,74,AMR,0.1,0.663559398536728,359
IPF,22,1,MELD_lambda0_afproj,0.001,0.886558235125037,66
IPF,22,1,MELD_lambda0_reportN,0.001,0.888477737758383,66
IPF,22,1,MELD_lambda0_equal,0.001,0.850787925291065,66
IPF,22,1,MELD_lambda1_afproj,0.001,0.921267205108784,66
IPF,22,1,EUR,0.001,0.85234931992691,66
IPF,22,1,EAS,0.001,0.750252305999633,66
IPF,22,1,AFR,0.001,0.726738037256458,66
IPF,22,1,CSA,0.001,0.88866517847014,66
IPF,22,1,AMR,0.001,0.77882671672821,66
IPF,22,1,MELD_lambda0_afproj,0.01,0.884525373367591,66
IPF,22,1,MELD_lambda0_reportN,0.01,0.885285249410473,66
IPF,22,1,MELD_lambda0_equal,0.01,0.840275102704469,66
IPF,22,1,MELD_lambda1_afproj,0.01,0.918879049997616,66
IPF,22,1,EUR,0.01,0.843222980450386,66
IPF,22,1,EAS,0.01,0.754699919352818,66
IPF,22,1,AFR,0.01,0.730910581600915,66
IPF,22,1,CSA,0.01,0.865065073562258,66
IPF,22,1,AMR,0.01,0.798979896938243,66
IPF,22,1,MELD_lambda0_afproj,0.1,0.868933605312354,66
IPF,22,1,MELD_lambda0_reportN,0.1,0.868843661900123,66
IPF,22,1,MELD_lambda0_equal,0.1,0.824044770407502,66
IPF,22,1,MELD_lambda1_afproj,0.1,0.898108854936313,66
IPF,22,1,EUR,0.1,0.85302932381389,66
IPF,22,1,EAS,0.1,0.789492941969509,66
IPF,22,1,AFR,0.1,0.754656146073967,66
IPF,22,1,CSA,0.1,0.845717408032961,66
IPF,22,1,AMR,0.1,0.797444090996765,66
IPF,22,2,MELD_lambda0_afproj,0.001,0.897171683426004,39
IPF,22,2,MELD_lambda0_reportN,0.001,0.900187441268052,39
IPF,22,2,MELD_lambda0_equal,0.001,0.919791130803192,39
IPF,22,2,MELD_lambda1_afproj,0.001,0.903711170849317,39
IPF,22,2,EUR,0.001,0.867281719061647,39
IPF,22,2,EAS,0.001,0.660316794072122,39
IPF,22,2,AFR,0.001,0.870668101789145,39
IPF,22,2,CSA,0.001,0.852789569574468,39
IPF,22,2,AMR,0.001,0.890233495041686,39
IPF,22,2,MELD_lambda0_afproj,0.01,0.901356372950202,39
IPF,22,2,MELD_lambda0_reportN,0.01,0.903267387111546,39
IPF,22,2,MELD_lambda0_equal,0.01,0.917601161955096,39
IPF,22,2,MELD_lambda1_afproj,0.01,0.910024306522698,39
IPF,22,2,EUR,0.01,0.891153775538285,39
IPF,22,2,EAS,0.01,0.730190827836802,39
IPF,22,2,AFR,0.01,0.866247764480955,39
IPF,22,2,CSA,0.01,0.858847042489409,39
IPF,22,2,AMR,0.01,0.901648748413044,39
IPF,22,2,MELD_lambda0_afproj,0.1,0.898241230087684,39
IPF,22,2,MELD_lambda0_reportN,0.1,0.898771197441324,39
IPF,22,2,MELD_lambda0_equal,0.1,0.905962251582033,39
IPF,22,2,MELD_lambda1_afproj,0.1,0.914287270182746,39
IPF,22,2,EUR,0.1,0.898045285952606,39
IPF,22,2,EAS,0.1,0.811095211801466,39
IPF,22,2,AFR,0.1,0.848519393699777,39
IPF,22,2,CSA,0.1,0.850355865621233,39
IPF,22,2,AMR,0.1,0.924300313256952,39
IPF,22,4,MELD_lambda0_afproj,0.001,0.86444675223352,160
IPF,22,4,MELD_lambda0_reportN,0.001,0.862743624882879,160
IPF,22,4,MELD_lambda0_equal,0.001,0.852126919584622,160
IPF,22,4,MELD_lambda1_afproj,0.001,0.855798111877175,160
IPF,22,4,EUR,0.001,0.803576370018453,160
IPF,22,4,EAS,0.001,0.782775683985736,160
IPF,22,4,AFR,0.001,0.398811907206728,160
IPF,22,4,CSA,0.001,0.823943612901798,160
IPF,22,4,AMR,0.001,0.766053902251238,160
IPF,22,4,MELD_lambda0_afproj,0.01,0.87644953997239,160
IPF,22,4,MELD_lambda0_reportN,0.01,0.876043176946663,160
IPF,22,4,MELD_lambda0_equal,0.01,0.860678975691103,160
IPF,22,4,MELD_lambda1_afproj,0.01,0.87074782638608,160
IPF,22,4,EUR,0.01,0.856359774975302,160
IPF,22,4,EAS,0.01,0.839301634152247,160
IPF,22,4,AFR,0.01,0.433398943028338,160
IPF,22,4,CSA,0.01,0.832529953768331,160
IPF,22,4,AMR,0.01,0.87926936849444,160
IPF,22,4,MELD_lambda0_afproj,0.1,0.883880061189326,160
IPF,22,4,MELD_lambda0_reportN,0.1,0.883759948928733,160
IPF,22,4,MELD_lambda0_equal,0.1,0.861299247396847,160
IPF,22,4,MELD_lambda1_afproj,0.1,0.879508507607038,160
IPF,22,4,EUR,0.1,0.864335117300059,160
IPF,22,4,EAS,0.1,0.861571193803298,160
IPF,22,4,AFR,0.1,0.497083486392621,160
IPF,22,4,CSA,0.1,0.835001245062541,160
IPF,22,4,AMR,0.1,0.871557395277222,160
IPF,22,5,MELD_lambda0_afproj,0.001,0.892623023359457,86
IPF,22,5,MELD_lambda0_reportN,0.001,0.896328009104278,86
IPF,22,5,MELD_lambda0_equal,0.001,0.910150333416517,86
IPF,22,5,MELD_lambda1_afproj,0.001,0.894754782293006,86
IPF,22,5,EUR,0.001,0.846972525808062,86
IPF,22,5,EAS,0.001,0.88723100553971,86
IPF,22,5,AFR,0.001,0.80844177755109,86
IPF,22,5,CSA,0.001,0.798458477117515,86
IPF,22,5,AMR,0.001,0.774415698799333,86
IPF,22,5,MELD_lambda0_afproj,0.01,0.891736898820165,86
IPF,22,5,MELD_lambda0_reportN,0.01,0.893470749423779,86
IPF,22,5,MELD_lambda0_equal,0.01,0.907131823732718,86
IPF,22,5,MELD_lambda1_afproj,0.01,0.895414863325956,86
IPF,22,5,EUR,0.01,0.876940254036906,86
IPF,22,5,EAS,0.01,0.918342890487067,86
IPF,22,5,AFR,0.01,0.820910622590524,86
IPF,22,5,CSA,0.01,0.837028808626519,86
IPF,22,5,AMR,0.01,0.810734682003226,86
IPF,22,5,MELD_lambda0_afproj,0.1,0.881735558808578,86
IPF,22,5,MELD_lambda0_reportN,0.1,0.881811678572216,86
IPF,22,5,MELD_lambda0_equal,0.1,0.890694774808485,86
IPF,22,5,MELD_lambda1_afproj,0.1,0.888602074981082,86
IPF,22,5,EUR,0.1,0.866658314375361,86
IPF,22,5,EAS,0.1,0.895416058442823,86
IPF,22,5,AFR,0.1,0.836411884201726,86
IPF,22,5,CSA,0.1,0.844930179927352,86
IPF,22,5,AMR,0.1,0.836407804567066,86
IPF,22,7,MELD_lambda0_afproj,0.001,0.911067102919982,272
IPF,22,7,MELD_lambda0_reportN,0.001,0.912435798771046,272
IPF,22,7,MELD_lambda0_equal,0.001,0.904974146344448,272
IPF,22,7,MELD_lambda1_afproj,0.001,0.899723439588299,272
IPF,22,7,EUR,0.001,0.854293877677568,272
IPF,22,7,EAS,0.001,0.677334200639639,272
IPF,22,7,AFR,0.001,0.629991824385677,272
IPF,22,7,CSA,0.001,0.829747415060264,272
IPF,22,7,AMR,0.001,0.749243097260623,272
IPF,22,7,MELD_lambda0_afproj,0.01,0.915631033004266,272
IPF,22,7,MELD_lambda0_reportN,0.01,0.916509734476751,272
IPF,22,7,MELD_lambda0_equal,0.01,0.902375057849249,272
IPF,22,7,MELD_lambda1_afproj,0.01,0.90737605099905,272
IPF,22,7,EUR,0.01,0.88336915705881,272
IPF,22,7,EAS,0.01,0.81360754413449,272
IPF,22,7,AFR,0.01,0.783967450001345,272
IPF,22,7,CSA,0.01,0.871730641130875,272
IPF,22,7,AMR,0.01,0.835284015145786,272
IPF,22,7,MELD_lambda0_afproj,0.1,0.89788503426299,272
IPF,22,7,MELD_lambda0_reportN,0.1,0.898637725781693,272
IPF,22,7,MELD_lambda0_equal,0.1,0.886483873133411,272
IPF,22,7,MELD_lambda1_afproj,0.1,0.891437912269589,272
IPF,22,7,EUR,0.1,0.879159378285378,272
IPF,22,7,EAS,0.1,0.833876500995954,272
IPF,22,7,AFR,0.1,0.786610765831604,272
IPF,22,7,CSA,0.1,0.861797220574609,272
IPF,22,7,AMR,0.1,0.856638596578018,272
IPF,22,8,MELD_lambda0_afproj,0.001,0.694369284424769,86
IPF,22,8,MELD_lambda0_reportN,0.001,0.6894460658434,86
IPF,22,8,MELD_lambda0_equal,0.001,0.662559424211724,86
IPF,22,8,MELD_lambda1_afproj,0.001,0.696160631525921,86
IPF,22,8,EUR,0.001,0.663744976297157,86
IPF,22,8,EAS,0.001,0.70971104097185,86
IPF,22,8,AFR,0.001,0.494064339023056,86
IPF,22,8,CSA,0.001,0.679989580143549,86
IPF,22,8,AMR,0.001,0.649048776840094,86
IPF,22,8,MELD_lambda0_afproj,0.01,0.680985554367743,86
IPF,22,8,MELD_lambda0_reportN,0.01,0.677920801824859,86
IPF,22,8,MELD_lambda0_equal,0.01,0.667098743616636,86
IPF,22,8,MELD_lambda1_afproj,0.01,0.680618000670247,86
IPF,22,8,EUR,0.01,0.66427764173877,86
IPF,22,8,EAS,0.01,0.710495383739939,86
IPF,22,8,AFR,0.01,0.54739761091461,86
IPF,22,8,CSA,0.01,0.712351623120026,86
IPF,22,8,AMR,0.01,0.682476244500973,86
IPF,22,8,MELD_lambda0_afproj,0.1,0.679140625043115,86
IPF,22,8,MELD_lambda0_reportN,0.1,0.67708182302958,86
IPF,22,8,MELD_lambda0_equal,0.1,0.677323528132123,86
IPF,22,8,MELD_lambda1_afproj,0.1,0.677870059774377,86
IPF,22,8,EUR,0.1,0.660188388953023,86
IPF,22,8,EAS,0.1,0.681824923533525,86
IPF,22,8,AFR,0.1,0.594062018720097,86
IPF,22,8,CSA,0.1,0.706458535659419,86
IPF,22,8,AMR,0.1,0.688710801305765,86
IPF,22,10,MELD_lambda0_afproj,0.001,0.90160412845518,189
IPF,22,10,MELD_lambda0_reportN,0.001,0.905658811278695,189
IPF,22,10,MELD_lambda0_equal,0.001,0.91900066831198,189
IPF,22,10,MELD_lambda1_afproj,0.001,0.914610548185217,189
IPF,22,10,EUR,0.001,0.824320732617691,189
IPF,22,10,EAS,0.001,0.718761285896062,189
IPF,22,10,AFR,0.001,0.752090526444649,189
IPF,22,10,CSA,0.001,0.8307400860648,189
IPF,22,10,AMR,0.001,0.865367123594598,189
IPF,22,10,MELD_lambda0_afproj,0.01,0.92684306555808,189
IPF,22,10,MELD_lambda0_reportN,0.01,0.92859004254746,189
IPF,22,10,MELD_lambda0_equal,0.01,0.935002314530007,189
IPF,22,10,MELD_lambda1_afproj,0.01,0.931937450260944,189
IPF,22,10,EUR,0.01,0.897140797680562,189
IPF,22,10,EAS,0.01,0.77577532558762,189
IPF,22,10,AFR,0.01,0.819652564032101,189
IPF,22,10,CSA,0.01,0.88920293894078,189
IPF,22,10,AMR,0.01,0.889592890217621,189
IPF,22,10,MELD_lambda0_afproj,0.1,0.936974564318624,189
IPF,22,10,MELD_lambda0_reportN,0.1,0.937529716557541,189
IPF,22,10,MELD_lambda0_equal,0.1,0.941834153277184,189
IPF,22,10,MELD_lambda1_afproj,0.1,0.939502667874888,189
IPF,22,10,EUR,0.1,0.919046256347976,189
IPF,22,10,EAS,0.1,0.807734296067022,189
IPF,22,10,AFR,0.1,0.827114756194651,189
IPF,22,10,CSA,0.1,0.9157336602064,189
IPF,22,10,AMR,0.1,0.909179671359442,189
IPF,22,11,MELD_lambda0_afproj,0.001,0.912496689470312,123
IPF,22,11,MELD_lambda0_reportN,0.001,0.916236810173416,123
IPF,22,11,MELD_lambda0_equal,0.001,0.917923678241642,123
IPF,22,11,MELD_lambda1_afproj,0.001,0.934116081355613,123
IPF,22,11,EUR,0.001,0.880435604769186,123
IPF,22,11,EAS,0.001,0.735248241967733,123
IPF,22,11,AFR,0.001,0.738925854614288,123
IPF,22,11,CSA,0.001,0.942995301324315,123
IPF,22,11,AMR,0.001,0.898019707510227,123
IPF,22,11,MELD_lambda0_afproj,0.01,0.925715353499799,123
IPF,22,11,MELD_lambda0_reportN,0.01,0.924932765657353,123
IPF,22,11,MELD_lambda0_equal,0.01,0.933893215262601,123
IPF,22,11,MELD_lambda1_afproj,0.01,0.944996480233684,123
IPF,22,11,EUR,0.01,0.889083220006144,123
IPF,22,11,EAS,0.01,0.910402206182231,123
IPF,22,11,AFR,0.01,0.830712732731818,123
IPF,22,11,CSA,0.01,0.943852683996004,123
IPF,22,11,AMR,0.01,0.91667553000598,123
IPF,22,11,MELD_lambda0_afproj,0.1,0.919231548392854,123
IPF,22,11,MELD_lambda0_reportN,0.1,0.91825800605083,123
IPF,22,11,MELD_lambda0_equal,0.1,0.937353284884398,123
IPF,22,11,MELD_lambda1_afproj,0.1,0.938819028743925,123
IPF,22,11,EUR,0.1,0.8762630920385,123
IPF,22,11,EAS,0.1,0.930210744925938,123
IPF,22,11,AFR,0.1,0.815122290359009,123
IPF,22,11,CSA,0.1,0.904002556057694,123
IPF,22,11,AMR,0.1,0.908464822116671,123
IPF,22,12,MELD_lambda0_afproj,0.001,0.983150708470247,47
IPF,22,12,MELD_lambda0_reportN,0.001,0.981446527012937,47
IPF,22,12,MELD_lambda0_equal,0.001,0.962905613630238,47
IPF,22,12,MELD_lambda1_afproj,0.001,0.985492238401236,47
IPF,22,12,EUR,0.001,0.963471607987294,47
IPF,22,12,EAS,0.001,0.945543058953776,47
IPF,22,12,AFR,0.001,0.923359027968576,47
IPF,22,12,CSA,0.001,0.941865905680747,47
IPF,22,12,AMR,0.001,0.938304288059099,47
IPF,22,12,MELD_lambda0_afproj,0.01,0.9845382530039,47
IPF,22,12,MELD_lambda0_reportN,0.01,0.983918266437714,47
IPF,22,12,MELD_lambda0_equal,0.01,0.960387184810926,47
IPF,22,12,MELD_lambda1_afproj,0.01,0.982154489279516,47
IPF,22,12,EUR,0.01,0.946325830046965,47
IPF,22,12,EAS,0.01,0.981717761193543,47
IPF,22,12,AFR,0.01,0.926415573509101,47
IPF,22,12,CSA,0.01,0.973831211001702,47
IPF,22,12,AMR,0.01,0.922058978991884,47
IPF,22,12,MELD_lambda0_afproj,0.1,0.976109795035678,47
IPF,22,12,MELD_lambda0_reportN,0.1,0.976323147358859,47
IPF,22,12,MELD_lambda0_equal,0.1,0.951063529556601,47
IPF,22,12,MELD_lambda1_afproj,0.1,0.964119385666864,47
IPF,22,12,EUR,0.1,0.957928619690598,47
IPF,22,12,EAS,0.1,0.975136907303441,47
IPF,22,12,AFR,0.1,0.935539347302961,47
IPF,22,12,CSA,0.1,0.961403179535527,47
IPF,22,12,AMR,0.1,0.894198938903658,47
IPF,22,13,MELD_lambda0_afproj,0.001,0.786263343573823,91
IPF,22,13,MELD_lambda0_reportN,0.001,0.786336588408033,91
IPF,22,13,MELD_lambda0_equal,0.001,0.763629805361407,91
IPF,22,13,MELD_lambda1_afproj,0.001,0.782543456491004,91
IPF,22,13,EUR,0.001,0.848261323350195,91
IPF,22,13,EAS,0.001,0.348693110216375,91
IPF,22,13,AFR,0.001,0.516802083119536,91
IPF,22,13,CSA,0.001,0.742702812177878,91
IPF,22,13,AMR,0.001,0.652875878258873,91
IPF,22,13,MELD_lambda0_afproj,0.01,0.783780777912577,91
IPF,22,13,MELD_lambda0_reportN,0.01,0.784431902738035,91
IPF,22,13,MELD_lambda0_equal,0.01,0.747044086613895,91
IPF,22,13,MELD_lambda1_afproj,0.01,0.782572822963559,91
IPF,22,13,EUR,0.01,0.834861263666362,91
IPF,22,13,EAS,0.01,0.668294381003944,91
IPF,22,13,AFR,0.01,0.554483379173403,91
IPF,22,13,CSA,0.01,0.753037214316455,91
IPF,22,13,AMR,0.01,0.690113884299696,91
IPF,22,13,MELD_lambda0_afproj,0.1,0.756932184819736,91
IPF,22,13,MELD_lambda0_reportN,0.1,0.75669426458561,91
IPF,22,13,MELD_lambda0_equal,0.1,0.728032936143519,91
IPF,22,13,MELD_lambda1_afproj,0.1,0.758927515198932,91
IPF,22,13,EUR,0.1,0.796280309339305,91
IPF,22,13,EAS,0.1,0.734155707509595,91
IPF,22,13,AFR,0.1,0.634069179569832,91
IPF,22,13,CSA,0.1,0.754141766000085,91
IPF,22,13,AMR,0.1,0.684223054213793,91
IPF,22,14,MELD_lambda0_afproj,0.001,0.876543749962925,57
IPF,22,14,MELD_lambda0_reportN,0.001,0.877107522553767,57
IPF,22,14,MELD_lambda0_equal,0.001,0.884352288320528,57
IPF,22,14,MELD_lambda1_afproj,0.001,0.856722830801779,57
IPF,22,14,EUR,0.001,0.880147735304813,57
IPF,22,14,EAS,0.001,0.706289198618786,57
IPF,22,14,AFR,0.001,0.829526486444598,57
IPF,22,14,CSA,0.001,0.840423063023952,57
IPF,22,14,AMR,0.001,0.794977123733814,57
IPF,22,14,MELD_lambda0_afproj,0.01,0.905193664070375,57
IPF,22,14,MELD_lambda0_reportN,0.01,0.906124370442901,57
IPF,22,14,MELD_lambda0_equal,0.01,0.895259602841496,57
IPF,22,14,MELD_lambda1_afproj,0.01,0.891507776853894,57
IPF,22,14,EUR,0.01,0.907771953746079,57
IPF,22,14,EAS,0.01,0.773164279985756,57
IPF,22,14,AFR,0.01,0.846592131716026,57
IPF,22,14,CSA,0.01,0.886871119440717,57
IPF,22,14,AMR,0.01,0.84908266011413,57
IPF,22,14,MELD_lambda0_afproj,0.1,0.898694553435,57
IPF,22,14,MELD_lambda0_reportN,0.1,0.90005288778093,57
IPF,22,14,MELD_lambda0_equal,0.1,0.895487853683878,57
IPF,22,14,MELD_lambda1_afproj,0.1,0.886570386676325,57
IPF,22,14,EUR,0.1,0.899895784212056,57
IPF,22,14,EAS,0.1,0.766233960116676,57
IPF,22,14,AFR,0.1,0.859954707080662,57
IPF,22,14,CSA,0.1,0.877287519996019,57
IPF,22,14,AMR,0.1,0.837586458042394,57
IPF,22,16,MELD_lambda0_afproj,0.001,0.769609960285973,44
IPF,22,16,MELD_lambda0_reportN,0.001,0.772569436607656,44
IPF,22,16,MELD_lambda0_equal,0.001,0.733135771233292,44
IPF,22,16,MELD_lambda1_afproj,0.001,0.773981748309331,44
IPF,22,16,EUR,0.001,0.762764567408903,44
IPF,22,16,EAS,0.001,0.711958167832273,44
IPF,22,16,AFR,0.001,0.763719541134405,44
IPF,22,16,CSA,0.001,0.804054097629587,44
IPF,22,16,AMR,0.001,0.747342853650475,44
IPF,22,16,MELD_lambda0_afproj,0.01,0.784749559183476,44
IPF,22,16,MELD_lambda0_reportN,0.01,0.77680229650315,44
IPF,22,16,MELD_lambda0_equal,0.01,0.728091671392222,44
IPF,22,16,MELD_lambda1_afproj,0.01,0.7908194065463,44
IPF,22,16,EUR,0.01,0.798535303568943,44
IPF,22,16,EAS,0.01,0.717001006075909,44
IPF,22,16,AFR,0.01,0.755564128212009,44
IPF,22,16,CSA,0.01,0.811744572709485,44
IPF,22,16,AMR,0.01,0.693852382637578,44
IPF,22,16,MELD_lambda0_afproj,0.1,0.7727661235259,44
IPF,22,16,MELD_lambda0_reportN,0.1,0.768447691963534,44
IPF,22,16,MELD_lambda0_equal,0.1,0.710306877317408,44
IPF,22,16,MELD_lambda1_afproj,0.1,0.776413020380772,44
IPF,22,16,EUR,0.1,0.776243125009627,44
IPF,22,16,EAS,0.1,0.720897905768461,44
IPF,22,16,AFR,0.1,0.70545513032301,44
IPF,22,16,CSA,0.1,0.778111530921907,44
IPF,22,16,AMR,0.1,0.703281936185411,44
IPF,22,17,MELD_lambda0_afproj,0.001,0.904699646121558,85
IPF,22,17,MELD_lambda0_reportN,0.001,0.908050063552721,85
IPF,22,17,MELD_lambda0_equal,0.001,0.953374645354444,85
IPF,22,17,MELD_lambda1_afproj,0.001,0.888281785326335,85
IPF,22,17,EUR,0.001,0.8239987771619,85
IPF,22,17,EAS,0.001,0.887705987835769,85
IPF,22,17,AFR,0.001,0.835982549537702,85
IPF,22,17,CSA,0.001,0.834309118789129,85
IPF,22,17,AMR,0.001,0.894601116025074,85
IPF,22,17,MELD_lambda0_afproj,0.01,0.909248319413729,85
IPF,22,17,MELD_lambda0_reportN,0.01,0.912139698837635,85
IPF,22,17,MELD_lambda0_equal,0.01,0.947281485506403,85
IPF,22,17,MELD_lambda1_afproj,0.01,0.898510470654855,85
IPF,22,17,EUR,0.01,0.86570049840843,85
IPF,22,17,EAS,0.01,0.890232078750763,85
IPF,22,17,AFR,0.01,0.851888698516732,85
IPF,22,17,CSA,0.01,0.816460985588583,85
IPF,22,17,AMR,0.01,0.915615336570648,85
IPF,22,17,MELD_lambda0_afproj,0.1,0.918503837509424,85
IPF,22,17,MELD_lambda0_reportN,0.1,0.92030494186325,85
IPF,22,17,MELD_lambda0_equal,0.1,0.931622899758413,85
IPF,22,17,MELD_lambda1_afproj,0.1,0.922202919008844,85
IPF,22,17,EUR,0.1,0.892871147666586,85
IPF,22,17,EAS,0.1,0.890050895503126,85
IPF,22,17,AFR,0.1,0.860589571261117,85
IPF,22,17,CSA,0.1,0.817096811327152,85
IPF,22,17,AMR,0.1,0.922917096721152,85
IPF,22,19,MELD_lambda0_afproj,0.001,0.813046679635277,195
IPF,22,19,MELD_lambda0_reportN,0.001,0.805134222213906,195
IPF,22,19,MELD_lambda0_equal,0.001,0.773655723318268,195
IPF,22,19,MELD_lambda1_afproj,0.001,0.817562974704507,195
IPF,22,19,EUR,0.001,0.736049774633126,195
IPF,22,19,EAS,0.001,0.63826866526078,195
IPF,22,19,AFR,0.001,0.768596042921731,195
IPF,22,19,CSA,0.001,0.765111691678246,195
IPF,22,19,AMR,0.001,0.728386765676042,195
IPF,22,19,MELD_lambda0_afproj,0.01,0.876301752418765,195
IPF,22,19,MELD_lambda0_reportN,0.01,0.875967835465579,195
IPF,22,19,MELD_lambda0_equal,0.01,0.840330706226876,195
IPF,22,19,MELD_lambda1_afproj,0.01,0.877801270505816,195
IPF,22,19,EUR,0.01,0.871977935148795,195
IPF,22,19,EAS,0.01,0.777115053034445,195
IPF,22,19,AFR,0.01,0.754810765558893,195
IPF,22,19,CSA,0.01,0.850912125901426,195
IPF,22,19,AMR,0.01,0.829495139533939,195
IPF,22,19,MELD_lambda0_afproj,0.1,0.888571581203553,195
IPF,22,19,MELD_lambda0_reportN,0.1,0.888600662295442,195
IPF,22,19,MELD_lambda0_equal,0.1,0.863250497395502,195
IPF,22,19,MELD_lambda1_afproj,0.1,0.888602140686445,195
IPF,22,19,EUR,0.1,0.878590665852027,195
IPF,22,19,EAS,0.1,0.818002574367413,195
IPF,22,19,AFR,0.1,0.735928616407682,195
IPF,22,19,CSA,0.1,0.844365989385372,195
IPF,22,19,AMR,0.1,0.856442886146247,195
IPF,22,20,MELD_lambda0_afproj,0.001,0.884008495626482,94
IPF,22,20,MELD_lambda0_reportN,0.001,0.89148613876173,94
IPF,22,20,MELD_lambda0_equal,0.001,0.870024769698081,94
IPF,22,20,MELD_lambda1_afproj,0.001,0.88421299949677,94
IPF,22,20,EUR,0.001,0.783028998828291,94
IPF,22,20,EAS,0.001,0.768218396089201,94
IPF,22,20,AFR,0.001,0.787215256867993,94
IPF,22,20,CSA,0.001,0.720213140545591,94
IPF,22,20,AMR,0.001,0.898173495779282,94
IPF,22,20,MELD_lambda0_afproj,0.01,0.877649211523692,94
IPF,22,20,MELD_lambda0_reportN,0.01,0.884234188022735,94
IPF,22,20,MELD_lambda0_equal,0.01,0.875262913684845,94
IPF,22,20,MELD_lambda1_afproj,0.01,0.877497331086811,94
IPF,22,20,EUR,0.01,0.84455979839528,94
IPF,22,20,EAS,0.01,0.772719142901026,94
IPF,22,20,AFR,0.01,0.813072522525734,94
IPF,22,20,CSA,0.01,0.787851298370162,94
IPF,22,20,AMR,0.01,0.941215426251357,94
IPF,22,20,MELD_lambda0_afproj,0.1,0.856812281787565,94
IPF,22,20,MELD_lambda0_reportN,0.1,0.86218452958103,94
IPF,22,20,MELD_lambda0_equal,0.1,0.865375030060403,94
IPF,22,20,MELD_lambda1_afproj,0.1,0.851370099359439,94
IPF,22,20,EUR,0.1,0.84758401437399,94
IPF,22,20,EAS,0.1,0.749367606105686,94
IPF,22,20,AFR,0.1,0.826161838949189,94
IPF,22,20,CSA,0.1,0.791811904261771,94
IPF,22,20,AMR,0.1,0.907176440079392,94
IPF,22,21,MELD_lambda0_afproj,0.001,0.900732164598086,51
IPF,22,21,MELD_lambda0_reportN,0.001,0.901007729547289,51
IPF,22,21,MELD_lambda0_equal,0.001,0.881265771326249,51
IPF,22,21,MELD_lambda1_afproj,0.001,0.876676862206307,51
IPF,22,21,EUR,0.001,0.919158293617016,51
IPF,22,21,EAS,0.001,0.781291055959216,51
IPF,22,21,AFR,0.001,0.64942233062967,51
IPF,22,21,CSA,0.001,0.861093742875531,51
IPF,22,21,AMR,0.001,0.919688434411517,51
IPF,22,21,MELD_lambda0_afproj,0.01,0.913030842560416,51
IPF,22,21,MELD_lambda0_reportN,0.01,0.912335349951165,51
IPF,22,21,MELD_lambda0_equal,0.01,0.881533815390992,51
IPF,22,21,MELD_lambda1_afproj,0.01,0.896568434510484,51
IPF,22,21,EUR,0.01,0.938396267922092,51
IPF,22,21,EAS,0.01,0.827333020574409,51
IPF,22,21,AFR,0.01,0.596643242852447,51
IPF,22,21,CSA,0.01,0.920981796628699,51
IPF,22,21,AMR,0.01,0.939357667795454,51
IPF,22,21,MELD_lambda0_afproj,0.1,0.905409991590939,51
IPF,22,21,MELD_lambda0_reportN,0.1,0.904270157166236,51
IPF,22,21,MELD_lambda0_equal,0.1,0.859053150344422,51
IPF,22,21,MELD_lambda1_afproj,0.1,0.895450428300658,51
IPF,22,21,EUR,0.1,0.923851300759279,51
IPF,22,21,EAS,0.1,0.825641775752641,51
IPF,22,21,AFR,0.1,0.561845426276499,51
IPF,22,21,CSA,0.1,0.907032292910647,51
IPF,22,21,AMR,0.1,0.893683957821166,51
IPF,22,22,MELD_lambda0_afproj,0.001,0.779694322893982,152
IPF,22,22,MELD_lambda0_reportN,0.001,0.774434978320857,152
IPF,22,22,MELD_lambda0_equal,0.001,0.889014656629287,152
IPF,22,22,MELD_lambda1_afproj,0.001,0.786302872897146,152
IPF,22,22,EUR,0.001,0.762691997863257,152
IPF,22,22,EAS,0.001,0.691189277097991,152
IPF,22,22,AFR,0.001,0.533730175770221,152
IPF,22,22,CSA,0.001,0.934344996481612,152
IPF,22,22,AMR,0.001,0.793627907215459,152
IPF,22,22,MELD_lambda0_afproj,0.01,0.867815474073665,152
IPF,22,22,MELD_lambda0_reportN,0.01,0.864548536984944,152
IPF,22,22,MELD_lambda0_equal,0.01,0.900436485553027,152
IPF,22,22,MELD_lambda1_afproj,0.01,0.871543679279326,152
IPF,22,22,EUR,0.01,0.848947214698033,152
IPF,22,22,EAS,0.01,0.796826200958,152
IPF,22,22,AFR,0.01,0.645166642848595,152
IPF,22,22,CSA,0.01,0.940243398260108,152
IPF,22,22,AMR,0.01,0.796253632775155,152
IPF,22,22,MELD_lambda0_afproj,0.1,0.89217762634448,152
IPF,22,22,MELD_lambda0_reportN,0.1,0.890298347657805,152
IPF,22,22,MELD_lambda0_equal,0.1,0.904715674218246,152
IPF,22,22,MELD_lambda1_afproj,0.1,0.894637082074288,152
IPF,22,22,EUR,0.1,0.882255269161765,152
IPF,22,22,EAS,0.1,0.841010052647856,152
IPF,22,22,AFR,0.1,0.740289030664035,152
IPF,22,22,CSA,0.1,0.927374464088588,152
IPF,22,22,AMR,0.1,0.817583331862316,152
IPF,22,23,MELD_lambda0_afproj,0.001,0.862850956326447,165
IPF,22,23,MELD_lambda0_reportN,0.001,0.857218269389827,165
IPF,22,23,MELD_lambda0_equal,0.001,0.84742773008866,165
IPF,22,23,MELD_lambda1_afproj,0.001,0.872985824819226,165
IPF,22,23,EUR,0.001,0.802611140543142,165
IPF,22,23,EAS,0.001,0.653482960643768,165
IPF,22,23,AFR,0.001,0.681300899425739,165
IPF,22,23,CSA,0.001,0.859126153115789,165
IPF,22,23,AMR,0.001,0.699501106305051,165
IPF,22,23,MELD_lambda0_afproj,0.01,0.866441950712403,165
IPF,22,23,MELD_lambda0_reportN,0.01,0.863260656654996,165
IPF,22,23,MELD_lambda0_equal,0.01,0.855695872194061,165
IPF,22,23,MELD_lambda1_afproj,0.01,0.876665818452501,165
IPF,22,23,EUR,0.01,0.835719283501053,165
IPF,22,23,EAS,0.01,0.738967073368883,165
IPF,22,23,AFR,0.01,0.660902021336375,165
IPF,22,23,CSA,0.01,0.865208325440104,165
IPF,22,23,AMR,0.01,0.777763686003736,165
IPF,22,23,MELD_lambda0_afproj,0.1,0.863958697432918,165
IPF,22,23,MELD_lambda0_reportN,0.1,0.86311855480872,165
IPF,22,23,MELD_lambda0_equal,0.1,0.865772269312695,165
IPF,22,23,MELD_lambda1_afproj,0.1,0.871058647682308,165
IPF,22,23,EUR,0.1,0.837550880955216,165
IPF,22,23,EAS,0.1,0.774486869729989,165
IPF,22,23,AFR,0.1,0.662650957778193,165
IPF,22,23,CSA,0.1,0.872085704548646,165
IPF,22,23,AMR,0.1,0.79972842302554,165
IPF,22,25,MELD_lambda0_afproj,0.001,0.875358000318354,115
IPF,22,25,MELD_lambda0_reportN,0.001,0.87055527779951,115
IPF,22,25,MELD_lambda0_equal,0.001,0.879822644696237,115
IPF,22,25,MELD_lambda1_afproj,0.001,0.874329986848598,115
IPF,22,25,EUR,0.001,0.853912295276384,115
IPF,22,25,EAS,0.001,0.590760477874303,115
IPF,22,25,AFR,0.001,0.58766310239845,115
IPF,22,25,CSA,0.001,0.820496821237987,115
IPF,22,25,AMR,0.001,0.7967514267634,115
IPF,22,25,MELD_lambda0_afproj,0.01,0.871826408185834,115
IPF,22,25,MELD_lambda0_reportN,0.01,0.869547129755639,115
IPF,22,25,MELD_lambda0_equal,0.01,0.883047666352698,115
IPF,22,25,MELD_lambda1_afproj,0.01,0.870146890587944,115
IPF,22,25,EUR,0.01,0.848428211432632,115
IPF,22,25,EAS,0.01,0.649593566524956,115
IPF,22,25,AFR,0.01,0.708059735972828,115
IPF,22,25,CSA,0.01,0.829245116243656,115
IPF,22,25,AMR,0.01,0.851576758050089,115
IPF,22,25,MELD_lambda0_afproj,0.1,0.864359188217321,115
IPF,22,25,MELD_lambda0_reportN,0.1,0.86448113696859,115
IPF,22,25,MELD_lambda0_equal,0.1,0.879547858282264,115
IPF,22,25,MELD_lambda1_afproj,0.1,0.862610887731026,115
IPF,22,25,EUR,0.1,0.835482862827552,115
IPF,22,25,EAS,0.1,0.700518606475208,115
IPF,22,25,AFR,0.1,0.767211235255198,115
IPF,22,25,CSA,0.1,0.820302515570896,115
IPF,22,25,AMR,0.1,0.853071851791313,115
IPF,22,26,MELD_lambda0_afproj,0.001,0.932130296236746,183
IPF,22,26,MELD_lambda0_reportN,0.001,0.931188138441539,183
IPF,22,26,MELD_lambda0_equal,0.001,0.917127904010033,183
IPF,22,26,MELD_lambda1_afproj,0.001,0.934950509159265,183
IPF,22,26,EUR,0.001,0.833760422066408,183
IPF,22,26,EAS,0.001,0.783236077750011,183
IPF,22,26,AFR,0.001,0.547981555021607,183
IPF,22,26,CSA,0.001,0.839303570897927,183
IPF,22,26,AMR,0.001,0.838303907852064,183
IPF,22,26,MELD_lambda0_afproj,0.01,0.931519808847627,183
IPF,22,26,MELD_lambda0_reportN,0.01,0.933154337968245,183
IPF,22,26,MELD_lambda0_equal,0.01,0.928963146812943,183
IPF,22,26,MELD_lambda1_afproj,0.01,0.935924203653257,183
IPF,22,26,EUR,0.01,0.875947664325517,183
IPF,22,26,EAS,0.01,0.857833087331557,183
IPF,22,26,AFR,0.01,0.633652921989503,183
IPF,22,26,CSA,0.01,0.892484759474202,183
IPF,22,26,AMR,0.01,0.892594227189539,183
IPF,22,26,MELD_lambda0_afproj,0.1,0.906399228021078,183
IPF,22,26,MELD_lambda0_reportN,0.1,0.908149203429167,183
IPF,22,26,MELD_lambda0_equal,0.1,0.920013152379105,183
IPF,22,26,MELD_lambda1_afproj,0.1,0.910473459128709,183
IPF,22,26,EUR,0.1,0.881692167597603,183
IPF,22,26,EAS,0.1,0.868252560102482,183
IPF,22,26,AFR,0.1,0.681616348814467,183
IPF,22,26,CSA,0.1,0.878951352749733,183
IPF,22,26,AMR,0.1,0.870727612056547,183
IPF,22,27,MELD_lambda0_afproj,0.001,0.583919537313226,340
IPF,22,27,MELD_lambda0_reportN,0.001,0.587218355647779,340
IPF,22,27,MELD_lambda0_equal,0.001,0.680658163270126,340
IPF,22,27,MELD_lambda1_afproj,0.001,0.569651732992595,340
IPF,22,27,EUR,0.001,0.573111305029475,340
IPF,22,27,EAS,0.001,0.432201398341663,340
IPF,22,27,AFR,0.001,0.473047664470987,340
IPF,22,27,CSA,0.001,0.548534871174437,340
IPF,22,27,AMR,0.001,0.396081544198991,340
IPF,22,27,MELD_lambda0_afproj,0.01,0.803108450722728,340
IPF,22,27,MELD_lambda0_reportN,0.01,0.806776556913918,340
IPF,22,27,MELD_lambda0_equal,0.01,0.81783324346526,340
IPF,22,27,MELD_lambda1_afproj,0.01,0.80157674674022,340
IPF,22,27,EUR,0.01,0.757110576516846,340
IPF,22,27,EAS,0.01,0.620224313310914,340
IPF,22,27,AFR,0.01,0.552156538598274,340
IPF,22,27,CSA,0.01,0.702719262596534,340
IPF,22,27,AMR,0.01,0.710022267422109,340
IPF,22,27,MELD_lambda0_afproj,0.1,0.821344712802721,340
IPF,22,27,MELD_lambda0_reportN,0.1,0.823228405790999,340
IPF,22,27,MELD_lambda0_equal,0.1,0.819524639897748,340
IPF,22,27,MELD_lambda1_afproj,0.1,0.817460394084632,340
IPF,22,27,EUR,0.1,0.796684289717292,340
IPF,22,27,EAS,0.1,0.66698533184655,340
IPF,22,27,AFR,0.1,0.566805579621548,340
IPF,22,27,CSA,0.1,0.721433503307471,340
IPF,22,27,AMR,0.1,0.743982132125331,340
IPF,22,28,MELD_lambda0_afproj,0.001,0.839538443939299,214
IPF,22,28,MELD_lambda0_reportN,0.001,0.83844012754663,214
IPF,22,28,MELD_lambda0_equal,0.001,0.725342450945163,214
IPF,22,28,MELD_lambda1_afproj,0.001,0.83812708167696,214
IPF,22,28,EUR,0.001,0.790772228149967,214
IPF,22,28,EAS,0.001,0.532024150158012,214
IPF,22,28,AFR,0.001,0.381567961168342,214
IPF,22,28,CSA,0.001,0.57728940018867,214
IPF,22,28,AMR,0.001,0.470244811583584,214
IPF,22,28,MELD_lambda0_afproj,0.01,0.854441390127171,214
IPF,22,28,MELD_lambda0_reportN,0.01,0.856033912119109,214
IPF,22,28,MELD_lambda0_equal,0.01,0.764366403602273,214
IPF,22,28,MELD_lambda1_afproj,0.01,0.849711002918343,214
IPF,22,28,EUR,0.01,0.83330726270337,214
IPF,22,28,EAS,0.01,0.590303518658249,214
IPF,22,28,AFR,0.01,0.414337338397977,214
IPF,22,28,CSA,0.01,0.676794920134191,214
IPF,22,28,AMR,0.01,0.662649277298444,214
IPF,22,28,MELD_lambda0_afproj,0.1,0.833089690094021,214
IPF,22,28,MELD_lambda0_reportN,0.1,0.835192248119445,214
IPF,22,28,MELD_lambda0_equal,0.1,0.785616246379794,214
IPF,22,28,MELD_lambda1_afproj,0.1,0.822823478006517,214
IPF,22,28,EUR,0.1,0.82579437625144,214
IPF,22,28,EAS,0.1,0.635099986764199,214
IPF,22,28,AFR,0.1,0.4603516467283,214
IPF,22,28,CSA,0.1,0.718676230563214,214
IPF,22,28,AMR,0.1,0.712659035380683,214
IPF,22,29,MELD_lambda0_afproj,0.001,0.968826935234977,291
IPF,22,29,MELD_lambda0_reportN,0.001,0.967655590079385,291
IPF,22,29,MELD_lambda0_equal,0.001,0.956997544577909,291
IPF,22,29,MELD_lambda1_afproj,0.001,0.96784281750094,291
IPF,22,29,EUR,0.001,0.923981100466272,291
IPF,22,29,EAS,0.001,0.751426046453468,291
IPF,22,29,AFR,0.001,0.703887346472999,291
IPF,22,29,CSA,0.001,0.887693941962221,291
IPF,22,29,AMR,0.001,0.906906087066331,291
IPF,22,29,MELD_lambda0_afproj,0.01,0.968994744031855,291
IPF,22,29,MELD_lambda0_reportN,0.01,0.968566018579544,291
IPF,22,29,MELD_lambda0_equal,0.01,0.958442560662655,291
IPF,22,29,MELD_lambda1_afproj,0.01,0.969695603483788,291
IPF,22,29,EUR,0.01,0.948725925622605,291
IPF,22,29,EAS,0.01,0.907855223198792,291
IPF,22,29,AFR,0.01,0.821385752043755,291
IPF,22,29,CSA,0.01,0.946057551236556,291
IPF,22,29,AMR,0.01,0.940965290190382,291
IPF,22,29,MELD_lambda0_afproj,0.1,0.961724842879484,291
IPF,22,29,MELD_lambda0_reportN,0.1,0.961490779581069,291
IPF,22,29,MELD_lambda0_equal,0.1,0.949829165844276,291
IPF,22,29,MELD_lambda1_afproj,0.1,0.962130892182083,291
IPF,22,29,EUR,0.1,0.946781083214397,291
IPF,22,29,EAS,0.1,0.911493047013833,291
IPF,22,29,AFR,0.1,0.836458627608063,291
IPF,22,29,CSA,0.1,0.940862839074845,291
IPF,22,29,AMR,0.1,0.934459229423299,291
IPF,22,31,MELD_lambda0_afproj,0.001,0.841146784614949,359
IPF,22,31,MELD_lambda0_reportN,0.001,0.834745380764114,359
IPF,22,31,MELD_lambda0_equal,0.001,0.929764786604389,359
IPF,22,31,MELD_lambda1_afproj,0.001,0.841419765299962,359
IPF,22,31,EUR,0.001,0.842034824416528,359
IPF,22,31,EAS,0.001,0.619519560563352,359
IPF,22,31,AFR,0.001,0.769708399602833,359
IPF,22,31,CSA,0.001,0.888871192611987,359
IPF,22,31,AMR,0.001,0.918982170336469,359
IPF,22,31,MELD_lambda0_afproj,0.01,0.947433837946404,359
IPF,22,31,MELD_lambda0_reportN,0.01,0.945958414774198,359
IPF,22,31,MELD_lambda0_equal,0.01,0.952976257654957,359
IPF,22,31,MELD_lambda1_afproj,0.01,0.950295091098111,359
IPF,22,31,EUR,0.01,0.923737127278874,359
IPF,22,31,EAS,0.01,0.847911586490672,359
IPF,22,31,AFR,0.01,0.848149933822243,359
IPF,22,31,CSA,0.01,0.933063964350471,359
IPF,22,31,AMR,0.01,0.94641474626171,359
IPF,22,31,MELD_lambda0_afproj,0.1,0.952936409699997,359
IPF,22,31,MELD_lambda0_reportN,0.1,0.952820968530227,359
IPF,22,31,MELD_lambda0_equal,0.1,0.949612045036817,359
IPF,22,31,MELD_lambda1_afproj,0.1,0.953634796600228,359
IPF,22,31,EUR,0.1,0.938048430297983,359
IPF,22,31,EAS,0.1,0.911219636250306,359
IPF,22,31,AFR,0.1,0.865119016830722,359
IPF,22,31,CSA,0.1,0.928091133347579,359
IPF,22,31,AMR,0.1,0.936921891758239,359
IPF,22,32,MELD_lambda0_afproj,0.001,0.914730869545438,113
IPF,22,32,MELD_lambda0_reportN,0.001,0.908837673342255,113
IPF,22,32,MELD_lambda0_equal,0.001,0.829769442359829,113
IPF,22,32,MELD_lambda1_afproj,0.001,0.897076068133829,113
IPF,22,32,EUR,0.001,0.889212733435948,113
IPF,22,32,EAS,0.001,0.721259582792947,113
IPF,22,32,AFR,0.001,0.154903316527655,113
IPF,22,32,CSA,0.001,0.852242448451291,113
IPF,22,32,AMR,0.001,0.676998247015731,113
IPF,22,32,MELD_lambda0_afproj,0.01,0.932448652894024,113
IPF,22,32,MELD_lambda0_reportN,0.01,0.929240560835295,113
IPF,22,32,MELD_lambda0_equal,0.01,0.861778831840841,113
IPF,22,32,MELD_lambda1_afproj,0.01,0.919215840061916,113
IPF,22,32,EUR,0.01,0.921681843445358,113
IPF,22,32,EAS,0.01,0.775978011784817,113
IPF,22,32,AFR,0.01,0.321886531472994,113
IPF,22,32,CSA,0.01,0.858508835911307,113
IPF,22,32,AMR,0.01,0.742929678821326,113
IPF,22,32,MELD_lambda0_afproj,0.1,0.923539867814963,113
IPF,22,32,MELD_lambda0_reportN,0.1,0.922599842912327,113
IPF,22,32,MELD_lambda0_equal,0.1,0.851937515749539,113
IPF,22,32,MELD_lambda1_afproj,0.1,0.909077114569961,113
IPF,22,32,EUR,0.1,0.927899683609708,113
IPF,22,32,EAS,0.1,0.777259887061359,113
IPF,22,32,AFR,0.1,0.335502608833583,113
IPF,22,32,CSA,0.1,0.844779069446065,113
IPF,22,32,AMR,0.1,0.784512884073631,113
IPF,22,34,MELD_lambda0_afproj,0.001,0.985222898820853,302
IPF,22,34,MELD_lambda0_reportN,0.001,0.985375728536517,302
IPF,22,34,MELD_lambda0_equal,0.001,0.968649638567553,302
IPF,22,34,MELD_lambda1_afproj,0.001,0.979433570716234,302
IPF,22,34,EUR,0.001,0.972726610250668,302
IPF,22,34,EAS,0.001,0.802057353507999,302
IPF,22,34,AFR,0.001,0.806006624955629,302
IPF,22,34,CSA,0.001,0.931764670917962,302
IPF,22,34,AMR,0.001,0.917501253110378,302
IPF,22,34,MELD_lambda0_afproj,0.01,0.983696001024069,302
IPF,22,34,MELD_lambda0_reportN,0.01,0.983705853011567,302
IPF,22,34,MELD_lambda0_equal,0.01,0.970854592177705,302
IPF,22,34,MELD_lambda1_afproj,0.01,0.983700059779465,302
IPF,22,34,EUR,0.01,0.968461775409141,302
IPF,22,34,EAS,0.01,0.909249633688195,302
IPF,22,34,AFR,0.01,0.849529021880022,302
IPF,22,34,CSA,0.01,0.952274488354221,302
IPF,22,34,AMR,0.01,0.92714451239144,302
IPF,22,34,MELD_lambda0_afproj,0.1,0.973613036632477,302
IPF,22,34,MELD_lambda0_reportN,0.1,0.973112271184887,302
IPF,22,34,MELD_lambda0_equal,0.1,0.963564853056266,302
IPF,22,34,MELD_lambda1_afproj,0.1,0.972735883344807,302
IPF,22,34,EUR,0.1,0.957990559231569,302
IPF,22,34,EAS,0.1,0.896575797361312,302
IPF,22,34,AFR,0.1,0.871423252387034,302
IPF,22,34,CSA,0.1,0.957327540410453,302
IPF,22,34,AMR,0.1,0.909548701803277,302
IPF,22,37,MELD_lambda0_afproj,0.001,0.905900708075879,660
IPF,22,37,MELD_lambda0_reportN,0.001,0.902379110627832,660
IPF,22,37,MELD_lambda0_equal,0.001,0.915209382862983,660
IPF,22,37,MELD_lambda1_afproj,0.001,0.913733696459166,660
IPF,22,37,EUR,0.001,0.84132773878131,660
IPF,22,37,EAS,0.001,0.618107224722329,660
IPF,22,37,AFR,0.001,0.4184028660027,660
IPF,22,37,CSA,0.001,0.746548870985169,660
IPF,22,37,AMR,0.001,0.710725385294303,660
IPF,22,37,MELD_lambda0_afproj,0.01,0.924711041361967,660
IPF,22,37,MELD_lambda0_reportN,0.01,0.924096760561526,660
IPF,22,37,MELD_lambda0_equal,0.01,0.922904668564551,660
IPF,22,37,MELD_lambda1_afproj,0.01,0.927355113949849,660
IPF,22,37,EUR,0.01,0.883150160486946,660
IPF,22,37,EAS,0.01,0.804800007610779,660
IPF,22,37,AFR,0.01,0.573964460083817,660
IPF,22,37,CSA,0.01,0.82946301286843,660
IPF,22,37,AMR,0.01,0.820421370726832,660
IPF,22,37,MELD_lambda0_afproj,0.1,0.90084031587955,660
IPF,22,37,MELD_lambda0_reportN,0.1,0.901325332556938,660
IPF,22,37,MELD_lambda0_equal,0.1,0.912041181417815,660
IPF,22,37,MELD_lambda1_afproj,0.1,0.900589065061815,660
IPF,22,37,EUR,0.1,0.866257712106856,660
IPF,22,37,EAS,0.1,0.853135418798907,660
IPF,22,37,AFR,0.1,0.654614494772411,660
IPF,22,37,CSA,0.1,0.838673794743182,660
IPF,22,37,AMR,0.1,0.846430733597126,660
IPF,22,38,MELD_lambda0_afproj,0.001,0.824460671645523,39
IPF,22,38,MELD_lambda0_reportN,0.001,0.818501681512974,39
IPF,22,38,MELD_lambda0_equal,0.001,0.781490722066783,39
IPF,22,38,MELD_lambda1_afproj,0.001,0.793191640070246,39
IPF,22,38,EUR,0.001,0.652117058518494,39
IPF,22,38,EAS,0.001,0.784980854882022,39
IPF,22,38,AFR,0.001,0.53122722437575,39
IPF,22,38,CSA,0.001,0.573444849764546,39
IPF,22,38,AMR,0.001,0.69048599465528,39
IPF,22,38,MELD_lambda0_afproj,0.01,0.857591913962313,39
IPF,22,38,MELD_lambda0_reportN,0.01,0.856514059625981,39
IPF,22,38,MELD_lambda0_equal,0.01,0.772466036852276,39
IPF,22,38,MELD_lambda1_afproj,0.01,0.827418676804579,39
IPF,22,38,EUR,0.01,0.794305321743748,39
IPF,22,38,EAS,0.01,0.800771216633595,39
IPF,22,38,AFR,0.01,0.496133888626426,39
IPF,22,38,CSA,0.01,0.687259966076002,39
IPF,22,38,AMR,0.01,0.728743183663621,39
IPF,22,38,MELD_lambda0_afproj,0.1,0.892197240304582,39
IPF,22,38,MELD_lambda0_reportN,0.1,0.890897210695231,39
IPF,22,38,MELD_lambda0_equal,0.1,0.775297791985089,39
IPF,22,38,MELD_lambda1_afproj,0.1,0.85792432711434,39
IPF,22,38,EUR,0.1,0.861185416739952,39
IPF,22,38,EAS,0.1,0.855784757854021,39
IPF,22,38,AFR,0.1,0.51667332993565,39
IPF,22,38,CSA,0.1,0.711642341187057,39
IPF,22,38,AMR,0.1,0.813589363315939,39
IPF,22,39,MELD_lambda0_afproj,0.001,0.962695866307302,168
IPF,22,39,MELD_lambda0_reportN,0.001,0.965254740961764,168
IPF,22,39,MELD_lambda0_equal,0.001,0.954428978519746,168
IPF,22,39,MELD_lambda1_afproj,0.001,0.957314195083491,168
IPF,22,39,EUR,0.001,0.941427897723034,168
IPF,22,39,EAS,0.001,0.856054802798658,168
IPF,22,39,AFR,0.001,0.867999058085891,168
IPF,22,39,CSA,0.001,0.92330801496342,168
IPF,22,39,AMR,0.001,0.923866207227737,168
IPF,22,39,MELD_lambda0_afproj,0.01,0.959808506382276,168
IPF,22,39,MELD_lambda0_reportN,0.01,0.961887806002779,168
IPF,22,39,MELD_lambda0_equal,0.01,0.963403983479321,168
IPF,22,39,MELD_lambda1_afproj,0.01,0.956481831580246,168
IPF,22,39,EUR,0.01,0.950027861014466,168
IPF,22,39,EAS,0.01,0.900226436969821,168
IPF,22,39,AFR,0.01,0.876334829535679,168
IPF,22,39,CSA,0.01,0.931843948572713,168
IPF,22,39,AMR,0.01,0.959777892310851,168
IPF,22,39,MELD_lambda0_afproj,0.1,0.955624166362257,168
IPF,22,39,MELD_lambda0_reportN,0.1,0.957147511856277,168
IPF,22,39,MELD_lambda0_equal,0.1,0.963349755367019,168
IPF,22,39,MELD_lambda1_afproj,0.1,0.952380015276194,168
IPF,22,39,EUR,0.1,0.952198865297922,168
IPF,22,39,EAS,0.1,0.89563099922359,168
IPF,22,39,AFR,0.1,0.881499886455073,168
IPF,22,39,CSA,0.1,0.934267789704715,168
IPF,22,39,AMR,0.1,0.96046532639316,168
IPF,22,40,MELD_lambda0_afproj,0.001,0.557514959725182,37
IPF,22,40,MELD_lambda0_reportN,0.001,0.588324363079173,37
IPF,22,40,MELD_lambda0_equal,0.001,0.850874492216803,37
IPF,22,40,MELD_lambda1_afproj,0.001,0.552574384495487,37
IPF,22,40,EUR,0.001,0.552888029956805,37
IPF,22,40,EAS,0.001,0.466002589270604,37
IPF,22,40,AFR,0.001,0.529959782199613,37
IPF,22,40,CSA,0.001,0.65261186488382,37
IPF,22,40,AMR,0.001,0.847636004382526,37
IPF,22,40,MELD_lambda0_afproj,0.01,0.542859804367513,37
IPF,22,40,MELD_lambda0_reportN,0.01,0.561678892501199,37
IPF,22,40,MELD_lambda0_equal,0.01,0.771541929830597,37
IPF,22,40,MELD_lambda1_afproj,0.01,0.54335601028668,37
IPF,22,40,EUR,0.01,0.561768714417083,37
IPF,22,40,EAS,0.01,0.423915741578697,37
IPF,22,40,AFR,0.01,0.608253050602512,37
IPF,22,40,CSA,0.01,0.545257422776899,37
IPF,22,40,AMR,0.01,0.831315699439145,37
IPF,22,40,MELD_lambda0_afproj,0.1,0.442721496544153,37
IPF,22,40,MELD_lambda0_reportN,0.1,0.452981620739711,37
IPF,22,40,MELD_lambda0_equal,0.1,0.682361361804993,37
IPF,22,40,MELD_lambda1_afproj,0.1,0.449585939393095,37
IPF,22,40,EUR,0.1,0.426084214533971,37
IPF,22,40,EAS,0.1,0.33954182368694,37
IPF,22,40,AFR,0.1,0.651965533076894,37
IPF,22,40,CSA,0.1,0.468299697340829,37
IPF,22,40,AMR,0.1,0.64034072904276,37
IPF,22,41,MELD_lambda0_afproj,0.001,0.896202678423609,240
IPF,22,41,MELD_lambda0_reportN,0.001,0.894762667059625,240
IPF,22,41,MELD_lambda0_equal,0.001,0.884475846714266,240
IPF,22,41,MELD_lambda1_afproj,0.001,0.893651852707102,240
IPF,22,41,EUR,0.001,0.813245046224275,240
IPF,22,41,EAS,0.001,0.764510044625507,240
IPF,22,41,AFR,0.001,0.480816161369418,240
IPF,22,41,CSA,0.001,0.787737276962155,240
IPF,22,41,AMR,0.001,0.735005926648675,240
IPF,22,41,MELD_lambda0_afproj,0.01,0.898651603765806,240
IPF,22,41,MELD_lambda0_reportN,0.01,0.900355109332995,240
IPF,22,41,MELD_lambda0_equal,0.01,0.887634875917809,240
IPF,22,41,MELD_lambda1_afproj,0.01,0.897857735992912,240
IPF,22,41,EUR,0.01,0.846055348006884,240
IPF,22,41,EAS,0.01,0.834831201494068,240
IPF,22,41,AFR,0.01,0.58441345779602,240
IPF,22,41,CSA,0.01,0.842133879021661,240
IPF,22,41,AMR,0.01,0.850012517547899,240
IPF,22,41,MELD_lambda0_afproj,0.1,0.893044586986995,240
IPF,22,41,MELD_lambda0_reportN,0.1,0.895352498677035,240
IPF,22,41,MELD_lambda0_equal,0.1,0.872786365063123,240
IPF,22,41,MELD_lambda1_afproj,0.1,0.893207460604197,240
IPF,22,41,EUR,0.1,0.861923063992746,240
IPF,22,41,EAS,0.1,0.86116077088155,240
IPF,22,41,AFR,0.1,0.629446617196043,240
IPF,22,41,CSA,0.1,0.842277458141531,240
IPF,22,41,AMR,0.1,0.87637602351181,240
IPF,22,42,MELD_lambda0_afproj,0.001,0.898872866655756,237
IPF,22,42,MELD_lambda0_reportN,0.001,0.899481253924948,237
IPF,22,42,MELD_lambda0_equal,0.001,0.887841859407802,237
IPF,22,42,MELD_lambda1_afproj,0.001,0.895332630637807,237
IPF,22,42,EUR,0.001,0.879297855308348,237
IPF,22,42,EAS,0.001,0.765876656920148,237
IPF,22,42,AFR,0.001,0.687513263064267,237
IPF,22,42,CSA,0.001,0.829409119889458,237
IPF,22,42,AMR,0.001,0.796076685016619,237
IPF,22,42,MELD_lambda0_afproj,0.01,0.915428245529465,237
IPF,22,42,MELD_lambda0_reportN,0.01,0.915327477439528,237
IPF,22,42,MELD_lambda0_equal,0.01,0.892338458473677,237
IPF,22,42,MELD_lambda1_afproj,0.01,0.912416600187565,237
IPF,22,42,EUR,0.01,0.903751739330924,237
IPF,22,42,EAS,0.01,0.818873588733069,237
IPF,22,42,AFR,0.01,0.701207109629461,237
IPF,22,42,CSA,0.01,0.868107957973745,237
IPF,22,42,AMR,0.01,0.856666641731558,237
IPF,22,42,MELD_lambda0_afproj,0.1,0.899444093290569,237
IPF,22,42,MELD_lambda0_reportN,0.1,0.899283267497544,237
IPF,22,42,MELD_lambda0_equal,0.1,0.876798797036154,237
IPF,22,42,MELD_lambda1_afproj,0.1,0.896215351870295,237
IPF,22,42,EUR,0.1,0.889338590065366,237
IPF,22,42,EAS,0.1,0.83892312430333,237
IPF,22,42,AFR,0.1,0.703023779430098,237
IPF,22,42,CSA,0.1,0.843940310846547,237
IPF,22,42,AMR,0.1,0.854882429996049,237
IPF,22,43,MELD_lambda0_afproj,0.001,0.854605160673396,45
IPF,22,43,MELD_lambda0_reportN,0.001,0.85729566506753,45
IPF,22,43,MELD_lambda0_equal,0.001,0.804446543995382,45
IPF,22,43,MELD_lambda1_afproj,0.001,0.876680316936193,45
IPF,22,43,EUR,0.001,0.860950843379015,45
IPF,22,43,EAS,0.001,0.538205207642917,45
IPF,22,43,AFR,0.001,0.508940758391204,45
IPF,22,43,CSA,0.001,0.765311222861943,45
IPF,22,43,AMR,0.001,0.764348466605575,45
IPF,22,43,MELD_lambda0_afproj,0.01,0.850922688653447,45
IPF,22,43,MELD_lambda0_reportN,0.01,0.853510842939333,45
IPF,22,43,MELD_lambda0_equal,0.01,0.823983576300644,45
IPF,22,43,MELD_lambda1_afproj,0.01,0.872776151859055,45
IPF,22,43,EUR,0.01,0.86194328458454,45
IPF,22,43,EAS,0.01,0.645028003498504,45
IPF,22,43,AFR,0.01,0.521524427429308,45
IPF,22,43,CSA,0.01,0.792136452893684,45
IPF,22,43,AMR,0.01,0.798797750268506,45
IPF,22,43,MELD_lambda0_afproj,0.1,0.848806976774122,45
IPF,22,43,MELD_lambda0_reportN,0.1,0.849738737815777,45
IPF,22,43,MELD_lambda0_equal,0.1,0.854702216956825,45
IPF,22,43,MELD_lambda1_afproj,0.1,0.858320664438339,45
IPF,22,43,EUR,0.1,0.864073913461156,45
IPF,22,43,EAS,0.1,0.50473165602048,45
IPF,22,43,AFR,0.1,0.536348070749997,45
IPF,22,43,CSA,0.1,0.840559734984538,45
IPF,22,43,AMR,0.1,0.780642450911753,45
IPF,22,44,MELD_lambda0_afproj,0.001,0.927957719029361,142
IPF,22,44,MELD_lambda0_reportN,0.001,0.927362864720866,142
IPF,22,44,MELD_lambda0_equal,0.001,0.938332769616844,142
IPF,22,44,MELD_lambda1_afproj,0.001,0.927019074515727,142
IPF,22,44,EUR,0.001,0.897634661894926,142
IPF,22,44,EAS,0.001,0.822849612489793,142
IPF,22,44,AFR,0.001,0.847019178286495,142
IPF,22,44,CSA,0.001,0.936540536728276,142
IPF,22,44,AMR,0.001,0.898843616271425,142
IPF,22,44,MELD_lambda0_afproj,0.01,0.934901053800089,142
IPF,22,44,MELD_lambda0_reportN,0.01,0.934696875179258,142
IPF,22,44,MELD_lambda0_equal,0.01,0.937658734374687,142
IPF,22,44,MELD_lambda1_afproj,0.01,0.934013929110619,142
IPF,22,44,EUR,0.01,0.925766902959166,142
IPF,22,44,EAS,0.01,0.830928569999307,142
IPF,22,44,AFR,0.01,0.851194317240273,142
IPF,22,44,CSA,0.01,0.93659392714133,142
IPF,22,44,AMR,0.01,0.911451985625713,142
IPF,22,44,MELD_lambda0_afproj,0.1,0.926397757648253,142
IPF,22,44,MELD_lambda0_reportN,0.1,0.926399060728949,142
IPF,22,44,MELD_lambda0_equal,0.1,0.926263924908169,142
IPF,22,44,MELD_lambda1_afproj,0.1,0.924328386960923,142
IPF,22,44,EUR,0.1,0.931615842296327,142
IPF,22,44,EAS,0.1,0.832605770653599,142
IPF,22,44,AFR,0.1,0.84456769738178,142
IPF,22,44,CSA,0.1,0.923267593762869,142
IPF,22,44,AMR,0.1,0.916000608709641,142
IPF,22,45,MELD_lambda0_afproj,0.001,0.82204480478473,150
IPF,22,45,MELD_lambda0_reportN,0.001,0.816596074792945,150
IPF,22,45,MELD_lambda0_equal,0.001,0.763058372424943,150
IPF,22,45,MELD_lambda1_afproj,0.001,0.824272727309958,150
IPF,22,45,EUR,0.001,0.73643950775397,150
IPF,22,45,EAS,0.001,0.694152491050121,150
IPF,22,45,AFR,0.001,0.71342897264771,150
IPF,22,45,CSA,0.001,0.768996045696644,150
IPF,22,45,AMR,0.001,0.621123254404169,150
IPF,22,45,MELD_lambda0_afproj,0.01,0.814296926837111,150
IPF,22,45,MELD_lambda0_reportN,0.01,0.813278313506964,150
IPF,22,45,MELD_lambda0_equal,0.01,0.758208678656029,150
IPF,22,45,MELD_lambda1_afproj,0.01,0.813127945325364,150
IPF,22,45,EUR,0.01,0.758024117661615,150
IPF,22,45,EAS,0.01,0.789899352734047,150
IPF,22,45,AFR,0.01,0.724685443656713,150
IPF,22,45,CSA,0.01,0.783083450226133,150
IPF,22,45,AMR,0.01,0.709208746803236,150
IPF,22,45,MELD_lambda0_afproj,0.1,0.807564133294587,150
IPF,22,45,MELD_lambda0_reportN,0.1,0.806973906406445,150
IPF,22,45,MELD_lambda0_equal,0.1,0.755686713052978,150
IPF,22,45,MELD_lambda1_afproj,0.1,0.803177134611517,150
IPF,22,45,EUR,0.1,0.762146187087022,150
IPF,22,45,EAS,0.1,0.808755432882803,150
IPF,22,45,AFR,0.1,0.732185155072073,150
IPF,22,45,CSA,0.1,0.790607565917874,150
IPF,22,45,AMR,0.1,0.707918548687323,150
IPF,22,46,MELD_lambda0_afproj,0.001,0.902506481434407,160
IPF,22,46,MELD_lambda0_reportN,0.001,0.905385835120385,160
IPF,22,46,MELD_lambda0_equal,0.001,0.867267650765701,160
IPF,22,46,MELD_lambda1_afproj,0.001,0.900864408001254,160
IPF,22,46,EUR,0.001,0.887222155582174,160
IPF,22,46,EAS,0.001,0.682045181827198,160
IPF,22,46,AFR,0.001,0.673996511668101,160
IPF,22,46,CSA,0.001,0.801023929034143,160
IPF,22,46,AMR,0.001,0.733980277637229,160
IPF,22,46,MELD_lambda0_afproj,0.01,0.911447693113458,160
IPF,22,46,MELD_lambda0_reportN,0.01,0.912442957664648,160
IPF,22,46,MELD_lambda0_equal,0.01,0.877179041417351,160
IPF,22,46,MELD_lambda1_afproj,0.01,0.909328134628589,160
IPF,22,46,EUR,0.01,0.914571896397079,160
IPF,22,46,EAS,0.01,0.750888993472753,160
IPF,22,46,AFR,0.01,0.683816025077392,160
IPF,22,46,CSA,0.01,0.849370233727236,160
IPF,22,46,AMR,0.01,0.788492823977872,160
IPF,22,46,MELD_lambda0_afproj,0.1,0.915863611794085,160
IPF,22,46,MELD_lambda0_reportN,0.1,0.915939576313581,160
IPF,22,46,MELD_lambda0_equal,0.1,0.883352086106399,160
IPF,22,46,MELD_lambda1_afproj,0.1,0.912785806819113,160
IPF,22,46,EUR,0.1,0.913125186836204,160
IPF,22,46,EAS,0.1,0.781341590983758,160
IPF,22,46,AFR,0.1,0.679540547528339,160
IPF,22,46,CSA,0.1,0.862046447753163,160
IPF,22,46,AMR,0.1,0.795176171099822,160
IPF,22,47,MELD_lambda0_afproj,0.001,0.959092196290509,154
IPF,22,47,MELD_lambda0_reportN,0.001,0.958651283132047,154
IPF,22,47,MELD_lambda0_equal,0.001,0.942472031748041,154
IPF,22,47,MELD_lambda1_afproj,0.001,0.95536827274176,154
IPF,22,47,EUR,0.001,0.956482001211779,154
IPF,22,47,EAS,0.001,0.913115907164664,154
IPF,22,47,AFR,0.001,0.836598811422716,154
IPF,22,47,CSA,0.001,0.941555727364972,154
IPF,22,47,AMR,0.001,0.895912980618322,154
IPF,22,47,MELD_lambda0_afproj,0.01,0.963311188596741,154
IPF,22,47,MELD_lambda0_reportN,0.01,0.963229613577371,154
IPF,22,47,MELD_lambda0_equal,0.01,0.944834923989628,154
IPF,22,47,MELD_lambda1_afproj,0.01,0.960325863208675,154
IPF,22,47,EUR,0.01,0.964243870111085,154
IPF,22,47,EAS,0.01,0.932952288541235,154
IPF,22,47,AFR,0.01,0.870236333602712,154
IPF,22,47,CSA,0.01,0.94938879349835,154
IPF,22,47,AMR,0.01,0.910505309202007,154
IPF,22,47,MELD_lambda0_afproj,0.1,0.959956828809043,154
IPF,22,47,MELD_lambda0_reportN,0.1,0.960165204681803,154
IPF,22,47,MELD_lambda0_equal,0.1,0.948573639288954,154
IPF,22,47,MELD_lambda1_afproj,0.1,0.95831277995899,154
IPF,22,47,EUR,0.1,0.958141772705778,154
IPF,22,47,EAS,0.1,0.930637120822383,154
IPF,22,47,AFR,0.1,0.899533345392723,154
IPF,22,47,CSA,0.1,0.951417749776328,154
IPF,22,47,AMR,0.1,0.924103430646688,154
IPF,22,48,MELD_lambda0_afproj,0.001,0.904007840736438,118
IPF,22,48,MELD_lambda0_reportN,0.001,0.905725225099004,118
IPF,22,48,MELD_lambda0_equal,0.001,0.843602749218828,118
IPF,22,48,MELD_lambda1_afproj,0.001,0.887445040413678,118
IPF,22,48,EUR,0.001,0.889405023981069,118
IPF,22,48,EAS,0.001,0.862466590904694,118
IPF,22,48,AFR,0.001,0.70957969590646,118
IPF,22,48,CSA,0.001,0.616513037187666,118
IPF,22,48,AMR,0.001,0.83481794557765,118
IPF,22,48,MELD_lambda0_afproj,0.01,0.891434559546674,118
IPF,22,48,MELD_lambda0_reportN,0.01,0.892554921625774,118
IPF,22,48,MELD_lambda0_equal,0.01,0.857478140334188,118
IPF,22,48,MELD_lambda1_afproj,0.01,0.87575647168087,118
IPF,22,48,EUR,0.01,0.873066718497952,118
IPF,22,48,EAS,0.01,0.858931625311331,118
IPF,22,48,AFR,0.01,0.807458716186369,118
IPF,22,48,CSA,0.01,0.77631816099256,118
IPF,22,48,AMR,0.01,0.889682232196473,118
IPF,22,48,MELD_lambda0_afproj,0.1,0.887492911822017,118
IPF,22,48,MELD_lambda0_reportN,0.1,0.887852590475189,118
IPF,22,48,MELD_lambda0_equal,0.1,0.876092671770201,118
IPF,22,48,MELD_lambda1_afproj,0.1,0.877028817511928,118
IPF,22,48,EUR,0.1,0.877488614216351,118
IPF,22,48,EAS,0.1,0.853601724582266,118
IPF,22,48,AFR,0.1,0.838785263334171,118
IPF,22,48,CSA,0.1,0.83636499920412,118
IPF,22,48,AMR,0.1,0.904705892157054,118
IPF,22,49,MELD_lambda0_afproj,0.001,0.823087649180139,159
IPF,22,49,MELD_lambda0_reportN,0.001,0.828422926792503,159
IPF,22,49,MELD_lambda0_equal,0.001,0.838245906221546,159
IPF,22,49,MELD_lambda1_afproj,0.001,0.819517472518057,159
IPF,22,49,EUR,0.001,0.823746460539791,159
IPF,22,49,EAS,0.001,0.777448774693648,159
IPF,22,49,AFR,0.001,0.567709858645504,159
IPF,22,49,CSA,0.001,0.592657674620629,159
IPF,22,49,AMR,0.001,0.683247752632963,159
IPF,22,49,MELD_lambda0_afproj,0.01,0.845379555171996,159
IPF,22,49,MELD_lambda0_reportN,0.01,0.84905615690474,159
IPF,22,49,MELD_lambda0_equal,0.01,0.844868103636064,159
IPF,22,49,MELD_lambda1_afproj,0.01,0.841952353931292,159
IPF,22,49,EUR,0.01,0.85578509828798,159
IPF,22,49,EAS,0.01,0.826298633335072,159
IPF,22,49,AFR,0.01,0.564992156525701,159
IPF,22,49,CSA,0.01,0.740790536494458,159
IPF,22,49,AMR,0.01,0.862309133449799,159
IPF,22,49,MELD_lambda0_afproj,0.1,0.823484751358491,159
IPF,22,49,MELD_lambda0_reportN,0.1,0.824188078888851,159
IPF,22,49,MELD_lambda0_equal,0.1,0.82967594051033,159
IPF,22,49,MELD_lambda1_afproj,0.1,0.817591503126626,159
IPF,22,49,EUR,0.1,0.82938771635021,159
IPF,22,49,EAS,0.1,0.807659980132582,159
IPF,22,49,AFR,0.1,0.576228198089668,159
IPF,22,49,CSA,0.1,0.803096651376559,159
IPF,22,49,AMR,0.1,0.861374821539093,159
IPF,22,50,MELD_lambda0_afproj,0.001,0.725029578026783,97
IPF,22,50,MELD_lambda0_reportN,0.001,0.723533083578226,97
IPF,22,50,MELD_lambda0_equal,0.001,0.752989596014944,97
IPF,22,50,MELD_lambda1_afproj,0.001,0.729556975619342,97
IPF,22,50,EUR,0.001,0.714824894290553,97
IPF,22,50,EAS,0.001,0.73766524554765,97
IPF,22,50,AFR,0.001,0.319710919268597,97
IPF,22,50,CSA,0.001,0.752695693435698,97
IPF,22,50,AMR,0.001,0.776777434788975,97
IPF,22,50,MELD_lambda0_afproj,0.01,0.737425216016331,97
IPF,22,50,MELD_lambda0_reportN,0.01,0.736811615095352,97
IPF,22,50,MELD_lambda0_equal,0.01,0.761122703154945,97
IPF,22,50,MELD_lambda1_afproj,0.01,0.741382539569926,97
IPF,22,50,EUR,0.01,0.731326927072247,97
IPF,22,50,EAS,0.01,0.790258510460844,97
IPF,22,50,AFR,0.01,0.322286225279202,97
IPF,22,50,CSA,0.01,0.813843357762143,97
IPF,22,50,AMR,0.01,0.784652419704098,97
IPF,22,50,MELD_lambda0_afproj,0.1,0.760866052083936,97
IPF,22,50,MELD_lambda0_reportN,0.1,0.76006837337962,97
IPF,22,50,MELD_lambda0_equal,0.1,0.787731474796127,97
IPF,22,50,MELD_lambda1_afproj,0.1,0.756329524057954,97
IPF,22,50,EUR,0.1,0.747003735407176,97
IPF,22,50,EAS,0.1,0.796985557398046,97
IPF,22,50,AFR,0.1,0.317037142741799,97
IPF,22,50,CSA,0.1,0.805910611019731,97
IPF,22,50,AMR,0.1,0.799403734508975,97
IPF,22,52,MELD_lambda0_afproj,0.001,0.717073486140629,37
IPF,22,52,MELD_lambda0_reportN,0.001,0.695614155261209,37
IPF,22,52,MELD_lambda0_equal,0.001,0.787935327027915,37
IPF,22,52,MELD_lambda1_afproj,0.001,0.685017601397785,37
IPF,22,52,EUR,0.001,0.792499484114336,37
IPF,22,52,EAS,0.001,0.799565003296447,37
IPF,22,52,AFR,0.001,0.658271354810355,37
IPF,22,52,CSA,0.001,0.87068634062912,37
IPF,22,52,AMR,0.001,0.577561430306752,37
IPF,22,52,MELD_lambda0_afproj,0.01,0.829888983016095,37
IPF,22,52,MELD_lambda0_reportN,0.01,0.827869917466817,37
IPF,22,52,MELD_lambda0_equal,0.01,0.834887888418896,37
IPF,22,52,MELD_lambda1_afproj,0.01,0.820808450292878,37
IPF,22,52,EUR,0.01,0.799609097282863,37
IPF,22,52,EAS,0.01,0.892407384546328,37
IPF,22,52,AFR,0.01,0.636768209798,37
IPF,22,52,CSA,0.01,0.84516970551905,37
IPF,22,52,AMR,0.01,0.727090351171747,37
IPF,22,52,MELD_lambda0_afproj,0.1,0.839062678253016,37
IPF,22,52,MELD_lambda0_reportN,0.1,0.839480408432552,37
IPF,22,52,MELD_lambda0_equal,0.1,0.879401928983283,37
IPF,22,52,MELD_lambda1_afproj,0.1,0.83814348858082,37
IPF,22,52,EUR,0.1,0.771537903242792,37
IPF,22,52,EAS,0.1,0.877023519188699,37
IPF,22,52,AFR,0.1,0.556478812462914,37
IPF,22,52,CSA,0.1,0.828689870412791,37
IPF,22,52,AMR,0.1,0.756614368311771,37
IPF,22,53,MELD_lambda0_afproj,0.001,0.970581081237768,353
IPF,22,53,MELD_lambda0_reportN,0.001,0.968057733317906,353
IPF,22,53,MELD_lambda0_equal,0.001,0.968087806868231,353
IPF,22,53,MELD_lambda1_afproj,0.001,0.971328538969239,353
IPF,22,53,EUR,0.001,0.940489626209392,353
IPF,22,53,EAS,0.001,0.775963603540289,353
IPF,22,53,AFR,0.001,0.767633872105381,353
IPF,22,53,CSA,0.001,0.923423122636693,353
IPF,22,53,AMR,0.001,0.885993404471829,353
IPF,22,53,MELD_lambda0_afproj,0.01,0.975645213148415,353
IPF,22,53,MELD_lambda0_reportN,0.01,0.974037610517688,353
IPF,22,53,MELD_lambda0_equal,0.01,0.970209746301058,353
IPF,22,53,MELD_lambda1_afproj,0.01,0.977446152684452,353
IPF,22,53,EUR,0.01,0.967923229027183,353
IPF,22,53,EAS,0.01,0.895270266360292,353
IPF,22,53,AFR,0.01,0.856638307456414,353
IPF,22,53,CSA,0.01,0.973150785802568,353
IPF,22,53,AMR,0.01,0.945286478526021,353
IPF,22,53,MELD_lambda0_afproj,0.1,0.972944708316279,353
IPF,22,53,MELD_lambda0_reportN,0.1,0.972364057432291,353
IPF,22,53,MELD_lambda0_equal,0.1,0.967679450280231,353
IPF,22,53,MELD_lambda1_afproj,0.1,0.974728431298221,353
IPF,22,53,EUR,0.1,0.959905160153318,353
IPF,22,53,EAS,0.1,0.930022134079404,353
IPF,22,53,AFR,0.1,0.889368644073046,353
IPF,22,53,CSA,0.1,0.968782298670936,353
IPF,22,53,AMR,0.1,0.938476541851259,353
IPF,22,54,MELD_lambda0_afproj,0.001,0.87544704142216,48
IPF,22,54,MELD_lambda0_reportN,0.001,0.883092378196715,48
IPF,22,54,MELD_lambda0_equal,0.001,0.75665702141338,48
IPF,22,54,MELD_lambda1_afproj,0.001,0.889358804694227,48
IPF,22,54,EUR,0.001,0.809130702111087,48
IPF,22,54,EAS,0.001,0.630901078351045,48
IPF,22,54,AFR,0.001,0.455112485485113,48
IPF,22,54,CSA,0.001,0.697906108395672,48
IPF,22,54,AMR,0.001,0.86327232030635,48
IPF,22,54,MELD_lambda0_afproj,0.01,0.898477776826367,48
IPF,22,54,MELD_lambda0_reportN,0.01,0.901084771243746,48
IPF,22,54,MELD_lambda0_equal,0.01,0.771422277006015,48
IPF,22,54,MELD_lambda1_afproj,0.01,0.9009548475422,48
IPF,22,54,EUR,0.01,0.863923414464108,48
IPF,22,54,EAS,0.01,0.660351313079027,48
IPF,22,54,AFR,0.01,0.490120734779172,48
IPF,22,54,CSA,0.01,0.742357662514666,48
IPF,22,54,AMR,0.01,0.90156340715985,48
IPF,22,54,MELD_lambda0_afproj,0.1,0.843233191344021,48
IPF,22,54,MELD_lambda0_reportN,0.1,0.845150960949765,48
IPF,22,54,MELD_lambda0_equal,0.1,0.778171285837907,48
IPF,22,54,MELD_lambda1_afproj,0.1,0.843470189911065,48
IPF,22,54,EUR,0.1,0.810904340933574,48
IPF,22,54,EAS,0.1,0.666143774071738,48
IPF,22,54,AFR,0.1,0.535399840639594,48
IPF,22,54,CSA,0.1,0.744975103726501,48
IPF,22,54,AMR,0.1,0.863258259996509,48
IPF,22,55,MELD_lambda0_afproj,0.001,0.882679584187852,217
IPF,22,55,MELD_lambda0_reportN,0.001,0.879379936969942,217
IPF,22,55,MELD_lambda0_equal,0.001,0.889809375232186,217
IPF,22,55,MELD_lambda1_afproj,0.001,0.896395604699044,217
IPF,22,55,EUR,0.001,0.764189590109336,217
IPF,22,55,EAS,0.001,0.367381147946653,217
IPF,22,55,AFR,0.001,0.742428742337515,217
IPF,22,55,CSA,0.001,0.761206749159703,217
IPF,22,55,AMR,0.001,0.512279584064426,217
IPF,22,55,MELD_lambda0_afproj,0.01,0.904766143520459,217
IPF,22,55,MELD_lambda0_reportN,0.01,0.903400627119669,217
IPF,22,55,MELD_lambda0_equal,0.01,0.892890513594294,217
IPF,22,55,MELD_lambda1_afproj,0.01,0.91078712577886,217
IPF,22,55,EUR,0.01,0.851644498229975,217
IPF,22,55,EAS,0.01,0.752525563500054,217
IPF,22,55,AFR,0.01,0.755650541611303,217
IPF,22,55,CSA,0.01,0.842532732633409,217
IPF,22,55,AMR,0.01,0.842602725002603,217
IPF,22,55,MELD_lambda0_afproj,0.1,0.892541311797791,217
IPF,22,55,MELD_lambda0_reportN,0.1,0.892821671603952,217
IPF,22,55,MELD_lambda0_equal,0.1,0.884242861187252,217
IPF,22,55,MELD_lambda1_afproj,0.1,0.882101179454501,217
IPF,22,55,EUR,0.1,0.866796850823642,217
IPF,22,55,EAS,0.1,0.803414767228354,217
IPF,22,55,AFR,0.1,0.752969709665084,217
IPF,22,55,CSA,0.1,0.848008917166667,217
IPF,22,55,AMR,0.1,0.843662029434005,217
IPF,22,56,MELD_lambda0_afproj,0.001,0.960950842066336,30
IPF,22,56,MELD_lambda0_reportN,0.001,0.961414195882308,30
IPF,22,56,MELD_lambda0_equal,0.001,0.930918589052591,30
IPF,22,56,MELD_lambda1_afproj,0.001,0.937503528199714,30
IPF,22,56,EUR,0.001,0.975000742154966,30
IPF,22,56,EAS,0.001,0.647002869694263,30
IPF,22,56,AFR,0.001,0.808536594840683,30
IPF,22,56,CSA,0.001,0.77680566329239,30
IPF,22,56,AMR,0.001,0.871741392400843,30
IPF,22,56,MELD_lambda0_afproj,0.01,0.962517766167832,30
IPF,22,56,MELD_lambda0_reportN,0.01,0.962593343505105,30
IPF,22,56,MELD_lambda0_equal,0.01,0.937553448028294,30
IPF,22,56,MELD_lambda1_afproj,0.01,0.941857572830722,30
IPF,22,56,EUR,0.01,0.975290929612845,30
IPF,22,56,EAS,0.01,0.669322765240965,30
IPF,22,56,AFR,0.01,0.818172598829549,30
IPF,22,56,CSA,0.01,0.783021284208251,30
IPF,22,56,AMR,0.01,0.882955917630622,30
IPF,22,56,MELD_lambda0_afproj,0.1,0.964671277884311,30
IPF,22,56,MELD_lambda0_reportN,0.1,0.964526147583083,30
IPF,22,56,MELD_lambda0_equal,0.1,0.950733847881595,30
IPF,22,56,MELD_lambda1_afproj,0.1,0.94584086294029,30
IPF,22,56,EUR,0.1,0.963996057138367,30
IPF,22,56,EAS,0.1,0.776286168105435,30
IPF,22,56,AFR,0.1,0.657665866082364,30
IPF,22,56,CSA,0.1,0.794904972972788,30
IPF,22,56,AMR,0.1,0.910217570892327,30
IPF,22,57,MELD_lambda0_afproj,0.001,0.942258872641554,231
IPF,22,57,MELD_lambda0_reportN,0.001,0.943725570590365,231
IPF,22,57,MELD_lambda0_equal,0.001,0.932595784797248,231
IPF,22,57,MELD_lambda1_afproj,0.001,0.933182217976855,231
IPF,22,57,EUR,0.001,0.902007780665483,231
IPF,22,57,EAS,0.001,0.80350715337366,231
IPF,22,57,AFR,0.001,0.712586434465873,231
IPF,22,57,CSA,0.001,0.816063192301261,231
IPF,22,57,AMR,0.001,0.85553293479842,231
IPF,22,57,MELD_lambda0_afproj,0.01,0.948898307302897,231
IPF,22,57,MELD_lambda0_reportN,0.01,0.948715675851043,231
IPF,22,57,MELD_lambda0_equal,0.01,0.926324719704355,231
IPF,22,57,MELD_lambda1_afproj,0.01,0.94279243976421,231
IPF,22,57,EUR,0.01,0.940383996846865,231
IPF,22,57,EAS,0.01,0.892516687272359,231
IPF,22,57,AFR,0.01,0.761714511878308,231
IPF,22,57,CSA,0.01,0.872481459661263,231
IPF,22,57,AMR,0.01,0.910296724521635,231
IPF,22,57,MELD_lambda0_afproj,0.1,0.939270879171996,231
IPF,22,57,MELD_lambda0_reportN,0.1,0.938819363302726,231
IPF,22,57,MELD_lambda0_equal,0.1,0.909741562241455,231
IPF,22,57,MELD_lambda1_afproj,0.1,0.933539586292093,231
IPF,22,57,EUR,0.1,0.935734667759359,231
IPF,22,57,EAS,0.1,0.877372269897633,231
IPF,22,57,AFR,0.1,0.783081722923795,231
IPF,22,57,CSA,0.1,0.892520129605265,231
IPF,22,57,AMR,0.1,0.900201950610387,231
IPF,22,58,MELD_lambda0_afproj,0.001,0.541122452181917,301
IPF,22,58,MELD_lambda0_reportN,0.001,0.530804956387136,301
IPF,22,58,MELD_lambda0_equal,0.001,0.67727985182515,301
IPF,22,58,MELD_lambda1_afproj,0.001,0.521140977152187,301
IPF,22,58,EUR,0.001,0.442851540385507,301
IPF,22,58,EAS,0.001,0.322125342955301,301
IPF,22,58,AFR,0.001,0.350508993226274,301
IPF,22,58,CSA,0.001,0.556933667389004,301
IPF,22,58,AMR,0.001,0.470993698368985,301
IPF,22,58,MELD_lambda0_afproj,0.01,0.666679447431515,301
IPF,22,58,MELD_lambda0_reportN,0.01,0.661444648043024,301
IPF,22,58,MELD_lambda0_equal,0.01,0.679478191043821,301
IPF,22,58,MELD_lambda1_afproj,0.01,0.652812326612686,301
IPF,22,58,EUR,0.01,0.595934030790241,301
IPF,22,58,EAS,0.01,0.483110938147095,301
IPF,22,58,AFR,0.01,0.394748423418279,301
IPF,22,58,CSA,0.01,0.598485347558428,301
IPF,22,58,AMR,0.01,0.563509253924464,301
IPF,22,58,MELD_lambda0_afproj,0.1,0.688598693505364,301
IPF,22,58,MELD_lambda0_reportN,0.1,0.685893099502156,301
IPF,22,58,MELD_lambda0_equal,0.1,0.67683335204949,301
IPF,22,58,MELD_lambda1_afproj,0.1,0.677981344672417,301
IPF,22,58,EUR,0.1,0.658920222009976,301
IPF,22,58,EAS,0.1,0.527223362527491,301
IPF,22,58,AFR,0.1,0.425978261248197,301
IPF,22,58,CSA,0.1,0.615605884573801,301
IPF,22,58,AMR,0.1,0.622073816278478,301
IPF,22,60,MELD_lambda0_afproj,0.001,0.670486888545699,163
IPF,22,60,MELD_lambda0_reportN,0.001,0.686123175496955,163
IPF,22,60,MELD_lambda0_equal,0.001,0.705757662251581,163
IPF,22,60,MELD_lambda1_afproj,0.001,0.669749920905167,163
IPF,22,60,EUR,0.001,0.619247909489653,163
IPF,22,60,EAS,0.001,0.562318114723673,163
IPF,22,60,AFR,0.001,0.429159175805164,163
IPF,22,60,CSA,0.001,0.367334568364239,163
IPF,22,60,AMR,0.001,0.405968676133131,163
IPF,22,60,MELD_lambda0_afproj,0.01,0.736730668757786,163
IPF,22,60,MELD_lambda0_reportN,0.01,0.742005782806029,163
IPF,22,60,MELD_lambda0_equal,0.01,0.737090389423634,163
IPF,22,60,MELD_lambda1_afproj,0.01,0.734793137594195,163
IPF,22,60,EUR,0.01,0.691587511314358,163
IPF,22,60,EAS,0.01,0.597175058381963,163
IPF,22,60,AFR,0.01,0.529644965206206,163
IPF,22,60,CSA,0.01,0.580875437862601,163
IPF,22,60,AMR,0.01,0.588633950530366,163
IPF,22,60,MELD_lambda0_afproj,0.1,0.731728165262588,163
IPF,22,60,MELD_lambda0_reportN,0.1,0.733976527561429,163
IPF,22,60,MELD_lambda0_equal,0.1,0.723942525431716,163
IPF,22,60,MELD_lambda1_afproj,0.1,0.727759672321611,163
IPF,22,60,EUR,0.1,0.710916497816026,163
IPF,22,60,EAS,0.1,0.596764260666697,163
IPF,22,60,AFR,0.1,0.516334464212073,163
IPF,22,60,CSA,0.1,0.64925975188453,163
IPF,22,60,AMR,0.1,0.639779151334619,163
IPF,22,61,MELD_lambda0_afproj,0.001,0.845098385882147,263
IPF,22,61,MELD_lambda0_reportN,0.001,0.847155538383296,263
IPF,22,61,MELD_lambda0_equal,0.001,0.810243870049307,263
IPF,22,61,MELD_lambda1_afproj,0.001,0.847392870787156,263
IPF,22,61,EUR,0.001,0.835893622901178,263
IPF,22,61,EAS,0.001,0.715837308035328,263
IPF,22,61,AFR,0.001,0.320517092855756,263
IPF,22,61,CSA,0.001,0.596364061769939,263
IPF,22,61,AMR,0.001,0.702264153603118,263
IPF,22,61,MELD_lambda0_afproj,0.01,0.863374615168465,263
IPF,22,61,MELD_lambda0_reportN,0.01,0.864716712003368,263
IPF,22,61,MELD_lambda0_equal,0.01,0.820991484467994,263
IPF,22,61,MELD_lambda1_afproj,0.01,0.864993311693136,263
IPF,22,61,EUR,0.01,0.864998525855833,263
IPF,22,61,EAS,0.01,0.72341369153262,263
IPF,22,61,AFR,0.01,0.360504848857112,263
IPF,22,61,CSA,0.01,0.683172655184112,263
IPF,22,61,AMR,0.01,0.779055240480767,263
IPF,22,61,MELD_lambda0_afproj,0.1,0.856616647406485,263
IPF,22,61,MELD_lambda0_reportN,0.1,0.857171164721537,263
IPF,22,61,MELD_lambda0_equal,0.1,0.822097524793763,263
IPF,22,61,MELD_lambda1_afproj,0.1,0.857394640618445,263
IPF,22,61,EUR,0.1,0.845866511370379,263
IPF,22,61,EAS,0.1,0.741400729030667,263
IPF,22,61,AFR,0.1,0.42106328549309,263
IPF,22,61,CSA,0.1,0.733507903848921,263
IPF,22,61,AMR,0.1,0.777647920029093,263
IPF,22,63,MELD_lambda0_afproj,0.001,0.665872677280722,60
IPF,22,63,MELD_lambda0_reportN,0.001,0.665159894715714,60
IPF,22,63,MELD_lambda0_equal,0.001,0.734326105534067,60
IPF,22,63,MELD_lambda1_afproj,0.001,0.650737306593094,60
IPF,22,63,EUR,0.001,0.73092182794275,60
IPF,22,63,EAS,0.001,0.616971348518319,60
IPF,22,63,AFR,0.001,0.620938661886905,60
IPF,22,63,CSA,0.001,0.602394024115729,60
IPF,22,63,AMR,0.001,0.807388614040753,60
IPF,22,63,MELD_lambda0_afproj,0.01,0.669734137341295,60
IPF,22,63,MELD_lambda0_reportN,0.01,0.670317809847441,60
IPF,22,63,MELD_lambda0_equal,0.01,0.731622909714891,60
IPF,22,63,MELD_lambda1_afproj,0.01,0.657516141643951,60
IPF,22,63,EUR,0.01,0.715561215881247,60
IPF,22,63,EAS,0.01,0.671321553398473,60
IPF,22,63,AFR,0.01,0.619714931674532,60
IPF,22,63,CSA,0.01,0.624790815999717,60
IPF,22,63,AMR,0.01,0.795995377130234,60
IPF,22,63,MELD_lambda0_afproj,0.1,0.651494533970427,60
IPF,22,63,MELD_lambda0_reportN,0.1,0.653082945763614,60
IPF,22,63,MELD_lambda0_equal,0.1,0.709324826345136,60
IPF,22,63,MELD_lambda1_afproj,0.1,0.646787303082678,60
IPF,22,63,EUR,0.1,0.671760670086246,60
IPF,22,63,EAS,0.1,0.71194994429906,60
IPF,22,63,AFR,0.1,0.607338132022562,60
IPF,22,63,CSA,0.1,0.654215356934233,60
IPF,22,63,AMR,0.1,0.707283990031472,60
IPF,22,64,MELD_lambda0_afproj,0.001,0.811048851190449,173
IPF,22,64,MELD_lambda0_reportN,0.001,0.809875192207655,173
IPF,22,64,MELD_lambda0_equal,0.001,0.813904923811227,173
IPF,22,64,MELD_lambda1_afproj,0.001,0.810729006244929,173
IPF,22,64,EUR,0.001,0.714916183798306,173
IPF,22,64,EAS,0.001,0.479030997068406,173
IPF,22,64,AFR,0.001,0.450302512635405,173
IPF,22,64,CSA,0.001,0.754806249591384,173
IPF,22,64,AMR,0.001,0.612364023147274,173
IPF,22,64,MELD_lambda0_afproj,0.01,0.822910138156611,173
IPF,22,64,MELD_lambda0_reportN,0.01,0.82230632763037,173
IPF,22,64,MELD_lambda0_equal,0.01,0.826969054146357,173
IPF,22,64,MELD_lambda1_afproj,0.01,0.824940322822434,173
IPF,22,64,EUR,0.01,0.779973902123394,173
IPF,22,64,EAS,0.01,0.622122817479933,173
IPF,22,64,AFR,0.01,0.486845294388599,173
IPF,22,64,CSA,0.01,0.809260278653631,173
IPF,22,64,AMR,0.01,0.765018765413942,173
IPF,22,64,MELD_lambda0_afproj,0.1,0.848324442531866,173
IPF,22,64,MELD_lambda0_reportN,0.1,0.848157109124731,173
IPF,22,64,MELD_lambda0_equal,0.1,0.832339365273058,173
IPF,22,64,MELD_lambda1_afproj,0.1,0.851082615051284,173
IPF,22,64,EUR,0.1,0.838558911832292,173
IPF,22,64,EAS,0.1,0.655508670150512,173
IPF,22,64,AFR,0.1,0.549414417831353,173
IPF,22,64,CSA,0.1,0.829735005108431,173
IPF,22,64,AMR,0.1,0.79552520124121,173
IPF,22,65,MELD_lambda0_afproj,0.001,0.698830706650636,42
IPF,22,65,MELD_lambda0_reportN,0.001,0.700471596688915,42
IPF,22,65,MELD_lambda0_equal,0.001,0.718996212693421,42
IPF,22,65,MELD_lambda1_afproj,0.001,0.703917874372957,42
IPF,22,65,EUR,0.001,0.671705680413301,42
IPF,22,65,EAS,0.001,0.470568075084721,42
IPF,22,65,AFR,0.001,0.609840931999138,42
IPF,22,65,CSA,0.001,0.710368582579819,42
IPF,22,65,AMR,0.001,0.80413790803325,42
IPF,22,65,MELD_lambda0_afproj,0.01,0.675845783198214,42
IPF,22,65,MELD_lambda0_reportN,0.01,0.674840642707234,42
IPF,22,65,MELD_lambda0_equal,0.01,0.702672912057052,42
IPF,22,65,MELD_lambda1_afproj,0.01,0.681953833923606,42
IPF,22,65,EUR,0.01,0.677818738520506,42
IPF,22,65,EAS,0.01,0.580934381664623,42
IPF,22,65,AFR,0.01,0.600501366004387,42
IPF,22,65,CSA,0.01,0.697175218702737,42
IPF,22,65,AMR,0.01,0.727700939979883,42
IPF,22,65,MELD_lambda0_afproj,0.1,0.661476598629531,42
IPF,22,65,MELD_lambda0_reportN,0.1,0.660652549323768,42
IPF,22,65,MELD_lambda0_equal,0.1,0.657854739693369,42
IPF,22,65,MELD_lambda1_afproj,0.1,0.670439601672688,42
IPF,22,65,EUR,0.1,0.671096563248395,42
IPF,22,65,EAS,0.1,0.539230638442071,42
IPF,22,65,AFR,0.1,0.567396363077654,42
IPF,22,65,CSA,0.1,0.674491528696475,42
IPF,22,65,AMR,0.1,0.620224356326098,42
IPF,22,66,MELD_lambda0_afproj,0.001,0.957136103658135,196
IPF,22,66,MELD_lambda0_reportN,0.001,0.957750797172134,196
IPF,22,66,MELD_lambda0_equal,0.001,0.94582889483805,196
IPF,22,66,MELD_lambda1_afproj,0.001,0.956024791168664,196
IPF,22,66,EUR,0.001,0.932484834793874,196
IPF,22,66,EAS,0.001,0.832079526039733,196
IPF,22,66,AFR,0.001,0.668022965953374,196
IPF,22,66,CSA,0.001,0.878126784800235,196
IPF,22,66,AMR,0.001,0.851859535851001,196
IPF,22,66,MELD_lambda0_afproj,0.01,0.958989503452059,196
IPF,22,66,MELD_lambda0_reportN,0.01,0.959975012723786,196
IPF,22,66,MELD_lambda0_equal,0.01,0.949080112578799,196
IPF,22,66,MELD_lambda1_afproj,0.01,0.959437652320232,196
IPF,22,66,EUR,0.01,0.949012325544533,196
IPF,22,66,EAS,0.01,0.872623775684143,196
IPF,22,66,AFR,0.01,0.708032731192184,196
IPF,22,66,CSA,0.01,0.898069406022078,196
IPF,22,66,AMR,0.01,0.889673546071275,196
IPF,22,66,MELD_lambda0_afproj,0.1,0.950311499949562,196
IPF,22,66,MELD_lambda0_reportN,0.1,0.950564188843837,196
IPF,22,66,MELD_lambda0_equal,0.1,0.941398166473403,196
IPF,22,66,MELD_lambda1_afproj,0.1,0.951259081593912,196
IPF,22,66,EUR,0.1,0.944082299309456,196
IPF,22,66,EAS,0.1,0.862215108211216,196
IPF,22,66,AFR,0.1,0.777052865883016,196
IPF,22,66,CSA,0.1,0.909076841282403,196
IPF,22,66,AMR,0.1,0.910523652368867,196
IPF,22,67,MELD_lambda0_afproj,0.001,0.775985171247058,185
IPF,22,67,MELD_lambda0_reportN,0.001,0.774273400159268,185
IPF,22,67,MELD_lambda0_equal,0.001,0.778075913855592,185
IPF,22,67,MELD_lambda1_afproj,0.001,0.766978928729675,185
IPF,22,67,EUR,0.001,0.738824781173071,185
IPF,22,67,EAS,0.001,0.585040693460919,185
IPF,22,67,AFR,0.001,0.626030076279536,185
IPF,22,67,CSA,0.001,0.778808747702978,185
IPF,22,67,AMR,0.001,0.662731038253833,185
IPF,22,67,MELD_lambda0_afproj,0.01,0.793117259788512,185
IPF,22,67,MELD_lambda0_reportN,0.01,0.792334187543482,185
IPF,22,67,MELD_lambda0_equal,0.01,0.79578580108096,185
IPF,22,67,MELD_lambda1_afproj,0.01,0.784457148067109,185
IPF,22,67,EUR,0.01,0.782980293441736,185
IPF,22,67,EAS,0.01,0.697076260592264,185
IPF,22,67,AFR,0.01,0.692440938762408,185
IPF,22,67,CSA,0.01,0.779149988308429,185
IPF,22,67,AMR,0.01,0.743308164475558,185
IPF,22,67,MELD_lambda0_afproj,0.1,0.801117646336279,185
IPF,22,67,MELD_lambda0_reportN,0.1,0.800851708883472,185
IPF,22,67,MELD_lambda0_equal,0.1,0.808012589946232,185
IPF,22,67,MELD_lambda1_afproj,0.1,0.789161222388404,185
IPF,22,67,EUR,0.1,0.79191818672363,185
IPF,22,67,EAS,0.1,0.702431389506548,185
IPF,22,67,AFR,0.1,0.763074538829502,185
IPF,22,67,CSA,0.1,0.76809928962853,185
IPF,22,67,AMR,0.1,0.754574254474436,185
IPF,22,68,MELD_lambda0_afproj,0.001,0.831383136061583,123
IPF,22,68,MELD_lambda0_reportN,0.001,0.833983562708791,123
IPF,22,68,MELD_lambda0_equal,0.001,0.824102890438486,123
IPF,22,68,MELD_lambda1_afproj,0.001,0.838207403190966,123
IPF,22,68,EUR,0.001,0.804804948632271,123
IPF,22,68,EAS,0.001,0.713788667428286,123
IPF,22,68,AFR,0.001,0.457851086124114,123
IPF,22,68,CSA,0.001,0.725249081856169,123
IPF,22,68,AMR,0.001,0.71467345223059,123
IPF,22,68,MELD_lambda0_afproj,0.01,0.843799586294893,123
IPF,22,68,MELD_lambda0_reportN,0.01,0.844259905488252,123
IPF,22,68,MELD_lambda0_equal,0.01,0.828975471364804,123
IPF,22,68,MELD_lambda1_afproj,0.01,0.853460641013621,123
IPF,22,68,EUR,0.01,0.837509103159022,123
IPF,22,68,EAS,0.01,0.736690406920935,123
IPF,22,68,AFR,0.01,0.479965203421593,123
IPF,22,68,CSA,0.01,0.752053841105182,123
IPF,22,68,AMR,0.01,0.757602637365543,123
IPF,22,68,MELD_lambda0_afproj,0.1,0.838626371553294,123
IPF,22,68,MELD_lambda0_reportN,0.1,0.837885295571017,123
IPF,22,68,MELD_lambda0_equal,0.1,0.830326705013226,123
IPF,22,68,MELD_lambda1_afproj,0.1,0.853002151475691,123
IPF,22,68,EUR,0.1,0.826965926431256,123
IPF,22,68,EAS,0.1,0.744139265883829,123
IPF,22,68,AFR,0.1,0.547143766483111,123
IPF,22,68,CSA,0.1,0.779124752375362,123
IPF,22,68,AMR,0.1,0.794041493604525,123
IPF,22,70,MELD_lambda0_afproj,0.001,0.837367494661798,185
IPF,22,70,MELD_lambda0_reportN,0.001,0.835173253598144,185
IPF,22,70,MELD_lambda0_equal,0.001,0.892035780339607,185
IPF,22,70,MELD_lambda1_afproj,0.001,0.840588031701759,185
IPF,22,70,EUR,0.001,0.719675070527925,185
IPF,22,70,EAS,0.001,0.76991117136908,185
IPF,22,70,AFR,0.001,0.563605024198907,185
IPF,22,70,CSA,0.001,0.775883347293269,185
IPF,22,70,AMR,0.001,0.717226495159637,185
IPF,22,70,MELD_lambda0_afproj,0.01,0.858068932818203,185
IPF,22,70,MELD_lambda0_reportN,0.01,0.856614169161804,185
IPF,22,70,MELD_lambda0_equal,0.01,0.881591422579395,185
IPF,22,70,MELD_lambda1_afproj,0.01,0.860245499688235,185
IPF,22,70,EUR,0.01,0.797136702702762,185
IPF,22,70,EAS,0.01,0.810578110481159,185
IPF,22,70,AFR,0.01,0.612385504552954,185
IPF,22,70,CSA,0.01,0.821401881747035,185
IPF,22,70,AMR,0.01,0.755649729732599,185
IPF,22,70,MELD_lambda0_afproj,0.1,0.884655538223845,185
IPF,22,70,MELD_lambda0_reportN,0.1,0.884045383535187,185
IPF,22,70,MELD_lambda0_equal,0.1,0.888783632251339,185
IPF,22,70,MELD_lambda1_afproj,0.1,0.884521607436882,185
IPF,22,70,EUR,0.1,0.843769765891597,185
IPF,22,70,EAS,0.1,0.797818760143538,185
IPF,22,70,AFR,0.1,0.66754089638421,185
IPF,22,70,CSA,0.1,0.86371752644606,185
IPF,22,70,AMR,0.1,0.806279894844076,185
IPF,22,71,MELD_lambda0_afproj,0.001,0.832058321932996,144
IPF,22,71,MELD_lambda0_reportN,0.001,0.832007985956885,144
IPF,22,71,MELD_lambda0_equal,0.001,0.752707370646261,144
IPF,22,71,MELD_lambda1_afproj,0.001,0.814581584535512,144
IPF,22,71,EUR,0.001,0.688895757515537,144
IPF,22,71,EAS,0.001,0.565484983935501,144
IPF,22,71,AFR,0.001,0.354564861166072,144
IPF,22,71,CSA,0.001,0.695381409037855,144
IPF,22,71,AMR,0.001,0.446654053681328,144
IPF,22,71,MELD_lambda0_afproj,0.01,0.841165315600764,144
IPF,22,71,MELD_lambda0_reportN,0.01,0.838988136512093,144
IPF,22,71,MELD_lambda0_equal,0.01,0.75651088409481,144
IPF,22,71,MELD_lambda1_afproj,0.01,0.829046470264884,144
IPF,22,71,EUR,0.01,0.781763638905216,144
IPF,22,71,EAS,0.01,0.621988186105055,144
IPF,22,71,AFR,0.01,0.356970589866232,144
IPF,22,71,CSA,0.01,0.747782281297589,144
IPF,22,71,AMR,0.01,0.601998399413304,144
IPF,22,71,MELD_lambda0_afproj,0.1,0.796774288949273,144
IPF,22,71,MELD_lambda0_reportN,0.1,0.793203461134473,144
IPF,22,71,MELD_lambda0_equal,0.1,0.720627409316432,144
IPF,22,71,MELD_lambda1_afproj,0.1,0.79305090529144,144
IPF,22,71,EUR,0.1,0.722531605542477,144
IPF,22,71,EAS,0.1,0.625679764601005,144
IPF,22,71,AFR,0.1,0.367427981910478,144
IPF,22,71,CSA,0.1,0.685753011353486,144
IPF,22,71,AMR,0.1,0.611284145119828,144
IPF,22,72,MELD_lambda0_afproj,0.001,0.855778535411681,53
IPF,22,72,MELD_lambda0_reportN,0.001,0.855652372280244,53
IPF,22,72,MELD_lambda0_equal,0.001,0.857592648514001,53
IPF,22,72,MELD_lambda1_afproj,0.001,0.848708232536665,53
IPF,22,72,EUR,0.001,0.830091891074759,53
IPF,22,72,EAS,0.001,0.858436781448643,53
IPF,22,72,AFR,0.001,0.7881738393857,53
IPF,22,72,CSA,0.001,0.803985803519642,53
IPF,22,72,AMR,0.001,0.821624098995313,53
IPF,22,72,MELD_lambda0_afproj,0.01,0.85451290019575,53
IPF,22,72,MELD_lambda0_reportN,0.01,0.854360085093285,53
IPF,22,72,MELD_lambda0_equal,0.01,0.858849367553858,53
IPF,22,72,MELD_lambda1_afproj,0.01,0.849350019027025,53
IPF,22,72,EUR,0.01,0.829645143433965,53
IPF,22,72,EAS,0.01,0.853199499981041,53
IPF,22,72,AFR,0.01,0.789144407210463,53
IPF,22,72,CSA,0.01,0.821262640901654,53
IPF,22,72,AMR,0.01,0.826374690437593,53
IPF,22,72,MELD_lambda0_afproj,0.1,0.841251632147084,53
IPF,22,72,MELD_lambda0_reportN,0.1,0.840864071524985,53
IPF,22,72,MELD_lambda0_equal,0.1,0.853959067072923,53
IPF,22,72,MELD_lambda1_afproj,0.1,0.843239461087541,53
IPF,22,72,EUR,0.1,0.82244127726076,53
IPF,22,72,EAS,0.1,0.83634899697166,53
IPF,22,72,AFR,0.1,0.788566552145123,53
IPF,22,72,CSA,0.1,0.831842576515098,53
IPF,22,72,AMR,0.1,0.823058455934597,53
IPF,22,74,MELD_lambda0_afproj,0.001,0.853522432858342,357
IPF,22,74,MELD_lambda0_reportN,0.001,0.850775062845161,357
IPF,22,74,MELD_lambda0_equal,0.001,0.80161251127695,357
IPF,22,74,MELD_lambda1_afproj,0.001,0.850001154944538,357
IPF,22,74,EUR,0.001,0.769378110577572,357
IPF,22,74,EAS,0.001,0.651077911215019,357
IPF,22,74,AFR,0.001,0.380691753173697,357
IPF,22,74,CSA,0.001,0.632863273710245,357
IPF,22,74,AMR,0.001,0.539737952088781,357
IPF,22,74,MELD_lambda0_afproj,0.01,0.865751136642291,357
IPF,22,74,MELD_lambda0_reportN,0.01,0.863882445330135,357
IPF,22,74,MELD_lambda0_equal,0.01,0.811660738938063,357
IPF,22,74,MELD_lambda1_afproj,0.01,0.862564645648366,357
IPF,22,74,EUR,0.01,0.819088581616981,357
IPF,22,74,EAS,0.01,0.712073673020892,357
IPF,22,74,AFR,0.01,0.471445594063843,357
IPF,22,74,CSA,0.01,0.73123146624902,357
IPF,22,74,AMR,0.01,0.683666442729165,357
IPF,22,74,MELD_lambda0_afproj,0.1,0.830894971536643,357
IPF,22,74,MELD_lambda0_reportN,0.1,0.829624516048865,357
IPF,22,74,MELD_lambda0_equal,0.1,0.792169993394673,357
IPF,22,74,MELD_lambda1_afproj,0.1,0.826934753573782,357
IPF,22,74,EUR,0.1,0.806172871563746,357
IPF,22,74,EAS,0.1,0.708140354940125,357
IPF,22,74,AFR,0.1,0.521389855993561,357
IPF,22,74,CSA,0.1,0.750602636047385,357
IPF,22,74,AMR,0.1,0.710900312250266,357
Stroke,22,1,MELD_lambda0_afproj,0.001,0.826870100166795,66
Stroke,22,1,MELD_lambda0_reportN,0.001,0.833484225124723,66
Stroke,22,1,MELD_lambda0_equal,0.001,0.871412765327813,66
Stroke,22,1,MELD_lambda1_afproj,0.001,0.841898381494711,66
Stroke,22,1,EUR,0.001,0.780313914272718,66
Stroke,22,1,EAS,0.001,0.823240008524185,66
Stroke,22,1,AFR,0.001,0.805930055858316,66
Stroke,22,1,CSA,0.001,0.882521110428968,66
Stroke,22,1,AMR,0.001,0.792158109334675,66
Stroke,22,1,MELD_lambda0_afproj,0.01,0.848542193084137,66
Stroke,22,1,MELD_lambda0_reportN,0.01,0.849018792682642,66
Stroke,22,1,MELD_lambda0_equal,0.01,0.867058880155325,66
Stroke,22,1,MELD_lambda1_afproj,0.01,0.856900731140603,66
Stroke,22,1,EUR,0.01,0.85625053741898,66
Stroke,22,1,EAS,0.01,0.786629524746946,66
Stroke,22,1,AFR,0.01,0.815722751212194,66
Stroke,22,1,CSA,0.01,0.842919506949845,66
Stroke,22,1,AMR,0.01,0.787613087614935,66
Stroke,22,1,MELD_lambda0_afproj,0.1,0.828400326455516,66
Stroke,22,1,MELD_lambda0_reportN,0.1,0.831534899732456,66
Stroke,22,1,MELD_lambda0_equal,0.1,0.856095495549139,66
Stroke,22,1,MELD_lambda1_afproj,0.1,0.832182063291401,66
Stroke,22,1,EUR,0.1,0.832988323410634,66
Stroke,22,1,EAS,0.1,0.756792035659278,66
Stroke,22,1,AFR,0.1,0.847476620851162,66
Stroke,22,1,CSA,0.1,0.762915176381457,66
Stroke,22,1,AMR,0.1,0.805788999269429,66
Stroke,22,2,MELD_lambda0_afproj,0.001,0.521604750764255,38
Stroke,22,2,MELD_lambda0_reportN,0.001,0.525638008284852,38
Stroke,22,2,MELD_lambda0_equal,0.001,0.617085023386932,38
Stroke,22,2,MELD_lambda1_afproj,0.001,0.517617516126881,38
Stroke,22,2,EUR,0.001,0.391818523849295,38
Stroke,22,2,EAS,0.001,0.691786415598871,38
Stroke,22,2,AFR,0.001,0.572401344100845,38
Stroke,22,2,CSA,0.001,0.50529893077014,38
Stroke,22,2,AMR,0.001,0.192324925152691,38
Stroke,22,2,MELD_lambda0_afproj,0.01,0.570515896342374,38
Stroke,22,2,MELD_lambda0_reportN,0.01,0.567498418503167,38
Stroke,22,2,MELD_lambda0_equal,0.01,0.639631858945072,38
Stroke,22,2,MELD_lambda1_afproj,0.01,0.562122750004861,38
Stroke,22,2,EUR,0.01,0.471159503703225,38
Stroke,22,2,EAS,0.01,0.763903740786773,38
Stroke,22,2,AFR,0.01,0.567856970227964,38
Stroke,22,2,CSA,0.01,0.584015988734054,38
Stroke,22,2,AMR,0.01,0.332695338234008,38
Stroke,22,2,MELD_lambda0_afproj,0.1,0.625323250009993,38
Stroke,22,2,MELD_lambda0_reportN,0.1,0.619960641794753,38
Stroke,22,2,MELD_lambda0_equal,0.1,0.691055821721225,38
Stroke,22,2,MELD_lambda1_afproj,0.1,0.62886276529696,38
Stroke,22,2,EUR,0.1,0.573309730250878,38
Stroke,22,2,EAS,0.1,0.775504918583346,38
Stroke,22,2,AFR,0.1,0.563651640390851,38
Stroke,22,2,CSA,0.1,0.751677124040063,38
Stroke,22,2,AMR,0.1,0.571722369340723,38
Stroke,22,4,MELD_lambda0_afproj,0.001,0.795679563319098,147
Stroke,22,4,MELD_lambda0_reportN,0.001,0.800104965974232,147
Stroke,22,4,MELD_lambda0_equal,0.001,0.787527966181106,147
Stroke,22,4,MELD_lambda1_afproj,0.001,0.800925326799964,147
Stroke,22,4,EUR,0.001,0.637505723919497,147
Stroke,22,4,EAS,0.001,0.712513418303542,147
Stroke,22,4,AFR,0.001,0.532396184068233,147
Stroke,22,4,CSA,0.001,0.746097384505877,147
Stroke,22,4,AMR,0.001,0.685315452352051,147
Stroke,22,4,MELD_lambda0_afproj,0.01,0.806855247767711,147
Stroke,22,4,MELD_lambda0_reportN,0.01,0.807864454638215,147
Stroke,22,4,MELD_lambda0_equal,0.01,0.786574491377548,147
Stroke,22,4,MELD_lambda1_afproj,0.01,0.811669891531944,147
Stroke,22,4,EUR,0.01,0.718746438831807,147
Stroke,22,4,EAS,0.01,0.778453375167039,147
Stroke,22,4,AFR,0.01,0.537886939003254,147
Stroke,22,4,CSA,0.01,0.737081416302158,147
Stroke,22,4,AMR,0.01,0.701500097208973,147
Stroke,22,4,MELD_lambda0_afproj,0.1,0.805840199777301,147
Stroke,22,4,MELD_lambda0_reportN,0.1,0.804287687552752,147
Stroke,22,4,MELD_lambda0_equal,0.1,0.772983099055824,147
Stroke,22,4,MELD_lambda1_afproj,0.1,0.809972269043363,147
Stroke,22,4,EUR,0.1,0.732482662951353,147
Stroke,22,4,EAS,0.1,0.79092759098166,147
Stroke,22,4,AFR,0.1,0.53474656525964,147
Stroke,22,4,CSA,0.1,0.729615193004711,147
Stroke,22,4,AMR,0.1,0.667124128048676,147
Stroke,22,5,MELD_lambda0_afproj,0.001,0.956743246608642,80
Stroke,22,5,MELD_lambda0_reportN,0.001,0.952306932725828,80
Stroke,22,5,MELD_lambda0_equal,0.001,0.935820359371119,80
Stroke,22,5,MELD_lambda1_afproj,0.001,0.955030680279317,80
Stroke,22,5,EUR,0.001,0.963898652700973,80
Stroke,22,5,EAS,0.001,0.955695233944284,80
Stroke,22,5,AFR,0.001,0.850920227909212,80
Stroke,22,5,CSA,0.001,0.906528742223298,80
Stroke,22,5,AMR,0.001,0.935360781073961,80
Stroke,22,5,MELD_lambda0_afproj,0.01,0.968964676002277,80
Stroke,22,5,MELD_lambda0_reportN,0.01,0.966124186954,80
Stroke,22,5,MELD_lambda0_equal,0.01,0.94290732549101,80
Stroke,22,5,MELD_lambda1_afproj,0.01,0.96872335431939,80
Stroke,22,5,EUR,0.01,0.968719814461289,80
Stroke,22,5,EAS,0.01,0.970804417371097,80
Stroke,22,5,AFR,0.01,0.862192578206287,80
Stroke,22,5,CSA,0.01,0.917045702368919,80
Stroke,22,5,AMR,0.01,0.946228897833519,80
Stroke,22,5,MELD_lambda0_afproj,0.1,0.940548298196183,80
Stroke,22,5,MELD_lambda0_reportN,0.1,0.939882841687416,80
Stroke,22,5,MELD_lambda0_equal,0.1,0.926047512489385,80
Stroke,22,5,MELD_lambda1_afproj,0.1,0.93721740230978,80
Stroke,22,5,EUR,0.1,0.92925469601096,80
Stroke,22,5,EAS,0.1,0.951607176770943,80
Stroke,22,5,AFR,0.1,0.865336612997101,80
Stroke,22,5,CSA,0.1,0.898548250293378,80
Stroke,22,5,AMR,0.1,0.915900074423971,80
Stroke,22,7,MELD_lambda0_afproj,0.001,0.922705421030795,274
Stroke,22,7,MELD_lambda0_reportN,0.001,0.924724584993225,274
Stroke,22,7,MELD_lambda0_equal,0.001,0.906176455458169,274
Stroke,22,7,MELD_lambda1_afproj,0.001,0.922375776254958,274
Stroke,22,7,EUR,0.001,0.770077930492182,274
Stroke,22,7,EAS,0.001,0.859119838777172,274
Stroke,22,7,AFR,0.001,0.582962546752217,274
Stroke,22,7,CSA,0.001,0.812796692857902,274
Stroke,22,7,AMR,0.001,0.835853815197642,274
Stroke,22,7,MELD_lambda0_afproj,0.01,0.924005913519478,274
Stroke,22,7,MELD_lambda0_reportN,0.01,0.925115619304271,274
Stroke,22,7,MELD_lambda0_equal,0.01,0.90443613954744,274
Stroke,22,7,MELD_lambda1_afproj,0.01,0.923780272644985,274
Stroke,22,7,EUR,0.01,0.824007145830442,274
Stroke,22,7,EAS,0.01,0.890635809213742,274
Stroke,22,7,AFR,0.01,0.686012587685688,274
Stroke,22,7,CSA,0.01,0.863013866424833,274
Stroke,22,7,AMR,0.01,0.843830161376006,274
Stroke,22,7,MELD_lambda0_afproj,0.1,0.913239674867113,274
Stroke,22,7,MELD_lambda0_reportN,0.1,0.914323209306815,274
Stroke,22,7,MELD_lambda0_equal,0.1,0.895249512055939,274
Stroke,22,7,MELD_lambda1_afproj,0.1,0.915063148402505,274
Stroke,22,7,EUR,0.1,0.833006569711816,274
Stroke,22,7,EAS,0.1,0.890897254488617,274
Stroke,22,7,AFR,0.1,0.742507941974223,274
Stroke,22,7,CSA,0.1,0.850097924957463,274
Stroke,22,7,AMR,0.1,0.840246737672796,274
Stroke,22,8,MELD_lambda0_afproj,0.001,0.934120782201942,84
Stroke,22,8,MELD_lambda0_reportN,0.001,0.936057262807305,84
Stroke,22,8,MELD_lambda0_equal,0.001,0.898743094421513,84
Stroke,22,8,MELD_lambda1_afproj,0.001,0.931415548760873,84
Stroke,22,8,EUR,0.001,0.855167400601574,84
Stroke,22,8,EAS,0.001,0.862608271320712,84
Stroke,22,8,AFR,0.001,0.714543694745211,84
Stroke,22,8,CSA,0.001,0.722917335478931,84
Stroke,22,8,AMR,0.001,0.764330111972975,84
Stroke,22,8,MELD_lambda0_afproj,0.01,0.934403951565822,84
Stroke,22,8,MELD_lambda0_reportN,0.01,0.935387544442254,84
Stroke,22,8,MELD_lambda0_equal,0.01,0.902303858535348,84
Stroke,22,8,MELD_lambda1_afproj,0.01,0.931713764070216,84
Stroke,22,8,EUR,0.01,0.887011414566771,84
Stroke,22,8,EAS,0.01,0.866260716754648,84
Stroke,22,8,AFR,0.01,0.719525238220312,84
Stroke,22,8,CSA,0.01,0.784084463825542,84
Stroke,22,8,AMR,0.01,0.811979349712742,84
Stroke,22,8,MELD_lambda0_afproj,0.1,0.898796629310368,84
Stroke,22,8,MELD_lambda0_reportN,0.1,0.900040089435583,84
Stroke,22,8,MELD_lambda0_equal,0.1,0.899185769653937,84
Stroke,22,8,MELD_lambda1_afproj,0.1,0.905373416441926,84
Stroke,22,8,EUR,0.1,0.849654299427822,84
Stroke,22,8,EAS,0.1,0.870147157144461,84
Stroke,22,8,AFR,0.1,0.707927289794342,84
Stroke,22,8,CSA,0.1,0.821244747058998,84
Stroke,22,8,AMR,0.1,0.854166969833493,84
Stroke,22,10,MELD_lambda0_afproj,0.001,0.972404290185849,186
Stroke,22,10,MELD_lambda0_reportN,0.001,0.973714848673857,186
Stroke,22,10,MELD_lambda0_equal,0.001,0.979758066505217,186
Stroke,22,10,MELD_lambda1_afproj,0.001,0.972421071280838,186
Stroke,22,10,EUR,0.001,0.956520122269117,186
Stroke,22,10,EAS,0.001,0.856509154853055,186
Stroke,22,10,AFR,0.001,0.782911283449008,186
Stroke,22,10,CSA,0.001,0.902639420347706,186
Stroke,22,10,AMR,0.001,0.923884177330901,186
Stroke,22,10,MELD_lambda0_afproj,0.01,0.973874308016046,186
Stroke,22,10,MELD_lambda0_reportN,0.01,0.974776601569422,186
Stroke,22,10,MELD_lambda0_equal,0.01,0.978767634140086,186
Stroke,22,10,MELD_lambda1_afproj,0.01,0.973417497363224,186
Stroke,22,10,EUR,0.01,0.962446165934714,186
Stroke,22,10,EAS,0.01,0.922172433915945,186
Stroke,22,10,AFR,0.01,0.821937636422253,186
Stroke,22,10,CSA,0.01,0.953702780279856,186
Stroke,22,10,AMR,0.01,0.94664234750065,186
Stroke,22,10,MELD_lambda0_afproj,0.1,0.969246963095393,186
Stroke,22,10,MELD_lambda0_reportN,0.1,0.969479401327491,186
Stroke,22,10,MELD_lambda0_equal,0.1,0.972482202681901,186
Stroke,22,10,MELD_lambda1_afproj,0.1,0.966779031846771,186
Stroke,22,10,EUR,0.1,0.950796930934948,186
Stroke,22,10,EAS,0.1,0.936889499755477,186
Stroke,22,10,AFR,0.1,0.852055649454008,186
Stroke,22,10,CSA,0.1,0.952605943777899,186
Stroke,22,10,AMR,0.1,0.948583238144582,186
Stroke,22,11,MELD_lambda0_afproj,0.001,0.976070819849818,123
Stroke,22,11,MELD_lambda0_reportN,0.001,0.973224503061843,123
Stroke,22,11,MELD_lambda0_equal,0.001,0.960789004078079,123
Stroke,22,11,MELD_lambda1_afproj,0.001,0.97586027731511,123
Stroke,22,11,EUR,0.001,0.951748843464915,123
Stroke,22,11,EAS,0.001,0.940149726553718,123
Stroke,22,11,AFR,0.001,0.822101608805762,123
Stroke,22,11,CSA,0.001,0.960993363595363,123
Stroke,22,11,AMR,0.001,0.90958671905179,123
Stroke,22,11,MELD_lambda0_afproj,0.01,0.979998140946082,123
Stroke,22,11,MELD_lambda0_reportN,0.01,0.979504647694942,123
Stroke,22,11,MELD_lambda0_equal,0.01,0.962429922373187,123
Stroke,22,11,MELD_lambda1_afproj,0.01,0.978638579577569,123
Stroke,22,11,EUR,0.01,0.966623233575768,123
Stroke,22,11,EAS,0.01,0.927019879635597,123
Stroke,22,11,AFR,0.01,0.919184393454502,123
Stroke,22,11,CSA,0.01,0.964029430799255,123
Stroke,22,11,AMR,0.01,0.930296026411902,123
Stroke,22,11,MELD_lambda0_afproj,0.1,0.973013726281532,123
Stroke,22,11,MELD_lambda0_reportN,0.1,0.972901186394096,123
Stroke,22,11,MELD_lambda0_equal,0.1,0.957986002531533,123
Stroke,22,11,MELD_lambda1_afproj,0.1,0.969891689027386,123
Stroke,22,11,EUR,0.1,0.954266349413222,123
Stroke,22,11,EAS,0.1,0.927756457861688,123
Stroke,22,11,AFR,0.1,0.920572451434751,123
Stroke,22,11,CSA,0.1,0.928544901068874,123
Stroke,22,11,AMR,0.1,0.930196592561309,123
Stroke,22,12,MELD_lambda0_afproj,0.001,0.952831151572151,46
Stroke,22,12,MELD_lambda0_reportN,0.001,0.952452315817074,46
Stroke,22,12,MELD_lambda0_equal,0.001,0.948534635834145,46
Stroke,22,12,MELD_lambda1_afproj,0.001,0.948579404107098,46
Stroke,22,12,EUR,0.001,0.951291916747074,46
Stroke,22,12,EAS,0.001,0.997218684458856,46
Stroke,22,12,AFR,0.001,0.760386527008203,46
Stroke,22,12,CSA,0.001,0.946726828259992,46
Stroke,22,12,AMR,0.001,0.91259245239515,46
Stroke,22,12,MELD_lambda0_afproj,0.01,0.954300253895583,46
Stroke,22,12,MELD_lambda0_reportN,0.01,0.954233295438452,46
Stroke,22,12,MELD_lambda0_equal,0.01,0.948471497117488,46
Stroke,22,12,MELD_lambda1_afproj,0.01,0.944612819751203,46
Stroke,22,12,EUR,0.01,0.926512909799517,46
Stroke,22,12,EAS,0.01,0.988622391701778,46
Stroke,22,12,AFR,0.01,0.772118581452129,46
Stroke,22,12,CSA,0.01,0.952947989445385,46
Stroke,22,12,AMR,0.01,0.919284028174292,46
Stroke,22,12,MELD_lambda0_afproj,0.1,0.950536166456349,46
Stroke,22,12,MELD_lambda0_reportN,0.1,0.950987675539805,46
Stroke,22,12,MELD_lambda0_equal,0.1,0.939809574772744,46
Stroke,22,12,MELD_lambda1_afproj,0.1,0.939346871534675,46
Stroke,22,12,EUR,0.1,0.91486678777651,46
Stroke,22,12,EAS,0.1,0.9760450897933,46
Stroke,22,12,AFR,0.1,0.779383597881259,46
Stroke,22,12,CSA,0.1,0.934451673807862,46
Stroke,22,12,AMR,0.1,0.901522790803246,46
Stroke,22,13,MELD_lambda0_afproj,0.001,0.909618730284742,90
Stroke,22,13,MELD_lambda0_reportN,0.001,0.908607196442684,90
Stroke,22,13,MELD_lambda0_equal,0.001,0.928825770508246,90
Stroke,22,13,MELD_lambda1_afproj,0.001,0.916977428647678,90
Stroke,22,13,EUR,0.001,0.845460294099287,90
Stroke,22,13,EAS,0.001,0.814689177942887,90
Stroke,22,13,AFR,0.001,0.813325113419421,90
Stroke,22,13,CSA,0.001,0.945521694372127,90
Stroke,22,13,AMR,0.001,0.927352164309908,90
Stroke,22,13,MELD_lambda0_afproj,0.01,0.900371675718234,90
Stroke,22,13,MELD_lambda0_reportN,0.01,0.905999929864977,90
Stroke,22,13,MELD_lambda0_equal,0.01,0.926487608591573,90
Stroke,22,13,MELD_lambda1_afproj,0.01,0.902260522911321,90
Stroke,22,13,EUR,0.01,0.822432648540775,90
Stroke,22,13,EAS,0.01,0.869447345713422,90
Stroke,22,13,AFR,0.01,0.814722804659826,90
Stroke,22,13,CSA,0.01,0.930366263784257,90
Stroke,22,13,AMR,0.01,0.941245134455246,90
Stroke,22,13,MELD_lambda0_afproj,0.1,0.86072762322003,90
Stroke,22,13,MELD_lambda0_reportN,0.1,0.868458959717991,90
Stroke,22,13,MELD_lambda0_equal,0.1,0.910813100085735,90
Stroke,22,13,MELD_lambda1_afproj,0.1,0.864673963287497,90
Stroke,22,13,EUR,0.1,0.794948491735545,90
Stroke,22,13,EAS,0.1,0.838469887481092,90
Stroke,22,13,AFR,0.1,0.798785054286116,90
Stroke,22,13,CSA,0.1,0.87067016737925,90
Stroke,22,13,AMR,0.1,0.909089294784266,90
Stroke,22,14,MELD_lambda0_afproj,0.001,0.914412846609668,55
Stroke,22,14,MELD_lambda0_reportN,0.001,0.915913813443631,55
Stroke,22,14,MELD_lambda0_equal,0.001,0.922876301021833,55
Stroke,22,14,MELD_lambda1_afproj,0.001,0.923309877594217,55
Stroke,22,14,EUR,0.001,0.873384678276494,55
Stroke,22,14,EAS,0.001,0.870284851736199,55
Stroke,22,14,AFR,0.001,0.641451282089199,55
Stroke,22,14,CSA,0.001,0.886437146193889,55
Stroke,22,14,AMR,0.001,0.907115540857178,55
Stroke,22,14,MELD_lambda0_afproj,0.01,0.916606742345529,55
Stroke,22,14,MELD_lambda0_reportN,0.01,0.918570977836514,55
Stroke,22,14,MELD_lambda0_equal,0.01,0.924058904228587,55
Stroke,22,14,MELD_lambda1_afproj,0.01,0.929696939500335,55
Stroke,22,14,EUR,0.01,0.890490789444498,55
Stroke,22,14,EAS,0.01,0.876977035794345,55
Stroke,22,14,AFR,0.01,0.660691402481629,55
Stroke,22,14,CSA,0.01,0.892895189377026,55
Stroke,22,14,AMR,0.01,0.898867053357608,55
Stroke,22,14,MELD_lambda0_afproj,0.1,0.912457221194502,55
Stroke,22,14,MELD_lambda0_reportN,0.1,0.913470996604292,55
Stroke,22,14,MELD_lambda0_equal,0.1,0.90738986736432,55
Stroke,22,14,MELD_lambda1_afproj,0.1,0.928924203310234,55
Stroke,22,14,EUR,0.1,0.89806450960127,55
Stroke,22,14,EAS,0.1,0.868620838386012,55
Stroke,22,14,AFR,0.1,0.674002551363062,55
Stroke,22,14,CSA,0.1,0.895778641040215,55
Stroke,22,14,AMR,0.1,0.888210530108085,55
Stroke,22,16,MELD_lambda0_afproj,0.001,0.904587306348144,34
Stroke,22,16,MELD_lambda0_reportN,0.001,0.915632395067987,34
Stroke,22,16,MELD_lambda0_equal,0.001,0.907521240523845,34
Stroke,22,16,MELD_lambda1_afproj,0.001,0.921512439527591,34
Stroke,22,16,EUR,0.001,0.912467386517145,34
Stroke,22,16,EAS,0.001,0.762073023332875,34
Stroke,22,16,AFR,0.001,0.670150293695324,34
Stroke,22,16,CSA,0.001,0.918284205544891,34
Stroke,22,16,AMR,0.001,0.960999232262297,34
Stroke,22,16,MELD_lambda0_afproj,0.01,0.906613231041356,34
Stroke,22,16,MELD_lambda0_reportN,0.01,0.911936269724195,34
Stroke,22,16,MELD_lambda0_equal,0.01,0.914668460045432,34
Stroke,22,16,MELD_lambda1_afproj,0.01,0.917325582966175,34
Stroke,22,16,EUR,0.01,0.920571297414781,34
Stroke,22,16,EAS,0.01,0.740353257096736,34
Stroke,22,16,AFR,0.01,0.663567815984762,34
Stroke,22,16,CSA,0.01,0.91808714762099,34
Stroke,22,16,AMR,0.01,0.956072746051204,34
Stroke,22,16,MELD_lambda0_afproj,0.1,0.927284585788312,34
Stroke,22,16,MELD_lambda0_reportN,0.1,0.929352103411575,34
Stroke,22,16,MELD_lambda0_equal,0.1,0.847880354613888,34
Stroke,22,16,MELD_lambda1_afproj,0.1,0.925866844337197,34
Stroke,22,16,EUR,0.1,0.93219593310326,34
Stroke,22,16,EAS,0.1,0.731337004802355,34
Stroke,22,16,AFR,0.1,0.637534821678882,34
Stroke,22,16,CSA,0.1,0.879099814484676,34
Stroke,22,16,AMR,0.1,0.932686393313471,34
Stroke,22,17,MELD_lambda0_afproj,0.001,0.876859732474589,80
Stroke,22,17,MELD_lambda0_reportN,0.001,0.878020589749532,80
Stroke,22,17,MELD_lambda0_equal,0.001,0.914051564271676,80
Stroke,22,17,MELD_lambda1_afproj,0.001,0.921856775056041,80
Stroke,22,17,EUR,0.001,0.855970093054451,80
Stroke,22,17,EAS,0.001,0.552645272636352,80
Stroke,22,17,AFR,0.001,0.682190802355886,80
Stroke,22,17,CSA,0.001,0.912693372174143,80
Stroke,22,17,AMR,0.001,0.900901156302307,80
Stroke,22,17,MELD_lambda0_afproj,0.01,0.884194278121679,80
Stroke,22,17,MELD_lambda0_reportN,0.01,0.885270014867878,80
Stroke,22,17,MELD_lambda0_equal,0.01,0.918309521875659,80
Stroke,22,17,MELD_lambda1_afproj,0.01,0.918764726009709,80
Stroke,22,17,EUR,0.01,0.879503369929371,80
Stroke,22,17,EAS,0.01,0.665000742113845,80
Stroke,22,17,AFR,0.01,0.761610238987052,80
Stroke,22,17,CSA,0.01,0.869188630118221,80
Stroke,22,17,AMR,0.01,0.914229635507797,80
Stroke,22,17,MELD_lambda0_afproj,0.1,0.852620556928307,80
Stroke,22,17,MELD_lambda0_reportN,0.1,0.854859531758614,80
Stroke,22,17,MELD_lambda0_equal,0.1,0.896461947534374,80
Stroke,22,17,MELD_lambda1_afproj,0.1,0.86979345215297,80
Stroke,22,17,EUR,0.1,0.842991917274314,80
Stroke,22,17,EAS,0.1,0.730339928263212,80
Stroke,22,17,AFR,0.1,0.790657312939414,80
Stroke,22,17,CSA,0.1,0.791249960451035,80
Stroke,22,17,AMR,0.1,0.872846989567971,80
Stroke,22,19,MELD_lambda0_afproj,0.001,0.84053429429085,196
Stroke,22,19,MELD_lambda0_reportN,0.001,0.842537792709883,196
Stroke,22,19,MELD_lambda0_equal,0.001,0.887895989161241,196
Stroke,22,19,MELD_lambda1_afproj,0.001,0.839257964861396,196
Stroke,22,19,EUR,0.001,0.657490875334433,196
Stroke,22,19,EAS,0.001,0.737179002569919,196
Stroke,22,19,AFR,0.001,0.558630135901187,196
Stroke,22,19,CSA,0.001,0.828591373811206,196
Stroke,22,19,AMR,0.001,0.764092738052622,196
Stroke,22,19,MELD_lambda0_afproj,0.01,0.913157197049281,196
Stroke,22,19,MELD_lambda0_reportN,0.01,0.913946830648469,196
Stroke,22,19,MELD_lambda0_equal,0.01,0.918439540328202,196
Stroke,22,19,MELD_lambda1_afproj,0.01,0.912487600674682,196
Stroke,22,19,EUR,0.01,0.883557553147879,196
Stroke,22,19,EAS,0.01,0.809652945425355,196
Stroke,22,19,AFR,0.01,0.673539413563899,196
Stroke,22,19,CSA,0.01,0.880473411439369,196
Stroke,22,19,AMR,0.01,0.811594758534537,196
Stroke,22,19,MELD_lambda0_afproj,0.1,0.902726366962333,196
Stroke,22,19,MELD_lambda0_reportN,0.1,0.901923251494631,196
Stroke,22,19,MELD_lambda0_equal,0.1,0.88882018770282,196
Stroke,22,19,MELD_lambda1_afproj,0.1,0.900066588727809,196
Stroke,22,19,EUR,0.1,0.881186033034249,196
Stroke,22,19,EAS,0.1,0.825507653527564,196
Stroke,22,19,AFR,0.1,0.674775038871533,196
Stroke,22,19,CSA,0.1,0.83450102093876,196
Stroke,22,19,AMR,0.1,0.827834066970605,196
Stroke,22,20,MELD_lambda0_afproj,0.001,0.936859108863136,89
Stroke,22,20,MELD_lambda0_reportN,0.001,0.939388713356333,89
Stroke,22,20,MELD_lambda0_equal,0.001,0.937632354527054,89
Stroke,22,20,MELD_lambda1_afproj,0.001,0.935052656526755,89
Stroke,22,20,EUR,0.001,0.895370298477257,89
Stroke,22,20,EAS,0.001,0.931897628030666,89
Stroke,22,20,AFR,0.001,0.833190933102251,89
Stroke,22,20,CSA,0.001,0.902386418679426,89
Stroke,22,20,AMR,0.001,0.89236923815442,89
Stroke,22,20,MELD_lambda0_afproj,0.01,0.94197898312101,89
Stroke,22,20,MELD_lambda0_reportN,0.01,0.941952144674955,89
Stroke,22,20,MELD_lambda0_equal,0.01,0.944076827234127,89
Stroke,22,20,MELD_lambda1_afproj,0.01,0.941040208780314,89
Stroke,22,20,EUR,0.01,0.901605474544747,89
Stroke,22,20,EAS,0.01,0.949535133026196,89
Stroke,22,20,AFR,0.01,0.858305562633003,89
Stroke,22,20,CSA,0.01,0.920105035013915,89
Stroke,22,20,AMR,0.01,0.909923832367461,89
Stroke,22,20,MELD_lambda0_afproj,0.1,0.936022402562835,89
Stroke,22,20,MELD_lambda0_reportN,0.1,0.935658294733921,89
Stroke,22,20,MELD_lambda0_equal,0.1,0.942825940963461,89
Stroke,22,20,MELD_lambda1_afproj,0.1,0.936147228503028,89
Stroke,22,20,EUR,0.1,0.893454396047201,89
Stroke,22,20,EAS,0.1,0.941098998954247,89
Stroke,22,20,AFR,0.1,0.851147017045722,89
Stroke,22,20,CSA,0.1,0.921410730619118,89
Stroke,22,20,AMR,0.1,0.880393008656345,89
Stroke,22,21,MELD_lambda0_afproj,0.001,0.898812346244843,51
Stroke,22,21,MELD_lambda0_reportN,0.001,0.900814051704271,51
Stroke,22,21,MELD_lambda0_equal,0.001,0.782749149620454,51
Stroke,22,21,MELD_lambda1_afproj,0.001,0.905531803001523,51
Stroke,22,21,EUR,0.001,0.772162452323693,51
Stroke,22,21,EAS,0.001,0.81015453834141,51
Stroke,22,21,AFR,0.001,0.700176838059969,51
Stroke,22,21,CSA,0.001,0.780731315740071,51
Stroke,22,21,AMR,0.001,0.707826915471921,51
Stroke,22,21,MELD_lambda0_afproj,0.01,0.854582813945383,51
Stroke,22,21,MELD_lambda0_reportN,0.01,0.861573108378846,51
Stroke,22,21,MELD_lambda0_equal,0.01,0.778159476095012,51
Stroke,22,21,MELD_lambda1_afproj,0.01,0.856230486073775,51
Stroke,22,21,EUR,0.01,0.75983760359679,51
Stroke,22,21,EAS,0.01,0.779518829506743,51
Stroke,22,21,AFR,0.01,0.71469345609217,51
Stroke,22,21,CSA,0.01,0.764733956331491,51
Stroke,22,21,AMR,0.01,0.70550002862295,51
Stroke,22,21,MELD_lambda0_afproj,0.1,0.810212205435064,51
Stroke,22,21,MELD_lambda0_reportN,0.1,0.812845215367218,51
Stroke,22,21,MELD_lambda0_equal,0.1,0.760021481256911,51
Stroke,22,21,MELD_lambda1_afproj,0.1,0.809116149275925,51
Stroke,22,21,EUR,0.1,0.776344140204279,51
Stroke,22,21,EAS,0.1,0.709355538739148,51
Stroke,22,21,AFR,0.1,0.733560555154346,51
Stroke,22,21,CSA,0.1,0.740126314265103,51
Stroke,22,21,AMR,0.1,0.680209400506609,51
Stroke,22,22,MELD_lambda0_afproj,0.001,0.831723101756864,153
Stroke,22,22,MELD_lambda0_reportN,0.001,0.827296453207607,153
Stroke,22,22,MELD_lambda0_equal,0.001,0.88639184428857,153
Stroke,22,22,MELD_lambda1_afproj,0.001,0.825894935657779,153
Stroke,22,22,EUR,0.001,0.803106679350506,153
Stroke,22,22,EAS,0.001,0.76657833482532,153
Stroke,22,22,AFR,0.001,0.650980760140929,153
Stroke,22,22,CSA,0.001,0.734029170645208,153
Stroke,22,22,AMR,0.001,0.828069337253374,153
Stroke,22,22,MELD_lambda0_afproj,0.01,0.891708794762964,153
Stroke,22,22,MELD_lambda0_reportN,0.01,0.896030167852728,153
Stroke,22,22,MELD_lambda0_equal,0.01,0.894217175325756,153
Stroke,22,22,MELD_lambda1_afproj,0.01,0.886448117120801,153
Stroke,22,22,EUR,0.01,0.861556143671283,153
Stroke,22,22,EAS,0.01,0.811622361703677,153
Stroke,22,22,AFR,0.01,0.702487752300608,153
Stroke,22,22,CSA,0.01,0.794012784251053,153
Stroke,22,22,AMR,0.01,0.86325294094228,153
Stroke,22,22,MELD_lambda0_afproj,0.1,0.889648176493293,153
Stroke,22,22,MELD_lambda0_reportN,0.1,0.892611324567529,153
Stroke,22,22,MELD_lambda0_equal,0.1,0.889348936989158,153
Stroke,22,22,MELD_lambda1_afproj,0.1,0.884051180270312,153
Stroke,22,22,EUR,0.1,0.860896991121943,153
Stroke,22,22,EAS,0.1,0.855090013873085,153
Stroke,22,22,AFR,0.1,0.712895904447304,153
Stroke,22,22,CSA,0.1,0.819843227197647,153
Stroke,22,22,AMR,0.1,0.870756698777057,153
Stroke,22,23,MELD_lambda0_afproj,0.001,0.742881285349198,160
Stroke,22,23,MELD_lambda0_reportN,0.001,0.748386416791724,160
Stroke,22,23,MELD_lambda0_equal,0.001,0.746675652900276,160
Stroke,22,23,MELD_lambda1_afproj,0.001,0.756493416804427,160
Stroke,22,23,EUR,0.001,0.636561294089164,160
Stroke,22,23,EAS,0.001,0.657842000704334,160
Stroke,22,23,AFR,0.001,0.538232065333257,160
Stroke,22,23,CSA,0.001,0.702599536645534,160
Stroke,22,23,AMR,0.001,0.661276003202986,160
Stroke,22,23,MELD_lambda0_afproj,0.01,0.739503616516276,160
Stroke,22,23,MELD_lambda0_reportN,0.01,0.743292095641071,160
Stroke,22,23,MELD_lambda0_equal,0.01,0.742433129651591,160
Stroke,22,23,MELD_lambda1_afproj,0.01,0.75562063589776,160
Stroke,22,23,EUR,0.01,0.67237998601553,160
Stroke,22,23,EAS,0.01,0.68611058979986,160
Stroke,22,23,AFR,0.01,0.533454172553776,160
Stroke,22,23,CSA,0.01,0.711102941526422,160
Stroke,22,23,AMR,0.01,0.71745920218802,160
Stroke,22,23,MELD_lambda0_afproj,0.1,0.708668075308551,160
Stroke,22,23,MELD_lambda0_reportN,0.1,0.711373545873152,160
Stroke,22,23,MELD_lambda0_equal,0.1,0.714757600275714,160
Stroke,22,23,MELD_lambda1_afproj,0.1,0.726689674533833,160
Stroke,22,23,EUR,0.1,0.65783827139694,160
Stroke,22,23,EAS,0.1,0.679694989051099,160
Stroke,22,23,AFR,0.1,0.533097633718656,160
Stroke,22,23,CSA,0.1,0.682040253673347,160
Stroke,22,23,AMR,0.1,0.718931916045517,160
Stroke,22,25,MELD_lambda0_afproj,0.001,0.862382396989983,99
Stroke,22,25,MELD_lambda0_reportN,0.001,0.860944412701864,99
Stroke,22,25,MELD_lambda0_equal,0.001,0.832499989104915,99
Stroke,22,25,MELD_lambda1_afproj,0.001,0.866782353795302,99
Stroke,22,25,EUR,0.001,0.867621425418968,99
Stroke,22,25,EAS,0.001,0.67911304445848,99
Stroke,22,25,AFR,0.001,0.72647024826264,99
Stroke,22,25,CSA,0.001,0.808748908694008,99
Stroke,22,25,AMR,0.001,0.720007785237423,99
Stroke,22,25,MELD_lambda0_afproj,0.01,0.886681223916748,99
Stroke,22,25,MELD_lambda0_reportN,0.01,0.886529602431674,99
Stroke,22,25,MELD_lambda0_equal,0.01,0.854545629013768,99
Stroke,22,25,MELD_lambda1_afproj,0.01,0.889303276639853,99
Stroke,22,25,EUR,0.01,0.891204720607625,99
Stroke,22,25,EAS,0.01,0.778070262675073,99
Stroke,22,25,AFR,0.01,0.753697545224366,99
Stroke,22,25,CSA,0.01,0.849643075455434,99
Stroke,22,25,AMR,0.01,0.809101724160148,99
Stroke,22,25,MELD_lambda0_afproj,0.1,0.898431961582261,99
Stroke,22,25,MELD_lambda0_reportN,0.1,0.898886762790225,99
Stroke,22,25,MELD_lambda0_equal,0.1,0.868205894052797,99
Stroke,22,25,MELD_lambda1_afproj,0.1,0.89470464439683,99
Stroke,22,25,EUR,0.1,0.907135348824906,99
Stroke,22,25,EAS,0.1,0.831371911658893,99
Stroke,22,25,AFR,0.1,0.793167648448931,99
Stroke,22,25,CSA,0.1,0.846010014869546,99
Stroke,22,25,AMR,0.1,0.837467899793369,99
Stroke,22,26,MELD_lambda0_afproj,0.001,0.913074419024954,182
Stroke,22,26,MELD_lambda0_reportN,0.001,0.917839319920599,182
Stroke,22,26,MELD_lambda0_equal,0.001,0.880034333275451,182
Stroke,22,26,MELD_lambda1_afproj,0.001,0.902816404923617,182
Stroke,22,26,EUR,0.001,0.865477927577764,182
Stroke,22,26,EAS,0.001,0.840334741931714,182
Stroke,22,26,AFR,0.001,0.589457410177384,182
Stroke,22,26,CSA,0.001,0.779385851818477,182
Stroke,22,26,AMR,0.001,0.729934318376546,182
Stroke,22,26,MELD_lambda0_afproj,0.01,0.914867822158618,182
Stroke,22,26,MELD_lambda0_reportN,0.01,0.919152158525882,182
Stroke,22,26,MELD_lambda0_equal,0.01,0.878774096805502,182
Stroke,22,26,MELD_lambda1_afproj,0.01,0.901808647349112,182
Stroke,22,26,EUR,0.01,0.895606731019742,182
Stroke,22,26,EAS,0.01,0.858235330622356,182
Stroke,22,26,AFR,0.01,0.682309392454036,182
Stroke,22,26,CSA,0.01,0.809209949177344,182
Stroke,22,26,AMR,0.01,0.768839213057504,182
Stroke,22,26,MELD_lambda0_afproj,0.1,0.906186365356113,182
Stroke,22,26,MELD_lambda0_reportN,0.1,0.907153098552465,182
Stroke,22,26,MELD_lambda0_equal,0.1,0.870705902181614,182
Stroke,22,26,MELD_lambda1_afproj,0.1,0.891085970627093,182
Stroke,22,26,EUR,0.1,0.882540294812916,182
Stroke,22,26,EAS,0.1,0.841659498104643,182
Stroke,22,26,AFR,0.1,0.723895941039593,182
Stroke,22,26,CSA,0.1,0.804112328307107,182
Stroke,22,26,AMR,0.1,0.80243203960271,182
Stroke,22,27,MELD_lambda0_afproj,0.001,0.644948352809356,331
Stroke,22,27,MELD_lambda0_reportN,0.001,0.641800006755258,331
Stroke,22,27,MELD_lambda0_equal,0.001,0.739731175749809,331
Stroke,22,27,MELD_lambda1_afproj,0.001,0.643279815208028,331
Stroke,22,27,EUR,0.001,0.574643435486761,331
Stroke,22,27,EAS,0.001,0.560783835668332,331
Stroke,22,27,AFR,0.001,0.461843506739218,331
Stroke,22,27,CSA,0.001,0.694165049090119,331
Stroke,22,27,AMR,0.001,0.619732785873031,331
Stroke,22,27,MELD_lambda0_afproj,0.01,0.799132916286281,331
Stroke,22,27,MELD_lambda0_reportN,0.01,0.798070872418729,331
Stroke,22,27,MELD_lambda0_equal,0.01,0.82687185990902,331
Stroke,22,27,MELD_lambda1_afproj,0.01,0.801516628001926,331
Stroke,22,27,EUR,0.01,0.750081463603536,331
Stroke,22,27,EAS,0.01,0.605057851273057,331
Stroke,22,27,AFR,0.01,0.519949069605578,331
Stroke,22,27,CSA,0.01,0.730622325971623,331
Stroke,22,27,AMR,0.01,0.700406668011232,331
Stroke,22,27,MELD_lambda0_afproj,0.1,0.817788983997394,331
Stroke,22,27,MELD_lambda0_reportN,0.1,0.819045255100262,331
Stroke,22,27,MELD_lambda0_equal,0.1,0.838115896458655,331
Stroke,22,27,MELD_lambda1_afproj,0.1,0.818860758944631,331
Stroke,22,27,EUR,0.1,0.793203608382971,331
Stroke,22,27,EAS,0.1,0.638675280647054,331
Stroke,22,27,AFR,0.1,0.539353662701417,331
Stroke,22,27,CSA,0.1,0.74050883852508,331
Stroke,22,27,AMR,0.1,0.742711387448179,331
Stroke,22,28,MELD_lambda0_afproj,0.001,0.785609083547903,216
Stroke,22,28,MELD_lambda0_reportN,0.001,0.786216414558235,216
Stroke,22,28,MELD_lambda0_equal,0.001,0.792871298964256,216
Stroke,22,28,MELD_lambda1_afproj,0.001,0.814903897618491,216
Stroke,22,28,EUR,0.001,0.671837435468518,216
Stroke,22,28,EAS,0.001,0.593826831346627,216
Stroke,22,28,AFR,0.001,0.42591939261602,216
Stroke,22,28,CSA,0.001,0.614421257508998,216
Stroke,22,28,AMR,0.001,0.614480685683026,216
Stroke,22,28,MELD_lambda0_afproj,0.01,0.7883479673696,216
Stroke,22,28,MELD_lambda0_reportN,0.01,0.793211624672392,216
Stroke,22,28,MELD_lambda0_equal,0.01,0.799642829371802,216
Stroke,22,28,MELD_lambda1_afproj,0.01,0.827318013172075,216
Stroke,22,28,EUR,0.01,0.67846118320516,216
Stroke,22,28,EAS,0.01,0.730144657633309,216
Stroke,22,28,AFR,0.01,0.480331293943577,216
Stroke,22,28,CSA,0.01,0.632427175557866,216
Stroke,22,28,AMR,0.01,0.693645903244771,216
Stroke,22,28,MELD_lambda0_afproj,0.1,0.765854826693131,216
Stroke,22,28,MELD_lambda0_reportN,0.1,0.772276872393395,216
Stroke,22,28,MELD_lambda0_equal,0.1,0.802060590504862,216
Stroke,22,28,MELD_lambda1_afproj,0.1,0.808019876354529,216
Stroke,22,28,EUR,0.1,0.674190073699409,216
Stroke,22,28,EAS,0.1,0.761041778391664,216
Stroke,22,28,AFR,0.1,0.455553421756336,216
Stroke,22,28,CSA,0.1,0.684236711245403,216
Stroke,22,28,AMR,0.1,0.726707222343764,216
Stroke,22,29,MELD_lambda0_afproj,0.001,0.976320231355455,286
Stroke,22,29,MELD_lambda0_reportN,0.001,0.976093004390673,286
Stroke,22,29,MELD_lambda0_equal,0.001,0.971277861342635,286
Stroke,22,29,MELD_lambda1_afproj,0.001,0.976166107066298,286
Stroke,22,29,EUR,0.001,0.897276393260367,286
Stroke,22,29,EAS,0.001,0.929906829449866,286
Stroke,22,29,AFR,0.001,0.701191578715417,286
Stroke,22,29,CSA,0.001,0.943676626927794,286
Stroke,22,29,AMR,0.001,0.89131931818365,286
Stroke,22,29,MELD_lambda0_afproj,0.01,0.981021552366943,286
Stroke,22,29,MELD_lambda0_reportN,0.01,0.980601693418576,286
Stroke,22,29,MELD_lambda0_equal,0.01,0.972958693968018,286
Stroke,22,29,MELD_lambda1_afproj,0.01,0.981057279629998,286
Stroke,22,29,EUR,0.01,0.961643249119123,286
Stroke,22,29,EAS,0.01,0.95864911130491,286
Stroke,22,29,AFR,0.01,0.808552576707305,286
Stroke,22,29,CSA,0.01,0.967727466634341,286
Stroke,22,29,AMR,0.01,0.939816227954097,286
Stroke,22,29,MELD_lambda0_afproj,0.1,0.978111061897668,286
Stroke,22,29,MELD_lambda0_reportN,0.1,0.978019626461028,286
Stroke,22,29,MELD_lambda0_equal,0.1,0.973657187581166,286
Stroke,22,29,MELD_lambda1_afproj,0.1,0.977710082211763,286
Stroke,22,29,EUR,0.1,0.962872740425543,286
Stroke,22,29,EAS,0.1,0.960019959237936,286
Stroke,22,29,AFR,0.1,0.854245723413683,286
Stroke,22,29,CSA,0.1,0.966511536672971,286
Stroke,22,29,AMR,0.1,0.942142821149403,286
Stroke,22,31,MELD_lambda0_afproj,0.001,0.951901006702301,357
Stroke,22,31,MELD_lambda0_reportN,0.001,0.955797611753979,357
Stroke,22,31,MELD_lambda0_equal,0.001,0.952544144856013,357
Stroke,22,31,MELD_lambda1_afproj,0.001,0.949459377775408,357
Stroke,22,31,EUR,0.001,0.878297396898051,357
Stroke,22,31,EAS,0.001,0.894916953140773,357
Stroke,22,31,AFR,0.001,0.778630583474673,357
Stroke,22,31,CSA,0.001,0.783562305002231,357
Stroke,22,31,AMR,0.001,0.845638981883001,357
Stroke,22,31,MELD_lambda0_afproj,0.01,0.957772575725618,357
Stroke,22,31,MELD_lambda0_reportN,0.01,0.960089236785464,357
Stroke,22,31,MELD_lambda0_equal,0.01,0.958252585983926,357
Stroke,22,31,MELD_lambda1_afproj,0.01,0.956456857836952,357
Stroke,22,31,EUR,0.01,0.905380724135297,357
Stroke,22,31,EAS,0.01,0.929067860948036,357
Stroke,22,31,AFR,0.01,0.843537131133734,357
Stroke,22,31,CSA,0.01,0.89021357625464,357
Stroke,22,31,AMR,0.01,0.900193548102547,357
Stroke,22,31,MELD_lambda0_afproj,0.1,0.953949659550769,357
Stroke,22,31,MELD_lambda0_reportN,0.1,0.955279172919584,357
Stroke,22,31,MELD_lambda0_equal,0.1,0.954400675074312,357
Stroke,22,31,MELD_lambda1_afproj,0.1,0.953636029085055,357
Stroke,22,31,EUR,0.1,0.928101530187558,357
Stroke,22,31,EAS,0.1,0.933140079796824,357
Stroke,22,31,AFR,0.1,0.865557073130041,357
Stroke,22,31,CSA,0.1,0.906935474022608,357
Stroke,22,31,AMR,0.1,0.925131998079765,357
Stroke,22,32,MELD_lambda0_afproj,0.001,0.945297271410447,113
Stroke,22,32,MELD_lambda0_reportN,0.001,0.948589702775711,113
Stroke,22,32,MELD_lambda0_equal,0.001,0.935289054448458,113
Stroke,22,32,MELD_lambda1_afproj,0.001,0.943845207653222,113
Stroke,22,32,EUR,0.001,0.712508503013381,113
Stroke,22,32,EAS,0.001,0.891253302063043,113
Stroke,22,32,AFR,0.001,0.755094695300242,113
Stroke,22,32,CSA,0.001,0.81981034976818,113
Stroke,22,32,AMR,0.001,0.850540949234595,113
Stroke,22,32,MELD_lambda0_afproj,0.01,0.932694753451136,113
Stroke,22,32,MELD_lambda0_reportN,0.01,0.935265538039148,113
Stroke,22,32,MELD_lambda0_equal,0.01,0.938076966192776,113
Stroke,22,32,MELD_lambda1_afproj,0.01,0.929694745329741,113
Stroke,22,32,EUR,0.01,0.785882840361154,113
Stroke,22,32,EAS,0.01,0.862148303971361,113
Stroke,22,32,AFR,0.01,0.778303061253982,113
Stroke,22,32,CSA,0.01,0.852459122260618,113
Stroke,22,32,AMR,0.01,0.885672220540911,113
Stroke,22,32,MELD_lambda0_afproj,0.1,0.920561896147187,113
Stroke,22,32,MELD_lambda0_reportN,0.1,0.922777577954058,113
Stroke,22,32,MELD_lambda0_equal,0.1,0.926118816537877,113
Stroke,22,32,MELD_lambda1_afproj,0.1,0.919681672551797,113
Stroke,22,32,EUR,0.1,0.864661795046302,113
Stroke,22,32,EAS,0.1,0.827361757022969,113
Stroke,22,32,AFR,0.1,0.790097350954729,113
Stroke,22,32,CSA,0.1,0.875827504655686,113
Stroke,22,32,AMR,0.1,0.899239699670983,113
Stroke,22,34,MELD_lambda0_afproj,0.001,0.923508623588634,295
Stroke,22,34,MELD_lambda0_reportN,0.001,0.918806820801286,295
Stroke,22,34,MELD_lambda0_equal,0.001,0.935698964147785,295
Stroke,22,34,MELD_lambda1_afproj,0.001,0.919916993193531,295
Stroke,22,34,EUR,0.001,0.868905691342753,295
Stroke,22,34,EAS,0.001,0.744448507991756,295
Stroke,22,34,AFR,0.001,0.617672744380024,295
Stroke,22,34,CSA,0.001,0.899444347117663,295
Stroke,22,34,AMR,0.001,0.827990911121191,295
Stroke,22,34,MELD_lambda0_afproj,0.01,0.92814312811634,295
Stroke,22,34,MELD_lambda0_reportN,0.01,0.926500307749353,295
Stroke,22,34,MELD_lambda0_equal,0.01,0.930530277275077,295
Stroke,22,34,MELD_lambda1_afproj,0.01,0.926526430023998,295
Stroke,22,34,EUR,0.01,0.879736776382569,295
Stroke,22,34,EAS,0.01,0.903555881321818,295
Stroke,22,34,AFR,0.01,0.707271830612792,295
Stroke,22,34,CSA,0.01,0.910280323566501,295
Stroke,22,34,AMR,0.01,0.888749623401124,295
Stroke,22,34,MELD_lambda0_afproj,0.1,0.894198094596241,295
Stroke,22,34,MELD_lambda0_reportN,0.1,0.894765011451673,295
Stroke,22,34,MELD_lambda0_equal,0.1,0.910306641528015,295
Stroke,22,34,MELD_lambda1_afproj,0.1,0.890170664897618,295
Stroke,22,34,EUR,0.1,0.84434708660905,295
Stroke,22,34,EAS,0.1,0.892089793120365,295
Stroke,22,34,AFR,0.1,0.725252268987036,295
Stroke,22,34,CSA,0.1,0.877345885760998,295
Stroke,22,34,AMR,0.1,0.873627487925067,295
Stroke,22,37,MELD_lambda0_afproj,0.001,0.89229055165271,646
Stroke,22,37,MELD_lambda0_reportN,0.001,0.891989499526346,646
Stroke,22,37,MELD_lambda0_equal,0.001,0.900502644701057,646
Stroke,22,37,MELD_lambda1_afproj,0.001,0.892640877159319,646
Stroke,22,37,EUR,0.001,0.761288066947057,646
Stroke,22,37,EAS,0.001,0.719328018841558,646
Stroke,22,37,AFR,0.001,0.419363395282417,646
Stroke,22,37,CSA,0.001,0.703383316800974,646
Stroke,22,37,AMR,0.001,0.704470780894553,646
Stroke,22,37,MELD_lambda0_afproj,0.01,0.908410966165215,646
Stroke,22,37,MELD_lambda0_reportN,0.01,0.909374801095722,646
Stroke,22,37,MELD_lambda0_equal,0.01,0.905579581022909,646
Stroke,22,37,MELD_lambda1_afproj,0.01,0.908563284187037,646
Stroke,22,37,EUR,0.01,0.862350922397818,646
Stroke,22,37,EAS,0.01,0.811646901978424,646
Stroke,22,37,AFR,0.01,0.588642971838952,646
Stroke,22,37,CSA,0.01,0.81506166421736,646
Stroke,22,37,AMR,0.01,0.787947670362623,646
Stroke,22,37,MELD_lambda0_afproj,0.1,0.903395609461134,646
Stroke,22,37,MELD_lambda0_reportN,0.1,0.90382386740996,646
Stroke,22,37,MELD_lambda0_equal,0.1,0.90155830608413,646
Stroke,22,37,MELD_lambda1_afproj,0.1,0.903058919222085,646
Stroke,22,37,EUR,0.1,0.871922376412039,646
Stroke,22,37,EAS,0.1,0.820719762810355,646
Stroke,22,37,AFR,0.1,0.657386475411909,646
Stroke,22,37,CSA,0.1,0.848465819261796,646
Stroke,22,37,AMR,0.1,0.841476425998077,646
Stroke,22,38,MELD_lambda0_afproj,0.001,0.341722899463494,38
Stroke,22,38,MELD_lambda0_reportN,0.001,0.364765299215078,38
Stroke,22,38,MELD_lambda0_equal,0.001,0.3473636891968,38
Stroke,22,38,MELD_lambda1_afproj,0.001,0.294562725976636,38
Stroke,22,38,EUR,0.001,0.367783002276011,38
Stroke,22,38,EAS,0.001,0.282368630014572,38
Stroke,22,38,AFR,0.001,0.336433509917802,38
Stroke,22,38,CSA,0.001,0.321591055058277,38
Stroke,22,38,AMR,0.001,0.50575198019074,38
Stroke,22,38,MELD_lambda0_afproj,0.01,0.375148394398164,38
Stroke,22,38,MELD_lambda0_reportN,0.01,0.389584627199002,38
Stroke,22,38,MELD_lambda0_equal,0.01,0.347918482574778,38
Stroke,22,38,MELD_lambda1_afproj,0.01,0.327802859153685,38
Stroke,22,38,EUR,0.01,0.436555776081603,38
Stroke,22,38,EAS,0.01,0.222993365453342,38
Stroke,22,38,AFR,0.01,0.259271379753352,38
Stroke,22,38,CSA,0.01,0.277993890893486,38
Stroke,22,38,AMR,0.01,0.511158504021083,38
Stroke,22,38,MELD_lambda0_afproj,0.1,0.410325921361298,38
Stroke,22,38,MELD_lambda0_reportN,0.1,0.414447674037687,38
Stroke,22,38,MELD_lambda0_equal,0.1,0.290555629182176,38
Stroke,22,38,MELD_lambda1_afproj,0.1,0.355754486129165,38
Stroke,22,38,EUR,0.1,0.515318133228316,38
Stroke,22,38,EAS,0.1,0.139963493928406,38
Stroke,22,38,AFR,0.1,0.178224876195459,38
Stroke,22,38,CSA,0.1,0.236222255427831,38
Stroke,22,38,AMR,0.1,0.435816539509744,38
Stroke,22,39,MELD_lambda0_afproj,0.001,0.959402181742756,164
Stroke,22,39,MELD_lambda0_reportN,0.001,0.959064455071732,164
Stroke,22,39,MELD_lambda0_equal,0.001,0.946538481503605,164
Stroke,22,39,MELD_lambda1_afproj,0.001,0.953195195024647,164
Stroke,22,39,EUR,0.001,0.922773631796295,164
Stroke,22,39,EAS,0.001,0.819091623541072,164
Stroke,22,39,AFR,0.001,0.832832015610416,164
Stroke,22,39,CSA,0.001,0.889056478028257,164
Stroke,22,39,AMR,0.001,0.919052236762323,164
Stroke,22,39,MELD_lambda0_afproj,0.01,0.961463158801937,164
Stroke,22,39,MELD_lambda0_reportN,0.01,0.961254599136187,164
Stroke,22,39,MELD_lambda0_equal,0.01,0.953197719612245,164
Stroke,22,39,MELD_lambda1_afproj,0.01,0.956630568726394,164
Stroke,22,39,EUR,0.01,0.946073148431249,164
Stroke,22,39,EAS,0.01,0.887417424343392,164
Stroke,22,39,AFR,0.01,0.892844715264299,164
Stroke,22,39,CSA,0.01,0.930950834567209,164
Stroke,22,39,AMR,0.01,0.939351091679966,164
Stroke,22,39,MELD_lambda0_afproj,0.1,0.951815404090894,164
Stroke,22,39,MELD_lambda0_reportN,0.1,0.951470014574199,164
Stroke,22,39,MELD_lambda0_equal,0.1,0.947169459645369,164
Stroke,22,39,MELD_lambda1_afproj,0.1,0.950032735595088,164
Stroke,22,39,EUR,0.1,0.9420811227456,164
Stroke,22,39,EAS,0.1,0.878417196191515,164
Stroke,22,39,AFR,0.1,0.8649101048969,164
Stroke,22,39,CSA,0.1,0.937187015782727,164
Stroke,22,39,AMR,0.1,0.942149115370755,164
Stroke,22,40,MELD_lambda0_afproj,0.001,0.796136943137969,37
Stroke,22,40,MELD_lambda0_reportN,0.001,0.797722815055459,37
Stroke,22,40,MELD_lambda0_equal,0.001,0.822257035343617,37
Stroke,22,40,MELD_lambda1_afproj,0.001,0.79097179005205,37
Stroke,22,40,EUR,0.001,0.740480266017568,37
Stroke,22,40,EAS,0.001,0.854904857207653,37
Stroke,22,40,AFR,0.001,0.727820306884594,37
Stroke,22,40,CSA,0.001,0.76287344648085,37
Stroke,22,40,AMR,0.001,0.831727102567078,37
Stroke,22,40,MELD_lambda0_afproj,0.01,0.824213551307765,37
Stroke,22,40,MELD_lambda0_reportN,0.01,0.823712885194872,37
Stroke,22,40,MELD_lambda0_equal,0.01,0.81759138295832,37
Stroke,22,40,MELD_lambda1_afproj,0.01,0.822991252116444,37
Stroke,22,40,EUR,0.01,0.762785476402472,37
Stroke,22,40,EAS,0.01,0.839749199132565,37
Stroke,22,40,AFR,0.01,0.736410418586803,37
Stroke,22,40,CSA,0.01,0.786787350609082,37
Stroke,22,40,AMR,0.01,0.812037638073815,37
Stroke,22,40,MELD_lambda0_afproj,0.1,0.836513520125388,37
Stroke,22,40,MELD_lambda0_reportN,0.1,0.83579785483868,37
Stroke,22,40,MELD_lambda0_equal,0.1,0.817815411430373,37
Stroke,22,40,MELD_lambda1_afproj,0.1,0.838120766465411,37
Stroke,22,40,EUR,0.1,0.822671816031649,37
Stroke,22,40,EAS,0.1,0.793385917632322,37
Stroke,22,40,AFR,0.1,0.690694137553037,37
Stroke,22,40,CSA,0.1,0.828593614803217,37
Stroke,22,40,AMR,0.1,0.842683301876615,37
Stroke,22,41,MELD_lambda0_afproj,0.001,0.955196841860143,242
Stroke,22,41,MELD_lambda0_reportN,0.001,0.957690841841225,242
Stroke,22,41,MELD_lambda0_equal,0.001,0.956123716638213,242
Stroke,22,41,MELD_lambda1_afproj,0.001,0.956841273827654,242
Stroke,22,41,EUR,0.001,0.86202381898429,242
Stroke,22,41,EAS,0.001,0.911345579785906,242
Stroke,22,41,AFR,0.001,0.781408085377617,242
Stroke,22,41,CSA,0.001,0.882665000420156,242
Stroke,22,41,AMR,0.001,0.901282949943447,242
Stroke,22,41,MELD_lambda0_afproj,0.01,0.958963893418323,242
Stroke,22,41,MELD_lambda0_reportN,0.01,0.959047177492476,242
Stroke,22,41,MELD_lambda0_equal,0.01,0.955793244479134,242
Stroke,22,41,MELD_lambda1_afproj,0.01,0.96131429271632,242
Stroke,22,41,EUR,0.01,0.91425560014531,242
Stroke,22,41,EAS,0.01,0.93200291239719,242
Stroke,22,41,AFR,0.01,0.832693365775266,242
Stroke,22,41,CSA,0.01,0.936880609126647,242
Stroke,22,41,AMR,0.01,0.930520275832551,242
Stroke,22,41,MELD_lambda0_afproj,0.1,0.948741599050099,242
Stroke,22,41,MELD_lambda0_reportN,0.1,0.948289853136797,242
Stroke,22,41,MELD_lambda0_equal,0.1,0.946996387214471,242
Stroke,22,41,MELD_lambda1_afproj,0.1,0.949394116495886,242
Stroke,22,41,EUR,0.1,0.929383497908688,242
Stroke,22,41,EAS,0.1,0.930509966149578,242
Stroke,22,41,AFR,0.1,0.863055747844621,242
Stroke,22,41,CSA,0.1,0.937994861182179,242
Stroke,22,41,AMR,0.1,0.928542519550377,242
Stroke,22,42,MELD_lambda0_afproj,0.001,0.959415004198746,229
Stroke,22,42,MELD_lambda0_reportN,0.001,0.957015573483884,229
Stroke,22,42,MELD_lambda0_equal,0.001,0.955898421300454,229
Stroke,22,42,MELD_lambda1_afproj,0.001,0.959785655177404,229
Stroke,22,42,EUR,0.001,0.93579242551394,229
Stroke,22,42,EAS,0.001,0.876365577274686,229
Stroke,22,42,AFR,0.001,0.805100028506041,229
Stroke,22,42,CSA,0.001,0.897679827889118,229
Stroke,22,42,AMR,0.001,0.863081325311624,229
Stroke,22,42,MELD_lambda0_afproj,0.01,0.962269672960813,229
Stroke,22,42,MELD_lambda0_reportN,0.01,0.961934385443487,229
Stroke,22,42,MELD_lambda0_equal,0.01,0.954150366125864,229
Stroke,22,42,MELD_lambda1_afproj,0.01,0.961600071400399,229
Stroke,22,42,EUR,0.01,0.94281631988429,229
Stroke,22,42,EAS,0.01,0.906632630669593,229
Stroke,22,42,AFR,0.01,0.821117837655245,229
Stroke,22,42,CSA,0.01,0.924738506923579,229
Stroke,22,42,AMR,0.01,0.903048091926201,229
Stroke,22,42,MELD_lambda0_afproj,0.1,0.955905856494746,229
Stroke,22,42,MELD_lambda0_reportN,0.1,0.956281009663426,229
Stroke,22,42,MELD_lambda0_equal,0.1,0.95037053320557,229
Stroke,22,42,MELD_lambda1_afproj,0.1,0.953193797548095,229
Stroke,22,42,EUR,0.1,0.933508500670341,229
Stroke,22,42,EAS,0.1,0.903118109366612,229
Stroke,22,42,AFR,0.1,0.835558553119252,229
Stroke,22,42,CSA,0.1,0.928337583192117,229
Stroke,22,42,AMR,0.1,0.926723499970258,229
Stroke,22,43,MELD_lambda0_afproj,0.001,0.927194068488643,45
Stroke,22,43,MELD_lambda0_reportN,0.001,0.929679197465856,45
Stroke,22,43,MELD_lambda0_equal,0.001,0.926458042865375,45
Stroke,22,43,MELD_lambda1_afproj,0.001,0.922478861796519,45
Stroke,22,43,EUR,0.001,0.912267485309635,45
Stroke,22,43,EAS,0.001,0.829478309462551,45
Stroke,22,43,AFR,0.001,0.657806505349863,45
Stroke,22,43,CSA,0.001,0.919440570483124,45
Stroke,22,43,AMR,0.001,0.904928955872757,45
Stroke,22,43,MELD_lambda0_afproj,0.01,0.918525835222322,45
Stroke,22,43,MELD_lambda0_reportN,0.01,0.921070805922279,45
Stroke,22,43,MELD_lambda0_equal,0.01,0.918809032309593,45
Stroke,22,43,MELD_lambda1_afproj,0.01,0.913647230458756,45
Stroke,22,43,EUR,0.01,0.899688168311456,45
Stroke,22,43,EAS,0.01,0.774965247756235,45
Stroke,22,43,AFR,0.01,0.666828115449924,45
Stroke,22,43,CSA,0.01,0.913122384033178,45
Stroke,22,43,AMR,0.01,0.914710313363638,45
Stroke,22,43,MELD_lambda0_afproj,0.1,0.863062453686194,45
Stroke,22,43,MELD_lambda0_reportN,0.1,0.865334511629597,45
Stroke,22,43,MELD_lambda0_equal,0.1,0.870360920044838,45
Stroke,22,43,MELD_lambda1_afproj,0.1,0.844610034125253,45
Stroke,22,43,EUR,0.1,0.812226145630366,45
Stroke,22,43,EAS,0.1,0.779361290113637,45
Stroke,22,43,AFR,0.1,0.696950527699414,45
Stroke,22,43,CSA,0.1,0.824394925192447,45
Stroke,22,43,AMR,0.1,0.852514880115891,45
Stroke,22,44,MELD_lambda0_afproj,0.001,0.876077271258998,135
Stroke,22,44,MELD_lambda0_reportN,0.001,0.872391988825098,135
Stroke,22,44,MELD_lambda0_equal,0.001,0.861110928749501,135
Stroke,22,44,MELD_lambda1_afproj,0.001,0.864583232520135,135
Stroke,22,44,EUR,0.001,0.859680793257115,135
Stroke,22,44,EAS,0.001,0.843688488049901,135
Stroke,22,44,AFR,0.001,0.640168290422884,135
Stroke,22,44,CSA,0.001,0.853961783115653,135
Stroke,22,44,AMR,0.001,0.825509385535245,135
Stroke,22,44,MELD_lambda0_afproj,0.01,0.875484798253901,135
Stroke,22,44,MELD_lambda0_reportN,0.01,0.872857170039735,135
Stroke,22,44,MELD_lambda0_equal,0.01,0.862552753269823,135
Stroke,22,44,MELD_lambda1_afproj,0.01,0.863589346662767,135
Stroke,22,44,EUR,0.01,0.853513738452088,135
Stroke,22,44,EAS,0.01,0.873801477352419,135
Stroke,22,44,AFR,0.01,0.635733797699046,135
Stroke,22,44,CSA,0.01,0.878318135156853,135
Stroke,22,44,AMR,0.01,0.841099560069355,135
Stroke,22,44,MELD_lambda0_afproj,0.1,0.87571028977184,135
Stroke,22,44,MELD_lambda0_reportN,0.1,0.874696612022869,135
Stroke,22,44,MELD_lambda0_equal,0.1,0.864237011639509,135
Stroke,22,44,MELD_lambda1_afproj,0.1,0.866714936427718,135
Stroke,22,44,EUR,0.1,0.854909191549199,135
Stroke,22,44,EAS,0.1,0.831294034606433,135
Stroke,22,44,AFR,0.1,0.6288825515904,135
Stroke,22,44,CSA,0.1,0.883202509342351,135
Stroke,22,44,AMR,0.1,0.853355984309169,135
Stroke,22,45,MELD_lambda0_afproj,0.001,0.827600303451582,144
Stroke,22,45,MELD_lambda0_reportN,0.001,0.825980873899596,144
Stroke,22,45,MELD_lambda0_equal,0.001,0.807967014588894,144
Stroke,22,45,MELD_lambda1_afproj,0.001,0.841079874361718,144
Stroke,22,45,EUR,0.001,0.791120243487481,144
Stroke,22,45,EAS,0.001,0.712629882006047,144
Stroke,22,45,AFR,0.001,0.641246435316083,144
Stroke,22,45,CSA,0.001,0.72034613195899,144
Stroke,22,45,AMR,0.001,0.719009982516752,144
Stroke,22,45,MELD_lambda0_afproj,0.01,0.835971592651299,144
Stroke,22,45,MELD_lambda0_reportN,0.01,0.835272673114818,144
Stroke,22,45,MELD_lambda0_equal,0.01,0.807600306416325,144
Stroke,22,45,MELD_lambda1_afproj,0.01,0.84039313490303,144
Stroke,22,45,EUR,0.01,0.805284002679946,144
Stroke,22,45,EAS,0.01,0.749535056858544,144
Stroke,22,45,AFR,0.01,0.662289081307158,144
Stroke,22,45,CSA,0.01,0.677068552177484,144
Stroke,22,45,AMR,0.01,0.74718145447038,144
Stroke,22,45,MELD_lambda0_afproj,0.1,0.804550128158097,144
Stroke,22,45,MELD_lambda0_reportN,0.1,0.805193217646956,144
Stroke,22,45,MELD_lambda0_equal,0.1,0.793945568747498,144
Stroke,22,45,MELD_lambda1_afproj,0.1,0.803985458744501,144
Stroke,22,45,EUR,0.1,0.767989111388106,144
Stroke,22,45,EAS,0.1,0.774855809410296,144
Stroke,22,45,AFR,0.1,0.650433448728317,144
Stroke,22,45,CSA,0.1,0.693424821104283,144
Stroke,22,45,AMR,0.1,0.76759517443725,144
Stroke,22,46,MELD_lambda0_afproj,0.001,0.871084478073971,158
Stroke,22,46,MELD_lambda0_reportN,0.001,0.874912561311816,158
Stroke,22,46,MELD_lambda0_equal,0.001,0.849583327593239,158
Stroke,22,46,MELD_lambda1_afproj,0.001,0.880405194044457,158
Stroke,22,46,EUR,0.001,0.822091594881657,158
Stroke,22,46,EAS,0.001,0.730148864005094,158
Stroke,22,46,AFR,0.001,0.646481420625322,158
Stroke,22,46,CSA,0.001,0.753530671396684,158
Stroke,22,46,AMR,0.001,0.78171438254033,158
Stroke,22,46,MELD_lambda0_afproj,0.01,0.896617335566512,158
Stroke,22,46,MELD_lambda0_reportN,0.01,0.897570018996364,158
Stroke,22,46,MELD_lambda0_equal,0.01,0.860289755010607,158
Stroke,22,46,MELD_lambda1_afproj,0.01,0.90238581108345,158
Stroke,22,46,EUR,0.01,0.894112643637132,158
Stroke,22,46,EAS,0.01,0.827863446113704,158
Stroke,22,46,AFR,0.01,0.704092204233166,158
Stroke,22,46,CSA,0.01,0.810698290647634,158
Stroke,22,46,AMR,0.01,0.855549454659364,158
Stroke,22,46,MELD_lambda0_afproj,0.1,0.901835598656205,158
Stroke,22,46,MELD_lambda0_reportN,0.1,0.901384026072122,158
Stroke,22,46,MELD_lambda0_equal,0.1,0.864552488990955,158
Stroke,22,46,MELD_lambda1_afproj,0.1,0.897686417815586,158
Stroke,22,46,EUR,0.1,0.898280381681785,158
Stroke,22,46,EAS,0.1,0.851104892847941,158
Stroke,22,46,AFR,0.1,0.778104880200521,158
Stroke,22,46,CSA,0.1,0.833522435458144,158
Stroke,22,46,AMR,0.1,0.846762109540476,158
Stroke,22,47,MELD_lambda0_afproj,0.001,0.934762937787653,153
Stroke,22,47,MELD_lambda0_reportN,0.001,0.933354484791795,153
Stroke,22,47,MELD_lambda0_equal,0.001,0.940259992733369,153
Stroke,22,47,MELD_lambda1_afproj,0.001,0.933627300260902,153
Stroke,22,47,EUR,0.001,0.907487794779776,153
Stroke,22,47,EAS,0.001,0.945199984533009,153
Stroke,22,47,AFR,0.001,0.835016862722626,153
Stroke,22,47,CSA,0.001,0.939123799910564,153
Stroke,22,47,AMR,0.001,0.891579001479771,153
Stroke,22,47,MELD_lambda0_afproj,0.01,0.942647576227096,153
Stroke,22,47,MELD_lambda0_reportN,0.01,0.941774762867433,153
Stroke,22,47,MELD_lambda0_equal,0.01,0.942390925100204,153
Stroke,22,47,MELD_lambda1_afproj,0.01,0.941718934157008,153
Stroke,22,47,EUR,0.01,0.92411650731599,153
Stroke,22,47,EAS,0.01,0.953412145823539,153
Stroke,22,47,AFR,0.01,0.836154752770477,153
Stroke,22,47,CSA,0.01,0.945898421951242,153
Stroke,22,47,AMR,0.01,0.903868843169526,153
Stroke,22,47,MELD_lambda0_afproj,0.1,0.947858893038802,153
Stroke,22,47,MELD_lambda0_reportN,0.1,0.94706342877584,153
Stroke,22,47,MELD_lambda0_equal,0.1,0.93958324254562,153
Stroke,22,47,MELD_lambda1_afproj,0.1,0.945608348071745,153
Stroke,22,47,EUR,0.1,0.93507593170958,153
Stroke,22,47,EAS,0.1,0.948534103094723,153
Stroke,22,47,AFR,0.1,0.840042296298321,153
Stroke,22,47,CSA,0.1,0.943369790943007,153
Stroke,22,47,AMR,0.1,0.916064445977518,153
Stroke,22,48,MELD_lambda0_afproj,0.001,0.960002317541765,119
Stroke,22,48,MELD_lambda0_reportN,0.001,0.961044243488533,119
Stroke,22,48,MELD_lambda0_equal,0.001,0.966693151220459,119
Stroke,22,48,MELD_lambda1_afproj,0.001,0.962615223566492,119
Stroke,22,48,EUR,0.001,0.902795478945738,119
Stroke,22,48,EAS,0.001,0.947779700101727,119
Stroke,22,48,AFR,0.001,0.786993967284971,119
Stroke,22,48,CSA,0.001,0.950478995444073,119
Stroke,22,48,AMR,0.001,0.887443912722254,119
Stroke,22,48,MELD_lambda0_afproj,0.01,0.961978740980968,119
Stroke,22,48,MELD_lambda0_reportN,0.01,0.96297233835573,119
Stroke,22,48,MELD_lambda0_equal,0.01,0.96543993859549,119
Stroke,22,48,MELD_lambda1_afproj,0.01,0.963687261400315,119
Stroke,22,48,EUR,0.01,0.93242084830905,119
Stroke,22,48,EAS,0.01,0.950833925642854,119
Stroke,22,48,AFR,0.01,0.823906931865543,119
Stroke,22,48,CSA,0.01,0.953914879153652,119
Stroke,22,48,AMR,0.01,0.917701968967697,119
Stroke,22,48,MELD_lambda0_afproj,0.1,0.951163479193833,119
Stroke,22,48,MELD_lambda0_reportN,0.1,0.951878721814772,119
Stroke,22,48,MELD_lambda0_equal,0.1,0.956417409084934,119
Stroke,22,48,MELD_lambda1_afproj,0.1,0.951732932808926,119
Stroke,22,48,EUR,0.1,0.93084285446009,119
Stroke,22,48,EAS,0.1,0.953213811251945,119
Stroke,22,48,AFR,0.1,0.860696429238494,119
Stroke,22,48,CSA,0.1,0.947307944260574,119
Stroke,22,48,AMR,0.1,0.903076141718102,119
Stroke,22,49,MELD_lambda0_afproj,0.001,0.866352587818972,152
Stroke,22,49,MELD_lambda0_reportN,0.001,0.867267242571679,152
Stroke,22,49,MELD_lambda0_equal,0.001,0.909156049583495,152
Stroke,22,49,MELD_lambda1_afproj,0.001,0.876923895583916,152
Stroke,22,49,EUR,0.001,0.852224304913219,152
Stroke,22,49,EAS,0.001,0.733894376380496,152
Stroke,22,49,AFR,0.001,0.768243221451129,152
Stroke,22,49,CSA,0.001,0.833039269532447,152
Stroke,22,49,AMR,0.001,0.919256801841856,152
Stroke,22,49,MELD_lambda0_afproj,0.01,0.907171142060157,152
Stroke,22,49,MELD_lambda0_reportN,0.01,0.908998763015165,152
Stroke,22,49,MELD_lambda0_equal,0.01,0.917892061020579,152
Stroke,22,49,MELD_lambda1_afproj,0.01,0.908458317628883,152
Stroke,22,49,EUR,0.01,0.891593990124609,152
Stroke,22,49,EAS,0.01,0.840696090510603,152
Stroke,22,49,AFR,0.01,0.827226704287444,152
Stroke,22,49,CSA,0.01,0.879244497187013,152
Stroke,22,49,AMR,0.01,0.924523676010712,152
Stroke,22,49,MELD_lambda0_afproj,0.1,0.907011144732091,152
Stroke,22,49,MELD_lambda0_reportN,0.1,0.908340088790132,152
Stroke,22,49,MELD_lambda0_equal,0.1,0.917660579710456,152
Stroke,22,49,MELD_lambda1_afproj,0.1,0.906363410163488,152
Stroke,22,49,EUR,0.1,0.893976125867021,152
Stroke,22,49,EAS,0.1,0.868562951406988,152
Stroke,22,49,AFR,0.1,0.842052492199364,152
Stroke,22,49,CSA,0.1,0.887349772823557,152
Stroke,22,49,AMR,0.1,0.904959519814461,152
Stroke,22,50,MELD_lambda0_afproj,0.001,0.788921521103439,83
Stroke,22,50,MELD_lambda0_reportN,0.001,0.780885078689037,83
Stroke,22,50,MELD_lambda0_equal,0.001,0.651603942623674,83
Stroke,22,50,MELD_lambda1_afproj,0.001,0.808330908750837,83
Stroke,22,50,EUR,0.001,0.72744403797907,83
Stroke,22,50,EAS,0.001,0.675960537499668,83
Stroke,22,50,AFR,0.001,0.518201049443737,83
Stroke,22,50,CSA,0.001,0.630728338182843,83
Stroke,22,50,AMR,0.001,0.557568319667758,83
Stroke,22,50,MELD_lambda0_afproj,0.01,0.761964077639829,83
Stroke,22,50,MELD_lambda0_reportN,0.01,0.758969360019636,83
Stroke,22,50,MELD_lambda0_equal,0.01,0.654622636216357,83
Stroke,22,50,MELD_lambda1_afproj,0.01,0.785472449565944,83
Stroke,22,50,EUR,0.01,0.71908396511849,83
Stroke,22,50,EAS,0.01,0.695339645791816,83
Stroke,22,50,AFR,0.01,0.516052008638051,83
Stroke,22,50,CSA,0.01,0.647418065829751,83
Stroke,22,50,AMR,0.01,0.603893589613647,83
Stroke,22,50,MELD_lambda0_afproj,0.1,0.70689719097011,83
Stroke,22,50,MELD_lambda0_reportN,0.1,0.707942679690541,83
Stroke,22,50,MELD_lambda0_equal,0.1,0.649131140582386,83
Stroke,22,50,MELD_lambda1_afproj,0.1,0.720382427419707,83
Stroke,22,50,EUR,0.1,0.699696003784812,83
Stroke,22,50,EAS,0.1,0.655603430195255,83
Stroke,22,50,AFR,0.1,0.523164237240888,83
Stroke,22,50,CSA,0.1,0.644050787428409,83
Stroke,22,50,AMR,0.1,0.625663123617268,83
Stroke,22,52,MELD_lambda0_afproj,0.001,0.953669296697358,37
Stroke,22,52,MELD_lambda0_reportN,0.001,0.954586897167579,37
Stroke,22,52,MELD_lambda0_equal,0.001,0.978249836006811,37
Stroke,22,52,MELD_lambda1_afproj,0.001,0.95978349212847,37
Stroke,22,52,EUR,0.001,0.953301878014404,37
Stroke,22,52,EAS,0.001,0.960485944908513,37
Stroke,22,52,AFR,0.001,0.861071978952429,37
Stroke,22,52,CSA,0.001,0.989751689130871,37
Stroke,22,52,AMR,0.001,0.891373965509742,37
Stroke,22,52,MELD_lambda0_afproj,0.01,0.959925207084918,37
Stroke,22,52,MELD_lambda0_reportN,0.01,0.959307393132034,37
Stroke,22,52,MELD_lambda0_equal,0.01,0.981108660755319,37
Stroke,22,52,MELD_lambda1_afproj,0.01,0.965863563180043,37
Stroke,22,52,EUR,0.01,0.957073764545397,37
Stroke,22,52,EAS,0.01,0.975376747256019,37
Stroke,22,52,AFR,0.01,0.888010380591112,37
Stroke,22,52,CSA,0.01,0.992597479897754,37
Stroke,22,52,AMR,0.01,0.931024674512787,37
Stroke,22,52,MELD_lambda0_afproj,0.1,0.961833308352304,37
Stroke,22,52,MELD_lambda0_reportN,0.1,0.961120882639811,37
Stroke,22,52,MELD_lambda0_equal,0.1,0.976884917749779,37
Stroke,22,52,MELD_lambda1_afproj,0.1,0.966159414870202,37
Stroke,22,52,EUR,0.1,0.95420692982581,37
Stroke,22,52,EAS,0.1,0.98164721332033,37
Stroke,22,52,AFR,0.1,0.909928022137157,37
Stroke,22,52,CSA,0.1,0.98256870349077,37
Stroke,22,52,AMR,0.1,0.957012126842508,37
Stroke,22,53,MELD_lambda0_afproj,0.001,0.987449935635302,342
Stroke,22,53,MELD_lambda0_reportN,0.001,0.988363796475745,342
Stroke,22,53,MELD_lambda0_equal,0.001,0.980204293632008,342
Stroke,22,53,MELD_lambda1_afproj,0.001,0.983975467131087,342
Stroke,22,53,EUR,0.001,0.953722271848875,342
Stroke,22,53,EAS,0.001,0.894835865426343,342
Stroke,22,53,AFR,0.001,0.691779344046604,342
Stroke,22,53,CSA,0.001,0.93979721462862,342
Stroke,22,53,AMR,0.001,0.907314537752767,342
Stroke,22,53,MELD_lambda0_afproj,0.01,0.98833597769728,342
Stroke,22,53,MELD_lambda0_reportN,0.01,0.988925325587677,342
Stroke,22,53,MELD_lambda0_equal,0.01,0.981876383305353,342
Stroke,22,53,MELD_lambda1_afproj,0.01,0.985637659444441,342
Stroke,22,53,EUR,0.01,0.96530935608031,342
Stroke,22,53,EAS,0.01,0.968146861448017,342
Stroke,22,53,AFR,0.01,0.829487936860586,342
Stroke,22,53,CSA,0.01,0.964392270840271,342
Stroke,22,53,AMR,0.01,0.921210171239711,342
Stroke,22,53,MELD_lambda0_afproj,0.1,0.985120556953347,342
Stroke,22,53,MELD_lambda0_reportN,0.1,0.985584309712475,342
Stroke,22,53,MELD_lambda0_equal,0.1,0.980861718085094,342
Stroke,22,53,MELD_lambda1_afproj,0.1,0.982872219371404,342
Stroke,22,53,EUR,0.1,0.963595525608495,342
Stroke,22,53,EAS,0.1,0.955215331691904,342
Stroke,22,53,AFR,0.1,0.88244393666306,342
Stroke,22,53,CSA,0.1,0.967407755529376,342
Stroke,22,53,AMR,0.1,0.938818442614863,342
Stroke,22,54,MELD_lambda0_afproj,0.001,0.975190428338082,47
Stroke,22,54,MELD_lambda0_reportN,0.001,0.974738887207742,47
Stroke,22,54,MELD_lambda0_equal,0.001,0.973430257928945,47
Stroke,22,54,MELD_lambda1_afproj,0.001,0.972039863991598,47
Stroke,22,54,EUR,0.001,0.973760438307609,47
Stroke,22,54,EAS,0.001,0.87922917482255,47
Stroke,22,54,AFR,0.001,0.81877806155377,47
Stroke,22,54,CSA,0.001,0.970040418066059,47
Stroke,22,54,AMR,0.001,0.963041459585703,47
Stroke,22,54,MELD_lambda0_afproj,0.01,0.967836836536583,47
Stroke,22,54,MELD_lambda0_reportN,0.01,0.968206533165278,47
Stroke,22,54,MELD_lambda0_equal,0.01,0.970397604849224,47
Stroke,22,54,MELD_lambda1_afproj,0.01,0.965708457913331,47
Stroke,22,54,EUR,0.01,0.973694681137177,47
Stroke,22,54,EAS,0.01,0.870424143678388,47
Stroke,22,54,AFR,0.01,0.80553676683716,47
Stroke,22,54,CSA,0.01,0.966672528368903,47
Stroke,22,54,AMR,0.01,0.974850906134598,47
Stroke,22,54,MELD_lambda0_afproj,0.1,0.94316103218296,47
Stroke,22,54,MELD_lambda0_reportN,0.1,0.944480562162715,47
Stroke,22,54,MELD_lambda0_equal,0.1,0.942164216954356,47
Stroke,22,54,MELD_lambda1_afproj,0.1,0.943463157219855,47
Stroke,22,54,EUR,0.1,0.955133274504769,47
Stroke,22,54,EAS,0.1,0.826442304980624,47
Stroke,22,54,AFR,0.1,0.714313893033948,47
Stroke,22,54,CSA,0.1,0.940933529056003,47
Stroke,22,54,AMR,0.1,0.960411166665209,47
Stroke,22,55,MELD_lambda0_afproj,0.001,0.858204480915168,208
Stroke,22,55,MELD_lambda0_reportN,0.001,0.857054889552427,208
Stroke,22,55,MELD_lambda0_equal,0.001,0.810145596581753,208
Stroke,22,55,MELD_lambda1_afproj,0.001,0.859653323674058,208
Stroke,22,55,EUR,0.001,0.745918057281659,208
Stroke,22,55,EAS,0.001,0.554383004603492,208
Stroke,22,55,AFR,0.001,0.21207926477662,208
Stroke,22,55,CSA,0.001,0.76244198767836,208
Stroke,22,55,AMR,0.001,0.752067778885943,208
Stroke,22,55,MELD_lambda0_afproj,0.01,0.848774080652466,208
Stroke,22,55,MELD_lambda0_reportN,0.01,0.849680809126284,208
Stroke,22,55,MELD_lambda0_equal,0.01,0.809530788128758,208
Stroke,22,55,MELD_lambda1_afproj,0.01,0.842276952237011,208
Stroke,22,55,EUR,0.01,0.811674366568775,208
Stroke,22,55,EAS,0.01,0.687708223610899,208
Stroke,22,55,AFR,0.01,0.348585245565203,208
Stroke,22,55,CSA,0.01,0.752777932523189,208
Stroke,22,55,AMR,0.01,0.705072105584486,208
Stroke,22,55,MELD_lambda0_afproj,0.1,0.823642557044652,208
Stroke,22,55,MELD_lambda0_reportN,0.1,0.825542032489832,208
Stroke,22,55,MELD_lambda0_equal,0.1,0.778876690198984,208
Stroke,22,55,MELD_lambda1_afproj,0.1,0.812463925081669,208
Stroke,22,55,EUR,0.1,0.80888739334074,208
Stroke,22,55,EAS,0.1,0.655781723549846,208
Stroke,22,55,AFR,0.1,0.44710426026433,208
Stroke,22,55,CSA,0.1,0.705557858832727,208
Stroke,22,55,AMR,0.1,0.690060828206959,208
Stroke,22,57,MELD_lambda0_afproj,0.001,0.902060939525405,221
Stroke,22,57,MELD_lambda0_reportN,0.001,0.897782861255823,221
Stroke,22,57,MELD_lambda0_equal,0.001,0.91389900527007,221
Stroke,22,57,MELD_lambda1_afproj,0.001,0.895140305238544,221
Stroke,22,57,EUR,0.001,0.885429058746448,221
Stroke,22,57,EAS,0.001,0.8187132826295,221
Stroke,22,57,AFR,0.001,0.467100245989488,221
Stroke,22,57,CSA,0.001,0.909534326810912,221
Stroke,22,57,AMR,0.001,0.835446463768078,221
Stroke,22,57,MELD_lambda0_afproj,0.01,0.895407241002404,221
Stroke,22,57,MELD_lambda0_reportN,0.01,0.893771086483661,221
Stroke,22,57,MELD_lambda0_equal,0.01,0.915665683244701,221
Stroke,22,57,MELD_lambda1_afproj,0.01,0.891046474216871,221
Stroke,22,57,EUR,0.01,0.866119835453867,221
Stroke,22,57,EAS,0.01,0.868407410280659,221
Stroke,22,57,AFR,0.01,0.567494110737619,221
Stroke,22,57,CSA,0.01,0.911922931222215,221
Stroke,22,57,AMR,0.01,0.875647349960372,221
Stroke,22,57,MELD_lambda0_afproj,0.1,0.88384652310195,221
Stroke,22,57,MELD_lambda0_reportN,0.1,0.883437204719709,221
Stroke,22,57,MELD_lambda0_equal,0.1,0.901339676639158,221
Stroke,22,57,MELD_lambda1_afproj,0.1,0.881898912403282,221
Stroke,22,57,EUR,0.1,0.855144967619157,221
Stroke,22,57,EAS,0.1,0.861310999168771,221
Stroke,22,57,AFR,0.1,0.639664304779133,221
Stroke,22,57,CSA,0.1,0.901022193448348,221
Stroke,22,57,AMR,0.1,0.86053313021213,221
Stroke,22,58,MELD_lambda0_afproj,0.001,0.840553952738354,298
Stroke,22,58,MELD_lambda0_reportN,0.001,0.84127138748203,298
Stroke,22,58,MELD_lambda0_equal,0.001,0.854674491250094,298
Stroke,22,58,MELD_lambda1_afproj,0.001,0.838252526137284,298
Stroke,22,58,EUR,0.001,0.663952305770502,298
Stroke,22,58,EAS,0.001,0.75224787525075,298
Stroke,22,58,AFR,0.001,0.49834700964415,298
Stroke,22,58,CSA,0.001,0.728187403200569,298
Stroke,22,58,AMR,0.001,0.608820234332877,298
Stroke,22,58,MELD_lambda0_afproj,0.01,0.859291308676993,298
Stroke,22,58,MELD_lambda0_reportN,0.01,0.858044492345412,298
Stroke,22,58,MELD_lambda0_equal,0.01,0.853656776710737,298
Stroke,22,58,MELD_lambda1_afproj,0.01,0.85726026628245,298
Stroke,22,58,EUR,0.01,0.738235242598544,298
Stroke,22,58,EAS,0.01,0.788268849914855,298
Stroke,22,58,AFR,0.01,0.521144191570209,298
Stroke,22,58,CSA,0.01,0.777347252419545,298
Stroke,22,58,AMR,0.01,0.658609969425801,298
Stroke,22,58,MELD_lambda0_afproj,0.1,0.866760447066,298
Stroke,22,58,MELD_lambda0_reportN,0.1,0.86634361860731,298
Stroke,22,58,MELD_lambda0_equal,0.1,0.842546033088713,298
Stroke,22,58,MELD_lambda1_afproj,0.1,0.862466664507906,298
Stroke,22,58,EUR,0.1,0.775543532194471,298
Stroke,22,58,EAS,0.1,0.791480732799199,298
Stroke,22,58,AFR,0.1,0.527993177642506,298
Stroke,22,58,CSA,0.1,0.76696474187001,298
Stroke,22,58,AMR,0.1,0.726679806923483,298
Stroke,22,60,MELD_lambda0_afproj,0.001,0.776017412567725,162
Stroke,22,60,MELD_lambda0_reportN,0.001,0.77194777513533,162
Stroke,22,60,MELD_lambda0_equal,0.001,0.611702663486105,162
Stroke,22,60,MELD_lambda1_afproj,0.001,0.803715630240543,162
Stroke,22,60,EUR,0.001,0.407136897352089,162
Stroke,22,60,EAS,0.001,0.528869282136132,162
Stroke,22,60,AFR,0.001,0.177338155634867,162
Stroke,22,60,CSA,0.001,0.546755066128488,162
Stroke,22,60,AMR,0.001,0.46635787211237,162
Stroke,22,60,MELD_lambda0_afproj,0.01,0.821146417625745,162
Stroke,22,60,MELD_lambda0_reportN,0.01,0.818127048212508,162
Stroke,22,60,MELD_lambda0_equal,0.01,0.722672103404506,162
Stroke,22,60,MELD_lambda1_afproj,0.01,0.820646228756622,162
Stroke,22,60,EUR,0.01,0.632142666939381,162
Stroke,22,60,EAS,0.01,0.694248443099382,162
Stroke,22,60,AFR,0.01,0.21148989163588,162
Stroke,22,60,CSA,0.01,0.700532524862429,162
Stroke,22,60,AMR,0.01,0.698901377093219,162
Stroke,22,60,MELD_lambda0_afproj,0.1,0.792964056631359,162
Stroke,22,60,MELD_lambda0_reportN,0.1,0.792196770704605,162
Stroke,22,60,MELD_lambda0_equal,0.1,0.740929405692455,162
Stroke,22,60,MELD_lambda1_afproj,0.1,0.784401363982158,162
Stroke,22,60,EUR,0.1,0.681789044728108,162
Stroke,22,60,EAS,0.1,0.690695001131485,162
Stroke,22,60,AFR,0.1,0.297997166606607,162
Stroke,22,60,CSA,0.1,0.717935074000419,162
Stroke,22,60,AMR,0.1,0.711404501561325,162
Stroke,22,61,MELD_lambda0_afproj,0.001,0.932523311642269,261
Stroke,22,61,MELD_lambda0_reportN,0.001,0.933098891108224,261
Stroke,22,61,MELD_lambda0_equal,0.001,0.941595397073224,261
Stroke,22,61,MELD_lambda1_afproj,0.001,0.931749048166224,261
Stroke,22,61,EUR,0.001,0.896970540873065,261
Stroke,22,61,EAS,0.001,0.840686672931909,261
Stroke,22,61,AFR,0.001,0.59226452061497,261
Stroke,22,61,CSA,0.001,0.88419206746847,261
Stroke,22,61,AMR,0.001,0.83837177044438,261
Stroke,22,61,MELD_lambda0_afproj,0.01,0.943713670079356,261
Stroke,22,61,MELD_lambda0_reportN,0.01,0.943637470653764,261
Stroke,22,61,MELD_lambda0_equal,0.01,0.945811108669482,261
Stroke,22,61,MELD_lambda1_afproj,0.01,0.942293125989223,261
Stroke,22,61,EUR,0.01,0.926345360088334,261
Stroke,22,61,EAS,0.01,0.895706126417214,261
Stroke,22,61,AFR,0.01,0.640332834815521,261
Stroke,22,61,CSA,0.01,0.933379950982712,261
Stroke,22,61,AMR,0.01,0.886750000459207,261
Stroke,22,61,MELD_lambda0_afproj,0.1,0.945542801884914,261
Stroke,22,61,MELD_lambda0_reportN,0.1,0.945154138563252,261
Stroke,22,61,MELD_lambda0_equal,0.1,0.946458264399319,261
Stroke,22,61,MELD_lambda1_afproj,0.1,0.944231995899316,261
Stroke,22,61,EUR,0.1,0.930078380384104,261
Stroke,22,61,EAS,0.1,0.911674921882468,261
Stroke,22,61,AFR,0.1,0.732290111732783,261
Stroke,22,61,CSA,0.1,0.946018044115478,261
Stroke,22,61,AMR,0.1,0.913799110909651,261
Stroke,22,63,MELD_lambda0_afproj,0.001,0.902344024268877,50
Stroke,22,63,MELD_lambda0_reportN,0.001,0.905088846581532,50
Stroke,22,63,MELD_lambda0_equal,0.001,0.921458308892132,50
Stroke,22,63,MELD_lambda1_afproj,0.001,0.912521401640306,50
Stroke,22,63,EUR,0.001,0.884459961229387,50
Stroke,22,63,EAS,0.001,0.894921633948712,50
Stroke,22,63,AFR,0.001,0.843531772280131,50
Stroke,22,63,CSA,0.001,0.726248365569592,50
Stroke,22,63,AMR,0.001,0.764472740857555,50
Stroke,22,63,MELD_lambda0_afproj,0.01,0.909126441108722,50
Stroke,22,63,MELD_lambda0_reportN,0.01,0.909525814987136,50
Stroke,22,63,MELD_lambda0_equal,0.01,0.921153586274021,50
Stroke,22,63,MELD_lambda1_afproj,0.01,0.917975180380401,50
Stroke,22,63,EUR,0.01,0.899419932964488,50
Stroke,22,63,EAS,0.01,0.900976021844971,50
Stroke,22,63,AFR,0.01,0.849356551610504,50
Stroke,22,63,CSA,0.01,0.80550442130461,50
Stroke,22,63,AMR,0.01,0.777565217720062,50
Stroke,22,63,MELD_lambda0_afproj,0.1,0.919766423248514,50
Stroke,22,63,MELD_lambda0_reportN,0.1,0.918677623028768,50
Stroke,22,63,MELD_lambda0_equal,0.1,0.91854792393701,50
Stroke,22,63,MELD_lambda1_afproj,0.1,0.926320888841018,50
Stroke,22,63,EUR,0.1,0.916003745250329,50
Stroke,22,63,EAS,0.1,0.904884701699727,50
Stroke,22,63,AFR,0.1,0.870730663254702,50
Stroke,22,63,CSA,0.1,0.876110057313155,50
Stroke,22,63,AMR,0.1,0.827432418488294,50
Stroke,22,64,MELD_lambda0_afproj,0.001,0.885276862006129,170
Stroke,22,64,MELD_lambda0_reportN,0.001,0.884174335767744,170
Stroke,22,64,MELD_lambda0_equal,0.001,0.838195632370755,170
Stroke,22,64,MELD_lambda1_afproj,0.001,0.886538707321994,170
Stroke,22,64,EUR,0.001,0.854863445126871,170
Stroke,22,64,EAS,0.001,0.718990922669929,170
Stroke,22,64,AFR,0.001,0.460902185974016,170
Stroke,22,64,CSA,0.001,0.783489185378342,170
Stroke,22,64,AMR,0.001,0.675262806090933,170
Stroke,22,64,MELD_lambda0_afproj,0.01,0.894867041333855,170
Stroke,22,64,MELD_lambda0_reportN,0.01,0.89366216300104,170
Stroke,22,64,MELD_lambda0_equal,0.01,0.847987520717416,170
Stroke,22,64,MELD_lambda1_afproj,0.01,0.893931262403042,170
Stroke,22,64,EUR,0.01,0.871206819374938,170
Stroke,22,64,EAS,0.01,0.801283174812951,170
Stroke,22,64,AFR,0.01,0.505696443535968,170
Stroke,22,64,CSA,0.01,0.824273434507125,170
Stroke,22,64,AMR,0.01,0.795618468047519,170
Stroke,22,64,MELD_lambda0_afproj,0.1,0.868084313234546,170
Stroke,22,64,MELD_lambda0_reportN,0.1,0.86895890767591,170
Stroke,22,64,MELD_lambda0_equal,0.1,0.841094522360359,170
Stroke,22,64,MELD_lambda1_afproj,0.1,0.864077094154516,170
Stroke,22,64,EUR,0.1,0.844509723965416,170
Stroke,22,64,EAS,0.1,0.820140386420066,170
Stroke,22,64,AFR,0.1,0.561948009839549,170
Stroke,22,64,CSA,0.1,0.807492927677906,170
Stroke,22,64,AMR,0.1,0.807922516195484,170
Stroke,22,65,MELD_lambda0_afproj,0.001,0.688369419030871,40
Stroke,22,65,MELD_lambda0_reportN,0.001,0.685616338027224,40
Stroke,22,65,MELD_lambda0_equal,0.001,0.634786008187799,40
Stroke,22,65,MELD_lambda1_afproj,0.001,0.698477914003577,40
Stroke,22,65,EUR,0.001,0.758047946015643,40
Stroke,22,65,EAS,0.001,0.593207486102152,40
Stroke,22,65,AFR,0.001,0.636963037137257,40
Stroke,22,65,CSA,0.001,0.605526692988958,40
Stroke,22,65,AMR,0.001,0.691703313080803,40
Stroke,22,65,MELD_lambda0_afproj,0.01,0.711581738935493,40
Stroke,22,65,MELD_lambda0_reportN,0.01,0.710088682563951,40
Stroke,22,65,MELD_lambda0_equal,0.01,0.648754722125284,40
Stroke,22,65,MELD_lambda1_afproj,0.01,0.717491586496608,40
Stroke,22,65,EUR,0.01,0.763177680486713,40
Stroke,22,65,EAS,0.01,0.602168616059223,40
Stroke,22,65,AFR,0.01,0.64817858171933,40
Stroke,22,65,CSA,0.01,0.640361159768843,40
Stroke,22,65,AMR,0.01,0.707422965933916,40
Stroke,22,65,MELD_lambda0_afproj,0.1,0.732134557188367,40
Stroke,22,65,MELD_lambda0_reportN,0.1,0.732162937228378,40
Stroke,22,65,MELD_lambda0_equal,0.1,0.672891460933758,40
Stroke,22,65,MELD_lambda1_afproj,0.1,0.735198480849896,40
Stroke,22,65,EUR,0.1,0.774711028416931,40
Stroke,22,65,EAS,0.1,0.619173094919356,40
Stroke,22,65,AFR,0.1,0.652430375468238,40
Stroke,22,65,CSA,0.1,0.646591916378897,40
Stroke,22,65,AMR,0.1,0.742942373785865,40
Stroke,22,66,MELD_lambda0_afproj,0.001,0.924980852390212,189
Stroke,22,66,MELD_lambda0_reportN,0.001,0.928820901912694,189
Stroke,22,66,MELD_lambda0_equal,0.001,0.924286171426164,189
Stroke,22,66,MELD_lambda1_afproj,0.001,0.931809221080027,189
Stroke,22,66,EUR,0.001,0.866111443145234,189
Stroke,22,66,EAS,0.001,0.792864681403925,189
Stroke,22,66,AFR,0.001,0.687358917980602,189
Stroke,22,66,CSA,0.001,0.82105822980898,189
Stroke,22,66,AMR,0.001,0.880105894595863,189
Stroke,22,66,MELD_lambda0_afproj,0.01,0.934127251807072,189
Stroke,22,66,MELD_lambda0_reportN,0.01,0.937366352318661,189
Stroke,22,66,MELD_lambda0_equal,0.01,0.928145190851636,189
Stroke,22,66,MELD_lambda1_afproj,0.01,0.939350394921674,189
Stroke,22,66,EUR,0.01,0.916434216642945,189
Stroke,22,66,EAS,0.01,0.789579790193194,189
Stroke,22,66,AFR,0.01,0.717483751134168,189
Stroke,22,66,CSA,0.01,0.862705789760895,189
Stroke,22,66,AMR,0.01,0.913483487945181,189
Stroke,22,66,MELD_lambda0_afproj,0.1,0.938303897669485,189
Stroke,22,66,MELD_lambda0_reportN,0.1,0.940005600075165,189
Stroke,22,66,MELD_lambda0_equal,0.1,0.924774676227108,189
Stroke,22,66,MELD_lambda1_afproj,0.1,0.940511430900116,189
Stroke,22,66,EUR,0.1,0.931466934402174,189
Stroke,22,66,EAS,0.1,0.779213008210377,189
Stroke,22,66,AFR,0.1,0.754483468565693,189
Stroke,22,66,CSA,0.1,0.895782338609395,189
Stroke,22,66,AMR,0.1,0.906772625248774,189
Stroke,22,67,MELD_lambda0_afproj,0.001,0.898481104206907,182
Stroke,22,67,MELD_lambda0_reportN,0.001,0.900402348772257,182
Stroke,22,67,MELD_lambda0_equal,0.001,0.908802635172612,182
Stroke,22,67,MELD_lambda1_afproj,0.001,0.896344302336907,182
Stroke,22,67,EUR,0.001,0.725200397079256,182
Stroke,22,67,EAS,0.001,0.760771948111129,182
Stroke,22,67,AFR,0.001,0.681410250513374,182
Stroke,22,67,CSA,0.001,0.779401861587777,182
Stroke,22,67,AMR,0.001,0.745892204913754,182
Stroke,22,67,MELD_lambda0_afproj,0.01,0.899607470125988,182
Stroke,22,67,MELD_lambda0_reportN,0.01,0.900815445905512,182
Stroke,22,67,MELD_lambda0_equal,0.01,0.908011307627339,182
Stroke,22,67,MELD_lambda1_afproj,0.01,0.894486688525372,182
Stroke,22,67,EUR,0.01,0.774472824781523,182
Stroke,22,67,EAS,0.01,0.789252080482381,182
Stroke,22,67,AFR,0.01,0.718702611114306,182
Stroke,22,67,CSA,0.01,0.820083417569562,182
Stroke,22,67,AMR,0.01,0.795014546722873,182
Stroke,22,67,MELD_lambda0_afproj,0.1,0.887019959755706,182
Stroke,22,67,MELD_lambda0_reportN,0.1,0.887208972992511,182
Stroke,22,67,MELD_lambda0_equal,0.1,0.89921342032168,182
Stroke,22,67,MELD_lambda1_afproj,0.1,0.876761818862452,182
Stroke,22,67,EUR,0.1,0.817796788942994,182
Stroke,22,67,EAS,0.1,0.82038946132067,182
Stroke,22,67,AFR,0.1,0.76534554517529,182
Stroke,22,67,CSA,0.1,0.848043568799195,182
Stroke,22,67,AMR,0.1,0.816354416805165,182
Stroke,22,68,MELD_lambda0_afproj,0.001,0.948344694414626,120
Stroke,22,68,MELD_lambda0_reportN,0.001,0.948807753416603,120
Stroke,22,68,MELD_lambda0_equal,0.001,0.920551830323345,120
Stroke,22,68,MELD_lambda1_afproj,0.001,0.948297965866813,120
Stroke,22,68,EUR,0.001,0.918935996864934,120
Stroke,22,68,EAS,0.001,0.790623073266593,120
Stroke,22,68,AFR,0.001,0.735011386449569,120
Stroke,22,68,CSA,0.001,0.749183166323444,120
Stroke,22,68,AMR,0.001,0.857070164037345,120
Stroke,22,68,MELD_lambda0_afproj,0.01,0.949738809488497,120
Stroke,22,68,MELD_lambda0_reportN,0.01,0.950431487898773,120
Stroke,22,68,MELD_lambda0_equal,0.01,0.918795540090981,120
Stroke,22,68,MELD_lambda1_afproj,0.01,0.949625162927072,120
Stroke,22,68,EUR,0.01,0.923606051701283,120
Stroke,22,68,EAS,0.01,0.837138293411672,120
Stroke,22,68,AFR,0.01,0.743209061728853,120
Stroke,22,68,CSA,0.01,0.788414506406499,120
Stroke,22,68,AMR,0.01,0.89753381198718,120
Stroke,22,68,MELD_lambda0_afproj,0.1,0.935103812294174,120
Stroke,22,68,MELD_lambda0_reportN,0.1,0.935335548707659,120
Stroke,22,68,MELD_lambda0_equal,0.1,0.903728926166443,120
Stroke,22,68,MELD_lambda1_afproj,0.1,0.933396513990553,120
Stroke,22,68,EUR,0.1,0.923018448877493,120
Stroke,22,68,EAS,0.1,0.866679495700331,120
Stroke,22,68,AFR,0.1,0.757784919766086,120
Stroke,22,68,CSA,0.1,0.82858973671517,120
Stroke,22,68,AMR,0.1,0.871200279053643,120
Stroke,22,70,MELD_lambda0_afproj,0.001,0.924775501016965,177
Stroke,22,70,MELD_lambda0_reportN,0.001,0.922244849194446,177
Stroke,22,70,MELD_lambda0_equal,0.001,0.911608071580647,177
Stroke,22,70,MELD_lambda1_afproj,0.001,0.921975159096087,177
Stroke,22,70,EUR,0.001,0.901197654243584,177
Stroke,22,70,EAS,0.001,0.790442952007887,177
Stroke,22,70,AFR,0.001,0.659158553047097,177
Stroke,22,70,CSA,0.001,0.895732487761335,177
Stroke,22,70,AMR,0.001,0.866101846493705,177
Stroke,22,70,MELD_lambda0_afproj,0.01,0.92664025378846,177
Stroke,22,70,MELD_lambda0_reportN,0.01,0.924481218642052,177
Stroke,22,70,MELD_lambda0_equal,0.01,0.917237484391521,177
Stroke,22,70,MELD_lambda1_afproj,0.01,0.924713464623268,177
Stroke,22,70,EUR,0.01,0.913674035963454,177
Stroke,22,70,EAS,0.01,0.892296649759698,177
Stroke,22,70,AFR,0.01,0.698366624294991,177
Stroke,22,70,CSA,0.01,0.912365386118264,177
Stroke,22,70,AMR,0.01,0.920493564568918,177
Stroke,22,70,MELD_lambda0_afproj,0.1,0.914109994924021,177
Stroke,22,70,MELD_lambda0_reportN,0.1,0.912580590562667,177
Stroke,22,70,MELD_lambda0_equal,0.1,0.916776497612001,177
Stroke,22,70,MELD_lambda1_afproj,0.1,0.912100561731222,177
Stroke,22,70,EUR,0.1,0.893955250173431,177
Stroke,22,70,EAS,0.1,0.900078371782292,177
Stroke,22,70,AFR,0.1,0.735996872784759,177
Stroke,22,70,CSA,0.1,0.906459157043601,177
Stroke,22,70,AMR,0.1,0.928134223748649,177
Stroke,22,71,MELD_lambda0_afproj,0.001,0.789655379008757,142
Stroke,22,71,MELD_lambda0_reportN,0.001,0.78447519874646,142
Stroke,22,71,MELD_lambda0_equal,0.001,0.765845668486915,142
Stroke,22,71,MELD_lambda1_afproj,0.001,0.788635483163409,142
Stroke,22,71,EUR,0.001,0.6867588495584,142
Stroke,22,71,EAS,0.001,0.640330962009073,142
Stroke,22,71,AFR,0.001,0.465100232212526,142
Stroke,22,71,CSA,0.001,0.719569236568247,142
Stroke,22,71,AMR,0.001,0.525288062747333,142
Stroke,22,71,MELD_lambda0_afproj,0.01,0.785577951801322,142
Stroke,22,71,MELD_lambda0_reportN,0.01,0.783842190281105,142
Stroke,22,71,MELD_lambda0_equal,0.01,0.769529788245893,142
Stroke,22,71,MELD_lambda1_afproj,0.01,0.783306412293657,142
Stroke,22,71,EUR,0.01,0.741680839773942,142
Stroke,22,71,EAS,0.01,0.706665528617497,142
Stroke,22,71,AFR,0.01,0.511434651737195,142
Stroke,22,71,CSA,0.01,0.736191241120649,142
Stroke,22,71,AMR,0.01,0.596357239795873,142
Stroke,22,71,MELD_lambda0_afproj,0.1,0.766653734218004,142
Stroke,22,71,MELD_lambda0_reportN,0.1,0.76650818359499,142
Stroke,22,71,MELD_lambda0_equal,0.1,0.765109885518961,142
Stroke,22,71,MELD_lambda1_afproj,0.1,0.760794710631392,142
Stroke,22,71,EUR,0.1,0.71917170750304,142
Stroke,22,71,EAS,0.1,0.730001740513917,142
Stroke,22,71,AFR,0.1,0.54655647057693,142
Stroke,22,71,CSA,0.1,0.720655821196839,142
Stroke,22,71,AMR,0.1,0.667977446839526,142
Stroke,22,72,MELD_lambda0_afproj,0.001,0.597095388302665,53
Stroke,22,72,MELD_lambda0_reportN,0.001,0.603180529954896,53
Stroke,22,72,MELD_lambda0_equal,0.001,0.676938368276576,53
Stroke,22,72,MELD_lambda1_afproj,0.001,0.617304263679721,53
Stroke,22,72,EUR,0.001,0.590112069490436,53
Stroke,22,72,EAS,0.001,0.601698138042284,53
Stroke,22,72,AFR,0.001,0.627678555577497,53
Stroke,22,72,CSA,0.001,0.579811507353035,53
Stroke,22,72,AMR,0.001,0.748027990941383,53
Stroke,22,72,MELD_lambda0_afproj,0.01,0.615075147155627,53
Stroke,22,72,MELD_lambda0_reportN,0.01,0.619409390626672,53
Stroke,22,72,MELD_lambda0_equal,0.01,0.679178845486482,53
Stroke,22,72,MELD_lambda1_afproj,0.01,0.635285876302129,53
Stroke,22,72,EUR,0.01,0.610174035169165,53
Stroke,22,72,EAS,0.01,0.587629399795489,53
Stroke,22,72,AFR,0.01,0.631843754072051,53
Stroke,22,72,CSA,0.01,0.604826404939301,53
Stroke,22,72,AMR,0.01,0.747501651440104,53
Stroke,22,72,MELD_lambda0_afproj,0.1,0.662757444868263,53
Stroke,22,72,MELD_lambda0_reportN,0.1,0.66514369549604,53
Stroke,22,72,MELD_lambda0_equal,0.1,0.684468364886392,53
Stroke,22,72,MELD_lambda1_afproj,0.1,0.67866636371233,53
Stroke,22,72,EUR,0.1,0.65638090429857,53
Stroke,22,72,EAS,0.1,0.601200609687346,53
Stroke,22,72,AFR,0.1,0.638965596839361,53
Stroke,22,72,CSA,0.1,0.642538845459917,53
Stroke,22,72,AMR,0.1,0.732113440223554,53
Stroke,22,74,MELD_lambda0_afproj,0.001,0.913090571451775,342
Stroke,22,74,MELD_lambda0_reportN,0.001,0.914373985994449,342
Stroke,22,74,MELD_lambda0_equal,0.001,0.891649545258354,342
Stroke,22,74,MELD_lambda1_afproj,0.001,0.918476795969393,342
Stroke,22,74,EUR,0.001,0.804883484959623,342
Stroke,22,74,EAS,0.001,0.80614856646952,342
Stroke,22,74,AFR,0.001,0.49717596102871,342
Stroke,22,74,CSA,0.001,0.842731961948999,342
Stroke,22,74,AMR,0.001,0.686858031480045,342
Stroke,22,74,MELD_lambda0_afproj,0.01,0.914820378733771,342
Stroke,22,74,MELD_lambda0_reportN,0.01,0.915449166334361,342
Stroke,22,74,MELD_lambda0_equal,0.01,0.892440190770494,342
Stroke,22,74,MELD_lambda1_afproj,0.01,0.920195119704376,342
Stroke,22,74,EUR,0.01,0.87679913828616,342
Stroke,22,74,EAS,0.01,0.807095919043979,342
Stroke,22,74,AFR,0.01,0.592496799393546,342
Stroke,22,74,CSA,0.01,0.864391297635106,342
Stroke,22,74,AMR,0.01,0.766382232936401,342
Stroke,22,74,MELD_lambda0_afproj,0.1,0.89924422066559,342
Stroke,22,74,MELD_lambda0_reportN,0.1,0.899676044448018,342
Stroke,22,74,MELD_lambda0_equal,0.1,0.884293760160916,342
Stroke,22,74,MELD_lambda1_afproj,0.1,0.903613680293725,342
Stroke,22,74,EUR,0.1,0.881923119300709,342
Stroke,22,74,EAS,0.1,0.788654214698723,342
Stroke,22,74,AFR,0.1,0.632655905740826,342
Stroke,22,74,CSA,0.1,0.852361280369479,342
Stroke,22,74,AMR,0.1,0.767068568529205,342
VTE,22,1,MELD_lambda0_afproj,0.001,0.661018953509656,70
VTE,22,1,MELD_lambda0_reportN,0.001,0.684183185712256,70
VTE,22,1,MELD_lambda0_equal,0.001,0.765228049129002,70
VTE,22,1,MELD_lambda1_afproj,0.001,0.658205191631886,70
VTE,22,1,EUR,0.001,0.460450198221194,70
VTE,22,1,EAS,0.001,0.70767267938443,70
VTE,22,1,AFR,0.001,0.540031509098158,70
VTE,22,1,CSA,0.001,0.813528728189037,70
VTE,22,1,AMR,0.001,0.568861860254119,70
VTE,22,1,MELD_lambda0_afproj,0.01,0.702767308953766,70
VTE,22,1,MELD_lambda0_reportN,0.01,0.704232098989773,70
VTE,22,1,MELD_lambda0_equal,0.01,0.757038168983749,70
VTE,22,1,MELD_lambda1_afproj,0.01,0.700577581750539,70
VTE,22,1,EUR,0.01,0.632227174580301,70
VTE,22,1,EAS,0.01,0.78164976061055,70
VTE,22,1,AFR,0.01,0.521139483177903,70
VTE,22,1,CSA,0.01,0.855449145896793,70
VTE,22,1,AMR,0.01,0.65737906133617,70
VTE,22,1,MELD_lambda0_afproj,0.1,0.749056381786978,70
VTE,22,1,MELD_lambda0_reportN,0.1,0.742699172521317,70
VTE,22,1,MELD_lambda0_equal,0.1,0.746750085571323,70
VTE,22,1,MELD_lambda1_afproj,0.1,0.7497377747089,70
VTE,22,1,EUR,0.1,0.735105853876763,70
VTE,22,1,EAS,0.1,0.835966994481267,70
VTE,22,1,AFR,0.1,0.510759352052776,70
VTE,22,1,CSA,0.1,0.838669984251627,70
VTE,22,1,AMR,0.1,0.674723916214377,70
VTE,22,2,MELD_lambda0_afproj,0.001,0.821150068239309,38
VTE,22,2,MELD_lambda0_reportN,0.001,0.830166873312099,38
VTE,22,2,MELD_lambda0_equal,0.001,0.83650359441624,38
VTE,22,2,MELD_lambda1_afproj,0.001,0.81507049625703,38
VTE,22,2,EUR,0.001,0.76296304784382,38
VTE,22,2,EAS,0.001,0.548202999567139,38
VTE,22,2,AFR,0.001,0.581178779351361,38
VTE,22,2,CSA,0.001,0.821722345253807,38
VTE,22,2,AMR,0.001,0.903392940047438,38
VTE,22,2,MELD_lambda0_afproj,0.01,0.80521301628912,38
VTE,22,2,MELD_lambda0_reportN,0.01,0.814109365091346,38
VTE,22,2,MELD_lambda0_equal,0.01,0.839273559397982,38
VTE,22,2,MELD_lambda1_afproj,0.01,0.803545465790551,38
VTE,22,2,EUR,0.01,0.751858730217197,38
VTE,22,2,EAS,0.01,0.483425981936796,38
VTE,22,2,AFR,0.01,0.577434287778925,38
VTE,22,2,CSA,0.01,0.830358852893118,38
VTE,22,2,AMR,0.01,0.883592939749321,38
VTE,22,2,MELD_lambda0_afproj,0.1,0.776690699700716,38
VTE,22,2,MELD_lambda0_reportN,0.1,0.784852675056094,38
VTE,22,2,MELD_lambda0_equal,0.1,0.803718009538619,38
VTE,22,2,MELD_lambda1_afproj,0.1,0.770512837648265,38
VTE,22,2,EUR,0.1,0.735492467622862,38
VTE,22,2,EAS,0.1,0.549674865342718,38
VTE,22,2,AFR,0.1,0.552199642847702,38
VTE,22,2,CSA,0.1,0.767456367564216,38
VTE,22,2,AMR,0.1,0.763884339661544,38
VTE,22,4,MELD_lambda0_afproj,0.001,0.794963582856637,157
VTE,22,4,MELD_lambda0_reportN,0.001,0.799685708965026,157
VTE,22,4,MELD_lambda0_equal,0.001,0.763364373677154,157
VTE,22,4,MELD_lambda1_afproj,0.001,0.805802991055572,157
VTE,22,4,EUR,0.001,0.759327986451878,157
VTE,22,4,EAS,0.001,0.388441622375777,157
VTE,22,4,AFR,0.001,0.369613025273711,157
VTE,22,4,CSA,0.001,0.529867047781007,157
VTE,22,4,AMR,0.001,0.609862289626085,157
VTE,22,4,MELD_lambda0_afproj,0.01,0.808354522860425,157
VTE,22,4,MELD_lambda0_reportN,0.01,0.80863178750592,157
VTE,22,4,MELD_lambda0_equal,0.01,0.761675228761726,157
VTE,22,4,MELD_lambda1_afproj,0.01,0.817456859448129,157
VTE,22,4,EUR,0.01,0.793573517319322,157
VTE,22,4,EAS,0.01,0.480696134105176,157
VTE,22,4,AFR,0.01,0.550486909745417,157
VTE,22,4,CSA,0.01,0.66009701008541,157
VTE,22,4,AMR,0.01,0.667492123522475,157
VTE,22,4,MELD_lambda0_afproj,0.1,0.804770802377661,157
VTE,22,4,MELD_lambda0_reportN,0.1,0.802920289064676,157
VTE,22,4,MELD_lambda0_equal,0.1,0.739899153353704,157
VTE,22,4,MELD_lambda1_afproj,0.1,0.812937172675417,157
VTE,22,4,EUR,0.1,0.799414027777023,157
VTE,22,4,EAS,0.1,0.484368172594511,157
VTE,22,4,AFR,0.1,0.511540538305983,157
VTE,22,4,CSA,0.1,0.716449164870669,157
VTE,22,4,AMR,0.1,0.682523139756196,157
VTE,22,5,MELD_lambda0_afproj,0.001,0.925651660664557,86
VTE,22,5,MELD_lambda0_reportN,0.001,0.927954860790341,86
VTE,22,5,MELD_lambda0_equal,0.001,0.937925740660269,86
VTE,22,5,MELD_lambda1_afproj,0.001,0.918942895226018,86
VTE,22,5,EUR,0.001,0.94185638280829,86
VTE,22,5,EAS,0.001,0.92605098221957,86
VTE,22,5,AFR,0.001,0.779837713058057,86
VTE,22,5,CSA,0.001,0.925837708590367,86
VTE,22,5,AMR,0.001,0.882686408663061,86
VTE,22,5,MELD_lambda0_afproj,0.01,0.946658204793695,86
VTE,22,5,MELD_lambda0_reportN,0.01,0.94767453374716,86
VTE,22,5,MELD_lambda0_equal,0.01,0.940027490769035,86
VTE,22,5,MELD_lambda1_afproj,0.01,0.942989728433403,86
VTE,22,5,EUR,0.01,0.946429835425701,86
VTE,22,5,EAS,0.01,0.928456353658572,86
VTE,22,5,AFR,0.01,0.773720713643425,86
VTE,22,5,CSA,0.01,0.950193478372435,86
VTE,22,5,AMR,0.01,0.902701993295464,86
VTE,22,5,MELD_lambda0_afproj,0.1,0.95399543307615,86
VTE,22,5,MELD_lambda0_reportN,0.1,0.954092013130036,86
VTE,22,5,MELD_lambda0_equal,0.1,0.933797381790794,86
VTE,22,5,MELD_lambda1_afproj,0.1,0.950437865804669,86
VTE,22,5,EUR,0.1,0.951257284099027,86
VTE,22,5,EAS,0.1,0.914373440850406,86
VTE,22,5,AFR,0.1,0.780296521604037,86
VTE,22,5,CSA,0.1,0.947385684878167,86
VTE,22,5,AMR,0.1,0.910463801395714,86
VTE,22,7,MELD_lambda0_afproj,0.001,0.908721577441128,282
VTE,22,7,MELD_lambda0_reportN,0.001,0.89952947757673,282
VTE,22,7,MELD_lambda0_equal,0.001,0.902623869084745,282
VTE,22,7,MELD_lambda1_afproj,0.001,0.922757902426099,282
VTE,22,7,EUR,0.001,0.918376851085614,282
VTE,22,7,EAS,0.001,0.756359172506741,282
VTE,22,7,AFR,0.001,0.739981299101487,282
VTE,22,7,CSA,0.001,0.88811824343852,282
VTE,22,7,AMR,0.001,0.863079286307479,282
VTE,22,7,MELD_lambda0_afproj,0.01,0.914874764806649,282
VTE,22,7,MELD_lambda0_reportN,0.01,0.91109382125729,282
VTE,22,7,MELD_lambda0_equal,0.01,0.90913970810221,282
VTE,22,7,MELD_lambda1_afproj,0.01,0.92279181743553,282
VTE,22,7,EUR,0.01,0.915254734559496,282
VTE,22,7,EAS,0.01,0.838925876116783,282
VTE,22,7,AFR,0.01,0.817466823073698,282
VTE,22,7,CSA,0.01,0.91112708096306,282
VTE,22,7,AMR,0.01,0.92272011859989,282
VTE,22,7,MELD_lambda0_afproj,0.1,0.903024105479397,282
VTE,22,7,MELD_lambda0_reportN,0.1,0.901888704447816,282
VTE,22,7,MELD_lambda0_equal,0.1,0.908945772639616,282
VTE,22,7,MELD_lambda1_afproj,0.1,0.906383751005719,282
VTE,22,7,EUR,0.1,0.899270790814069,282
VTE,22,7,EAS,0.1,0.840297131632933,282
VTE,22,7,AFR,0.1,0.806586393418888,282
VTE,22,7,CSA,0.1,0.91698331648939,282
VTE,22,7,AMR,0.1,0.913398342635701,282
VTE,22,8,MELD_lambda0_afproj,0.001,0.771662923817711,88
VTE,22,8,MELD_lambda0_reportN,0.001,0.77312780369351,88
VTE,22,8,MELD_lambda0_equal,0.001,0.722485006402727,88
VTE,22,8,MELD_lambda1_afproj,0.001,0.7739107155638,88
VTE,22,8,EUR,0.001,0.760850027827837,88
VTE,22,8,EAS,0.001,0.387007450458693,88
VTE,22,8,AFR,0.001,0.241598121122487,88
VTE,22,8,CSA,0.001,0.723506384045508,88
VTE,22,8,AMR,0.001,0.769814370563515,88
VTE,22,8,MELD_lambda0_afproj,0.01,0.799909875799678,88
VTE,22,8,MELD_lambda0_reportN,0.01,0.798987471100834,88
VTE,22,8,MELD_lambda0_equal,0.01,0.734355706779109,88
VTE,22,8,MELD_lambda1_afproj,0.01,0.801469382071663,88
VTE,22,8,EUR,0.01,0.813453865500822,88
VTE,22,8,EAS,0.01,0.434693110696183,88
VTE,22,8,AFR,0.01,0.263204341838954,88
VTE,22,8,CSA,0.01,0.782587552180706,88
VTE,22,8,AMR,0.01,0.814350981377054,88
VTE,22,8,MELD_lambda0_afproj,0.1,0.783651077356492,88
VTE,22,8,MELD_lambda0_reportN,0.1,0.780731776985432,88
VTE,22,8,MELD_lambda0_equal,0.1,0.744942039217329,88
VTE,22,8,MELD_lambda1_afproj,0.1,0.785692711446848,88
VTE,22,8,EUR,0.1,0.798348393472466,88
VTE,22,8,EAS,0.1,0.504939545749137,88
VTE,22,8,AFR,0.1,0.348288914663638,88
VTE,22,8,CSA,0.1,0.814442639126748,88
VTE,22,8,AMR,0.1,0.808429599239072,88
VTE,22,10,MELD_lambda0_afproj,0.001,0.89904414158252,194
VTE,22,10,MELD_lambda0_reportN,0.001,0.903887705589618,194
VTE,22,10,MELD_lambda0_equal,0.001,0.919577288191208,194
VTE,22,10,MELD_lambda1_afproj,0.001,0.900854030832619,194
VTE,22,10,EUR,0.001,0.869834373733215,194
VTE,22,10,EAS,0.001,0.780105099144791,194
VTE,22,10,AFR,0.001,0.630617331962706,194
VTE,22,10,CSA,0.001,0.903651457464194,194
VTE,22,10,AMR,0.001,0.848375036135068,194
VTE,22,10,MELD_lambda0_afproj,0.01,0.949475282349779,194
VTE,22,10,MELD_lambda0_reportN,0.01,0.950855175652555,194
VTE,22,10,MELD_lambda0_equal,0.01,0.923935660378915,194
VTE,22,10,MELD_lambda1_afproj,0.01,0.948947443828538,194
VTE,22,10,EUR,0.01,0.945576216562153,194
VTE,22,10,EAS,0.01,0.846011979993715,194
VTE,22,10,AFR,0.01,0.643088599820547,194
VTE,22,10,CSA,0.01,0.931465040047438,194
VTE,22,10,AMR,0.01,0.895539000668589,194
VTE,22,10,MELD_lambda0_afproj,0.1,0.936286812378271,194
VTE,22,10,MELD_lambda0_reportN,0.1,0.936760871975432,194
VTE,22,10,MELD_lambda0_equal,0.1,0.911094352447649,194
VTE,22,10,MELD_lambda1_afproj,0.1,0.936054707987238,194
VTE,22,10,EUR,0.1,0.938506811956838,194
VTE,22,10,EAS,0.1,0.816485278345431,194
VTE,22,10,AFR,0.1,0.649347015164437,194
VTE,22,10,CSA,0.1,0.892185442623887,194
VTE,22,10,AMR,0.1,0.858582850592667,194
VTE,22,11,MELD_lambda0_afproj,0.001,0.977074889517923,123
VTE,22,11,MELD_lambda0_reportN,0.001,0.975233484931902,123
VTE,22,11,MELD_lambda0_equal,0.001,0.969277587185656,123
VTE,22,11,MELD_lambda1_afproj,0.001,0.977599914173026,123
VTE,22,11,EUR,0.001,0.970355094221585,123
VTE,22,11,EAS,0.001,0.822770093597468,123
VTE,22,11,AFR,0.001,0.75311607804468,123
VTE,22,11,CSA,0.001,0.943148393715485,123
VTE,22,11,AMR,0.001,0.947013340431718,123
VTE,22,11,MELD_lambda0_afproj,0.01,0.979253521293903,123
VTE,22,11,MELD_lambda0_reportN,0.01,0.97903264619614,123
VTE,22,11,MELD_lambda0_equal,0.01,0.973009296247426,123
VTE,22,11,MELD_lambda1_afproj,0.01,0.979439448349078,123
VTE,22,11,EUR,0.01,0.975841842652167,123
VTE,22,11,EAS,0.01,0.915709394041518,123
VTE,22,11,AFR,0.01,0.906581075264661,123
VTE,22,11,CSA,0.01,0.968865951274619,123
VTE,22,11,AMR,0.01,0.97010908007645,123
VTE,22,11,MELD_lambda0_afproj,0.1,0.972557624892099,123
VTE,22,11,MELD_lambda0_reportN,0.1,0.972873786203471,123
VTE,22,11,MELD_lambda0_equal,0.1,0.969151634483463,123
VTE,22,11,MELD_lambda1_afproj,0.1,0.972705151796671,123
VTE,22,11,EUR,0.1,0.968723611100467,123
VTE,22,11,EAS,0.1,0.942730738578954,123
VTE,22,11,AFR,0.1,0.917746827385097,123
VTE,22,11,CSA,0.1,0.955968783504769,123
VTE,22,11,AMR,0.1,0.964105944585015,123
VTE,22,12,MELD_lambda0_afproj,0.001,0.863218395013931,46
VTE,22,12,MELD_lambda0_reportN,0.001,0.861493670817959,46
VTE,22,12,MELD_lambda0_equal,0.001,0.865770502409963,46
VTE,22,12,MELD_lambda1_afproj,0.001,0.866781657843921,46
VTE,22,12,EUR,0.001,0.850887631712631,46
VTE,22,12,EAS,0.001,0.806821288281366,46
VTE,22,12,AFR,0.001,0.864801699228081,46
VTE,22,12,CSA,0.001,0.89523980306793,46
VTE,22,12,AMR,0.001,0.828767212302762,46
VTE,22,12,MELD_lambda0_afproj,0.01,0.861134128327122,46
VTE,22,12,MELD_lambda0_reportN,0.01,0.861187030368847,46
VTE,22,12,MELD_lambda0_equal,0.01,0.868697991125479,46
VTE,22,12,MELD_lambda1_afproj,0.01,0.864555156777098,46
VTE,22,12,EUR,0.01,0.863127647020063,46
VTE,22,12,EAS,0.01,0.849088206321128,46
VTE,22,12,AFR,0.01,0.895246928935056,46
VTE,22,12,CSA,0.01,0.890374206534184,46
VTE,22,12,AMR,0.01,0.84541641777351,46
VTE,22,12,MELD_lambda0_afproj,0.1,0.855701948361881,46
VTE,22,12,MELD_lambda0_reportN,0.1,0.855872715519382,46
VTE,22,12,MELD_lambda0_equal,0.1,0.871923130961519,46
VTE,22,12,MELD_lambda1_afproj,0.1,0.859476507484312,46
VTE,22,12,EUR,0.1,0.85199914588699,46
VTE,22,12,EAS,0.1,0.83952847424251,46
VTE,22,12,AFR,0.1,0.903195816068617,46
VTE,22,12,CSA,0.1,0.884799839622399,46
VTE,22,12,AMR,0.1,0.84756518475203,46
VTE,22,13,MELD_lambda0_afproj,0.001,0.94795716900159,91
VTE,22,13,MELD_lambda0_reportN,0.001,0.943892269535604,91
VTE,22,13,MELD_lambda0_equal,0.001,0.905361737186896,91
VTE,22,13,MELD_lambda1_afproj,0.001,0.948603665590028,91
VTE,22,13,EUR,0.001,0.934223030202657,91
VTE,22,13,EAS,0.001,0.634931004901478,91
VTE,22,13,AFR,0.001,0.831967890218547,91
VTE,22,13,CSA,0.001,0.916097309648736,91
VTE,22,13,AMR,0.001,0.905565239702231,91
VTE,22,13,MELD_lambda0_afproj,0.01,0.951009209905195,91
VTE,22,13,MELD_lambda0_reportN,0.01,0.950700903770634,91
VTE,22,13,MELD_lambda0_equal,0.01,0.902411915931699,91
VTE,22,13,MELD_lambda1_afproj,0.01,0.952309489115098,91
VTE,22,13,EUR,0.01,0.943958395366278,91
VTE,22,13,EAS,0.01,0.799492227809525,91
VTE,22,13,AFR,0.01,0.852793312897828,91
VTE,22,13,CSA,0.01,0.908444016530641,91
VTE,22,13,AMR,0.01,0.91827999915737,91
VTE,22,13,MELD_lambda0_afproj,0.1,0.944445357183259,91
VTE,22,13,MELD_lambda0_reportN,0.1,0.945115344311872,91
VTE,22,13,MELD_lambda0_equal,0.1,0.900691575680447,91
VTE,22,13,MELD_lambda1_afproj,0.1,0.946700220688,91
VTE,22,13,EUR,0.1,0.946065275348723,91
VTE,22,13,EAS,0.1,0.812392704957483,91
VTE,22,13,AFR,0.1,0.869506077713659,91
VTE,22,13,CSA,0.1,0.888956291746405,91
VTE,22,13,AMR,0.1,0.910239926095307,91
VTE,22,14,MELD_lambda0_afproj,0.001,0.850271512558669,65
VTE,22,14,MELD_lambda0_reportN,0.001,0.849643732727869,65
VTE,22,14,MELD_lambda0_equal,0.001,0.812471368391899,65
VTE,22,14,MELD_lambda1_afproj,0.001,0.851016361747307,65
VTE,22,14,EUR,0.001,0.900476946578825,65
VTE,22,14,EAS,0.001,0.708673236896366,65
VTE,22,14,AFR,0.001,0.642637148032067,65
VTE,22,14,CSA,0.001,0.898149496914491,65
VTE,22,14,AMR,0.001,0.911915986138911,65
VTE,22,14,MELD_lambda0_afproj,0.01,0.86378162905676,65
VTE,22,14,MELD_lambda0_reportN,0.01,0.86256415408121,65
VTE,22,14,MELD_lambda0_equal,0.01,0.844913909579161,65
VTE,22,14,MELD_lambda1_afproj,0.01,0.861548878171007,65
VTE,22,14,EUR,0.01,0.902597249909809,65
VTE,22,14,EAS,0.01,0.73091554368963,65
VTE,22,14,AFR,0.01,0.770331762009963,65
VTE,22,14,CSA,0.01,0.871125984036699,65
VTE,22,14,AMR,0.01,0.891731229872887,65
VTE,22,14,MELD_lambda0_afproj,0.1,0.859431768902397,65
VTE,22,14,MELD_lambda0_reportN,0.1,0.85353483314839,65
VTE,22,14,MELD_lambda0_equal,0.1,0.817992970332655,65
VTE,22,14,MELD_lambda1_afproj,0.1,0.852893712381075,65
VTE,22,14,EUR,0.1,0.898663736244848,65
VTE,22,14,EAS,0.1,0.710081594567927,65
VTE,22,14,AFR,0.1,0.760331740562071,65
VTE,22,14,CSA,0.1,0.84613565098479,65
VTE,22,14,AMR,0.1,0.845924241401051,65
VTE,22,16,MELD_lambda0_afproj,0.001,0.858727470278359,42
VTE,22,16,MELD_lambda0_reportN,0.001,0.859743616180267,42
VTE,22,16,MELD_lambda0_equal,0.001,0.759203774152565,42
VTE,22,16,MELD_lambda1_afproj,0.001,0.853292765548084,42
VTE,22,16,EUR,0.001,0.856262000962425,42
VTE,22,16,EAS,0.001,0.776675256579249,42
VTE,22,16,AFR,0.001,0.335381303045805,42
VTE,22,16,CSA,0.001,0.660960460013079,42
VTE,22,16,AMR,0.001,0.673312515931629,42
VTE,22,16,MELD_lambda0_afproj,0.01,0.862501034204101,42
VTE,22,16,MELD_lambda0_reportN,0.01,0.862654821582534,42
VTE,22,16,MELD_lambda0_equal,0.01,0.763914243288789,42
VTE,22,16,MELD_lambda1_afproj,0.01,0.856527542124136,42
VTE,22,16,EUR,0.01,0.853671153570907,42
VTE,22,16,EAS,0.01,0.811520605968511,42
VTE,22,16,AFR,0.01,0.350024568702097,42
VTE,22,16,CSA,0.01,0.657740524517925,42
VTE,22,16,AMR,0.01,0.686672252460874,42
VTE,22,16,MELD_lambda0_afproj,0.1,0.75645551039139,42
VTE,22,16,MELD_lambda0_reportN,0.1,0.731626267637816,42
VTE,22,16,MELD_lambda0_equal,0.1,0.713524767197401,42
VTE,22,16,MELD_lambda1_afproj,0.1,0.762631014417095,42
VTE,22,16,EUR,0.1,0.744565861108289,42
VTE,22,16,EAS,0.1,0.772895789820511,42
VTE,22,16,AFR,0.1,0.520715816584851,42
VTE,22,16,CSA,0.1,0.697086913590853,42
VTE,22,16,AMR,0.1,0.613822718568817,42
VTE,22,17,MELD_lambda0_afproj,0.001,0.937344584314236,88
VTE,22,17,MELD_lambda0_reportN,0.001,0.932680900841908,88
VTE,22,17,MELD_lambda0_equal,0.001,0.895052969133656,88
VTE,22,17,MELD_lambda1_afproj,0.001,0.941515088973802,88
VTE,22,17,EUR,0.001,0.92280636104461,88
VTE,22,17,EAS,0.001,0.620486076546458,88
VTE,22,17,AFR,0.001,0.705168440211518,88
VTE,22,17,CSA,0.001,0.918770801209308,88
VTE,22,17,AMR,0.001,0.813713481630686,88
VTE,22,17,MELD_lambda0_afproj,0.01,0.934087965703921,88
VTE,22,17,MELD_lambda0_reportN,0.01,0.932220994635701,88
VTE,22,17,MELD_lambda0_equal,0.01,0.901606637742417,88
VTE,22,17,MELD_lambda1_afproj,0.01,0.939606443571788,88
VTE,22,17,EUR,0.01,0.924483161575508,88
VTE,22,17,EAS,0.01,0.644648271867663,88
VTE,22,17,AFR,0.01,0.70954074857069,88
VTE,22,17,CSA,0.01,0.927080220376734,88
VTE,22,17,AMR,0.01,0.86708448060917,88
VTE,22,17,MELD_lambda0_afproj,0.1,0.935039600529455,88
VTE,22,17,MELD_lambda0_reportN,0.1,0.933971784102409,88
VTE,22,17,MELD_lambda0_equal,0.1,0.918540889712453,88
VTE,22,17,MELD_lambda1_afproj,0.1,0.943729897670706,88
VTE,22,17,EUR,0.1,0.931978367914077,88
VTE,22,17,EAS,0.1,0.646510982643146,88
VTE,22,17,AFR,0.1,0.760512403784855,88
VTE,22,17,CSA,0.1,0.923513025042786,88
VTE,22,17,AMR,0.1,0.917249522904552,88
VTE,22,19,MELD_lambda0_afproj,0.001,0.701795372793696,200
VTE,22,19,MELD_lambda0_reportN,0.001,0.715775524874405,200
VTE,22,19,MELD_lambda0_equal,0.001,0.684719345819225,200
VTE,22,19,MELD_lambda1_afproj,0.001,0.728739489282722,200
VTE,22,19,EUR,0.001,0.530755153759247,200
VTE,22,19,EAS,0.001,0.480892932647245,200
VTE,22,19,AFR,0.001,0.273346375152523,200
VTE,22,19,CSA,0.001,0.526860235523504,200
VTE,22,19,AMR,0.001,0.42373099034709,200
VTE,22,19,MELD_lambda0_afproj,0.01,0.763914119530916,200
VTE,22,19,MELD_lambda0_reportN,0.01,0.771591656175103,200
VTE,22,19,MELD_lambda0_equal,0.01,0.733064448452223,200
VTE,22,19,MELD_lambda1_afproj,0.01,0.776376420458214,200
VTE,22,19,EUR,0.01,0.708726686711045,200
VTE,22,19,EAS,0.01,0.618678316381805,200
VTE,22,19,AFR,0.01,0.338309035173165,200
VTE,22,19,CSA,0.01,0.672221272088737,200
VTE,22,19,AMR,0.01,0.635958993843087,200
VTE,22,19,MELD_lambda0_afproj,0.1,0.75429002269074,200
VTE,22,19,MELD_lambda0_reportN,0.1,0.759565477455074,200
VTE,22,19,MELD_lambda0_equal,0.1,0.741654618149689,200
VTE,22,19,MELD_lambda1_afproj,0.1,0.761514572641951,200
VTE,22,19,EUR,0.1,0.736995041846502,200
VTE,22,19,EAS,0.1,0.634916961441681,200
VTE,22,19,AFR,0.1,0.432921020653095,200
VTE,22,19,CSA,0.1,0.68752273545177,200
VTE,22,19,AMR,0.1,0.683965662620361,200
VTE,22,20,MELD_lambda0_afproj,0.001,0.896747884978348,91
VTE,22,20,MELD_lambda0_reportN,0.001,0.89609103108649,91
VTE,22,20,MELD_lambda0_equal,0.001,0.873941816327641,91
VTE,22,20,MELD_lambda1_afproj,0.001,0.899877635745601,91
VTE,22,20,EUR,0.001,0.899398879697985,91
VTE,22,20,EAS,0.001,0.839747220518947,91
VTE,22,20,AFR,0.001,0.84139307279873,91
VTE,22,20,CSA,0.001,0.826722924755711,91
VTE,22,20,AMR,0.001,0.850305976155635,91
VTE,22,20,MELD_lambda0_afproj,0.01,0.902266755003383,91
VTE,22,20,MELD_lambda0_reportN,0.01,0.903242184281241,91
VTE,22,20,MELD_lambda0_equal,0.01,0.879440705513087,91
VTE,22,20,MELD_lambda1_afproj,0.01,0.902848340445387,91
VTE,22,20,EUR,0.01,0.91236725317512,91
VTE,22,20,EAS,0.01,0.851433705503918,91
VTE,22,20,AFR,0.01,0.872185324402168,91
VTE,22,20,CSA,0.01,0.844953469349533,91
VTE,22,20,AMR,0.01,0.87903377939502,91
VTE,22,20,MELD_lambda0_afproj,0.1,0.906958364174237,91
VTE,22,20,MELD_lambda0_reportN,0.1,0.907755021522625,91
VTE,22,20,MELD_lambda0_equal,0.1,0.884414700292115,91
VTE,22,20,MELD_lambda1_afproj,0.1,0.907635225455215,91
VTE,22,20,EUR,0.1,0.912736910968495,91
VTE,22,20,EAS,0.1,0.86112122106008,91
VTE,22,20,AFR,0.1,0.876273078423163,91
VTE,22,20,CSA,0.1,0.854046338069274,91
VTE,22,20,AMR,0.1,0.898330112278451,91
VTE,22,21,MELD_lambda0_afproj,0.001,0.667274489612009,52
VTE,22,21,MELD_lambda0_reportN,0.001,0.665352737495458,52
VTE,22,21,MELD_lambda0_equal,0.001,0.704829562063165,52
VTE,22,21,MELD_lambda1_afproj,0.001,0.658372531347136,52
VTE,22,21,EUR,0.001,0.715858997961328,52
VTE,22,21,EAS,0.001,0.691097649548391,52
VTE,22,21,AFR,0.001,0.460290120650255,52
VTE,22,21,CSA,0.001,0.575976724752085,52
VTE,22,21,AMR,0.001,0.772072710338007,52
VTE,22,21,MELD_lambda0_afproj,0.01,0.646100913073168,52
VTE,22,21,MELD_lambda0_reportN,0.01,0.645299946486822,52
VTE,22,21,MELD_lambda0_equal,0.01,0.674239081687988,52
VTE,22,21,MELD_lambda1_afproj,0.01,0.638105961321923,52
VTE,22,21,EUR,0.01,0.669086325270698,52
VTE,22,21,EAS,0.01,0.677116275720593,52
VTE,22,21,AFR,0.01,0.453370027754721,52
VTE,22,21,CSA,0.01,0.612114936254286,52
VTE,22,21,AMR,0.01,0.744528728613834,52
VTE,22,21,MELD_lambda0_afproj,0.1,0.574382852260022,52
VTE,22,21,MELD_lambda0_reportN,0.1,0.575856073904299,52
VTE,22,21,MELD_lambda0_equal,0.1,0.607540560470813,52
VTE,22,21,MELD_lambda1_afproj,0.1,0.567648366354774,52
VTE,22,21,EUR,0.1,0.581989400866798,52
VTE,22,21,EAS,0.1,0.667059582000486,52
VTE,22,21,AFR,0.1,0.43434767295171,52
VTE,22,21,CSA,0.1,0.580595774915802,52
VTE,22,21,AMR,0.1,0.718153356585607,52
VTE,22,22,MELD_lambda0_afproj,0.001,0.818073130684375,154
VTE,22,22,MELD_lambda0_reportN,0.001,0.813957970865352,154
VTE,22,22,MELD_lambda0_equal,0.001,0.84918100456049,154
VTE,22,22,MELD_lambda1_afproj,0.001,0.807527513223695,154
VTE,22,22,EUR,0.001,0.750902410446035,154
VTE,22,22,EAS,0.001,0.672641697584999,154
VTE,22,22,AFR,0.001,0.537330173911625,154
VTE,22,22,CSA,0.001,0.855385819970912,154
VTE,22,22,AMR,0.001,0.800841194712494,154
VTE,22,22,MELD_lambda0_afproj,0.01,0.885542037652141,154
VTE,22,22,MELD_lambda0_reportN,0.01,0.881588105461793,154
VTE,22,22,MELD_lambda0_equal,0.01,0.855040999440361,154
VTE,22,22,MELD_lambda1_afproj,0.01,0.879121648606629,154
VTE,22,22,EUR,0.01,0.855432465561682,154
VTE,22,22,EAS,0.01,0.728257893316908,154
VTE,22,22,AFR,0.01,0.612459706940863,154
VTE,22,22,CSA,0.01,0.897594550143544,154
VTE,22,22,AMR,0.01,0.788795594989741,154
VTE,22,22,MELD_lambda0_afproj,0.1,0.882574836363938,154
VTE,22,22,MELD_lambda0_reportN,0.1,0.881531924748887,154
VTE,22,22,MELD_lambda0_equal,0.1,0.84968907738331,154
VTE,22,22,MELD_lambda1_afproj,0.1,0.877096072907597,154
VTE,22,22,EUR,0.1,0.878821914798329,154
VTE,22,22,EAS,0.1,0.713613330743899,154
VTE,22,22,AFR,0.1,0.640357887824804,154
VTE,22,22,CSA,0.1,0.8921353674192,154
VTE,22,22,AMR,0.1,0.769712131014947,154
VTE,22,23,MELD_lambda0_afproj,0.001,0.856589654480685,167
VTE,22,23,MELD_lambda0_reportN,0.001,0.853707126899088,167
VTE,22,23,MELD_lambda0_equal,0.001,0.850446361111092,167
VTE,22,23,MELD_lambda1_afproj,0.001,0.855089755499397,167
VTE,22,23,EUR,0.001,0.794738144680188,167
VTE,22,23,EAS,0.001,0.676190407399933,167
VTE,22,23,AFR,0.001,0.612632548298454,167
VTE,22,23,CSA,0.001,0.773042165199596,167
VTE,22,23,AMR,0.001,0.746693990598511,167
VTE,22,23,MELD_lambda0_afproj,0.01,0.887164672340267,167
VTE,22,23,MELD_lambda0_reportN,0.01,0.88527255798866,167
VTE,22,23,MELD_lambda0_equal,0.01,0.858596748647773,167
VTE,22,23,MELD_lambda1_afproj,0.01,0.876389109590004,167
VTE,22,23,EUR,0.01,0.870700545436819,167
VTE,22,23,EAS,0.01,0.768453426361244,167
VTE,22,23,AFR,0.01,0.624805305303556,167
VTE,22,23,CSA,0.01,0.806787501566612,167
VTE,22,23,AMR,0.01,0.796986097717484,167
VTE,22,23,MELD_lambda0_afproj,0.1,0.894556842075493,167
VTE,22,23,MELD_lambda0_reportN,0.1,0.895653164223009,167
VTE,22,23,MELD_lambda0_equal,0.1,0.868179363659666,167
VTE,22,23,MELD_lambda1_afproj,0.1,0.880137150009462,167
VTE,22,23,EUR,0.1,0.878239263644209,167
VTE,22,23,EAS,0.1,0.804798538166402,167
VTE,22,23,AFR,0.1,0.651061685645159,167
VTE,22,23,CSA,0.1,0.822345924859723,167
VTE,22,23,AMR,0.1,0.827503435089315,167
VTE,22,25,MELD_lambda0_afproj,0.001,0.825379964024414,103
VTE,22,25,MELD_lambda0_reportN,0.001,0.828578962414648,103
VTE,22,25,MELD_lambda0_equal,0.001,0.896571336886093,103
VTE,22,25,MELD_lambda1_afproj,0.001,0.829486184651499,103
VTE,22,25,EUR,0.001,0.779696204173677,103
VTE,22,25,EAS,0.001,0.83270877452753,103
VTE,22,25,AFR,0.001,0.828480600472776,103
VTE,22,25,CSA,0.001,0.785426639765457,103
VTE,22,25,AMR,0.001,0.876630637873943,103
VTE,22,25,MELD_lambda0_afproj,0.01,0.86264628223008,103
VTE,22,25,MELD_lambda0_reportN,0.01,0.866757973276022,103
VTE,22,25,MELD_lambda0_equal,0.01,0.897345346935601,103
VTE,22,25,MELD_lambda1_afproj,0.01,0.8631412838273,103
VTE,22,25,EUR,0.01,0.864794690211287,103
VTE,22,25,EAS,0.01,0.809104988786427,103
VTE,22,25,AFR,0.01,0.85113021263027,103
VTE,22,25,CSA,0.01,0.803036648134422,103
VTE,22,25,AMR,0.01,0.87335156188109,103
VTE,22,25,MELD_lambda0_afproj,0.1,0.874233190803786,103
VTE,22,25,MELD_lambda0_reportN,0.1,0.877485837208149,103
VTE,22,25,MELD_lambda0_equal,0.1,0.884980629667912,103
VTE,22,25,MELD_lambda1_afproj,0.1,0.873536432764437,103
VTE,22,25,EUR,0.1,0.874868368643392,103
VTE,22,25,EAS,0.1,0.723919780154154,103
VTE,22,25,AFR,0.1,0.863660712062896,103
VTE,22,25,CSA,0.1,0.814079726035104,103
VTE,22,25,AMR,0.1,0.846572335075622,103
VTE,22,26,MELD_lambda0_afproj,0.001,0.826086464888579,191
VTE,22,26,MELD_lambda0_reportN,0.001,0.825958801259747,191
VTE,22,26,MELD_lambda0_equal,0.001,0.782041605635112,191
VTE,22,26,MELD_lambda1_afproj,0.001,0.824585330738167,191
VTE,22,26,EUR,0.001,0.893564615488585,191
VTE,22,26,EAS,0.001,0.693057751409538,191
VTE,22,26,AFR,0.001,0.507381091812432,191
VTE,22,26,CSA,0.001,0.745102393472893,191
VTE,22,26,AMR,0.001,0.646392811254569,191
VTE,22,26,MELD_lambda0_afproj,0.01,0.837048652221298,191
VTE,22,26,MELD_lambda0_reportN,0.01,0.837780792032829,191
VTE,22,26,MELD_lambda0_equal,0.01,0.781836150663247,191
VTE,22,26,MELD_lambda1_afproj,0.01,0.836493881343679,191
VTE,22,26,EUR,0.01,0.8621747395166,191
VTE,22,26,EAS,0.01,0.725536755941137,191
VTE,22,26,AFR,0.01,0.633370682068486,191
VTE,22,26,CSA,0.01,0.77231087403433,191
VTE,22,26,AMR,0.01,0.73712489084864,191
VTE,22,26,MELD_lambda0_afproj,0.1,0.823805574446363,191
VTE,22,26,MELD_lambda0_reportN,0.1,0.826173785012293,191
VTE,22,26,MELD_lambda0_equal,0.1,0.782961182028033,191
VTE,22,26,MELD_lambda1_afproj,0.1,0.822045096547682,191
VTE,22,26,EUR,0.1,0.828548363636781,191
VTE,22,26,EAS,0.1,0.700599518452759,191
VTE,22,26,AFR,0.1,0.679800549474184,191
VTE,22,26,CSA,0.1,0.758314141570387,191
VTE,22,26,AMR,0.1,0.767034991880936,191
VTE,22,27,MELD_lambda0_afproj,0.001,0.851092867122765,329
VTE,22,27,MELD_lambda0_reportN,0.001,0.856027608958176,329
VTE,22,27,MELD_lambda0_equal,0.001,0.788783940901981,329
VTE,22,27,MELD_lambda1_afproj,0.001,0.849587642988378,329
VTE,22,27,EUR,0.001,0.765538132917496,329
VTE,22,27,EAS,0.001,0.0882649794750568,329
VTE,22,27,AFR,0.001,0.441856439210882,329
VTE,22,27,CSA,0.001,0.660022816711346,329
VTE,22,27,AMR,0.001,0.598729729745709,329
VTE,22,27,MELD_lambda0_afproj,0.01,0.88163617045646,329
VTE,22,27,MELD_lambda0_reportN,0.01,0.882496323503932,329
VTE,22,27,MELD_lambda0_equal,0.01,0.870607697621502,329
VTE,22,27,MELD_lambda1_afproj,0.01,0.879587471878611,329
VTE,22,27,EUR,0.01,0.873279215708751,329
VTE,22,27,EAS,0.01,0.499496155516306,329
VTE,22,27,AFR,0.01,0.627498260393827,329
VTE,22,27,CSA,0.01,0.775401385906079,329
VTE,22,27,AMR,0.01,0.70369439786384,329
VTE,22,27,MELD_lambda0_afproj,0.1,0.86998606541263,329
VTE,22,27,MELD_lambda0_reportN,0.1,0.87173636519462,329
VTE,22,27,MELD_lambda0_equal,0.1,0.860595754792112,329
VTE,22,27,MELD_lambda1_afproj,0.1,0.868681635068614,329
VTE,22,27,EUR,0.1,0.862520530257887,329
VTE,22,27,EAS,0.1,0.680445320802836,329
VTE,22,27,AFR,0.1,0.637078004525324,329
VTE,22,27,CSA,0.1,0.781092363654722,329
VTE,22,27,AMR,0.1,0.764193458785977,329
VTE,22,28,MELD_lambda0_afproj,0.001,0.811112162758329,217
VTE,22,28,MELD_lambda0_reportN,0.001,0.810779774667564,217
VTE,22,28,MELD_lambda0_equal,0.001,0.829794121157717,217
VTE,22,28,MELD_lambda1_afproj,0.001,0.811559259389795,217
VTE,22,28,EUR,0.001,0.723568873480859,217
VTE,22,28,EAS,0.001,0.510456996834102,217
VTE,22,28,AFR,0.001,0.474054241895539,217
VTE,22,28,CSA,0.001,0.765362009671831,217
VTE,22,28,AMR,0.001,0.750284959005907,217
VTE,22,28,MELD_lambda0_afproj,0.01,0.831464372347743,217
VTE,22,28,MELD_lambda0_reportN,0.01,0.832993407648414,217
VTE,22,28,MELD_lambda0_equal,0.01,0.837692565725263,217
VTE,22,28,MELD_lambda1_afproj,0.01,0.829542163022633,217
VTE,22,28,EUR,0.01,0.774750490009684,217
VTE,22,28,EAS,0.01,0.687604691325326,217
VTE,22,28,AFR,0.01,0.551577910645484,217
VTE,22,28,CSA,0.01,0.79201255027097,217
VTE,22,28,AMR,0.01,0.811345221053052,217
VTE,22,28,MELD_lambda0_afproj,0.1,0.846844239928388,217
VTE,22,28,MELD_lambda0_reportN,0.1,0.851500821904697,217
VTE,22,28,MELD_lambda0_equal,0.1,0.843226611557966,217
VTE,22,28,MELD_lambda1_afproj,0.1,0.843476541514593,217
VTE,22,28,EUR,0.1,0.813698598662577,217
VTE,22,28,EAS,0.1,0.697833168517399,217
VTE,22,28,AFR,0.1,0.66046140306528,217
VTE,22,28,CSA,0.1,0.774359890566536,217
VTE,22,28,AMR,0.1,0.800995495951147,217
VTE,22,29,MELD_lambda0_afproj,0.001,0.886315806499275,283
VTE,22,29,MELD_lambda0_reportN,0.001,0.894656269200179,283
VTE,22,29,MELD_lambda0_equal,0.001,0.920430380096018,283
VTE,22,29,MELD_lambda1_afproj,0.001,0.886262435011748,283
VTE,22,29,EUR,0.001,0.856369603910926,283
VTE,22,29,EAS,0.001,0.725762663731695,283
VTE,22,29,AFR,0.001,0.696037186862625,283
VTE,22,29,CSA,0.001,0.739276020608996,283
VTE,22,29,AMR,0.001,0.629786328978214,283
VTE,22,29,MELD_lambda0_afproj,0.01,0.909018320978279,283
VTE,22,29,MELD_lambda0_reportN,0.01,0.914374243995005,283
VTE,22,29,MELD_lambda0_equal,0.01,0.915282234794743,283
VTE,22,29,MELD_lambda1_afproj,0.01,0.908434743598896,283
VTE,22,29,EUR,0.01,0.888402844692976,283
VTE,22,29,EAS,0.01,0.736401728031968,283
VTE,22,29,AFR,0.01,0.780807920505634,283
VTE,22,29,CSA,0.01,0.842600912414524,283
VTE,22,29,AMR,0.01,0.777981942091321,283
VTE,22,29,MELD_lambda0_afproj,0.1,0.89611347890276,283
VTE,22,29,MELD_lambda0_reportN,0.1,0.900885706025953,283
VTE,22,29,MELD_lambda0_equal,0.1,0.887024406401389,283
VTE,22,29,MELD_lambda1_afproj,0.1,0.895173039116687,283
VTE,22,29,EUR,0.1,0.890273943915904,283
VTE,22,29,EAS,0.1,0.70885324925969,283
VTE,22,29,AFR,0.1,0.793121139418759,283
VTE,22,29,CSA,0.1,0.831986793794211,283
VTE,22,29,AMR,0.1,0.861995319383901,283
VTE,22,31,MELD_lambda0_afproj,0.001,0.92817977158129,363
VTE,22,31,MELD_lambda0_reportN,0.001,0.926692257227976,363
VTE,22,31,MELD_lambda0_equal,0.001,0.927879107674242,363
VTE,22,31,MELD_lambda1_afproj,0.001,0.928014799055678,363
VTE,22,31,EUR,0.001,0.880916505730487,363
VTE,22,31,EAS,0.001,0.715285741234468,363
VTE,22,31,AFR,0.001,0.771089296361117,363
VTE,22,31,CSA,0.001,0.737521599102161,363
VTE,22,31,AMR,0.001,0.800261154531193,363
VTE,22,31,MELD_lambda0_afproj,0.01,0.939525621178257,363
VTE,22,31,MELD_lambda0_reportN,0.01,0.940235623757619,363
VTE,22,31,MELD_lambda0_equal,0.01,0.933248442937451,363
VTE,22,31,MELD_lambda1_afproj,0.01,0.94030642457065,363
VTE,22,31,EUR,0.01,0.908842884208329,363
VTE,22,31,EAS,0.01,0.877746344674952,363
VTE,22,31,AFR,0.01,0.902331454999689,363
VTE,22,31,CSA,0.01,0.851591221970153,363
VTE,22,31,AMR,0.01,0.880347704189121,363
VTE,22,31,MELD_lambda0_afproj,0.1,0.938052292234807,363
VTE,22,31,MELD_lambda0_reportN,0.1,0.939503146604146,363
VTE,22,31,MELD_lambda0_equal,0.1,0.937461127241317,363
VTE,22,31,MELD_lambda1_afproj,0.1,0.937570716569185,363
VTE,22,31,EUR,0.1,0.930611553706588,363
VTE,22,31,EAS,0.1,0.893912018158517,363
VTE,22,31,AFR,0.1,0.906325062330262,363
VTE,22,31,CSA,0.1,0.889718678286283,363
VTE,22,31,AMR,0.1,0.901207582107182,363
VTE,22,32,MELD_lambda0_afproj,0.001,0.857129371031603,111
VTE,22,32,MELD_lambda0_reportN,0.001,0.859685644945022,111
VTE,22,32,MELD_lambda0_equal,0.001,0.850290863844011,111
VTE,22,32,MELD_lambda1_afproj,0.001,0.849333476862637,111
VTE,22,32,EUR,0.001,0.806638398639238,111
VTE,22,32,EAS,0.001,0.736396265592571,111
VTE,22,32,AFR,0.001,0.706284545947078,111
VTE,22,32,CSA,0.001,0.80955186456126,111
VTE,22,32,AMR,0.001,0.789282279690592,111
VTE,22,32,MELD_lambda0_afproj,0.01,0.886951659045476,111
VTE,22,32,MELD_lambda0_reportN,0.01,0.888970214168786,111
VTE,22,32,MELD_lambda0_equal,0.01,0.859626564669244,111
VTE,22,32,MELD_lambda1_afproj,0.01,0.881086926120124,111
VTE,22,32,EUR,0.01,0.891738672134131,111
VTE,22,32,EAS,0.01,0.720414861144341,111
VTE,22,32,AFR,0.01,0.742019535654475,111
VTE,22,32,CSA,0.01,0.858996479883421,111
VTE,22,32,AMR,0.01,0.824302851293852,111
VTE,22,32,MELD_lambda0_afproj,0.1,0.907175606407234,111
VTE,22,32,MELD_lambda0_reportN,0.1,0.906948458652839,111
VTE,22,32,MELD_lambda0_equal,0.1,0.861664695984033,111
VTE,22,32,MELD_lambda1_afproj,0.1,0.902593837667465,111
VTE,22,32,EUR,0.1,0.914791829893712,111
VTE,22,32,EAS,0.1,0.70363234663744,111
VTE,22,32,AFR,0.1,0.772207150607679,111
VTE,22,32,CSA,0.1,0.871856596197999,111
VTE,22,32,AMR,0.1,0.869797608221962,111
VTE,22,34,MELD_lambda0_afproj,0.001,0.92391793878113,295
VTE,22,34,MELD_lambda0_reportN,0.001,0.921430498177988,295
VTE,22,34,MELD_lambda0_equal,0.001,0.918763447818534,295
VTE,22,34,MELD_lambda1_afproj,0.001,0.92238219614403,295
VTE,22,34,EUR,0.001,0.889630080260659,295
VTE,22,34,EAS,0.001,0.564729814888168,295
VTE,22,34,AFR,0.001,0.711867306347548,295
VTE,22,34,CSA,0.001,0.823621717792253,295
VTE,22,34,AMR,0.001,0.846150747054108,295
VTE,22,34,MELD_lambda0_afproj,0.01,0.923981879659156,295
VTE,22,34,MELD_lambda0_reportN,0.01,0.923885658616947,295
VTE,22,34,MELD_lambda0_equal,0.01,0.917541131354723,295
VTE,22,34,MELD_lambda1_afproj,0.01,0.924767165616385,295
VTE,22,34,EUR,0.01,0.905083961304014,295
VTE,22,34,EAS,0.01,0.783166518330431,295
VTE,22,34,AFR,0.01,0.749303814500679,295
VTE,22,34,CSA,0.01,0.887886032192376,295
VTE,22,34,AMR,0.01,0.888547823791241,295
VTE,22,34,MELD_lambda0_afproj,0.1,0.903152636117107,295
VTE,22,34,MELD_lambda0_reportN,0.1,0.904294426340254,295
VTE,22,34,MELD_lambda0_equal,0.1,0.907059725823048,295
VTE,22,34,MELD_lambda1_afproj,0.1,0.904679801924454,295
VTE,22,34,EUR,0.1,0.890354375663423,295
VTE,22,34,EAS,0.1,0.819702445817168,295
VTE,22,34,AFR,0.1,0.737482252640145,295
VTE,22,34,CSA,0.1,0.879627306099947,295
VTE,22,34,AMR,0.1,0.892325629576243,295
VTE,22,37,MELD_lambda0_afproj,0.001,0.888828597528215,645
VTE,22,37,MELD_lambda0_reportN,0.001,0.88688184357042,645
VTE,22,37,MELD_lambda0_equal,0.001,0.918843995951364,645
VTE,22,37,MELD_lambda1_afproj,0.001,0.891424137603627,645
VTE,22,37,EUR,0.001,0.825707696517683,645
VTE,22,37,EAS,0.001,0.573864588955992,645
VTE,22,37,AFR,0.001,0.493550709292053,645
VTE,22,37,CSA,0.001,0.70430695281947,645
VTE,22,37,AMR,0.001,0.731240178373757,645
VTE,22,37,MELD_lambda0_afproj,0.01,0.9161854164321,645
VTE,22,37,MELD_lambda0_reportN,0.01,0.915221286800828,645
VTE,22,37,MELD_lambda0_equal,0.01,0.921112476362956,645
VTE,22,37,MELD_lambda1_afproj,0.01,0.917010679291742,645
VTE,22,37,EUR,0.01,0.890789936074533,645
VTE,22,37,EAS,0.01,0.735340433162082,645
VTE,22,37,AFR,0.01,0.675741930012643,645
VTE,22,37,CSA,0.01,0.854720117028643,645
VTE,22,37,AMR,0.01,0.829480439194262,645
VTE,22,37,MELD_lambda0_afproj,0.1,0.92508911642353,645
VTE,22,37,MELD_lambda0_reportN,0.1,0.925144017952309,645
VTE,22,37,MELD_lambda0_equal,0.1,0.915438186103,645
VTE,22,37,MELD_lambda1_afproj,0.1,0.925230475711139,645
VTE,22,37,EUR,0.1,0.919175167346419,645
VTE,22,37,EAS,0.1,0.794485860200191,645
VTE,22,37,AFR,0.1,0.722155288663021,645
VTE,22,37,CSA,0.1,0.87775067970428,645
VTE,22,37,AMR,0.1,0.87306908009228,645
VTE,22,38,MELD_lambda0_afproj,0.001,0.956119200539702,39
VTE,22,38,MELD_lambda0_reportN,0.001,0.955647604128858,39
VTE,22,38,MELD_lambda0_equal,0.001,0.927693597997509,39
VTE,22,38,MELD_lambda1_afproj,0.001,0.956350026241424,39
VTE,22,38,EUR,0.001,0.945017096909602,39
VTE,22,38,EAS,0.001,0.646455135214953,39
VTE,22,38,AFR,0.001,0.79072057964745,39
VTE,22,38,CSA,0.001,0.906890053673674,39
VTE,22,38,AMR,0.001,0.879039240437704,39
VTE,22,38,MELD_lambda0_afproj,0.01,0.955589347567142,39
VTE,22,38,MELD_lambda0_reportN,0.01,0.95535293011295,39
VTE,22,38,MELD_lambda0_equal,0.01,0.926762047234709,39
VTE,22,38,MELD_lambda1_afproj,0.01,0.955098337189689,39
VTE,22,38,EUR,0.01,0.953838519770918,39
VTE,22,38,EAS,0.01,0.641821922461571,39
VTE,22,38,AFR,0.01,0.795186923546236,39
VTE,22,38,CSA,0.01,0.926459562138971,39
VTE,22,38,AMR,0.01,0.874134278849395,39
VTE,22,38,MELD_lambda0_afproj,0.1,0.94532161632413,39
VTE,22,38,MELD_lambda0_reportN,0.1,0.946121454636697,39
VTE,22,38,MELD_lambda0_equal,0.1,0.927334496048434,39
VTE,22,38,MELD_lambda1_afproj,0.1,0.944113130117139,39
VTE,22,38,EUR,0.1,0.947733777322151,39
VTE,22,38,EAS,0.1,0.802149589524454,39
VTE,22,38,AFR,0.1,0.795169426493657,39
VTE,22,38,CSA,0.1,0.925683292950336,39
VTE,22,38,AMR,0.1,0.889796317505619,39
VTE,22,39,MELD_lambda0_afproj,0.001,0.773588234911664,172
VTE,22,39,MELD_lambda0_reportN,0.001,0.780886817467169,172
VTE,22,39,MELD_lambda0_equal,0.001,0.753116380223327,172
VTE,22,39,MELD_lambda1_afproj,0.001,0.76551379233449,172
VTE,22,39,EUR,0.001,0.697600662303257,172
VTE,22,39,EAS,0.001,0.408499225210241,172
VTE,22,39,AFR,0.001,0.535954845004204,172
VTE,22,39,CSA,0.001,0.50989698459485,172
VTE,22,39,AMR,0.001,0.548420715577659,172
VTE,22,39,MELD_lambda0_afproj,0.01,0.785090637224565,172
VTE,22,39,MELD_lambda0_reportN,0.01,0.788755496367772,172
VTE,22,39,MELD_lambda0_equal,0.01,0.762182878289799,172
VTE,22,39,MELD_lambda1_afproj,0.01,0.78865926109344,172
VTE,22,39,EUR,0.01,0.744172155283068,172
VTE,22,39,EAS,0.01,0.600449124369918,172
VTE,22,39,AFR,0.01,0.558718569570932,172
VTE,22,39,CSA,0.01,0.631059571510726,172
VTE,22,39,AMR,0.01,0.637412873961272,172
VTE,22,39,MELD_lambda0_afproj,0.1,0.732798593923898,172
VTE,22,39,MELD_lambda0_reportN,0.1,0.741199568456207,172
VTE,22,39,MELD_lambda0_equal,0.1,0.75721592181215,172
VTE,22,39,MELD_lambda1_afproj,0.1,0.74284358836717,172
VTE,22,39,EUR,0.1,0.693752947054475,172
VTE,22,39,EAS,0.1,0.64148194209027,172
VTE,22,39,AFR,0.1,0.61439593097055,172
VTE,22,39,CSA,0.1,0.613602599361431,172
VTE,22,39,AMR,0.1,0.623793547785638,172
VTE,22,40,MELD_lambda0_afproj,0.001,0.884650062981555,37
VTE,22,40,MELD_lambda0_reportN,0.001,0.859496971114835,37
VTE,22,40,MELD_lambda0_equal,0.001,0.777673428999218,37
VTE,22,40,MELD_lambda1_afproj,0.001,0.900150488016648,37
VTE,22,40,EUR,0.001,0.727351119757915,37
VTE,22,40,EAS,0.001,0.74487102543161,37
VTE,22,40,AFR,0.001,0.67635506536462,37
VTE,22,40,CSA,0.001,0.775074543716797,37
VTE,22,40,AMR,0.001,0.940093761202294,37
VTE,22,40,MELD_lambda0_afproj,0.01,0.841221398069515,37
VTE,22,40,MELD_lambda0_reportN,0.01,0.83149004975098,37
VTE,22,40,MELD_lambda0_equal,0.01,0.761464991666407,37
VTE,22,40,MELD_lambda1_afproj,0.01,0.856147747588471,37
VTE,22,40,EUR,0.01,0.774175799261833,37
VTE,22,40,EAS,0.01,0.813356150342416,37
VTE,22,40,AFR,0.01,0.681553832370704,37
VTE,22,40,CSA,0.01,0.798662513542713,37
VTE,22,40,AMR,0.01,0.927232547314579,37
VTE,22,40,MELD_lambda0_afproj,0.1,0.803617295983721,37
VTE,22,40,MELD_lambda0_reportN,0.1,0.796667108562815,37
VTE,22,40,MELD_lambda0_equal,0.1,0.737604090076293,37
VTE,22,40,MELD_lambda1_afproj,0.1,0.802593869420154,37
VTE,22,40,EUR,0.1,0.801597358021571,37
VTE,22,40,EAS,0.1,0.591725698089327,37
VTE,22,40,AFR,0.1,0.649661793491501,37
VTE,22,40,CSA,0.1,0.787604317817658,37
VTE,22,40,AMR,0.1,0.816112961132884,37
VTE,22,41,MELD_lambda0_afproj,0.001,0.938656122466757,243
VTE,22,41,MELD_lambda0_reportN,0.001,0.937187406787569,243
VTE,22,41,MELD_lambda0_equal,0.001,0.89491933159104,243
VTE,22,41,MELD_lambda1_afproj,0.001,0.937703621213912,243
VTE,22,41,EUR,0.001,0.819906449928167,243
VTE,22,41,EAS,0.001,0.719207290491203,243
VTE,22,41,AFR,0.001,0.655669674768971,243
VTE,22,41,CSA,0.001,0.817660952256976,243
VTE,22,41,AMR,0.001,0.880771566265686,243
VTE,22,41,MELD_lambda0_afproj,0.01,0.942610366186998,243
VTE,22,41,MELD_lambda0_reportN,0.01,0.940304717455275,243
VTE,22,41,MELD_lambda0_equal,0.01,0.911893410849062,243
VTE,22,41,MELD_lambda1_afproj,0.01,0.9391737769809,243
VTE,22,41,EUR,0.01,0.930881162794733,243
VTE,22,41,EAS,0.01,0.825992318622816,243
VTE,22,41,AFR,0.01,0.75258654761301,243
VTE,22,41,CSA,0.01,0.879234334192425,243
VTE,22,41,AMR,0.01,0.900420583526253,243
VTE,22,41,MELD_lambda0_afproj,0.1,0.927489810182496,243
VTE,22,41,MELD_lambda0_reportN,0.1,0.927714231494266,243
VTE,22,41,MELD_lambda0_equal,0.1,0.911303789205505,243
VTE,22,41,MELD_lambda1_afproj,0.1,0.923206074445034,243
VTE,22,41,EUR,0.1,0.920516709442332,243
VTE,22,41,EAS,0.1,0.843980245929095,243
VTE,22,41,AFR,0.1,0.790751149058743,243
VTE,22,41,CSA,0.1,0.869470751251807,243
VTE,22,41,AMR,0.1,0.898350908689262,243
VTE,22,42,MELD_lambda0_afproj,0.001,0.738103275419274,235
VTE,22,42,MELD_lambda0_reportN,0.001,0.72455412681115,235
VTE,22,42,MELD_lambda0_equal,0.001,0.8186401624003,235
VTE,22,42,MELD_lambda1_afproj,0.001,0.745353791791619,235
VTE,22,42,EUR,0.001,0.736673399019725,235
VTE,22,42,EAS,0.001,0.625558660525877,235
VTE,22,42,AFR,0.001,0.430575121344474,235
VTE,22,42,CSA,0.001,0.684991894136639,235
VTE,22,42,AMR,0.001,0.72292073585828,235
VTE,22,42,MELD_lambda0_afproj,0.01,0.825242854575943,235
VTE,22,42,MELD_lambda0_reportN,0.01,0.821010559128101,235
VTE,22,42,MELD_lambda0_equal,0.01,0.826923172507637,235
VTE,22,42,MELD_lambda1_afproj,0.01,0.826252979148297,235
VTE,22,42,EUR,0.01,0.82132870156123,235
VTE,22,42,EAS,0.01,0.68398776594042,235
VTE,22,42,AFR,0.01,0.51937162731829,235
VTE,22,42,CSA,0.01,0.78115463515097,235
VTE,22,42,AMR,0.01,0.824329772054742,235
VTE,22,42,MELD_lambda0_afproj,0.1,0.832732618989764,235
VTE,22,42,MELD_lambda0_reportN,0.1,0.831083744181004,235
VTE,22,42,MELD_lambda0_equal,0.1,0.810852596129618,235
VTE,22,42,MELD_lambda1_afproj,0.1,0.831170200740902,235
VTE,22,42,EUR,0.1,0.832911265410494,235
VTE,22,42,EAS,0.1,0.695589905345678,235
VTE,22,42,AFR,0.1,0.588344058734086,235
VTE,22,42,CSA,0.1,0.789553021661153,235
VTE,22,42,AMR,0.1,0.827344396023918,235
VTE,22,43,MELD_lambda0_afproj,0.001,0.981293906369096,45
VTE,22,43,MELD_lambda0_reportN,0.001,0.982908990812638,45
VTE,22,43,MELD_lambda0_equal,0.001,0.965278513477348,45
VTE,22,43,MELD_lambda1_afproj,0.001,0.97997547971802,45
VTE,22,43,EUR,0.001,0.981849197778248,45
VTE,22,43,EAS,0.001,0.642372372369181,45
VTE,22,43,AFR,0.001,0.689699156589513,45
VTE,22,43,CSA,0.001,0.924842318898811,45
VTE,22,43,AMR,0.001,0.852323455958707,45
VTE,22,43,MELD_lambda0_afproj,0.01,0.984412665028354,45
VTE,22,43,MELD_lambda0_reportN,0.01,0.985790796823151,45
VTE,22,43,MELD_lambda0_equal,0.01,0.971047049613075,45
VTE,22,43,MELD_lambda1_afproj,0.01,0.983685843017355,45
VTE,22,43,EUR,0.01,0.985358821314732,45
VTE,22,43,EAS,0.01,0.650729239969014,45
VTE,22,43,AFR,0.01,0.691620050387993,45
VTE,22,43,CSA,0.01,0.935185878861486,45
VTE,22,43,AMR,0.01,0.906782319242891,45
VTE,22,43,MELD_lambda0_afproj,0.1,0.988609468003986,45
VTE,22,43,MELD_lambda0_reportN,0.1,0.989425033803964,45
VTE,22,43,MELD_lambda0_equal,0.1,0.974331919110006,45
VTE,22,43,MELD_lambda1_afproj,0.1,0.986857015730071,45
VTE,22,43,EUR,0.1,0.989236924557265,45
VTE,22,43,EAS,0.1,0.662805889829378,45
VTE,22,43,AFR,0.1,0.721488795022327,45
VTE,22,43,CSA,0.1,0.954891735070581,45
VTE,22,43,AMR,0.1,0.955400661047087,45
VTE,22,44,MELD_lambda0_afproj,0.001,0.86816825665428,140
VTE,22,44,MELD_lambda0_reportN,0.001,0.868124276506283,140
VTE,22,44,MELD_lambda0_equal,0.001,0.81243028169497,140
VTE,22,44,MELD_lambda1_afproj,0.001,0.862718956980529,140
VTE,22,44,EUR,0.001,0.866272337513826,140
VTE,22,44,EAS,0.001,0.643318870861213,140
VTE,22,44,AFR,0.001,0.455045560734731,140
VTE,22,44,CSA,0.001,0.790029858492528,140
VTE,22,44,AMR,0.001,0.83741298123171,140
VTE,22,44,MELD_lambda0_afproj,0.01,0.878958038330422,140
VTE,22,44,MELD_lambda0_reportN,0.01,0.877571750739486,140
VTE,22,44,MELD_lambda0_equal,0.01,0.817416048653414,140
VTE,22,44,MELD_lambda1_afproj,0.01,0.87581753114851,140
VTE,22,44,EUR,0.01,0.88293693688681,140
VTE,22,44,EAS,0.01,0.670056890193521,140
VTE,22,44,AFR,0.01,0.47809528616997,140
VTE,22,44,CSA,0.01,0.814364006154442,140
VTE,22,44,AMR,0.01,0.834121588169197,140
VTE,22,44,MELD_lambda0_afproj,0.1,0.877647612046055,140
VTE,22,44,MELD_lambda0_reportN,0.1,0.876254066240525,140
VTE,22,44,MELD_lambda0_equal,0.1,0.807864774591506,140
VTE,22,44,MELD_lambda1_afproj,0.1,0.875128558879974,140
VTE,22,44,EUR,0.1,0.886264904260807,140
VTE,22,44,EAS,0.1,0.654949392338557,140
VTE,22,44,AFR,0.1,0.458543021662872,140
VTE,22,44,CSA,0.1,0.806582628897433,140
VTE,22,44,AMR,0.1,0.814171709315991,140
VTE,22,45,MELD_lambda0_afproj,0.001,0.845650800412188,158
VTE,22,45,MELD_lambda0_reportN,0.001,0.839882881665916,158
VTE,22,45,MELD_lambda0_equal,0.001,0.820922295714448,158
VTE,22,45,MELD_lambda1_afproj,0.001,0.851091272976245,158
VTE,22,45,EUR,0.001,0.788173500311071,158
VTE,22,45,EAS,0.001,0.565940025252406,158
VTE,22,45,AFR,0.001,0.428009106634231,158
VTE,22,45,CSA,0.001,0.704116479271001,158
VTE,22,45,AMR,0.001,0.691199801573364,158
VTE,22,45,MELD_lambda0_afproj,0.01,0.838487953844292,158
VTE,22,45,MELD_lambda0_reportN,0.01,0.83656432723911,158
VTE,22,45,MELD_lambda0_equal,0.01,0.820425234606222,158
VTE,22,45,MELD_lambda1_afproj,0.01,0.841169608747082,158
VTE,22,45,EUR,0.01,0.826812705630696,158
VTE,22,45,EAS,0.01,0.74675765676259,158
VTE,22,45,AFR,0.01,0.430150962698793,158
VTE,22,45,CSA,0.01,0.742337527580468,158
VTE,22,45,AMR,0.01,0.761013747107132,158
VTE,22,45,MELD_lambda0_afproj,0.1,0.833878286650179,158
VTE,22,45,MELD_lambda0_reportN,0.1,0.8346469236851,158
VTE,22,45,MELD_lambda0_equal,0.1,0.818782733897161,158
VTE,22,45,MELD_lambda1_afproj,0.1,0.838029134209437,158
VTE,22,45,EUR,0.1,0.830965344727086,158
VTE,22,45,EAS,0.1,0.783533938050835,158
VTE,22,45,AFR,0.1,0.487422696528418,158
VTE,22,45,CSA,0.1,0.766692113493891,158
VTE,22,45,AMR,0.1,0.80948509671501,158
VTE,22,46,MELD_lambda0_afproj,0.001,0.840441557769738,162
VTE,22,46,MELD_lambda0_reportN,0.001,0.831155119122852,162
VTE,22,46,MELD_lambda0_equal,0.001,0.797090322635212,162
VTE,22,46,MELD_lambda1_afproj,0.001,0.848710956631304,162
VTE,22,46,EUR,0.001,0.83516743878544,162
VTE,22,46,EAS,0.001,0.644138950791658,162
VTE,22,46,AFR,0.001,0.507759552293141,162
VTE,22,46,CSA,0.001,0.703376064358052,162
VTE,22,46,AMR,0.001,0.536757692425247,162
VTE,22,46,MELD_lambda0_afproj,0.01,0.842080787373781,162
VTE,22,46,MELD_lambda0_reportN,0.01,0.839263682104463,162
VTE,22,46,MELD_lambda0_equal,0.01,0.795095661607417,162
VTE,22,46,MELD_lambda1_afproj,0.01,0.849875345817762,162
VTE,22,46,EUR,0.01,0.842084351725027,162
VTE,22,46,EAS,0.01,0.674603043619175,162
VTE,22,46,AFR,0.01,0.523408517018338,162
VTE,22,46,CSA,0.01,0.739057695370943,162
VTE,22,46,AMR,0.01,0.63500797904283,162
VTE,22,46,MELD_lambda0_afproj,0.1,0.838189709459396,162
VTE,22,46,MELD_lambda0_reportN,0.1,0.836954017621875,162
VTE,22,46,MELD_lambda0_equal,0.1,0.797329305441554,162
VTE,22,46,MELD_lambda1_afproj,0.1,0.842265962722703,162
VTE,22,46,EUR,0.1,0.842093112919261,162
VTE,22,46,EAS,0.1,0.630097146978471,162
VTE,22,46,AFR,0.1,0.569525668372799,162
VTE,22,46,CSA,0.1,0.770777710368507,162
VTE,22,46,AMR,0.1,0.670014653602658,162
VTE,22,47,MELD_lambda0_afproj,0.001,0.976182959605483,156
VTE,22,47,MELD_lambda0_reportN,0.001,0.975825024856398,156
VTE,22,47,MELD_lambda0_equal,0.001,0.973925662978376,156
VTE,22,47,MELD_lambda1_afproj,0.001,0.977371812497763,156
VTE,22,47,EUR,0.001,0.974388583116987,156
VTE,22,47,EAS,0.001,0.924090417307865,156
VTE,22,47,AFR,0.001,0.931336234797145,156
VTE,22,47,CSA,0.001,0.966612379065152,156
VTE,22,47,AMR,0.001,0.974428389881795,156
VTE,22,47,MELD_lambda0_afproj,0.01,0.981447150817945,156
VTE,22,47,MELD_lambda0_reportN,0.01,0.981533477465988,156
VTE,22,47,MELD_lambda0_equal,0.01,0.979424198999775,156
VTE,22,47,MELD_lambda1_afproj,0.01,0.982162767034963,156
VTE,22,47,EUR,0.01,0.980408563535528,156
VTE,22,47,EAS,0.01,0.932435385959322,156
VTE,22,47,AFR,0.01,0.951055879790635,156
VTE,22,47,CSA,0.01,0.975014217261791,156
VTE,22,47,AMR,0.01,0.982511773290243,156
VTE,22,47,MELD_lambda0_afproj,0.1,0.982986613579247,156
VTE,22,47,MELD_lambda0_reportN,0.1,0.982819414969543,156
VTE,22,47,MELD_lambda0_equal,0.1,0.979337781356558,156
VTE,22,47,MELD_lambda1_afproj,0.1,0.982270214201119,156
VTE,22,47,EUR,0.1,0.982974401488936,156
VTE,22,47,EAS,0.1,0.929498948771209,156
VTE,22,47,AFR,0.1,0.958635750928014,156
VTE,22,47,CSA,0.1,0.969240714511129,156
VTE,22,47,AMR,0.1,0.979945912180428,156
VTE,22,48,MELD_lambda0_afproj,0.001,0.941595445924675,120
VTE,22,48,MELD_lambda0_reportN,0.001,0.941378556998588,120
VTE,22,48,MELD_lambda0_equal,0.001,0.865010481877093,120
VTE,22,48,MELD_lambda1_afproj,0.001,0.938188951243261,120
VTE,22,48,EUR,0.001,0.902153020157237,120
VTE,22,48,EAS,0.001,0.754395391762875,120
VTE,22,48,AFR,0.001,0.547849609439308,120
VTE,22,48,CSA,0.001,0.821571413462716,120
VTE,22,48,AMR,0.001,0.781245823957724,120
VTE,22,48,MELD_lambda0_afproj,0.01,0.935931204365066,120
VTE,22,48,MELD_lambda0_reportN,0.01,0.936615371953768,120
VTE,22,48,MELD_lambda0_equal,0.01,0.865178431105201,120
VTE,22,48,MELD_lambda1_afproj,0.01,0.934252695852548,120
VTE,22,48,EUR,0.01,0.91689581698246,120
VTE,22,48,EAS,0.01,0.800519310354747,120
VTE,22,48,AFR,0.01,0.62193730144806,120
VTE,22,48,CSA,0.01,0.881507506658031,120
VTE,22,48,AMR,0.01,0.811993849142272,120
VTE,22,48,MELD_lambda0_afproj,0.1,0.911030843259951,120
VTE,22,48,MELD_lambda0_reportN,0.1,0.9103832635989,120
VTE,22,48,MELD_lambda0_equal,0.1,0.851294223244927,120
VTE,22,48,MELD_lambda1_afproj,0.1,0.906046845246307,120
VTE,22,48,EUR,0.1,0.90934863753349,120
VTE,22,48,EAS,0.1,0.769103760524851,120
VTE,22,48,AFR,0.1,0.658330959489751,120
VTE,22,48,CSA,0.1,0.870243484294666,120
VTE,22,48,AMR,0.1,0.8181484115387,120
VTE,22,49,MELD_lambda0_afproj,0.001,0.9409221691057,162
VTE,22,49,MELD_lambda0_reportN,0.001,0.945357459967652,162
VTE,22,49,MELD_lambda0_equal,0.001,0.931724992523373,162
VTE,22,49,MELD_lambda1_afproj,0.001,0.944418595847374,162
VTE,22,49,EUR,0.001,0.92249696512766,162
VTE,22,49,EAS,0.001,0.741040085004124,162
VTE,22,49,AFR,0.001,0.829148712671222,162
VTE,22,49,CSA,0.001,0.827831455701169,162
VTE,22,49,AMR,0.001,0.944472320604503,162
VTE,22,49,MELD_lambda0_afproj,0.01,0.93528152582462,162
VTE,22,49,MELD_lambda0_reportN,0.01,0.93705711887363,162
VTE,22,49,MELD_lambda0_equal,0.01,0.935810340726399,162
VTE,22,49,MELD_lambda1_afproj,0.01,0.938364782344242,162
VTE,22,49,EUR,0.01,0.928820344558724,162
VTE,22,49,EAS,0.01,0.868081934744852,162
VTE,22,49,AFR,0.01,0.870465388788578,162
VTE,22,49,CSA,0.01,0.877446872408893,162
VTE,22,49,AMR,0.01,0.938896328279299,162
VTE,22,49,MELD_lambda0_afproj,0.1,0.941730866309481,162
VTE,22,49,MELD_lambda0_reportN,0.1,0.941177607627496,162
VTE,22,49,MELD_lambda0_equal,0.1,0.935061915709466,162
VTE,22,49,MELD_lambda1_afproj,0.1,0.945178597624198,162
VTE,22,49,EUR,0.1,0.939846319863044,162
VTE,22,49,EAS,0.1,0.888452215889072,162
VTE,22,49,AFR,0.1,0.862764532095962,162
VTE,22,49,CSA,0.1,0.903517060187576,162
VTE,22,49,AMR,0.1,0.934372194702161,162
VTE,22,50,MELD_lambda0_afproj,0.001,0.886373140678958,91
VTE,22,50,MELD_lambda0_reportN,0.001,0.884776455685596,91
VTE,22,50,MELD_lambda0_equal,0.001,0.761977744528061,91
VTE,22,50,MELD_lambda1_afproj,0.001,0.885707028139738,91
VTE,22,50,EUR,0.001,0.873338420983243,91
VTE,22,50,EAS,0.001,0.572270574928017,91
VTE,22,50,AFR,0.001,0.345244532326801,91
VTE,22,50,CSA,0.001,0.73347352984816,91
VTE,22,50,AMR,0.001,0.861379139692131,91
VTE,22,50,MELD_lambda0_afproj,0.01,0.8880418857393,91
VTE,22,50,MELD_lambda0_reportN,0.01,0.886760972580132,91
VTE,22,50,MELD_lambda0_equal,0.01,0.769674330601653,91
VTE,22,50,MELD_lambda1_afproj,0.01,0.887376029605247,91
VTE,22,50,EUR,0.01,0.897696243003914,91
VTE,22,50,EAS,0.01,0.645523203105673,91
VTE,22,50,AFR,0.01,0.360810893392832,91
VTE,22,50,CSA,0.01,0.769745972240909,91
VTE,22,50,AMR,0.01,0.90932205141226,91
VTE,22,50,MELD_lambda0_afproj,0.1,0.869029779207326,91
VTE,22,50,MELD_lambda0_reportN,0.1,0.869217894694058,91
VTE,22,50,MELD_lambda0_equal,0.1,0.796911052258439,91
VTE,22,50,MELD_lambda1_afproj,0.1,0.868477926852879,91
VTE,22,50,EUR,0.1,0.881211920628087,91
VTE,22,50,EAS,0.1,0.692222806032383,91
VTE,22,50,AFR,0.1,0.393938778513239,91
VTE,22,50,CSA,0.1,0.781781888785471,91
VTE,22,50,AMR,0.1,0.888854300706224,91
VTE,22,52,MELD_lambda0_afproj,0.001,0.957318421160557,37
VTE,22,52,MELD_lambda0_reportN,0.001,0.959606667481535,37
VTE,22,52,MELD_lambda0_equal,0.001,0.796927793131757,37
VTE,22,52,MELD_lambda1_afproj,0.001,0.885703579213582,37
VTE,22,52,EUR,0.001,0.923146439496005,37
VTE,22,52,EAS,0.001,0.787490423536087,37
VTE,22,52,AFR,0.001,0.710728101145389,37
VTE,22,52,CSA,0.001,0.713103268621879,37
VTE,22,52,AMR,0.001,0.87963719297355,37
VTE,22,52,MELD_lambda0_afproj,0.01,0.942920605557572,37
VTE,22,52,MELD_lambda0_reportN,0.01,0.948928154664729,37
VTE,22,52,MELD_lambda0_equal,0.01,0.895143593983996,37
VTE,22,52,MELD_lambda1_afproj,0.01,0.909084517432138,37
VTE,22,52,EUR,0.01,0.905700764066773,37
VTE,22,52,EAS,0.01,0.952431888945837,37
VTE,22,52,AFR,0.01,0.833926871907444,37
VTE,22,52,CSA,0.01,0.739551036649131,37
VTE,22,52,AMR,0.01,0.843941984478215,37
VTE,22,52,MELD_lambda0_afproj,0.1,0.887230850792248,37
VTE,22,52,MELD_lambda0_reportN,0.1,0.892292912716315,37
VTE,22,52,MELD_lambda0_equal,0.1,0.928570600813229,37
VTE,22,52,MELD_lambda1_afproj,0.1,0.8844443196452,37
VTE,22,52,EUR,0.1,0.842518154887493,37
VTE,22,52,EAS,0.1,0.920992397558696,37
VTE,22,52,AFR,0.1,0.856546981616595,37
VTE,22,52,CSA,0.1,0.832655752079386,37
VTE,22,52,AMR,0.1,0.858638134795078,37
VTE,22,53,MELD_lambda0_afproj,0.001,0.983152132671842,350
VTE,22,53,MELD_lambda0_reportN,0.001,0.98375610122338,350
VTE,22,53,MELD_lambda0_equal,0.001,0.988268196692327,350
VTE,22,53,MELD_lambda1_afproj,0.001,0.984550474126408,350
VTE,22,53,EUR,0.001,0.969450067566328,350
VTE,22,53,EAS,0.001,0.867030378259146,350
VTE,22,53,AFR,0.001,0.839958631498252,350
VTE,22,53,CSA,0.001,0.971702622313929,350
VTE,22,53,AMR,0.001,0.957294217054217,350
VTE,22,53,MELD_lambda0_afproj,0.01,0.990832291425261,350
VTE,22,53,MELD_lambda0_reportN,0.01,0.991015347549037,350
VTE,22,53,MELD_lambda0_equal,0.01,0.990494295335313,350
VTE,22,53,MELD_lambda1_afproj,0.01,0.99158914860642,350
VTE,22,53,EUR,0.01,0.986676087546176,350
VTE,22,53,EAS,0.01,0.929248049258931,350
VTE,22,53,AFR,0.01,0.929702762557692,350
VTE,22,53,CSA,0.01,0.981729513192456,350
VTE,22,53,AMR,0.01,0.974629488013824,350
VTE,22,53,MELD_lambda0_afproj,0.1,0.989191512389161,350
VTE,22,53,MELD_lambda0_reportN,0.1,0.98950624524276,350
VTE,22,53,MELD_lambda0_equal,0.1,0.987943099294688,350
VTE,22,53,MELD_lambda1_afproj,0.1,0.990162985667844,350
VTE,22,53,EUR,0.1,0.987016266506718,350
VTE,22,53,EAS,0.1,0.917241381593472,350
VTE,22,53,AFR,0.1,0.948197540544853,350
VTE,22,53,CSA,0.1,0.979781909111105,350
VTE,22,53,AMR,0.1,0.972256152533869,350
VTE,22,54,MELD_lambda0_afproj,0.001,0.822677941082486,47
VTE,22,54,MELD_lambda0_reportN,0.001,0.816568257018444,47
VTE,22,54,MELD_lambda0_equal,0.001,0.838096562156871,47
VTE,22,54,MELD_lambda1_afproj,0.001,0.818554445077148,47
VTE,22,54,EUR,0.001,0.630639166852779,47
VTE,22,54,EAS,0.001,0.660908561343489,47
VTE,22,54,AFR,0.001,0.629981919339696,47
VTE,22,54,CSA,0.001,0.826125017168408,47
VTE,22,54,AMR,0.001,0.735754067977918,47
VTE,22,54,MELD_lambda0_afproj,0.01,0.854389158329271,47
VTE,22,54,MELD_lambda0_reportN,0.01,0.852117637294391,47
VTE,22,54,MELD_lambda0_equal,0.01,0.863142761495006,47
VTE,22,54,MELD_lambda1_afproj,0.01,0.851956096798054,47
VTE,22,54,EUR,0.01,0.768839612906076,47
VTE,22,54,EAS,0.01,0.78432340736175,47
VTE,22,54,AFR,0.01,0.644942435696371,47
VTE,22,54,CSA,0.01,0.859260368478604,47
VTE,22,54,AMR,0.01,0.802836474340422,47
VTE,22,54,MELD_lambda0_afproj,0.1,0.9008116933473,47
VTE,22,54,MELD_lambda0_reportN,0.1,0.901197023704129,47
VTE,22,54,MELD_lambda0_equal,0.1,0.86115796183737,47
VTE,22,54,MELD_lambda1_afproj,0.1,0.887925717548506,47
VTE,22,54,EUR,0.1,0.884364405469338,47
VTE,22,54,EAS,0.1,0.84326917575393,47
VTE,22,54,AFR,0.1,0.667450905121232,47
VTE,22,54,CSA,0.1,0.890631079313514,47
VTE,22,54,AMR,0.1,0.820496220049887,47
VTE,22,55,MELD_lambda0_afproj,0.001,0.945299737907413,224
VTE,22,55,MELD_lambda0_reportN,0.001,0.945365328450487,224
VTE,22,55,MELD_lambda0_equal,0.001,0.935757986044053,224
VTE,22,55,MELD_lambda1_afproj,0.001,0.943820247120091,224
VTE,22,55,EUR,0.001,0.910268281170083,224
VTE,22,55,EAS,0.001,0.759221671281249,224
VTE,22,55,AFR,0.001,0.617713518873839,224
VTE,22,55,CSA,0.001,0.740999876086822,224
VTE,22,55,AMR,0.001,0.659311515800802,224
VTE,22,55,MELD_lambda0_afproj,0.01,0.949112743992954,224
VTE,22,55,MELD_lambda0_reportN,0.01,0.950393783356972,224
VTE,22,55,MELD_lambda0_equal,0.01,0.935659627194224,224
VTE,22,55,MELD_lambda1_afproj,0.01,0.947077786951562,224
VTE,22,55,EUR,0.01,0.932343752515337,224
VTE,22,55,EAS,0.01,0.785241494084542,224
VTE,22,55,AFR,0.01,0.708359956401364,224
VTE,22,55,CSA,0.01,0.863375281878118,224
VTE,22,55,AMR,0.01,0.851851654343888,224
VTE,22,55,MELD_lambda0_afproj,0.1,0.945055660854387,224
VTE,22,55,MELD_lambda0_reportN,0.1,0.946209833147508,224
VTE,22,55,MELD_lambda0_equal,0.1,0.932911365958565,224
VTE,22,55,MELD_lambda1_afproj,0.1,0.943003442023962,224
VTE,22,55,EUR,0.1,0.939476451017146,224
VTE,22,55,EAS,0.1,0.753639860161912,224
VTE,22,55,AFR,0.1,0.751244983492372,224
VTE,22,55,CSA,0.1,0.869645755437114,224
VTE,22,55,AMR,0.1,0.894959155595653,224
VTE,22,57,MELD_lambda0_afproj,0.001,0.925329179747615,210
VTE,22,57,MELD_lambda0_reportN,0.001,0.925944092256201,210
VTE,22,57,MELD_lambda0_equal,0.001,0.923325390797495,210
VTE,22,57,MELD_lambda1_afproj,0.001,0.923372195020439,210
VTE,22,57,EUR,0.001,0.916330787268462,210
VTE,22,57,EAS,0.001,0.670588532988002,210
VTE,22,57,AFR,0.001,0.615103928568946,210
VTE,22,57,CSA,0.001,0.833075545072549,210
VTE,22,57,AMR,0.001,0.926605533955683,210
VTE,22,57,MELD_lambda0_afproj,0.01,0.952820214310201,210
VTE,22,57,MELD_lambda0_reportN,0.01,0.952147988121784,210
VTE,22,57,MELD_lambda0_equal,0.01,0.939774770515313,210
VTE,22,57,MELD_lambda1_afproj,0.01,0.952769940603695,210
VTE,22,57,EUR,0.01,0.951953325815399,210
VTE,22,57,EAS,0.01,0.862293575474069,210
VTE,22,57,AFR,0.01,0.735129978987373,210
VTE,22,57,CSA,0.01,0.924229663519949,210
VTE,22,57,AMR,0.01,0.94001605588559,210
VTE,22,57,MELD_lambda0_afproj,0.1,0.962039234699978,210
VTE,22,57,MELD_lambda0_reportN,0.1,0.961317384057211,210
VTE,22,57,MELD_lambda0_equal,0.1,0.945836620245204,210
VTE,22,57,MELD_lambda1_afproj,0.1,0.962496830980333,210
VTE,22,57,EUR,0.1,0.964875358876303,210
VTE,22,57,EAS,0.1,0.887822423912637,210
VTE,22,57,AFR,0.1,0.795359239890875,210
VTE,22,57,CSA,0.1,0.937654154334301,210
VTE,22,57,AMR,0.1,0.939480551122802,210
VTE,22,58,MELD_lambda0_afproj,0.001,0.808423170730514,304
VTE,22,58,MELD_lambda0_reportN,0.001,0.806605772805822,304
VTE,22,58,MELD_lambda0_equal,0.001,0.782350256614641,304
VTE,22,58,MELD_lambda1_afproj,0.001,0.808616131049017,304
VTE,22,58,EUR,0.001,0.808012235921942,304
VTE,22,58,EAS,0.001,0.569755471741114,304
VTE,22,58,AFR,0.001,0.503971413884762,304
VTE,22,58,CSA,0.001,0.642691738378896,304
VTE,22,58,AMR,0.001,0.536213648402932,304
VTE,22,58,MELD_lambda0_afproj,0.01,0.84733351423034,304
VTE,22,58,MELD_lambda0_reportN,0.01,0.846191072577343,304
VTE,22,58,MELD_lambda0_equal,0.01,0.789364375872709,304
VTE,22,58,MELD_lambda1_afproj,0.01,0.853628203920664,304
VTE,22,58,EUR,0.01,0.831826341591247,304
VTE,22,58,EAS,0.01,0.672737784269073,304
VTE,22,58,AFR,0.01,0.544604782501969,304
VTE,22,58,CSA,0.01,0.741927252891077,304
VTE,22,58,AMR,0.01,0.66599726852393,304
VTE,22,58,MELD_lambda0_afproj,0.1,0.824167634786375,304
VTE,22,58,MELD_lambda0_reportN,0.1,0.823686488826373,304
VTE,22,58,MELD_lambda0_equal,0.1,0.7818080110634,304
VTE,22,58,MELD_lambda1_afproj,0.1,0.829465301142408,304
VTE,22,58,EUR,0.1,0.812151166421007,304
VTE,22,58,EAS,0.1,0.701645327918096,304
VTE,22,58,AFR,0.1,0.565920661347109,304
VTE,22,58,CSA,0.1,0.738887123683704,304
VTE,22,58,AMR,0.1,0.698082802802684,304
VTE,22,60,MELD_lambda0_afproj,0.001,0.745255945276883,165
VTE,22,60,MELD_lambda0_reportN,0.001,0.752554108337919,165
VTE,22,60,MELD_lambda0_equal,0.001,0.708843753970433,165
VTE,22,60,MELD_lambda1_afproj,0.001,0.757876613157257,165
VTE,22,60,EUR,0.001,0.698577644508483,165
VTE,22,60,EAS,0.001,0.512925522662255,165
VTE,22,60,AFR,0.001,0.376739737973924,165
VTE,22,60,CSA,0.001,0.562917838874838,165
VTE,22,60,AMR,0.001,0.308739557127247,165
VTE,22,60,MELD_lambda0_afproj,0.01,0.822844709098639,165
VTE,22,60,MELD_lambda0_reportN,0.01,0.820074367535149,165
VTE,22,60,MELD_lambda0_equal,0.01,0.731043033743362,165
VTE,22,60,MELD_lambda1_afproj,0.01,0.825456080905012,165
VTE,22,60,EUR,0.01,0.815440559450573,165
VTE,22,60,EAS,0.01,0.652968539119372,165
VTE,22,60,AFR,0.01,0.385349700316494,165
VTE,22,60,CSA,0.01,0.688365997808367,165
VTE,22,60,AMR,0.01,0.537875982834817,165
VTE,22,60,MELD_lambda0_afproj,0.1,0.817016881124993,165
VTE,22,60,MELD_lambda0_reportN,0.1,0.815775235012252,165
VTE,22,60,MELD_lambda0_equal,0.1,0.723476632068761,165
VTE,22,60,MELD_lambda1_afproj,0.1,0.820082949114066,165
VTE,22,60,EUR,0.1,0.8145759816488,165
VTE,22,60,EAS,0.1,0.620259266148275,165
VTE,22,60,AFR,0.1,0.41421543960123,165
VTE,22,60,CSA,0.1,0.691435810451023,165
VTE,22,60,AMR,0.1,0.618742132323183,165
VTE,22,61,MELD_lambda0_afproj,0.001,0.933983375847964,263
VTE,22,61,MELD_lambda0_reportN,0.001,0.934410854761826,263
VTE,22,61,MELD_lambda0_equal,0.001,0.927940047090651,263
VTE,22,61,MELD_lambda1_afproj,0.001,0.93419213492848,263
VTE,22,61,EUR,0.001,0.888489749051494,263
VTE,22,61,EAS,0.001,0.834277100571112,263
VTE,22,61,AFR,0.001,0.838812188139137,263
VTE,22,61,CSA,0.001,0.786979173263278,263
VTE,22,61,AMR,0.001,0.871397866117694,263
VTE,22,61,MELD_lambda0_afproj,0.01,0.945161200409589,263
VTE,22,61,MELD_lambda0_reportN,0.01,0.945646108079536,263
VTE,22,61,MELD_lambda0_equal,0.01,0.933566995328048,263
VTE,22,61,MELD_lambda1_afproj,0.01,0.945056455288044,263
VTE,22,61,EUR,0.01,0.934196228905478,263
VTE,22,61,EAS,0.01,0.893314744010384,263
VTE,22,61,AFR,0.01,0.849170081199323,263
VTE,22,61,CSA,0.01,0.882322498661746,263
VTE,22,61,AMR,0.01,0.91379630695194,263
VTE,22,61,MELD_lambda0_afproj,0.1,0.943770887804643,263
VTE,22,61,MELD_lambda0_reportN,0.1,0.944016555205521,263
VTE,22,61,MELD_lambda0_equal,0.1,0.935218313778641,263
VTE,22,61,MELD_lambda1_afproj,0.1,0.943473748010513,263
VTE,22,61,EUR,0.1,0.941539746937599,263
VTE,22,61,EAS,0.1,0.90095398646761,263
VTE,22,61,AFR,0.1,0.850095146020739,263
VTE,22,61,CSA,0.1,0.914289736413988,263
VTE,22,61,AMR,0.1,0.916649352373402,263
VTE,22,62,MELD_lambda0_afproj,0.001,0.731543332845741,30
VTE,22,62,MELD_lambda0_reportN,0.001,0.746041628055295,30
VTE,22,62,MELD_lambda0_equal,0.001,0.805461510931244,30
VTE,22,62,MELD_lambda1_afproj,0.001,0.767871420881285,30
VTE,22,62,EUR,0.001,0.688459468698996,30
VTE,22,62,EAS,0.001,0.663149127026935,30
VTE,22,62,AFR,0.001,0.541605088465245,30
VTE,22,62,CSA,0.001,0.722684390790856,30
VTE,22,62,AMR,0.001,0.713788400812977,30
VTE,22,62,MELD_lambda0_afproj,0.01,0.737401073303235,30
VTE,22,62,MELD_lambda0_reportN,0.01,0.750146598318592,30
VTE,22,62,MELD_lambda0_equal,0.01,0.811455993201383,30
VTE,22,62,MELD_lambda1_afproj,0.01,0.770457640900496,30
VTE,22,62,EUR,0.01,0.699492575068499,30
VTE,22,62,EAS,0.01,0.66399094739311,30
VTE,22,62,AFR,0.01,0.547204551734293,30
VTE,22,62,CSA,0.01,0.742713639455667,30
VTE,22,62,AMR,0.01,0.715542850798633,30
VTE,22,62,MELD_lambda0_afproj,0.1,0.772888468764146,30
VTE,22,62,MELD_lambda0_reportN,0.1,0.779231440957426,30
VTE,22,62,MELD_lambda0_equal,0.1,0.836164386079691,30
VTE,22,62,MELD_lambda1_afproj,0.1,0.787721477339644,30
VTE,22,62,EUR,0.1,0.751907246893365,30
VTE,22,62,EAS,0.1,0.660267369821184,30
VTE,22,62,AFR,0.1,0.582401941447016,30
VTE,22,62,CSA,0.1,0.777151324630979,30
VTE,22,62,AMR,0.1,0.709084375310725,30
VTE,22,63,MELD_lambda0_afproj,0.001,0.720248070740187,58
VTE,22,63,MELD_lambda0_reportN,0.001,0.728022201839638,58
VTE,22,63,MELD_lambda0_equal,0.001,0.781498937496537,58
VTE,22,63,MELD_lambda1_afproj,0.001,0.714007464735908,58
VTE,22,63,EUR,0.001,0.678775974596094,58
VTE,22,63,EAS,0.001,0.689869797884581,58
VTE,22,63,AFR,0.001,0.44110825665491,58
VTE,22,63,CSA,0.001,0.759429608356925,58
VTE,22,63,AMR,0.001,0.686586674842355,58
VTE,22,63,MELD_lambda0_afproj,0.01,0.72232922678201,58
VTE,22,63,MELD_lambda0_reportN,0.01,0.72858852767258,58
VTE,22,63,MELD_lambda0_equal,0.01,0.783853093292986,58
VTE,22,63,MELD_lambda1_afproj,0.01,0.717322347349433,58
VTE,22,63,EUR,0.01,0.706963427832288,58
VTE,22,63,EAS,0.01,0.732737293129742,58
VTE,22,63,AFR,0.01,0.457346371258683,58
VTE,22,63,CSA,0.01,0.767793670607738,58
VTE,22,63,AMR,0.01,0.681193852893536,58
VTE,22,63,MELD_lambda0_afproj,0.1,0.729271628697483,58
VTE,22,63,MELD_lambda0_reportN,0.1,0.732447222250547,58
VTE,22,63,MELD_lambda0_equal,0.1,0.781812040345829,58
VTE,22,63,MELD_lambda1_afproj,0.1,0.727151399926528,58
VTE,22,63,EUR,0.1,0.710407925047216,58
VTE,22,63,EAS,0.1,0.752330633085998,58
VTE,22,63,AFR,0.1,0.499253382149155,58
VTE,22,63,CSA,0.1,0.774133826687524,58
VTE,22,63,AMR,0.1,0.657819989530417,58
VTE,22,64,MELD_lambda0_afproj,0.001,0.92022757008475,170
VTE,22,64,MELD_lambda0_reportN,0.001,0.920326232465736,170
VTE,22,64,MELD_lambda0_equal,0.001,0.921217503442171,170
VTE,22,64,MELD_lambda1_afproj,0.001,0.920855809509391,170
VTE,22,64,EUR,0.001,0.907725456384834,170
VTE,22,64,EAS,0.001,0.835690054426103,170
VTE,22,64,AFR,0.001,0.740983296633664,170
VTE,22,64,CSA,0.001,0.837137772862045,170
VTE,22,64,AMR,0.001,0.872338054963485,170
VTE,22,64,MELD_lambda0_afproj,0.01,0.930093086119766,170
VTE,22,64,MELD_lambda0_reportN,0.01,0.930174382762124,170
VTE,22,64,MELD_lambda0_equal,0.01,0.924981984747611,170
VTE,22,64,MELD_lambda1_afproj,0.01,0.93109525259645,170
VTE,22,64,EUR,0.01,0.923063463149336,170
VTE,22,64,EAS,0.01,0.875021703637639,170
VTE,22,64,AFR,0.01,0.795455785412973,170
VTE,22,64,CSA,0.01,0.890381304854754,170
VTE,22,64,AMR,0.01,0.902461110667731,170
VTE,22,64,MELD_lambda0_afproj,0.1,0.933985686114888,170
VTE,22,64,MELD_lambda0_reportN,0.1,0.93537641851055,170
VTE,22,64,MELD_lambda0_equal,0.1,0.927272405498158,170
VTE,22,64,MELD_lambda1_afproj,0.1,0.933410886228615,170
VTE,22,64,EUR,0.1,0.927784322252817,170
VTE,22,64,EAS,0.1,0.860558226662498,170
VTE,22,64,AFR,0.1,0.830731577275797,170
VTE,22,64,CSA,0.1,0.906655736742024,170
VTE,22,64,AMR,0.1,0.911180018535731,170
VTE,22,65,MELD_lambda0_afproj,0.001,0.794276065149252,45
VTE,22,65,MELD_lambda0_reportN,0.001,0.794432778203092,45
VTE,22,65,MELD_lambda0_equal,0.001,0.761192175008966,45
VTE,22,65,MELD_lambda1_afproj,0.001,0.793644645567316,45
VTE,22,65,EUR,0.001,0.734345443910442,45
VTE,22,65,EAS,0.001,0.619568463061862,45
VTE,22,65,AFR,0.001,0.701718917528126,45
VTE,22,65,CSA,0.001,0.794376192907453,45
VTE,22,65,AMR,0.001,0.803258112053402,45
VTE,22,65,MELD_lambda0_afproj,0.01,0.815286939517156,45
VTE,22,65,MELD_lambda0_reportN,0.01,0.814560462992191,45
VTE,22,65,MELD_lambda0_equal,0.01,0.790108337431851,45
VTE,22,65,MELD_lambda1_afproj,0.01,0.814779331258004,45
VTE,22,65,EUR,0.01,0.808799568683617,45
VTE,22,65,EAS,0.01,0.691876497714627,45
VTE,22,65,AFR,0.01,0.738289441445359,45
VTE,22,65,CSA,0.01,0.789748402781424,45
VTE,22,65,AMR,0.01,0.834701659669238,45
VTE,22,65,MELD_lambda0_afproj,0.1,0.784978109911854,45
VTE,22,65,MELD_lambda0_reportN,0.1,0.784873359352804,45
VTE,22,65,MELD_lambda0_equal,0.1,0.773818107790312,45
VTE,22,65,MELD_lambda1_afproj,0.1,0.784528426561038,45
VTE,22,65,EUR,0.1,0.786030641458087,45
VTE,22,65,EAS,0.1,0.659006641637854,45
VTE,22,65,AFR,0.1,0.768543078121381,45
VTE,22,65,CSA,0.1,0.749799686660526,45
VTE,22,65,AMR,0.1,0.803740909675822,45
VTE,22,66,MELD_lambda0_afproj,0.001,0.810566978209994,204
VTE,22,66,MELD_lambda0_reportN,0.001,0.816676425862919,204
VTE,22,66,MELD_lambda0_equal,0.001,0.834030645115554,204
VTE,22,66,MELD_lambda1_afproj,0.001,0.812193083388931,204
VTE,22,66,EUR,0.001,0.743317869483662,204
VTE,22,66,EAS,0.001,0.71965415714318,204
VTE,22,66,AFR,0.001,0.765374104540392,204
VTE,22,66,CSA,0.001,0.701558461043235,204
VTE,22,66,AMR,0.001,0.695157017060298,204
VTE,22,66,MELD_lambda0_afproj,0.01,0.849036208795965,204
VTE,22,66,MELD_lambda0_reportN,0.01,0.853737242627182,204
VTE,22,66,MELD_lambda0_equal,0.01,0.846509394186634,204
VTE,22,66,MELD_lambda1_afproj,0.01,0.84663797554067,204
VTE,22,66,EUR,0.01,0.824988472798948,204
VTE,22,66,EAS,0.01,0.783113898507394,204
VTE,22,66,AFR,0.01,0.809000530433577,204
VTE,22,66,CSA,0.01,0.786973521738617,204
VTE,22,66,AMR,0.01,0.78425164375862,204
VTE,22,66,MELD_lambda0_afproj,0.1,0.865293331889327,204
VTE,22,66,MELD_lambda0_reportN,0.1,0.865751345583097,204
VTE,22,66,MELD_lambda0_equal,0.1,0.841967807833845,204
VTE,22,66,MELD_lambda1_afproj,0.1,0.864088718617389,204
VTE,22,66,EUR,0.1,0.862869883855746,204
VTE,22,66,EAS,0.1,0.755564044724299,204
VTE,22,66,AFR,0.1,0.820218579805842,204
VTE,22,66,CSA,0.1,0.826814152692798,204
VTE,22,66,AMR,0.1,0.811689689228033,204
VTE,22,67,MELD_lambda0_afproj,0.001,0.844217915703685,187
VTE,22,67,MELD_lambda0_reportN,0.001,0.840662957043971,187
VTE,22,67,MELD_lambda0_equal,0.001,0.748367927260815,187
VTE,22,67,MELD_lambda1_afproj,0.001,0.849788620965086,187
VTE,22,67,EUR,0.001,0.825569802227238,187
VTE,22,67,EAS,0.001,0.651038240652943,187
VTE,22,67,AFR,0.001,0.571518885523247,187
VTE,22,67,CSA,0.001,0.700466813011513,187
VTE,22,67,AMR,0.001,0.612120036333173,187
VTE,22,67,MELD_lambda0_afproj,0.01,0.861041551961523,187
VTE,22,67,MELD_lambda0_reportN,0.01,0.862149855625732,187
VTE,22,67,MELD_lambda0_equal,0.01,0.761063837138226,187
VTE,22,67,MELD_lambda1_afproj,0.01,0.86420119844465,187
VTE,22,67,EUR,0.01,0.861761102734183,187
VTE,22,67,EAS,0.01,0.642440515656577,187
VTE,22,67,AFR,0.01,0.614539699837668,187
VTE,22,67,CSA,0.01,0.76077854776407,187
VTE,22,67,AMR,0.01,0.741389199944456,187
VTE,22,67,MELD_lambda0_afproj,0.1,0.840066031056232,187
VTE,22,67,MELD_lambda0_reportN,0.1,0.843394961445548,187
VTE,22,67,MELD_lambda0_equal,0.1,0.762348883273507,187
VTE,22,67,MELD_lambda1_afproj,0.1,0.84189324311322,187
VTE,22,67,EUR,0.1,0.852372939678839,187
VTE,22,67,EAS,0.1,0.587442939911727,187
VTE,22,67,AFR,0.1,0.6226960692643,187
VTE,22,67,CSA,0.1,0.762279888619593,187
VTE,22,67,AMR,0.1,0.732942841220633,187
VTE,22,68,MELD_lambda0_afproj,0.001,0.865693295904215,126
VTE,22,68,MELD_lambda0_reportN,0.001,0.866984384398184,126
VTE,22,68,MELD_lambda0_equal,0.001,0.847002033049611,126
VTE,22,68,MELD_lambda1_afproj,0.001,0.867302948471836,126
VTE,22,68,EUR,0.001,0.805916592103441,126
VTE,22,68,EAS,0.001,0.665507140830295,126
VTE,22,68,AFR,0.001,0.642869462865849,126
VTE,22,68,CSA,0.001,0.728995627715746,126
VTE,22,68,AMR,0.001,0.747484417210127,126
VTE,22,68,MELD_lambda0_afproj,0.01,0.876529019980321,126
VTE,22,68,MELD_lambda0_reportN,0.01,0.878629764654988,126
VTE,22,68,MELD_lambda0_equal,0.01,0.852909684162695,126
VTE,22,68,MELD_lambda1_afproj,0.01,0.876862863253107,126
VTE,22,68,EUR,0.01,0.84138048104036,126
VTE,22,68,EAS,0.01,0.755460774628144,126
VTE,22,68,AFR,0.01,0.656629294880277,126
VTE,22,68,CSA,0.01,0.755383480733139,126
VTE,22,68,AMR,0.01,0.774473130805084,126
VTE,22,68,MELD_lambda0_afproj,0.1,0.892826586564903,126
VTE,22,68,MELD_lambda0_reportN,0.1,0.893083468916301,126
VTE,22,68,MELD_lambda0_equal,0.1,0.856216928362199,126
VTE,22,68,MELD_lambda1_afproj,0.1,0.888782658603574,126
VTE,22,68,EUR,0.1,0.889381832988056,126
VTE,22,68,EAS,0.1,0.802122804602254,126
VTE,22,68,AFR,0.1,0.670868089793834,126
VTE,22,68,CSA,0.1,0.789623598983551,126
VTE,22,68,AMR,0.1,0.799344772422107,126
VTE,22,70,MELD_lambda0_afproj,0.001,0.737711807306177,183
VTE,22,70,MELD_lambda0_reportN,0.001,0.742694523438774,183
VTE,22,70,MELD_lambda0_equal,0.001,0.782600611680821,183
VTE,22,70,MELD_lambda1_afproj,0.001,0.728755768738524,183
VTE,22,70,EUR,0.001,0.641638065248782,183
VTE,22,70,EAS,0.001,0.398505223713429,183
VTE,22,70,AFR,0.001,0.292419506469663,183
VTE,22,70,CSA,0.001,0.593378363532684,183
VTE,22,70,AMR,0.001,0.548058657923811,183
VTE,22,70,MELD_lambda0_afproj,0.01,0.760824669764604,183
VTE,22,70,MELD_lambda0_reportN,0.01,0.762996970932549,183
VTE,22,70,MELD_lambda0_equal,0.01,0.78461439751113,183
VTE,22,70,MELD_lambda1_afproj,0.01,0.752856078034047,183
VTE,22,70,EUR,0.01,0.730465129441218,183
VTE,22,70,EAS,0.01,0.476823887270115,183
VTE,22,70,AFR,0.01,0.334696961047649,183
VTE,22,70,CSA,0.01,0.65191229142305,183
VTE,22,70,AMR,0.01,0.584668610439573,183
VTE,22,70,MELD_lambda0_afproj,0.1,0.775632783928837,183
VTE,22,70,MELD_lambda0_reportN,0.1,0.778116341544105,183
VTE,22,70,MELD_lambda0_equal,0.1,0.787031594632151,183
VTE,22,70,MELD_lambda1_afproj,0.1,0.77143901374786,183
VTE,22,70,EUR,0.1,0.768033413073775,183
VTE,22,70,EAS,0.1,0.507155804424138,183
VTE,22,70,AFR,0.1,0.357381111107176,183
VTE,22,70,CSA,0.1,0.686344797098802,183
VTE,22,70,AMR,0.1,0.574579622821926,183
VTE,22,71,MELD_lambda0_afproj,0.001,0.915682104633788,147
VTE,22,71,MELD_lambda0_reportN,0.001,0.914656192000175,147
VTE,22,71,MELD_lambda0_equal,0.001,0.899227364562684,147
VTE,22,71,MELD_lambda1_afproj,0.001,0.91267849470451,147
VTE,22,71,EUR,0.001,0.911989109347891,147
VTE,22,71,EAS,0.001,0.562188297436944,147
VTE,22,71,AFR,0.001,0.681766102128199,147
VTE,22,71,CSA,0.001,0.856323428640296,147
VTE,22,71,AMR,0.001,0.781113731981821,147
VTE,22,71,MELD_lambda0_afproj,0.01,0.916230104428454,147
VTE,22,71,MELD_lambda0_reportN,0.01,0.914709131810453,147
VTE,22,71,MELD_lambda0_equal,0.01,0.897592586630388,147
VTE,22,71,MELD_lambda1_afproj,0.01,0.914090430226851,147
VTE,22,71,EUR,0.01,0.917325890195507,147
VTE,22,71,EAS,0.01,0.755620876117849,147
VTE,22,71,AFR,0.01,0.694445153989206,147
VTE,22,71,CSA,0.01,0.887523815461452,147
VTE,22,71,AMR,0.01,0.80169203916297,147
VTE,22,71,MELD_lambda0_afproj,0.1,0.902929924375906,147
VTE,22,71,MELD_lambda0_reportN,0.1,0.901816468206705,147
VTE,22,71,MELD_lambda0_equal,0.1,0.885720839038846,147
VTE,22,71,MELD_lambda1_afproj,0.1,0.900172850736105,147
VTE,22,71,EUR,0.1,0.900424046019733,147
VTE,22,71,EAS,0.1,0.78419112140305,147
VTE,22,71,AFR,0.1,0.701015533268016,147
VTE,22,71,CSA,0.1,0.884783184050079,147
VTE,22,71,AMR,0.1,0.8315978037952,147
VTE,22,72,MELD_lambda0_afproj,0.001,0.583578805100839,55
VTE,22,72,MELD_lambda0_reportN,0.001,0.598773831282157,55
VTE,22,72,MELD_lambda0_equal,0.001,0.674877173275731,55
VTE,22,72,MELD_lambda1_afproj,0.001,0.593406003595156,55
VTE,22,72,EUR,0.001,0.556166668896599,55
VTE,22,72,EAS,0.001,0.572552728769104,55
VTE,22,72,AFR,0.001,0.459988110737278,55
VTE,22,72,CSA,0.001,0.561291314289896,55
VTE,22,72,AMR,0.001,0.65859745134255,55
VTE,22,72,MELD_lambda0_afproj,0.01,0.603048302028345,55
VTE,22,72,MELD_lambda0_reportN,0.01,0.61766667515715,55
VTE,22,72,MELD_lambda0_equal,0.01,0.691127361643874,55
VTE,22,72,MELD_lambda1_afproj,0.01,0.615579237036307,55
VTE,22,72,EUR,0.01,0.58427822413713,55
VTE,22,72,EAS,0.01,0.586955648406381,55
VTE,22,72,AFR,0.01,0.481216042559605,55
VTE,22,72,CSA,0.01,0.575013109699133,55
VTE,22,72,AMR,0.01,0.700778227949766,55
VTE,22,72,MELD_lambda0_afproj,0.1,0.719740950608398,55
VTE,22,72,MELD_lambda0_reportN,0.1,0.73066392569171,55
VTE,22,72,MELD_lambda0_equal,0.1,0.748269003854772,55
VTE,22,72,MELD_lambda1_afproj,0.1,0.734805371485434,55
VTE,22,72,EUR,0.1,0.724143498301853,55
VTE,22,72,EAS,0.1,0.659438453346937,55
VTE,22,72,AFR,0.1,0.535297081045513,55
VTE,22,72,CSA,0.1,0.641203513452329,55
VTE,22,72,AMR,0.1,0.728490317625687,55
VTE,22,74,MELD_lambda0_afproj,0.001,0.890240250916161,354
VTE,22,74,MELD_lambda0_reportN,0.001,0.891717351620042,354
VTE,22,74,MELD_lambda0_equal,0.001,0.87055080446267,354
VTE,22,74,MELD_lambda1_afproj,0.001,0.887615120450611,354
VTE,22,74,EUR,0.001,0.839352187371488,354
VTE,22,74,EAS,0.001,0.610604948495767,354
VTE,22,74,AFR,0.001,0.552478184861534,354
VTE,22,74,CSA,0.001,0.751735555227027,354
VTE,22,74,AMR,0.001,0.612813773170787,354
VTE,22,74,MELD_lambda0_afproj,0.01,0.889494977359553,354
VTE,22,74,MELD_lambda0_reportN,0.01,0.890542488046856,354
VTE,22,74,MELD_lambda0_equal,0.01,0.867171564575254,354
VTE,22,74,MELD_lambda1_afproj,0.01,0.886824884312955,354
VTE,22,74,EUR,0.01,0.867395306082024,354
VTE,22,74,EAS,0.01,0.741828386127801,354
VTE,22,74,AFR,0.01,0.602106198508234,354
VTE,22,74,CSA,0.01,0.818125584563528,354
VTE,22,74,AMR,0.01,0.740278074591247,354
VTE,22,74,MELD_lambda0_afproj,0.1,0.88104267556964,354
VTE,22,74,MELD_lambda0_reportN,0.1,0.880521877244791,354
VTE,22,74,MELD_lambda0_equal,0.1,0.849864598068245,354
VTE,22,74,MELD_lambda1_afproj,0.1,0.879405739733946,354
VTE,22,74,EUR,0.1,0.875754817100278,354
VTE,22,74,EAS,0.1,0.726016090577941,354
VTE,22,74,AFR,0.1,0.656205947122547,354
VTE,22,74,CSA,0.1,0.826413977322737,354
VTE,22,74,AMR,0.1,0.783242145762384,354
