trait,sweep_kind,sweep_id,delta,comparison,mean_diff,sd,lo95,hi95
IPF,EUR_AFR,EUR_AFR_01,0.001,MELD_lambda0_true − EUR,0.275653015060408,0.0314876390009049,0.215385783755274,0.341842202813958
IPF,EUR_AFR,EUR_AFR_01,0.001,MELD_lambda0_true − EAS,0.370164558448409,0.0239991778888027,0.326250399060454,0.42131332676113
IPF,EUR_AFR,EUR_AFR_01,0.001,MELD_lambda0_true − AFR,0.000353126198272317,0.000345817640124895,-6.22465454266942e-11,0.00113572791950912
IPF,EUR_AFR,EUR_AFR_01,0.001,MELD_lambda0_true − AMR,0.205763861393098,0.0286072090876038,0.143926430376221,0.258307377632599
IPF,EUR_AFR,EUR_AFR_01,0.001,MELD_lambda0_true − MELD_lambda0_equal,-0.126400711209989,0.0246639352957938,-0.174444148525658,-0.0802131490434121
IPF,EUR_AFR,EUR_AFR_01,0.001,MELD_lambda0_true − MELD_lambda0_scrambled,0.370164558448401,0.0236847184999233,0.325724473823391,0.418840824014743
IPF,EUR_AFR,EUR_AFR_01,0.001,MELD_lambda1_true − MELD_lambda0_true,0,0,0,0
IPF,EUR_AFR,EUR_AFR_01,0.01,MELD_lambda0_true − EUR,0.209058558358661,0.0231327908927023,0.163878453978038,0.254559167164493
IPF,EUR_AFR,EUR_AFR_01,0.01,MELD_lambda0_true − EAS,0.29842465339996,0.0210965336863237,0.255702135832509,0.339495756863236
IPF,EUR_AFR,EUR_AFR_01,0.01,MELD_lambda0_true − AFR,0.000388725922169854,0.000385051270134961,-6.64695362780964e-11,0.00124724329716357
IPF,EUR_AFR,EUR_AFR_01,0.01,MELD_lambda0_true − AMR,0.169795841157332,0.0233955271195323,0.123782838044144,0.217093031182566
IPF,EUR_AFR,EUR_AFR_01,0.01,MELD_lambda0_true − MELD_lambda0_equal,-0.0586695978084086,0.0146013743409595,-0.0885311956376016,-0.030508897657554
IPF,EUR_AFR,EUR_AFR_01,0.01,MELD_lambda0_true − MELD_lambda0_scrambled,0.298424653399959,0.02043103729383,0.259736695315443,0.337828906477697
IPF,EUR_AFR,EUR_AFR_01,0.01,MELD_lambda1_true − MELD_lambda0_true,0,0,0,0
IPF,EUR_AFR,EUR_AFR_01,0.1,MELD_lambda0_true − EUR,0.182047232734908,0.0200986524703829,0.142047603969685,0.219878585759263
IPF,EUR_AFR,EUR_AFR_01,0.1,MELD_lambda0_true − EAS,0.244159607675996,0.0187471070613144,0.205910405832459,0.279225982784764
IPF,EUR_AFR,EUR_AFR_01,0.1,MELD_lambda0_true − AFR,0.000384391093725276,0.000379070492828744,-6.33106693663534e-12,0.00123337566212936
IPF,EUR_AFR,EUR_AFR_01,0.1,MELD_lambda0_true − AMR,0.154277862414169,0.0203591305936266,0.114622207318054,0.194442855438315
IPF,EUR_AFR,EUR_AFR_01,0.1,MELD_lambda0_true − MELD_lambda0_equal,-0.0154705782704228,0.0128106511762092,-0.0412297338705122,0.00870273325324414
IPF,EUR_AFR,EUR_AFR_01,0.1,MELD_lambda0_true − MELD_lambda0_scrambled,0.244159607675996,0.018845510302682,0.208173192995938,0.281060168561469
IPF,EUR_AFR,EUR_AFR_01,0.1,MELD_lambda1_true − MELD_lambda0_true,0,0,0,0
IPF,EUR_AFR,EUR_AFR_02,0.001,MELD_lambda0_true − EUR,0.373424959222877,0.0248735473641435,0.323983729114179,0.420773727129472
IPF,EUR_AFR,EUR_AFR_02,0.001,MELD_lambda0_true − EAS,0.417218257766957,0.0280465885292266,0.357932974861746,0.470274821243392
IPF,EUR_AFR,EUR_AFR_02,0.001,MELD_lambda0_true − AFR,0.111836083014718,0.01646758735966,0.0792030601916981,0.14413895441081
IPF,EUR_AFR,EUR_AFR_02,0.001,MELD_lambda0_true − AMR,0.291892973588677,0.0238268242034578,0.243261487138518,0.334419652472074
IPF,EUR_AFR,EUR_AFR_02,0.001,MELD_lambda0_true − MELD_lambda0_equal,-0.0161876376311155,0.0141769436361856,-0.0459131072291115,0.00905832908264484
IPF,EUR_AFR,EUR_AFR_02,0.001,MELD_lambda0_true − MELD_lambda0_scrambled,0.131275609977655,0.0214881040510543,0.0900186009887494,0.174345785639762
IPF,EUR_AFR,EUR_AFR_02,0.001,MELD_lambda1_true − MELD_lambda0_true,0.00624363916562275,0.00301369619721747,0.000824909751573746,0.0124512406582896
IPF,EUR_AFR,EUR_AFR_02,0.01,MELD_lambda0_true − EUR,0.254696145825133,0.0203307159262492,0.212843252314522,0.292307441695165
IPF,EUR_AFR,EUR_AFR_02,0.01,MELD_lambda0_true − EAS,0.296895788173725,0.0204328521284599,0.257348532888941,0.335194449844188
IPF,EUR_AFR,EUR_AFR_02,0.01,MELD_lambda0_true − AFR,0.061646621560187,0.00986081643570528,0.0417190324397223,0.0801395820598153
IPF,EUR_AFR,EUR_AFR_02,0.01,MELD_lambda0_true − AMR,0.191694516805952,0.0168010491537768,0.158086377653343,0.224355621884432
IPF,EUR_AFR,EUR_AFR_02,0.01,MELD_lambda0_true − MELD_lambda0_equal,-0.00167641656706791,0.00962376639030099,-0.0212950334744392,0.0164247867457927
IPF,EUR_AFR,EUR_AFR_02,0.01,MELD_lambda0_true − MELD_lambda0_scrambled,0.0971782448350793,0.012787802324796,0.0722309981927373,0.12222266340366
IPF,EUR_AFR,EUR_AFR_02,0.01,MELD_lambda1_true − MELD_lambda0_true,0.00397949147119434,0.0017762261200318,0.000751160731577365,0.00770055513786983
IPF,EUR_AFR,EUR_AFR_02,0.1,MELD_lambda0_true − EUR,0.20816418651878,0.0165153906463309,0.174765747744052,0.238781529805358
IPF,EUR_AFR,EUR_AFR_02,0.1,MELD_lambda0_true − EAS,0.244494522408663,0.014383847422403,0.21482872293209,0.271792412719374
IPF,EUR_AFR,EUR_AFR_02,0.1,MELD_lambda0_true − AFR,0.0385456886857283,0.00626751190643805,0.0257806442824745,0.0508707543244025
IPF,EUR_AFR,EUR_AFR_02,0.1,MELD_lambda0_true − AMR,0.160721685578977,0.0122239241984961,0.13642216557712,0.184459783940834
IPF,EUR_AFR,EUR_AFR_02,0.1,MELD_lambda0_true − MELD_lambda0_equal,0.0133666025668263,0.00686848096708009,0.000297215388382366,0.0269957635832915
IPF,EUR_AFR,EUR_AFR_02,0.1,MELD_lambda0_true − MELD_lambda0_scrambled,0.0928569213101773,0.00921993128094663,0.074702932190338,0.110380008117045
IPF,EUR_AFR,EUR_AFR_02,0.1,MELD_lambda1_true − MELD_lambda0_true,0.00205353684173929,0.00112404553198597,-3.98907540407507e-06,0.00438202793138978
IPF,EUR_AFR,EUR_AFR_03,0.001,MELD_lambda0_true − EUR,0.360262090471455,0.02340626098992,0.315494955511108,0.40848944224506
IPF,EUR_AFR,EUR_AFR_03,0.001,MELD_lambda0_true − EAS,0.44282310917997,0.0163743122282361,0.411241391902015,0.475335372775272
IPF,EUR_AFR,EUR_AFR_03,0.001,MELD_lambda0_true − AFR,0.138930996909266,0.0189592009948832,0.102129864334181,0.174554178199858
IPF,EUR_AFR,EUR_AFR_03,0.001,MELD_lambda0_true − AMR,0.312898323356001,0.024125817648684,0.260971295379512,0.358572639576104
IPF,EUR_AFR,EUR_AFR_03,0.001,MELD_lambda0_true − MELD_lambda0_equal,-0.0175728520264197,0.0119779606054373,-0.0416087599365094,0.00557389970495742
IPF,EUR_AFR,EUR_AFR_03,0.001,MELD_lambda0_true − MELD_lambda0_scrambled,0,0,0,0
IPF,EUR_AFR,EUR_AFR_03,0.001,MELD_lambda1_true − MELD_lambda0_true,0.000454240194527397,0.00483750334021118,-0.00787139934388056,0.0113718847527378
IPF,EUR_AFR,EUR_AFR_03,0.01,MELD_lambda0_true − EUR,0.229310532341395,0.0125806744941367,0.204443381092976,0.25549357896257
IPF,EUR_AFR,EUR_AFR_03,0.01,MELD_lambda0_true − EAS,0.327721256261816,0.0144846786315846,0.296876292271836,0.353390030952226
IPF,EUR_AFR,EUR_AFR_03,0.01,MELD_lambda0_true − AFR,0.0828945632922215,0.0116333284453825,0.059795619818657,0.105070368633884
IPF,EUR_AFR,EUR_AFR_03,0.01,MELD_lambda0_true − AMR,0.215280602403817,0.0162334832778595,0.183901931327998,0.244457026131129
IPF,EUR_AFR,EUR_AFR_03,0.01,MELD_lambda0_true − MELD_lambda0_equal,-0.00109205099790191,0.00613205831150028,-0.0131630895435174,0.0109876104246576
IPF,EUR_AFR,EUR_AFR_03,0.01,MELD_lambda0_true − MELD_lambda0_scrambled,0,0,0,0
IPF,EUR_AFR,EUR_AFR_03,0.01,MELD_lambda1_true − MELD_lambda0_true,8.89255224408417e-05,0.00299711859297965,-0.00492419689276953,0.00665621883993704
IPF,EUR_AFR,EUR_AFR_03,0.1,MELD_lambda0_true − EUR,0.193043342176826,0.0101883304038522,0.172241345710501,0.212607886772618
IPF,EUR_AFR,EUR_AFR_03,0.1,MELD_lambda0_true − EAS,0.267935875146646,0.0133748095550213,0.240751859156686,0.293600970602933
IPF,EUR_AFR,EUR_AFR_03,0.1,MELD_lambda0_true − AFR,0.0583827770969985,0.00863373493630109,0.0417456766857459,0.0749993061718919
IPF,EUR_AFR,EUR_AFR_03,0.1,MELD_lambda0_true − AMR,0.171958749259214,0.0126948279497807,0.145431483631515,0.196170248389181
IPF,EUR_AFR,EUR_AFR_03,0.1,MELD_lambda0_true − MELD_lambda0_equal,0.012760617827618,0.00528594828110971,0.00293647208241267,0.0237439041648288
IPF,EUR_AFR,EUR_AFR_03,0.1,MELD_lambda0_true − MELD_lambda0_scrambled,0,0,0,0
IPF,EUR_AFR,EUR_AFR_03,0.1,MELD_lambda1_true − MELD_lambda0_true,-0.000507235602021447,0.00198135609246107,-0.00413305674929996,0.00365535273385506
IPF,EUR_AFR,EUR_AFR_04,0.001,MELD_lambda0_true − EUR,0.372025318911077,0.0154718853751107,0.341043662122559,0.401487255636823
IPF,EUR_AFR,EUR_AFR_04,0.001,MELD_lambda0_true − EAS,0.466932013881967,0.0223593374532637,0.421467338852929,0.509770822507515
IPF,EUR_AFR,EUR_AFR_04,0.001,MELD_lambda0_true − AFR,0.165951865054063,0.0163975365098617,0.132733979763789,0.196351018524826
IPF,EUR_AFR,EUR_AFR_04,0.001,MELD_lambda0_true − AMR,0.355100813064452,0.0261262578375409,0.301117964075329,0.405610139345982
IPF,EUR_AFR,EUR_AFR_04,0.001,MELD_lambda0_true − MELD_lambda0_equal,-0.00834759983107023,0.0122159741145912,-0.0345917450444031,0.0137651335103668
IPF,EUR_AFR,EUR_AFR_04,0.001,MELD_lambda0_true − MELD_lambda0_scrambled,0.0334708261334833,0.00675877592421141,0.0198543791882454,0.0458021566109035
IPF,EUR_AFR,EUR_AFR_04,0.001,MELD_lambda1_true − MELD_lambda0_true,-0.00348789298014153,0.00241020962048338,-0.00821937384077517,0.00117260539860556
IPF,EUR_AFR,EUR_AFR_04,0.01,MELD_lambda0_true − EUR,0.240890756537584,0.0126101855504296,0.214776939942195,0.263566739326445
IPF,EUR_AFR,EUR_AFR_04,0.01,MELD_lambda0_true − EAS,0.313680868335887,0.0173057787794567,0.279071832702139,0.347649135932577
IPF,EUR_AFR,EUR_AFR_04,0.01,MELD_lambda0_true − AFR,0.111601026116364,0.0108553698543568,0.0900313917502917,0.132519277751461
IPF,EUR_AFR,EUR_AFR_04,0.01,MELD_lambda0_true − AMR,0.233506254024999,0.0235622729165887,0.185665497866139,0.278648919454828
IPF,EUR_AFR,EUR_AFR_04,0.01,MELD_lambda0_true − MELD_lambda0_equal,0.00300528242460675,0.00758088750452202,-0.0138109410335801,0.0158829069951626
IPF,EUR_AFR,EUR_AFR_04,0.01,MELD_lambda0_true − MELD_lambda0_scrambled,0.0238622611382556,0.00602389749351168,0.011523183527106,0.0351235393301019
IPF,EUR_AFR,EUR_AFR_04,0.01,MELD_lambda1_true − MELD_lambda0_true,-0.00314499004127554,0.00172823092572148,-0.00648806871055339,0.000255146799474653
IPF,EUR_AFR,EUR_AFR_04,0.1,MELD_lambda0_true − EUR,0.182326404665289,0.0104786925698612,0.161224014414703,0.202238327233722
IPF,EUR_AFR,EUR_AFR_04,0.1,MELD_lambda0_true − EAS,0.236163494985451,0.0144388096917115,0.206206062256349,0.263256283015598
IPF,EUR_AFR,EUR_AFR_04,0.1,MELD_lambda0_true − AFR,0.0790993966457922,0.00775195296952005,0.0638450606260724,0.0942593393010717
IPF,EUR_AFR,EUR_AFR_04,0.1,MELD_lambda0_true − AMR,0.168390488944445,0.0144053839751028,0.140515978816738,0.197933032792103
IPF,EUR_AFR,EUR_AFR_04,0.1,MELD_lambda0_true − MELD_lambda0_equal,0.0134276012251742,0.00548214472414386,0.00190251590322655,0.0238250494410218
IPF,EUR_AFR,EUR_AFR_04,0.1,MELD_lambda0_true − MELD_lambda0_scrambled,0.0198131721141669,0.00499617789776793,0.00930260358514937,0.0288507149260395
IPF,EUR_AFR,EUR_AFR_04,0.1,MELD_lambda1_true − MELD_lambda0_true,-0.00312074194115642,0.00129491916529063,-0.00561479885245033,-0.000583706053662384
IPF,EUR_AFR,EUR_AFR_05,0.001,MELD_lambda0_true − EUR,0.362579923182391,0.0200397950763458,0.323893141533622,0.402167020726977
IPF,EUR_AFR,EUR_AFR_05,0.001,MELD_lambda0_true − EAS,0.449571455959984,0.0239795420059182,0.401627728774915,0.495705927602877
IPF,EUR_AFR,EUR_AFR_05,0.001,MELD_lambda0_true − AFR,0.174944895057972,0.0184087730489761,0.13662103307143,0.208770869072795
IPF,EUR_AFR,EUR_AFR_05,0.001,MELD_lambda0_true − AMR,0.308721987693955,0.0178946056836073,0.273080750031771,0.34176174253186
IPF,EUR_AFR,EUR_AFR_05,0.001,MELD_lambda0_true − MELD_lambda0_equal,-0.00551889327862654,0.00867292902048687,-0.0229405426572713,0.0112046927467326
IPF,EUR_AFR,EUR_AFR_05,0.001,MELD_lambda0_true − MELD_lambda0_scrambled,0.0389224380936229,0.00745241357470795,0.0246316851047574,0.0535144357394042
IPF,EUR_AFR,EUR_AFR_05,0.001,MELD_lambda1_true − MELD_lambda0_true,-0.00178719256472552,0.00301296086043307,-0.00727533869700207,0.0044644674791982
IPF,EUR_AFR,EUR_AFR_05,0.01,MELD_lambda0_true − EUR,0.232970593070465,0.0141655179030328,0.203649606813985,0.258639830313394
IPF,EUR_AFR,EUR_AFR_05,0.01,MELD_lambda0_true − EAS,0.309197065612067,0.0189742461224661,0.274520528686806,0.34810115265587
IPF,EUR_AFR,EUR_AFR_05,0.01,MELD_lambda0_true − AFR,0.110933923114422,0.0124619213287836,0.0851818882742243,0.133913567932796
IPF,EUR_AFR,EUR_AFR_05,0.01,MELD_lambda0_true − AMR,0.219390383292419,0.0163009572544008,0.186319978387092,0.249380330739288
IPF,EUR_AFR,EUR_AFR_05,0.01,MELD_lambda0_true − MELD_lambda0_equal,0.00421752964769622,0.00523886524626375,-0.00554062641242661,0.0144546315596386
IPF,EUR_AFR,EUR_AFR_05,0.01,MELD_lambda0_true − MELD_lambda0_scrambled,0.0244404911868178,0.00460835552959823,0.0153743746675404,0.0334055844479436
IPF,EUR_AFR,EUR_AFR_05,0.01,MELD_lambda1_true − MELD_lambda0_true,0.000549713025054599,0.00235384562705817,-0.00380375308489155,0.00556121990556975
IPF,EUR_AFR,EUR_AFR_05,0.1,MELD_lambda0_true − EUR,0.174249078022974,0.0140681732539273,0.146214081984216,0.200074826297736
IPF,EUR_AFR,EUR_AFR_05,0.1,MELD_lambda0_true − EAS,0.234563865391059,0.0153693537155853,0.205442334983872,0.264939058660481
IPF,EUR_AFR,EUR_AFR_05,0.1,MELD_lambda0_true − AFR,0.0760785746109502,0.00857133437929052,0.0585302464425221,0.0914648776665079
IPF,EUR_AFR,EUR_AFR_05,0.1,MELD_lambda0_true − AMR,0.164553099469538,0.0127018882239604,0.139619359045751,0.189091525474678
IPF,EUR_AFR,EUR_AFR_05,0.1,MELD_lambda0_true − MELD_lambda0_equal,0.0109195033715268,0.00436747021470636,0.002095716053506,0.0194846939598132
IPF,EUR_AFR,EUR_AFR_05,0.1,MELD_lambda0_true − MELD_lambda0_scrambled,0.019946315880131,0.00341381656890638,0.013655645828887,0.0266183905888816
IPF,EUR_AFR,EUR_AFR_05,0.1,MELD_lambda1_true − MELD_lambda0_true,-0.000524594385914834,0.00153229079564192,-0.003435812213095,0.00255788595129062
IPF,EUR_AFR,EUR_AFR_06,0.001,MELD_lambda0_true − EUR,0.353557147249749,0.0183934690014527,0.31702857123922,0.388217618686183
IPF,EUR_AFR,EUR_AFR_06,0.001,MELD_lambda0_true − EAS,0.44191643884912,0.0191430754748979,0.403962289796449,0.478598373732761
IPF,EUR_AFR,EUR_AFR_06,0.001,MELD_lambda0_true − AFR,0.233204356649885,0.0244156026843514,0.182347809433271,0.278781358466448
IPF,EUR_AFR,EUR_AFR_06,0.001,MELD_lambda0_true − AMR,0.309648330541641,0.0243284841392179,0.260530704123325,0.356088672438112
IPF,EUR_AFR,EUR_AFR_06,0.001,MELD_lambda0_true − MELD_lambda0_equal,-0.00124933232283577,0.00738670709173311,-0.0161074412637103,0.0123853458934034
IPF,EUR_AFR,EUR_AFR_06,0.001,MELD_lambda0_true − MELD_lambda0_scrambled,0.0575158930986841,0.00987428874792075,0.0393772835196047,0.077264947351908
IPF,EUR_AFR,EUR_AFR_06,0.001,MELD_lambda1_true − MELD_lambda0_true,-0.00171711503901526,0.00344477069685681,-0.00818659574440674,0.00520438233250462
IPF,EUR_AFR,EUR_AFR_06,0.01,MELD_lambda0_true − EUR,0.206299314534036,0.0132549508639742,0.179168076923894,0.232515290467648
IPF,EUR_AFR,EUR_AFR_06,0.01,MELD_lambda0_true − EAS,0.273462181734359,0.0159459383914908,0.241870064000343,0.304534844022788
IPF,EUR_AFR,EUR_AFR_06,0.01,MELD_lambda0_true − AFR,0.160337321774581,0.0182755592209743,0.124078476034591,0.195710897400232
IPF,EUR_AFR,EUR_AFR_06,0.01,MELD_lambda0_true − AMR,0.214267023827024,0.0227983778696936,0.170409109939644,0.259282940528182
IPF,EUR_AFR,EUR_AFR_06,0.01,MELD_lambda0_true − MELD_lambda0_equal,0.00346673311075637,0.00504667826550278,-0.00678932482425617,0.0127961035348557
IPF,EUR_AFR,EUR_AFR_06,0.01,MELD_lambda0_true − MELD_lambda0_scrambled,0.0399451503038085,0.00651492185795,0.0282777433237393,0.0541471649678748
IPF,EUR_AFR,EUR_AFR_06,0.01,MELD_lambda1_true − MELD_lambda0_true,-0.000393018807251256,0.00203626664142211,-0.00441448520572781,0.0035883167387215
IPF,EUR_AFR,EUR_AFR_06,0.1,MELD_lambda0_true − EUR,0.149917049391853,0.0119388441159454,0.127878997702838,0.174461015084975
IPF,EUR_AFR,EUR_AFR_06,0.1,MELD_lambda0_true − EAS,0.213067461902316,0.0162651667505039,0.182150616147309,0.244825860605255
IPF,EUR_AFR,EUR_AFR_06,0.1,MELD_lambda0_true − AFR,0.110140159064481,0.0132562741151953,0.083720234637056,0.13577106095713
IPF,EUR_AFR,EUR_AFR_06,0.1,MELD_lambda0_true − AMR,0.162162465132023,0.0194758596185461,0.124243118413437,0.200601415505384
IPF,EUR_AFR,EUR_AFR_06,0.1,MELD_lambda0_true − MELD_lambda0_equal,0.013077356311959,0.00409444791162654,0.00532330249489646,0.0210258197126993
IPF,EUR_AFR,EUR_AFR_06,0.1,MELD_lambda0_true − MELD_lambda0_scrambled,0.0369136380170611,0.00658464932067871,0.0244171269977497,0.0504533015933224
IPF,EUR_AFR,EUR_AFR_06,0.1,MELD_lambda1_true − MELD_lambda0_true,-0.000497992264519089,0.00172746960785612,-0.00402538915875447,0.00273304300290719
IPF,EUR_AFR,EUR_AFR_07,0.001,MELD_lambda0_true − EUR,0.273791175458557,0.0197231770849727,0.236813963691966,0.312367114156797
IPF,EUR_AFR,EUR_AFR_07,0.001,MELD_lambda0_true − EAS,0.430315289252991,0.01970939755395,0.392192733948505,0.469458477227697
IPF,EUR_AFR,EUR_AFR_07,0.001,MELD_lambda0_true − AFR,0.209924782471964,0.0193153415651108,0.170413627356234,0.245913786746936
IPF,EUR_AFR,EUR_AFR_07,0.001,MELD_lambda0_true − AMR,0.264263254827682,0.020724718846718,0.221918990767958,0.30399793288548
IPF,EUR_AFR,EUR_AFR_07,0.001,MELD_lambda0_true − MELD_lambda0_equal,0.00564018501829516,0.00815229198230401,-0.00970097443489293,0.0222899928573945
IPF,EUR_AFR,EUR_AFR_07,0.001,MELD_lambda0_true − MELD_lambda0_scrambled,0.0618635740595244,0.00775058122633184,0.0460263184322668,0.0767491126632238
IPF,EUR_AFR,EUR_AFR_07,0.001,MELD_lambda1_true − MELD_lambda0_true,-0.00423889514051397,0.00209767412400574,-0.00847662849970443,-0.000178648324052994
IPF,EUR_AFR,EUR_AFR_07,0.01,MELD_lambda0_true − EUR,0.164178737115967,0.0111189875886364,0.142475443236443,0.184480387299389
IPF,EUR_AFR,EUR_AFR_07,0.01,MELD_lambda0_true − EAS,0.274277406080237,0.0130394625268116,0.247989353393324,0.299084546439322
IPF,EUR_AFR,EUR_AFR_07,0.01,MELD_lambda0_true − AFR,0.131599954958444,0.0126926959163057,0.106930537760034,0.157794266911381
IPF,EUR_AFR,EUR_AFR_07,0.01,MELD_lambda0_true − AMR,0.173094424492348,0.0167814308618229,0.139465308688127,0.205235457635585
IPF,EUR_AFR,EUR_AFR_07,0.01,MELD_lambda0_true − MELD_lambda0_equal,0.0106409653404827,0.00562279066055785,-0.0002007683672096,0.0218839522259733
IPF,EUR_AFR,EUR_AFR_07,0.01,MELD_lambda0_true − MELD_lambda0_scrambled,0.0457095444031874,0.00703400488695548,0.0323088301552749,0.0600006596059435
IPF,EUR_AFR,EUR_AFR_07,0.01,MELD_lambda1_true − MELD_lambda0_true,-0.00238098973162552,0.00137440783335397,-0.00520112579713324,0.000134502855112057
IPF,EUR_AFR,EUR_AFR_07,0.1,MELD_lambda0_true − EUR,0.130945412243697,0.00922954033070467,0.113828415320995,0.148914945909852
IPF,EUR_AFR,EUR_AFR_07,0.1,MELD_lambda0_true − EAS,0.20656413257699,0.0116494679337637,0.183332557794087,0.229428114680721
IPF,EUR_AFR,EUR_AFR_07,0.1,MELD_lambda0_true − AFR,0.0879814804481354,0.00853738867419226,0.0718743299840067,0.105083521127
IPF,EUR_AFR,EUR_AFR_07,0.1,MELD_lambda0_true − AMR,0.133062148873735,0.0144808002539322,0.106252368684161,0.161230852457216
IPF,EUR_AFR,EUR_AFR_07,0.1,MELD_lambda0_true − MELD_lambda0_equal,0.0140892871957244,0.00482389099246313,0.00497100654224473,0.0239936532968707
IPF,EUR_AFR,EUR_AFR_07,0.1,MELD_lambda0_true − MELD_lambda0_scrambled,0.0360201094511319,0.00553490296294438,0.0256571889118931,0.0476155415256084
IPF,EUR_AFR,EUR_AFR_07,0.1,MELD_lambda1_true − MELD_lambda0_true,-0.00247849278939224,0.00107315403256642,-0.00459705266570126,-0.000405107505551298
IPF,EUR_AFR,EUR_AFR_08,0.001,MELD_lambda0_true − EUR,0.246280057845274,0.0205664294489294,0.205371401955065,0.286818386588594
IPF,EUR_AFR,EUR_AFR_08,0.001,MELD_lambda0_true − EAS,0.381721876435888,0.0213591209080075,0.340202617692868,0.422363364419574
IPF,EUR_AFR,EUR_AFR_08,0.001,MELD_lambda0_true − AFR,0.248734863023917,0.0218500738719776,0.204514869444009,0.290252112026375
IPF,EUR_AFR,EUR_AFR_08,0.001,MELD_lambda0_true − AMR,0.269944175810887,0.020525274533981,0.227880422082985,0.310142228063602
IPF,EUR_AFR,EUR_AFR_08,0.001,MELD_lambda0_true − MELD_lambda0_equal,-0.0120859477712402,0.0109355891272731,-0.0310576963403107,0.0106322733237682
IPF,EUR_AFR,EUR_AFR_08,0.001,MELD_lambda0_true − MELD_lambda0_scrambled,0.0857354934333492,0.0129104014841648,0.0633255114978842,0.112622385157116
IPF,EUR_AFR,EUR_AFR_08,0.001,MELD_lambda1_true − MELD_lambda0_true,-0.00597206097782162,0.00290001636530569,-0.0119093314553688,-0.000474314423535574
IPF,EUR_AFR,EUR_AFR_08,0.01,MELD_lambda0_true − EUR,0.139240792201153,0.0104902617199885,0.119075726425782,0.160034611308809
IPF,EUR_AFR,EUR_AFR_08,0.01,MELD_lambda0_true − EAS,0.24787656295292,0.0154807355495802,0.216101786969819,0.276062278318757
IPF,EUR_AFR,EUR_AFR_08,0.01,MELD_lambda0_true − AFR,0.182042939549985,0.0173280957908213,0.147262400329724,0.215513318739413
IPF,EUR_AFR,EUR_AFR_08,0.01,MELD_lambda0_true − AMR,0.177959630032302,0.0171512293847952,0.144725363767627,0.210526911996711
IPF,EUR_AFR,EUR_AFR_08,0.01,MELD_lambda0_true − MELD_lambda0_equal,0.00137256988036076,0.00600172408172491,-0.010819249579867,0.0130996558101494
IPF,EUR_AFR,EUR_AFR_08,0.01,MELD_lambda0_true − MELD_lambda0_scrambled,0.0703943158839971,0.00851938378739076,0.0551331259920852,0.0884413097093123
IPF,EUR_AFR,EUR_AFR_08,0.01,MELD_lambda1_true − MELD_lambda0_true,-0.00370531940549859,0.00156423038196575,-0.00701290332631606,-0.000789898429789901
IPF,EUR_AFR,EUR_AFR_08,0.1,MELD_lambda0_true − EUR,0.103150097620489,0.00794188408729082,0.0863624351468786,0.117939279996173
IPF,EUR_AFR,EUR_AFR_08,0.1,MELD_lambda0_true − EAS,0.187342317677927,0.0107624862311929,0.166436594979715,0.208034148721813
IPF,EUR_AFR,EUR_AFR_08,0.1,MELD_lambda0_true − AFR,0.139248980227917,0.0138507841228179,0.113360672588102,0.167930472304571
IPF,EUR_AFR,EUR_AFR_08,0.1,MELD_lambda0_true − AMR,0.128470879267387,0.0138534830559606,0.102663186769795,0.1557350981217
IPF,EUR_AFR,EUR_AFR_08,0.1,MELD_lambda0_true − MELD_lambda0_equal,0.00597664614257634,0.00448993869462168,-0.00276615278370144,0.0149241555792056
IPF,EUR_AFR,EUR_AFR_08,0.1,MELD_lambda0_true − MELD_lambda0_scrambled,0.0565206167781147,0.00890416358865758,0.0392898074738544,0.0740367432626037
IPF,EUR_AFR,EUR_AFR_08,0.1,MELD_lambda1_true − MELD_lambda0_true,-0.00234246654928906,0.00132959024137081,-0.00525102819598585,2.64225795030146e-05
IPF,EUR_AFR,EUR_AFR_09,0.001,MELD_lambda0_true − EUR,0.225091043738558,0.0165148666654129,0.19532175802348,0.257973526146075
IPF,EUR_AFR,EUR_AFR_09,0.001,MELD_lambda0_true − EAS,0.36472774398687,0.0242211900529448,0.318999417666103,0.411261794289518
IPF,EUR_AFR,EUR_AFR_09,0.001,MELD_lambda0_true − AFR,0.263427635818946,0.0204279937921467,0.221789446121558,0.299786607754626
IPF,EUR_AFR,EUR_AFR_09,0.001,MELD_lambda0_true − AMR,0.241341580182534,0.0221539446902444,0.196039502545591,0.282695411211906
IPF,EUR_AFR,EUR_AFR_09,0.001,MELD_lambda0_true − MELD_lambda0_equal,-0.00692821625518705,0.00731170393611279,-0.0208110283640785,0.00755524539381399
IPF,EUR_AFR,EUR_AFR_09,0.001,MELD_lambda0_true − MELD_lambda0_scrambled,0.158806070103293,0.0148042834479696,0.131399976566403,0.188718615719515
IPF,EUR_AFR,EUR_AFR_09,0.001,MELD_lambda1_true − MELD_lambda0_true,-0.00127871137159929,0.00165285539207205,-0.00448970543802202,0.00219475695232183
IPF,EUR_AFR,EUR_AFR_09,0.01,MELD_lambda0_true − EUR,0.109708600321607,0.00844094687129269,0.0929425523009657,0.12641001583623
IPF,EUR_AFR,EUR_AFR_09,0.01,MELD_lambda0_true − EAS,0.238040204645478,0.0168740632693935,0.205378822022587,0.271120319801681
IPF,EUR_AFR,EUR_AFR_09,0.01,MELD_lambda0_true − AFR,0.195367205068429,0.0129643276802643,0.168367913997643,0.219080647973324
IPF,EUR_AFR,EUR_AFR_09,0.01,MELD_lambda0_true − AMR,0.148151665771355,0.0157876649226747,0.116917989402699,0.179834974657596
IPF,EUR_AFR,EUR_AFR_09,0.01,MELD_lambda0_true − MELD_lambda0_equal,0.00692812842704297,0.00513876819240425,-0.00317184560609237,0.0169941126187786
IPF,EUR_AFR,EUR_AFR_09,0.01,MELD_lambda0_true − MELD_lambda0_scrambled,0.0842261620280831,0.00774632139034216,0.0691490308451387,0.0996281586993206
IPF,EUR_AFR,EUR_AFR_09,0.01,MELD_lambda1_true − MELD_lambda0_true,-0.00198178535946938,0.000892595695553706,-0.00382582037192023,-0.000348225002365466
IPF,EUR_AFR,EUR_AFR_09,0.1,MELD_lambda0_true − EUR,0.0755869199504748,0.00767721015836611,0.0609080771309182,0.0916028690899972
IPF,EUR_AFR,EUR_AFR_09,0.1,MELD_lambda0_true − EAS,0.180597671397503,0.0109909058396684,0.158740274821798,0.202511666809019
IPF,EUR_AFR,EUR_AFR_09,0.1,MELD_lambda0_true − AFR,0.150901997563673,0.00948091965773766,0.131022090019203,0.167927468912357
IPF,EUR_AFR,EUR_AFR_09,0.1,MELD_lambda0_true − AMR,0.111944867079257,0.0106163018700485,0.091814400905417,0.133389828518146
IPF,EUR_AFR,EUR_AFR_09,0.1,MELD_lambda0_true − MELD_lambda0_equal,0.00846269178291191,0.00431829810937058,-0.000131878102085123,0.0170585719624407
IPF,EUR_AFR,EUR_AFR_09,0.1,MELD_lambda0_true − MELD_lambda0_scrambled,0.0649216831885135,0.00734833658990508,0.0517764682774496,0.0803975719854663
IPF,EUR_AFR,EUR_AFR_09,0.1,MELD_lambda1_true − MELD_lambda0_true,-0.00218943021171635,0.000866682410955956,-0.00395250210671608,-0.000586843541072774
IPF,EUR_AFR,EUR_AFR_10,0.001,MELD_lambda0_true − EUR,0.140728741508847,0.0206831597759217,0.100211017995991,0.180850964936093
IPF,EUR_AFR,EUR_AFR_10,0.001,MELD_lambda0_true − EAS,0.315677055192701,0.0282424976047212,0.258049683710481,0.368322144341619
IPF,EUR_AFR,EUR_AFR_10,0.001,MELD_lambda0_true − AFR,0.255576217109314,0.0226886770997554,0.211316040372543,0.300057073378712
IPF,EUR_AFR,EUR_AFR_10,0.001,MELD_lambda0_true − AMR,0.165010355018246,0.0192408815332567,0.128052695154524,0.203688268781927
IPF,EUR_AFR,EUR_AFR_10,0.001,MELD_lambda0_true − MELD_lambda0_equal,-0.0319220065267518,0.00918758673544266,-0.0507358037374544,-0.0143310189466661
IPF,EUR_AFR,EUR_AFR_10,0.001,MELD_lambda0_true − MELD_lambda0_scrambled,0.1217465891025,0.0162621514152653,0.0900581731903125,0.153200367448372
IPF,EUR_AFR,EUR_AFR_10,0.001,MELD_lambda1_true − MELD_lambda0_true,0.00112373153904051,0.00141650794980137,-0.00162732408677824,0.0038131521417755
IPF,EUR_AFR,EUR_AFR_10,0.01,MELD_lambda0_true − EUR,0.0601554262049694,0.00732401114496196,0.0457987238530477,0.0740456535874129
IPF,EUR_AFR,EUR_AFR_10,0.01,MELD_lambda0_true − EAS,0.17320946068923,0.0155005401016262,0.143862487579316,0.202180093616613
IPF,EUR_AFR,EUR_AFR_10,0.01,MELD_lambda0_true − AFR,0.20963293133173,0.0208572973325809,0.168740926944762,0.251058335247276
IPF,EUR_AFR,EUR_AFR_10,0.01,MELD_lambda0_true − AMR,0.121067072995938,0.0155596252161658,0.0916342028060487,0.151769538731154
IPF,EUR_AFR,EUR_AFR_10,0.01,MELD_lambda0_true − MELD_lambda0_equal,-0.0033149007995194,0.00454559614949497,-0.0114888485084081,0.00601674369581365
IPF,EUR_AFR,EUR_AFR_10,0.01,MELD_lambda0_true − MELD_lambda0_scrambled,0.109095592759305,0.0112627207156019,0.0864498284739414,0.130419439115709
IPF,EUR_AFR,EUR_AFR_10,0.01,MELD_lambda1_true − MELD_lambda0_true,-5.55367049012925e-05,0.00107906542380752,-0.00213524562565033,0.00211903761886246
IPF,EUR_AFR,EUR_AFR_10,0.1,MELD_lambda0_true − EUR,0.0384869679509707,0.00577213273671319,0.0276339982462433,0.0505133040461263
IPF,EUR_AFR,EUR_AFR_10,0.1,MELD_lambda0_true − EAS,0.124655254639506,0.0130473836560879,0.0986919319847955,0.14921535812117
IPF,EUR_AFR,EUR_AFR_10,0.1,MELD_lambda0_true − AFR,0.163364442356488,0.0140958907857705,0.135180997771712,0.189255830658641
IPF,EUR_AFR,EUR_AFR_10,0.1,MELD_lambda0_true − AMR,0.0973308763520625,0.0129480123227517,0.0729365042270378,0.123339281831183
IPF,EUR_AFR,EUR_AFR_10,0.1,MELD_lambda0_true − MELD_lambda0_equal,0.00122892024555649,0.00411275767992376,-0.00670578208545671,0.0096373745890954
IPF,EUR_AFR,EUR_AFR_10,0.1,MELD_lambda0_true − MELD_lambda0_scrambled,0.0947730875730809,0.00978722222772607,0.0759765612939653,0.114081298350632
IPF,EUR_AFR,EUR_AFR_10,0.1,MELD_lambda1_true − MELD_lambda0_true,-0.00084738238812533,0.000935631115473674,-0.00273219070760087,0.000881141659547286
IPF,EUR_AFR,EUR_AFR_11,0.001,MELD_lambda0_true − EUR,-1.83915491312486e-14,1.23235715059955e-14,-4.25918717534435e-14,4.31979589824587e-15
IPF,EUR_AFR,EUR_AFR_11,0.001,MELD_lambda0_true − EAS,0.251571652406143,0.0199086169025138,0.211299856702934,0.289517845442464
IPF,EUR_AFR,EUR_AFR_11,0.001,MELD_lambda0_true − AFR,0.360933919636743,0.0223128336713088,0.32095243428313,0.406232230355563
IPF,EUR_AFR,EUR_AFR_11,0.001,MELD_lambda0_true − AMR,0.109316106045722,0.0177615573459564,0.0750778980973904,0.144536037834333
IPF,EUR_AFR,EUR_AFR_11,0.001,MELD_lambda0_true − MELD_lambda0_equal,-0.018219456110135,0.0118285801607743,-0.0413510851319048,0.00546303304409946
IPF,EUR_AFR,EUR_AFR_11,0.001,MELD_lambda0_true − MELD_lambda0_scrambled,0,0,0,0
IPF,EUR_AFR,EUR_AFR_11,0.001,MELD_lambda1_true − MELD_lambda0_true,0,0,0,0
IPF,EUR_AFR,EUR_AFR_11,0.01,MELD_lambda0_true − EUR,2.44368884999857e-16,7.1517053910189e-16,-1.15425935321767e-15,1.59529681765781e-15
IPF,EUR_AFR,EUR_AFR_11,0.01,MELD_lambda0_true − EAS,0.146306782338317,0.0145538435509577,0.117908722063049,0.173335005890646
IPF,EUR_AFR,EUR_AFR_11,0.01,MELD_lambda0_true − AFR,0.298068821490607,0.0227431604922824,0.254693911289601,0.343171282746565
IPF,EUR_AFR,EUR_AFR_11,0.01,MELD_lambda0_true − AMR,0.0944644030521999,0.0141180224239381,0.0669034866939501,0.12151719870631
IPF,EUR_AFR,EUR_AFR_11,0.01,MELD_lambda0_true − MELD_lambda0_equal,0.0243596955088085,0.00555037558209285,0.0141932917933732,0.0357098543658995
IPF,EUR_AFR,EUR_AFR_11,0.01,MELD_lambda0_true − MELD_lambda0_scrambled,0,0,0,0
IPF,EUR_AFR,EUR_AFR_11,0.01,MELD_lambda1_true − MELD_lambda0_true,0,0,0,0
IPF,EUR_AFR,EUR_AFR_11,0.1,MELD_lambda0_true − EUR,1.44929142161851e-16,1.87722644809568e-16,-2.12264967994685e-16,5.08263257671398e-16
IPF,EUR_AFR,EUR_AFR_11,0.1,MELD_lambda0_true − EAS,0.114520440533809,0.0131075835695745,0.0900288890771862,0.140496523668556
IPF,EUR_AFR,EUR_AFR_11,0.1,MELD_lambda0_true − AFR,0.223126713406264,0.0187948512381061,0.186308731641405,0.259911760880829
IPF,EUR_AFR,EUR_AFR_11,0.1,MELD_lambda0_true − AMR,0.080566219026994,0.0102010279959194,0.0608141362908749,0.0996796446946187
IPF,EUR_AFR,EUR_AFR_11,0.1,MELD_lambda0_true − MELD_lambda0_equal,0.0255658346201162,0.00480019361866814,0.0171037489950794,0.0355866994742435
IPF,EUR_AFR,EUR_AFR_11,0.1,MELD_lambda0_true − MELD_lambda0_scrambled,0,0,0,0
IPF,EUR_AFR,EUR_AFR_11,0.1,MELD_lambda1_true − MELD_lambda0_true,0,0,0,0
IPF,EUR_EAS,EUR_EAS_01,0.001,MELD_lambda0_true − EUR,0.247449530531441,0.0176166011529675,0.21470680821208,0.282402841824935
IPF,EUR_EAS,EUR_EAS_01,0.001,MELD_lambda0_true − EAS,-1.17473430816718e-14,1.24547315693887e-14,-3.65513973112791e-14,1.14529449117657e-14
IPF,EUR_EAS,EUR_EAS_01,0.001,MELD_lambda0_true − AFR,0.439445563155089,0.0217114449922911,0.3960702679258,0.480640041653847
IPF,EUR_EAS,EUR_EAS_01,0.001,MELD_lambda0_true − AMR,0.217095879116768,0.0181190459102025,0.181760347775433,0.251877717924657
IPF,EUR_EAS,EUR_EAS_01,0.001,MELD_lambda0_true − MELD_lambda0_equal,0.035722771949002,0.0114511379702351,0.0133711914657864,0.0583090632114848
IPF,EUR_EAS,EUR_EAS_01,0.001,MELD_lambda0_true − MELD_lambda0_scrambled,0.247449530531438,0.0169842865446236,0.21448811175589,0.281482632483634
IPF,EUR_EAS,EUR_EAS_01,0.001,MELD_lambda1_true − MELD_lambda0_true,0,0,0,0
IPF,EUR_EAS,EUR_EAS_01,0.01,MELD_lambda0_true − EUR,0.163850735425022,0.0120476556340273,0.140876722214427,0.1882099194673
IPF,EUR_EAS,EUR_EAS_01,0.01,MELD_lambda0_true − EAS,1.93624240837306e-16,8.4630998481949e-16,-1.51532218186752e-15,1.77629581849547e-15
IPF,EUR_EAS,EUR_EAS_01,0.01,MELD_lambda0_true − AFR,0.346754482001679,0.0231153662974766,0.302219900906045,0.390544130536318
IPF,EUR_EAS,EUR_EAS_01,0.01,MELD_lambda0_true − AMR,0.170322293568648,0.0159333296334353,0.138823199903955,0.201569448752922
IPF,EUR_EAS,EUR_EAS_01,0.01,MELD_lambda0_true − MELD_lambda0_equal,0.0526802404330964,0.00797213375343182,0.0372316329242239,0.0685530545466985
IPF,EUR_EAS,EUR_EAS_01,0.01,MELD_lambda0_true − MELD_lambda0_scrambled,0.163850735425021,0.011886466512968,0.141203382401915,0.186286439370061
IPF,EUR_EAS,EUR_EAS_01,0.01,MELD_lambda1_true − MELD_lambda0_true,0,0,0,0
IPF,EUR_EAS,EUR_EAS_01,0.1,MELD_lambda0_true − EUR,0.129364207905387,0.00852773868113488,0.112457406057225,0.146004575537917
IPF,EUR_EAS,EUR_EAS_01,0.1,MELD_lambda0_true − EAS,4.35134272644907e-16,4.34426096706211e-16,-3.05633463398443e-16,1.38926667244585e-15
IPF,EUR_EAS,EUR_EAS_01,0.1,MELD_lambda0_true − AFR,0.266025908999216,0.0173293510443864,0.232509843219309,0.299653089351143
IPF,EUR_EAS,EUR_EAS_01,0.1,MELD_lambda0_true − AMR,0.137553795372862,0.011708417613865,0.114333514965398,0.15919657878228
IPF,EUR_EAS,EUR_EAS_01,0.1,MELD_lambda0_true − MELD_lambda0_equal,0.0490359294283349,0.00625211664997389,0.0367456057829788,0.0612521071835277
IPF,EUR_EAS,EUR_EAS_01,0.1,MELD_lambda0_true − MELD_lambda0_scrambled,0.129364207905386,0.00860141913676357,0.112475195161469,0.145982553016574
IPF,EUR_EAS,EUR_EAS_01,0.1,MELD_lambda1_true − MELD_lambda0_true,0,0,0,0
IPF,EUR_EAS,EUR_EAS_02,0.001,MELD_lambda0_true − EUR,0.190158062338189,0.0189626956579734,0.153375387925582,0.22620056485107
IPF,EUR_EAS,EUR_EAS_02,0.001,MELD_lambda0_true − EAS,0.0720340616541262,0.0111008369701353,0.0505868436181993,0.093161950115398
IPF,EUR_EAS,EUR_EAS_02,0.001,MELD_lambda0_true − AFR,0.41424674665619,0.0288722997627636,0.354792092368139,0.468513867455438
IPF,EUR_EAS,EUR_EAS_02,0.001,MELD_lambda0_true − AMR,0.213853305637428,0.0252201627775767,0.163588987819199,0.263099316576768
IPF,EUR_EAS,EUR_EAS_02,0.001,MELD_lambda0_true − MELD_lambda0_equal,0.0125786945664954,0.0104583545617659,-0.00928227363475214,0.032156021565942
IPF,EUR_EAS,EUR_EAS_02,0.001,MELD_lambda0_true − MELD_lambda0_scrambled,0,0,0,0
IPF,EUR_EAS,EUR_EAS_02,0.001,MELD_lambda1_true − MELD_lambda0_true,-0.00099283577181811,0.00114818932615588,-0.00358240576040325,0.00097980404649452
IPF,EUR_EAS,EUR_EAS_02,0.01,MELD_lambda0_true − EUR,0.123744527009776,0.011303965375554,0.101979096085423,0.146065442611648
IPF,EUR_EAS,EUR_EAS_02,0.01,MELD_lambda0_true − EAS,0.0372608821894787,0.00702592172246446,0.0237452565545737,0.0507118847832673
IPF,EUR_EAS,EUR_EAS_02,0.01,MELD_lambda0_true − AFR,0.338385017656507,0.0250627983344683,0.286994823532723,0.386999913542598
IPF,EUR_EAS,EUR_EAS_02,0.01,MELD_lambda0_true − AMR,0.148721118456266,0.0155661202444799,0.119084973852557,0.178739604338692
IPF,EUR_EAS,EUR_EAS_02,0.01,MELD_lambda0_true − MELD_lambda0_equal,0.0323238537748263,0.00504080690728718,0.0217528209121472,0.0413120045202094
IPF,EUR_EAS,EUR_EAS_02,0.01,MELD_lambda0_true − MELD_lambda0_scrambled,0,0,0,0
IPF,EUR_EAS,EUR_EAS_02,0.01,MELD_lambda1_true − MELD_lambda0_true,-0.00109806423765691,0.000826846656373386,-0.00276422478876564,0.000409672850134375
IPF,EUR_EAS,EUR_EAS_02,0.1,MELD_lambda0_true − EUR,0.0882448628761662,0.00905175249248183,0.0714385483329871,0.107499354777944
IPF,EUR_EAS,EUR_EAS_02,0.1,MELD_lambda0_true − EAS,0.0251093024975244,0.00557822049233422,0.0148646317394481,0.0364182039668296
IPF,EUR_EAS,EUR_EAS_02,0.1,MELD_lambda0_true − AFR,0.267685734541655,0.0205400754493103,0.226234385874528,0.305176505842773
IPF,EUR_EAS,EUR_EAS_02,0.1,MELD_lambda0_true − AMR,0.118755531165424,0.0115554628819422,0.0963490708834848,0.141698143789291
IPF,EUR_EAS,EUR_EAS_02,0.1,MELD_lambda0_true − MELD_lambda0_equal,0.0285577123582762,0.00459501419604463,0.0192339491847523,0.0372170608622065
IPF,EUR_EAS,EUR_EAS_02,0.1,MELD_lambda0_true − MELD_lambda0_scrambled,0,0,0,0
IPF,EUR_EAS,EUR_EAS_02,0.1,MELD_lambda1_true − MELD_lambda0_true,-0.00173458420803951,0.000807529254827263,-0.00353611595515123,-0.000360614913439796
IPF,EUR_EAS,EUR_EAS_03,0.001,MELD_lambda0_true − EUR,0.174470004658209,0.0142673860738984,0.147144723813833,0.202613520204835
IPF,EUR_EAS,EUR_EAS_03,0.001,MELD_lambda0_true − EAS,0.101800538364213,0.0122830143097278,0.0765533096932248,0.125130774868107
IPF,EUR_EAS,EUR_EAS_03,0.001,MELD_lambda0_true − AFR,0.428371644452446,0.0299287890134692,0.370392473889474,0.484728097829732
IPF,EUR_EAS,EUR_EAS_03,0.001,MELD_lambda0_true − AMR,0.183997600833814,0.0268019180020756,0.133072211693452,0.23847457992826
IPF,EUR_EAS,EUR_EAS_03,0.001,MELD_lambda0_true − MELD_lambda0_equal,0.0133131504301438,0.0133823285433361,-0.0114211653345884,0.0407124050953176
IPF,EUR_EAS,EUR_EAS_03,0.001,MELD_lambda0_true − MELD_lambda0_scrambled,0.0970235632698202,0.0137186105202805,0.0712660137719228,0.125820123324076
IPF,EUR_EAS,EUR_EAS_03,0.001,MELD_lambda1_true − MELD_lambda0_true,-0.00449055808238325,0.00317616092047086,-0.0112703066727226,0.00070078201753492
IPF,EUR_EAS,EUR_EAS_03,0.01,MELD_lambda0_true − EUR,0.105518253066089,0.00957056235433345,0.0879449413363719,0.124843935698682
IPF,EUR_EAS,EUR_EAS_03,0.01,MELD_lambda0_true − EAS,0.0515151655545468,0.00610512583182876,0.0390830305442675,0.0635856221479227
IPF,EUR_EAS,EUR_EAS_03,0.01,MELD_lambda0_true − AFR,0.34745826721899,0.0280899172331568,0.293940029986692,0.402529107626376
IPF,EUR_EAS,EUR_EAS_03,0.01,MELD_lambda0_true − AMR,0.12701362848916,0.0167304413248153,0.0936485196781324,0.159335119673484
IPF,EUR_EAS,EUR_EAS_03,0.01,MELD_lambda0_true − MELD_lambda0_equal,0.0285397352132935,0.00729470779552066,0.0151336919839449,0.0434830552759807
IPF,EUR_EAS,EUR_EAS_03,0.01,MELD_lambda0_true − MELD_lambda0_scrambled,0.0674981773041909,0.00972466137430835,0.0492118089002555,0.0867656077757359
IPF,EUR_EAS,EUR_EAS_03,0.01,MELD_lambda1_true − MELD_lambda0_true,-0.00199382380792989,0.000961183749923365,-0.0039953079410359,-0.000231238972305315
IPF,EUR_EAS,EUR_EAS_03,0.1,MELD_lambda0_true − EUR,0.0769937012452364,0.00764924971755654,0.0624732683730776,0.0920374734641363
IPF,EUR_EAS,EUR_EAS_03,0.1,MELD_lambda0_true − EAS,0.0384649663639811,0.00465638294917032,0.0293280654128098,0.0473060233729276
IPF,EUR_EAS,EUR_EAS_03,0.1,MELD_lambda0_true − AFR,0.261811249045645,0.0228845202528836,0.216965186620398,0.305723870437039
IPF,EUR_EAS,EUR_EAS_03,0.1,MELD_lambda0_true − AMR,0.0964859542305663,0.0117889397775024,0.074146539355439,0.119418269555885
IPF,EUR_EAS,EUR_EAS_03,0.1,MELD_lambda0_true − MELD_lambda0_equal,0.0225523943410109,0.00531747095921686,0.0124191801693899,0.0331629050426339
IPF,EUR_EAS,EUR_EAS_03,0.1,MELD_lambda0_true − MELD_lambda0_scrambled,0.0524864892664414,0.00734565406143814,0.0382026090563392,0.0669277747114683
IPF,EUR_EAS,EUR_EAS_03,0.1,MELD_lambda1_true − MELD_lambda0_true,-0.00192142210801362,0.000863713260054777,-0.00368682204010832,-0.000371735453303036
IPF,EUR_EAS,EUR_EAS_04,0.001,MELD_lambda0_true − EUR,0.13656008726361,0.0147322221093485,0.108194948684864,0.164991029365465
IPF,EUR_EAS,EUR_EAS_04,0.001,MELD_lambda0_true − EAS,0.150255819629105,0.0169759224991677,0.116836288453814,0.183880373781178
IPF,EUR_EAS,EUR_EAS_04,0.001,MELD_lambda0_true − AFR,0.382640060411968,0.027161076539484,0.323048882649977,0.431132653870936
IPF,EUR_EAS,EUR_EAS_04,0.001,MELD_lambda0_true − AMR,0.182087224725386,0.0229144547075558,0.135523355553609,0.225222031764061
IPF,EUR_EAS,EUR_EAS_04,0.001,MELD_lambda0_true − MELD_lambda0_equal,-0.00804536305349651,0.0128580324089458,-0.0347911138477431,0.0154827043532765
IPF,EUR_EAS,EUR_EAS_04,0.001,MELD_lambda0_true − MELD_lambda0_scrambled,0.107989100595522,0.0173902153680628,0.0729246670907707,0.141701687266262
IPF,EUR_EAS,EUR_EAS_04,0.001,MELD_lambda1_true − MELD_lambda0_true,-0.00364067382683577,0.00259240831342355,-0.00936162203054015,0.000729326307187271
IPF,EUR_EAS,EUR_EAS_04,0.01,MELD_lambda0_true − EUR,0.0856811016860682,0.00692489729767174,0.0716855838776273,0.0985295589303266
IPF,EUR_EAS,EUR_EAS_04,0.01,MELD_lambda0_true − EAS,0.0748594817728524,0.009385276538913,0.056769821892595,0.0928297671450293
IPF,EUR_EAS,EUR_EAS_04,0.01,MELD_lambda0_true − AFR,0.309398047645042,0.0223966664301985,0.264148378633898,0.352624944273891
IPF,EUR_EAS,EUR_EAS_04,0.01,MELD_lambda0_true − AMR,0.123395779659041,0.0144100388242819,0.0966625096736859,0.15189583577417
IPF,EUR_EAS,EUR_EAS_04,0.01,MELD_lambda0_true − MELD_lambda0_equal,0.0180811023461246,0.00498502660223314,0.00845973633487322,0.0278218506711131
IPF,EUR_EAS,EUR_EAS_04,0.01,MELD_lambda0_true − MELD_lambda0_scrambled,0.0981667375982724,0.0117624969955809,0.0765747156741256,0.121771604512911
IPF,EUR_EAS,EUR_EAS_04,0.01,MELD_lambda1_true − MELD_lambda0_true,-0.00289990251737955,0.00116434592331853,-0.00536260078859439,-0.000829133530691274
IPF,EUR_EAS,EUR_EAS_04,0.1,MELD_lambda0_true − EUR,0.0559067394083414,0.00473135846328444,0.046969215687916,0.0656031623314509
IPF,EUR_EAS,EUR_EAS_04,0.1,MELD_lambda0_true − EAS,0.0469305770903748,0.00653574007137123,0.0343699451944518,0.0597775337453455
IPF,EUR_EAS,EUR_EAS_04,0.1,MELD_lambda0_true − AFR,0.235345087870275,0.0177461718045037,0.198869322830413,0.268112606840667
IPF,EUR_EAS,EUR_EAS_04,0.1,MELD_lambda0_true − AMR,0.0967068318753617,0.0104532597542224,0.075897422343774,0.11701430979646
IPF,EUR_EAS,EUR_EAS_04,0.1,MELD_lambda0_true − MELD_lambda0_equal,0.0181452631773903,0.00400799763745069,0.0100533387994432,0.0258493762466781
IPF,EUR_EAS,EUR_EAS_04,0.1,MELD_lambda0_true − MELD_lambda0_scrambled,0.0806023115587973,0.00884481320196041,0.0632399467151005,0.0982808081880324
IPF,EUR_EAS,EUR_EAS_04,0.1,MELD_lambda1_true − MELD_lambda0_true,-0.00341520299068556,0.00116447998061656,-0.0060519288253766,-0.00127579150127184
IPF,EUR_EAS,EUR_EAS_05,0.001,MELD_lambda0_true − EUR,0.117235270855419,0.0155247023042824,0.0868772659950413,0.146517008435147
IPF,EUR_EAS,EUR_EAS_05,0.001,MELD_lambda0_true − EAS,0.154956712297856,0.0138546456750374,0.129354245781897,0.183639445658068
IPF,EUR_EAS,EUR_EAS_05,0.001,MELD_lambda0_true − AFR,0.36877486523729,0.0283578584132475,0.310811035169196,0.424016014486475
IPF,EUR_EAS,EUR_EAS_05,0.001,MELD_lambda0_true − AMR,0.161003786129233,0.0175595658271356,0.128046418716087,0.196757340444463
IPF,EUR_EAS,EUR_EAS_05,0.001,MELD_lambda0_true − MELD_lambda0_equal,-0.0146514343750462,0.00872266996041568,-0.0317579841950062,0.0026883905584862
IPF,EUR_EAS,EUR_EAS_05,0.001,MELD_lambda0_true − MELD_lambda0_scrambled,0,0,0,0
IPF,EUR_EAS,EUR_EAS_05,0.001,MELD_lambda1_true − MELD_lambda0_true,-0.00417012946185156,0.00299611853986437,-0.0108767810184293,0.00105293222254978
IPF,EUR_EAS,EUR_EAS_05,0.01,MELD_lambda0_true − EUR,0.0747430952822254,0.00817384872420097,0.0591596968613987,0.0907315861111036
IPF,EUR_EAS,EUR_EAS_05,0.01,MELD_lambda0_true − EAS,0.0706259911216864,0.00668355369334843,0.0584985227386774,0.0847307908357252
IPF,EUR_EAS,EUR_EAS_05,0.01,MELD_lambda0_true − AFR,0.317025515554325,0.0254462355475026,0.264311962800603,0.364969624978172
IPF,EUR_EAS,EUR_EAS_05,0.01,MELD_lambda0_true − AMR,0.106887989052896,0.0116873690369241,0.0845629717997371,0.130251996942606
IPF,EUR_EAS,EUR_EAS_05,0.01,MELD_lambda0_true − MELD_lambda0_equal,0.0174121830754182,0.0041626161072433,0.00970618956847412,0.0264454766685994
IPF,EUR_EAS,EUR_EAS_05,0.01,MELD_lambda0_true − MELD_lambda0_scrambled,0,0,0,0
IPF,EUR_EAS,EUR_EAS_05,0.01,MELD_lambda1_true − MELD_lambda0_true,-0.00358640922709867,0.00122860698189074,-0.00629546683557541,-0.00141821215333507
IPF,EUR_EAS,EUR_EAS_05,0.1,MELD_lambda0_true − EUR,0.0522118789292235,0.00683366240140764,0.039393205006053,0.0662221295940096
IPF,EUR_EAS,EUR_EAS_05,0.1,MELD_lambda0_true − EAS,0.0551549792197576,0.00572121169153938,0.0441526353707109,0.0662698217056527
IPF,EUR_EAS,EUR_EAS_05,0.1,MELD_lambda0_true − AFR,0.257115474973224,0.019344093319923,0.217998412536051,0.293524969173842
IPF,EUR_EAS,EUR_EAS_05,0.1,MELD_lambda0_true − AMR,0.0853913344404939,0.00802800243421704,0.0701744740054967,0.101236752868406
IPF,EUR_EAS,EUR_EAS_05,0.1,MELD_lambda0_true − MELD_lambda0_equal,0.0196881080149647,0.00369733535867133,0.0124110187192954,0.0268064675069495
IPF,EUR_EAS,EUR_EAS_05,0.1,MELD_lambda0_true − MELD_lambda0_scrambled,0,0,0,0
IPF,EUR_EAS,EUR_EAS_05,0.1,MELD_lambda1_true − MELD_lambda0_true,-0.00410700994253702,0.00104558506243088,-0.006244665786234,-0.00211224409075153
IPF,EUR_EAS,EUR_EAS_06,0.001,MELD_lambda0_true − EUR,0.0731406584814996,0.0140885161591033,0.0434096540226027,0.0996358683624529
IPF,EUR_EAS,EUR_EAS_06,0.001,MELD_lambda0_true − EAS,0.169428510712344,0.014124022621913,0.142667824520619,0.198795123151589
IPF,EUR_EAS,EUR_EAS_06,0.001,MELD_lambda0_true − AFR,0.367495883831371,0.0268288640810278,0.313352260137114,0.419595752215801
IPF,EUR_EAS,EUR_EAS_06,0.001,MELD_lambda0_true − AMR,0.159877574428871,0.0187123396165966,0.125059778235756,0.19721652501426
IPF,EUR_EAS,EUR_EAS_06,0.001,MELD_lambda0_true − MELD_lambda0_equal,-0.00668370261876344,0.0107306824788863,-0.028512917241726,0.0121257725962985
IPF,EUR_EAS,EUR_EAS_06,0.001,MELD_lambda0_true − MELD_lambda0_scrambled,0.114936502151937,0.0152095664399103,0.0846123062953838,0.144577852951041
IPF,EUR_EAS,EUR_EAS_06,0.001,MELD_lambda1_true − MELD_lambda0_true,-0.00310768710481756,0.00334343920196586,-0.0108454648208865,0.00211302986206637
IPF,EUR_EAS,EUR_EAS_06,0.01,MELD_lambda0_true − EUR,0.0507177002292183,0.00623403740600879,0.0375870454237469,0.0622336782471134
IPF,EUR_EAS,EUR_EAS_06,0.01,MELD_lambda0_true − EAS,0.0877706574224163,0.00832410683358406,0.072942691077048,0.105033178959691
IPF,EUR_EAS,EUR_EAS_06,0.01,MELD_lambda0_true − AFR,0.29705395978098,0.0236363374805045,0.249156514612451,0.340572114277502
IPF,EUR_EAS,EUR_EAS_06,0.01,MELD_lambda0_true − AMR,0.111038602343424,0.0112095186677942,0.0888312539056938,0.133382900038522
IPF,EUR_EAS,EUR_EAS_06,0.01,MELD_lambda0_true − MELD_lambda0_equal,0.0145536216632306,0.00447853448390412,0.00624929491762551,0.0234493476758426
IPF,EUR_EAS,EUR_EAS_06,0.01,MELD_lambda0_true − MELD_lambda0_scrambled,0.0986637118445126,0.0105570471328169,0.0769465661071929,0.118954991375463
IPF,EUR_EAS,EUR_EAS_06,0.01,MELD_lambda1_true − MELD_lambda0_true,-0.0014087636690393,0.00101218384752855,-0.00356318150885656,0.00036376827892927
IPF,EUR_EAS,EUR_EAS_06,0.1,MELD_lambda0_true − EUR,0.0415721123321673,0.00451527069261526,0.0327078965638589,0.0503864446679183
IPF,EUR_EAS,EUR_EAS_06,0.1,MELD_lambda0_true − EAS,0.0605356281388708,0.00544858774470075,0.0497965777285776,0.0715995785626884
IPF,EUR_EAS,EUR_EAS_06,0.1,MELD_lambda0_true − AFR,0.236975729400731,0.0178018047293812,0.201337624749399,0.270712809606362
IPF,EUR_EAS,EUR_EAS_06,0.1,MELD_lambda0_true − AMR,0.0823736874142848,0.00895117598765,0.0646299066836979,0.100093968996033
IPF,EUR_EAS,EUR_EAS_06,0.1,MELD_lambda0_true − MELD_lambda0_equal,0.0124467443283607,0.00277364575375289,0.00738982140294377,0.0182239007405062
IPF,EUR_EAS,EUR_EAS_06,0.1,MELD_lambda0_true − MELD_lambda0_scrambled,0.0810331506345191,0.0082836448204149,0.0645348297190664,0.096968412211079
IPF,EUR_EAS,EUR_EAS_06,0.1,MELD_lambda1_true − MELD_lambda0_true,-0.00182432827581924,0.000802343008120676,-0.00361439125474149,-0.000376708454727184
IPF,EUR_EAS,EUR_EAS_07,0.001,MELD_lambda0_true − EUR,0.0966311114225381,0.0148286005235476,0.0681253971171805,0.124893567773195
IPF,EUR_EAS,EUR_EAS_07,0.001,MELD_lambda0_true − EAS,0.197527560907415,0.0170310811143668,0.162309049706854,0.229323251668218
IPF,EUR_EAS,EUR_EAS_07,0.001,MELD_lambda0_true − AFR,0.385473055385234,0.0312800046942251,0.327263541037944,0.448616564131109
IPF,EUR_EAS,EUR_EAS_07,0.001,MELD_lambda0_true − AMR,0.163937462725296,0.0208406176854156,0.121572163533392,0.202966299425167
IPF,EUR_EAS,EUR_EAS_07,0.001,MELD_lambda0_true − MELD_lambda0_equal,-0.0020538634441888,0.0116318431744721,-0.0235464760905583,0.0223284855351333
IPF,EUR_EAS,EUR_EAS_07,0.001,MELD_lambda0_true − MELD_lambda0_scrambled,0,0,0,0
IPF,EUR_EAS,EUR_EAS_07,0.001,MELD_lambda1_true − MELD_lambda0_true,-0.00974521381487314,0.00374405516797151,-0.0176225504253972,-0.00314447020390684
IPF,EUR_EAS,EUR_EAS_07,0.01,MELD_lambda0_true − EUR,0.0500580731277545,0.00662457736082738,0.0369184695358162,0.0632961593873318
IPF,EUR_EAS,EUR_EAS_07,0.01,MELD_lambda0_true − EAS,0.0898571236430449,0.00738283584951131,0.0756408351180536,0.104641897199523
IPF,EUR_EAS,EUR_EAS_07,0.01,MELD_lambda0_true − AFR,0.306444243881047,0.0262631242797338,0.255459946413569,0.358524582450401
IPF,EUR_EAS,EUR_EAS_07,0.01,MELD_lambda0_true − AMR,0.102916167110333,0.0124384822996045,0.0783721047401787,0.125788741567252
IPF,EUR_EAS,EUR_EAS_07,0.01,MELD_lambda0_true − MELD_lambda0_equal,0.0150838446079678,0.00626952144540504,0.00294083980552958,0.0277960888099387
IPF,EUR_EAS,EUR_EAS_07,0.01,MELD_lambda0_true − MELD_lambda0_scrambled,0,0,0,0
IPF,EUR_EAS,EUR_EAS_07,0.01,MELD_lambda1_true − MELD_lambda0_true,-0.00435080503294756,0.00144698048794388,-0.00731888252097945,-0.00168534498718672
IPF,EUR_EAS,EUR_EAS_07,0.1,MELD_lambda0_true − EUR,0.0354460394024314,0.0046605586041089,0.0260217887614933,0.0445216619540655
IPF,EUR_EAS,EUR_EAS_07,0.1,MELD_lambda0_true − EAS,0.0670215507869228,0.00607176607287197,0.0557155015933349,0.0790444523471693
IPF,EUR_EAS,EUR_EAS_07,0.1,MELD_lambda0_true − AFR,0.244614208164053,0.0230733873566291,0.200189278438474,0.289129350157011
IPF,EUR_EAS,EUR_EAS_07,0.1,MELD_lambda0_true − AMR,0.0857165869516761,0.00962599951192689,0.0659116920998046,0.103160747095019
IPF,EUR_EAS,EUR_EAS_07,0.1,MELD_lambda0_true − MELD_lambda0_equal,0.0155910102165314,0.00358219452055492,0.00839948216946839,0.022306720390974
IPF,EUR_EAS,EUR_EAS_07,0.1,MELD_lambda0_true − MELD_lambda0_scrambled,0,0,0,0
IPF,EUR_EAS,EUR_EAS_07,0.1,MELD_lambda1_true − MELD_lambda0_true,-0.00406382790655712,0.00113534913933599,-0.00623759002539354,-0.00188674379727751
IPF,EUR_EAS,EUR_EAS_08,0.001,MELD_lambda0_true − EUR,0.0644837487663199,0.0118380782451881,0.0411702347581262,0.0865329366364686
IPF,EUR_EAS,EUR_EAS_08,0.001,MELD_lambda0_true − EAS,0.235914624866651,0.0197132402119844,0.198765835216111,0.27561173972627
IPF,EUR_EAS,EUR_EAS_08,0.001,MELD_lambda0_true − AFR,0.37202774939075,0.0270314499037274,0.317209312551119,0.422670142223604
IPF,EUR_EAS,EUR_EAS_08,0.001,MELD_lambda0_true − AMR,0.174940517101051,0.0174681503966519,0.140057729034299,0.208827043106961
IPF,EUR_EAS,EUR_EAS_08,0.001,MELD_lambda0_true − MELD_lambda0_equal,0.00378916779401386,0.00876857010691799,-0.0118801191948894,0.0220944849085647
IPF,EUR_EAS,EUR_EAS_08,0.001,MELD_lambda0_true − MELD_lambda0_scrambled,0.122743642195823,0.0105324162854524,0.101940227803933,0.143190203577619
IPF,EUR_EAS,EUR_EAS_08,0.001,MELD_lambda1_true − MELD_lambda0_true,-0.00421473944582992,0.00266012221053543,-0.00970597080418449,0.000451148782977201
IPF,EUR_EAS,EUR_EAS_08,0.01,MELD_lambda0_true − EUR,0.0311059310451058,0.00473988172548647,0.0224000554413691,0.0406255032354355
IPF,EUR_EAS,EUR_EAS_08,0.01,MELD_lambda0_true − EAS,0.130027002840573,0.0107338938912002,0.109401420080098,0.152082976196335
IPF,EUR_EAS,EUR_EAS_08,0.01,MELD_lambda0_true − AFR,0.301983326198652,0.0241950092128185,0.254577725075371,0.349151967912221
IPF,EUR_EAS,EUR_EAS_08,0.01,MELD_lambda0_true − AMR,0.117734934116523,0.0101050461645741,0.0966904212099866,0.137282301787423
IPF,EUR_EAS,EUR_EAS_08,0.01,MELD_lambda0_true − MELD_lambda0_equal,0.0218813776355796,0.00445924437209879,0.0133344425648574,0.0309655590836973
IPF,EUR_EAS,EUR_EAS_08,0.01,MELD_lambda0_true − MELD_lambda0_scrambled,0.101979327111841,0.00842034450549523,0.0850575237420989,0.119105063670139
IPF,EUR_EAS,EUR_EAS_08,0.01,MELD_lambda1_true − MELD_lambda0_true,-0.00258652750568113,0.00138289963966097,-0.00576036850281572,-0.000314313838948174
IPF,EUR_EAS,EUR_EAS_08,0.1,MELD_lambda0_true − EUR,0.0184319877447883,0.00318403043357442,0.0123785722257704,0.0247971938653854
IPF,EUR_EAS,EUR_EAS_08,0.1,MELD_lambda0_true − EAS,0.0982951410612117,0.00859024542340061,0.0822750728648,0.115758424073499
IPF,EUR_EAS,EUR_EAS_08,0.1,MELD_lambda0_true − AFR,0.230081146157097,0.0187403184430903,0.192705346748924,0.265175420409432
IPF,EUR_EAS,EUR_EAS_08,0.1,MELD_lambda0_true − AMR,0.0896074100249995,0.00761308189677484,0.0748519157713781,0.103509834459633
IPF,EUR_EAS,EUR_EAS_08,0.1,MELD_lambda0_true − MELD_lambda0_equal,0.0171635497837302,0.00325648003359947,0.0109328809485309,0.0236290322764098
IPF,EUR_EAS,EUR_EAS_08,0.1,MELD_lambda0_true − MELD_lambda0_scrambled,0.0764753438852121,0.00762877218261918,0.061920124095719,0.0918476879664167
IPF,EUR_EAS,EUR_EAS_08,0.1,MELD_lambda1_true − MELD_lambda0_true,-0.00317815787383201,0.00133756835225634,-0.006112799621172,-0.000996422739182021
IPF,EUR_EAS,EUR_EAS_09,0.001,MELD_lambda0_true − EUR,0.0555664233137114,0.00977136284263103,0.0368242181603747,0.0749781028473428
IPF,EUR_EAS,EUR_EAS_09,0.001,MELD_lambda0_true − EAS,0.25572035411824,0.0219047466594307,0.212456403812336,0.297309383746195
IPF,EUR_EAS,EUR_EAS_09,0.001,MELD_lambda0_true − AFR,0.383342359722171,0.0347752784106867,0.31344938345087,0.451050889481101
IPF,EUR_EAS,EUR_EAS_09,0.001,MELD_lambda0_true − AMR,0.141351858829824,0.017186432714663,0.104407470079768,0.173785238735757
IPF,EUR_EAS,EUR_EAS_09,0.001,MELD_lambda0_true − MELD_lambda0_equal,0.00524694992596894,0.00906688061251102,-0.0117542836339,0.0236961568891503
IPF,EUR_EAS,EUR_EAS_09,0.001,MELD_lambda0_true − MELD_lambda0_scrambled,0.113767894893513,0.016619412363128,0.0822980484438225,0.147452606160878
IPF,EUR_EAS,EUR_EAS_09,0.001,MELD_lambda1_true − MELD_lambda0_true,-0.00468552528463013,0.00188897647386394,-0.00881611690875444,-0.00136341699126323
IPF,EUR_EAS,EUR_EAS_09,0.01,MELD_lambda0_true − EUR,0.0225563984818241,0.00446139692896673,0.0139552362908351,0.0314767117956415
IPF,EUR_EAS,EUR_EAS_09,0.01,MELD_lambda0_true − EAS,0.132418287664681,0.0121193376954606,0.10883641719222,0.156688922053419
IPF,EUR_EAS,EUR_EAS_09,0.01,MELD_lambda0_true − AFR,0.313694805059493,0.0266775037020951,0.262181252684879,0.365820771916078
IPF,EUR_EAS,EUR_EAS_09,0.01,MELD_lambda0_true − AMR,0.0971255776879414,0.0112101344328209,0.0767715359066998,0.120148812393636
IPF,EUR_EAS,EUR_EAS_09,0.01,MELD_lambda0_true − MELD_lambda0_equal,0.0219002708822067,0.00499571347799674,0.0130004690968609,0.0323733298780595
IPF,EUR_EAS,EUR_EAS_09,0.01,MELD_lambda0_true − MELD_lambda0_scrambled,0.0613110095610206,0.0075084946860278,0.0473362506575364,0.0765707891953742
IPF,EUR_EAS,EUR_EAS_09,0.01,MELD_lambda1_true − MELD_lambda0_true,-0.00215849371051168,0.000946258886443099,-0.00410213095324802,-0.00041680977955009
IPF,EUR_EAS,EUR_EAS_09,0.1,MELD_lambda0_true − EUR,0.016480335842013,0.00251619562735136,0.0114569345449038,0.0213281676520594
IPF,EUR_EAS,EUR_EAS_09,0.1,MELD_lambda0_true − EAS,0.0903369582508309,0.00881935481970883,0.0729560544377697,0.106935497989355
IPF,EUR_EAS,EUR_EAS_09,0.1,MELD_lambda0_true − AFR,0.244862642478971,0.0198221258606487,0.204979825736466,0.283355084066212
IPF,EUR_EAS,EUR_EAS_09,0.1,MELD_lambda0_true − AMR,0.0756595834083064,0.00802407824722194,0.0604513949749501,0.0917028394642482
IPF,EUR_EAS,EUR_EAS_09,0.1,MELD_lambda0_true − MELD_lambda0_equal,0.0196651919294307,0.00409388450104345,0.012338231019902,0.0279291369399122
IPF,EUR_EAS,EUR_EAS_09,0.1,MELD_lambda0_true − MELD_lambda0_scrambled,0.0465666212734143,0.00622049928999545,0.0346110970833679,0.0589855867845281
IPF,EUR_EAS,EUR_EAS_09,0.1,MELD_lambda1_true − MELD_lambda0_true,-0.00179749626722811,0.000925919682968319,-0.00367446215648966,4.98841062740028e-05
IPF,EUR_EAS,EUR_EAS_10,0.001,MELD_lambda0_true − EUR,0.0411864686151671,0.00641903470285644,0.0287434071508374,0.0537007616259411
IPF,EUR_EAS,EUR_EAS_10,0.001,MELD_lambda0_true − EAS,0.290385094142945,0.0234147169808572,0.247724613382573,0.338741868973151
IPF,EUR_EAS,EUR_EAS_10,0.001,MELD_lambda0_true − AFR,0.370956464759595,0.0183215005372594,0.331704227331033,0.405812582198775
IPF,EUR_EAS,EUR_EAS_10,0.001,MELD_lambda0_true − AMR,0.178549334248085,0.0173596200807929,0.145432888256185,0.21260504507459
IPF,EUR_EAS,EUR_EAS_10,0.001,MELD_lambda0_true − MELD_lambda0_equal,0.0040585208746731,0.00928335790432546,-0.0138943839450302,0.0218012220075688
IPF,EUR_EAS,EUR_EAS_10,0.001,MELD_lambda0_true − MELD_lambda0_scrambled,0.184371534753719,0.0163630230971263,0.154035052101944,0.218121277500369
IPF,EUR_EAS,EUR_EAS_10,0.001,MELD_lambda1_true − MELD_lambda0_true,-0.00150585486587281,0.00138500877591603,-0.00426757370351655,0.00108155439421252
IPF,EUR_EAS,EUR_EAS_10,0.01,MELD_lambda0_true − EUR,0.0158763986967834,0.00340828514494487,0.00853325393289371,0.021845411846027
IPF,EUR_EAS,EUR_EAS_10,0.01,MELD_lambda0_true − EAS,0.157722663144342,0.013469502553041,0.133314550227898,0.185007259809407
IPF,EUR_EAS,EUR_EAS_10,0.01,MELD_lambda0_true − AFR,0.284915764235557,0.0162191357796677,0.253350582928955,0.316057655961169
IPF,EUR_EAS,EUR_EAS_10,0.01,MELD_lambda0_true − AMR,0.117998343406843,0.0099206637605969,0.0991288755984302,0.137560553008751
IPF,EUR_EAS,EUR_EAS_10,0.01,MELD_lambda0_true − MELD_lambda0_equal,0.0200556967287767,0.00479147209509723,0.0109814405144232,0.0295071761099154
IPF,EUR_EAS,EUR_EAS_10,0.01,MELD_lambda0_true − MELD_lambda0_scrambled,0.147744565339008,0.00881413964436199,0.130483716581407,0.164199138900808
IPF,EUR_EAS,EUR_EAS_10,0.01,MELD_lambda1_true − MELD_lambda0_true,-0.00107554631836927,0.000780510177257156,-0.00265310661932291,0.000339389290591706
IPF,EUR_EAS,EUR_EAS_10,0.1,MELD_lambda0_true − EUR,0.00886644404677396,0.00268521179902195,0.00297596614821851,0.0134258888248927
IPF,EUR_EAS,EUR_EAS_10,0.1,MELD_lambda0_true − EAS,0.11782942710445,0.0137939976783664,0.0929667580397396,0.145390628824204
IPF,EUR_EAS,EUR_EAS_10,0.1,MELD_lambda0_true − AFR,0.219511086053979,0.0160585657896537,0.188569932989157,0.250400919989023
IPF,EUR_EAS,EUR_EAS_10,0.1,MELD_lambda0_true − AMR,0.0890565599179032,0.00794876345765006,0.0728487430320132,0.10373080975628
IPF,EUR_EAS,EUR_EAS_10,0.1,MELD_lambda0_true − MELD_lambda0_equal,0.0186912623989246,0.0034704244487379,0.0123688858488938,0.0258510171115938
IPF,EUR_EAS,EUR_EAS_10,0.1,MELD_lambda0_true − MELD_lambda0_scrambled,0.12259844917463,0.00915647822647704,0.105035625792569,0.140559452683769
IPF,EUR_EAS,EUR_EAS_10,0.1,MELD_lambda1_true − MELD_lambda0_true,-0.00152914892790738,0.000698121853405536,-0.00307245009831429,-0.00031723451514576
IPF,EUR_EAS,EUR_EAS_11,0.001,MELD_lambda0_true − EUR,-1.13789819499475e-14,9.7546872205026e-15,-3.01358043903529e-14,8.57307108582773e-15
IPF,EUR_EAS,EUR_EAS_11,0.001,MELD_lambda0_true − EAS,0.26533273708848,0.0213787211036402,0.224012378689718,0.309007704993881
IPF,EUR_EAS,EUR_EAS_11,0.001,MELD_lambda0_true − AFR,0.348413628244057,0.0217179418599666,0.306750905498967,0.393319517075286
IPF,EUR_EAS,EUR_EAS_11,0.001,MELD_lambda0_true − AMR,0.11355954788897,0.0156082915213414,0.0837534786943406,0.143587852467197
IPF,EUR_EAS,EUR_EAS_11,0.001,MELD_lambda0_true − MELD_lambda0_equal,-0.0146684509616007,0.0133287476716052,-0.0412152274203949,0.0111669085753807
IPF,EUR_EAS,EUR_EAS_11,0.001,MELD_lambda0_true − MELD_lambda0_scrambled,0.348413713061752,0.0226410045140226,0.304487253601669,0.391312587721097
IPF,EUR_EAS,EUR_EAS_11,0.001,MELD_lambda1_true − MELD_lambda0_true,0,0,0,0
IPF,EUR_EAS,EUR_EAS_11,0.01,MELD_lambda0_true − EUR,3.13002382593365e-17,7.91490803115757e-16,-1.51432480055336e-15,1.51928222643631e-15
IPF,EUR_EAS,EUR_EAS_11,0.01,MELD_lambda0_true − EAS,0.154704248755613,0.014273733630881,0.127643100843618,0.182446948650655
IPF,EUR_EAS,EUR_EAS_11,0.01,MELD_lambda0_true − AFR,0.290898465883475,0.018943478672288,0.254155770742485,0.327370118686368
IPF,EUR_EAS,EUR_EAS_11,0.01,MELD_lambda0_true − AMR,0.086967008577235,0.0123755134366899,0.065629021934326,0.114332548542396
IPF,EUR_EAS,EUR_EAS_11,0.01,MELD_lambda0_true − MELD_lambda0_equal,0.0222814293967992,0.00729240857734799,0.00823223707069616,0.0360495534367063
IPF,EUR_EAS,EUR_EAS_11,0.01,MELD_lambda0_true − MELD_lambda0_scrambled,0.290898286930767,0.019735654629619,0.253183857413381,0.329697342954117
IPF,EUR_EAS,EUR_EAS_11,0.01,MELD_lambda1_true − MELD_lambda0_true,0,0,0,0
IPF,EUR_EAS,EUR_EAS_11,0.1,MELD_lambda0_true − EUR,-6.84443087793148e-17,2.43825081941695e-16,-5.77968563817788e-16,3.79964335929319e-16
IPF,EUR_EAS,EUR_EAS_11,0.1,MELD_lambda0_true − EAS,0.116965127118057,0.0120562274471785,0.0949399892800428,0.141312146656448
IPF,EUR_EAS,EUR_EAS_11,0.1,MELD_lambda0_true − AFR,0.233382141338949,0.0163109035001018,0.201805765134556,0.263466656177981
IPF,EUR_EAS,EUR_EAS_11,0.1,MELD_lambda0_true − AMR,0.0727579480033795,0.00974746507667242,0.0551356270277113,0.0927338466508784
IPF,EUR_EAS,EUR_EAS_11,0.1,MELD_lambda0_true − MELD_lambda0_equal,0.0233181520531275,0.00550017295728258,0.0127631124509403,0.0337307966775126
IPF,EUR_EAS,EUR_EAS_11,0.1,MELD_lambda0_true − MELD_lambda0_scrambled,0.233381432704299,0.0163688491315481,0.198409573459619,0.264694414917452
IPF,EUR_EAS,EUR_EAS_11,0.1,MELD_lambda1_true − MELD_lambda0_true,0,0,0,0
IPF,multi,equal,0.001,MELD_lambda0_true − EUR,0.257660421856066,0.0238667467166279,0.213379050857212,0.307356918533269
IPF,multi,equal,0.001,MELD_lambda0_true − EAS,0.352000731295219,0.0203393971582434,0.314377930423009,0.393190281070727
IPF,multi,equal,0.001,MELD_lambda0_true − AFR,0.267714862487849,0.0171391314406471,0.231303882979649,0.297631246423822
IPF,multi,equal,0.001,MELD_lambda0_true − AMR,0.233685344172378,0.0233507550422215,0.187982677611375,0.280180948087816
IPF,multi,equal,0.001,MELD_lambda0_true − MELD_lambda0_equal,0,0,0,0
IPF,multi,equal,0.001,MELD_lambda0_true − MELD_lambda0_scrambled,0,0,0,0
IPF,multi,equal,0.001,MELD_lambda1_true − MELD_lambda0_true,-0.00776336124612408,0.00439752529991848,-0.0172592530602539,-0.00108013096714956
IPF,multi,equal,0.01,MELD_lambda0_true − EUR,0.14582308539107,0.0143472049297703,0.119875290916546,0.176370853379828
IPF,multi,equal,0.01,MELD_lambda0_true − EAS,0.210160539461908,0.0144259244929343,0.181459083946973,0.240113105697616
IPF,multi,equal,0.01,MELD_lambda0_true − AFR,0.205006908471454,0.0157999911001255,0.171472415820674,0.233738743416054
IPF,multi,equal,0.01,MELD_lambda0_true − AMR,0.14467561840714,0.0169760006281643,0.11132726353364,0.177439276132632
IPF,multi,equal,0.01,MELD_lambda0_true − MELD_lambda0_equal,0,0,0,0
IPF,multi,equal,0.01,MELD_lambda0_true − MELD_lambda0_scrambled,0,0,0,0
IPF,multi,equal,0.01,MELD_lambda1_true − MELD_lambda0_true,-0.00257116228638036,0.00178582389400255,-0.00642144090249372,0.00058353444090495
IPF,multi,equal,0.1,MELD_lambda0_true − EUR,0.107135347866587,0.0109519037032654,0.08734672788023,0.129810251412375
IPF,multi,equal,0.1,MELD_lambda0_true − EAS,0.159055567859041,0.0124523884581488,0.135338889364942,0.184668488952781
IPF,multi,equal,0.1,MELD_lambda0_true − AFR,0.160099492428805,0.0129675315239047,0.132874942774356,0.184069483280952
IPF,multi,equal,0.1,MELD_lambda0_true − AMR,0.106473413239864,0.0118347442206865,0.0820600210239832,0.128698605870329
IPF,multi,equal,0.1,MELD_lambda0_true − MELD_lambda0_equal,0,0,0,0
IPF,multi,equal,0.1,MELD_lambda0_true − MELD_lambda0_scrambled,0,0,0,0
IPF,multi,equal,0.1,MELD_lambda1_true − MELD_lambda0_true,-0.00376509614129079,0.00148475499765242,-0.00673060429104119,-0.000970853844434127
IPF,multi,reported,0.001,MELD_lambda0_true − EUR,0.0822154768993602,0.0129024747552125,0.0566758470543612,0.107004840489832
IPF,multi,reported,0.001,MELD_lambda0_true − EAS,0.267329934673581,0.0167242794519369,0.234815582193026,0.299740487166992
IPF,multi,reported,0.001,MELD_lambda0_true − AFR,0.374047145159031,0.0258408586629873,0.321840197468693,0.423542715590308
IPF,multi,reported,0.001,MELD_lambda0_true − AMR,0.178542743089997,0.0214023737530709,0.13436654118964,0.219521417898807
IPF,multi,reported,0.001,MELD_lambda0_true − MELD_lambda0_equal,0.0094478170608856,0.00723872015326834,-0.00574307564280899,0.0239672350925639
IPF,multi,reported,0.001,MELD_lambda0_true − MELD_lambda0_scrambled,0.0730242237282749,0.0124000085928595,0.049621410934666,0.0984469098201751
IPF,multi,reported,0.001,MELD_lambda1_true − MELD_lambda0_true,-0.00447405262927019,0.00233563984536267,-0.00946929124670277,-0.000369604974427038
IPF,multi,reported,0.01,MELD_lambda0_true − EUR,0.0321685769104331,0.00478839304658951,0.0221549878814851,0.0406822919662169
IPF,multi,reported,0.01,MELD_lambda0_true − EAS,0.141942352962522,0.00921630604756794,0.124582784243209,0.160350514099316
IPF,multi,reported,0.01,MELD_lambda0_true − AFR,0.300090381468398,0.023526455407119,0.253366819255518,0.345435098602348
IPF,multi,reported,0.01,MELD_lambda0_true − AMR,0.113989618628109,0.011389308756182,0.0908548627753312,0.136452807717506
IPF,multi,reported,0.01,MELD_lambda0_true − MELD_lambda0_equal,0.0198716055134002,0.00344511125541714,0.0136163036611438,0.0269124180406969
IPF,multi,reported,0.01,MELD_lambda0_true − MELD_lambda0_scrambled,0.0508726132930891,0.00676803511853888,0.0376574706608262,0.0640967865443031
IPF,multi,reported,0.01,MELD_lambda1_true − MELD_lambda0_true,-0.00284657127266433,0.00124943406320473,-0.00551293500654864,-0.000600851184742811
IPF,multi,reported,0.1,MELD_lambda0_true − EUR,0.0205266689299724,0.0032976005213259,0.0137635441279132,0.0266063824587094
IPF,multi,reported,0.1,MELD_lambda0_true − EAS,0.0998483862988031,0.00708121250948584,0.0868582672902927,0.11418286240682
IPF,multi,reported,0.1,MELD_lambda0_true − AFR,0.233788137594114,0.0180476797164591,0.198990950152833,0.267858972832853
IPF,multi,reported,0.1,MELD_lambda0_true − AMR,0.0884010610902801,0.0083693075413389,0.0707159296255884,0.103812937397001
IPF,multi,reported,0.1,MELD_lambda0_true − MELD_lambda0_equal,0.0170786509369378,0.0030591142648515,0.011519719959407,0.023264556436286
IPF,multi,reported,0.1,MELD_lambda0_true − MELD_lambda0_scrambled,0.0425655603711212,0.0049301521782226,0.0334517156824687,0.0525809736868642
IPF,multi,reported,0.1,MELD_lambda1_true − MELD_lambda0_true,-0.00313703975365958,0.0011526799066786,-0.00564533332909539,-0.00110262124172103
IPF,multi,w25rest,0.001,MELD_lambda0_true − EUR,0.283856336263,0.0217406043808745,0.244404272027431,0.329763469678235
IPF,multi,w25rest,0.001,MELD_lambda0_true − EAS,0.39812284456971,0.0183273110147663,0.363310811422486,0.433904641177841
IPF,multi,w25rest,0.001,MELD_lambda0_true − AFR,0.262247102985297,0.0210049246301074,0.22028684075051,0.302736040534772
IPF,multi,w25rest,0.001,MELD_lambda0_true − AMR,0.254519518787715,0.0241200181854075,0.208172640439101,0.303512101192128
IPF,multi,w25rest,0.001,MELD_lambda0_true − MELD_lambda0_equal,0,0,0,0
IPF,multi,w25rest,0.001,MELD_lambda0_true − MELD_lambda0_scrambled,0,0,0,0
IPF,multi,w25rest,0.001,MELD_lambda1_true − MELD_lambda0_true,-0.00448690363135338,0.00305968027348602,-0.011274884329424,0.000220730103475888
IPF,multi,w25rest,0.01,MELD_lambda0_true − EUR,0.165014037339682,0.0160788440220143,0.136317183836991,0.198399279862922
IPF,multi,w25rest,0.01,MELD_lambda0_true − EAS,0.212503512638056,0.0113717753167639,0.191920286553944,0.236020917556227
IPF,multi,w25rest,0.01,MELD_lambda0_true − AFR,0.189249443443174,0.018770716021226,0.152868395032871,0.225426785655008
IPF,multi,w25rest,0.01,MELD_lambda0_true − AMR,0.155989245761315,0.0170957274426674,0.123525272000071,0.188525903908787
IPF,multi,w25rest,0.01,MELD_lambda0_true − MELD_lambda0_equal,0,0,0,0
IPF,multi,w25rest,0.01,MELD_lambda0_true − MELD_lambda0_scrambled,0,0,0,0
IPF,multi,w25rest,0.01,MELD_lambda1_true − MELD_lambda0_true,-0.00262716285218,0.00103669557987235,-0.00471391463630867,-0.000567683618292491
IPF,multi,w25rest,0.1,MELD_lambda0_true − EUR,0.108062580507256,0.0100808112293513,0.0890567903498246,0.129381345084137
IPF,multi,w25rest,0.1,MELD_lambda0_true − EAS,0.144755414687997,0.0108146294133405,0.124595187333664,0.167934848031058
IPF,multi,w25rest,0.1,MELD_lambda0_true − AFR,0.151270111812965,0.0150868639642649,0.122603564580558,0.180288623151432
IPF,multi,w25rest,0.1,MELD_lambda0_true − AMR,0.107122997754082,0.0116959673124597,0.0827949227157258,0.130565604845635
IPF,multi,w25rest,0.1,MELD_lambda0_true − MELD_lambda0_equal,0,0,0,0
IPF,multi,w25rest,0.1,MELD_lambda0_true − MELD_lambda0_scrambled,0,0,0,0
IPF,multi,w25rest,0.1,MELD_lambda1_true − MELD_lambda0_true,-0.00436197276799838,0.000993422578058475,-0.00624104877886546,-0.0023600921020949
IPF,multi,w50rest,0.001,MELD_lambda0_true − EUR,0.228910422242345,0.0183751945436179,0.194343809009607,0.266567554676647
IPF,multi,w50rest,0.001,MELD_lambda0_true − EAS,0.355354717275734,0.0227876299072174,0.310172930005549,0.399663384431181
IPF,multi,w50rest,0.001,MELD_lambda0_true − AFR,0.292150900876059,0.0241182594932958,0.244903022366963,0.337966053899941
IPF,multi,w50rest,0.001,MELD_lambda0_true − AMR,0.216567528766745,0.0209424002834152,0.174166750651454,0.254756926452865
IPF,multi,w50rest,0.001,MELD_lambda0_true − MELD_lambda0_equal,0.00402129823735041,0.00191478656309951,0.000400711093501231,0.00777836593924502
IPF,multi,w50rest,0.001,MELD_lambda0_true − MELD_lambda0_scrambled,0.0149845326879253,0.00584908776734831,0.0040187674036018,0.0268111103124456
IPF,multi,w50rest,0.001,MELD_lambda1_true − MELD_lambda0_true,-0.00264685141610034,0.00203006778110119,-0.00688603437389581,0.00115424523896272
IPF,multi,w50rest,0.01,MELD_lambda0_true − EUR,0.122682247652065,0.011449307265958,0.102111189705269,0.146727918182887
IPF,multi,w50rest,0.01,MELD_lambda0_true − EAS,0.197897858575462,0.0133990363761982,0.170839148218562,0.224564254209208
IPF,multi,w50rest,0.01,MELD_lambda0_true − AFR,0.220590058547626,0.0218704768062376,0.176207792080482,0.261995011302739
IPF,multi,w50rest,0.01,MELD_lambda0_true − AMR,0.125017383531141,0.0136600243949481,0.0976372954091992,0.151534962603889
IPF,multi,w50rest,0.01,MELD_lambda0_true − MELD_lambda0_equal,0.0038135744833666,0.0017533437186168,0.000442448096970733,0.00731368033205358
IPF,multi,w50rest,0.01,MELD_lambda0_true − MELD_lambda0_scrambled,0.0176746425566036,0.00377614270226188,0.0104944578063213,0.0251955069704747
IPF,multi,w50rest,0.01,MELD_lambda1_true − MELD_lambda0_true,-0.00161583798946508,0.00122386794236953,-0.0041330203868824,0.000810299291368509
IPF,multi,w50rest,0.1,MELD_lambda0_true − EUR,0.0788627054657807,0.00537400202837964,0.0680855104804153,0.0891783488100981
IPF,multi,w50rest,0.1,MELD_lambda0_true − EAS,0.138203289212475,0.0107838430827814,0.117315419957061,0.161157221140153
IPF,multi,w50rest,0.1,MELD_lambda0_true − AFR,0.177086357750281,0.0176323051810413,0.141401816272718,0.210823401521695
IPF,multi,w50rest,0.1,MELD_lambda0_true − AMR,0.0834989842101823,0.00892697173412365,0.0662654886893321,0.101109675416474
IPF,multi,w50rest,0.1,MELD_lambda0_true − MELD_lambda0_equal,0.00322481071075266,0.00181336221628011,-0.000167717723573588,0.00698925483072359
IPF,multi,w50rest,0.1,MELD_lambda0_true − MELD_lambda0_scrambled,0.0157932824509046,0.00351320255896245,0.00917308304065206,0.0230667712009885
IPF,multi,w50rest,0.1,MELD_lambda1_true − MELD_lambda0_true,-0.00280202512149679,0.000969535331587518,-0.00482662625292351,-0.0011003587837742
Stroke,EUR_AFR,EUR_AFR_01,0.001,MELD_lambda0_true − EUR,0.190724407324245,0.0242936779423699,0.144442504550439,0.238745742406639
Stroke,EUR_AFR,EUR_AFR_01,0.001,MELD_lambda0_true − EAS,0.260352733236927,0.0337665405354849,0.19850105781958,0.330266358181128
Stroke,EUR_AFR,EUR_AFR_01,0.001,MELD_lambda0_true − AFR,8.78379127672332e-05,8.77931649580122e-05,-5.27129344087186e-06,0.000286257138502152
Stroke,EUR_AFR,EUR_AFR_01,0.001,MELD_lambda0_true − AMR,0.132014939573301,0.021442889389857,0.0926917583462696,0.177140185236978
Stroke,EUR_AFR,EUR_AFR_01,0.001,MELD_lambda0_true − MELD_lambda0_equal,-0.128310418157701,0.0202443291965404,-0.167356141645101,-0.0891970040536334
Stroke,EUR_AFR,EUR_AFR_01,0.001,MELD_lambda0_true − MELD_lambda0_scrambled,0.260352733236961,0.0336766190163407,0.198245353474388,0.329478164164554
Stroke,EUR_AFR,EUR_AFR_01,0.001,MELD_lambda1_true − MELD_lambda0_true,0,0,0,0
Stroke,EUR_AFR,EUR_AFR_01,0.01,MELD_lambda0_true − EUR,0.179875621509302,0.0223465082106957,0.136885062788898,0.224126209406787
Stroke,EUR_AFR,EUR_AFR_01,0.01,MELD_lambda0_true − EAS,0.230062741213391,0.0217992981849436,0.187790706500941,0.274691072586291
Stroke,EUR_AFR,EUR_AFR_01,0.01,MELD_lambda0_true − AFR,0.000111476921559321,0.000112967394767955,-7.00260411402253e-06,0.000364411616104838
Stroke,EUR_AFR,EUR_AFR_01,0.01,MELD_lambda0_true − AMR,0.132904655747219,0.0187483683213358,0.0964783854509043,0.169166018536261
Stroke,EUR_AFR,EUR_AFR_01,0.01,MELD_lambda0_true − MELD_lambda0_equal,-0.0496942423088938,0.0133941460453441,-0.0755207368735209,-0.0225859303165218
Stroke,EUR_AFR,EUR_AFR_01,0.01,MELD_lambda0_true − MELD_lambda0_scrambled,0.230062741213394,0.0220990615752055,0.188051698223302,0.27299324692489
Stroke,EUR_AFR,EUR_AFR_01,0.01,MELD_lambda1_true − MELD_lambda0_true,0,0,0,0
Stroke,EUR_AFR,EUR_AFR_01,0.1,MELD_lambda0_true − EUR,0.183393054405013,0.0172836876180292,0.151721825876197,0.219778919762185
Stroke,EUR_AFR,EUR_AFR_01,0.1,MELD_lambda0_true − EAS,0.221403168324041,0.0147012677152448,0.193716414652387,0.251160968830002
Stroke,EUR_AFR,EUR_AFR_01,0.1,MELD_lambda0_true − AFR,0.000114956454475504,0.000115407645830926,-5.68456995189202e-06,0.000376331775681256
Stroke,EUR_AFR,EUR_AFR_01,0.1,MELD_lambda0_true − AMR,0.130893114624961,0.0177284892348231,0.0976580403712722,0.166458808798537
Stroke,EUR_AFR,EUR_AFR_01,0.1,MELD_lambda0_true − MELD_lambda0_equal,-0.0111180274138017,0.00868034054806391,-0.0267702261642775,0.00684014995575234
Stroke,EUR_AFR,EUR_AFR_01,0.1,MELD_lambda0_true − MELD_lambda0_scrambled,0.221403168324042,0.0147775642735029,0.19338066145904,0.25056600931521
Stroke,EUR_AFR,EUR_AFR_01,0.1,MELD_lambda1_true − MELD_lambda0_true,0,0,0,0
Stroke,EUR_AFR,EUR_AFR_02,0.001,MELD_lambda0_true − EUR,0.257346853027841,0.0228338461059661,0.211616402929467,0.302171149532841
Stroke,EUR_AFR,EUR_AFR_02,0.001,MELD_lambda0_true − EAS,0.382697782487049,0.0207335147829255,0.343611086060328,0.426306114992701
Stroke,EUR_AFR,EUR_AFR_02,0.001,MELD_lambda0_true − AFR,0.115432781482564,0.0114765227294099,0.0925834748757597,0.137344228615662
Stroke,EUR_AFR,EUR_AFR_02,0.001,MELD_lambda0_true − AMR,0.213120063906764,0.0180920962316219,0.178668739113889,0.24820567822564
Stroke,EUR_AFR,EUR_AFR_02,0.001,MELD_lambda0_true − MELD_lambda0_equal,-0.0367359515884331,0.0143360785431454,-0.0645891022131645,-0.0092186399074666
Stroke,EUR_AFR,EUR_AFR_02,0.001,MELD_lambda0_true − MELD_lambda0_scrambled,0.101100360583846,0.0189524812665859,0.0656574158845933,0.140083432248083
Stroke,EUR_AFR,EUR_AFR_02,0.001,MELD_lambda1_true − MELD_lambda0_true,0.00792089185402295,0.00183511272628245,0.00450994261921605,0.0118266986039722
Stroke,EUR_AFR,EUR_AFR_02,0.01,MELD_lambda0_true − EUR,0.192047544545088,0.0195587256343019,0.152789440700052,0.229381008473228
Stroke,EUR_AFR,EUR_AFR_02,0.01,MELD_lambda0_true − EAS,0.290253769761616,0.0206101632713207,0.251773912941919,0.332558057129925
Stroke,EUR_AFR,EUR_AFR_02,0.01,MELD_lambda0_true − AFR,0.0745105724855018,0.00819474616646878,0.0580745014087808,0.0902547747631399
Stroke,EUR_AFR,EUR_AFR_02,0.01,MELD_lambda0_true − AMR,0.16387919162079,0.0168110309644741,0.130188302038996,0.196021138679018
Stroke,EUR_AFR,EUR_AFR_02,0.01,MELD_lambda0_true − MELD_lambda0_equal,-0.000309242830941205,0.0111399950830703,-0.0228333030091045,0.0210522201707802
Stroke,EUR_AFR,EUR_AFR_02,0.01,MELD_lambda0_true − MELD_lambda0_scrambled,0.0802404560555653,0.0149959955455596,0.0509993571024711,0.108992017186292
Stroke,EUR_AFR,EUR_AFR_02,0.01,MELD_lambda1_true − MELD_lambda0_true,0.00297399650816322,0.00126650165966995,0.000606344438870502,0.00551889677954559
Stroke,EUR_AFR,EUR_AFR_02,0.1,MELD_lambda0_true − EUR,0.177814703560946,0.0168931015880529,0.144588089625759,0.209559803895593
Stroke,EUR_AFR,EUR_AFR_02,0.1,MELD_lambda0_true − EAS,0.247087457610635,0.0212792713803809,0.205591773258105,0.288084205135763
Stroke,EUR_AFR,EUR_AFR_02,0.1,MELD_lambda0_true − AFR,0.0462861538413709,0.0044767486549235,0.0366818783323917,0.0545647172287946
Stroke,EUR_AFR,EUR_AFR_02,0.1,MELD_lambda0_true − AMR,0.137347677359597,0.0144591535456741,0.108637609836087,0.16549263561991
Stroke,EUR_AFR,EUR_AFR_02,0.1,MELD_lambda0_true − MELD_lambda0_equal,0.01838119060818,0.0086561426586714,0.000873552165376835,0.0351742063288485
Stroke,EUR_AFR,EUR_AFR_02,0.1,MELD_lambda0_true − MELD_lambda0_scrambled,0.0930342000699415,0.0135940370625954,0.066969799989295,0.119855484461489
Stroke,EUR_AFR,EUR_AFR_02,0.1,MELD_lambda1_true − MELD_lambda0_true,-0.000332471538334009,0.00103344142814729,-0.00240434210002722,0.00165089120771149
Stroke,EUR_AFR,EUR_AFR_03,0.001,MELD_lambda0_true − EUR,0.292050937829004,0.026132866368984,0.240169424796246,0.34215675647526
Stroke,EUR_AFR,EUR_AFR_03,0.001,MELD_lambda0_true − EAS,0.356875594048599,0.0302796047609624,0.296602393356928,0.415360795213771
Stroke,EUR_AFR,EUR_AFR_03,0.001,MELD_lambda0_true − AFR,0.118802541876968,0.0103321452302089,0.0981899211932275,0.139215324113203
Stroke,EUR_AFR,EUR_AFR_03,0.001,MELD_lambda0_true − AMR,0.206152099365842,0.0245170899332638,0.158346045179034,0.253410218814746
Stroke,EUR_AFR,EUR_AFR_03,0.001,MELD_lambda0_true − MELD_lambda0_equal,-0.0348637096290056,0.0127783559908466,-0.0602809174494062,-0.0107028596381009
Stroke,EUR_AFR,EUR_AFR_03,0.001,MELD_lambda0_true − MELD_lambda0_scrambled,0,0,0,0
Stroke,EUR_AFR,EUR_AFR_03,0.001,MELD_lambda1_true − MELD_lambda0_true,0.0045229311666201,0.00194843641130968,0.000742825813215153,0.00834034036437545
Stroke,EUR_AFR,EUR_AFR_03,0.01,MELD_lambda0_true − EUR,0.199435224123581,0.0221347054836979,0.156275852750872,0.241686519888324
Stroke,EUR_AFR,EUR_AFR_03,0.01,MELD_lambda0_true − EAS,0.256835854038376,0.0272404363659995,0.206020361071083,0.311412413468137
Stroke,EUR_AFR,EUR_AFR_03,0.01,MELD_lambda0_true − AFR,0.074054220093425,0.00849472577096887,0.0573087287176543,0.090061105603559
Stroke,EUR_AFR,EUR_AFR_03,0.01,MELD_lambda0_true − AMR,0.168792925076549,0.0185588772571017,0.132279484227469,0.205394074267239
Stroke,EUR_AFR,EUR_AFR_03,0.01,MELD_lambda0_true − MELD_lambda0_equal,-0.0084450439583744,0.00958937770506603,-0.0271966855782507,0.0107080750545646
Stroke,EUR_AFR,EUR_AFR_03,0.01,MELD_lambda0_true − MELD_lambda0_scrambled,0,0,0,0
Stroke,EUR_AFR,EUR_AFR_03,0.01,MELD_lambda1_true − MELD_lambda0_true,0.0044641603140787,0.00179956250093468,0.00121971943226218,0.00818931299292212
Stroke,EUR_AFR,EUR_AFR_03,0.1,MELD_lambda0_true − EUR,0.172815452226026,0.0178496225901481,0.13790736231959,0.206942628321372
Stroke,EUR_AFR,EUR_AFR_03,0.1,MELD_lambda0_true − EAS,0.22119579269158,0.0225299730018171,0.178672614644417,0.266712560411138
Stroke,EUR_AFR,EUR_AFR_03,0.1,MELD_lambda0_true − AFR,0.0596847569259265,0.00697199530080132,0.0455745992531612,0.0735896308397878
Stroke,EUR_AFR,EUR_AFR_03,0.1,MELD_lambda0_true − AMR,0.138142499536645,0.0146470705358137,0.109054760347428,0.166858794191264
Stroke,EUR_AFR,EUR_AFR_03,0.1,MELD_lambda0_true − MELD_lambda0_equal,0.0129317853332863,0.00798765214473604,-0.00183391641231302,0.0291175564783933
Stroke,EUR_AFR,EUR_AFR_03,0.1,MELD_lambda0_true − MELD_lambda0_scrambled,0,0,0,0
Stroke,EUR_AFR,EUR_AFR_03,0.1,MELD_lambda1_true − MELD_lambda0_true,0.0024292780178673,0.00145725418052641,-0.000339903197174598,0.00518487066066385
Stroke,EUR_AFR,EUR_AFR_04,0.001,MELD_lambda0_true − EUR,0.259536801161464,0.0233357188287438,0.212775169331613,0.305232436344762
Stroke,EUR_AFR,EUR_AFR_04,0.001,MELD_lambda0_true − EAS,0.397966192432171,0.023924056773859,0.352630648802432,0.444384667070077
Stroke,EUR_AFR,EUR_AFR_04,0.001,MELD_lambda0_true − AFR,0.169984228108214,0.019766427762009,0.133355189721633,0.20941805156682
Stroke,EUR_AFR,EUR_AFR_04,0.001,MELD_lambda0_true − AMR,0.245465502300095,0.0208388683136705,0.20563663906774,0.288130683763096
Stroke,EUR_AFR,EUR_AFR_04,0.001,MELD_lambda0_true − MELD_lambda0_equal,-0.0186127395222975,0.0107334106226003,-0.0394579100536717,0.00189479692426873
Stroke,EUR_AFR,EUR_AFR_04,0.001,MELD_lambda0_true − MELD_lambda0_scrambled,0.0247004129141586,0.0105976228548984,0.00391660068928677,0.0462364613852193
Stroke,EUR_AFR,EUR_AFR_04,0.001,MELD_lambda1_true − MELD_lambda0_true,-0.00123626148681269,0.00246037921228297,-0.00632950180801235,0.00339548733440774
Stroke,EUR_AFR,EUR_AFR_04,0.01,MELD_lambda0_true − EUR,0.151841437352282,0.0187438554090812,0.115627643551859,0.189650217610777
Stroke,EUR_AFR,EUR_AFR_04,0.01,MELD_lambda0_true − EAS,0.253217987482371,0.0180491695540838,0.218113542018988,0.290801504795749
Stroke,EUR_AFR,EUR_AFR_04,0.01,MELD_lambda0_true − AFR,0.10362103419693,0.0111878187815389,0.0803868438139333,0.124838545621118
Stroke,EUR_AFR,EUR_AFR_04,0.01,MELD_lambda0_true − AMR,0.159238767667555,0.0145442454529357,0.130989954833464,0.187975044240201
Stroke,EUR_AFR,EUR_AFR_04,0.01,MELD_lambda0_true − MELD_lambda0_equal,-0.00142490380169602,0.00713496833806787,-0.0151016682989756,0.0130072312268751
Stroke,EUR_AFR,EUR_AFR_04,0.01,MELD_lambda0_true − MELD_lambda0_scrambled,0.022163799469017,0.00759122216918668,0.0088598947391662,0.0378922376456191
Stroke,EUR_AFR,EUR_AFR_04,0.01,MELD_lambda1_true − MELD_lambda0_true,-0.000561859741120578,0.00177589071572579,-0.00404535332301179,0.0027799722994192
Stroke,EUR_AFR,EUR_AFR_04,0.1,MELD_lambda0_true − EUR,0.124606478964242,0.0140264059522038,0.0994488881608705,0.154124997996531
Stroke,EUR_AFR,EUR_AFR_04,0.1,MELD_lambda0_true − EAS,0.193892544069698,0.0151259961005851,0.162843208457769,0.222851190134061
Stroke,EUR_AFR,EUR_AFR_04,0.1,MELD_lambda0_true − AFR,0.0748914677157923,0.00742785715868741,0.0594641823361057,0.0889257545542676
Stroke,EUR_AFR,EUR_AFR_04,0.1,MELD_lambda0_true − AMR,0.121107680257698,0.0112464101550988,0.0989494765396648,0.14142807468578
Stroke,EUR_AFR,EUR_AFR_04,0.1,MELD_lambda0_true − MELD_lambda0_equal,0.00706552477631082,0.00495255724600319,-0.00210929510765199,0.0167461632320492
Stroke,EUR_AFR,EUR_AFR_04,0.1,MELD_lambda0_true − MELD_lambda0_scrambled,0.0199960819366026,0.00553598319258715,0.00944077027360577,0.0316989934202227
Stroke,EUR_AFR,EUR_AFR_04,0.1,MELD_lambda1_true − MELD_lambda0_true,-0.00306507030481586,0.001286862817512,-0.00548602057075624,-0.000597628265595645
Stroke,EUR_AFR,EUR_AFR_05,0.001,MELD_lambda0_true − EUR,0.262822300039338,0.0209136631093331,0.222126941860578,0.305683954813683
Stroke,EUR_AFR,EUR_AFR_05,0.001,MELD_lambda0_true − EAS,0.31994440470716,0.0201280859736751,0.280017784312716,0.359026550090785
Stroke,EUR_AFR,EUR_AFR_05,0.001,MELD_lambda0_true − AFR,0.193297643065635,0.0146083693481298,0.163299458768423,0.220689827095162
Stroke,EUR_AFR,EUR_AFR_05,0.001,MELD_lambda0_true − AMR,0.209574292648542,0.0258631655976271,0.160048583590302,0.261127253983056
Stroke,EUR_AFR,EUR_AFR_05,0.001,MELD_lambda0_true − MELD_lambda0_equal,-0.0354642783401936,0.0121564191775429,-0.0600467327651455,-0.0133128302645681
Stroke,EUR_AFR,EUR_AFR_05,0.001,MELD_lambda0_true − MELD_lambda0_scrambled,0.00771397619618545,0.0110743044451568,-0.0140458513163114,0.0291722583640869
Stroke,EUR_AFR,EUR_AFR_05,0.001,MELD_lambda1_true − MELD_lambda0_true,-0.000800848748113883,0.00254550878446974,-0.00611023612709042,0.00394550535811019
Stroke,EUR_AFR,EUR_AFR_05,0.01,MELD_lambda0_true − EUR,0.149232125843048,0.0144052709675793,0.121088854071178,0.177681162597849
Stroke,EUR_AFR,EUR_AFR_05,0.01,MELD_lambda0_true − EAS,0.213168216334914,0.0188474782699344,0.175466762107251,0.249362435899043
Stroke,EUR_AFR,EUR_AFR_05,0.01,MELD_lambda0_true − AFR,0.131009317430573,0.00871956634649994,0.113304519700263,0.14775405430254
Stroke,EUR_AFR,EUR_AFR_05,0.01,MELD_lambda0_true − AMR,0.13534004912152,0.0141004125412633,0.107361329970159,0.161682850871144
Stroke,EUR_AFR,EUR_AFR_05,0.01,MELD_lambda0_true − MELD_lambda0_equal,-0.0107502641645981,0.00575773414810676,-0.0220227014177491,0.000593747498668001
Stroke,EUR_AFR,EUR_AFR_05,0.01,MELD_lambda0_true − MELD_lambda0_scrambled,0.013208461379124,0.00785082200890543,-0.00147325793454859,0.028364434250342
Stroke,EUR_AFR,EUR_AFR_05,0.01,MELD_lambda1_true − MELD_lambda0_true,-0.000814271590300304,0.00189832775127794,-0.00465535693201033,0.0027085824271103
Stroke,EUR_AFR,EUR_AFR_05,0.1,MELD_lambda0_true − EUR,0.119595362480341,0.0119415188447837,0.095683539614239,0.14317713363647
Stroke,EUR_AFR,EUR_AFR_05,0.1,MELD_lambda0_true − EAS,0.18272816578113,0.0146474496113042,0.153410134318635,0.209599680663955
Stroke,EUR_AFR,EUR_AFR_05,0.1,MELD_lambda0_true − AFR,0.101038775762497,0.00695822535296831,0.0869570687398502,0.114575283913683
Stroke,EUR_AFR,EUR_AFR_05,0.1,MELD_lambda0_true − AMR,0.104158020300206,0.0100070057222744,0.0836266309726944,0.122249275367796
Stroke,EUR_AFR,EUR_AFR_05,0.1,MELD_lambda0_true − MELD_lambda0_equal,0.00466980911484238,0.00341477248110464,-0.00194832586117799,0.011390437996456
Stroke,EUR_AFR,EUR_AFR_05,0.1,MELD_lambda0_true − MELD_lambda0_scrambled,0.0177437990337737,0.00486871487625409,0.00806214172303862,0.0271426859597373
Stroke,EUR_AFR,EUR_AFR_05,0.1,MELD_lambda1_true − MELD_lambda0_true,-0.0033824685689558,0.00139080237716308,-0.00634659863168622,-0.000882212532787451
Stroke,EUR_AFR,EUR_AFR_06,0.001,MELD_lambda0_true − EUR,0.208747357374967,0.0223016054437715,0.164636677346351,0.251386345437771
Stroke,EUR_AFR,EUR_AFR_06,0.001,MELD_lambda0_true − EAS,0.349777945211645,0.0292606516904728,0.294178957698182,0.408300844776768
Stroke,EUR_AFR,EUR_AFR_06,0.001,MELD_lambda0_true − AFR,0.187231407755368,0.0191861657225804,0.149221637197655,0.225350385249397
Stroke,EUR_AFR,EUR_AFR_06,0.001,MELD_lambda0_true − AMR,0.200995660584517,0.0244449946696613,0.151905786040646,0.246554628374656
Stroke,EUR_AFR,EUR_AFR_06,0.001,MELD_lambda0_true − MELD_lambda0_equal,-0.0417872598380346,0.0151106013970357,-0.0719292016158158,-0.0149424881280936
Stroke,EUR_AFR,EUR_AFR_06,0.001,MELD_lambda0_true − MELD_lambda0_scrambled,0.0252742240887099,0.014186132932521,-0.00305084063478549,0.0523515586518682
Stroke,EUR_AFR,EUR_AFR_06,0.001,MELD_lambda1_true − MELD_lambda0_true,0.000925234966302668,0.00190636465261481,-0.00287522926113417,0.00440355438160574
Stroke,EUR_AFR,EUR_AFR_06,0.01,MELD_lambda0_true − EUR,0.106179525972438,0.0140387292015947,0.0788583759002974,0.132666778529181
Stroke,EUR_AFR,EUR_AFR_06,0.01,MELD_lambda0_true − EAS,0.214278596683303,0.0176980188635711,0.18151046274912,0.249638583128623
Stroke,EUR_AFR,EUR_AFR_06,0.01,MELD_lambda0_true − AFR,0.141266896405386,0.0105792479349903,0.119265092230452,0.1608538914962
Stroke,EUR_AFR,EUR_AFR_06,0.01,MELD_lambda0_true − AMR,0.126674067795359,0.0157268481939497,0.096884903526279,0.158675167934949
Stroke,EUR_AFR,EUR_AFR_06,0.01,MELD_lambda0_true − MELD_lambda0_equal,-0.0183572063015925,0.00699981471265263,-0.0326000534916642,-0.00506045760593667
Stroke,EUR_AFR,EUR_AFR_06,0.01,MELD_lambda0_true − MELD_lambda0_scrambled,0.0206637851144141,0.00826098570187966,0.00424840530059002,0.036011599702285
Stroke,EUR_AFR,EUR_AFR_06,0.01,MELD_lambda1_true − MELD_lambda0_true,0.00041907129559052,0.0012511540441543,-0.00209290153969261,0.00283210487842494
Stroke,EUR_AFR,EUR_AFR_06,0.1,MELD_lambda0_true − EUR,0.0819312559960684,0.0101753146915035,0.0618417042188453,0.102366232483171
Stroke,EUR_AFR,EUR_AFR_06,0.1,MELD_lambda0_true − EAS,0.163608179477652,0.0125848560880228,0.138927465322152,0.188996412638265
Stroke,EUR_AFR,EUR_AFR_06,0.1,MELD_lambda0_true − AFR,0.116461473023494,0.00883585937021343,0.0982300174240389,0.133831252626783
Stroke,EUR_AFR,EUR_AFR_06,0.1,MELD_lambda0_true − AMR,0.0865053342279872,0.00954871559993674,0.0691553355229335,0.105614038087152
Stroke,EUR_AFR,EUR_AFR_06,0.1,MELD_lambda0_true − MELD_lambda0_equal,-0.00720540915010232,0.00440359558855432,-0.0152722838123967,0.001935867145506
Stroke,EUR_AFR,EUR_AFR_06,0.1,MELD_lambda0_true − MELD_lambda0_scrambled,0.0197233501263692,0.00548295327428812,0.00821216886526799,0.0296156148739279
Stroke,EUR_AFR,EUR_AFR_06,0.1,MELD_lambda1_true − MELD_lambda0_true,-0.00222036134294438,0.00126171184589939,-0.00484381447348752,7.18589616465715e-05
Stroke,EUR_AFR,EUR_AFR_07,0.001,MELD_lambda0_true − EUR,0.202894555616527,0.0223554416484377,0.161873567074755,0.248382284392121
Stroke,EUR_AFR,EUR_AFR_07,0.001,MELD_lambda0_true − EAS,0.338258397432692,0.0234928132709783,0.295437328872932,0.387056943169777
Stroke,EUR_AFR,EUR_AFR_07,0.001,MELD_lambda0_true − AFR,0.245515784213679,0.0173098685966472,0.209821378839928,0.277791401689987
Stroke,EUR_AFR,EUR_AFR_07,0.001,MELD_lambda0_true − AMR,0.192525732876072,0.0218610926905696,0.153411739330483,0.238871414153958
Stroke,EUR_AFR,EUR_AFR_07,0.001,MELD_lambda0_true − MELD_lambda0_equal,-0.0217730640236172,0.0110405145550623,-0.0438300592460524,6.49473679996376e-05
Stroke,EUR_AFR,EUR_AFR_07,0.001,MELD_lambda0_true − MELD_lambda0_scrambled,0.0578384624411104,0.00830361742845786,0.041278349167666,0.0737378394554279
Stroke,EUR_AFR,EUR_AFR_07,0.001,MELD_lambda1_true − MELD_lambda0_true,-0.000616022371663953,0.00248123739864323,-0.00533990610315063,0.00403466452718001
Stroke,EUR_AFR,EUR_AFR_07,0.01,MELD_lambda0_true − EUR,0.109231988240338,0.0110242004483446,0.0881768828553924,0.131043231307162
Stroke,EUR_AFR,EUR_AFR_07,0.01,MELD_lambda0_true − EAS,0.199038193481752,0.0121812200452981,0.175586625451883,0.224573322224227
Stroke,EUR_AFR,EUR_AFR_07,0.01,MELD_lambda0_true − AFR,0.167366679810436,0.013512236962296,0.139547162296883,0.19326493499843
Stroke,EUR_AFR,EUR_AFR_07,0.01,MELD_lambda0_true − AMR,0.123048228680841,0.0169408137518755,0.0930386654581276,0.159003289780941
Stroke,EUR_AFR,EUR_AFR_07,0.01,MELD_lambda0_true − MELD_lambda0_equal,-0.00428893553561394,0.00506552733146636,-0.0145150542905912,0.00560973084240328
Stroke,EUR_AFR,EUR_AFR_07,0.01,MELD_lambda0_true − MELD_lambda0_scrambled,0.0474958843434109,0.00544442705785906,0.0359171739070893,0.0576167414833405
Stroke,EUR_AFR,EUR_AFR_07,0.01,MELD_lambda1_true − MELD_lambda0_true,-0.00102828673086841,0.00161559055988958,-0.00426837779491194,0.00219374269424549
Stroke,EUR_AFR,EUR_AFR_07,0.1,MELD_lambda0_true − EUR,0.0826726517120193,0.00680015087706921,0.0703233424449272,0.0965223431525581
Stroke,EUR_AFR,EUR_AFR_07,0.1,MELD_lambda0_true − EAS,0.160393428704799,0.00913913104858973,0.142864757800007,0.178910818178531
Stroke,EUR_AFR,EUR_AFR_07,0.1,MELD_lambda0_true − AFR,0.121999557117278,0.00913967761195241,0.103239428833012,0.138473629890678
Stroke,EUR_AFR,EUR_AFR_07,0.1,MELD_lambda0_true − AMR,0.0949501050882303,0.00904557032753489,0.0771396840507396,0.113050142010027
Stroke,EUR_AFR,EUR_AFR_07,0.1,MELD_lambda0_true − MELD_lambda0_equal,0.00215162598987957,0.00261036318493842,-0.00303182525161359,0.00703123725211089
Stroke,EUR_AFR,EUR_AFR_07,0.1,MELD_lambda0_true − MELD_lambda0_scrambled,0.0355068833041961,0.00446788578281088,0.0257301655437072,0.0435449810523102
Stroke,EUR_AFR,EUR_AFR_07,0.1,MELD_lambda1_true − MELD_lambda0_true,-0.00208177618135732,0.00125395972135123,-0.00454026472461026,0.000339880743301648
Stroke,EUR_AFR,EUR_AFR_08,0.001,MELD_lambda0_true − EUR,0.177263770267861,0.0134018790085487,0.15243161861938,0.203700436526971
Stroke,EUR_AFR,EUR_AFR_08,0.001,MELD_lambda0_true − EAS,0.320698951674118,0.00941972437999066,0.302272081810655,0.338622528733196
Stroke,EUR_AFR,EUR_AFR_08,0.001,MELD_lambda0_true − AFR,0.26393736934089,0.021512011536117,0.222770510785361,0.305425419493333
Stroke,EUR_AFR,EUR_AFR_08,0.001,MELD_lambda0_true − AMR,0.187802038084889,0.0195705357833402,0.149948954800357,0.226477051845844
Stroke,EUR_AFR,EUR_AFR_08,0.001,MELD_lambda0_true − MELD_lambda0_equal,-0.016181885625096,0.00881903745340139,-0.0334609157029791,0.000657848317670843
Stroke,EUR_AFR,EUR_AFR_08,0.001,MELD_lambda0_true − MELD_lambda0_scrambled,0.0954414088622425,0.0160316406828851,0.065494123898043,0.128875677626927
Stroke,EUR_AFR,EUR_AFR_08,0.001,MELD_lambda1_true − MELD_lambda0_true,0.000733989681147606,0.00209788968470473,-0.00341928044119903,0.0048470343579058
Stroke,EUR_AFR,EUR_AFR_08,0.01,MELD_lambda0_true − EUR,0.0818192528906233,0.0111382549153764,0.0619445348698671,0.104878558765375
Stroke,EUR_AFR,EUR_AFR_08,0.01,MELD_lambda0_true − EAS,0.178281067463508,0.00738040817717389,0.163774385667442,0.192960195832334
Stroke,EUR_AFR,EUR_AFR_08,0.01,MELD_lambda0_true − AFR,0.184665366979607,0.0145139843140691,0.156563526806039,0.213981289014027
Stroke,EUR_AFR,EUR_AFR_08,0.01,MELD_lambda0_true − AMR,0.110560511054418,0.0114480172853323,0.088200533637437,0.133342601354621
Stroke,EUR_AFR,EUR_AFR_08,0.01,MELD_lambda0_true − MELD_lambda0_equal,-0.00517520956247445,0.00479554028394926,-0.0146412766002973,0.00407148085995075
Stroke,EUR_AFR,EUR_AFR_08,0.01,MELD_lambda0_true − MELD_lambda0_scrambled,0.0774924796324939,0.0105866963242651,0.0580230985763364,0.0994461895505539
Stroke,EUR_AFR,EUR_AFR_08,0.01,MELD_lambda1_true − MELD_lambda0_true,0.000204950810509943,0.00181726650871679,-0.00337192218898361,0.00368217948610328
Stroke,EUR_AFR,EUR_AFR_08,0.1,MELD_lambda0_true − EUR,0.0588624750760995,0.00605396825695286,0.0468617424487005,0.0708957490073734
Stroke,EUR_AFR,EUR_AFR_08,0.1,MELD_lambda0_true − EAS,0.144103514405708,0.00723802074165261,0.130012732568811,0.157997973706283
Stroke,EUR_AFR,EUR_AFR_08,0.1,MELD_lambda0_true − AFR,0.144868200077196,0.0103763832253391,0.124490154717657,0.164826159773071
Stroke,EUR_AFR,EUR_AFR_08,0.1,MELD_lambda0_true − AMR,0.0786552463322701,0.0074155452962441,0.0647285642589751,0.0942893658312725
Stroke,EUR_AFR,EUR_AFR_08,0.1,MELD_lambda0_true − MELD_lambda0_equal,0.000519138507940101,0.00319548325109867,-0.00554360178773095,0.0067935159527313
Stroke,EUR_AFR,EUR_AFR_08,0.1,MELD_lambda0_true − MELD_lambda0_scrambled,0.0663911584257161,0.00733038997250116,0.0526686895863362,0.0808518663525445
Stroke,EUR_AFR,EUR_AFR_08,0.1,MELD_lambda1_true − MELD_lambda0_true,-0.000832045406881226,0.00147246673664192,-0.00359098645296198,0.00209480804418163
Stroke,EUR_AFR,EUR_AFR_09,0.001,MELD_lambda0_true − EUR,0.155949372060569,0.0156725568672783,0.1243679901708,0.184988623944886
Stroke,EUR_AFR,EUR_AFR_09,0.001,MELD_lambda0_true − EAS,0.321662756198466,0.0200230386225105,0.282344035694093,0.361331678337584
Stroke,EUR_AFR,EUR_AFR_09,0.001,MELD_lambda0_true − AFR,0.304669826811532,0.0209858311083478,0.260787959090177,0.344094397258903
Stroke,EUR_AFR,EUR_AFR_09,0.001,MELD_lambda0_true − AMR,0.205520864310476,0.0193850159218527,0.169217519092957,0.244329653664991
Stroke,EUR_AFR,EUR_AFR_09,0.001,MELD_lambda0_true − MELD_lambda0_equal,-0.00210136025913758,0.00901360965464389,-0.0187479635470662,0.0174849237997142
Stroke,EUR_AFR,EUR_AFR_09,0.001,MELD_lambda0_true − MELD_lambda0_scrambled,0.112673480297948,0.0147486611545514,0.0856076053143277,0.143934499436131
Stroke,EUR_AFR,EUR_AFR_09,0.001,MELD_lambda1_true − MELD_lambda0_true,-0.00246050674365217,0.00185642580669584,-0.00641534005205541,0.000951815730304909
Stroke,EUR_AFR,EUR_AFR_09,0.01,MELD_lambda0_true − EUR,0.0698731338850491,0.00888613142178878,0.0522947000634115,0.0869981865927772
Stroke,EUR_AFR,EUR_AFR_09,0.01,MELD_lambda0_true − EAS,0.175068624048335,0.0130834250850403,0.150863408469414,0.202277813579829
Stroke,EUR_AFR,EUR_AFR_09,0.01,MELD_lambda0_true − AFR,0.213071426519515,0.0183706230921433,0.177603645159643,0.248945300376705
Stroke,EUR_AFR,EUR_AFR_09,0.01,MELD_lambda0_true − AMR,0.117955239988047,0.0147413249744603,0.0887588904090231,0.146647243059792
Stroke,EUR_AFR,EUR_AFR_09,0.01,MELD_lambda0_true − MELD_lambda0_equal,0.00393517270362801,0.00470642941076881,-0.00588286515681979,0.0122887610252634
Stroke,EUR_AFR,EUR_AFR_09,0.01,MELD_lambda0_true − MELD_lambda0_scrambled,0.053195917830432,0.00851874946858033,0.0376764670871601,0.0709987146802073
Stroke,EUR_AFR,EUR_AFR_09,0.01,MELD_lambda1_true − MELD_lambda0_true,-0.00237849401427383,0.00159690672788513,-0.00559847448206139,0.000521502802192588
Stroke,EUR_AFR,EUR_AFR_09,0.1,MELD_lambda0_true − EUR,0.0435041440955864,0.00540413996717792,0.032922066212059,0.0541322895305211
Stroke,EUR_AFR,EUR_AFR_09,0.1,MELD_lambda0_true − EAS,0.127092819057274,0.00884518649118742,0.110022192378443,0.144431666573813
Stroke,EUR_AFR,EUR_AFR_09,0.1,MELD_lambda0_true − AFR,0.15960755777591,0.0125134472659602,0.132528143802578,0.18196268392064
Stroke,EUR_AFR,EUR_AFR_09,0.1,MELD_lambda0_true − AMR,0.08734888288793,0.00984657438614689,0.0679265340593212,0.106031578117379
Stroke,EUR_AFR,EUR_AFR_09,0.1,MELD_lambda0_true − MELD_lambda0_equal,0.00640996906449641,0.00388041438866919,-0.00130601960487438,0.0139084589811265
Stroke,EUR_AFR,EUR_AFR_09,0.1,MELD_lambda0_true − MELD_lambda0_scrambled,0.0329195535389503,0.00544110374007937,0.0232412198047022,0.0442634553140403
Stroke,EUR_AFR,EUR_AFR_09,0.1,MELD_lambda1_true − MELD_lambda0_true,-0.00350702068482636,0.00133253612659674,-0.00613010284801769,-0.000930392454311738
Stroke,EUR_AFR,EUR_AFR_10,0.001,MELD_lambda0_true − EUR,0.0789539777024863,0.00858998757848557,0.0617491326231479,0.0956380242122732
Stroke,EUR_AFR,EUR_AFR_10,0.001,MELD_lambda0_true − EAS,0.294657843844232,0.0230404983682846,0.24898991748854,0.341271005214215
Stroke,EUR_AFR,EUR_AFR_10,0.001,MELD_lambda0_true − AFR,0.318335526265348,0.0228764860974864,0.272497548209244,0.361913895488677
Stroke,EUR_AFR,EUR_AFR_10,0.001,MELD_lambda0_true − AMR,0.176768937918559,0.0237017366688663,0.132470068658447,0.224276456704691
Stroke,EUR_AFR,EUR_AFR_10,0.001,MELD_lambda0_true − MELD_lambda0_equal,0.00864749469319246,0.00935943163214939,-0.00852834055654478,0.0283308878034717
Stroke,EUR_AFR,EUR_AFR_10,0.001,MELD_lambda0_true − MELD_lambda0_scrambled,0.190026116633281,0.0172863681231403,0.156694780483911,0.224547342323188
Stroke,EUR_AFR,EUR_AFR_10,0.001,MELD_lambda1_true − MELD_lambda0_true,0.000680768129042976,0.00108539937289106,-0.0014431383525694,0.00274854610645437
Stroke,EUR_AFR,EUR_AFR_10,0.01,MELD_lambda0_true − EUR,0.0262913472100156,0.00551959379323039,0.0154908756849051,0.037627712647934
Stroke,EUR_AFR,EUR_AFR_10,0.01,MELD_lambda0_true − EAS,0.161490494079777,0.0159846232594971,0.131606438844334,0.194322531280824
Stroke,EUR_AFR,EUR_AFR_10,0.01,MELD_lambda0_true − AFR,0.237500398460538,0.0188747116612287,0.20048962205316,0.275268479606814
Stroke,EUR_AFR,EUR_AFR_10,0.01,MELD_lambda0_true − AMR,0.111074647479487,0.0160647189797234,0.0803755657717499,0.143179980649659
Stroke,EUR_AFR,EUR_AFR_10,0.01,MELD_lambda0_true − MELD_lambda0_equal,0.0148387962077174,0.00432165373019872,0.00672992576782399,0.0235848015669496
Stroke,EUR_AFR,EUR_AFR_10,0.01,MELD_lambda0_true − MELD_lambda0_scrambled,0.146483788595393,0.0139917955502134,0.117118104656101,0.1732004066957
Stroke,EUR_AFR,EUR_AFR_10,0.01,MELD_lambda1_true − MELD_lambda0_true,0.000342928690513872,0.000785447458952617,-0.0011808231463502,0.00184350163370566
Stroke,EUR_AFR,EUR_AFR_10,0.1,MELD_lambda0_true − EUR,0.0185369590509981,0.00273929834324227,0.0131586078734186,0.0241657324980574
Stroke,EUR_AFR,EUR_AFR_10,0.1,MELD_lambda0_true − EAS,0.124902949163994,0.0142381185542824,0.0994713018991527,0.154590136295389
Stroke,EUR_AFR,EUR_AFR_10,0.1,MELD_lambda0_true − AFR,0.180243874933699,0.0143893354169851,0.153450372113994,0.2084554347855
Stroke,EUR_AFR,EUR_AFR_10,0.1,MELD_lambda0_true − AMR,0.0790681841869875,0.0119773260596196,0.05666598378532,0.103577613554031
Stroke,EUR_AFR,EUR_AFR_10,0.1,MELD_lambda0_true − MELD_lambda0_equal,0.0110954310085898,0.00402949421187981,0.00292626798869244,0.0188417732163495
Stroke,EUR_AFR,EUR_AFR_10,0.1,MELD_lambda0_true − MELD_lambda0_scrambled,0.112484618772155,0.00948653802271457,0.0932206731640634,0.130888090281433
Stroke,EUR_AFR,EUR_AFR_10,0.1,MELD_lambda1_true − MELD_lambda0_true,-0.000602719447529794,0.000650297842283141,-0.00191486023928966,0.000680962751872891
Stroke,EUR_AFR,EUR_AFR_11,0.001,MELD_lambda0_true − EUR,-3.29004193448286e-15,8.24440790626607e-15,-2.01652926652028e-14,1.1658448959036e-14
Stroke,EUR_AFR,EUR_AFR_11,0.001,MELD_lambda0_true − EAS,0.261755878384336,0.0199268577581409,0.222708954487568,0.302419096346393
Stroke,EUR_AFR,EUR_AFR_11,0.001,MELD_lambda0_true − AFR,0.361133243553012,0.024788844236012,0.312524236120491,0.408729894320803
Stroke,EUR_AFR,EUR_AFR_11,0.001,MELD_lambda0_true − AMR,0.133453450324033,0.0202874633809191,0.0928186763187358,0.172049908452296
Stroke,EUR_AFR,EUR_AFR_11,0.001,MELD_lambda0_true − MELD_lambda0_equal,-0.000530102453555325,0.0071445901454562,-0.0153121832005145,0.0127819853198911
Stroke,EUR_AFR,EUR_AFR_11,0.001,MELD_lambda0_true − MELD_lambda0_scrambled,0,0,0,0
Stroke,EUR_AFR,EUR_AFR_11,0.001,MELD_lambda1_true − MELD_lambda0_true,0,0,0,0
Stroke,EUR_AFR,EUR_AFR_11,0.01,MELD_lambda0_true − EUR,-1.91822767456646e-16,7.64218559858663e-16,-1.71454529413306e-15,1.30978600953732e-15
Stroke,EUR_AFR,EUR_AFR_11,0.01,MELD_lambda0_true − EAS,0.157178665370366,0.0152393156619424,0.127616367971014,0.188025838767274
Stroke,EUR_AFR,EUR_AFR_11,0.01,MELD_lambda0_true − AFR,0.275877146882743,0.0232298247874299,0.230182623588603,0.324047283684353
Stroke,EUR_AFR,EUR_AFR_11,0.01,MELD_lambda0_true − AMR,0.0889283345214333,0.0108702751385014,0.0683084321831305,0.110866811556898
Stroke,EUR_AFR,EUR_AFR_11,0.01,MELD_lambda0_true − MELD_lambda0_equal,0.0175483049196265,0.0048762549282339,0.00799218657660881,0.0269939196350195
Stroke,EUR_AFR,EUR_AFR_11,0.01,MELD_lambda0_true − MELD_lambda0_scrambled,0,0,0,0
Stroke,EUR_AFR,EUR_AFR_11,0.01,MELD_lambda1_true − MELD_lambda0_true,0,0,0,0
Stroke,EUR_AFR,EUR_AFR_11,0.1,MELD_lambda0_true − EUR,-1.64561524720595e-16,2.95338780063361e-16,-7.79224019219264e-16,3.68729031802728e-16
Stroke,EUR_AFR,EUR_AFR_11,0.1,MELD_lambda0_true − EAS,0.11699166259858,0.012074597402433,0.0934990173710318,0.140830171902287
Stroke,EUR_AFR,EUR_AFR_11,0.1,MELD_lambda0_true − AFR,0.208576096605121,0.0182933403597921,0.172578960938825,0.244468303660181
Stroke,EUR_AFR,EUR_AFR_11,0.1,MELD_lambda0_true − AMR,0.0676985882534763,0.00778319671549388,0.0522761116945026,0.0827473419378615
Stroke,EUR_AFR,EUR_AFR_11,0.1,MELD_lambda0_true − MELD_lambda0_equal,0.0159951991046245,0.00363313453297984,0.00904729979992964,0.0229958251653299
Stroke,EUR_AFR,EUR_AFR_11,0.1,MELD_lambda0_true − MELD_lambda0_scrambled,0,0,0,0
Stroke,EUR_AFR,EUR_AFR_11,0.1,MELD_lambda1_true − MELD_lambda0_true,0,0,0,0
Stroke,EUR_EAS,EUR_EAS_01,0.001,MELD_lambda0_true − EUR,0.228126514541743,0.0158547913576826,0.197848871108598,0.261643406067481
Stroke,EUR_EAS,EUR_EAS_01,0.001,MELD_lambda0_true − EAS,5.89826106312731e-15,6.01735381698185e-15,-5.91337107056199e-15,1.76939259600092e-14
Stroke,EUR_EAS,EUR_EAS_01,0.001,MELD_lambda0_true − AFR,0.427124963764583,0.0224338830016601,0.382331020966287,0.471535109261533
Stroke,EUR_EAS,EUR_EAS_01,0.001,MELD_lambda0_true − AMR,0.224172515407365,0.0202399565979056,0.185316095156801,0.265674687217093
Stroke,EUR_EAS,EUR_EAS_01,0.001,MELD_lambda0_true − MELD_lambda0_equal,0.0151425640055143,0.00736105648756485,0.000637178081372064,0.0292346021821432
Stroke,EUR_EAS,EUR_EAS_01,0.001,MELD_lambda0_true − MELD_lambda0_scrambled,0.228126514541754,0.0154702331264067,0.196670682170078,0.257954064445921
Stroke,EUR_EAS,EUR_EAS_01,0.001,MELD_lambda1_true − MELD_lambda0_true,0,0,0,0
Stroke,EUR_EAS,EUR_EAS_01,0.01,MELD_lambda0_true − EUR,0.146539370132335,0.0144036748743446,0.119094594623353,0.176018397770296
Stroke,EUR_EAS,EUR_EAS_01,0.01,MELD_lambda0_true − EAS,1.48515965678567e-16,5.00489037176984e-16,-8.75556153953431e-16,1.07715576711669e-15
Stroke,EUR_EAS,EUR_EAS_01,0.01,MELD_lambda0_true − AFR,0.317037507356123,0.0235741672268353,0.273906167124937,0.36393667597549
Stroke,EUR_EAS,EUR_EAS_01,0.01,MELD_lambda0_true − AMR,0.158245446534853,0.0186674560388806,0.124376263013017,0.19616206560737
Stroke,EUR_EAS,EUR_EAS_01,0.01,MELD_lambda0_true − MELD_lambda0_equal,0.028238081943658,0.00589098272309999,0.0179303662406614,0.0414676427993001
Stroke,EUR_EAS,EUR_EAS_01,0.01,MELD_lambda0_true − MELD_lambda0_scrambled,0.146539370132335,0.0143434416182713,0.119711121234906,0.176521802857245
Stroke,EUR_EAS,EUR_EAS_01,0.01,MELD_lambda1_true − MELD_lambda0_true,0,0,0,0
Stroke,EUR_EAS,EUR_EAS_01,0.1,MELD_lambda0_true − EUR,0.109341990818043,0.0118369774704448,0.0864107209097965,0.133084287405332
Stroke,EUR_EAS,EUR_EAS_01,0.1,MELD_lambda0_true − EAS,-1.60585251503446e-16,2.13837911461635e-16,-5.27780591481869e-16,3.03256714159675e-16
Stroke,EUR_EAS,EUR_EAS_01,0.1,MELD_lambda0_true − AFR,0.238848266399399,0.0206753074399279,0.201752367617958,0.281574469544232
Stroke,EUR_EAS,EUR_EAS_01,0.1,MELD_lambda0_true − AMR,0.130088658310235,0.0165613383226441,0.101988988552577,0.167232188895359
Stroke,EUR_EAS,EUR_EAS_01,0.1,MELD_lambda0_true − MELD_lambda0_equal,0.030213911964029,0.00474532329770217,0.0219434111339916,0.0403883005496714
Stroke,EUR_EAS,EUR_EAS_01,0.1,MELD_lambda0_true − MELD_lambda0_scrambled,0.109341990818044,0.0122177426507788,0.0859906946083519,0.132427419916289
Stroke,EUR_EAS,EUR_EAS_01,0.1,MELD_lambda1_true − MELD_lambda0_true,0,0,0,0
Stroke,EUR_EAS,EUR_EAS_02,0.001,MELD_lambda0_true − EUR,0.240656425002599,0.0141723982341036,0.213977452736229,0.269189969485061
Stroke,EUR_EAS,EUR_EAS_02,0.001,MELD_lambda0_true − EAS,0.0263389711707204,0.00618447392355502,0.015137158791764,0.0386082457068506
Stroke,EUR_EAS,EUR_EAS_02,0.001,MELD_lambda0_true − AFR,0.434932568942799,0.017939231825008,0.398706581112881,0.470841643983085
Stroke,EUR_EAS,EUR_EAS_02,0.001,MELD_lambda0_true − AMR,0.245384752694163,0.0186480075289286,0.209252526946628,0.280737781837997
Stroke,EUR_EAS,EUR_EAS_02,0.001,MELD_lambda0_true − MELD_lambda0_equal,0.0220826802686899,0.00685786267591133,0.00879182353140407,0.035499410480386
Stroke,EUR_EAS,EUR_EAS_02,0.001,MELD_lambda0_true − MELD_lambda0_scrambled,0,0,0,0
Stroke,EUR_EAS,EUR_EAS_02,0.001,MELD_lambda1_true − MELD_lambda0_true,-0.00175843002936255,0.00163522320185172,-0.00499567200166779,0.00134940191742161
Stroke,EUR_EAS,EUR_EAS_02,0.01,MELD_lambda0_true − EUR,0.162536243784492,0.0117476476537519,0.142271622434717,0.187294697756312
Stroke,EUR_EAS,EUR_EAS_02,0.01,MELD_lambda0_true − EAS,0.0106950425200192,0.00312107823976524,0.00436035368643431,0.0166955207604407
Stroke,EUR_EAS,EUR_EAS_02,0.01,MELD_lambda0_true − AFR,0.316116508206055,0.0190332838226815,0.280935887764799,0.354696305648738
Stroke,EUR_EAS,EUR_EAS_02,0.01,MELD_lambda0_true − AMR,0.175245602629555,0.0157155099379434,0.144588372695805,0.204750896701343
Stroke,EUR_EAS,EUR_EAS_02,0.01,MELD_lambda0_true − MELD_lambda0_equal,0.0353076129474743,0.00450905067686577,0.0264466763315502,0.0439052796832141
Stroke,EUR_EAS,EUR_EAS_02,0.01,MELD_lambda0_true − MELD_lambda0_scrambled,0,0,0,0
Stroke,EUR_EAS,EUR_EAS_02,0.01,MELD_lambda1_true − MELD_lambda0_true,-0.000139397678949804,0.000861129139094433,-0.00175358788591139,0.00161889712142168
Stroke,EUR_EAS,EUR_EAS_02,0.1,MELD_lambda0_true − EUR,0.12676911317301,0.0107196517810448,0.107308847160697,0.149192587077678
Stroke,EUR_EAS,EUR_EAS_02,0.1,MELD_lambda0_true − EAS,0.00632500097302819,0.00181500329009805,0.00263871222204193,0.00982034076939732
Stroke,EUR_EAS,EUR_EAS_02,0.1,MELD_lambda0_true − AFR,0.252425011457925,0.0171840197181167,0.218573869755992,0.285967519472128
Stroke,EUR_EAS,EUR_EAS_02,0.1,MELD_lambda0_true − AMR,0.131889953371378,0.013951299878836,0.105157372619973,0.159277803993443
Stroke,EUR_EAS,EUR_EAS_02,0.1,MELD_lambda0_true − MELD_lambda0_equal,0.0333952209247735,0.00443821377615794,0.024431151399964,0.0417076521824637
Stroke,EUR_EAS,EUR_EAS_02,0.1,MELD_lambda0_true − MELD_lambda0_scrambled,0,0,0,0
Stroke,EUR_EAS,EUR_EAS_02,0.1,MELD_lambda1_true − MELD_lambda0_true,-0.000466462359852128,0.000621206229548598,-0.00153221923538799,0.000856764010332986
Stroke,EUR_EAS,EUR_EAS_03,0.001,MELD_lambda0_true − EUR,0.19346315590361,0.0115346736296815,0.170978744754384,0.215879836135238
Stroke,EUR_EAS,EUR_EAS_03,0.001,MELD_lambda0_true − EAS,0.0312213696740456,0.01022352620674,0.0114309106879264,0.0514116576314881
Stroke,EUR_EAS,EUR_EAS_03,0.001,MELD_lambda0_true − AFR,0.42912705888915,0.0257069789680516,0.379537625873359,0.479416532430504
Stroke,EUR_EAS,EUR_EAS_03,0.001,MELD_lambda0_true − AMR,0.224947439821107,0.0213188519629704,0.184503032595681,0.268372614478099
Stroke,EUR_EAS,EUR_EAS_03,0.001,MELD_lambda0_true − MELD_lambda0_equal,0.0268188134459297,0.00814455116246621,0.0102247539663404,0.041858626345216
Stroke,EUR_EAS,EUR_EAS_03,0.001,MELD_lambda0_true − MELD_lambda0_scrambled,0.125264885753238,0.0110607187224201,0.104823794235261,0.147171404914512
Stroke,EUR_EAS,EUR_EAS_03,0.001,MELD_lambda1_true − MELD_lambda0_true,-0.00110476673150053,0.00207196384710655,-0.00505177328270655,0.00303721789009529
Stroke,EUR_EAS,EUR_EAS_03,0.01,MELD_lambda0_true − EUR,0.122816677616787,0.01104491912458,0.102907124001943,0.145731415570533
Stroke,EUR_EAS,EUR_EAS_03,0.01,MELD_lambda0_true − EAS,0.0129888724595833,0.00637941299394974,0.00109912975719528,0.0260035902320567
Stroke,EUR_EAS,EUR_EAS_03,0.01,MELD_lambda0_true − AFR,0.328302695287452,0.0232616564141349,0.282082602856326,0.372408319432316
Stroke,EUR_EAS,EUR_EAS_03,0.01,MELD_lambda0_true − AMR,0.148638692196815,0.01804928739134,0.115525092720511,0.18606010192291
Stroke,EUR_EAS,EUR_EAS_03,0.01,MELD_lambda0_true − MELD_lambda0_equal,0.0394396363762138,0.00573718126119149,0.0286736787098013,0.0503145337175907
Stroke,EUR_EAS,EUR_EAS_03,0.01,MELD_lambda0_true − MELD_lambda0_scrambled,0.0911476418479871,0.0109382147069485,0.072058867536333,0.113954768021955
Stroke,EUR_EAS,EUR_EAS_03,0.01,MELD_lambda1_true − MELD_lambda0_true,-0.00140283893165757,0.00103237804804677,-0.00347113798199103,0.000652504494134328
Stroke,EUR_EAS,EUR_EAS_03,0.1,MELD_lambda0_true − EUR,0.0964270166359361,0.00913007354945929,0.0797752024465981,0.115222014062082
Stroke,EUR_EAS,EUR_EAS_03,0.1,MELD_lambda0_true − EAS,0.010951352750426,0.00287431304507141,0.0054476366750793,0.0168256006278501
Stroke,EUR_EAS,EUR_EAS_03,0.1,MELD_lambda0_true − AFR,0.261041942956557,0.0197889635244109,0.21964754597059,0.298635969227897
Stroke,EUR_EAS,EUR_EAS_03,0.1,MELD_lambda0_true − AMR,0.113058421448011,0.0139648258587803,0.0874580035093906,0.141090298338171
Stroke,EUR_EAS,EUR_EAS_03,0.1,MELD_lambda0_true − MELD_lambda0_equal,0.0337218490271493,0.00413060128958549,0.025695288384861,0.0417442651184774
Stroke,EUR_EAS,EUR_EAS_03,0.1,MELD_lambda0_true − MELD_lambda0_scrambled,0.0760040482782814,0.00800029335126994,0.060928286650666,0.0925488925083616
Stroke,EUR_EAS,EUR_EAS_03,0.1,MELD_lambda1_true − MELD_lambda0_true,-0.0017972206766325,0.000824080140313873,-0.00328988639863096,-0.000137299868155515
Stroke,EUR_EAS,EUR_EAS_04,0.001,MELD_lambda0_true − EUR,0.206388723748042,0.0169724050490114,0.172133082814974,0.238850308489092
Stroke,EUR_EAS,EUR_EAS_04,0.001,MELD_lambda0_true − EAS,0.0405558878047485,0.0105286441637156,0.0214830389020106,0.0622089243592013
Stroke,EUR_EAS,EUR_EAS_04,0.001,MELD_lambda0_true − AFR,0.392573000054446,0.0250141368300812,0.339463132834652,0.436873934608736
Stroke,EUR_EAS,EUR_EAS_04,0.001,MELD_lambda0_true − AMR,0.216660443420702,0.0206269399870651,0.178789090548541,0.258315992716658
Stroke,EUR_EAS,EUR_EAS_04,0.001,MELD_lambda0_true − MELD_lambda0_equal,0.0143822302279628,0.00596707086084384,0.00235173477579455,0.0254591627216255
Stroke,EUR_EAS,EUR_EAS_04,0.001,MELD_lambda0_true − MELD_lambda0_scrambled,0.0916427445494141,0.0105353990503775,0.069724155686354,0.110651864754494
Stroke,EUR_EAS,EUR_EAS_04,0.001,MELD_lambda1_true − MELD_lambda0_true,-0.00243715573136389,0.00231927345467567,-0.00710559856755308,0.0023209723642171
Stroke,EUR_EAS,EUR_EAS_04,0.01,MELD_lambda0_true − EUR,0.118789546689125,0.0114364515107161,0.097445077707788,0.141643261196021
Stroke,EUR_EAS,EUR_EAS_04,0.01,MELD_lambda0_true − EAS,0.0182790591205744,0.0053957545310632,0.0079517742098836,0.0291047289040645
Stroke,EUR_EAS,EUR_EAS_04,0.01,MELD_lambda0_true − AFR,0.277557332360061,0.0217451889887506,0.237609299933798,0.320652285128633
Stroke,EUR_EAS,EUR_EAS_04,0.01,MELD_lambda0_true − AMR,0.147207091199205,0.0160191283578537,0.118131631968378,0.180087680815023
Stroke,EUR_EAS,EUR_EAS_04,0.01,MELD_lambda0_true − MELD_lambda0_equal,0.0261742860266445,0.00421816358082769,0.0175258104486177,0.0341176626409087
Stroke,EUR_EAS,EUR_EAS_04,0.01,MELD_lambda0_true − MELD_lambda0_scrambled,0.0783194840045436,0.00821391927366002,0.0625860499541283,0.0946721964394985
Stroke,EUR_EAS,EUR_EAS_04,0.01,MELD_lambda1_true − MELD_lambda0_true,-0.00285092019729319,0.000956676628407232,-0.00477415227405415,-0.00102211815962383
Stroke,EUR_EAS,EUR_EAS_04,0.1,MELD_lambda0_true − EUR,0.0881443333860778,0.00824168197045792,0.0719327319774036,0.104436616818274
Stroke,EUR_EAS,EUR_EAS_04,0.1,MELD_lambda0_true − EAS,0.0123783244075396,0.00347807036904077,0.00538749647143601,0.0187292713269786
Stroke,EUR_EAS,EUR_EAS_04,0.1,MELD_lambda0_true − AFR,0.218757298244527,0.0208474625179564,0.179795673926561,0.26002089258553
Stroke,EUR_EAS,EUR_EAS_04,0.1,MELD_lambda0_true − AMR,0.106691685432451,0.0106396878955386,0.0862333133884882,0.126798568193209
Stroke,EUR_EAS,EUR_EAS_04,0.1,MELD_lambda0_true − MELD_lambda0_equal,0.0238069644612755,0.00331354629694886,0.0171564310677443,0.0300316037799179
Stroke,EUR_EAS,EUR_EAS_04,0.1,MELD_lambda0_true − MELD_lambda0_scrambled,0.0645507198622196,0.00744064457830492,0.0504225123159174,0.0790314163076959
Stroke,EUR_EAS,EUR_EAS_04,0.1,MELD_lambda1_true − MELD_lambda0_true,-0.00340156322696928,0.000657158602749546,-0.00479968089723843,-0.00218274101223523
Stroke,EUR_EAS,EUR_EAS_05,0.001,MELD_lambda0_true − EUR,0.171164932429032,0.0150233426914625,0.143841465191712,0.201796987192499
Stroke,EUR_EAS,EUR_EAS_05,0.001,MELD_lambda0_true − EAS,0.06367121857406,0.0125412602162622,0.0392828878598932,0.0883102766351844
Stroke,EUR_EAS,EUR_EAS_05,0.001,MELD_lambda0_true − AFR,0.38849373601429,0.0233264785049111,0.345794242112501,0.438463977035669
Stroke,EUR_EAS,EUR_EAS_05,0.001,MELD_lambda0_true − AMR,0.199790225459324,0.0207130389181759,0.160781199066019,0.240005255820961
Stroke,EUR_EAS,EUR_EAS_05,0.001,MELD_lambda0_true − MELD_lambda0_equal,0.00417209821085213,0.00706950406381028,-0.00987323467683572,0.0177534965304869
Stroke,EUR_EAS,EUR_EAS_05,0.001,MELD_lambda0_true − MELD_lambda0_scrambled,0,0,0,0
Stroke,EUR_EAS,EUR_EAS_05,0.001,MELD_lambda1_true − MELD_lambda0_true,-0.00175472171969277,0.00283414211212461,-0.00738837055682137,0.0034615536278489
Stroke,EUR_EAS,EUR_EAS_05,0.01,MELD_lambda0_true − EUR,0.10497228361964,0.00961992798525564,0.0868412179985174,0.124856909838009
Stroke,EUR_EAS,EUR_EAS_05,0.01,MELD_lambda0_true − EAS,0.0334552171994494,0.00823372564188666,0.01720250528875,0.0496745875147406
Stroke,EUR_EAS,EUR_EAS_05,0.01,MELD_lambda0_true − AFR,0.286991488724097,0.0203050896508854,0.249930588589389,0.329244482981412
Stroke,EUR_EAS,EUR_EAS_05,0.01,MELD_lambda0_true − AMR,0.136567610282695,0.015287356038967,0.109565804808903,0.169721548006877
Stroke,EUR_EAS,EUR_EAS_05,0.01,MELD_lambda0_true − MELD_lambda0_equal,0.0196124947304734,0.0041365578822156,0.0119572586445052,0.0282760041874127
Stroke,EUR_EAS,EUR_EAS_05,0.01,MELD_lambda0_true − MELD_lambda0_scrambled,0,0,0,0
Stroke,EUR_EAS,EUR_EAS_05,0.01,MELD_lambda1_true − MELD_lambda0_true,-0.00233276766923676,0.00133383232435401,-0.00532578374135928,-5.49885648055828e-05
Stroke,EUR_EAS,EUR_EAS_05,0.1,MELD_lambda0_true − EUR,0.0847327478199681,0.00763796791427822,0.0712502818403383,0.100597718249235
Stroke,EUR_EAS,EUR_EAS_05,0.1,MELD_lambda0_true − EAS,0.0203288604712985,0.00523720450844799,0.0100644634936884,0.030242331388764
Stroke,EUR_EAS,EUR_EAS_05,0.1,MELD_lambda0_true − AFR,0.225228072672322,0.0176996207903772,0.193285311490172,0.261717507960629
Stroke,EUR_EAS,EUR_EAS_05,0.1,MELD_lambda0_true − AMR,0.101566321406296,0.0123011988318377,0.0789759732794005,0.127068601021644
Stroke,EUR_EAS,EUR_EAS_05,0.1,MELD_lambda0_true − MELD_lambda0_equal,0.0192741178231472,0.00351159302608969,0.012492404494006,0.0265777522642954
Stroke,EUR_EAS,EUR_EAS_05,0.1,MELD_lambda0_true − MELD_lambda0_scrambled,0,0,0,0
Stroke,EUR_EAS,EUR_EAS_05,0.1,MELD_lambda1_true − MELD_lambda0_true,-0.00331749299069794,0.000981142253838499,-0.00534775125135993,-0.00152903315438609
Stroke,EUR_EAS,EUR_EAS_06,0.001,MELD_lambda0_true − EUR,0.149380699961482,0.0125198446540498,0.12489546010558,0.174113029384725
Stroke,EUR_EAS,EUR_EAS_06,0.001,MELD_lambda0_true − EAS,0.0729918068930135,0.0116871163657458,0.0527357767375966,0.0987662353796653
Stroke,EUR_EAS,EUR_EAS_06,0.001,MELD_lambda0_true − AFR,0.397353969559286,0.0233861682487893,0.349476914950744,0.44231157624957
Stroke,EUR_EAS,EUR_EAS_06,0.001,MELD_lambda0_true − AMR,0.178336448651432,0.0167978354630598,0.146832845894165,0.213010162457246
Stroke,EUR_EAS,EUR_EAS_06,0.001,MELD_lambda0_true − MELD_lambda0_equal,0.00310267964662386,0.00630054836440006,-0.00874330686029835,0.0156288084215639
Stroke,EUR_EAS,EUR_EAS_06,0.001,MELD_lambda0_true − MELD_lambda0_scrambled,0.149782296721648,0.014668010992476,0.122223595957165,0.179207055306937
Stroke,EUR_EAS,EUR_EAS_06,0.001,MELD_lambda1_true − MELD_lambda0_true,-0.00323276640185223,0.0027473568579405,-0.00886914385616623,0.00204236188505788
Stroke,EUR_EAS,EUR_EAS_06,0.01,MELD_lambda0_true − EUR,0.0877346484371896,0.00674219268984154,0.0756816971225991,0.102193663821287
Stroke,EUR_EAS,EUR_EAS_06,0.01,MELD_lambda0_true − EAS,0.0378545425925257,0.00565497006881216,0.0271937175118928,0.0485775800116541
Stroke,EUR_EAS,EUR_EAS_06,0.01,MELD_lambda0_true − AFR,0.292790914729498,0.0222526810655298,0.249745773897478,0.335002972412597
Stroke,EUR_EAS,EUR_EAS_06,0.01,MELD_lambda0_true − AMR,0.119595116666714,0.00935752399814579,0.102120922358639,0.138025210625818
Stroke,EUR_EAS,EUR_EAS_06,0.01,MELD_lambda0_true − MELD_lambda0_equal,0.0212693206466696,0.00328301479268311,0.0150150392655273,0.0277360689876277
Stroke,EUR_EAS,EUR_EAS_06,0.01,MELD_lambda0_true − MELD_lambda0_scrambled,0.123750815353172,0.0125305593965593,0.0999156278090532,0.150156112591587
Stroke,EUR_EAS,EUR_EAS_06,0.01,MELD_lambda1_true − MELD_lambda0_true,-0.00247414895945908,0.00112515483538959,-0.00472513351667174,-0.000341165242995583
Stroke,EUR_EAS,EUR_EAS_06,0.1,MELD_lambda0_true − EUR,0.0678300102674251,0.00539593934168458,0.0575518437011304,0.0787354251345823
Stroke,EUR_EAS,EUR_EAS_06,0.1,MELD_lambda0_true − EAS,0.0266172521351398,0.00447394542147165,0.0184677485331621,0.0357079645397907
Stroke,EUR_EAS,EUR_EAS_06,0.1,MELD_lambda0_true − AFR,0.233527625246157,0.019891617761756,0.196522533500257,0.272711388040432
Stroke,EUR_EAS,EUR_EAS_06,0.1,MELD_lambda0_true − AMR,0.0952879366558553,0.00841272965609967,0.07993081128021,0.112045404261876
Stroke,EUR_EAS,EUR_EAS_06,0.1,MELD_lambda0_true − MELD_lambda0_equal,0.021210066022674,0.00301708834215673,0.0155029184714172,0.0274700420547353
Stroke,EUR_EAS,EUR_EAS_06,0.1,MELD_lambda0_true − MELD_lambda0_scrambled,0.102799843727335,0.0111309335240828,0.0826588806239461,0.126001758103667
Stroke,EUR_EAS,EUR_EAS_06,0.1,MELD_lambda1_true − MELD_lambda0_true,-0.00354620923196671,0.00103978450779124,-0.00571069108173156,-0.00165829281527661
Stroke,EUR_EAS,EUR_EAS_07,0.001,MELD_lambda0_true − EUR,0.126671617503267,0.0143636276899585,0.0985401348911652,0.154585131541469
Stroke,EUR_EAS,EUR_EAS_07,0.001,MELD_lambda0_true − EAS,0.110062872768692,0.0145827401385737,0.0833989610126214,0.141423823552476
Stroke,EUR_EAS,EUR_EAS_07,0.001,MELD_lambda0_true − AFR,0.390206302039786,0.0147245665830172,0.359407107142976,0.417569012896217
Stroke,EUR_EAS,EUR_EAS_07,0.001,MELD_lambda0_true − AMR,0.205185961850058,0.0233829344816663,0.160714286141489,0.251463708053542
Stroke,EUR_EAS,EUR_EAS_07,0.001,MELD_lambda0_true − MELD_lambda0_equal,0.00243111147048465,0.00607718665037058,-0.00990098561650199,0.0140938337142856
Stroke,EUR_EAS,EUR_EAS_07,0.001,MELD_lambda0_true − MELD_lambda0_scrambled,0,0,0,0
Stroke,EUR_EAS,EUR_EAS_07,0.001,MELD_lambda1_true − MELD_lambda0_true,-0.00183853589072868,0.00248636591864413,-0.00688837454280326,0.00283796460537705
Stroke,EUR_EAS,EUR_EAS_07,0.01,MELD_lambda0_true − EUR,0.0730166374594704,0.00823174956380573,0.0578622475643604,0.0900416785466333
Stroke,EUR_EAS,EUR_EAS_07,0.01,MELD_lambda0_true − EAS,0.0565695351215485,0.00692570292932984,0.0442139863983261,0.070774518116896
Stroke,EUR_EAS,EUR_EAS_07,0.01,MELD_lambda0_true − AFR,0.283589178024913,0.0159366663552385,0.253717110449176,0.313224996690726
Stroke,EUR_EAS,EUR_EAS_07,0.01,MELD_lambda0_true − AMR,0.127935923822383,0.0142336651422583,0.101893456955007,0.158070052742886
Stroke,EUR_EAS,EUR_EAS_07,0.01,MELD_lambda0_true − MELD_lambda0_equal,0.016244058995011,0.0040575369978948,0.00876749815887177,0.0245389638472996
Stroke,EUR_EAS,EUR_EAS_07,0.01,MELD_lambda0_true − MELD_lambda0_scrambled,0,0,0,0
Stroke,EUR_EAS,EUR_EAS_07,0.01,MELD_lambda1_true − MELD_lambda0_true,-0.00173876045878043,0.00102943390571754,-0.00387752127321525,0.000189465363133126
Stroke,EUR_EAS,EUR_EAS_07,0.1,MELD_lambda0_true − EUR,0.0550941806636917,0.00548237150237271,0.0448135257750492,0.0660754643866576
Stroke,EUR_EAS,EUR_EAS_07,0.1,MELD_lambda0_true − EAS,0.03809337072303,0.00487192424872043,0.0284205589413823,0.047246361639438
Stroke,EUR_EAS,EUR_EAS_07,0.1,MELD_lambda0_true − AFR,0.21883969935271,0.0142472926153645,0.19055439926755,0.245852278118843
Stroke,EUR_EAS,EUR_EAS_07,0.1,MELD_lambda0_true − AMR,0.094942165408783,0.0100902031874774,0.0768268709357156,0.116930218537536
Stroke,EUR_EAS,EUR_EAS_07,0.1,MELD_lambda0_true − MELD_lambda0_equal,0.0168156394469383,0.0028512962460382,0.011132767506635,0.0224356425085918
Stroke,EUR_EAS,EUR_EAS_07,0.1,MELD_lambda0_true − MELD_lambda0_scrambled,0,0,0,0
Stroke,EUR_EAS,EUR_EAS_07,0.1,MELD_lambda1_true − MELD_lambda0_true,-0.00230490734416874,0.000734346604375306,-0.00374968636144391,-0.000909528236598364
Stroke,EUR_EAS,EUR_EAS_08,0.001,MELD_lambda0_true − EUR,0.0926167669620216,0.0096802047236975,0.0749025488824852,0.112103010452429
Stroke,EUR_EAS,EUR_EAS_08,0.001,MELD_lambda0_true − EAS,0.130170801242467,0.019186606502449,0.0945880648489845,0.169228242082548
Stroke,EUR_EAS,EUR_EAS_08,0.001,MELD_lambda0_true − AFR,0.384430189650157,0.0201319215980048,0.344212244412488,0.422286959408145
Stroke,EUR_EAS,EUR_EAS_08,0.001,MELD_lambda0_true − AMR,0.183914458637761,0.0214556068542228,0.142815696599666,0.226628590716598
Stroke,EUR_EAS,EUR_EAS_08,0.001,MELD_lambda0_true − MELD_lambda0_equal,-0.00523055605743828,0.00751710925186201,-0.020454066449416,0.00877053011805693
Stroke,EUR_EAS,EUR_EAS_08,0.001,MELD_lambda0_true − MELD_lambda0_scrambled,0.0471225795782302,0.0114766578524238,0.0267505173960622,0.0714162042722418
Stroke,EUR_EAS,EUR_EAS_08,0.001,MELD_lambda1_true − MELD_lambda0_true,0.000142320988624389,0.00167467863538625,-0.00336609398455865,0.00329141519268697
Stroke,EUR_EAS,EUR_EAS_08,0.01,MELD_lambda0_true − EUR,0.0500728794558369,0.0054507025007626,0.039751642760859,0.0609755683410443
Stroke,EUR_EAS,EUR_EAS_08,0.01,MELD_lambda0_true − EAS,0.0702414836036758,0.0112176904234306,0.050022259881861,0.0936106500858311
Stroke,EUR_EAS,EUR_EAS_08,0.01,MELD_lambda0_true − AFR,0.283683942271861,0.0182006039075095,0.247295923919251,0.318248812977108
Stroke,EUR_EAS,EUR_EAS_08,0.01,MELD_lambda0_true − AMR,0.11593132522656,0.0122161985804188,0.0927601042491014,0.140224961506334
Stroke,EUR_EAS,EUR_EAS_08,0.01,MELD_lambda0_true − MELD_lambda0_equal,0.0119842175575724,0.00470744209296094,0.00313780904738046,0.0217703796432593
Stroke,EUR_EAS,EUR_EAS_08,0.01,MELD_lambda0_true − MELD_lambda0_scrambled,0.0489752349632716,0.00850217670380946,0.0331860240870869,0.0662409205114236
Stroke,EUR_EAS,EUR_EAS_08,0.01,MELD_lambda1_true − MELD_lambda0_true,-0.000837025157764096,0.000945542418430057,-0.00269786429769765,0.00108412451239656
Stroke,EUR_EAS,EUR_EAS_08,0.1,MELD_lambda0_true − EUR,0.0408878189808955,0.00369407883177089,0.0335690438203838,0.0479462284507062
Stroke,EUR_EAS,EUR_EAS_08,0.1,MELD_lambda0_true − EAS,0.0485226149579344,0.00700637339972722,0.0350355029910555,0.0627332191712582
Stroke,EUR_EAS,EUR_EAS_08,0.1,MELD_lambda0_true − AFR,0.22353943964328,0.0171190017922107,0.190131372880683,0.257852647097478
Stroke,EUR_EAS,EUR_EAS_08,0.1,MELD_lambda0_true − AMR,0.0859259689911548,0.00974731271229969,0.0672169786149743,0.105206983087448
Stroke,EUR_EAS,EUR_EAS_08,0.1,MELD_lambda0_true − MELD_lambda0_equal,0.0135310084215897,0.00288258360420596,0.00799383080082015,0.0194352232321781
Stroke,EUR_EAS,EUR_EAS_08,0.1,MELD_lambda0_true − MELD_lambda0_scrambled,0.0443119156299536,0.00596699948406697,0.0336527854107525,0.0577219273722059
Stroke,EUR_EAS,EUR_EAS_08,0.1,MELD_lambda1_true − MELD_lambda0_true,-0.00146123584193582,0.000673207700515418,-0.00283209700984722,-0.000193302931584778
Stroke,EUR_EAS,EUR_EAS_09,0.001,MELD_lambda0_true − EUR,0.0894806152053977,0.0107724932675464,0.0689026497929649,0.1110829008333
Stroke,EUR_EAS,EUR_EAS_09,0.001,MELD_lambda0_true − EAS,0.164360973231501,0.0210311440910468,0.126244157962832,0.208142145155615
Stroke,EUR_EAS,EUR_EAS_09,0.001,MELD_lambda0_true − AFR,0.356661201013764,0.0175345858150185,0.320745725526697,0.39036049307794
Stroke,EUR_EAS,EUR_EAS_09,0.001,MELD_lambda0_true − AMR,0.168561960420862,0.0202725682263082,0.128763810217807,0.208072733951401
Stroke,EUR_EAS,EUR_EAS_09,0.001,MELD_lambda0_true − MELD_lambda0_equal,-0.00926669437274361,0.00790335868163997,-0.0252202000092774,0.00538286968044253
Stroke,EUR_EAS,EUR_EAS_09,0.001,MELD_lambda0_true − MELD_lambda0_scrambled,0.0464106047517795,0.0147436848871303,0.0179782451957637,0.0758339304020132
Stroke,EUR_EAS,EUR_EAS_09,0.001,MELD_lambda1_true − MELD_lambda0_true,0.000859089401713744,0.00168564253415389,-0.00236961971982344,0.00428701782694385
Stroke,EUR_EAS,EUR_EAS_09,0.01,MELD_lambda0_true − EUR,0.0472392180525495,0.00757032699433013,0.0330011459886443,0.0629774836609399
Stroke,EUR_EAS,EUR_EAS_09,0.01,MELD_lambda0_true − EAS,0.0862341614195483,0.0103210853830564,0.0674854402377966,0.107123027013831
Stroke,EUR_EAS,EUR_EAS_09,0.01,MELD_lambda0_true − AFR,0.259467125484204,0.016670782378056,0.228370534567231,0.292322986236361
Stroke,EUR_EAS,EUR_EAS_09,0.01,MELD_lambda0_true − AMR,0.104388366141414,0.0142899717144114,0.0763970636735866,0.1323229839719
Stroke,EUR_EAS,EUR_EAS_09,0.01,MELD_lambda0_true − MELD_lambda0_equal,0.00606633983125342,0.00464575709912351,-0.0032182156917171,0.0147024239267493
Stroke,EUR_EAS,EUR_EAS_09,0.01,MELD_lambda0_true − MELD_lambda0_scrambled,0.0315117741378098,0.0074491260578359,0.0178526685500497,0.0469831474000079
Stroke,EUR_EAS,EUR_EAS_09,0.01,MELD_lambda1_true − MELD_lambda0_true,-0.000795429030757695,0.000957367743134979,-0.00272277006472887,0.0010119659464755
Stroke,EUR_EAS,EUR_EAS_09,0.1,MELD_lambda0_true − EUR,0.0352780270064574,0.00473747404906642,0.0264605356649228,0.0447781924128081
Stroke,EUR_EAS,EUR_EAS_09,0.1,MELD_lambda0_true − EAS,0.0598139954486864,0.00687153875492809,0.0456721969256975,0.0729564478063805
Stroke,EUR_EAS,EUR_EAS_09,0.1,MELD_lambda0_true − AFR,0.205407951379712,0.0161248062595843,0.174392537888076,0.237512414625703
Stroke,EUR_EAS,EUR_EAS_09,0.1,MELD_lambda0_true − AMR,0.0723532991172435,0.0116072088566774,0.0505815636179578,0.0955401141145987
Stroke,EUR_EAS,EUR_EAS_09,0.1,MELD_lambda0_true − MELD_lambda0_equal,0.00639988783024535,0.00315741423402091,0.000235492103497236,0.0127043984827432
Stroke,EUR_EAS,EUR_EAS_09,0.1,MELD_lambda0_true − MELD_lambda0_scrambled,0.0229650116006627,0.00459125768990318,0.0137947200593971,0.0315830883420448
Stroke,EUR_EAS,EUR_EAS_09,0.1,MELD_lambda1_true − MELD_lambda0_true,-0.00162508724118039,0.000772935657447363,-0.00320604441882048,-0.000239204241395908
Stroke,EUR_EAS,EUR_EAS_10,0.001,MELD_lambda0_true − EUR,0.0573832353111919,0.00616875755171441,0.0462260850487045,0.0700791180709622
Stroke,EUR_EAS,EUR_EAS_10,0.001,MELD_lambda0_true − EAS,0.206504990907396,0.0177580192923899,0.172845591909561,0.241320936611031
Stroke,EUR_EAS,EUR_EAS_10,0.001,MELD_lambda0_true − AFR,0.360421051050556,0.0226633487151838,0.316682558746578,0.40342403217421
Stroke,EUR_EAS,EUR_EAS_10,0.001,MELD_lambda0_true − AMR,0.1649355254258,0.0200077794874029,0.125518890641839,0.203302123863544
Stroke,EUR_EAS,EUR_EAS_10,0.001,MELD_lambda0_true − MELD_lambda0_equal,-0.00198976655183874,0.003850596615552,-0.00943201413344992,0.00555442185906374
Stroke,EUR_EAS,EUR_EAS_10,0.001,MELD_lambda0_true − MELD_lambda0_scrambled,0.188187242403988,0.0159592813041957,0.159520526269691,0.220833344157569
Stroke,EUR_EAS,EUR_EAS_10,0.001,MELD_lambda1_true − MELD_lambda0_true,0.00230569931590973,0.000712477113241517,0.000940775653710191,0.00371741308416703
Stroke,EUR_EAS,EUR_EAS_10,0.01,MELD_lambda0_true − EUR,0.0274668196008692,0.00333423650527587,0.0210749561076923,0.033966026921305
Stroke,EUR_EAS,EUR_EAS_10,0.01,MELD_lambda0_true − EAS,0.112937374464802,0.0103976317697823,0.09378642411665,0.134475286329869
Stroke,EUR_EAS,EUR_EAS_10,0.01,MELD_lambda0_true − AFR,0.270975855053937,0.0200112136982518,0.232119209073726,0.309639644726585
Stroke,EUR_EAS,EUR_EAS_10,0.01,MELD_lambda0_true − AMR,0.111804710335442,0.0154584851639927,0.0826234864730507,0.143890909601731
Stroke,EUR_EAS,EUR_EAS_10,0.01,MELD_lambda0_true − MELD_lambda0_equal,0.011776740246382,0.00315563279494794,0.00614276061806762,0.0181946534276917
Stroke,EUR_EAS,EUR_EAS_10,0.01,MELD_lambda0_true − MELD_lambda0_scrambled,0.154324389937903,0.0149117743221815,0.127110850130208,0.184953323812079
Stroke,EUR_EAS,EUR_EAS_10,0.01,MELD_lambda1_true − MELD_lambda0_true,0.000876143090798163,0.000508112682539996,-8.37533477331707e-05,0.00192402592551761
Stroke,EUR_EAS,EUR_EAS_10,0.1,MELD_lambda0_true − EUR,0.0184569402558375,0.00237670167038697,0.013836563213596,0.0230577275657375
Stroke,EUR_EAS,EUR_EAS_10,0.1,MELD_lambda0_true − EAS,0.0787541899351867,0.00683915908016185,0.065726544957532,0.0923989062170255
Stroke,EUR_EAS,EUR_EAS_10,0.1,MELD_lambda0_true − AFR,0.213624750170018,0.0143726012118031,0.185686964433109,0.24193707464941
Stroke,EUR_EAS,EUR_EAS_10,0.1,MELD_lambda0_true − AMR,0.0787643646366911,0.0100470114668795,0.0599718022947632,0.100282741897714
Stroke,EUR_EAS,EUR_EAS_10,0.1,MELD_lambda0_true − MELD_lambda0_equal,0.0114100921558537,0.0025242624302441,0.00660202634974353,0.0165798281531622
Stroke,EUR_EAS,EUR_EAS_10,0.1,MELD_lambda0_true − MELD_lambda0_scrambled,0.124715155945806,0.0105673001993988,0.104767764018394,0.145741443484736
Stroke,EUR_EAS,EUR_EAS_10,0.1,MELD_lambda1_true − MELD_lambda0_true,-0.000189821416725663,0.000446124820621774,-0.00101473731388154,0.000793994809248976
Stroke,EUR_EAS,EUR_EAS_11,0.001,MELD_lambda0_true − EUR,-7.32322556205228e-15,9.4508256724183e-15,-2.5918063605319e-14,1.02046399112462e-14
Stroke,EUR_EAS,EUR_EAS_11,0.001,MELD_lambda0_true − EAS,0.259495348546947,0.0218145655981888,0.215523605923141,0.302514243317027
Stroke,EUR_EAS,EUR_EAS_11,0.001,MELD_lambda0_true − AFR,0.345156597664095,0.0224240947458819,0.299899542845066,0.387481443687687
Stroke,EUR_EAS,EUR_EAS_11,0.001,MELD_lambda0_true − AMR,0.147314015513908,0.0241207013417786,0.101353648787842,0.19475047569629
Stroke,EUR_EAS,EUR_EAS_11,0.001,MELD_lambda0_true − MELD_lambda0_equal,-0.0186806715264812,0.00854234438499845,-0.0356197057135436,-0.00273844134999867
Stroke,EUR_EAS,EUR_EAS_11,0.001,MELD_lambda0_true − MELD_lambda0_scrambled,0.345156234421268,0.02296914046041,0.298394801933327,0.388184998512016
Stroke,EUR_EAS,EUR_EAS_11,0.001,MELD_lambda1_true − MELD_lambda0_true,0,0,0,0
Stroke,EUR_EAS,EUR_EAS_11,0.01,MELD_lambda0_true − EUR,1.64885677428515e-16,1.03744729948726e-15,-1.84833239078606e-15,2.12852317983976e-15
Stroke,EUR_EAS,EUR_EAS_11,0.01,MELD_lambda0_true − EAS,0.167277104722426,0.0158706496025339,0.136351405656657,0.197492652264897
Stroke,EUR_EAS,EUR_EAS_11,0.01,MELD_lambda0_true − AFR,0.273627396221998,0.0209931250890185,0.232161523473174,0.31269773960063
Stroke,EUR_EAS,EUR_EAS_11,0.01,MELD_lambda0_true − AMR,0.104412134204107,0.0171344068482992,0.0723270828349545,0.138795864160168
Stroke,EUR_EAS,EUR_EAS_11,0.01,MELD_lambda0_true − MELD_lambda0_equal,0.0201531372409314,0.005267876877238,0.0102414918510654,0.0302239148304568
Stroke,EUR_EAS,EUR_EAS_11,0.01,MELD_lambda0_true − MELD_lambda0_scrambled,0.273626932171691,0.0216270075502518,0.231355529524883,0.315496590995186
Stroke,EUR_EAS,EUR_EAS_11,0.01,MELD_lambda1_true − MELD_lambda0_true,0,0,0,0
Stroke,EUR_EAS,EUR_EAS_11,0.1,MELD_lambda0_true − EUR,2.97550575689806e-16,2.84925477163695e-16,-2.43886625007085e-16,8.80738438768216e-16
Stroke,EUR_EAS,EUR_EAS_11,0.1,MELD_lambda0_true − EAS,0.13394471203248,0.0142020602609509,0.107627490303695,0.163741337072438
Stroke,EUR_EAS,EUR_EAS_11,0.1,MELD_lambda0_true − AFR,0.220675704006173,0.0184887787741346,0.183052709394595,0.255833399515183
Stroke,EUR_EAS,EUR_EAS_11,0.1,MELD_lambda0_true − AMR,0.0800740405804102,0.0104919307258446,0.0599244584891453,0.101704692868673
Stroke,EUR_EAS,EUR_EAS_11,0.1,MELD_lambda0_true − MELD_lambda0_equal,0.0253195313349165,0.0037792770399813,0.0177685719550254,0.0326213896083989
Stroke,EUR_EAS,EUR_EAS_11,0.1,MELD_lambda0_true − MELD_lambda0_scrambled,0.220675234608622,0.0186673880221099,0.180906600113008,0.254261059490951
Stroke,EUR_EAS,EUR_EAS_11,0.1,MELD_lambda1_true − MELD_lambda0_true,0,0,0,0
Stroke,multi,equal,0.001,MELD_lambda0_true − EUR,0.210957708426768,0.0189422676490148,0.174406084827518,0.24853220530253
Stroke,multi,equal,0.001,MELD_lambda0_true − EAS,0.284389310346185,0.0203679043741261,0.2433311722411,0.321421601387474
Stroke,multi,equal,0.001,MELD_lambda0_true − AFR,0.316158268045955,0.0244508767611135,0.268567501718717,0.363286694629491
Stroke,multi,equal,0.001,MELD_lambda0_true − AMR,0.220687541253929,0.0240140782751862,0.177248208824754,0.270681283858789
Stroke,multi,equal,0.001,MELD_lambda0_true − MELD_lambda0_equal,0,0,0,0
Stroke,multi,equal,0.001,MELD_lambda0_true − MELD_lambda0_scrambled,0,0,0,0
Stroke,multi,equal,0.001,MELD_lambda1_true − MELD_lambda0_true,0.000854280399984249,0.00157560490087331,-0.00245714397714324,0.00375104249744134
Stroke,multi,equal,0.01,MELD_lambda0_true − EUR,0.109906441850289,0.011036712927921,0.0896279017637685,0.131856479857032
Stroke,multi,equal,0.01,MELD_lambda0_true − EAS,0.148821463090448,0.0155990379463201,0.121073358171936,0.181094952549459
Stroke,multi,equal,0.01,MELD_lambda0_true − AFR,0.234242932234356,0.0195852602575298,0.195047064401826,0.271737922465651
Stroke,multi,equal,0.01,MELD_lambda0_true − AMR,0.131682187266696,0.0157945881276012,0.102550569781407,0.163933900301946
Stroke,multi,equal,0.01,MELD_lambda0_true − MELD_lambda0_equal,0,0,0,0
Stroke,multi,equal,0.01,MELD_lambda0_true − MELD_lambda0_scrambled,0,0,0,0
Stroke,multi,equal,0.01,MELD_lambda1_true − MELD_lambda0_true,-0.000413063431071545,0.00114347562999033,-0.00270493438699933,0.00175065740658208
Stroke,multi,equal,0.1,MELD_lambda0_true − EUR,0.0857906716670749,0.0090090451174884,0.068670632614093,0.103264545691006
Stroke,multi,equal,0.1,MELD_lambda0_true − EAS,0.101490893446712,0.00949441630225504,0.0828821315096702,0.12066247036738
Stroke,multi,equal,0.1,MELD_lambda0_true − AFR,0.184988425581107,0.0171563663672592,0.151831525231685,0.217247522090264
Stroke,multi,equal,0.1,MELD_lambda0_true − AMR,0.0985862246931926,0.0124990335881148,0.076241866818699,0.124324963065239
Stroke,multi,equal,0.1,MELD_lambda0_true − MELD_lambda0_equal,0,0,0,0
Stroke,multi,equal,0.1,MELD_lambda0_true − MELD_lambda0_scrambled,0,0,0,0
Stroke,multi,equal,0.1,MELD_lambda1_true − MELD_lambda0_true,-0.00219584609381444,0.00109087181638665,-0.00439905568243919,-0.000173281923397007
Stroke,multi,reported,0.001,MELD_lambda0_true − EUR,0.113973282702044,0.00975741081363017,0.0961095670020627,0.133510575451468
Stroke,multi,reported,0.001,MELD_lambda0_true − EAS,0.165673520278302,0.0141521820824226,0.137545410158005,0.191454603951951
Stroke,multi,reported,0.001,MELD_lambda0_true − AFR,0.352807667780066,0.0191218293866634,0.31649795333094,0.391131701840756
Stroke,multi,reported,0.001,MELD_lambda0_true − AMR,0.183072441021442,0.0208720140408732,0.142960048482268,0.224097360359834
Stroke,multi,reported,0.001,MELD_lambda0_true − MELD_lambda0_equal,-0.000458818209509724,0.00548858398009879,-0.0122237950002215,0.00907621654821226
Stroke,multi,reported,0.001,MELD_lambda0_true − MELD_lambda0_scrambled,0.109760404240868,0.00916029692550289,0.0926253478133979,0.128951851493052
Stroke,multi,reported,0.001,MELD_lambda1_true − MELD_lambda0_true,0.000191635736087777,0.0013119769078092,-0.00243088923577306,0.00263209157807202
Stroke,multi,reported,0.01,MELD_lambda0_true − EUR,0.0536325547779857,0.00475694062867743,0.0443661643143106,0.0629983024266626
Stroke,multi,reported,0.01,MELD_lambda0_true − EAS,0.0804451402544795,0.00795088702148289,0.0643169936255896,0.0951484286670504
Stroke,multi,reported,0.01,MELD_lambda0_true − AFR,0.253842481850621,0.0171741069554661,0.222245570617773,0.287267539672349
Stroke,multi,reported,0.01,MELD_lambda0_true − AMR,0.119816897421544,0.0165888924954381,0.0883528592954245,0.154677480774942
Stroke,multi,reported,0.01,MELD_lambda0_true − MELD_lambda0_equal,0.00740410151046511,0.00276226866319196,0.00169356664451726,0.012669697638572
Stroke,multi,reported,0.01,MELD_lambda0_true − MELD_lambda0_scrambled,0.0902668170808698,0.00698025978875615,0.077082184577911,0.104341054141876
Stroke,multi,reported,0.01,MELD_lambda1_true − MELD_lambda0_true,-0.000406039964221704,0.000773962641694856,-0.0019680694932138,0.00100045551301969
Stroke,multi,reported,0.1,MELD_lambda0_true − EUR,0.036598915410655,0.00334096776495841,0.030184984433432,0.0433530051987993
Stroke,multi,reported,0.1,MELD_lambda0_true − EAS,0.0607462391891941,0.00606749772751021,0.0481193387792879,0.0717678802831397
Stroke,multi,reported,0.1,MELD_lambda0_true − AFR,0.205833019014677,0.0146793316506203,0.176794133581025,0.232681866813963
Stroke,multi,reported,0.1,MELD_lambda0_true − AMR,0.0825938157967774,0.00899836514372944,0.0653520050588723,0.100942068175416
Stroke,multi,reported,0.1,MELD_lambda0_true − MELD_lambda0_equal,0.00661852181721326,0.00209294012385437,0.00269693873873525,0.0108719123628163
Stroke,multi,reported,0.1,MELD_lambda0_true − MELD_lambda0_scrambled,0.0784322475128522,0.00594335760458048,0.0664541875215511,0.0903065075137406
Stroke,multi,reported,0.1,MELD_lambda1_true − MELD_lambda0_true,-0.000997075496856805,0.0007020318822444,-0.002570006880028,0.000267398453983502
Stroke,multi,w25rest,0.001,MELD_lambda0_true − EUR,0.218568997260168,0.0156293442884141,0.18767882787122,0.248889805740687
Stroke,multi,w25rest,0.001,MELD_lambda0_true − EAS,0.288185414125139,0.0219773964952071,0.243538224881967,0.327703137087607
Stroke,multi,w25rest,0.001,MELD_lambda0_true − AFR,0.319548471353592,0.0212436548706346,0.277523882072993,0.359865331279878
Stroke,multi,w25rest,0.001,MELD_lambda0_true − AMR,0.210812707438667,0.0187681015967748,0.177678450968047,0.248840703660517
Stroke,multi,w25rest,0.001,MELD_lambda0_true − MELD_lambda0_equal,0,0,0,0
Stroke,multi,w25rest,0.001,MELD_lambda0_true − MELD_lambda0_scrambled,0,0,0,0
Stroke,multi,w25rest,0.001,MELD_lambda1_true − MELD_lambda0_true,-0.000209244037518623,0.00140580962914144,-0.00315963689349796,0.00234685537802924
Stroke,multi,w25rest,0.01,MELD_lambda0_true − EUR,0.122977970114279,0.00924617975162055,0.105298763850716,0.141943146456288
Stroke,multi,w25rest,0.01,MELD_lambda0_true − EAS,0.128240818312495,0.0155412905515903,0.101529435300545,0.161523597447367
Stroke,multi,w25rest,0.01,MELD_lambda0_true − AFR,0.228440445986191,0.0187836860365076,0.192281037750839,0.265925405759787
Stroke,multi,w25rest,0.01,MELD_lambda0_true − AMR,0.140881138170267,0.0190989662471453,0.104926875118165,0.18042312562782
Stroke,multi,w25rest,0.01,MELD_lambda0_true − MELD_lambda0_equal,0,0,0,0
Stroke,multi,w25rest,0.01,MELD_lambda0_true − MELD_lambda0_scrambled,0,0,0,0
Stroke,multi,w25rest,0.01,MELD_lambda1_true − MELD_lambda0_true,-0.000229862576341984,0.00121514920799758,-0.00266070413356627,0.00199870701301848
Stroke,multi,w25rest,0.1,MELD_lambda0_true − EUR,0.0954459827972204,0.00712904439535878,0.0815452011642485,0.109160370703734
Stroke,multi,w25rest,0.1,MELD_lambda0_true − EAS,0.0869387837602623,0.0111405316546616,0.0682176747784476,0.110708502966238
Stroke,multi,w25rest,0.1,MELD_lambda0_true − AFR,0.172414662195792,0.0171188199225263,0.140163866949046,0.206698367468315
Stroke,multi,w25rest,0.1,MELD_lambda0_true − AMR,0.106304455753541,0.0143279526445443,0.0799346309070862,0.135220955697402
Stroke,multi,w25rest,0.1,MELD_lambda0_true − MELD_lambda0_equal,0,0,0,0
Stroke,multi,w25rest,0.1,MELD_lambda0_true − MELD_lambda0_scrambled,0,0,0,0
Stroke,multi,w25rest,0.1,MELD_lambda1_true − MELD_lambda0_true,-0.00204462452361624,0.000797449962503732,-0.00372947544463594,-0.000629809520950996
Stroke,multi,w50rest,0.001,MELD_lambda0_true − EUR,0.187218315716261,0.0170169346427127,0.152891678054935,0.219804134525938
Stroke,multi,w50rest,0.001,MELD_lambda0_true − EAS,0.260585642056697,0.0146200582509415,0.231570691011725,0.288827650364383
Stroke,multi,w50rest,0.001,MELD_lambda0_true − AFR,0.344268120439397,0.0254065647458615,0.297582677938712,0.397529888383331
Stroke,multi,w50rest,0.001,MELD_lambda0_true − AMR,0.180350658831136,0.0194487082537759,0.142193709782171,0.217783992696931
Stroke,multi,w50rest,0.001,MELD_lambda0_true − MELD_lambda0_equal,-0.000107533607748124,0.00297720187467391,-0.00544913278134014,0.00593103380912513
Stroke,multi,w50rest,0.001,MELD_lambda0_true − MELD_lambda0_scrambled,0.0260194191629486,0.005457594383475,0.0158433287964159,0.0375015538553733
Stroke,multi,w50rest,0.001,MELD_lambda1_true − MELD_lambda0_true,-0.00158552442033004,0.00160856635730604,-0.00488437294264453,0.0015331701924944
Stroke,multi,w50rest,0.01,MELD_lambda0_true − EUR,0.101776014949126,0.0104390448600982,0.0823047987272018,0.122016115881415
Stroke,multi,w50rest,0.01,MELD_lambda0_true − EAS,0.132788360771855,0.0102747423859456,0.114952113049733,0.154414946232743
Stroke,multi,w50rest,0.01,MELD_lambda0_true − AFR,0.249442149088329,0.0211071705889025,0.209277469088154,0.293119816262123
Stroke,multi,w50rest,0.01,MELD_lambda0_true − AMR,0.126168225316713,0.016607051082026,0.0935458237447928,0.157749108267865
Stroke,multi,w50rest,0.01,MELD_lambda0_true − MELD_lambda0_equal,0.00249184141415799,0.00201480592831078,-0.00105143983944776,0.00686962064958779
Stroke,multi,w50rest,0.01,MELD_lambda0_true − MELD_lambda0_scrambled,0.0254305652228323,0.00482534977772158,0.0165443038034396,0.0353528894480682
Stroke,multi,w50rest,0.01,MELD_lambda1_true − MELD_lambda0_true,-0.00188012574099285,0.00128265420610507,-0.00444662929551306,0.000603789304170509
Stroke,multi,w50rest,0.1,MELD_lambda0_true − EUR,0.0754649795496938,0.00785234833862459,0.0599828868194456,0.0905070961396744
Stroke,multi,w50rest,0.1,MELD_lambda0_true − EAS,0.0906065893104725,0.00773614357186805,0.075929639561582,0.105600967996948
Stroke,multi,w50rest,0.1,MELD_lambda0_true − AFR,0.191646786658762,0.0160943399294411,0.161741462794922,0.224904312088156
Stroke,multi,w50rest,0.1,MELD_lambda0_true − AMR,0.0936213037843761,0.0116923611815224,0.0709148334347872,0.117928219211024
Stroke,multi,w50rest,0.1,MELD_lambda0_true − MELD_lambda0_equal,0.000257764099514076,0.00188800366715799,-0.00334758224572808,0.00399951168928531
Stroke,multi,w50rest,0.1,MELD_lambda0_true − MELD_lambda0_scrambled,0.0174750304090757,0.00430585259636652,0.0095750230636351,0.0265354164041606
Stroke,multi,w50rest,0.1,MELD_lambda1_true − MELD_lambda0_true,-0.00315727773025916,0.00111914804348483,-0.00545233708650245,-0.00108084784322992
HF,EUR_AFR,EUR_AFR_01,0.001,MELD_lambda0_true − EUR,0.226236505587132,0.0294811040441432,0.165326337580532,0.283124091106516
HF,EUR_AFR,EUR_AFR_01,0.001,MELD_lambda0_true − EAS,0.29244986887753,0.0339479705504106,0.23442964326677,0.364702200791716
HF,EUR_AFR,EUR_AFR_01,0.001,MELD_lambda0_true − AFR,-3.66931408072331e-05,3.80848027256443e-05,-0.000122169622119973,3.87032199162611e-06
HF,EUR_AFR,EUR_AFR_01,0.001,MELD_lambda0_true − AMR,0.179003093811758,0.0237418140937604,0.13347070556501,0.225021978398117
HF,EUR_AFR,EUR_AFR_01,0.001,MELD_lambda0_true − MELD_lambda0_equal,-0.121760618009551,0.0182476368003215,-0.157239660750589,-0.0851002216217525
HF,EUR_AFR,EUR_AFR_01,0.001,MELD_lambda0_true − MELD_lambda0_scrambled,0.292449868877513,0.034493253433993,0.227967313548184,0.36179812179755
HF,EUR_AFR,EUR_AFR_01,0.001,MELD_lambda1_true − MELD_lambda0_true,0,0,0,0
HF,EUR_AFR,EUR_AFR_01,0.01,MELD_lambda0_true − EUR,0.175542957835718,0.0223232648311381,0.131593062750871,0.218505154832203
HF,EUR_AFR,EUR_AFR_01,0.01,MELD_lambda0_true − EAS,0.213800056390676,0.0246102557808852,0.165882742116617,0.260649856055451
HF,EUR_AFR,EUR_AFR_01,0.01,MELD_lambda0_true − AFR,-4.94341796521307e-05,5.25935271083583e-05,-0.000165720012074261,8.49968917348639e-06
HF,EUR_AFR,EUR_AFR_01,0.01,MELD_lambda0_true − AMR,0.151958946627166,0.0216132779862475,0.110945045996823,0.193544638498948
HF,EUR_AFR,EUR_AFR_01,0.01,MELD_lambda0_true − MELD_lambda0_equal,-0.0567622949963112,0.0153140520882492,-0.0852239659276927,-0.0268761115118643
HF,EUR_AFR,EUR_AFR_01,0.01,MELD_lambda0_true − MELD_lambda0_scrambled,0.213800056390675,0.0245493209772508,0.166949006593667,0.262175340989102
HF,EUR_AFR,EUR_AFR_01,0.01,MELD_lambda1_true − MELD_lambda0_true,0,0,0,0
HF,EUR_AFR,EUR_AFR_01,0.1,MELD_lambda0_true − EUR,0.156835008788812,0.015952435011552,0.125992330206119,0.188776904701184
HF,EUR_AFR,EUR_AFR_01,0.1,MELD_lambda0_true − EAS,0.207511251161665,0.0180743623662177,0.173160622976057,0.244802618844925
HF,EUR_AFR,EUR_AFR_01,0.1,MELD_lambda0_true − AFR,-5.77774715836271e-05,5.43137109248327e-05,-0.00018315453885529,7.0857671056157e-11
HF,EUR_AFR,EUR_AFR_01,0.1,MELD_lambda0_true − AMR,0.149461043757261,0.0179552698643484,0.117468983334318,0.187284490082386
HF,EUR_AFR,EUR_AFR_01,0.1,MELD_lambda0_true − MELD_lambda0_equal,-0.014566787338888,0.0107623826829743,-0.0350122281622088,0.00688716386806211
HF,EUR_AFR,EUR_AFR_01,0.1,MELD_lambda0_true − MELD_lambda0_scrambled,0.207511251161665,0.0180546765784107,0.173951107476649,0.243671613860283
HF,EUR_AFR,EUR_AFR_01,0.1,MELD_lambda1_true − MELD_lambda0_true,0,0,0,0
HF,EUR_AFR,EUR_AFR_02,0.001,MELD_lambda0_true − EUR,0.292280670568221,0.0196423959204126,0.252108302102504,0.33037204166282
HF,EUR_AFR,EUR_AFR_02,0.001,MELD_lambda0_true − EAS,0.367231882053691,0.023990591081135,0.322292069351313,0.415331976190279
HF,EUR_AFR,EUR_AFR_02,0.001,MELD_lambda0_true − AFR,0.0828079327691988,0.0131036997487749,0.0576005085331749,0.10847258042678
HF,EUR_AFR,EUR_AFR_02,0.001,MELD_lambda0_true − AMR,0.236752871568587,0.0203837593906212,0.195100491556635,0.276500915006781
HF,EUR_AFR,EUR_AFR_02,0.001,MELD_lambda0_true − MELD_lambda0_equal,-0.0597245011615348,0.010911891932282,-0.081056398465883,-0.0385092398446595
HF,EUR_AFR,EUR_AFR_02,0.001,MELD_lambda0_true − MELD_lambda0_scrambled,0.0827965548885287,0.0176418832687548,0.0476686416767058,0.116614838605678
HF,EUR_AFR,EUR_AFR_02,0.001,MELD_lambda1_true − MELD_lambda0_true,0.00220404006738902,0.0026480796897054,-0.00311806657591084,0.00706481321498465
HF,EUR_AFR,EUR_AFR_02,0.01,MELD_lambda0_true − EUR,0.20028866294605,0.014165368392047,0.172955969731209,0.226957231649782
HF,EUR_AFR,EUR_AFR_02,0.01,MELD_lambda0_true − EAS,0.251127348634286,0.0206507836476897,0.215990816671709,0.296773442762647
HF,EUR_AFR,EUR_AFR_02,0.01,MELD_lambda0_true − AFR,0.0564332801296354,0.00831873060244818,0.0404712480291926,0.0726744469646236
HF,EUR_AFR,EUR_AFR_02,0.01,MELD_lambda0_true − AMR,0.180239730890526,0.01533023640367,0.150058204779328,0.210218078474004
HF,EUR_AFR,EUR_AFR_02,0.01,MELD_lambda0_true − MELD_lambda0_equal,-0.0220466798566636,0.00997149358462952,-0.042372241029598,-0.00341110092209611
HF,EUR_AFR,EUR_AFR_02,0.01,MELD_lambda0_true − MELD_lambda0_scrambled,0.0651688016758425,0.0135964443613071,0.0416460735862438,0.0935261824371412
HF,EUR_AFR,EUR_AFR_02,0.01,MELD_lambda1_true − MELD_lambda0_true,0.000623763236717765,0.00163991191704523,-0.00263654892544315,0.00377834649088784
HF,EUR_AFR,EUR_AFR_02,0.1,MELD_lambda0_true − EUR,0.163477916940183,0.014357475751417,0.13585751537708,0.192203750633034
HF,EUR_AFR,EUR_AFR_02,0.1,MELD_lambda0_true − EAS,0.21908003080729,0.0170729529490393,0.187353177402722,0.25266394744067
HF,EUR_AFR,EUR_AFR_02,0.1,MELD_lambda0_true − AFR,0.042139150358755,0.00490790835329061,0.0320500215018772,0.0515006378161995
HF,EUR_AFR,EUR_AFR_02,0.1,MELD_lambda0_true − AMR,0.159400063297162,0.0102107136965087,0.13913390059151,0.179299794491838
HF,EUR_AFR,EUR_AFR_02,0.1,MELD_lambda0_true − MELD_lambda0_equal,0.00412098484064695,0.00873892196909096,-0.0138892392945134,0.0207657593655376
HF,EUR_AFR,EUR_AFR_02,0.1,MELD_lambda0_true − MELD_lambda0_scrambled,0.077312132092506,0.0110165722531094,0.0572365649310596,0.100433721789385
HF,EUR_AFR,EUR_AFR_02,0.1,MELD_lambda1_true − MELD_lambda0_true,-0.000294324873108418,0.000717379421324374,-0.00171367961903284,0.00112402457448179
HF,EUR_AFR,EUR_AFR_03,0.001,MELD_lambda0_true − EUR,0.264049778041523,0.0247552150596776,0.21318621410798,0.30961269456048
HF,EUR_AFR,EUR_AFR_03,0.001,MELD_lambda0_true − EAS,0.390161073115094,0.0244853184810826,0.339751423284709,0.434678696776826
HF,EUR_AFR,EUR_AFR_03,0.001,MELD_lambda0_true − AFR,0.135524079625866,0.0164527395852392,0.103053113764797,0.166714158303164
HF,EUR_AFR,EUR_AFR_03,0.001,MELD_lambda0_true − AMR,0.234916165493403,0.0206461723543327,0.191787605899749,0.272924450644942
HF,EUR_AFR,EUR_AFR_03,0.001,MELD_lambda0_true − MELD_lambda0_equal,-0.0387300257479507,0.0111908845101882,-0.0606221870047217,-0.0176326391160664
HF,EUR_AFR,EUR_AFR_03,0.001,MELD_lambda0_true − MELD_lambda0_scrambled,0,0,0,0
HF,EUR_AFR,EUR_AFR_03,0.001,MELD_lambda1_true − MELD_lambda0_true,-0.00360670462553971,0.00247541674796125,-0.00854319169533776,0.000901298331427842
HF,EUR_AFR,EUR_AFR_03,0.01,MELD_lambda0_true − EUR,0.16078880859877,0.0155999850208401,0.128293952790779,0.189007836671311
HF,EUR_AFR,EUR_AFR_03,0.01,MELD_lambda0_true − EAS,0.271137411026641,0.0217418790963311,0.227587975666654,0.314080781642771
HF,EUR_AFR,EUR_AFR_03,0.01,MELD_lambda0_true − AFR,0.0966174958174257,0.0115315278056503,0.0729012074811923,0.117805306573903
HF,EUR_AFR,EUR_AFR_03,0.01,MELD_lambda0_true − AMR,0.164804452868807,0.0189191464344072,0.125988782171678,0.200183465965647
HF,EUR_AFR,EUR_AFR_03,0.01,MELD_lambda0_true − MELD_lambda0_equal,-0.0119887217544308,0.0093565514144439,-0.0314699134029664,0.00528339785750752
HF,EUR_AFR,EUR_AFR_03,0.01,MELD_lambda0_true − MELD_lambda0_scrambled,0,0,0,0
HF,EUR_AFR,EUR_AFR_03,0.01,MELD_lambda1_true − MELD_lambda0_true,-0.00328305407798966,0.00163860469189617,-0.00686463644675251,-0.000103168453416953
HF,EUR_AFR,EUR_AFR_03,0.1,MELD_lambda0_true − EUR,0.134960938911325,0.0132349338147205,0.108397900655091,0.161578937499727
HF,EUR_AFR,EUR_AFR_03,0.1,MELD_lambda0_true − EAS,0.228043564254081,0.0171419397474171,0.195326778572441,0.262383927557619
HF,EUR_AFR,EUR_AFR_03,0.1,MELD_lambda0_true − AFR,0.0749884122188947,0.00871460608550293,0.0577326409589201,0.0915027779203746
HF,EUR_AFR,EUR_AFR_03,0.1,MELD_lambda0_true − AMR,0.138394696127992,0.013013431632486,0.112992688531591,0.163623285591646
HF,EUR_AFR,EUR_AFR_03,0.1,MELD_lambda0_true − MELD_lambda0_equal,0.0071870475390698,0.00654252980994428,-0.00654286831782923,0.019738795704592
HF,EUR_AFR,EUR_AFR_03,0.1,MELD_lambda0_true − MELD_lambda0_scrambled,0,0,0,0
HF,EUR_AFR,EUR_AFR_03,0.1,MELD_lambda1_true − MELD_lambda0_true,-0.00357008126616506,0.00125993907780924,-0.00608423552837417,-0.00112824966062985
HF,EUR_AFR,EUR_AFR_04,0.001,MELD_lambda0_true − EUR,0.229042107499578,0.0194724898761791,0.189463893053816,0.26473450921905
HF,EUR_AFR,EUR_AFR_04,0.001,MELD_lambda0_true − EAS,0.370595174547193,0.0175494751530439,0.336027944325636,0.406770370646912
HF,EUR_AFR,EUR_AFR_04,0.001,MELD_lambda0_true − AFR,0.158504777382486,0.0231887154750366,0.114066847518423,0.202952598850335
HF,EUR_AFR,EUR_AFR_04,0.001,MELD_lambda0_true − AMR,0.21980067726294,0.018687029278414,0.181557192214955,0.252711154216663
HF,EUR_AFR,EUR_AFR_04,0.001,MELD_lambda0_true − MELD_lambda0_equal,-0.0356020504413761,0.00816227925266824,-0.0519288181746121,-0.0206133944748938
HF,EUR_AFR,EUR_AFR_04,0.001,MELD_lambda0_true − MELD_lambda0_scrambled,0.0309307843738972,0.0114373817176017,0.00776185404771446,0.0521111693555218
HF,EUR_AFR,EUR_AFR_04,0.001,MELD_lambda1_true − MELD_lambda0_true,0.000869640114490634,0.00344541421959212,-0.00561261528240612,0.00793767630085643
HF,EUR_AFR,EUR_AFR_04,0.01,MELD_lambda0_true − EUR,0.137517945801335,0.0154439752542042,0.105941146597112,0.167938228813589
HF,EUR_AFR,EUR_AFR_04,0.01,MELD_lambda0_true − EAS,0.228766913206533,0.0165160098423736,0.19650366156339,0.260589698453893
HF,EUR_AFR,EUR_AFR_04,0.01,MELD_lambda0_true − AFR,0.108447425600162,0.0140233462803553,0.0803512040758391,0.135750305099489
HF,EUR_AFR,EUR_AFR_04,0.01,MELD_lambda0_true − AMR,0.161610290259848,0.0144861320508264,0.133103203669156,0.188857178162828
HF,EUR_AFR,EUR_AFR_04,0.01,MELD_lambda0_true − MELD_lambda0_equal,-0.00795272282734467,0.0051211888885586,-0.0174625985911277,0.00220246685711144
HF,EUR_AFR,EUR_AFR_04,0.01,MELD_lambda0_true − MELD_lambda0_scrambled,0.0270469492912218,0.00704375192112318,0.0129882878332097,0.0407671068663143
HF,EUR_AFR,EUR_AFR_04,0.01,MELD_lambda1_true − MELD_lambda0_true,-0.00165408469778914,0.00182166508034315,-0.0051127856418129,0.00197836888151882
HF,EUR_AFR,EUR_AFR_04,0.1,MELD_lambda0_true − EUR,0.1138744936847,0.013495501317099,0.0877465469104221,0.139998837452632
HF,EUR_AFR,EUR_AFR_04,0.1,MELD_lambda0_true − EAS,0.202607347270856,0.0152022096133738,0.173502907291946,0.232584751282727
HF,EUR_AFR,EUR_AFR_04,0.1,MELD_lambda0_true − AFR,0.0868515539610348,0.00986862569625378,0.0680415601598449,0.106691036895301
HF,EUR_AFR,EUR_AFR_04,0.1,MELD_lambda0_true − AMR,0.135193482696356,0.0108232535828862,0.113205631724429,0.155566558579212
HF,EUR_AFR,EUR_AFR_04,0.1,MELD_lambda0_true − MELD_lambda0_equal,0.0105716225059911,0.00454073135057204,0.00237366409238689,0.0201390127885612
HF,EUR_AFR,EUR_AFR_04,0.1,MELD_lambda0_true − MELD_lambda0_scrambled,0.0270620378701988,0.00474165109569298,0.0179849217487142,0.0360058932115425
HF,EUR_AFR,EUR_AFR_04,0.1,MELD_lambda1_true − MELD_lambda0_true,-0.00396626402028059,0.00120630593474958,-0.00632510431591638,-0.00149501551001819
HF,EUR_AFR,EUR_AFR_05,0.001,MELD_lambda0_true − EUR,0.228350603508356,0.0181311439296355,0.19193946906048,0.262438536406327
HF,EUR_AFR,EUR_AFR_05,0.001,MELD_lambda0_true − EAS,0.383929204355498,0.0208686825103806,0.344414183688393,0.42471388659641
HF,EUR_AFR,EUR_AFR_05,0.001,MELD_lambda0_true − AFR,0.218464961670102,0.018181861105912,0.180480437556885,0.251479549312186
HF,EUR_AFR,EUR_AFR_05,0.001,MELD_lambda0_true − AMR,0.240379716629055,0.0161157981035222,0.208281598369912,0.27134545620885
HF,EUR_AFR,EUR_AFR_05,0.001,MELD_lambda0_true − MELD_lambda0_equal,-0.0138455640608387,0.00938211326368565,-0.0323764112771083,0.00459919860123274
HF,EUR_AFR,EUR_AFR_05,0.001,MELD_lambda0_true − MELD_lambda0_scrambled,0.0363469586572006,0.0121364824820448,0.0132158446787019,0.0617005553524248
HF,EUR_AFR,EUR_AFR_05,0.001,MELD_lambda1_true − MELD_lambda0_true,-0.00287658543503931,0.00301015108695579,-0.00879295654356698,0.00290072628525928
HF,EUR_AFR,EUR_AFR_05,0.01,MELD_lambda0_true − EUR,0.116996695512637,0.0125549236301405,0.0928628045341135,0.14211622323853
HF,EUR_AFR,EUR_AFR_05,0.01,MELD_lambda0_true − EAS,0.260996647081036,0.0189479703567008,0.223856761069224,0.296887061105268
HF,EUR_AFR,EUR_AFR_05,0.01,MELD_lambda0_true − AFR,0.155177582175606,0.0143224079233382,0.127051291244152,0.182589214915179
HF,EUR_AFR,EUR_AFR_05,0.01,MELD_lambda0_true − AMR,0.151422688377214,0.0117647679023372,0.127767277721478,0.17332885524786
HF,EUR_AFR,EUR_AFR_05,0.01,MELD_lambda0_true − MELD_lambda0_equal,-0.000379427656245744,0.00668848896493184,-0.0133108244295149,0.0129069282505891
HF,EUR_AFR,EUR_AFR_05,0.01,MELD_lambda0_true − MELD_lambda0_scrambled,0.0288725677061623,0.00828616142761339,0.0128990005822998,0.0455226148450918
HF,EUR_AFR,EUR_AFR_05,0.01,MELD_lambda1_true − MELD_lambda0_true,-0.00397746228326968,0.00215466048062812,-0.00856840877647347,1.35797286820848e-05
HF,EUR_AFR,EUR_AFR_05,0.1,MELD_lambda0_true − EUR,0.0894400568818464,0.0102138064220134,0.069066146407165,0.109205477215262
HF,EUR_AFR,EUR_AFR_05,0.1,MELD_lambda0_true − EAS,0.209617324128139,0.0137275568213111,0.183862282315537,0.236516778775592
HF,EUR_AFR,EUR_AFR_05,0.1,MELD_lambda0_true − AFR,0.122715554884748,0.0121910205180499,0.0976757000225325,0.146583851632536
HF,EUR_AFR,EUR_AFR_05,0.1,MELD_lambda0_true − AMR,0.112854366188178,0.00710567903760114,0.0993160371792369,0.126748810682247
HF,EUR_AFR,EUR_AFR_05,0.1,MELD_lambda0_true − MELD_lambda0_equal,0.00651489131541488,0.00459608730610258,-0.00231775132278787,0.0153984298128659
HF,EUR_AFR,EUR_AFR_05,0.1,MELD_lambda0_true − MELD_lambda0_scrambled,0.025582328850265,0.00529778007841211,0.015615202496866,0.0360733366729762
HF,EUR_AFR,EUR_AFR_05,0.1,MELD_lambda1_true − MELD_lambda0_true,-0.00390263720959438,0.00172640719029747,-0.00740680604659994,-0.000646251414554995
HF,EUR_AFR,EUR_AFR_06,0.001,MELD_lambda0_true − EUR,0.216757275821912,0.025709369397176,0.164995901568493,0.265206914858885
HF,EUR_AFR,EUR_AFR_06,0.001,MELD_lambda0_true − EAS,0.399776689800451,0.0276770336166925,0.346109828563764,0.454631960438646
HF,EUR_AFR,EUR_AFR_06,0.001,MELD_lambda0_true − AFR,0.243565060605437,0.0210471392326514,0.201200224611803,0.28176378854122
HF,EUR_AFR,EUR_AFR_06,0.001,MELD_lambda0_true − AMR,0.218961925690171,0.0190637491899951,0.181253294627029,0.257289898815759
HF,EUR_AFR,EUR_AFR_06,0.001,MELD_lambda0_true − MELD_lambda0_equal,-0.0241001570891937,0.011508203209637,-0.0488186710628608,-0.00345087165887472
HF,EUR_AFR,EUR_AFR_06,0.001,MELD_lambda0_true − MELD_lambda0_scrambled,0.0475878504369571,0.0137112006939888,0.0212065468910516,0.0744743726227432
HF,EUR_AFR,EUR_AFR_06,0.001,MELD_lambda1_true − MELD_lambda0_true,-0.00531396669987505,0.00289555313552371,-0.0112162034536171,5.13739079189958e-05
HF,EUR_AFR,EUR_AFR_06,0.01,MELD_lambda0_true − EUR,0.102697597691206,0.0107769692891384,0.0823768476611359,0.124050423023273
HF,EUR_AFR,EUR_AFR_06,0.01,MELD_lambda0_true − EAS,0.227290078843181,0.0206851001650998,0.190165180920849,0.269716250505922
HF,EUR_AFR,EUR_AFR_06,0.01,MELD_lambda0_true − AFR,0.182369091596573,0.0165829233899311,0.15038483739389,0.214694313310491
HF,EUR_AFR,EUR_AFR_06,0.01,MELD_lambda0_true − AMR,0.132042004299311,0.0142431658371247,0.105981411720082,0.161214634837435
HF,EUR_AFR,EUR_AFR_06,0.01,MELD_lambda0_true − MELD_lambda0_equal,-0.00924439114962803,0.00696134405833988,-0.0227327558434038,0.00388690865828592
HF,EUR_AFR,EUR_AFR_06,0.01,MELD_lambda0_true − MELD_lambda0_scrambled,0.0408368470509771,0.0101112362613263,0.0199981247626951,0.0597119478189003
HF,EUR_AFR,EUR_AFR_06,0.01,MELD_lambda1_true − MELD_lambda0_true,-0.00474256587396108,0.00189062707108474,-0.00853356596087655,-0.00116518043616575
HF,EUR_AFR,EUR_AFR_06,0.1,MELD_lambda0_true − EUR,0.0595445773842383,0.00709743975623133,0.0464347763091595,0.073930144948639
HF,EUR_AFR,EUR_AFR_06,0.1,MELD_lambda0_true − EAS,0.170477447834156,0.0154414343638292,0.140318530250209,0.201737599057774
HF,EUR_AFR,EUR_AFR_06,0.1,MELD_lambda0_true − AFR,0.147506281843266,0.0120287344602284,0.121507838296381,0.169505037896528
HF,EUR_AFR,EUR_AFR_06,0.1,MELD_lambda0_true − AMR,0.0890633887468488,0.00960533017545968,0.0707030590592976,0.108649258924073
HF,EUR_AFR,EUR_AFR_06,0.1,MELD_lambda0_true − MELD_lambda0_equal,-0.00154923661741149,0.00490723185653138,-0.0108980836698824,0.00808928006205118
HF,EUR_AFR,EUR_AFR_06,0.1,MELD_lambda0_true − MELD_lambda0_scrambled,0.0338336772509554,0.00607897598694131,0.0222978411344381,0.0456843189634177
HF,EUR_AFR,EUR_AFR_06,0.1,MELD_lambda1_true − MELD_lambda0_true,-0.00443284751381388,0.00142083553304911,-0.00735905860587521,-0.00181746398176168
HF,EUR_AFR,EUR_AFR_07,0.001,MELD_lambda0_true − EUR,0.210585577698315,0.0182569108896596,0.174024046081669,0.245139805911442
HF,EUR_AFR,EUR_AFR_07,0.001,MELD_lambda0_true − EAS,0.398171803130381,0.0231173101248152,0.35276515456681,0.441374080330144
HF,EUR_AFR,EUR_AFR_07,0.001,MELD_lambda0_true − AFR,0.242623660656974,0.0232167213901232,0.195290398686127,0.286303135267098
HF,EUR_AFR,EUR_AFR_07,0.001,MELD_lambda0_true − AMR,0.246441773338891,0.0207631137039824,0.204319634216176,0.285735065721944
HF,EUR_AFR,EUR_AFR_07,0.001,MELD_lambda0_true − MELD_lambda0_equal,-0.00292072816426263,0.00967983997381398,-0.0229186504887519,0.0144198017763093
HF,EUR_AFR,EUR_AFR_07,0.001,MELD_lambda0_true − MELD_lambda0_scrambled,0.0570114196489564,0.0133623397664419,0.0295465838649758,0.0824501698366885
HF,EUR_AFR,EUR_AFR_07,0.001,MELD_lambda1_true − MELD_lambda0_true,-0.00359617190251737,0.0032569718838958,-0.0095662156495765,0.00322266984649534
HF,EUR_AFR,EUR_AFR_07,0.01,MELD_lambda0_true − EUR,0.102634537717662,0.00996080466255267,0.0837537218401878,0.1226679482407
HF,EUR_AFR,EUR_AFR_07,0.01,MELD_lambda0_true − EAS,0.224947259469932,0.0137095192626187,0.198114283365938,0.251230110108184
HF,EUR_AFR,EUR_AFR_07,0.01,MELD_lambda0_true − AFR,0.165519932291582,0.0124504638479502,0.140753895305161,0.189583032581945
HF,EUR_AFR,EUR_AFR_07,0.01,MELD_lambda0_true − AMR,0.142896470712758,0.0161871799295189,0.11272238817021,0.176332821984778
HF,EUR_AFR,EUR_AFR_07,0.01,MELD_lambda0_true − MELD_lambda0_equal,0.00443150609405494,0.00484500009030792,-0.00493272680010103,0.0139560647899848
HF,EUR_AFR,EUR_AFR_07,0.01,MELD_lambda0_true − MELD_lambda0_scrambled,0.0448194259493737,0.0073393690102142,0.0298393890745796,0.0585924315200731
HF,EUR_AFR,EUR_AFR_07,0.01,MELD_lambda1_true − MELD_lambda0_true,-0.00357689898944312,0.00138387118859331,-0.00639775730656888,-0.000973309209146443
HF,EUR_AFR,EUR_AFR_07,0.1,MELD_lambda0_true − EUR,0.0667000734271435,0.0070496923474991,0.0533644437989665,0.0813317153011893
HF,EUR_AFR,EUR_AFR_07,0.1,MELD_lambda0_true − EAS,0.1727376647168,0.0102130318304106,0.152680130572492,0.192283775514207
HF,EUR_AFR,EUR_AFR_07,0.1,MELD_lambda0_true − AFR,0.127373553198603,0.0100424578075169,0.10741631499489,0.146763492996388
HF,EUR_AFR,EUR_AFR_07,0.1,MELD_lambda0_true − AMR,0.108731932410569,0.0120670573888879,0.0865185285458709,0.133280141860612
HF,EUR_AFR,EUR_AFR_07,0.1,MELD_lambda0_true − MELD_lambda0_equal,0.00876114330152073,0.00309424367334165,0.00274955305948226,0.01475306719151
HF,EUR_AFR,EUR_AFR_07,0.1,MELD_lambda0_true − MELD_lambda0_scrambled,0.0372349722692066,0.00579882635764358,0.0260264601818681,0.0484436175617362
HF,EUR_AFR,EUR_AFR_07,0.1,MELD_lambda1_true − MELD_lambda0_true,-0.0042140695659636,0.00107492892763672,-0.00647626835902354,-0.00229646082346849
HF,EUR_AFR,EUR_AFR_08,0.001,MELD_lambda0_true − EUR,0.139481654950059,0.0136592364097923,0.112558053218162,0.166465628945912
HF,EUR_AFR,EUR_AFR_08,0.001,MELD_lambda0_true − EAS,0.35574110431656,0.0203304050684195,0.314125515921944,0.395601205563086
HF,EUR_AFR,EUR_AFR_08,0.001,MELD_lambda0_true − AFR,0.280102947390038,0.0226915319054561,0.234805798187322,0.323396794053
HF,EUR_AFR,EUR_AFR_08,0.001,MELD_lambda0_true − AMR,0.192353326243549,0.0161973503943192,0.160602500629345,0.224862459425046
HF,EUR_AFR,EUR_AFR_08,0.001,MELD_lambda0_true − MELD_lambda0_equal,-0.013320791931283,0.00712012724869165,-0.0273317588203858,0.000673505574475241
HF,EUR_AFR,EUR_AFR_08,0.001,MELD_lambda0_true − MELD_lambda0_scrambled,0.113624136767153,0.0121095126165979,0.089225766282967,0.137075566481547
HF,EUR_AFR,EUR_AFR_08,0.001,MELD_lambda1_true − MELD_lambda0_true,-0.0035964967625413,0.00160755951621254,-0.00678339098436695,-0.0004353365146983
HF,EUR_AFR,EUR_AFR_08,0.01,MELD_lambda0_true − EUR,0.051662571165686,0.0102951670495042,0.0310236868193841,0.0709981335017917
HF,EUR_AFR,EUR_AFR_08,0.01,MELD_lambda0_true − EAS,0.194224422559716,0.0120559703197374,0.170728888716373,0.218528656958489
HF,EUR_AFR,EUR_AFR_08,0.01,MELD_lambda0_true − AFR,0.204805179307397,0.0149133188894833,0.175546243946247,0.233593840678541
HF,EUR_AFR,EUR_AFR_08,0.01,MELD_lambda0_true − AMR,0.111562766462293,0.00894978447477902,0.094187588919208,0.129581855077764
HF,EUR_AFR,EUR_AFR_08,0.01,MELD_lambda0_true − MELD_lambda0_equal,-0.000395200532129085,0.00424881839259094,-0.00853845739572909,0.00855148919904863
HF,EUR_AFR,EUR_AFR_08,0.01,MELD_lambda0_true − MELD_lambda0_scrambled,0.0948935747303136,0.00840604424699993,0.078622622589977,0.110994059901765
HF,EUR_AFR,EUR_AFR_08,0.01,MELD_lambda1_true − MELD_lambda0_true,-0.00292944958511012,0.00133492274277854,-0.00550315773841107,-0.000288794191568674
HF,EUR_AFR,EUR_AFR_08,0.1,MELD_lambda0_true − EUR,0.0331489135200233,0.00783877845693994,0.0177943328271481,0.0481577998371904
HF,EUR_AFR,EUR_AFR_08,0.1,MELD_lambda0_true − EAS,0.149001304861517,0.00857484484154011,0.133114586534931,0.167008080118959
HF,EUR_AFR,EUR_AFR_08,0.1,MELD_lambda0_true − AFR,0.167355669010824,0.012862836780935,0.141872651903854,0.192589558943456
HF,EUR_AFR,EUR_AFR_08,0.1,MELD_lambda0_true − AMR,0.0885829842094288,0.00768884296363868,0.0738134175523825,0.103973458258319
HF,EUR_AFR,EUR_AFR_08,0.1,MELD_lambda0_true − MELD_lambda0_equal,0.00703055583262675,0.00362323011549572,0.000334159688980528,0.0143889645134438
HF,EUR_AFR,EUR_AFR_08,0.1,MELD_lambda0_true − MELD_lambda0_scrambled,0.082283008245199,0.00694086485805706,0.0689252925098067,0.0957579238449759
HF,EUR_AFR,EUR_AFR_08,0.1,MELD_lambda1_true − MELD_lambda0_true,-0.00332845947702461,0.0011962882734721,-0.00544842240306367,-0.000796811053071951
HF,EUR_AFR,EUR_AFR_09,0.001,MELD_lambda0_true − EUR,0.128267142498352,0.0139133252970699,0.100492086349107,0.155030314120753
HF,EUR_AFR,EUR_AFR_09,0.001,MELD_lambda0_true − EAS,0.36157705105887,0.0216531378758292,0.31806436175003,0.403348350115942
HF,EUR_AFR,EUR_AFR_09,0.001,MELD_lambda0_true − AFR,0.27968024317523,0.0197657570227011,0.239397197068597,0.317612874786114
HF,EUR_AFR,EUR_AFR_09,0.001,MELD_lambda0_true − AMR,0.170730636993091,0.0145800728273286,0.143736767455289,0.199007838971489
HF,EUR_AFR,EUR_AFR_09,0.001,MELD_lambda0_true − MELD_lambda0_equal,0.00045863317572252,0.00762523783914886,-0.0144678779913219,0.0152227298650872
HF,EUR_AFR,EUR_AFR_09,0.001,MELD_lambda0_true − MELD_lambda0_scrambled,0.0842501487476671,0.00869985870263984,0.068092249527497,0.101574847585846
HF,EUR_AFR,EUR_AFR_09,0.001,MELD_lambda1_true − MELD_lambda0_true,-0.00288435909315112,0.00169768755020028,-0.00587859974563333,0.000856314923262477
HF,EUR_AFR,EUR_AFR_09,0.01,MELD_lambda0_true − EUR,0.0525127315163234,0.00680574193004343,0.0392931814150404,0.0662407801202251
HF,EUR_AFR,EUR_AFR_09,0.01,MELD_lambda0_true − EAS,0.174080395146359,0.0116247863119258,0.151604507142297,0.196834967561987
HF,EUR_AFR,EUR_AFR_09,0.01,MELD_lambda0_true − AFR,0.206605122290188,0.0145084744819717,0.178288900274132,0.235316173747848
HF,EUR_AFR,EUR_AFR_09,0.01,MELD_lambda0_true − AMR,0.104566395054589,0.00936319868143817,0.0866133050471417,0.12330100210051
HF,EUR_AFR,EUR_AFR_09,0.01,MELD_lambda0_true − MELD_lambda0_equal,0.00985986133648096,0.00391636220763216,0.0021279380843565,0.0173380670737088
HF,EUR_AFR,EUR_AFR_09,0.01,MELD_lambda0_true − MELD_lambda0_scrambled,0.0381045957527649,0.00423563676300238,0.0305958369225746,0.0470761707759107
HF,EUR_AFR,EUR_AFR_09,0.01,MELD_lambda1_true − MELD_lambda0_true,-0.00273576279283629,0.000923946147776435,-0.00460133950558537,-0.000991462545699838
HF,EUR_AFR,EUR_AFR_09,0.1,MELD_lambda0_true − EUR,0.0305277431460764,0.00385213762220413,0.0234158079486421,0.0388005466500501
HF,EUR_AFR,EUR_AFR_09,0.1,MELD_lambda0_true − EAS,0.132402278222746,0.00951231386792841,0.113716977287106,0.151560345945506
HF,EUR_AFR,EUR_AFR_09,0.1,MELD_lambda0_true − AFR,0.174028334786975,0.0123796168159361,0.149083546738659,0.197858417836449
HF,EUR_AFR,EUR_AFR_09,0.1,MELD_lambda0_true − AMR,0.080578362108984,0.00718490556891096,0.0669510671765941,0.0945673163920389
HF,EUR_AFR,EUR_AFR_09,0.1,MELD_lambda0_true − MELD_lambda0_equal,0.0115231163635073,0.0028459032498289,0.00599781175518715,0.0170277284203795
HF,EUR_AFR,EUR_AFR_09,0.1,MELD_lambda0_true − MELD_lambda0_scrambled,0.0240884543609529,0.00358907763181519,0.0172590115933759,0.0312164266644825
HF,EUR_AFR,EUR_AFR_09,0.1,MELD_lambda1_true − MELD_lambda0_true,-0.00326198241605067,0.000901436381338402,-0.00514528217691244,-0.00160056568950576
HF,EUR_AFR,EUR_AFR_10,0.001,MELD_lambda0_true − EUR,0.0625845348817112,0.00912287605769909,0.0447542326553513,0.0799124999804626
HF,EUR_AFR,EUR_AFR_10,0.001,MELD_lambda0_true − EAS,0.33723712659891,0.0225687508829858,0.294131310126553,0.382005409255832
HF,EUR_AFR,EUR_AFR_10,0.001,MELD_lambda0_true − AFR,0.340136943417172,0.0233105324269978,0.295624343855175,0.385787835104913
HF,EUR_AFR,EUR_AFR_10,0.001,MELD_lambda0_true − AMR,0.147692543887575,0.0144779819002679,0.120862146708813,0.177975428593632
HF,EUR_AFR,EUR_AFR_10,0.001,MELD_lambda0_true − MELD_lambda0_equal,0.00399399768780812,0.00780568629921734,-0.0101814846056666,0.0205604601324076
HF,EUR_AFR,EUR_AFR_10,0.001,MELD_lambda0_true − MELD_lambda0_scrambled,0.189137897312171,0.015021167737206,0.158658894839549,0.217728963345873
HF,EUR_AFR,EUR_AFR_10,0.001,MELD_lambda1_true − MELD_lambda0_true,-0.000324143257031701,0.000830755677190989,-0.00191592287228367,0.00132211846439965
HF,EUR_AFR,EUR_AFR_10,0.01,MELD_lambda0_true − EUR,0.0234631835711391,0.00411813113281896,0.0153231734180476,0.0313117409381755
HF,EUR_AFR,EUR_AFR_10,0.01,MELD_lambda0_true − EAS,0.178144948907699,0.0136945607306305,0.151590441852954,0.206464273081528
HF,EUR_AFR,EUR_AFR_10,0.01,MELD_lambda0_true − AFR,0.25432020587484,0.0193348586194358,0.214059577367743,0.290745062361384
HF,EUR_AFR,EUR_AFR_10,0.01,MELD_lambda0_true − AMR,0.0870082768958019,0.00850709260131255,0.0702525394828286,0.10333825492847
HF,EUR_AFR,EUR_AFR_10,0.01,MELD_lambda0_true − MELD_lambda0_equal,0.0115025486643962,0.004494349640387,0.00268097504371229,0.0201964469007716
HF,EUR_AFR,EUR_AFR_10,0.01,MELD_lambda0_true − MELD_lambda0_scrambled,0.143148943171001,0.0112715405262936,0.120464827891069,0.164755928952417
HF,EUR_AFR,EUR_AFR_10,0.01,MELD_lambda1_true − MELD_lambda0_true,-0.00112548687920173,0.000688614826633251,-0.00250146493718748,0.000178520821933111
HF,EUR_AFR,EUR_AFR_10,0.1,MELD_lambda0_true − EUR,0.0143777755502696,0.00279814292307733,0.00901193841471328,0.0199750662161289
HF,EUR_AFR,EUR_AFR_10,0.1,MELD_lambda0_true − EAS,0.133903862093936,0.0117312064143227,0.111510494417653,0.157625104514244
HF,EUR_AFR,EUR_AFR_10,0.1,MELD_lambda0_true − AFR,0.205019095215428,0.0158831075062442,0.172034926581906,0.235992471272207
HF,EUR_AFR,EUR_AFR_10,0.1,MELD_lambda0_true − AMR,0.0757517907319807,0.00988670004786348,0.0571575931243978,0.0959147427137267
HF,EUR_AFR,EUR_AFR_10,0.1,MELD_lambda0_true − MELD_lambda0_equal,0.0116803190593868,0.00325350573089649,0.00485588379267377,0.0176807921825704
HF,EUR_AFR,EUR_AFR_10,0.1,MELD_lambda0_true − MELD_lambda0_scrambled,0.120467388846719,0.00929039504969448,0.102331465160126,0.138621926700817
HF,EUR_AFR,EUR_AFR_10,0.1,MELD_lambda1_true − MELD_lambda0_true,-0.00110384224254362,0.000464894032696639,-0.00200040168185253,-0.000211654107936127
HF,EUR_AFR,EUR_AFR_11,0.001,MELD_lambda0_true − EUR,1.43328381842794e-14,9.6290870031374e-15,-3.1834425309614e-15,3.34669345662183e-14
HF,EUR_AFR,EUR_AFR_11,0.001,MELD_lambda0_true − EAS,0.309551654005618,0.0238183531623866,0.262423070588881,0.355235139958843
HF,EUR_AFR,EUR_AFR_11,0.001,MELD_lambda0_true − AFR,0.366708467600936,0.0272767635314683,0.311225490313174,0.41827303884017
HF,EUR_AFR,EUR_AFR_11,0.001,MELD_lambda0_true − AMR,0.12473027699408,0.0144483849397347,0.0951674026341404,0.153768354921041
HF,EUR_AFR,EUR_AFR_11,0.001,MELD_lambda0_true − MELD_lambda0_equal,-8.93176225962995e-06,0.0124421018417666,-0.0238124083680985,0.0247921646908793
HF,EUR_AFR,EUR_AFR_11,0.001,MELD_lambda0_true − MELD_lambda0_scrambled,0,0,0,0
HF,EUR_AFR,EUR_AFR_11,0.001,MELD_lambda1_true − MELD_lambda0_true,0,0,0,0
HF,EUR_AFR,EUR_AFR_11,0.01,MELD_lambda0_true − EUR,1.465943706294e-15,1.03871877893635e-15,-4.31355747724618e-16,3.50367538987841e-15
HF,EUR_AFR,EUR_AFR_11,0.01,MELD_lambda0_true − EAS,0.175892525184887,0.0118853626322326,0.152028881395264,0.198476554276058
HF,EUR_AFR,EUR_AFR_11,0.01,MELD_lambda0_true − AFR,0.279693868268147,0.0248224517712093,0.231685529432887,0.327287220279532
HF,EUR_AFR,EUR_AFR_11,0.01,MELD_lambda0_true − AMR,0.100531304415564,0.00942504830130047,0.0810837932662428,0.118501715219337
HF,EUR_AFR,EUR_AFR_11,0.01,MELD_lambda0_true − MELD_lambda0_equal,0.0238310965758701,0.0068067105774183,0.0103092246622659,0.0370488025591583
HF,EUR_AFR,EUR_AFR_11,0.01,MELD_lambda0_true − MELD_lambda0_scrambled,0,0,0,0
HF,EUR_AFR,EUR_AFR_11,0.01,MELD_lambda1_true − MELD_lambda0_true,0,0,0,0
HF,EUR_AFR,EUR_AFR_11,0.1,MELD_lambda0_true − EUR,4.73127419595317e-16,3.07706679884404e-16,-1.18502909166857e-16,1.07551746219261e-15
HF,EUR_AFR,EUR_AFR_11,0.1,MELD_lambda0_true − EAS,0.134785535206078,0.00920190980794242,0.116112227048236,0.152918764170369
HF,EUR_AFR,EUR_AFR_11,0.1,MELD_lambda0_true − AFR,0.223396393900329,0.0195150490408845,0.184199478674538,0.258008781951584
HF,EUR_AFR,EUR_AFR_11,0.1,MELD_lambda0_true − AMR,0.082799869651475,0.00741075867936718,0.0680999630932778,0.0974940896456252
HF,EUR_AFR,EUR_AFR_11,0.1,MELD_lambda0_true − MELD_lambda0_equal,0.0240442859352689,0.00446795702577492,0.0154932811150508,0.0328546005887649
HF,EUR_AFR,EUR_AFR_11,0.1,MELD_lambda0_true − MELD_lambda0_scrambled,0,0,0,0
HF,EUR_AFR,EUR_AFR_11,0.1,MELD_lambda1_true − MELD_lambda0_true,0,0,0,0
HF,EUR_EAS,EUR_EAS_01,0.001,MELD_lambda0_true − EUR,0.267723528727416,0.0186086721680809,0.230302689717235,0.302980471865736
HF,EUR_EAS,EUR_EAS_01,0.001,MELD_lambda0_true − EAS,4.77775205019819e-15,5.4521917445584e-15,-5.80311195464605e-15,1.52851164602403e-14
HF,EUR_EAS,EUR_EAS_01,0.001,MELD_lambda0_true − AFR,0.417752669532207,0.0205470481320704,0.377261197697425,0.45673343381104
HF,EUR_EAS,EUR_EAS_01,0.001,MELD_lambda0_true − AMR,0.237181685208117,0.0166473079639929,0.204011258968464,0.269615055273861
HF,EUR_EAS,EUR_EAS_01,0.001,MELD_lambda0_true − MELD_lambda0_equal,0.0417057954165327,0.00896723122581592,0.0244561887879629,0.0592057806581241
HF,EUR_EAS,EUR_EAS_01,0.001,MELD_lambda0_true − MELD_lambda0_scrambled,0.267723528727431,0.0192997334757474,0.227219739772514,0.304822811800358
HF,EUR_EAS,EUR_EAS_01,0.001,MELD_lambda1_true − MELD_lambda0_true,0,0,0,0
HF,EUR_EAS,EUR_EAS_01,0.01,MELD_lambda0_true − EUR,0.167323088170117,0.0110187918712058,0.145277630363975,0.188264524772851
HF,EUR_EAS,EUR_EAS_01,0.01,MELD_lambda0_true − EAS,1.0307049331673e-15,7.83831206646223e-16,-4.79084947643475e-16,2.60295933502732e-15
HF,EUR_EAS,EUR_EAS_01,0.01,MELD_lambda0_true − AFR,0.32362806469571,0.0194416985324712,0.284064949936374,0.358795460681301
HF,EUR_EAS,EUR_EAS_01,0.01,MELD_lambda0_true − AMR,0.154583930668308,0.012537810947879,0.130502557694776,0.178706552531784
HF,EUR_EAS,EUR_EAS_01,0.01,MELD_lambda0_true − MELD_lambda0_equal,0.0448973186300761,0.00691200985382353,0.0310478040110213,0.0582223802451129
HF,EUR_EAS,EUR_EAS_01,0.01,MELD_lambda0_true − MELD_lambda0_scrambled,0.16732308817012,0.0111880558652364,0.14465178308257,0.188242425731724
HF,EUR_EAS,EUR_EAS_01,0.01,MELD_lambda1_true − MELD_lambda0_true,0,0,0,0
HF,EUR_EAS,EUR_EAS_01,0.1,MELD_lambda0_true − EUR,0.138521262757504,0.00912952108488524,0.120317068735606,0.156235653718867
HF,EUR_EAS,EUR_EAS_01,0.1,MELD_lambda0_true − EAS,3.84466314993487e-16,5.25213710621004e-16,-3.91348401691398e-16,1.55961256872469e-15
HF,EUR_EAS,EUR_EAS_01,0.1,MELD_lambda0_true − AFR,0.2604621946242,0.0165526308353848,0.226962146600076,0.292156608570363
HF,EUR_EAS,EUR_EAS_01,0.1,MELD_lambda0_true − AMR,0.131284642749006,0.0118182929666152,0.108249657134138,0.152984148763993
HF,EUR_EAS,EUR_EAS_01,0.1,MELD_lambda0_true − MELD_lambda0_equal,0.043088181914544,0.00731262039783569,0.0283813203955689,0.0570176446906453
HF,EUR_EAS,EUR_EAS_01,0.1,MELD_lambda0_true − MELD_lambda0_scrambled,0.138521262757504,0.00957457443421547,0.119126130860409,0.156709272978194
HF,EUR_EAS,EUR_EAS_01,0.1,MELD_lambda1_true − MELD_lambda0_true,0,0,0,0
HF,EUR_EAS,EUR_EAS_02,0.001,MELD_lambda0_true − EUR,0.245398638856335,0.0188142639912188,0.206424821115772,0.279501637044862
HF,EUR_EAS,EUR_EAS_02,0.001,MELD_lambda0_true − EAS,0.0455688226858403,0.00651668657037173,0.0328737378566906,0.0584659125020024
HF,EUR_EAS,EUR_EAS_02,0.001,MELD_lambda0_true − AFR,0.430760693874494,0.0261474406611681,0.37509010390621,0.478497892547353
HF,EUR_EAS,EUR_EAS_02,0.001,MELD_lambda0_true − AMR,0.23055681291906,0.0194724365592864,0.191661062016517,0.267380449416504
HF,EUR_EAS,EUR_EAS_02,0.001,MELD_lambda0_true − MELD_lambda0_equal,0.0369026656708834,0.00830707268737589,0.0205858055201997,0.0531402732848316
HF,EUR_EAS,EUR_EAS_02,0.001,MELD_lambda0_true − MELD_lambda0_scrambled,0,0,0,0
HF,EUR_EAS,EUR_EAS_02,0.001,MELD_lambda1_true − MELD_lambda0_true,0.000325097901108569,0.00144425543288204,-0.00246551880871293,0.00314296066654033
HF,EUR_EAS,EUR_EAS_02,0.01,MELD_lambda0_true − EUR,0.145488695299958,0.010929991393044,0.123881040432467,0.166141083091591
HF,EUR_EAS,EUR_EAS_02,0.01,MELD_lambda0_true − EAS,0.0254125033075909,0.00434480709416975,0.0166341876844891,0.0340307040554194
HF,EUR_EAS,EUR_EAS_02,0.01,MELD_lambda0_true − AFR,0.333387403140134,0.023891177149786,0.286065193234918,0.378641399357343
HF,EUR_EAS,EUR_EAS_02,0.01,MELD_lambda0_true − AMR,0.145783080617998,0.0141612573864335,0.118224747426835,0.173461474202413
HF,EUR_EAS,EUR_EAS_02,0.01,MELD_lambda0_true − MELD_lambda0_equal,0.0362470917908947,0.00533591966833063,0.0253294466614962,0.0463614747274003
HF,EUR_EAS,EUR_EAS_02,0.01,MELD_lambda0_true − MELD_lambda0_scrambled,0,0,0,0
HF,EUR_EAS,EUR_EAS_02,0.01,MELD_lambda1_true − MELD_lambda0_true,-0.00137218315250791,0.000681517342980735,-0.00279068758047856,-6.43930317273092e-05
HF,EUR_EAS,EUR_EAS_02,0.1,MELD_lambda0_true − EUR,0.109373035670797,0.00956740122354523,0.0914892720045619,0.128108216987882
HF,EUR_EAS,EUR_EAS_02,0.1,MELD_lambda0_true − EAS,0.0202512390730608,0.00309332327142407,0.0146794125097809,0.0264748562823584
HF,EUR_EAS,EUR_EAS_02,0.1,MELD_lambda0_true − AFR,0.261677147016043,0.0197442979707747,0.224117299088824,0.300061799181856
HF,EUR_EAS,EUR_EAS_02,0.1,MELD_lambda0_true − AMR,0.118546093833786,0.0118990526976589,0.0950249094375209,0.142120504737897
HF,EUR_EAS,EUR_EAS_02,0.1,MELD_lambda0_true − MELD_lambda0_equal,0.0308807435146316,0.00361198966458412,0.0238733845713599,0.0380325539287957
HF,EUR_EAS,EUR_EAS_02,0.1,MELD_lambda0_true − MELD_lambda0_scrambled,0,0,0,0
HF,EUR_EAS,EUR_EAS_02,0.1,MELD_lambda1_true − MELD_lambda0_true,-0.00132236702436658,0.000543552288973107,-0.00238990107299209,-0.000284686725643744
HF,EUR_EAS,EUR_EAS_03,0.001,MELD_lambda0_true − EUR,0.205736606769226,0.0152583259742983,0.175021773844123,0.234850641292298
HF,EUR_EAS,EUR_EAS_03,0.001,MELD_lambda0_true − EAS,0.0810696955333834,0.0141680673597423,0.0532673279439131,0.108482355773432
HF,EUR_EAS,EUR_EAS_03,0.001,MELD_lambda0_true − AFR,0.397579102676204,0.0250803424623143,0.346265876591478,0.444852499035604
HF,EUR_EAS,EUR_EAS_03,0.001,MELD_lambda0_true − AMR,0.213276145110409,0.0147192866529553,0.182999589571874,0.24144124712611
HF,EUR_EAS,EUR_EAS_03,0.001,MELD_lambda0_true − MELD_lambda0_equal,0.0209970727914297,0.00858662881873241,0.00404280936528066,0.0377592100554037
HF,EUR_EAS,EUR_EAS_03,0.001,MELD_lambda0_true − MELD_lambda0_scrambled,0.128644983202397,0.0166183070159224,0.0970285907616853,0.161041384103903
HF,EUR_EAS,EUR_EAS_03,0.001,MELD_lambda1_true − MELD_lambda0_true,-0.000781224790432223,0.0019179786144396,-0.00477376254286976,0.00279433563530837
HF,EUR_EAS,EUR_EAS_03,0.01,MELD_lambda0_true − EUR,0.113693299652385,0.00663179524734636,0.0995137720590134,0.126055087061464
HF,EUR_EAS,EUR_EAS_03,0.01,MELD_lambda0_true − EAS,0.0390904175288314,0.00789705488716295,0.0246695380811657,0.0556694882616647
HF,EUR_EAS,EUR_EAS_03,0.01,MELD_lambda0_true − AFR,0.299388601974116,0.0237499164007663,0.253097051615849,0.347219620836086
HF,EUR_EAS,EUR_EAS_03,0.01,MELD_lambda0_true − AMR,0.127454501334533,0.0108749096177605,0.106467428277776,0.147877389799975
HF,EUR_EAS,EUR_EAS_03,0.01,MELD_lambda0_true − MELD_lambda0_equal,0.0264854864117888,0.00495320113991407,0.0167790101583868,0.0369762570108941
HF,EUR_EAS,EUR_EAS_03,0.01,MELD_lambda0_true − MELD_lambda0_scrambled,0.0746986823140832,0.00714847605791075,0.0597328322379714,0.0883725455021894
HF,EUR_EAS,EUR_EAS_03,0.01,MELD_lambda1_true − MELD_lambda0_true,-0.00049059470302482,0.000726597940594098,-0.00186769517032603,0.000938072897278966
HF,EUR_EAS,EUR_EAS_03,0.1,MELD_lambda0_true − EUR,0.0880997025449578,0.00601157633345917,0.0753650863655694,0.0990372979179882
HF,EUR_EAS,EUR_EAS_03,0.1,MELD_lambda0_true − EAS,0.0283538462567281,0.00420989810501555,0.0203275271380778,0.0372862587404054
HF,EUR_EAS,EUR_EAS_03,0.1,MELD_lambda0_true − AFR,0.235942442643786,0.0190303239572568,0.199478274892734,0.272282541213653
HF,EUR_EAS,EUR_EAS_03,0.1,MELD_lambda0_true − AMR,0.103181950235868,0.0121568887762966,0.0798513496822073,0.126692206289116
HF,EUR_EAS,EUR_EAS_03,0.1,MELD_lambda0_true − MELD_lambda0_equal,0.0236594680577706,0.00428412399983529,0.0148278878072857,0.0321175576448418
HF,EUR_EAS,EUR_EAS_03,0.1,MELD_lambda0_true − MELD_lambda0_scrambled,0.0613630941241693,0.00675368484202465,0.0473554872733451,0.0735082281691091
HF,EUR_EAS,EUR_EAS_03,0.1,MELD_lambda1_true − MELD_lambda0_true,-0.00079860979123546,0.000589229525816666,-0.00193141516697263,0.000373527354453183
HF,EUR_EAS,EUR_EAS_04,0.001,MELD_lambda0_true − EUR,0.182580321429044,0.0157118181589849,0.149889928844576,0.213113466781704
HF,EUR_EAS,EUR_EAS_04,0.001,MELD_lambda0_true − EAS,0.101533222272903,0.0145961462383612,0.0734958916797655,0.130992199367299
HF,EUR_EAS,EUR_EAS_04,0.001,MELD_lambda0_true − AFR,0.390958525242241,0.0304269745748098,0.329347901698147,0.44778120150682
HF,EUR_EAS,EUR_EAS_04,0.001,MELD_lambda0_true − AMR,0.216207310817511,0.0212375525202868,0.175459764768794,0.257006278683814
HF,EUR_EAS,EUR_EAS_04,0.001,MELD_lambda0_true − MELD_lambda0_equal,0.0261085674420301,0.00815129510706686,0.0107514484013151,0.0426696792793028
HF,EUR_EAS,EUR_EAS_04,0.001,MELD_lambda0_true − MELD_lambda0_scrambled,0.140353641416728,0.018847151507877,0.105783025592254,0.179134113529396
HF,EUR_EAS,EUR_EAS_04,0.001,MELD_lambda1_true − MELD_lambda0_true,0.00362958110280681,0.00206787876803437,-0.000527764758097817,0.00749900062499352
HF,EUR_EAS,EUR_EAS_04,0.01,MELD_lambda0_true − EUR,0.111053050553194,0.0087061171808558,0.0933561550002074,0.12817060428808
HF,EUR_EAS,EUR_EAS_04,0.01,MELD_lambda0_true − EAS,0.0532997183338874,0.00746752856196859,0.0392532518061669,0.0683601264101952
HF,EUR_EAS,EUR_EAS_04,0.01,MELD_lambda0_true − AFR,0.303478468529102,0.0238628629340588,0.255447490071672,0.348475477218912
HF,EUR_EAS,EUR_EAS_04,0.01,MELD_lambda0_true − AMR,0.138611462511479,0.0161631022239831,0.106752908669727,0.170952288757149
HF,EUR_EAS,EUR_EAS_04,0.01,MELD_lambda0_true − MELD_lambda0_equal,0.0339656509923748,0.00512130262594778,0.0246811830085579,0.0443967806966198
HF,EUR_EAS,EUR_EAS_04,0.01,MELD_lambda0_true − MELD_lambda0_scrambled,0.121578120755422,0.0120594780237169,0.0978628937280116,0.145898887000832
HF,EUR_EAS,EUR_EAS_04,0.01,MELD_lambda1_true − MELD_lambda0_true,0.000965783733581739,0.00105514259438894,-0.00113376567261054,0.00295003044185473
HF,EUR_EAS,EUR_EAS_04,0.1,MELD_lambda0_true − EUR,0.0841514741242446,0.00642786012663447,0.0716474351369852,0.0966268599676368
HF,EUR_EAS,EUR_EAS_04,0.1,MELD_lambda0_true − EAS,0.0403644984777881,0.00568442577153731,0.0293351159539964,0.0517005333533942
HF,EUR_EAS,EUR_EAS_04,0.1,MELD_lambda0_true − AFR,0.244517254488787,0.0179286063736051,0.208738754889393,0.277306311741624
HF,EUR_EAS,EUR_EAS_04,0.1,MELD_lambda0_true − AMR,0.10168766933541,0.0115956041038891,0.0784628394291862,0.124511068117356
HF,EUR_EAS,EUR_EAS_04,0.1,MELD_lambda0_true − MELD_lambda0_equal,0.0277401947508177,0.00337478908565735,0.0213072509061358,0.0342049189714803
HF,EUR_EAS,EUR_EAS_04,0.1,MELD_lambda0_true − MELD_lambda0_scrambled,0.0980439198406843,0.00871706537408379,0.0811445484546869,0.115363342976521
HF,EUR_EAS,EUR_EAS_04,0.1,MELD_lambda1_true − MELD_lambda0_true,-0.00069706952764711,0.000993448497888252,-0.00261610217767929,0.00127622963566661
HF,EUR_EAS,EUR_EAS_05,0.001,MELD_lambda0_true − EUR,0.157910330365092,0.0184196027025252,0.123315611253468,0.194001908108541
HF,EUR_EAS,EUR_EAS_05,0.001,MELD_lambda0_true − EAS,0.128041087105595,0.0168586846882397,0.0935238313062281,0.158470710965022
HF,EUR_EAS,EUR_EAS_05,0.001,MELD_lambda0_true − AFR,0.392234536609935,0.0259438490020689,0.340026985402071,0.441051409924965
HF,EUR_EAS,EUR_EAS_05,0.001,MELD_lambda0_true − AMR,0.205872628891007,0.019882387082281,0.165821973588497,0.244891885355019
HF,EUR_EAS,EUR_EAS_05,0.001,MELD_lambda0_true − MELD_lambda0_equal,0.0166419675842577,0.00813462410334229,-9.50906725894515e-05,0.0317786049699556
HF,EUR_EAS,EUR_EAS_05,0.001,MELD_lambda0_true − MELD_lambda0_scrambled,0,0,0,0
HF,EUR_EAS,EUR_EAS_05,0.001,MELD_lambda1_true − MELD_lambda0_true,0.000188014821951145,0.00291832108054381,-0.00552461304192075,0.00595744908476872
HF,EUR_EAS,EUR_EAS_05,0.01,MELD_lambda0_true − EUR,0.0856234416662888,0.0095444526296306,0.0687688831597988,0.105877379324782
HF,EUR_EAS,EUR_EAS_05,0.01,MELD_lambda0_true − EAS,0.0591141159748724,0.00711361350836812,0.0454263127513035,0.0734874297904424
HF,EUR_EAS,EUR_EAS_05,0.01,MELD_lambda0_true − AFR,0.303996816463219,0.0213965467921398,0.259524499040852,0.346309473718928
HF,EUR_EAS,EUR_EAS_05,0.01,MELD_lambda0_true − AMR,0.146086218871983,0.0162866006418571,0.114187572099882,0.179014663177413
HF,EUR_EAS,EUR_EAS_05,0.01,MELD_lambda0_true − MELD_lambda0_equal,0.0240710620154155,0.00557041201429259,0.0132504789414826,0.0350478814492698
HF,EUR_EAS,EUR_EAS_05,0.01,MELD_lambda0_true − MELD_lambda0_scrambled,0,0,0,0
HF,EUR_EAS,EUR_EAS_05,0.01,MELD_lambda1_true − MELD_lambda0_true,-0.00173931965576682,0.00123017033957874,-0.00421250111070663,0.000544732748016156
HF,EUR_EAS,EUR_EAS_05,0.1,MELD_lambda0_true − EUR,0.0618176322444021,0.0065697434912557,0.0496073721976074,0.0754179749347327
HF,EUR_EAS,EUR_EAS_05,0.1,MELD_lambda0_true − EAS,0.0445146594523292,0.00553147479813357,0.0340001652370114,0.0560085167303846
HF,EUR_EAS,EUR_EAS_05,0.1,MELD_lambda0_true − AFR,0.242232557825672,0.0153867824054926,0.211781182695714,0.272450267125186
HF,EUR_EAS,EUR_EAS_05,0.1,MELD_lambda0_true − AMR,0.115176231611778,0.0148770854281053,0.086352543020502,0.143741914447959
HF,EUR_EAS,EUR_EAS_05,0.1,MELD_lambda0_true − MELD_lambda0_equal,0.0221400828492599,0.00470475896934378,0.0128296368954078,0.0309642879171947
HF,EUR_EAS,EUR_EAS_05,0.1,MELD_lambda0_true − MELD_lambda0_scrambled,0,0,0,0
HF,EUR_EAS,EUR_EAS_05,0.1,MELD_lambda1_true − MELD_lambda0_true,-0.00184213748115719,0.000827347965236512,-0.00345192487877699,-0.000177471024126962
HF,EUR_EAS,EUR_EAS_06,0.001,MELD_lambda0_true − EUR,0.139001690091556,0.016337389878422,0.106799582778056,0.170365297585635
HF,EUR_EAS,EUR_EAS_06,0.001,MELD_lambda0_true − EAS,0.16355787351101,0.0149839117831723,0.132559201525034,0.191199707057372
HF,EUR_EAS,EUR_EAS_06,0.001,MELD_lambda0_true − AFR,0.392886313039841,0.0239289383406771,0.342534882500148,0.436736234624755
HF,EUR_EAS,EUR_EAS_06,0.001,MELD_lambda0_true − AMR,0.185848077429211,0.0119455306809307,0.163093819134566,0.210385007402151
HF,EUR_EAS,EUR_EAS_06,0.001,MELD_lambda0_true − MELD_lambda0_equal,0.0140500570653148,0.00585746001593546,0.00256232902517208,0.0258262099957321
HF,EUR_EAS,EUR_EAS_06,0.001,MELD_lambda0_true − MELD_lambda0_scrambled,0.152436720706082,0.0146706394154874,0.125771629503912,0.181390169387239
HF,EUR_EAS,EUR_EAS_06,0.001,MELD_lambda1_true − MELD_lambda0_true,-0.00187275853743993,0.00273422223268005,-0.00732179392696475,0.00333336875013578
HF,EUR_EAS,EUR_EAS_06,0.01,MELD_lambda0_true − EUR,0.0763319490203262,0.00828808231170321,0.0602139795886674,0.0930766200831122
HF,EUR_EAS,EUR_EAS_06,0.01,MELD_lambda0_true − EAS,0.0856366682385905,0.00889309658998079,0.0686802581260703,0.10355444122825
HF,EUR_EAS,EUR_EAS_06,0.01,MELD_lambda0_true − AFR,0.302421548310627,0.0187336956402727,0.265021535814106,0.339062134136676
HF,EUR_EAS,EUR_EAS_06,0.01,MELD_lambda0_true − AMR,0.124774498244142,0.0102799135409267,0.104626408292384,0.144365048844351
HF,EUR_EAS,EUR_EAS_06,0.01,MELD_lambda0_true − MELD_lambda0_equal,0.0202302034748452,0.00319469624937884,0.0144167216519809,0.0262661379744997
HF,EUR_EAS,EUR_EAS_06,0.01,MELD_lambda0_true − MELD_lambda0_scrambled,0.119284453080349,0.0115117629386975,0.0970310994506224,0.142516821495448
HF,EUR_EAS,EUR_EAS_06,0.01,MELD_lambda1_true − MELD_lambda0_true,-0.00139935595736482,0.00117793480691543,-0.00384800218398177,0.000888203348466849
HF,EUR_EAS,EUR_EAS_06,0.1,MELD_lambda0_true − EUR,0.05669300768325,0.00617813708970292,0.0449107878895702,0.0699359098822974
HF,EUR_EAS,EUR_EAS_06,0.1,MELD_lambda0_true − EAS,0.063582503225567,0.00672657406864131,0.0501739344016269,0.0766429960087465
HF,EUR_EAS,EUR_EAS_06,0.1,MELD_lambda0_true − AFR,0.245805202824766,0.0154026453857056,0.215228069473597,0.275432315468075
HF,EUR_EAS,EUR_EAS_06,0.1,MELD_lambda0_true − AMR,0.104144398562051,0.00992585674380299,0.0855960780986279,0.125248108933437
HF,EUR_EAS,EUR_EAS_06,0.1,MELD_lambda0_true − MELD_lambda0_equal,0.0191861618465979,0.00293865376627644,0.01380501684264,0.0252057880258965
HF,EUR_EAS,EUR_EAS_06,0.1,MELD_lambda0_true − MELD_lambda0_scrambled,0.099621158070052,0.0101929386857348,0.0800659692019286,0.119603088146994
HF,EUR_EAS,EUR_EAS_06,0.1,MELD_lambda1_true − MELD_lambda0_true,-0.00219834462337989,0.000899332937509049,-0.00404096880095068,-0.000543099324539321
HF,EUR_EAS,EUR_EAS_07,0.001,MELD_lambda0_true − EUR,0.114170331292012,0.012696384019414,0.0892796583107181,0.138431018469469
HF,EUR_EAS,EUR_EAS_07,0.001,MELD_lambda0_true − EAS,0.190296760992899,0.0194867119403874,0.153400445519869,0.22780391049576
HF,EUR_EAS,EUR_EAS_07,0.001,MELD_lambda0_true − AFR,0.359310069855141,0.0273525224428885,0.306691076279356,0.413256723182887
HF,EUR_EAS,EUR_EAS_07,0.001,MELD_lambda0_true − AMR,0.169512515235879,0.0170406075559941,0.135282629259251,0.202403507714994
HF,EUR_EAS,EUR_EAS_07,0.001,MELD_lambda0_true − MELD_lambda0_equal,0.0114719403117671,0.0047438659738694,0.00209305198391129,0.0206960717615863
HF,EUR_EAS,EUR_EAS_07,0.001,MELD_lambda0_true − MELD_lambda0_scrambled,0,0,0,0
HF,EUR_EAS,EUR_EAS_07,0.001,MELD_lambda1_true − MELD_lambda0_true,-0.00117468466567865,0.00256375112745675,-0.00680557968073598,0.00316149259710432
HF,EUR_EAS,EUR_EAS_07,0.01,MELD_lambda0_true − EUR,0.0617902766371962,0.00547904946810594,0.0511038826092679,0.0727103698535328
HF,EUR_EAS,EUR_EAS_07,0.01,MELD_lambda0_true − EAS,0.0867433466784024,0.0088951577602878,0.0689798300144646,0.103457721526147
HF,EUR_EAS,EUR_EAS_07,0.01,MELD_lambda0_true − AFR,0.277361126198654,0.0219948006285702,0.234830110849055,0.319562226270818
HF,EUR_EAS,EUR_EAS_07,0.01,MELD_lambda0_true − AMR,0.109434699001608,0.0129277848077803,0.0867744332911047,0.136446463029376
HF,EUR_EAS,EUR_EAS_07,0.01,MELD_lambda0_true − MELD_lambda0_equal,0.0192993492582805,0.00302131690735989,0.0138328316916131,0.0255000492425518
HF,EUR_EAS,EUR_EAS_07,0.01,MELD_lambda0_true − MELD_lambda0_scrambled,0,0,0,0
HF,EUR_EAS,EUR_EAS_07,0.01,MELD_lambda1_true − MELD_lambda0_true,-0.000749018828034688,0.00115160441329817,-0.00307463214078003,0.00136860538118933
HF,EUR_EAS,EUR_EAS_07,0.1,MELD_lambda0_true − EUR,0.0449456548117489,0.00347570933768152,0.038649591177459,0.0520388854792678
HF,EUR_EAS,EUR_EAS_07,0.1,MELD_lambda0_true − EAS,0.0653642313321394,0.00662918810114406,0.0526825628772581,0.0785037747884717
HF,EUR_EAS,EUR_EAS_07,0.1,MELD_lambda0_true − AFR,0.229845492997111,0.0182444697713326,0.193404400934305,0.26632933377955
HF,EUR_EAS,EUR_EAS_07,0.1,MELD_lambda0_true − AMR,0.0966722461843212,0.011052990130572,0.075843930767199,0.118761401243131
HF,EUR_EAS,EUR_EAS_07,0.1,MELD_lambda0_true − MELD_lambda0_equal,0.020810118705798,0.00324820776184262,0.0148125171177033,0.0277145699955103
HF,EUR_EAS,EUR_EAS_07,0.1,MELD_lambda0_true − MELD_lambda0_scrambled,0,0,0,0
HF,EUR_EAS,EUR_EAS_07,0.1,MELD_lambda1_true − MELD_lambda0_true,-0.000963656391982215,0.000783362417051285,-0.00252036587334534,0.000594429985952457
HF,EUR_EAS,EUR_EAS_08,0.001,MELD_lambda0_true − EUR,0.0767171986689214,0.0140017957835687,0.0514221690059921,0.104230686612706
HF,EUR_EAS,EUR_EAS_08,0.001,MELD_lambda0_true − EAS,0.202421400041412,0.018633614745625,0.165226152140405,0.237545222224796
HF,EUR_EAS,EUR_EAS_08,0.001,MELD_lambda0_true − AFR,0.380009488622136,0.0271407213304313,0.324803631493825,0.434386094595076
HF,EUR_EAS,EUR_EAS_08,0.001,MELD_lambda0_true − AMR,0.167879153826396,0.0167768882507357,0.136120959771165,0.202078394077568
HF,EUR_EAS,EUR_EAS_08,0.001,MELD_lambda0_true − MELD_lambda0_equal,0.00320196153464222,0.00790486604548272,-0.0121776432343754,0.0193539099341166
HF,EUR_EAS,EUR_EAS_08,0.001,MELD_lambda0_true − MELD_lambda0_scrambled,0.100721450648271,0.0142797810765099,0.0738177904679635,0.128438795211549
HF,EUR_EAS,EUR_EAS_08,0.001,MELD_lambda1_true − MELD_lambda0_true,0.000361264291205611,0.00212018081591039,-0.0038272936819669,0.0043729262250472
HF,EUR_EAS,EUR_EAS_08,0.01,MELD_lambda0_true − EUR,0.0420852872559006,0.00515205081254317,0.0325605227753217,0.0526092483108924
HF,EUR_EAS,EUR_EAS_08,0.01,MELD_lambda0_true − EAS,0.110927031633758,0.00933554071489273,0.092041434257623,0.127817631776878
HF,EUR_EAS,EUR_EAS_08,0.01,MELD_lambda0_true − AFR,0.298918570994072,0.0244570295723272,0.25060275811432,0.346549670229583
HF,EUR_EAS,EUR_EAS_08,0.01,MELD_lambda0_true − AMR,0.123399225657134,0.0145308024629953,0.0935162326053297,0.151435289264585
HF,EUR_EAS,EUR_EAS_08,0.01,MELD_lambda0_true − MELD_lambda0_equal,0.0192079145514855,0.00389267804227662,0.0118530278218612,0.0271114003034243
HF,EUR_EAS,EUR_EAS_08,0.01,MELD_lambda0_true − MELD_lambda0_scrambled,0.0884235253022158,0.00803040627855868,0.0729206112229132,0.104664124585568
HF,EUR_EAS,EUR_EAS_08,0.01,MELD_lambda1_true − MELD_lambda0_true,-0.00110472787851186,0.00095926283484824,-0.00286899296665265,0.000823440577045569
HF,EUR_EAS,EUR_EAS_08,0.1,MELD_lambda0_true − EUR,0.0334810478184781,0.00296536516670258,0.0282043732467456,0.0394348593805966
HF,EUR_EAS,EUR_EAS_08,0.1,MELD_lambda0_true − EAS,0.0842414558932765,0.00766146179288224,0.0690748344636626,0.0991024519162376
HF,EUR_EAS,EUR_EAS_08,0.1,MELD_lambda0_true − AFR,0.248492104028967,0.020882443614558,0.209360956152945,0.290981787043347
HF,EUR_EAS,EUR_EAS_08,0.1,MELD_lambda0_true − AMR,0.103229453729594,0.0119160603640331,0.0790361139199169,0.125108007388924
HF,EUR_EAS,EUR_EAS_08,0.1,MELD_lambda0_true − MELD_lambda0_equal,0.0217621539852322,0.00284668889580386,0.0162434212567582,0.027409052773702
HF,EUR_EAS,EUR_EAS_08,0.1,MELD_lambda0_true − MELD_lambda0_scrambled,0.0740606137936439,0.00626483597916623,0.0622251776705746,0.0863271374241253
HF,EUR_EAS,EUR_EAS_08,0.1,MELD_lambda1_true − MELD_lambda0_true,-0.00161672431239047,0.000723696855450602,-0.00295172837833419,-0.000153850654238985
HF,EUR_EAS,EUR_EAS_09,0.001,MELD_lambda0_true − EUR,0.0597908456857887,0.00945953112788023,0.0420260544392973,0.0784979863061795
HF,EUR_EAS,EUR_EAS_09,0.001,MELD_lambda0_true − EAS,0.223110901718417,0.0167205705515881,0.190333510842752,0.256271898568554
HF,EUR_EAS,EUR_EAS_09,0.001,MELD_lambda0_true − AFR,0.354147379704193,0.023270932677368,0.306945056478893,0.399225449105384
HF,EUR_EAS,EUR_EAS_09,0.001,MELD_lambda0_true − AMR,0.129903274636514,0.0145861006831707,0.103962830879238,0.160281189889213
HF,EUR_EAS,EUR_EAS_09,0.001,MELD_lambda0_true − MELD_lambda0_equal,-0.00543958318298123,0.00818029718836811,-0.0211960333548836,0.0107181206751621
HF,EUR_EAS,EUR_EAS_09,0.001,MELD_lambda0_true − MELD_lambda0_scrambled,0.0928325820997791,0.0118425987047235,0.0689392722802688,0.115129343357239
HF,EUR_EAS,EUR_EAS_09,0.001,MELD_lambda1_true − MELD_lambda0_true,-0.00109328873474556,0.00193873403258578,-0.00524540841097567,0.00230647727621756
HF,EUR_EAS,EUR_EAS_09,0.01,MELD_lambda0_true − EUR,0.0299518575756896,0.00410878195079375,0.0221749993725534,0.038105168172785
HF,EUR_EAS,EUR_EAS_09,0.01,MELD_lambda0_true − EAS,0.116532555566077,0.00869196443321349,0.0987898364213887,0.133025382764719
HF,EUR_EAS,EUR_EAS_09,0.01,MELD_lambda0_true − AFR,0.274792118294515,0.0209277608671598,0.233756710653098,0.31631353860462
HF,EUR_EAS,EUR_EAS_09,0.01,MELD_lambda0_true − AMR,0.0844557385185916,0.00933596727743059,0.0664011543964111,0.103327811402003
HF,EUR_EAS,EUR_EAS_09,0.01,MELD_lambda0_true − MELD_lambda0_equal,0.00871553646149291,0.00521404390722379,-0.00157390129616265,0.0187652938611774
HF,EUR_EAS,EUR_EAS_09,0.01,MELD_lambda0_true − MELD_lambda0_scrambled,0.0497451954502941,0.00599548431896258,0.0378396958528275,0.0618380951492234
HF,EUR_EAS,EUR_EAS_09,0.01,MELD_lambda1_true − MELD_lambda0_true,-0.00165172404510675,0.000944360911831086,-0.00369366748727944,2.01164919650165e-05
HF,EUR_EAS,EUR_EAS_09,0.1,MELD_lambda0_true − EUR,0.0222250492311108,0.00287755226876436,0.016609244125806,0.028063288774472
HF,EUR_EAS,EUR_EAS_09,0.1,MELD_lambda0_true − EAS,0.0913757178819042,0.00740824569931476,0.0758368979435469,0.104183565198268
HF,EUR_EAS,EUR_EAS_09,0.1,MELD_lambda0_true − AFR,0.226475020011943,0.0187398811551084,0.190797403810237,0.263853400915282
HF,EUR_EAS,EUR_EAS_09,0.1,MELD_lambda0_true − AMR,0.0737772778877617,0.00762794949580532,0.0590213259487219,0.0883904895367589
HF,EUR_EAS,EUR_EAS_09,0.1,MELD_lambda0_true − MELD_lambda0_equal,0.0107064086857605,0.00420857270656091,0.0022990691297842,0.0188351022612287
HF,EUR_EAS,EUR_EAS_09,0.1,MELD_lambda0_true − MELD_lambda0_scrambled,0.0430123328640012,0.00604577325245218,0.0312358195957336,0.054230010267098
HF,EUR_EAS,EUR_EAS_09,0.1,MELD_lambda1_true − MELD_lambda0_true,-0.0021408578823553,0.000777282637037991,-0.00367264229973812,-0.000721317093670344
HF,EUR_EAS,EUR_EAS_10,0.001,MELD_lambda0_true − EUR,0.0391568125391017,0.00645964801001777,0.0267715888970019,0.0518122880666172
HF,EUR_EAS,EUR_EAS_10,0.001,MELD_lambda0_true − EAS,0.277024091811969,0.0188928016686399,0.242162816373588,0.314645662000911
HF,EUR_EAS,EUR_EAS_10,0.001,MELD_lambda0_true − AFR,0.360162636475431,0.0229794624425042,0.315777344721573,0.404669445589756
HF,EUR_EAS,EUR_EAS_10,0.001,MELD_lambda0_true − AMR,0.158965553155964,0.0169581835015743,0.127636606066097,0.193559219227196
HF,EUR_EAS,EUR_EAS_10,0.001,MELD_lambda0_true − MELD_lambda0_equal,0.00463630382396816,0.00906058719144759,-0.0139781810433498,0.021130542155208
HF,EUR_EAS,EUR_EAS_10,0.001,MELD_lambda0_true − MELD_lambda0_scrambled,0.187272735284166,0.0190115860860034,0.148791544838063,0.224313593658803
HF,EUR_EAS,EUR_EAS_10,0.001,MELD_lambda1_true − MELD_lambda0_true,0.00118789199236994,0.00138455803152518,-0.00156107510265511,0.00379778000700416
HF,EUR_EAS,EUR_EAS_10,0.01,MELD_lambda0_true − EUR,0.0197812178458481,0.00278278822745727,0.0143308548127199,0.0252075627502274
HF,EUR_EAS,EUR_EAS_10,0.01,MELD_lambda0_true − EAS,0.161882181982569,0.0100720794505353,0.143158675922135,0.182075139791918
HF,EUR_EAS,EUR_EAS_10,0.01,MELD_lambda0_true − AFR,0.278901543968286,0.0208559340700818,0.237312104705166,0.318537598288048
HF,EUR_EAS,EUR_EAS_10,0.01,MELD_lambda0_true − AMR,0.107900317438493,0.0108440168090806,0.0862058286860711,0.128566049189064
HF,EUR_EAS,EUR_EAS_10,0.01,MELD_lambda0_true − MELD_lambda0_equal,0.0216998217893157,0.00461278351127525,0.0126728630891381,0.0306359967799441
HF,EUR_EAS,EUR_EAS_10,0.01,MELD_lambda0_true − MELD_lambda0_scrambled,0.151689604048745,0.0159461876284827,0.120794740690946,0.184281320206173
HF,EUR_EAS,EUR_EAS_10,0.01,MELD_lambda1_true − MELD_lambda0_true,9.76846795129326e-05,0.000868203390341517,-0.00150185726927597,0.00186223875081115
HF,EUR_EAS,EUR_EAS_10,0.1,MELD_lambda0_true − EUR,0.0140900923337739,0.00198110526466916,0.010120445864614,0.0179379805086321
HF,EUR_EAS,EUR_EAS_10,0.1,MELD_lambda0_true − EAS,0.116444837374675,0.00880264650930812,0.099399249139633,0.133814503910319
HF,EUR_EAS,EUR_EAS_10,0.1,MELD_lambda0_true − AFR,0.225753959570933,0.0170369725614801,0.189728832731225,0.257154331725099
HF,EUR_EAS,EUR_EAS_10,0.1,MELD_lambda0_true − AMR,0.0861313776712248,0.00964039351086464,0.0674226157770895,0.104722082152048
HF,EUR_EAS,EUR_EAS_10,0.1,MELD_lambda0_true − MELD_lambda0_equal,0.0187387374095865,0.00355247006944411,0.0120464511715367,0.0260265056243909
HF,EUR_EAS,EUR_EAS_10,0.1,MELD_lambda0_true − MELD_lambda0_scrambled,0.128420998694023,0.0124183668248012,0.10345848717462,0.153254003722818
HF,EUR_EAS,EUR_EAS_10,0.1,MELD_lambda1_true − MELD_lambda0_true,-0.000411430337676535,0.000734599740721781,-0.00179424018288666,0.00111930469223971
HF,EUR_EAS,EUR_EAS_11,0.001,MELD_lambda0_true − EUR,1.29788467554991e-14,1.18708696729446e-14,-9.02715062643682e-15,3.69315412718362e-14
HF,EUR_EAS,EUR_EAS_11,0.001,MELD_lambda0_true − EAS,0.29114968967842,0.0262663848437208,0.240078500579887,0.341560675669192
HF,EUR_EAS,EUR_EAS_11,0.001,MELD_lambda0_true − AFR,0.344484806983055,0.0254455582998562,0.294983358560734,0.392334791921709
HF,EUR_EAS,EUR_EAS_11,0.001,MELD_lambda0_true − AMR,0.129438915049715,0.018158882806739,0.0952797460094226,0.165851724557417
HF,EUR_EAS,EUR_EAS_11,0.001,MELD_lambda0_true − MELD_lambda0_equal,-0.0043234938807629,0.0116407646798749,-0.0256184955974266,0.0196775766165839
HF,EUR_EAS,EUR_EAS_11,0.001,MELD_lambda0_true − MELD_lambda0_scrambled,0.344246083204851,0.0262290653736504,0.290478247181429,0.393492205021092
HF,EUR_EAS,EUR_EAS_11,0.001,MELD_lambda1_true − MELD_lambda0_true,0,0,0,0
HF,EUR_EAS,EUR_EAS_11,0.01,MELD_lambda0_true − EUR,1.33770119164718e-16,7.66189374293916e-16,-1.28894712840938e-15,1.73072845219547e-15
HF,EUR_EAS,EUR_EAS_11,0.01,MELD_lambda0_true − EAS,0.169766631958366,0.0139878115464268,0.143020421788991,0.196921599990482
HF,EUR_EAS,EUR_EAS_11,0.01,MELD_lambda0_true − AFR,0.270763133206577,0.0233063379096923,0.224285495532809,0.317789145752963
HF,EUR_EAS,EUR_EAS_11,0.01,MELD_lambda0_true − AMR,0.0894500662455222,0.0115175446995417,0.0675371786885552,0.11228225603862
HF,EUR_EAS,EUR_EAS_11,0.01,MELD_lambda0_true − MELD_lambda0_equal,0.0168731204151044,0.00616014015156973,0.00508739105178741,0.0286853726179747
HF,EUR_EAS,EUR_EAS_11,0.01,MELD_lambda0_true − MELD_lambda0_scrambled,0.270394390198794,0.0242638432582152,0.222356418119859,0.316889729616914
HF,EUR_EAS,EUR_EAS_11,0.01,MELD_lambda1_true − MELD_lambda0_true,0,0,0,0
HF,EUR_EAS,EUR_EAS_11,0.1,MELD_lambda0_true − EUR,-2.85784467985864e-16,2.23101926660943e-16,-7.12851099693517e-16,1.35535395598896e-16
HF,EUR_EAS,EUR_EAS_11,0.1,MELD_lambda0_true − EAS,0.135651534867671,0.00977419292009652,0.116748413927084,0.155066905785005
HF,EUR_EAS,EUR_EAS_11,0.1,MELD_lambda0_true − AFR,0.222872693197152,0.0196914360661508,0.183149276127118,0.260194724041169
HF,EUR_EAS,EUR_EAS_11,0.1,MELD_lambda0_true − AMR,0.0745984248622805,0.00878305134901544,0.057389199476779,0.091309780757689
HF,EUR_EAS,EUR_EAS_11,0.1,MELD_lambda0_true − MELD_lambda0_equal,0.0194510467643151,0.00453960351916488,0.0109796441321162,0.0283546723123149
HF,EUR_EAS,EUR_EAS_11,0.1,MELD_lambda0_true − MELD_lambda0_scrambled,0.222483103694894,0.0194179968791401,0.182870756665099,0.259887164482104
HF,EUR_EAS,EUR_EAS_11,0.1,MELD_lambda1_true − MELD_lambda0_true,0,0,0,0
HF,multi,equal,0.001,MELD_lambda0_true − EUR,0.19727251589311,0.0216522700201493,0.155745264004648,0.24244304889249
HF,multi,equal,0.001,MELD_lambda0_true − EAS,0.306130865117368,0.028641122493537,0.250930188455198,0.361531427785565
HF,multi,equal,0.001,MELD_lambda0_true − AFR,0.322473384184296,0.0273364520398876,0.268405703258859,0.374817689792553
HF,multi,equal,0.001,MELD_lambda0_true − AMR,0.22187802712113,0.0212196164447815,0.179615911250398,0.262043038399785
HF,multi,equal,0.001,MELD_lambda0_true − MELD_lambda0_equal,0,0,0,0
HF,multi,equal,0.001,MELD_lambda0_true − MELD_lambda0_scrambled,0,0,0,0
HF,multi,equal,0.001,MELD_lambda1_true − MELD_lambda0_true,0.0029677428157311,0.00408591479634772,-0.00398649825639497,0.0119432152379139
HF,multi,equal,0.01,MELD_lambda0_true − EUR,0.106922387242989,0.0156661080992697,0.0780035139219432,0.138921843430011
HF,multi,equal,0.01,MELD_lambda0_true − EAS,0.160408391244542,0.018866135776599,0.12424383934297,0.195886445851637
HF,multi,equal,0.01,MELD_lambda0_true − AFR,0.224823020720203,0.0200888830152149,0.187625321489552,0.264223523269905
HF,multi,equal,0.01,MELD_lambda0_true − AMR,0.131634950959508,0.0140607851349206,0.104235456421921,0.158548004235533
HF,multi,equal,0.01,MELD_lambda0_true − MELD_lambda0_equal,0,0,0,0
HF,multi,equal,0.01,MELD_lambda0_true − MELD_lambda0_scrambled,0,0,0,0
HF,multi,equal,0.01,MELD_lambda1_true − MELD_lambda0_true,-2.08332397661943e-05,0.00197417142048095,-0.0031735220761909,0.00441897738422747
HF,multi,equal,0.1,MELD_lambda0_true − EUR,0.0831986016589239,0.0108404418354816,0.062544009199797,0.106253551733628
HF,multi,equal,0.1,MELD_lambda0_true − EAS,0.120773182759351,0.0142676044988968,0.0925708654519119,0.147723231246138
HF,multi,equal,0.1,MELD_lambda0_true − AFR,0.175450441100679,0.0159488584481331,0.142833622583743,0.205741400493928
HF,multi,equal,0.1,MELD_lambda0_true − AMR,0.0941972832541908,0.0106839037101518,0.0724328569237427,0.115635782104169
HF,multi,equal,0.1,MELD_lambda0_true − MELD_lambda0_equal,0,0,0,0
HF,multi,equal,0.1,MELD_lambda0_true − MELD_lambda0_scrambled,0,0,0,0
HF,multi,equal,0.1,MELD_lambda1_true − MELD_lambda0_true,-0.00232519905415254,0.000964336184100578,-0.00414162457855286,-0.000332994559037509
HF,multi,reported,0.001,MELD_lambda0_true − EUR,0.0820321823821129,0.00917319050605284,0.0639312291173056,0.0998900288360496
HF,multi,reported,0.001,MELD_lambda0_true − EAS,0.253123552977244,0.019388595185836,0.213979410396822,0.288627012339871
HF,multi,reported,0.001,MELD_lambda0_true − AFR,0.344617963659936,0.0232604716365268,0.297075155494967,0.388259280497544
HF,multi,reported,0.001,MELD_lambda0_true − AMR,0.180442024965412,0.015248614957675,0.149135784780405,0.209393573199754
HF,multi,reported,0.001,MELD_lambda0_true − MELD_lambda0_equal,0.0107885949044131,0.00685916672543839,-0.00300585577740593,0.0240541802927809
HF,multi,reported,0.001,MELD_lambda0_true − MELD_lambda0_scrambled,0.0850010709795417,0.0128274048449048,0.060130817459193,0.110252257809497
HF,multi,reported,0.001,MELD_lambda1_true − MELD_lambda0_true,-0.000428269019738581,0.00124356848974741,-0.00289044913802013,0.0020551370349867
HF,multi,reported,0.01,MELD_lambda0_true − EUR,0.0374063439166028,0.006360806703977,0.0255102443998081,0.0499765915694063
HF,multi,reported,0.01,MELD_lambda0_true − EAS,0.128631854754268,0.0103282444791616,0.107341600589738,0.147350969076324
HF,multi,reported,0.01,MELD_lambda0_true − AFR,0.25525881967833,0.0191799410368082,0.216601763362346,0.291251252937544
HF,multi,reported,0.01,MELD_lambda0_true − AMR,0.11559430440869,0.0105969701221154,0.0946113679337599,0.135763531287753
HF,multi,reported,0.01,MELD_lambda0_true − MELD_lambda0_equal,0.0145936984174455,0.00381366216074591,0.00771475359715459,0.0227083057379434
HF,multi,reported,0.01,MELD_lambda0_true − MELD_lambda0_scrambled,0.0645293236667397,0.00676668651546774,0.051520666918656,0.0773576422605115
HF,multi,reported,0.01,MELD_lambda1_true − MELD_lambda0_true,-0.00178880206097562,0.000799539292290147,-0.00338563283496932,-0.000260361739044477
HF,multi,reported,0.1,MELD_lambda0_true − EUR,0.0248456709337029,0.00374740307577917,0.0175727186139223,0.0321812690056516
HF,multi,reported,0.1,MELD_lambda0_true − EAS,0.100091555258167,0.00813354803232843,0.0847669176083459,0.116214558475954
HF,multi,reported,0.1,MELD_lambda0_true − AFR,0.20453659936082,0.0158709388519176,0.173549254073212,0.23422678449952
HF,multi,reported,0.1,MELD_lambda0_true − AMR,0.0846267773069445,0.00864916757066613,0.0681149431297677,0.101878854138041
HF,multi,reported,0.1,MELD_lambda0_true − MELD_lambda0_equal,0.0137535565804665,0.0043926845893346,0.00569587696193417,0.0233487310936197
HF,multi,reported,0.1,MELD_lambda0_true − MELD_lambda0_scrambled,0.0548906989652846,0.00634135870612482,0.0428488435462953,0.0680149146130174
HF,multi,reported,0.1,MELD_lambda1_true − MELD_lambda0_true,-0.0022279485079225,0.000713058040908538,-0.00368179263792591,-0.000941650043289214
HF,multi,w25rest,0.001,MELD_lambda0_true − EUR,0.214467834342905,0.021386553465172,0.17153816720928,0.255965777103267
HF,multi,w25rest,0.001,MELD_lambda0_true − EAS,0.314342698399707,0.0252251311183597,0.266287717725289,0.363434427229318
HF,multi,w25rest,0.001,MELD_lambda0_true − AFR,0.336366168030783,0.0263995539312552,0.284535333211478,0.385433910249502
HF,multi,w25rest,0.001,MELD_lambda0_true − AMR,0.220555853740994,0.0187129934978697,0.182419304352858,0.255019186406507
HF,multi,w25rest,0.001,MELD_lambda0_true − MELD_lambda0_equal,0,0,0,0
HF,multi,w25rest,0.001,MELD_lambda0_true − MELD_lambda0_scrambled,0,0,0,0
HF,multi,w25rest,0.001,MELD_lambda1_true − MELD_lambda0_true,0.00159971592586724,0.00285299320077183,-0.0031088647346803,0.00800365369700327
HF,multi,w25rest,0.01,MELD_lambda0_true − EUR,0.120173210507922,0.0135107256048744,0.0950512815296586,0.146926781416504
HF,multi,w25rest,0.01,MELD_lambda0_true − EAS,0.172855510643128,0.0155416324003636,0.143390116262061,0.203719233269788
HF,multi,w25rest,0.01,MELD_lambda0_true − AFR,0.240153183828652,0.0227508726078988,0.193485824103378,0.284508759183261
HF,multi,w25rest,0.01,MELD_lambda0_true − AMR,0.130161416907342,0.0128716144878088,0.106984362337178,0.15545657312202
HF,multi,w25rest,0.01,MELD_lambda0_true − MELD_lambda0_equal,0,0,0,0
HF,multi,w25rest,0.01,MELD_lambda0_true − MELD_lambda0_scrambled,0,0,0,0
HF,multi,w25rest,0.01,MELD_lambda1_true − MELD_lambda0_true,-0.000260057615075962,0.00203975317716475,-0.00360249723883486,0.00431800010712309
HF,multi,w25rest,0.1,MELD_lambda0_true − EUR,0.0866038929358113,0.00887990853578758,0.0706041043637748,0.105302254894968
HF,multi,w25rest,0.1,MELD_lambda0_true − EAS,0.127591032777768,0.0126442782841513,0.104588383805619,0.153883370012626
HF,multi,w25rest,0.1,MELD_lambda0_true − AFR,0.178700315788736,0.01652747965477,0.146012793349721,0.209794536909389
HF,multi,w25rest,0.1,MELD_lambda0_true − AMR,0.0882926431903019,0.0099910218418247,0.0699248547052829,0.109364650604674
HF,multi,w25rest,0.1,MELD_lambda0_true − MELD_lambda0_equal,0,0,0,0
HF,multi,w25rest,0.1,MELD_lambda0_true − MELD_lambda0_scrambled,0,0,0,0
HF,multi,w25rest,0.1,MELD_lambda1_true − MELD_lambda0_true,-0.00416839722994099,0.00137370737848659,-0.00675588959161881,-0.00148322957472219
HF,multi,w50rest,0.001,MELD_lambda0_true − EUR,0.1474610275655,0.0175684123487236,0.111034524748902,0.180644522503076
HF,multi,w50rest,0.001,MELD_lambda0_true − EAS,0.311156201335708,0.0290511030847188,0.250994798686248,0.364802404181934
HF,multi,w50rest,0.001,MELD_lambda0_true − AFR,0.32796834349801,0.0196711020303043,0.288283208790187,0.36574679746413
HF,multi,w50rest,0.001,MELD_lambda0_true − AMR,0.203178865454679,0.0184351861180535,0.166761311255621,0.238215018138987
HF,multi,w50rest,0.001,MELD_lambda0_true − MELD_lambda0_equal,0.00959346391798698,0.00557854628202987,0.000676498192060098,0.0218183586266832
HF,multi,w50rest,0.001,MELD_lambda0_true − MELD_lambda0_scrambled,0.0349858423304042,0.00569466106633986,0.0250570255044296,0.0469001673352578
HF,multi,w50rest,0.001,MELD_lambda1_true − MELD_lambda0_true,0.00322207557753782,0.00311126672144395,-0.00214964338912923,0.00963598558764427
HF,multi,w50rest,0.01,MELD_lambda0_true − EUR,0.0717084762819293,0.00775308411127168,0.0565327676509399,0.0867214127273539
HF,multi,w50rest,0.01,MELD_lambda0_true − EAS,0.159272220928789,0.0163014146768766,0.127580062060697,0.190815121587793
HF,multi,w50rest,0.01,MELD_lambda0_true − AFR,0.248690641606101,0.0211223088435582,0.205369779235711,0.288893787207961
HF,multi,w50rest,0.01,MELD_lambda0_true − AMR,0.125646771592635,0.0142154888541723,0.0984249886178791,0.153860665483576
HF,multi,w50rest,0.01,MELD_lambda0_true − MELD_lambda0_equal,0.00776503730375598,0.0027255471840751,0.00319235025834059,0.0136692961388251
HF,multi,w50rest,0.01,MELD_lambda0_true − MELD_lambda0_scrambled,0.027244260978376,0.00436419721515989,0.0192121806251236,0.0364048081249577
HF,multi,w50rest,0.01,MELD_lambda1_true − MELD_lambda0_true,-0.000405200619386718,0.00163820188855395,-0.00332938820416119,0.00318280884226358
HF,multi,w50rest,0.1,MELD_lambda0_true − EUR,0.0526463026217205,0.00557342636797592,0.0422822608618911,0.0641871317199507
HF,multi,w50rest,0.1,MELD_lambda0_true − EAS,0.111864814387855,0.0112397390844143,0.0901616546853101,0.134717137788635
HF,multi,w50rest,0.1,MELD_lambda0_true − AFR,0.195201232369982,0.016762322498376,0.163640669542211,0.228360867413593
HF,multi,w50rest,0.1,MELD_lambda0_true − AMR,0.0964568834608641,0.0117751206331841,0.0740847276704748,0.119733110707579
HF,multi,w50rest,0.1,MELD_lambda0_true − MELD_lambda0_equal,0.00400130877662923,0.00176816627991355,0.000888597036234899,0.00776131436993402
HF,multi,w50rest,0.1,MELD_lambda0_true − MELD_lambda0_scrambled,0.0182017210427367,0.00349371308419859,0.0116469836207339,0.0253619576376381
HF,multi,w50rest,0.1,MELD_lambda1_true − MELD_lambda0_true,-0.00359000696590768,0.000931165282057715,-0.00558046987167031,-0.00192353586099514
Gout,EUR_AFR,EUR_AFR_01,0.001,MELD_lambda0_true − EUR,0.232117543040383,0.0208916619376971,0.191012470710148,0.272786838189377
Gout,EUR_AFR,EUR_AFR_01,0.001,MELD_lambda0_true − EAS,0.274998768209291,0.0245782094134242,0.22770049882621,0.321281481403802
Gout,EUR_AFR,EUR_AFR_01,0.001,MELD_lambda0_true − AFR,-1.61381272790666e-05,1.59387034089658e-05,-5.16043259667291e-05,5.68438351412035e-10
Gout,EUR_AFR,EUR_AFR_01,0.001,MELD_lambda0_true − AMR,0.1578056005723,0.0211912585623113,0.116470294416093,0.200698203438459
Gout,EUR_AFR,EUR_AFR_01,0.001,MELD_lambda0_true − MELD_lambda0_equal,-0.126114718674465,0.0183132250824161,-0.159725261196709,-0.0898550662589738
Gout,EUR_AFR,EUR_AFR_01,0.001,MELD_lambda0_true − MELD_lambda0_scrambled,0.274998768209303,0.0250532989624535,0.226867487358529,0.322635363334406
Gout,EUR_AFR,EUR_AFR_01,0.001,MELD_lambda1_true − MELD_lambda0_true,0,0,0,0
Gout,EUR_AFR,EUR_AFR_01,0.01,MELD_lambda0_true − EUR,0.195777074977037,0.022138643678241,0.148329422092618,0.23411283251292
Gout,EUR_AFR,EUR_AFR_01,0.01,MELD_lambda0_true − EAS,0.235703514056596,0.0208837097850353,0.1956487325017,0.276952539108595
Gout,EUR_AFR,EUR_AFR_01,0.01,MELD_lambda0_true − AFR,-2.3017431803746e-05,2.27316996772515e-05,-7.26182440699741e-05,2.54561998027343e-10
Gout,EUR_AFR,EUR_AFR_01,0.01,MELD_lambda0_true − AMR,0.162656159257266,0.0149281758210033,0.133364906602192,0.191943782850068
Gout,EUR_AFR,EUR_AFR_01,0.01,MELD_lambda0_true − MELD_lambda0_equal,-0.0542997243719726,0.0151087736987861,-0.0828349963109789,-0.0237680500679502
Gout,EUR_AFR,EUR_AFR_01,0.01,MELD_lambda0_true − MELD_lambda0_scrambled,0.235703514056592,0.0207040087609386,0.194929388932678,0.275995307179461
Gout,EUR_AFR,EUR_AFR_01,0.01,MELD_lambda1_true − MELD_lambda0_true,0,0,0,0
Gout,EUR_AFR,EUR_AFR_01,0.1,MELD_lambda0_true − EUR,0.176336487195842,0.0208189554036689,0.133810004314211,0.216388311862204
Gout,EUR_AFR,EUR_AFR_01,0.1,MELD_lambda0_true − EAS,0.215510023763208,0.0175303391925475,0.181988108320195,0.250283276032139
Gout,EUR_AFR,EUR_AFR_01,0.1,MELD_lambda0_true − AFR,-2.58608895111431e-05,2.52667094732611e-05,-8.4284391767194e-05,9.72590936157162e-11
Gout,EUR_AFR,EUR_AFR_01,0.1,MELD_lambda0_true − AMR,0.158719510315418,0.0144735686525534,0.131186731247086,0.188510397587132
Gout,EUR_AFR,EUR_AFR_01,0.1,MELD_lambda0_true − MELD_lambda0_equal,-0.0113705008197214,0.0105775746665589,-0.0301563577996198,0.0107028070871786
Gout,EUR_AFR,EUR_AFR_01,0.1,MELD_lambda0_true − MELD_lambda0_scrambled,0.215510023763208,0.0175308576062174,0.180177019490873,0.250435364282291
Gout,EUR_AFR,EUR_AFR_01,0.1,MELD_lambda1_true − MELD_lambda0_true,0,0,0,0
Gout,EUR_AFR,EUR_AFR_02,0.001,MELD_lambda0_true − EUR,0.280442797310767,0.0189176579492885,0.244473983140904,0.317650744759394
Gout,EUR_AFR,EUR_AFR_02,0.001,MELD_lambda0_true − EAS,0.339609853403301,0.0270387628526516,0.287629679196438,0.390337476635779
Gout,EUR_AFR,EUR_AFR_02,0.001,MELD_lambda0_true − AFR,0.128350724559972,0.010081914338887,0.107518376359285,0.146893190250822
Gout,EUR_AFR,EUR_AFR_02,0.001,MELD_lambda0_true − AMR,0.2375931541188,0.0206483157209584,0.199054254660323,0.277674272590171
Gout,EUR_AFR,EUR_AFR_02,0.001,MELD_lambda0_true − MELD_lambda0_equal,-0.0383383588114137,0.0146194929989131,-0.068955767910007,-0.0107818573856486
Gout,EUR_AFR,EUR_AFR_02,0.001,MELD_lambda0_true − MELD_lambda0_scrambled,0.0942496812240488,0.0215311694220865,0.0500577951725257,0.135518392430487
Gout,EUR_AFR,EUR_AFR_02,0.001,MELD_lambda1_true − MELD_lambda0_true,0.00222718690157444,0.00138831020127709,-0.000429728538006528,0.00493880697328133
Gout,EUR_AFR,EUR_AFR_02,0.01,MELD_lambda0_true − EUR,0.181472225424717,0.0135356969078783,0.154356204351704,0.206643261010991
Gout,EUR_AFR,EUR_AFR_02,0.01,MELD_lambda0_true − EAS,0.246669043710437,0.0216038888904067,0.205284481604148,0.289441547035071
Gout,EUR_AFR,EUR_AFR_02,0.01,MELD_lambda0_true − AFR,0.0807747814620001,0.00885607796112853,0.0640274487522523,0.0990017179806015
Gout,EUR_AFR,EUR_AFR_02,0.01,MELD_lambda0_true − AMR,0.173948211387974,0.0169431200862647,0.138974451285695,0.207704749125575
Gout,EUR_AFR,EUR_AFR_02,0.01,MELD_lambda0_true − MELD_lambda0_equal,-0.0135057813659689,0.0101146195479372,-0.0326735969233535,0.00634134516331202
Gout,EUR_AFR,EUR_AFR_02,0.01,MELD_lambda0_true − MELD_lambda0_scrambled,0.0625640080271201,0.0129963335906256,0.0363991002247435,0.0874273349101779
Gout,EUR_AFR,EUR_AFR_02,0.01,MELD_lambda1_true − MELD_lambda0_true,0.00295075228673715,0.00132535626109768,0.000515119423146793,0.00568000747762896
Gout,EUR_AFR,EUR_AFR_02,0.1,MELD_lambda0_true − EUR,0.145516544688027,0.0118699952312746,0.122686459520099,0.168891095718151
Gout,EUR_AFR,EUR_AFR_02,0.1,MELD_lambda0_true − EAS,0.202536087930587,0.0160971640919657,0.17081849986431,0.231837781091068
Gout,EUR_AFR,EUR_AFR_02,0.1,MELD_lambda0_true − AFR,0.0498561110139015,0.00653043989745263,0.0369421611755202,0.0625894964884387
Gout,EUR_AFR,EUR_AFR_02,0.1,MELD_lambda0_true − AMR,0.140130614041937,0.0128937545643038,0.114843213434769,0.166352768037249
Gout,EUR_AFR,EUR_AFR_02,0.1,MELD_lambda0_true − MELD_lambda0_equal,-0.000301039991629803,0.00841673267912091,-0.0168561266663859,0.0156796790605289
Gout,EUR_AFR,EUR_AFR_02,0.1,MELD_lambda0_true − MELD_lambda0_scrambled,0.0720936868535537,0.0102490462658505,0.0516415711053918,0.0919077822161979
Gout,EUR_AFR,EUR_AFR_02,0.1,MELD_lambda1_true − MELD_lambda0_true,0.00266005711717,0.00128624249775414,0.000416302470531163,0.00533705700495689
Gout,EUR_AFR,EUR_AFR_03,0.001,MELD_lambda0_true − EUR,0.297981927618576,0.0191326236699575,0.260080746320595,0.334422557491549
Gout,EUR_AFR,EUR_AFR_03,0.001,MELD_lambda0_true − EAS,0.383729937771296,0.0160458338508446,0.350518811832684,0.41415201808415
Gout,EUR_AFR,EUR_AFR_03,0.001,MELD_lambda0_true − AFR,0.159677118342635,0.0149603658174432,0.128209221000346,0.186292500090829
Gout,EUR_AFR,EUR_AFR_03,0.001,MELD_lambda0_true − AMR,0.258951435713139,0.0196311005389452,0.220581604093175,0.29821569689707
Gout,EUR_AFR,EUR_AFR_03,0.001,MELD_lambda0_true − MELD_lambda0_equal,-0.027913630515307,0.0115890797594153,-0.0518372159062319,-0.00545368877100485
Gout,EUR_AFR,EUR_AFR_03,0.001,MELD_lambda0_true − MELD_lambda0_scrambled,0,0,0,0
Gout,EUR_AFR,EUR_AFR_03,0.001,MELD_lambda1_true − MELD_lambda0_true,0.00327952047955554,0.00241690746276703,-0.00118059288244129,0.00836784248493893
Gout,EUR_AFR,EUR_AFR_03,0.01,MELD_lambda0_true − EUR,0.182124567506403,0.0152231518059283,0.152387061716095,0.211410335970025
Gout,EUR_AFR,EUR_AFR_03,0.01,MELD_lambda0_true − EAS,0.263204534644604,0.0144310382000641,0.235305281328428,0.291463000622324
Gout,EUR_AFR,EUR_AFR_03,0.01,MELD_lambda0_true − AFR,0.102386203111175,0.0101905143437484,0.0819403836192583,0.121109441842176
Gout,EUR_AFR,EUR_AFR_03,0.01,MELD_lambda0_true − AMR,0.181811338162019,0.0137176211238417,0.156626515720629,0.210258301721152
Gout,EUR_AFR,EUR_AFR_03,0.01,MELD_lambda0_true − MELD_lambda0_equal,-0.0110618225488098,0.0074823189297127,-0.0259125295569608,0.00323558374485563
Gout,EUR_AFR,EUR_AFR_03,0.01,MELD_lambda0_true − MELD_lambda0_scrambled,0,0,0,0
Gout,EUR_AFR,EUR_AFR_03,0.01,MELD_lambda1_true − MELD_lambda0_true,0.00504385752524992,0.00191592350682981,0.00180903736971114,0.00909796032400485
Gout,EUR_AFR,EUR_AFR_03,0.1,MELD_lambda0_true − EUR,0.136536850532038,0.00915038203388944,0.118802108666225,0.154240431907455
Gout,EUR_AFR,EUR_AFR_03,0.1,MELD_lambda0_true − EAS,0.195072082576792,0.0118515755430545,0.173672700916124,0.219482969091052
Gout,EUR_AFR,EUR_AFR_03,0.1,MELD_lambda0_true − AFR,0.074286631395116,0.0071739727064786,0.0602277058208615,0.0887296615326718
Gout,EUR_AFR,EUR_AFR_03,0.1,MELD_lambda0_true − AMR,0.13636591018176,0.009772100670516,0.117425188327374,0.15648763521774
Gout,EUR_AFR,EUR_AFR_03,0.1,MELD_lambda0_true − MELD_lambda0_equal,-0.00267971126704014,0.0052807344928253,-0.0131013749611411,0.00790471023122638
Gout,EUR_AFR,EUR_AFR_03,0.1,MELD_lambda0_true − MELD_lambda0_scrambled,0,0,0,0
Gout,EUR_AFR,EUR_AFR_03,0.1,MELD_lambda1_true − MELD_lambda0_true,0.00339137577048884,0.00165809701943927,0.000531032235065126,0.00688679089886138
Gout,EUR_AFR,EUR_AFR_04,0.001,MELD_lambda0_true − EUR,0.28959789748046,0.013401463166513,0.263051350475119,0.316251794486218
Gout,EUR_AFR,EUR_AFR_04,0.001,MELD_lambda0_true − EAS,0.361886123122516,0.0235444070247907,0.312737101032521,0.406147943762391
Gout,EUR_AFR,EUR_AFR_04,0.001,MELD_lambda0_true − AFR,0.184849120403171,0.0176974185707085,0.149125736272816,0.218867862021311
Gout,EUR_AFR,EUR_AFR_04,0.001,MELD_lambda0_true − AMR,0.245056809886278,0.0153981646160462,0.214527830508912,0.274561892717307
Gout,EUR_AFR,EUR_AFR_04,0.001,MELD_lambda0_true − MELD_lambda0_equal,-0.0474180623089595,0.011136834292248,-0.0686819735387168,-0.0256758015086986
Gout,EUR_AFR,EUR_AFR_04,0.001,MELD_lambda0_true − MELD_lambda0_scrambled,0.0453835102923824,0.00949874837924886,0.0272225729149775,0.0649450048781861
Gout,EUR_AFR,EUR_AFR_04,0.001,MELD_lambda1_true − MELD_lambda0_true,-0.000662705929577768,0.00269904893128323,-0.00579062051747095,0.00476286985230205
Gout,EUR_AFR,EUR_AFR_04,0.01,MELD_lambda0_true − EUR,0.166395594688032,0.0147862241744095,0.136437900542824,0.193292158595405
Gout,EUR_AFR,EUR_AFR_04,0.01,MELD_lambda0_true − EAS,0.246738144993342,0.0230910246891796,0.203410217979657,0.293041362135828
Gout,EUR_AFR,EUR_AFR_04,0.01,MELD_lambda0_true − AFR,0.118354519007987,0.0134439240256771,0.0917971648655707,0.14456606414557
Gout,EUR_AFR,EUR_AFR_04,0.01,MELD_lambda0_true − AMR,0.166257856720418,0.015528842942272,0.134900236399988,0.195106980956678
Gout,EUR_AFR,EUR_AFR_04,0.01,MELD_lambda0_true − MELD_lambda0_equal,-0.0264647213434772,0.00782339588123916,-0.0413513733517588,-0.0103586672935147
Gout,EUR_AFR,EUR_AFR_04,0.01,MELD_lambda0_true − MELD_lambda0_scrambled,0.020046470322414,0.00681611606520531,0.00625806810874417,0.0337711726568575
Gout,EUR_AFR,EUR_AFR_04,0.01,MELD_lambda1_true − MELD_lambda0_true,0.00265772502008199,0.00229367483603991,-0.00157749143476309,0.0075706386113552
Gout,EUR_AFR,EUR_AFR_04,0.1,MELD_lambda0_true − EUR,0.12645651050088,0.0134163843268787,0.101318718811156,0.153645872509609
Gout,EUR_AFR,EUR_AFR_04,0.1,MELD_lambda0_true − EAS,0.188419672648134,0.0191825930585303,0.155244628953084,0.228870269756955
Gout,EUR_AFR,EUR_AFR_04,0.1,MELD_lambda0_true − AFR,0.0841068338961062,0.0102746394074502,0.0632775389438754,0.102658036544453
Gout,EUR_AFR,EUR_AFR_04,0.1,MELD_lambda0_true − AMR,0.127537134474624,0.0141688686478021,0.100829756290332,0.155926262402882
Gout,EUR_AFR,EUR_AFR_04,0.1,MELD_lambda0_true − MELD_lambda0_equal,-0.0102434089245769,0.0065816662272482,-0.0230105604225722,0.00252418362266997
Gout,EUR_AFR,EUR_AFR_04,0.1,MELD_lambda0_true − MELD_lambda0_scrambled,0.0122123397601425,0.00664074861507985,-0.000221127790825495,0.0261150991084468
Gout,EUR_AFR,EUR_AFR_04,0.1,MELD_lambda1_true − MELD_lambda0_true,0.00183946140532762,0.00196457991809393,-0.00177921165779286,0.00586798225544179
Gout,EUR_AFR,EUR_AFR_05,0.001,MELD_lambda0_true − EUR,0.274491983551175,0.0173232184249069,0.240201171476487,0.307584075824104
Gout,EUR_AFR,EUR_AFR_05,0.001,MELD_lambda0_true − EAS,0.37632883587321,0.0205001368908499,0.337288013146878,0.416254980938113
Gout,EUR_AFR,EUR_AFR_05,0.001,MELD_lambda0_true − AFR,0.225885314812192,0.0182655438629966,0.188666490562547,0.261985528458522
Gout,EUR_AFR,EUR_AFR_05,0.001,MELD_lambda0_true − AMR,0.245843258339739,0.0193779592363251,0.209840060176791,0.282735136865283
Gout,EUR_AFR,EUR_AFR_05,0.001,MELD_lambda0_true − MELD_lambda0_equal,-0.0122045692805138,0.00762892304973348,-0.0275580002461203,0.00230824312277257
Gout,EUR_AFR,EUR_AFR_05,0.001,MELD_lambda0_true − MELD_lambda0_scrambled,0.0567648263369176,0.0119175266428051,0.0340315434299815,0.0812404109614267
Gout,EUR_AFR,EUR_AFR_05,0.001,MELD_lambda1_true − MELD_lambda0_true,-0.00223075171419632,0.00239220213011993,-0.00697192541981398,0.0027571856135475
Gout,EUR_AFR,EUR_AFR_05,0.01,MELD_lambda0_true − EUR,0.15368917662339,0.0115899132031853,0.129451626551285,0.176304984184283
Gout,EUR_AFR,EUR_AFR_05,0.01,MELD_lambda0_true − EAS,0.247506462174307,0.0152478869334697,0.21792376807619,0.27824219077484
Gout,EUR_AFR,EUR_AFR_05,0.01,MELD_lambda0_true − AFR,0.151713910658711,0.0157350128184425,0.12073545857861,0.18115404980027
Gout,EUR_AFR,EUR_AFR_05,0.01,MELD_lambda0_true − AMR,0.161487014506651,0.0131387495762825,0.135093688320506,0.186848130294329
Gout,EUR_AFR,EUR_AFR_05,0.01,MELD_lambda0_true − MELD_lambda0_equal,-0.00771617649777394,0.0050919527394517,-0.017777117176722,0.00208909848006465
Gout,EUR_AFR,EUR_AFR_05,0.01,MELD_lambda0_true − MELD_lambda0_scrambled,0.0361033257602133,0.00916707679247778,0.019750086100417,0.0547951869945241
Gout,EUR_AFR,EUR_AFR_05,0.01,MELD_lambda1_true − MELD_lambda0_true,-0.000243463360727794,0.00128667673445165,-0.00292164901074708,0.00228867748975704
Gout,EUR_AFR,EUR_AFR_05,0.1,MELD_lambda0_true − EUR,0.107228948837897,0.00855075910250128,0.0901541192675924,0.123679314794723
Gout,EUR_AFR,EUR_AFR_05,0.1,MELD_lambda0_true − EAS,0.194608419182551,0.0126150245772818,0.169770613235794,0.219271836973216
Gout,EUR_AFR,EUR_AFR_05,0.1,MELD_lambda0_true − AFR,0.108755266840186,0.0107239908173014,0.0877445962324771,0.129769374455072
Gout,EUR_AFR,EUR_AFR_05,0.1,MELD_lambda0_true − AMR,0.113374510397531,0.0105845947101333,0.0914108076073867,0.132926328799415
Gout,EUR_AFR,EUR_AFR_05,0.1,MELD_lambda0_true − MELD_lambda0_equal,-0.00392784352416042,0.00417874946934264,-0.012444240787528,0.00383836838741493
Gout,EUR_AFR,EUR_AFR_05,0.1,MELD_lambda0_true − MELD_lambda0_scrambled,0.0236747400524989,0.006698699543049,0.0111250837425926,0.0375836735871799
Gout,EUR_AFR,EUR_AFR_05,0.1,MELD_lambda1_true − MELD_lambda0_true,-0.00139011521524551,0.00117145392217311,-0.00367961185953909,0.000883037254720799
Gout,EUR_AFR,EUR_AFR_06,0.001,MELD_lambda0_true − EUR,0.287524428227062,0.0181621951753172,0.250582244126164,0.322305944329249
Gout,EUR_AFR,EUR_AFR_06,0.001,MELD_lambda0_true − EAS,0.407012325013945,0.0160693358797646,0.377269621137515,0.438526514600892
Gout,EUR_AFR,EUR_AFR_06,0.001,MELD_lambda0_true − AFR,0.252564340054986,0.0185604728404772,0.212318239198879,0.285870189492972
Gout,EUR_AFR,EUR_AFR_06,0.001,MELD_lambda0_true − AMR,0.272601747950431,0.0223362785518269,0.22702070765924,0.313619713137662
Gout,EUR_AFR,EUR_AFR_06,0.001,MELD_lambda0_true − MELD_lambda0_equal,-0.0128464730893803,0.00649122243522006,-0.0250734154173427,0.00016392539003123
Gout,EUR_AFR,EUR_AFR_06,0.001,MELD_lambda0_true − MELD_lambda0_scrambled,0.0601759017289829,0.0115149706774215,0.0370080721442715,0.0809289007094708
Gout,EUR_AFR,EUR_AFR_06,0.001,MELD_lambda1_true − MELD_lambda0_true,0.00179412027568267,0.00166261781245235,-0.0013426862884797,0.00503339229865829
Gout,EUR_AFR,EUR_AFR_06,0.01,MELD_lambda0_true − EUR,0.149629002406837,0.0138666001141924,0.122868795302506,0.177352929767671
Gout,EUR_AFR,EUR_AFR_06,0.01,MELD_lambda0_true − EAS,0.253913797297957,0.0132775068170617,0.227352468308212,0.280028881223887
Gout,EUR_AFR,EUR_AFR_06,0.01,MELD_lambda0_true − AFR,0.179696991968262,0.0142394872236181,0.150784866529603,0.205510378545609
Gout,EUR_AFR,EUR_AFR_06,0.01,MELD_lambda0_true − AMR,0.174638693124834,0.0152295802228592,0.143730119746802,0.204277122357942
Gout,EUR_AFR,EUR_AFR_06,0.01,MELD_lambda0_true − MELD_lambda0_equal,-0.00338776346458296,0.00548748679372131,-0.0144593861229149,0.00679993181959721
Gout,EUR_AFR,EUR_AFR_06,0.01,MELD_lambda0_true − MELD_lambda0_scrambled,0.0395232785551521,0.0088834607532788,0.0207868683784489,0.0559193042444566
Gout,EUR_AFR,EUR_AFR_06,0.01,MELD_lambda1_true − MELD_lambda0_true,0.00118427938215624,0.0010569533632048,-0.000793971567207127,0.00339825138107769
Gout,EUR_AFR,EUR_AFR_06,0.1,MELD_lambda0_true − EUR,0.105451703987957,0.00987206799452887,0.0872827215760113,0.125665936923755
Gout,EUR_AFR,EUR_AFR_06,0.1,MELD_lambda0_true − EAS,0.186980145430578,0.0137169837089208,0.161498525873177,0.21485904777043
Gout,EUR_AFR,EUR_AFR_06,0.1,MELD_lambda0_true − AFR,0.132009947048605,0.0110084157385011,0.109336196440549,0.152068654631685
Gout,EUR_AFR,EUR_AFR_06,0.1,MELD_lambda0_true − AMR,0.122364743369968,0.00939020053538204,0.103807410100135,0.140376562376581
Gout,EUR_AFR,EUR_AFR_06,0.1,MELD_lambda0_true − MELD_lambda0_equal,-0.000237091323610844,0.00473030647556698,-0.00951471539755446,0.00875111893648345
Gout,EUR_AFR,EUR_AFR_06,0.1,MELD_lambda0_true − MELD_lambda0_scrambled,0.0275729812749089,0.00531503479501208,0.0165331140415807,0.0374303220331184
Gout,EUR_AFR,EUR_AFR_06,0.1,MELD_lambda1_true − MELD_lambda0_true,-0.000774956268280669,0.00127270698552029,-0.00326347809153107,0.00168397497014312
Gout,EUR_AFR,EUR_AFR_07,0.001,MELD_lambda0_true − EUR,0.243862800935196,0.0196144556267038,0.203529251394877,0.280810626893396
Gout,EUR_AFR,EUR_AFR_07,0.001,MELD_lambda0_true − EAS,0.359615603911286,0.0220428634140739,0.315305538710249,0.401260443031924
Gout,EUR_AFR,EUR_AFR_07,0.001,MELD_lambda0_true − AFR,0.263850318517686,0.0217901676873354,0.221027177699133,0.307023974621479
Gout,EUR_AFR,EUR_AFR_07,0.001,MELD_lambda0_true − AMR,0.237719004519828,0.021720790511466,0.193800404705581,0.278297821050263
Gout,EUR_AFR,EUR_AFR_07,0.001,MELD_lambda0_true − MELD_lambda0_equal,-0.0149143896901524,0.00713651203242045,-0.0279274049116546,-0.00041131678132729
Gout,EUR_AFR,EUR_AFR_07,0.001,MELD_lambda0_true − MELD_lambda0_scrambled,0.0700426968795856,0.0116710765628417,0.0481137788273624,0.09342004584132
Gout,EUR_AFR,EUR_AFR_07,0.001,MELD_lambda1_true − MELD_lambda0_true,-0.0020503575567459,0.00240057218420866,-0.00683158412030261,0.00255144140007355
Gout,EUR_AFR,EUR_AFR_07,0.01,MELD_lambda0_true − EUR,0.108192267540086,0.0116398479247335,0.0843259788269537,0.1297120408593
Gout,EUR_AFR,EUR_AFR_07,0.01,MELD_lambda0_true − EAS,0.215718168268732,0.0166528735917606,0.182610128235523,0.247378396926489
Gout,EUR_AFR,EUR_AFR_07,0.01,MELD_lambda0_true − AFR,0.189201575696007,0.0196498369105515,0.150412835228898,0.229013771825342
Gout,EUR_AFR,EUR_AFR_07,0.01,MELD_lambda0_true − AMR,0.150828877901761,0.0152515113928468,0.120359647871589,0.179757082116553
Gout,EUR_AFR,EUR_AFR_07,0.01,MELD_lambda0_true − MELD_lambda0_equal,-0.00210167206043832,0.00433548424614774,-0.0104759932252358,0.00610782330181281
Gout,EUR_AFR,EUR_AFR_07,0.01,MELD_lambda0_true − MELD_lambda0_scrambled,0.0552053747842031,0.0104408938879325,0.034445220441528,0.0753853742761489
Gout,EUR_AFR,EUR_AFR_07,0.01,MELD_lambda1_true − MELD_lambda0_true,-0.000726295930312962,0.00168884680126218,-0.00391276416354456,0.00276361271677974
Gout,EUR_AFR,EUR_AFR_07,0.1,MELD_lambda0_true − EUR,0.0697560361555566,0.00709976568704901,0.055346036719019,0.0834377871712131
Gout,EUR_AFR,EUR_AFR_07,0.1,MELD_lambda0_true − EAS,0.170087913187484,0.0108892357741867,0.148289036470384,0.190755389481521
Gout,EUR_AFR,EUR_AFR_07,0.1,MELD_lambda0_true − AFR,0.140884954741663,0.016641519390984,0.109176807506144,0.175119953478543
Gout,EUR_AFR,EUR_AFR_07,0.1,MELD_lambda0_true − AMR,0.108598175459331,0.0125722492775977,0.0838964985614764,0.132851997847684
Gout,EUR_AFR,EUR_AFR_07,0.1,MELD_lambda0_true − MELD_lambda0_equal,0.00451629093372979,0.00310766586423139,-0.00140319903444656,0.0110110832153467
Gout,EUR_AFR,EUR_AFR_07,0.1,MELD_lambda0_true − MELD_lambda0_scrambled,0.0413137401330691,0.00716248927877251,0.0263102573633537,0.0546790354236531
Gout,EUR_AFR,EUR_AFR_07,0.1,MELD_lambda1_true − MELD_lambda0_true,-0.00122615774467813,0.00129758780442389,-0.00390997627348158,0.00122572140293234
Gout,EUR_AFR,EUR_AFR_08,0.001,MELD_lambda0_true − EUR,0.195012571703864,0.0185669327069815,0.159840323958303,0.232806869928511
Gout,EUR_AFR,EUR_AFR_08,0.001,MELD_lambda0_true − EAS,0.349278037792013,0.0243674612759014,0.30266017586591,0.398137664207336
Gout,EUR_AFR,EUR_AFR_08,0.001,MELD_lambda0_true − AFR,0.303814481212752,0.0197744055092658,0.262477782458491,0.339912626043101
Gout,EUR_AFR,EUR_AFR_08,0.001,MELD_lambda0_true − AMR,0.220056887618502,0.0191740528761432,0.181853391284449,0.255779969097839
Gout,EUR_AFR,EUR_AFR_08,0.001,MELD_lambda0_true − MELD_lambda0_equal,-0.0199617474779492,0.00701954072736741,-0.0340642578448948,-0.00656323761229776
Gout,EUR_AFR,EUR_AFR_08,0.001,MELD_lambda0_true − MELD_lambda0_scrambled,0.107905236802516,0.013247928381352,0.0820471740432222,0.13326056717924
Gout,EUR_AFR,EUR_AFR_08,0.001,MELD_lambda1_true − MELD_lambda0_true,-0.00364707732406507,0.00206027350887752,-0.0075580593184216,0.000286376464072052
Gout,EUR_AFR,EUR_AFR_08,0.01,MELD_lambda0_true − EUR,0.080304449049463,0.012382079106346,0.058341091698943,0.106448051559529
Gout,EUR_AFR,EUR_AFR_08,0.01,MELD_lambda0_true − EAS,0.187133475465148,0.0185351718025942,0.151465868055486,0.222772944490082
Gout,EUR_AFR,EUR_AFR_08,0.01,MELD_lambda0_true − AFR,0.21895676197198,0.0170237217668803,0.18445316128591,0.248870800664179
Gout,EUR_AFR,EUR_AFR_08,0.01,MELD_lambda0_true − AMR,0.141331995298119,0.0171734675654547,0.108802787643924,0.174259407198663
Gout,EUR_AFR,EUR_AFR_08,0.01,MELD_lambda0_true − MELD_lambda0_equal,-0.00488995635432321,0.00529456504395623,-0.0150385884285953,0.00497191175509306
Gout,EUR_AFR,EUR_AFR_08,0.01,MELD_lambda0_true − MELD_lambda0_scrambled,0.0776856690269771,0.00909692327992261,0.0602215297235477,0.0954230969745831
Gout,EUR_AFR,EUR_AFR_08,0.01,MELD_lambda1_true − MELD_lambda0_true,-0.00153774395083304,0.00124229358877831,-0.0039582999445952,0.000858812950511935
Gout,EUR_AFR,EUR_AFR_08,0.1,MELD_lambda0_true − EUR,0.0493548291027607,0.00802673333767868,0.034059273162477,0.0651994509518699
Gout,EUR_AFR,EUR_AFR_08,0.1,MELD_lambda0_true − EAS,0.136229882526609,0.013359029674479,0.109789410444973,0.162029332635905
Gout,EUR_AFR,EUR_AFR_08,0.1,MELD_lambda0_true − AFR,0.172924269465823,0.0147092560257218,0.144372939931843,0.201708090620099
Gout,EUR_AFR,EUR_AFR_08,0.1,MELD_lambda0_true − AMR,0.103542387833514,0.0170872101950753,0.0738286069546668,0.139082244186504
Gout,EUR_AFR,EUR_AFR_08,0.1,MELD_lambda0_true − MELD_lambda0_equal,0.00182829252425269,0.00454633191458577,-0.00690603601499384,0.0106570471183859
Gout,EUR_AFR,EUR_AFR_08,0.1,MELD_lambda0_true − MELD_lambda0_scrambled,0.0664469584255823,0.00719682804311437,0.0530114943491904,0.0806598784786918
Gout,EUR_AFR,EUR_AFR_08,0.1,MELD_lambda1_true − MELD_lambda0_true,-0.00116358467503133,0.00111475856290627,-0.00321616366376021,0.0011825364925614
Gout,EUR_AFR,EUR_AFR_09,0.001,MELD_lambda0_true − EUR,0.181402830901147,0.0169816099490022,0.148952629786077,0.215445466716161
Gout,EUR_AFR,EUR_AFR_09,0.001,MELD_lambda0_true − EAS,0.337347150552127,0.0235119761843591,0.291822429668913,0.382966723587421
Gout,EUR_AFR,EUR_AFR_09,0.001,MELD_lambda0_true − AFR,0.321272997139833,0.0228862314283368,0.277299909584585,0.363922767137933
Gout,EUR_AFR,EUR_AFR_09,0.001,MELD_lambda0_true − AMR,0.205318345141116,0.0188047807621137,0.168938936023789,0.241658218595606
Gout,EUR_AFR,EUR_AFR_09,0.001,MELD_lambda0_true − MELD_lambda0_equal,-0.0117167509761747,0.0079497082659222,-0.0261329720351076,0.00457530946870639
Gout,EUR_AFR,EUR_AFR_09,0.001,MELD_lambda0_true − MELD_lambda0_scrambled,0.103295625337254,0.00923268039414322,0.0862756294030195,0.12175548354353
Gout,EUR_AFR,EUR_AFR_09,0.001,MELD_lambda1_true − MELD_lambda0_true,0.00194757175954017,0.00230126723945019,-0.00233802727040187,0.00649506415716811
Gout,EUR_AFR,EUR_AFR_09,0.01,MELD_lambda0_true − EUR,0.0698790419629784,0.00927786198702301,0.0523362288451321,0.0887103318934036
Gout,EUR_AFR,EUR_AFR_09,0.01,MELD_lambda0_true − EAS,0.183901900128499,0.013247796893377,0.158614759239397,0.210485511401194
Gout,EUR_AFR,EUR_AFR_09,0.01,MELD_lambda0_true − AFR,0.234159392214255,0.024301562483861,0.185635040398687,0.279550924145318
Gout,EUR_AFR,EUR_AFR_09,0.01,MELD_lambda0_true − AMR,0.121402665643506,0.013989092333319,0.0918855097430816,0.147585367731258
Gout,EUR_AFR,EUR_AFR_09,0.01,MELD_lambda0_true − MELD_lambda0_equal,-0.00230368719079096,0.00530983511068423,-0.0126842476063917,0.00817378311180494
Gout,EUR_AFR,EUR_AFR_09,0.01,MELD_lambda0_true − MELD_lambda0_scrambled,0.0471172206592173,0.00659013381444432,0.0347317660967624,0.0605412959217372
Gout,EUR_AFR,EUR_AFR_09,0.01,MELD_lambda1_true − MELD_lambda0_true,0.000931133195453989,0.00128044685617328,-0.00164664023807149,0.00328152889134503
Gout,EUR_AFR,EUR_AFR_09,0.1,MELD_lambda0_true − EUR,0.0382238366055286,0.00517424673661759,0.0287924975595901,0.0490455873805032
Gout,EUR_AFR,EUR_AFR_09,0.1,MELD_lambda0_true − EAS,0.139769059823311,0.0106091052933174,0.118863352184532,0.160959845795204
Gout,EUR_AFR,EUR_AFR_09,0.1,MELD_lambda0_true − AFR,0.175578799391576,0.0172838755348336,0.14103726337639,0.207534732178318
Gout,EUR_AFR,EUR_AFR_09,0.1,MELD_lambda0_true − AMR,0.0832787956113468,0.0115635143841515,0.0611473546680798,0.105959985792328
Gout,EUR_AFR,EUR_AFR_09,0.1,MELD_lambda0_true − MELD_lambda0_equal,0.00199051264148585,0.0044764012962245,-0.00661539209434108,0.0107806537547804
Gout,EUR_AFR,EUR_AFR_09,0.1,MELD_lambda0_true − MELD_lambda0_scrambled,0.0298988688962156,0.00448095006449419,0.0217400057406812,0.0390918957814799
Gout,EUR_AFR,EUR_AFR_09,0.1,MELD_lambda1_true − MELD_lambda0_true,2.93938933013007e-05,0.00100211110398347,-0.00203729521242483,0.00193967705213768
Gout,EUR_AFR,EUR_AFR_10,0.001,MELD_lambda0_true − EUR,0.111480133706465,0.0141360842144523,0.0832740762538621,0.138984797742412
Gout,EUR_AFR,EUR_AFR_10,0.001,MELD_lambda0_true − EAS,0.325219210620354,0.0254106693189391,0.270799735605484,0.37108347555857
Gout,EUR_AFR,EUR_AFR_10,0.001,MELD_lambda0_true − AFR,0.39289214788527,0.0304632526017466,0.329217936459083,0.449895678181301
Gout,EUR_AFR,EUR_AFR_10,0.001,MELD_lambda0_true − AMR,0.180215813437887,0.0232399514232475,0.134477038619601,0.223336129268544
Gout,EUR_AFR,EUR_AFR_10,0.001,MELD_lambda0_true − MELD_lambda0_equal,-0.00877904915218439,0.00634325291211199,-0.0212550397921912,0.00327133002088897
Gout,EUR_AFR,EUR_AFR_10,0.001,MELD_lambda0_true − MELD_lambda0_scrambled,0.231052602729227,0.0224953049965215,0.185127429501345,0.274267569416648
Gout,EUR_AFR,EUR_AFR_10,0.001,MELD_lambda1_true − MELD_lambda0_true,-0.000261929272090297,0.00112405873287393,-0.00245209057398575,0.00198250985193406
Gout,EUR_AFR,EUR_AFR_10,0.01,MELD_lambda0_true − EUR,0.0428137965598512,0.00648311983608807,0.0299000584485092,0.0547251962582159
Gout,EUR_AFR,EUR_AFR_10,0.01,MELD_lambda0_true − EAS,0.177207707364986,0.0153875800258482,0.145366222873866,0.204230534666893
Gout,EUR_AFR,EUR_AFR_10,0.01,MELD_lambda0_true − AFR,0.303125436972672,0.0307893838645474,0.237979889379134,0.358642042863899
Gout,EUR_AFR,EUR_AFR_10,0.01,MELD_lambda0_true − AMR,0.116277445645658,0.0170986476474628,0.0803085954588748,0.147849223202669
Gout,EUR_AFR,EUR_AFR_10,0.01,MELD_lambda0_true − MELD_lambda0_equal,0.00796894366288061,0.00493733623663594,-0.00214434392545236,0.0172407313671628
Gout,EUR_AFR,EUR_AFR_10,0.01,MELD_lambda0_true − MELD_lambda0_scrambled,0.179134703185315,0.0212728401412679,0.135832213596294,0.220568505371393
Gout,EUR_AFR,EUR_AFR_10,0.01,MELD_lambda1_true − MELD_lambda0_true,-0.000848114164992605,0.000708495868886579,-0.00221785855641504,0.000578474458926025
Gout,EUR_AFR,EUR_AFR_10,0.1,MELD_lambda0_true − EUR,0.0224485864888375,0.00327752873299424,0.0156858115166358,0.0288211736058669
Gout,EUR_AFR,EUR_AFR_10,0.1,MELD_lambda0_true − EAS,0.131587281948367,0.0107582780371213,0.108455827255162,0.150622999473973
Gout,EUR_AFR,EUR_AFR_10,0.1,MELD_lambda0_true − AFR,0.23243493782599,0.023044131688029,0.18648092636732,0.275815522015128
Gout,EUR_AFR,EUR_AFR_10,0.1,MELD_lambda0_true − AMR,0.0854237760092716,0.0123067601776617,0.0603445104950885,0.107549817375337
Gout,EUR_AFR,EUR_AFR_10,0.1,MELD_lambda0_true − MELD_lambda0_equal,0.00955639635193671,0.00420633788277553,0.00110416005512695,0.0176089115068964
Gout,EUR_AFR,EUR_AFR_10,0.1,MELD_lambda0_true − MELD_lambda0_scrambled,0.142240940540494,0.0165049996212554,0.109252031004189,0.172342349304333
Gout,EUR_AFR,EUR_AFR_10,0.1,MELD_lambda1_true − MELD_lambda0_true,-0.00103167732027937,0.000477216413036571,-0.00195003336768329,-4.08953650422948e-05
Gout,EUR_AFR,EUR_AFR_11,0.001,MELD_lambda0_true − EUR,9.21942573091067e-15,8.29307760980302e-15,-5.70502327080978e-15,2.62409505924508e-14
Gout,EUR_AFR,EUR_AFR_11,0.001,MELD_lambda0_true − EAS,0.319103587498427,0.0208917191493349,0.276465823072267,0.360573517152036
Gout,EUR_AFR,EUR_AFR_11,0.001,MELD_lambda0_true − AFR,0.372551491955697,0.0201792594828189,0.331469592055011,0.410841864528802
Gout,EUR_AFR,EUR_AFR_11,0.001,MELD_lambda0_true − AMR,0.111752486856344,0.0168344507153968,0.0797851235315241,0.143783670053482
Gout,EUR_AFR,EUR_AFR_11,0.001,MELD_lambda0_true − MELD_lambda0_equal,-0.0270356021074054,0.0125971963838829,-0.0517350166144547,-0.00285740480004397
Gout,EUR_AFR,EUR_AFR_11,0.001,MELD_lambda0_true − MELD_lambda0_scrambled,0,0,0,0
Gout,EUR_AFR,EUR_AFR_11,0.001,MELD_lambda1_true − MELD_lambda0_true,0,0,0,0
Gout,EUR_AFR,EUR_AFR_11,0.01,MELD_lambda0_true − EUR,-2.16892230540147e-16,6.51252836458996e-16,-1.53903696356415e-15,1.01910523287793e-15
Gout,EUR_AFR,EUR_AFR_11,0.01,MELD_lambda0_true − EAS,0.188180878816645,0.0117647223290846,0.163043408288897,0.210649804755434
Gout,EUR_AFR,EUR_AFR_11,0.01,MELD_lambda0_true − AFR,0.301729698939049,0.0198440191795678,0.261244480986468,0.340940235385656
Gout,EUR_AFR,EUR_AFR_11,0.01,MELD_lambda0_true − AMR,0.098173900023539,0.0119267274463581,0.074947047034965,0.121636654125355
Gout,EUR_AFR,EUR_AFR_11,0.01,MELD_lambda0_true − MELD_lambda0_equal,0.0140577670204069,0.00496752459012324,0.00411039185498527,0.0233452230893914
Gout,EUR_AFR,EUR_AFR_11,0.01,MELD_lambda0_true − MELD_lambda0_scrambled,0,0,0,0
Gout,EUR_AFR,EUR_AFR_11,0.01,MELD_lambda1_true − MELD_lambda0_true,0,0,0,0
Gout,EUR_AFR,EUR_AFR_11,0.1,MELD_lambda0_true − EUR,3.06206367395763e-17,2.63138809798488e-16,-4.70738078327365e-16,5.45999004518121e-16
Gout,EUR_AFR,EUR_AFR_11,0.1,MELD_lambda0_true − EAS,0.13339858385536,0.0073382059323793,0.118245732106109,0.146988322579629
Gout,EUR_AFR,EUR_AFR_11,0.1,MELD_lambda0_true − AFR,0.235201418269784,0.0149347805341364,0.205691134557783,0.264838877463034
Gout,EUR_AFR,EUR_AFR_11,0.1,MELD_lambda0_true − AMR,0.0801423674945223,0.00939283313966896,0.0613604456725383,0.0981619467127742
Gout,EUR_AFR,EUR_AFR_11,0.1,MELD_lambda0_true − MELD_lambda0_equal,0.0191502640027841,0.00340465899045398,0.0127878314496426,0.026302450437848
Gout,EUR_AFR,EUR_AFR_11,0.1,MELD_lambda0_true − MELD_lambda0_scrambled,0,0,0,0
Gout,EUR_AFR,EUR_AFR_11,0.1,MELD_lambda1_true − MELD_lambda0_true,0,0,0,0
Gout,EUR_EAS,EUR_EAS_01,0.001,MELD_lambda0_true − EUR,0.220612318110356,0.0255692585568091,0.169861507913955,0.27014167562183
Gout,EUR_EAS,EUR_EAS_01,0.001,MELD_lambda0_true − EAS,-1.2605511243253e-14,1.12748721545787e-14,-3.44099211736346e-14,1.05435098534326e-14
Gout,EUR_EAS,EUR_EAS_01,0.001,MELD_lambda0_true − AFR,0.43564965624944,0.0229149433863197,0.386617479992882,0.476013742806136
Gout,EUR_EAS,EUR_EAS_01,0.001,MELD_lambda0_true − AMR,0.194265245450766,0.0156315723720159,0.16406356773895,0.224931800267646
Gout,EUR_EAS,EUR_EAS_01,0.001,MELD_lambda0_true − MELD_lambda0_equal,0.00436516056153797,0.012190912940473,-0.0177580141601914,0.0292596833991633
Gout,EUR_EAS,EUR_EAS_01,0.001,MELD_lambda0_true − MELD_lambda0_scrambled,0.220612318110374,0.0247888313199582,0.173229536788621,0.266949534562843
Gout,EUR_EAS,EUR_EAS_01,0.001,MELD_lambda1_true − MELD_lambda0_true,0,0,0,0
Gout,EUR_EAS,EUR_EAS_01,0.01,MELD_lambda0_true − EUR,0.14547949351237,0.014488258760147,0.118848275372012,0.175718650807491
Gout,EUR_EAS,EUR_EAS_01,0.01,MELD_lambda0_true − EAS,-6.88561797391647e-17,8.99209388327206e-16,-1.75531774901418e-15,1.73821049735792e-15
Gout,EUR_EAS,EUR_EAS_01,0.01,MELD_lambda0_true − AFR,0.368174074242026,0.0233103931158549,0.321901209976894,0.412700500994033
Gout,EUR_EAS,EUR_EAS_01,0.01,MELD_lambda0_true − AMR,0.167978424167291,0.0131541596396714,0.141474071720949,0.193370365890531
Gout,EUR_EAS,EUR_EAS_01,0.01,MELD_lambda0_true − MELD_lambda0_equal,0.0401279042719205,0.0078211669628079,0.0260881559363786,0.0567449909385915
Gout,EUR_EAS,EUR_EAS_01,0.01,MELD_lambda0_true − MELD_lambda0_scrambled,0.145479493512374,0.0144317867913867,0.118424896313024,0.173204752175016
Gout,EUR_EAS,EUR_EAS_01,0.01,MELD_lambda1_true − MELD_lambda0_true,0,0,0,0
Gout,EUR_EAS,EUR_EAS_01,0.1,MELD_lambda0_true − EUR,0.119420241751347,0.0108653136808955,0.099149791405049,0.140699077593862
Gout,EUR_EAS,EUR_EAS_01,0.1,MELD_lambda0_true − EAS,5.25229635135541e-16,2.9829221827002e-16,-5.98512830051825e-17,1.11913559893581e-15
Gout,EUR_EAS,EUR_EAS_01,0.1,MELD_lambda0_true − AFR,0.295780814551154,0.0203659161648688,0.253659504979526,0.334067527351062
Gout,EUR_EAS,EUR_EAS_01,0.1,MELD_lambda0_true − AMR,0.140622076322144,0.01246039658253,0.117064531357488,0.165271598013153
Gout,EUR_EAS,EUR_EAS_01,0.1,MELD_lambda0_true − MELD_lambda0_equal,0.0400585455729791,0.00641100634062785,0.0286525694622191,0.0534847112235694
Gout,EUR_EAS,EUR_EAS_01,0.1,MELD_lambda0_true − MELD_lambda0_scrambled,0.119420241751346,0.0112356660691896,0.0986795722112554,0.141824988236887
Gout,EUR_EAS,EUR_EAS_01,0.1,MELD_lambda1_true − MELD_lambda0_true,0,0,0,0
Gout,EUR_EAS,EUR_EAS_02,0.001,MELD_lambda0_true − EUR,0.192905295003063,0.0256260257835718,0.143342425216743,0.243986618951752
Gout,EUR_EAS,EUR_EAS_02,0.001,MELD_lambda0_true − EAS,0.0609376613408173,0.00928384953504404,0.0414625261512443,0.0779188461802738
Gout,EUR_EAS,EUR_EAS_02,0.001,MELD_lambda0_true − AFR,0.413855672145573,0.0219719128364642,0.369554721622822,0.454994587402673
Gout,EUR_EAS,EUR_EAS_02,0.001,MELD_lambda0_true − AMR,0.193100397361444,0.0191641739261508,0.153221177543962,0.228680320481014
Gout,EUR_EAS,EUR_EAS_02,0.001,MELD_lambda0_true − MELD_lambda0_equal,-0.00300482836349761,0.0147708740486032,-0.0335271127090355,0.0243013188140976
Gout,EUR_EAS,EUR_EAS_02,0.001,MELD_lambda0_true − MELD_lambda0_scrambled,0,0,0,0
Gout,EUR_EAS,EUR_EAS_02,0.001,MELD_lambda1_true − MELD_lambda0_true,-0.000823483202351999,0.00146560102912295,-0.00371366656674528,0.00218217896175748
Gout,EUR_EAS,EUR_EAS_02,0.01,MELD_lambda0_true − EUR,0.116107302179323,0.013853412345526,0.0901175059760777,0.144194428252913
Gout,EUR_EAS,EUR_EAS_02,0.01,MELD_lambda0_true − EAS,0.0296926136312136,0.00579451309967351,0.0186524072642808,0.0414751531604327
Gout,EUR_EAS,EUR_EAS_02,0.01,MELD_lambda0_true − AFR,0.333372097399148,0.0216517731721383,0.290310325569321,0.375380049322123
Gout,EUR_EAS,EUR_EAS_02,0.01,MELD_lambda0_true − AMR,0.152535362374518,0.0167521723285196,0.119738552353341,0.185961120154904
Gout,EUR_EAS,EUR_EAS_02,0.01,MELD_lambda0_true − MELD_lambda0_equal,0.0282771824479374,0.00697486658436934,0.0148279590337231,0.0421336531535824
Gout,EUR_EAS,EUR_EAS_02,0.01,MELD_lambda0_true − MELD_lambda0_scrambled,0,0,0,0
Gout,EUR_EAS,EUR_EAS_02,0.01,MELD_lambda1_true − MELD_lambda0_true,-0.000238209890025849,0.00084853237606231,-0.00170116374171213,0.00154367291931515
Gout,EUR_EAS,EUR_EAS_02,0.1,MELD_lambda0_true − EUR,0.0950353252271027,0.0116798105524944,0.0743013104794257,0.119114236257386
Gout,EUR_EAS,EUR_EAS_02,0.1,MELD_lambda0_true − EAS,0.0144357120085304,0.00253487829449994,0.0093908955473424,0.0193371666897097
Gout,EUR_EAS,EUR_EAS_02,0.1,MELD_lambda0_true − AFR,0.270678725676301,0.0178394751918953,0.234035266448181,0.304357090650919
Gout,EUR_EAS,EUR_EAS_02,0.1,MELD_lambda0_true − AMR,0.126383630154684,0.0142108328779887,0.0999096907359929,0.154682117442621
Gout,EUR_EAS,EUR_EAS_02,0.1,MELD_lambda0_true − MELD_lambda0_equal,0.028743662785136,0.0056110852911813,0.0183557305234328,0.0400175727666928
Gout,EUR_EAS,EUR_EAS_02,0.1,MELD_lambda0_true − MELD_lambda0_scrambled,0,0,0,0
Gout,EUR_EAS,EUR_EAS_02,0.1,MELD_lambda1_true − MELD_lambda0_true,-0.000249652941013304,0.000748632777570108,-0.0015190178926541,0.00142585509422881
Gout,EUR_EAS,EUR_EAS_03,0.001,MELD_lambda0_true − EUR,0.199657254369325,0.0211215733746188,0.160142370771614,0.240625851751054
Gout,EUR_EAS,EUR_EAS_03,0.001,MELD_lambda0_true − EAS,0.106437610742775,0.0126882390979211,0.080941806359528,0.130640259365448
Gout,EUR_EAS,EUR_EAS_03,0.001,MELD_lambda0_true − AFR,0.419906888234808,0.0227649371149901,0.374691586452113,0.46328887271242
Gout,EUR_EAS,EUR_EAS_03,0.001,MELD_lambda0_true − AMR,0.215900881989571,0.0232128936154802,0.169582709075537,0.260707554028468
Gout,EUR_EAS,EUR_EAS_03,0.001,MELD_lambda0_true − MELD_lambda0_equal,-7.09914228395737e-05,0.0112370526518073,-0.0238214240271555,0.0193341924139821
Gout,EUR_EAS,EUR_EAS_03,0.001,MELD_lambda0_true − MELD_lambda0_scrambled,0.124637791441488,0.0194267241088461,0.0860591894095328,0.161782853093352
Gout,EUR_EAS,EUR_EAS_03,0.001,MELD_lambda1_true − MELD_lambda0_true,0.000880898293122167,0.00162312249297097,-0.0023872572293006,0.00383671203056261
Gout,EUR_EAS,EUR_EAS_03,0.01,MELD_lambda0_true − EUR,0.120150969189598,0.0130473356939859,0.0953914783489227,0.146122457862793
Gout,EUR_EAS,EUR_EAS_03,0.01,MELD_lambda0_true − EAS,0.0502701691027253,0.00613522384825716,0.0374135736303604,0.0615892611874212
Gout,EUR_EAS,EUR_EAS_03,0.01,MELD_lambda0_true − AFR,0.334014069997075,0.0231026935024456,0.289115879575497,0.378757821940637
Gout,EUR_EAS,EUR_EAS_03,0.01,MELD_lambda0_true − AMR,0.160233571686304,0.0156336352186894,0.129855346853238,0.190985540479767
Gout,EUR_EAS,EUR_EAS_03,0.01,MELD_lambda0_true − MELD_lambda0_equal,0.0251528356167352,0.00461908464095552,0.0165822005375347,0.0348326665904977
Gout,EUR_EAS,EUR_EAS_03,0.01,MELD_lambda0_true − MELD_lambda0_scrambled,0.0821867626323684,0.00985517645848195,0.0623423555060556,0.101973852476206
Gout,EUR_EAS,EUR_EAS_03,0.01,MELD_lambda1_true − MELD_lambda0_true,-0.000871333673609364,0.000755762793830146,-0.00231435853250626,0.000582821223201457
Gout,EUR_EAS,EUR_EAS_03,0.1,MELD_lambda0_true − EUR,0.0978293336092922,0.0117209307567993,0.07570506247998,0.122029179713305
Gout,EUR_EAS,EUR_EAS_03,0.1,MELD_lambda0_true − EAS,0.027221711721248,0.00326436739080425,0.0208251446905931,0.0338126732435253
Gout,EUR_EAS,EUR_EAS_03,0.1,MELD_lambda0_true − AFR,0.26811173251902,0.0202789913592218,0.227564343009827,0.307371943319145
Gout,EUR_EAS,EUR_EAS_03,0.1,MELD_lambda0_true − AMR,0.12147770829693,0.0104703689359798,0.0998789203582278,0.140927509713336
Gout,EUR_EAS,EUR_EAS_03,0.1,MELD_lambda0_true − MELD_lambda0_equal,0.0230164339146995,0.00411105063369497,0.0155763392757591,0.0315361136080051
Gout,EUR_EAS,EUR_EAS_03,0.1,MELD_lambda0_true − MELD_lambda0_scrambled,0.0716621813902096,0.00889889330277332,0.0552941689156033,0.0901901128818256
Gout,EUR_EAS,EUR_EAS_03,0.1,MELD_lambda1_true − MELD_lambda0_true,-0.00185656190069553,0.000638223815921998,-0.00309809610832084,-0.000636478713313703
Gout,EUR_EAS,EUR_EAS_04,0.001,MELD_lambda0_true − EUR,0.180051069308387,0.0125435131004075,0.155199996513345,0.20345814099265
Gout,EUR_EAS,EUR_EAS_04,0.001,MELD_lambda0_true − EAS,0.103406695660659,0.0131147604650854,0.0794752339159721,0.13067685788959
Gout,EUR_EAS,EUR_EAS_04,0.001,MELD_lambda0_true − AFR,0.454669489043991,0.0224623957424779,0.408838161263214,0.497954639456787
Gout,EUR_EAS,EUR_EAS_04,0.001,MELD_lambda0_true − AMR,0.188623726290169,0.016584052075763,0.1565411173832,0.221988057003776
Gout,EUR_EAS,EUR_EAS_04,0.001,MELD_lambda0_true − MELD_lambda0_equal,0.00510952458411879,0.0101507159024499,-0.0150519537163291,0.0246740003389045
Gout,EUR_EAS,EUR_EAS_04,0.001,MELD_lambda0_true − MELD_lambda0_scrambled,0.133068863095364,0.0180253305611555,0.0978000327294691,0.1682247467454
Gout,EUR_EAS,EUR_EAS_04,0.001,MELD_lambda1_true − MELD_lambda0_true,-0.00283424434711317,0.00273936059814586,-0.00844894744382784,0.00223300963081601
Gout,EUR_EAS,EUR_EAS_04,0.01,MELD_lambda0_true − EUR,0.108344230130749,0.00743523197548642,0.0942781794567001,0.12284124276084
Gout,EUR_EAS,EUR_EAS_04,0.01,MELD_lambda0_true − EAS,0.0515372302442802,0.00574223058486013,0.0404345267874742,0.0631386426503818
Gout,EUR_EAS,EUR_EAS_04,0.01,MELD_lambda0_true − AFR,0.354321121300237,0.0250137258527875,0.304543214455428,0.400680251776609
Gout,EUR_EAS,EUR_EAS_04,0.01,MELD_lambda0_true − AMR,0.145828365173752,0.014158787744855,0.118906853540387,0.174042666282459
Gout,EUR_EAS,EUR_EAS_04,0.01,MELD_lambda0_true − MELD_lambda0_equal,0.0270757961452632,0.0043966289636004,0.0191084844213458,0.0362187414653229
Gout,EUR_EAS,EUR_EAS_04,0.01,MELD_lambda0_true − MELD_lambda0_scrambled,0.113623815577878,0.0118734202601317,0.0912531966227878,0.137872415454442
Gout,EUR_EAS,EUR_EAS_04,0.01,MELD_lambda1_true − MELD_lambda0_true,-0.00315046794098564,0.00139642283270192,-0.00611002012334856,-0.000733961572809766
Gout,EUR_EAS,EUR_EAS_04,0.1,MELD_lambda0_true − EUR,0.0880858798143793,0.00716075973362242,0.0744258805293232,0.10267942212882
Gout,EUR_EAS,EUR_EAS_04,0.1,MELD_lambda0_true − EAS,0.0364557163702012,0.00516414047158226,0.0261176900010158,0.0463250390854495
Gout,EUR_EAS,EUR_EAS_04,0.1,MELD_lambda0_true − AFR,0.281379828524195,0.0208011855829887,0.241385882842133,0.322298921918116
Gout,EUR_EAS,EUR_EAS_04,0.1,MELD_lambda0_true − AMR,0.113750586121492,0.0124994955489488,0.0905266047328541,0.137996501928487
Gout,EUR_EAS,EUR_EAS_04,0.1,MELD_lambda0_true − MELD_lambda0_equal,0.0248764688074826,0.00399558501573249,0.0173059654612212,0.032885864793618
Gout,EUR_EAS,EUR_EAS_04,0.1,MELD_lambda0_true − MELD_lambda0_scrambled,0.0921912692926626,0.00982020413493628,0.0736747528519497,0.111705990171654
Gout,EUR_EAS,EUR_EAS_04,0.1,MELD_lambda1_true − MELD_lambda0_true,-0.0032435610546043,0.00108454751446628,-0.00560172437406361,-0.00138699630962348
Gout,EUR_EAS,EUR_EAS_05,0.001,MELD_lambda0_true − EUR,0.147217314535494,0.0159263045422877,0.1147442283097,0.177814513310791
Gout,EUR_EAS,EUR_EAS_05,0.001,MELD_lambda0_true − EAS,0.122815290386933,0.0157785434552291,0.0903798582890115,0.152273849026724
Gout,EUR_EAS,EUR_EAS_05,0.001,MELD_lambda0_true − AFR,0.397016270781739,0.023355139493185,0.349532158765024,0.440247946271861
Gout,EUR_EAS,EUR_EAS_05,0.001,MELD_lambda0_true − AMR,0.178338811595369,0.0184886525831968,0.141674977362713,0.21546003782833
Gout,EUR_EAS,EUR_EAS_05,0.001,MELD_lambda0_true − MELD_lambda0_equal,-0.00961712277806749,0.00819518174649514,-0.0272992801744248,0.00478463389160023
Gout,EUR_EAS,EUR_EAS_05,0.001,MELD_lambda0_true − MELD_lambda0_scrambled,0,0,0,0
Gout,EUR_EAS,EUR_EAS_05,0.001,MELD_lambda1_true − MELD_lambda0_true,-0.000320795501832179,0.00260478283335069,-0.00591586027515494,0.00442550958611495
Gout,EUR_EAS,EUR_EAS_05,0.01,MELD_lambda0_true − EUR,0.0778594238439737,0.00775890028134392,0.0630747582476716,0.0934948485375332
Gout,EUR_EAS,EUR_EAS_05,0.01,MELD_lambda0_true − EAS,0.0612879972292161,0.00863297934189747,0.0447821489135972,0.0786292703677508
Gout,EUR_EAS,EUR_EAS_05,0.01,MELD_lambda0_true − AFR,0.294055312023946,0.0241454607504498,0.244445211966649,0.338273971726389
Gout,EUR_EAS,EUR_EAS_05,0.01,MELD_lambda0_true − AMR,0.124105376996002,0.0146761965759202,0.0967335638066541,0.153428707990435
Gout,EUR_EAS,EUR_EAS_05,0.01,MELD_lambda0_true − MELD_lambda0_equal,0.0117312977409628,0.00434443490626281,0.00365070643641202,0.0205285887037315
Gout,EUR_EAS,EUR_EAS_05,0.01,MELD_lambda0_true − MELD_lambda0_scrambled,0,0,0,0
Gout,EUR_EAS,EUR_EAS_05,0.01,MELD_lambda1_true − MELD_lambda0_true,-0.000919405256113294,0.00121476022572177,-0.00317366310465003,0.00139200912388094
Gout,EUR_EAS,EUR_EAS_05,0.1,MELD_lambda0_true − EUR,0.0614210350698959,0.00552782482240494,0.0507079828996187,0.0722660858161184
Gout,EUR_EAS,EUR_EAS_05,0.1,MELD_lambda0_true − EAS,0.0405500028434634,0.00499814707532749,0.0309546876791322,0.05086690199108
Gout,EUR_EAS,EUR_EAS_05,0.1,MELD_lambda0_true − AFR,0.227823543911115,0.0221544939199479,0.182902686907391,0.269259609256924
Gout,EUR_EAS,EUR_EAS_05,0.1,MELD_lambda0_true − AMR,0.0968695527824121,0.0107878155613063,0.0750871440361007,0.117365027333131
Gout,EUR_EAS,EUR_EAS_05,0.1,MELD_lambda0_true − MELD_lambda0_equal,0.0127379789766258,0.00316111417648544,0.00636360931699691,0.0188973670736411
Gout,EUR_EAS,EUR_EAS_05,0.1,MELD_lambda0_true − MELD_lambda0_scrambled,0,0,0,0
Gout,EUR_EAS,EUR_EAS_05,0.1,MELD_lambda1_true − MELD_lambda0_true,-0.00191716129967927,0.00119127417304407,-0.0044374137616315,0.000251655567274552
Gout,EUR_EAS,EUR_EAS_06,0.001,MELD_lambda0_true − EUR,0.131743721971546,0.0113834039330803,0.108353788010764,0.152169139457541
Gout,EUR_EAS,EUR_EAS_06,0.001,MELD_lambda0_true − EAS,0.171994343311403,0.0201457798169693,0.129971767484864,0.210116349976889
Gout,EUR_EAS,EUR_EAS_06,0.001,MELD_lambda0_true − AFR,0.440156794967264,0.0227125799511823,0.395332404197652,0.484016707562212
Gout,EUR_EAS,EUR_EAS_06,0.001,MELD_lambda0_true − AMR,0.195590954722858,0.0188869261768988,0.159200311882761,0.232082476717808
Gout,EUR_EAS,EUR_EAS_06,0.001,MELD_lambda0_true − MELD_lambda0_equal,-0.00114248981032065,0.0107046506706477,-0.0245362265644745,0.0172322986370149
Gout,EUR_EAS,EUR_EAS_06,0.001,MELD_lambda0_true − MELD_lambda0_scrambled,0.1586059134469,0.0202363367485519,0.120584770493604,0.200647102744599
Gout,EUR_EAS,EUR_EAS_06,0.001,MELD_lambda1_true − MELD_lambda0_true,-0.00515473693055738,0.00286467555883813,-0.0115453151377905,-8.98045130483739e-05
Gout,EUR_EAS,EUR_EAS_06,0.01,MELD_lambda0_true − EUR,0.0792940402615402,0.00745635373697527,0.0654900499402538,0.0941783216944455
Gout,EUR_EAS,EUR_EAS_06,0.01,MELD_lambda0_true − EAS,0.0903313094696419,0.00949009336498892,0.0719950290107757,0.108749797634195
Gout,EUR_EAS,EUR_EAS_06,0.01,MELD_lambda0_true − AFR,0.343336531513464,0.0251269672676856,0.292636060968487,0.389707621039426
Gout,EUR_EAS,EUR_EAS_06,0.01,MELD_lambda0_true − AMR,0.145312853810572,0.0171656453402643,0.114242942055601,0.180937696485716
Gout,EUR_EAS,EUR_EAS_06,0.01,MELD_lambda0_true − MELD_lambda0_equal,0.0175812163627817,0.00307597094988316,0.0120483756373517,0.0239718668227016
Gout,EUR_EAS,EUR_EAS_06,0.01,MELD_lambda0_true − MELD_lambda0_scrambled,0.125635326630879,0.0108417243003346,0.10404913569838,0.146427908224224
Gout,EUR_EAS,EUR_EAS_06,0.01,MELD_lambda1_true − MELD_lambda0_true,-0.00368418058045692,0.00114082965850475,-0.0059047911607724,-0.00151090445684362
Gout,EUR_EAS,EUR_EAS_06,0.1,MELD_lambda0_true − EUR,0.0580325481215794,0.00541522393508769,0.0484042483608475,0.0687827088740693
Gout,EUR_EAS,EUR_EAS_06,0.1,MELD_lambda0_true − EAS,0.0634923631499281,0.00563590369112989,0.0524770396342823,0.0742157649634741
Gout,EUR_EAS,EUR_EAS_06,0.1,MELD_lambda0_true − AFR,0.271294841849826,0.0219490254018459,0.227584060547942,0.313316944031955
Gout,EUR_EAS,EUR_EAS_06,0.1,MELD_lambda0_true − AMR,0.116569176380121,0.0160948449056712,0.0854458036216699,0.148745858300889
Gout,EUR_EAS,EUR_EAS_06,0.1,MELD_lambda0_true − MELD_lambda0_equal,0.0182793314571534,0.00283549075175444,0.0128440629280238,0.0239857670057982
Gout,EUR_EAS,EUR_EAS_06,0.1,MELD_lambda0_true − MELD_lambda0_scrambled,0.102342651973266,0.00922845493694587,0.0844555334432444,0.120351456554604
Gout,EUR_EAS,EUR_EAS_06,0.1,MELD_lambda1_true − MELD_lambda0_true,-0.00346218078446879,0.000870747098028574,-0.00526833271516259,-0.00182873843745284
Gout,EUR_EAS,EUR_EAS_07,0.001,MELD_lambda0_true − EUR,0.110875279331407,0.0133866266042765,0.0857712116552129,0.139057247431309
Gout,EUR_EAS,EUR_EAS_07,0.001,MELD_lambda0_true − EAS,0.204531475558391,0.0200753246934185,0.164361253383159,0.243400279466121
Gout,EUR_EAS,EUR_EAS_07,0.001,MELD_lambda0_true − AFR,0.403494473460046,0.0209296816471335,0.360607389045773,0.442610917856624
Gout,EUR_EAS,EUR_EAS_07,0.001,MELD_lambda0_true − AMR,0.166176823399583,0.0161352431739547,0.136134772361902,0.197876154240323
Gout,EUR_EAS,EUR_EAS_07,0.001,MELD_lambda0_true − MELD_lambda0_equal,-0.00272430562038255,0.00791054202342452,-0.018290635708634,0.0123553010482344
Gout,EUR_EAS,EUR_EAS_07,0.001,MELD_lambda0_true − MELD_lambda0_scrambled,0,0,0,0
Gout,EUR_EAS,EUR_EAS_07,0.001,MELD_lambda1_true − MELD_lambda0_true,-5.80198523307337e-05,0.00237007004076885,-0.00485826605916591,0.00452854479627547
Gout,EUR_EAS,EUR_EAS_07,0.01,MELD_lambda0_true − EUR,0.0603485955366587,0.00584486941460647,0.0487185391288058,0.0715167206242564
Gout,EUR_EAS,EUR_EAS_07,0.01,MELD_lambda0_true − EAS,0.10514635281717,0.0114607107711325,0.0831529532146914,0.128447436508276
Gout,EUR_EAS,EUR_EAS_07,0.01,MELD_lambda0_true − AFR,0.311915891982389,0.026275841506578,0.257781944828624,0.360892456377478
Gout,EUR_EAS,EUR_EAS_07,0.01,MELD_lambda0_true − AMR,0.117694526531744,0.0122702882804937,0.0933198939302399,0.141051436464593
Gout,EUR_EAS,EUR_EAS_07,0.01,MELD_lambda0_true − MELD_lambda0_equal,0.0194360370769325,0.00431386709285459,0.0112509114915875,0.0282004978499709
Gout,EUR_EAS,EUR_EAS_07,0.01,MELD_lambda0_true − MELD_lambda0_scrambled,0,0,0,0
Gout,EUR_EAS,EUR_EAS_07,0.01,MELD_lambda1_true − MELD_lambda0_true,-0.00183267942704609,0.00104624754579816,-0.00394073428114355,0.000171516065764916
Gout,EUR_EAS,EUR_EAS_07,0.1,MELD_lambda0_true − EUR,0.0430811373473323,0.00405858383725479,0.0349013068979643,0.0506596085372053
Gout,EUR_EAS,EUR_EAS_07,0.1,MELD_lambda0_true − EAS,0.0703341375342917,0.00850432737247114,0.055328031398859,0.0887042513208185
Gout,EUR_EAS,EUR_EAS_07,0.1,MELD_lambda0_true − AFR,0.249655805518691,0.025083388896177,0.197334691984994,0.297650093043329
Gout,EUR_EAS,EUR_EAS_07,0.1,MELD_lambda0_true − AMR,0.0964490114057143,0.0106126763642912,0.0749383267690766,0.117022138909476
Gout,EUR_EAS,EUR_EAS_07,0.1,MELD_lambda0_true − MELD_lambda0_equal,0.0195259589129701,0.00369369830913968,0.0129784511214944,0.0273463964912388
Gout,EUR_EAS,EUR_EAS_07,0.1,MELD_lambda0_true − MELD_lambda0_scrambled,0,0,0,0
Gout,EUR_EAS,EUR_EAS_07,0.1,MELD_lambda1_true − MELD_lambda0_true,-0.00229344480914417,0.000732366925711769,-0.00375118248873562,-0.00091923185498163
Gout,EUR_EAS,EUR_EAS_08,0.001,MELD_lambda0_true − EUR,0.081223717745588,0.00937927324380291,0.0630795289288438,0.100419841817997
Gout,EUR_EAS,EUR_EAS_08,0.001,MELD_lambda0_true − EAS,0.228342060836011,0.0175207823931577,0.193438172703042,0.261549107831335
Gout,EUR_EAS,EUR_EAS_08,0.001,MELD_lambda0_true − AFR,0.404198308771393,0.0239393345702296,0.35462644048779,0.446743007544055
Gout,EUR_EAS,EUR_EAS_08,0.001,MELD_lambda0_true − AMR,0.160559421259872,0.0167730406977121,0.12865083355862,0.194576715434606
Gout,EUR_EAS,EUR_EAS_08,0.001,MELD_lambda0_true − MELD_lambda0_equal,-0.00691608251465312,0.00597046362717019,-0.0192383165515811,0.0042096949501919
Gout,EUR_EAS,EUR_EAS_08,0.001,MELD_lambda0_true − MELD_lambda0_scrambled,0.0991845914364487,0.0105277227585794,0.0792962700602715,0.120748609118518
Gout,EUR_EAS,EUR_EAS_08,0.001,MELD_lambda1_true − MELD_lambda0_true,-0.000651675767005292,0.00109413529940824,-0.00280522702276126,0.0014874872527323
Gout,EUR_EAS,EUR_EAS_08,0.01,MELD_lambda0_true − EUR,0.0490923120213837,0.00539901431205031,0.0384261198253882,0.0592855989188516
Gout,EUR_EAS,EUR_EAS_08,0.01,MELD_lambda0_true − EAS,0.112183001787365,0.00956234673122756,0.0925713396312879,0.131187339581108
Gout,EUR_EAS,EUR_EAS_08,0.01,MELD_lambda0_true − AFR,0.313358344745142,0.026050647122962,0.260860961337359,0.361217541733635
Gout,EUR_EAS,EUR_EAS_08,0.01,MELD_lambda0_true − AMR,0.111390156002723,0.0136718841688074,0.0852366848292833,0.138222628894051
Gout,EUR_EAS,EUR_EAS_08,0.01,MELD_lambda0_true − MELD_lambda0_equal,0.011779578169357,0.00291953933870151,0.00645956886870237,0.0177810234687441
Gout,EUR_EAS,EUR_EAS_08,0.01,MELD_lambda0_true − MELD_lambda0_scrambled,0.0760226480019841,0.00809449348538343,0.061471989950908,0.0933216334263898
Gout,EUR_EAS,EUR_EAS_08,0.01,MELD_lambda1_true − MELD_lambda0_true,-0.00136080741289724,0.000941460345629201,-0.00318323396140611,0.000464790862786322
Gout,EUR_EAS,EUR_EAS_08,0.1,MELD_lambda0_true − EUR,0.038786244738993,0.00476842230645742,0.0301449445315651,0.0484010212347568
Gout,EUR_EAS,EUR_EAS_08,0.1,MELD_lambda0_true − EAS,0.0753111624096026,0.00610901053876414,0.063302466681048,0.0864323218072856
Gout,EUR_EAS,EUR_EAS_08,0.1,MELD_lambda0_true − AFR,0.244735269149467,0.0182436445622273,0.208606669561002,0.280296337892004
Gout,EUR_EAS,EUR_EAS_08,0.1,MELD_lambda0_true − AMR,0.0842226817850914,0.0109393420453619,0.0629101619067963,0.10387585888411
Gout,EUR_EAS,EUR_EAS_08,0.1,MELD_lambda0_true − MELD_lambda0_equal,0.0110691932031707,0.00249065117582035,0.00607398931563347,0.0161880620826124
Gout,EUR_EAS,EUR_EAS_08,0.1,MELD_lambda0_true − MELD_lambda0_scrambled,0.0596747639158286,0.00601113048911265,0.0486211721123875,0.072363087485582
Gout,EUR_EAS,EUR_EAS_08,0.1,MELD_lambda1_true − MELD_lambda0_true,-0.00145910555481775,0.000909426486512309,-0.0031452443054106,0.000352104064174095
Gout,EUR_EAS,EUR_EAS_09,0.001,MELD_lambda0_true − EUR,0.0742809145665556,0.0100305288842536,0.0556924936433527,0.0952491457764052
Gout,EUR_EAS,EUR_EAS_09,0.001,MELD_lambda0_true − EAS,0.242600312781877,0.0202208742255382,0.205742199105685,0.283952037653293
Gout,EUR_EAS,EUR_EAS_09,0.001,MELD_lambda0_true − AFR,0.40570947235116,0.0212615539273847,0.360515052987533,0.443937558977178
Gout,EUR_EAS,EUR_EAS_09,0.001,MELD_lambda0_true − AMR,0.136190219158694,0.0165887251970291,0.105694266726958,0.16908285505194
Gout,EUR_EAS,EUR_EAS_09,0.001,MELD_lambda0_true − MELD_lambda0_equal,-0.0151899032521112,0.00714091276578619,-0.0299995259991616,-0.00175170530260235
Gout,EUR_EAS,EUR_EAS_09,0.001,MELD_lambda0_true − MELD_lambda0_scrambled,0.103985976827547,0.0180511763720914,0.0731068608487756,0.142964000844518
Gout,EUR_EAS,EUR_EAS_09,0.001,MELD_lambda1_true − MELD_lambda0_true,0.000583001420701101,0.00103956846564925,-0.00147987690580123,0.00252923726378437
Gout,EUR_EAS,EUR_EAS_09,0.01,MELD_lambda0_true − EUR,0.0358305261165829,0.00511257959526368,0.0267421617052875,0.0465310417383445
Gout,EUR_EAS,EUR_EAS_09,0.01,MELD_lambda0_true − EAS,0.132328058561431,0.0126480155240119,0.108587868606863,0.158497920452474
Gout,EUR_EAS,EUR_EAS_09,0.01,MELD_lambda0_true − AFR,0.316309997510563,0.0275491537831616,0.262983289534282,0.368584005451804
Gout,EUR_EAS,EUR_EAS_09,0.01,MELD_lambda0_true − AMR,0.100365371929278,0.0140239849865564,0.0727101865710579,0.128690147231207
Gout,EUR_EAS,EUR_EAS_09,0.01,MELD_lambda0_true − MELD_lambda0_equal,0.00974985459787557,0.00362586352611722,0.00292045444296082,0.0169801205014929
Gout,EUR_EAS,EUR_EAS_09,0.01,MELD_lambda0_true − MELD_lambda0_scrambled,0.0513291731839515,0.00794247752330974,0.0362072649095187,0.0673585361006927
Gout,EUR_EAS,EUR_EAS_09,0.01,MELD_lambda1_true − MELD_lambda0_true,-0.000757922397085907,0.000631379475485476,-0.00195695415323815,0.000551605969921431
Gout,EUR_EAS,EUR_EAS_09,0.1,MELD_lambda0_true − EUR,0.0280409322498751,0.00382738411597161,0.0208569734666556,0.0356647639914794
Gout,EUR_EAS,EUR_EAS_09,0.1,MELD_lambda0_true − EAS,0.0903651483021223,0.00780908168384061,0.07531996627384,0.10587848983979
Gout,EUR_EAS,EUR_EAS_09,0.1,MELD_lambda0_true − AFR,0.238104654589638,0.0233394449560241,0.191256096618178,0.282125733310319
Gout,EUR_EAS,EUR_EAS_09,0.1,MELD_lambda0_true − AMR,0.0782765136094318,0.00947888810879799,0.0599231505755144,0.0964931159241024
Gout,EUR_EAS,EUR_EAS_09,0.1,MELD_lambda0_true − MELD_lambda0_equal,0.0103228604763472,0.00333422846593303,0.00429676879774025,0.0171223727351957
Gout,EUR_EAS,EUR_EAS_09,0.1,MELD_lambda0_true − MELD_lambda0_scrambled,0.0403902374252906,0.00578235319173697,0.0296253289481495,0.052618718382016
Gout,EUR_EAS,EUR_EAS_09,0.1,MELD_lambda1_true − MELD_lambda0_true,-0.00172407048459138,0.000622332399766696,-0.00297896707564745,-0.000599178138855598
Gout,EUR_EAS,EUR_EAS_10,0.001,MELD_lambda0_true − EUR,0.0390881527010772,0.00949197590831142,0.0207742781651472,0.0585165619491978
Gout,EUR_EAS,EUR_EAS_10,0.001,MELD_lambda0_true − EAS,0.250186150888762,0.0216163045793654,0.210220361609096,0.295081076368403
Gout,EUR_EAS,EUR_EAS_10,0.001,MELD_lambda0_true − AFR,0.393595757356206,0.02001576336366,0.353751136811802,0.43107682673188
Gout,EUR_EAS,EUR_EAS_10,0.001,MELD_lambda0_true − AMR,0.145136312227862,0.0193250283585757,0.10639079914971,0.182390260189327
Gout,EUR_EAS,EUR_EAS_10,0.001,MELD_lambda0_true − MELD_lambda0_equal,-0.012578993576054,0.00917788494959723,-0.0298723540063251,0.00526913077028557
Gout,EUR_EAS,EUR_EAS_10,0.001,MELD_lambda0_true − MELD_lambda0_scrambled,0.200606745581407,0.0130289115769387,0.175422105992888,0.224855520393966
Gout,EUR_EAS,EUR_EAS_10,0.001,MELD_lambda1_true − MELD_lambda0_true,-4.29960705245487e-05,0.000891577649751005,-0.00170925685393782,0.00173370537960973
Gout,EUR_EAS,EUR_EAS_10,0.01,MELD_lambda0_true − EUR,0.0188857382942466,0.00310441854960646,0.012902363318978,0.0250875146541224
Gout,EUR_EAS,EUR_EAS_10,0.01,MELD_lambda0_true − EAS,0.13206538703043,0.0117305224028429,0.110050289703151,0.155516025846782
Gout,EUR_EAS,EUR_EAS_10,0.01,MELD_lambda0_true − AFR,0.307102628364778,0.0237297760820615,0.263672300533649,0.353968759547126
Gout,EUR_EAS,EUR_EAS_10,0.01,MELD_lambda0_true − AMR,0.0928129166644876,0.0121607836197744,0.0684410467786417,0.116700810988648
Gout,EUR_EAS,EUR_EAS_10,0.01,MELD_lambda0_true − MELD_lambda0_equal,0.00919311264480156,0.00417988388875669,0.00131580587444732,0.0174567964489465
Gout,EUR_EAS,EUR_EAS_10,0.01,MELD_lambda0_true − MELD_lambda0_scrambled,0.159245379895829,0.0102388677100404,0.138885047103198,0.178967371008494
Gout,EUR_EAS,EUR_EAS_10,0.01,MELD_lambda1_true − MELD_lambda0_true,-0.000613313653023663,0.000550767382950073,-0.00163235637261277,0.000525240316089938
Gout,EUR_EAS,EUR_EAS_10,0.1,MELD_lambda0_true − EUR,0.0143128233924733,0.0018833979928082,0.0107059449308679,0.0181258150257564
Gout,EUR_EAS,EUR_EAS_10,0.1,MELD_lambda0_true − EAS,0.102040131252345,0.00969120886718221,0.0831759374966256,0.120181729211543
Gout,EUR_EAS,EUR_EAS_10,0.1,MELD_lambda0_true − AFR,0.243807711294176,0.0210682736872084,0.205510207538492,0.286173953345565
Gout,EUR_EAS,EUR_EAS_10,0.1,MELD_lambda0_true − AMR,0.0739843824011569,0.00879756103623235,0.0560967839379737,0.0915199238160978
Gout,EUR_EAS,EUR_EAS_10,0.1,MELD_lambda0_true − MELD_lambda0_equal,0.0104516818759756,0.00325351596082909,0.00416194053572381,0.0169946768245326
Gout,EUR_EAS,EUR_EAS_10,0.1,MELD_lambda0_true − MELD_lambda0_scrambled,0.129890402818369,0.011154384322932,0.108525066789052,0.151014464042218
Gout,EUR_EAS,EUR_EAS_10,0.1,MELD_lambda1_true − MELD_lambda0_true,-0.000710896752826214,0.000333491494107834,-0.00133245566544175,-4.53492003445889e-05
Gout,EUR_EAS,EUR_EAS_11,0.001,MELD_lambda0_true − EUR,-1.18533971809301e-15,1.24449219465315e-14,-2.86620445177267e-14,2.08212767666305e-14
Gout,EUR_EAS,EUR_EAS_11,0.001,MELD_lambda0_true − EAS,0.308341114379418,0.0202264458541187,0.267471333500967,0.346077774841166
Gout,EUR_EAS,EUR_EAS_11,0.001,MELD_lambda0_true − AFR,0.395852269116875,0.0255178649911511,0.345250324478852,0.444315215695504
Gout,EUR_EAS,EUR_EAS_11,0.001,MELD_lambda0_true − AMR,0.145555239899474,0.0201596990235738,0.103558149043534,0.185444477244786
Gout,EUR_EAS,EUR_EAS_11,0.001,MELD_lambda0_true − MELD_lambda0_equal,-0.0219559460200974,0.00981589016828657,-0.0409412405650509,-0.00145425434966333
Gout,EUR_EAS,EUR_EAS_11,0.001,MELD_lambda0_true − MELD_lambda0_scrambled,0.395911156757068,0.0251664259538357,0.345443198763151,0.443625008074185
Gout,EUR_EAS,EUR_EAS_11,0.001,MELD_lambda1_true − MELD_lambda0_true,0,0,0,0
Gout,EUR_EAS,EUR_EAS_11,0.01,MELD_lambda0_true − EUR,-2.27905430787837e-15,6.50583162998877e-16,-3.61524911339965e-15,-1.05206319246014e-15
Gout,EUR_EAS,EUR_EAS_11,0.01,MELD_lambda0_true − EAS,0.17580049955129,0.0105788932801454,0.153327631721806,0.195711962511924
Gout,EUR_EAS,EUR_EAS_11,0.01,MELD_lambda0_true − AFR,0.317490747561692,0.0224608732356296,0.272737985863827,0.358962486351281
Gout,EUR_EAS,EUR_EAS_11,0.01,MELD_lambda0_true − AMR,0.103732933346563,0.0166321876032908,0.0706779325611429,0.135983727229871
Gout,EUR_EAS,EUR_EAS_11,0.01,MELD_lambda0_true − MELD_lambda0_equal,0.0129922024797793,0.00707421747531278,-0.00179471844715953,0.0253261598173031
Gout,EUR_EAS,EUR_EAS_11,0.01,MELD_lambda0_true − MELD_lambda0_scrambled,0.317564743595149,0.0234772141023066,0.270305395081575,0.361185716766907
Gout,EUR_EAS,EUR_EAS_11,0.01,MELD_lambda1_true − MELD_lambda0_true,0,0,0,0
Gout,EUR_EAS,EUR_EAS_11,0.1,MELD_lambda0_true − EUR,-5.28175202109252e-16,3.46709953484913e-16,-1.19834839186752e-15,1.36103678439128e-16
Gout,EUR_EAS,EUR_EAS_11,0.1,MELD_lambda0_true − EAS,0.127103181892451,0.00978203794058053,0.107411248712561,0.145519026262219
Gout,EUR_EAS,EUR_EAS_11,0.1,MELD_lambda0_true − AFR,0.248143873485173,0.0158150293745612,0.217216216530125,0.278211435872361
Gout,EUR_EAS,EUR_EAS_11,0.1,MELD_lambda0_true − AMR,0.0764986584849148,0.011927526404757,0.0523962461596787,0.0999495934231048
Gout,EUR_EAS,EUR_EAS_11,0.1,MELD_lambda0_true − MELD_lambda0_equal,0.0163659337943773,0.00523689467759098,0.00683168063910742,0.0268444166700636
Gout,EUR_EAS,EUR_EAS_11,0.1,MELD_lambda0_true − MELD_lambda0_scrambled,0.248226529204723,0.0154461454694249,0.217035060122602,0.27691730729102
Gout,EUR_EAS,EUR_EAS_11,0.1,MELD_lambda1_true − MELD_lambda0_true,0,0,0,0
Gout,multi,equal,0.001,MELD_lambda0_true − EUR,0.261020327506152,0.0195163199711933,0.22223140690874,0.299935086290428
Gout,multi,equal,0.001,MELD_lambda0_true − EAS,0.336324325928065,0.0170623648385119,0.30343742112277,0.369711139574699
Gout,multi,equal,0.001,MELD_lambda0_true − AFR,0.346837694195902,0.0263441668872633,0.291753078918636,0.397229960989608
Gout,multi,equal,0.001,MELD_lambda0_true − AMR,0.261466381805855,0.0201687392508121,0.222089830698915,0.302113160247398
Gout,multi,equal,0.001,MELD_lambda0_true − MELD_lambda0_equal,0,0,0,0
Gout,multi,equal,0.001,MELD_lambda0_true − MELD_lambda0_scrambled,0,0,0,0
Gout,multi,equal,0.001,MELD_lambda1_true − MELD_lambda0_true,-0.00243253936092364,0.00187198003649897,-0.00600119789658992,0.00132382688396231
Gout,multi,equal,0.01,MELD_lambda0_true − EUR,0.126747069141374,0.0123598817696313,0.103520740418327,0.151975320155719
Gout,multi,equal,0.01,MELD_lambda0_true − EAS,0.173401991667285,0.0128619904957773,0.148495452756729,0.198871260239845
Gout,multi,equal,0.01,MELD_lambda0_true − AFR,0.254516651692801,0.0236893214004003,0.204442075008214,0.298813309979301
Gout,multi,equal,0.01,MELD_lambda0_true − AMR,0.15658595326968,0.0184764628279919,0.121865252068899,0.193867507365686
Gout,multi,equal,0.01,MELD_lambda0_true − MELD_lambda0_equal,0,0,0,0
Gout,multi,equal,0.01,MELD_lambda0_true − MELD_lambda0_scrambled,0,0,0,0
Gout,multi,equal,0.01,MELD_lambda1_true − MELD_lambda0_true,-0.00154374369635339,0.00107786417941621,-0.00363173418809031,0.000725110741236386
Gout,multi,equal,0.1,MELD_lambda0_true − EUR,0.0893070545188324,0.00850894697713801,0.0730783497643424,0.105996422935353
Gout,multi,equal,0.1,MELD_lambda0_true − EAS,0.112962579879786,0.00879203671214346,0.0956439450898942,0.12952408778546
Gout,multi,equal,0.1,MELD_lambda0_true − AFR,0.186718125168027,0.0177567555712458,0.149662670459985,0.218794509468002
Gout,multi,equal,0.1,MELD_lambda0_true − AMR,0.108203612093834,0.0137212031425632,0.0813209384022494,0.134115557819312
Gout,multi,equal,0.1,MELD_lambda0_true − MELD_lambda0_equal,0,0,0,0
Gout,multi,equal,0.1,MELD_lambda0_true − MELD_lambda0_scrambled,0,0,0,0
Gout,multi,equal,0.1,MELD_lambda1_true − MELD_lambda0_true,-0.00357770574394628,0.00109017375562318,-0.00554234818044918,-0.00140532664636586
Gout,multi,reported,0.001,MELD_lambda0_true − EUR,0.099210899000961,0.0123797468838571,0.0775468402990321,0.125750466485848
Gout,multi,reported,0.001,MELD_lambda0_true − EAS,0.268099848219019,0.0251519236065502,0.218615858227017,0.316641767944626
Gout,multi,reported,0.001,MELD_lambda0_true − AFR,0.414890329418076,0.0224242157724091,0.371017861219656,0.458003629933506
Gout,multi,reported,0.001,MELD_lambda0_true − AMR,0.211834096284181,0.0222102099590261,0.167744378358901,0.253311069340759
Gout,multi,reported,0.001,MELD_lambda0_true − MELD_lambda0_equal,0.00511701456084198,0.00462711277977861,-0.00363166356552638,0.0142177744394057
Gout,multi,reported,0.001,MELD_lambda0_true − MELD_lambda0_scrambled,0.0158447620895152,0.00515985298875243,0.00675851286754215,0.026621194767328
Gout,multi,reported,0.001,MELD_lambda1_true − MELD_lambda0_true,-0.00180039679684696,0.00166062992637468,-0.00521218244363239,0.00132884572103417
Gout,multi,reported,0.01,MELD_lambda0_true − EUR,0.0470587574819238,0.00528200713520601,0.0361066083049905,0.0572503961194366
Gout,multi,reported,0.01,MELD_lambda0_true − EAS,0.130897663566049,0.010429743464697,0.109418684625154,0.150168483234968
Gout,multi,reported,0.01,MELD_lambda0_true − AFR,0.30664995682872,0.0254475642293405,0.256725504994014,0.356265313980735
Gout,multi,reported,0.01,MELD_lambda0_true − AMR,0.13770996489516,0.0172540216850806,0.10518202619586,0.171899727111613
Gout,multi,reported,0.01,MELD_lambda0_true − MELD_lambda0_equal,0.0135313000048011,0.00296131760114146,0.00797892910883134,0.0195968665785111
Gout,multi,reported,0.01,MELD_lambda0_true − MELD_lambda0_scrambled,0.0155139607020507,0.00385019011954198,0.00880942891748386,0.0236186841931694
Gout,multi,reported,0.01,MELD_lambda1_true − MELD_lambda0_true,-0.000724382468057372,0.00086282852683696,-0.00235455655661637,0.00102296929936369
Gout,multi,reported,0.1,MELD_lambda0_true − EUR,0.0327196662129477,0.00373219159796429,0.0257448932860892,0.0402862559218797
Gout,multi,reported,0.1,MELD_lambda0_true − EAS,0.0914549671594092,0.00710611182517042,0.0774465237601088,0.105025706560999
Gout,multi,reported,0.1,MELD_lambda0_true − AFR,0.228935172357621,0.019989660171953,0.188982322888644,0.268030611577162
Gout,multi,reported,0.1,MELD_lambda0_true − AMR,0.0943708806910318,0.0116676426537716,0.0719192962651813,0.116765859657748
Gout,multi,reported,0.1,MELD_lambda0_true − MELD_lambda0_equal,0.0111282505614196,0.00235536298273927,0.0065190286847509,0.0156755835552735
Gout,multi,reported,0.1,MELD_lambda0_true − MELD_lambda0_scrambled,0.0142783771111883,0.00347700872201652,0.00787172552753563,0.0214052318142066
Gout,multi,reported,0.1,MELD_lambda1_true − MELD_lambda0_true,-0.000594355406937316,0.000936085290342812,-0.00231470055908776,0.00137662463117805
Gout,multi,w25rest,0.001,MELD_lambda0_true − EUR,0.261426340060157,0.0206723273053689,0.220103272185297,0.301222344990834
Gout,multi,w25rest,0.001,MELD_lambda0_true − EAS,0.33414626064866,0.0235892437387235,0.290999048187514,0.381397629240015
Gout,multi,w25rest,0.001,MELD_lambda0_true − AFR,0.332240297115387,0.0237179955109034,0.285688416363876,0.376101097427921
Gout,multi,w25rest,0.001,MELD_lambda0_true − AMR,0.242019262478683,0.0197095922165914,0.204333646400663,0.282200582149352
Gout,multi,w25rest,0.001,MELD_lambda0_true − MELD_lambda0_equal,0,0,0,0
Gout,multi,w25rest,0.001,MELD_lambda0_true − MELD_lambda0_scrambled,0,0,0,0
Gout,multi,w25rest,0.001,MELD_lambda1_true − MELD_lambda0_true,-0.00358735402211414,0.0016742224107153,-0.00698782901178569,-0.000327231065472795
Gout,multi,w25rest,0.01,MELD_lambda0_true − EUR,0.132308896821862,0.0116815236785203,0.109689165883798,0.154462218719528
Gout,multi,w25rest,0.01,MELD_lambda0_true − EAS,0.174564249814341,0.0197374839031043,0.137490590321517,0.215111480220878
Gout,multi,w25rest,0.01,MELD_lambda0_true − AFR,0.236665784141901,0.0173869125272452,0.201482221224545,0.269613859229576
Gout,multi,w25rest,0.01,MELD_lambda0_true − AMR,0.138219311190191,0.0136329747822749,0.112874320021697,0.165614944043723
Gout,multi,w25rest,0.01,MELD_lambda0_true − MELD_lambda0_equal,0,0,0,0
Gout,multi,w25rest,0.01,MELD_lambda0_true − MELD_lambda0_scrambled,0,0,0,0
Gout,multi,w25rest,0.01,MELD_lambda1_true − MELD_lambda0_true,-0.00231203975547047,0.00129838733525017,-0.00497799318083557,0.000149633157900265
Gout,multi,w25rest,0.1,MELD_lambda0_true − EUR,0.0928186539667856,0.00739927391282948,0.0792830328934439,0.108307991083886
Gout,multi,w25rest,0.1,MELD_lambda0_true − EAS,0.11133214631835,0.0135107047002908,0.0862705765353353,0.138003868408515
Gout,multi,w25rest,0.1,MELD_lambda0_true − AFR,0.179151450779725,0.0129130308671882,0.154115477250306,0.203653197652639
Gout,multi,w25rest,0.1,MELD_lambda0_true − AMR,0.0973360962548643,0.0118640277836655,0.0744053633543033,0.121201176244603
Gout,multi,w25rest,0.1,MELD_lambda0_true − MELD_lambda0_equal,0,0,0,0
Gout,multi,w25rest,0.1,MELD_lambda0_true − MELD_lambda0_scrambled,0,0,0,0
Gout,multi,w25rest,0.1,MELD_lambda1_true − MELD_lambda0_true,-0.00313454714939633,0.0013052341712508,-0.00588221821349161,-0.000682753822336083
Gout,multi,w50rest,0.001,MELD_lambda0_true − EUR,0.205238735378303,0.0184493831814473,0.170187716547555,0.242953003926135
Gout,multi,w50rest,0.001,MELD_lambda0_true − EAS,0.338140873350378,0.0231935630626738,0.291251681817885,0.382682022926725
Gout,multi,w50rest,0.001,MELD_lambda0_true − AFR,0.361479567706654,0.0306603814132864,0.301345800936967,0.421670606740886
Gout,multi,w50rest,0.001,MELD_lambda0_true − AMR,0.239971898791697,0.0207539463374486,0.198315593408732,0.279002935114489
Gout,multi,w50rest,0.001,MELD_lambda0_true − MELD_lambda0_equal,0.00815799146600186,0.00255488373708504,0.00326133727466629,0.0133150456207952
Gout,multi,w50rest,0.001,MELD_lambda0_true − MELD_lambda0_scrambled,0.0298291581961411,0.00544587679659811,0.0197350105392448,0.0402440973548873
Gout,multi,w50rest,0.001,MELD_lambda1_true − MELD_lambda0_true,0.000243311141563492,0.00144055439197498,-0.00241760044276902,0.00339412584319843
Gout,multi,w50rest,0.01,MELD_lambda0_true − EUR,0.0959741454583228,0.011892607499101,0.0738689807968384,0.120764677685481
Gout,multi,w50rest,0.01,MELD_lambda0_true − EAS,0.175810039582255,0.0161366488287479,0.144349748385265,0.209085449391815
Gout,multi,w50rest,0.01,MELD_lambda0_true − AFR,0.264426029029061,0.0268372110182469,0.212336768330386,0.315688216547929
Gout,multi,w50rest,0.01,MELD_lambda0_true − AMR,0.142885047162286,0.0155047033381405,0.112949182266652,0.172035925578372
Gout,multi,w50rest,0.01,MELD_lambda0_true − MELD_lambda0_equal,0.00548433467236482,0.00179351934825996,0.00199656002979223,0.00909925050193144
Gout,multi,w50rest,0.01,MELD_lambda0_true − MELD_lambda0_scrambled,0.0231326243451819,0.00335850700109388,0.0168626165428973,0.02999158304746
Gout,multi,w50rest,0.01,MELD_lambda1_true − MELD_lambda0_true,-0.000252724654782366,0.00137778966735605,-0.00267778955389328,0.00265546767661314
Gout,multi,w50rest,0.1,MELD_lambda0_true − EUR,0.0643711989648226,0.00650196625683364,0.0524054617534345,0.0775315319674329
Gout,multi,w50rest,0.1,MELD_lambda0_true − EAS,0.119059365967321,0.0104802402655884,0.0988761304453305,0.1400381475147
Gout,multi,w50rest,0.1,MELD_lambda0_true − AFR,0.204533659554339,0.0180955956148514,0.166880752790128,0.235861430534651
Gout,multi,w50rest,0.1,MELD_lambda0_true − AMR,0.0899232791910354,0.00922711771760924,0.0724758704722222,0.108881554832278
Gout,multi,w50rest,0.1,MELD_lambda0_true − MELD_lambda0_equal,0.00372348653960239,0.00133233273411929,0.00114642860760321,0.00630871952195209
Gout,multi,w50rest,0.1,MELD_lambda0_true − MELD_lambda0_scrambled,0.019614268847878,0.00292859774615902,0.0137920845108569,0.0252959483785885
Gout,multi,w50rest,0.1,MELD_lambda1_true − MELD_lambda0_true,-0.000588115522671641,0.00127484136443989,-0.00290248700686853,0.00199534457490824
COPD,EUR_AFR,EUR_AFR_01,0.001,MELD_lambda0_true − EUR,0.169255192490237,0.0313884010124919,0.112181470297875,0.234887367130884
COPD,EUR_AFR,EUR_AFR_01,0.001,MELD_lambda0_true − EAS,0.217704696386066,0.0281110827906618,0.162549992238848,0.273577755867456
COPD,EUR_AFR,EUR_AFR_01,0.001,MELD_lambda0_true − AFR,-0.00120864162754106,0.00119280360126977,-0.00391991826107909,4.04301638655408e-10
COPD,EUR_AFR,EUR_AFR_01,0.001,MELD_lambda0_true − AMR,0.109559948745687,0.0264811339576376,0.0598723414975593,0.164096084802384
COPD,EUR_AFR,EUR_AFR_01,0.001,MELD_lambda0_true − MELD_lambda0_equal,-0.130082638850199,0.0248499216806023,-0.178498368993265,-0.0833206402042278
COPD,EUR_AFR,EUR_AFR_01,0.001,MELD_lambda0_true − MELD_lambda0_scrambled,0.217704696386077,0.0281438715027553,0.164825370014683,0.273631842246066
COPD,EUR_AFR,EUR_AFR_01,0.001,MELD_lambda1_true − MELD_lambda0_true,0,0,0,0
COPD,EUR_AFR,EUR_AFR_01,0.01,MELD_lambda0_true − EUR,0.143160218126917,0.0257125168203179,0.0932529995201179,0.196097543674208
COPD,EUR_AFR,EUR_AFR_01,0.01,MELD_lambda0_true − EAS,0.194201994578224,0.0247559682948299,0.143594115027943,0.24029235858666
COPD,EUR_AFR,EUR_AFR_01,0.01,MELD_lambda0_true − AFR,-0.00144358742745842,0.00144186420253769,-0.00470010510282329,4.83578381448211e-11
COPD,EUR_AFR,EUR_AFR_01,0.01,MELD_lambda0_true − AMR,0.117656680550854,0.0223732715736801,0.0744068297180504,0.160534592827385
COPD,EUR_AFR,EUR_AFR_01,0.01,MELD_lambda0_true − MELD_lambda0_equal,-0.0661445263758312,0.0172931979339383,-0.0988361159412661,-0.0314633795136492
COPD,EUR_AFR,EUR_AFR_01,0.01,MELD_lambda0_true − MELD_lambda0_scrambled,0.194201994578226,0.0249985895917277,0.145028536519965,0.239679218810453
COPD,EUR_AFR,EUR_AFR_01,0.01,MELD_lambda1_true − MELD_lambda0_true,0,0,0,0
COPD,EUR_AFR,EUR_AFR_01,0.1,MELD_lambda0_true − EUR,0.155028287185498,0.0203835824496294,0.114471110110379,0.196761471617234
COPD,EUR_AFR,EUR_AFR_01,0.1,MELD_lambda0_true − EAS,0.195222872234149,0.0178895684497582,0.162122049937036,0.23097872285518
COPD,EUR_AFR,EUR_AFR_01,0.1,MELD_lambda0_true − AFR,-0.0013188195912144,0.00131199009829052,-0.00427240194686597,4.76183425899179e-11
COPD,EUR_AFR,EUR_AFR_01,0.1,MELD_lambda0_true − AMR,0.126695026626349,0.0153198467810114,0.0964378156896009,0.157004892198258
COPD,EUR_AFR,EUR_AFR_01,0.1,MELD_lambda0_true − MELD_lambda0_equal,-0.0200404294952564,0.0131468498968952,-0.0455816207188942,0.00584568357883558
COPD,EUR_AFR,EUR_AFR_01,0.1,MELD_lambda0_true − MELD_lambda0_scrambled,0.195222872234149,0.01857722888389,0.15993642245861,0.233365306991989
COPD,EUR_AFR,EUR_AFR_01,0.1,MELD_lambda1_true − MELD_lambda0_true,0,0,0,0
COPD,EUR_AFR,EUR_AFR_02,0.001,MELD_lambda0_true − EUR,0.24551580331124,0.0211507003439272,0.204560385904897,0.287513832661322
COPD,EUR_AFR,EUR_AFR_02,0.001,MELD_lambda0_true − EAS,0.273469733198922,0.0261141390913732,0.220900053814701,0.32710803538419
COPD,EUR_AFR,EUR_AFR_02,0.001,MELD_lambda0_true − AFR,0.130769430144709,0.0168808824589034,0.0980874194321586,0.162123713171828
COPD,EUR_AFR,EUR_AFR_02,0.001,MELD_lambda0_true − AMR,0.189173912031896,0.0229256035620315,0.143880179544434,0.23227417255118
COPD,EUR_AFR,EUR_AFR_02,0.001,MELD_lambda0_true − MELD_lambda0_equal,-0.0721982734827789,0.0147630733644395,-0.100196890348287,-0.04189425487682
COPD,EUR_AFR,EUR_AFR_02,0.001,MELD_lambda0_true − MELD_lambda0_scrambled,0.0512476852808064,0.0235207149408641,0.00595526057149111,0.0968348257365306
COPD,EUR_AFR,EUR_AFR_02,0.001,MELD_lambda1_true − MELD_lambda0_true,0.00772512543419782,0.00173100236055137,0.0043924728107022,0.0110695844454683
COPD,EUR_AFR,EUR_AFR_02,0.01,MELD_lambda0_true − EUR,0.156566964951222,0.0176064639840347,0.123128267440182,0.193254430270596
COPD,EUR_AFR,EUR_AFR_02,0.01,MELD_lambda0_true − EAS,0.18435312663317,0.0217534936484347,0.143865974040167,0.228488912615688
COPD,EUR_AFR,EUR_AFR_02,0.01,MELD_lambda0_true − AFR,0.0974463956985285,0.012974674201043,0.0716578798763866,0.121929757239942
COPD,EUR_AFR,EUR_AFR_02,0.01,MELD_lambda0_true − AMR,0.150720709788246,0.0198885679255537,0.111644925995342,0.190361680582192
COPD,EUR_AFR,EUR_AFR_02,0.01,MELD_lambda0_true − MELD_lambda0_equal,-0.0475294444613411,0.00986239064292771,-0.0668171495593217,-0.0276125841168125
COPD,EUR_AFR,EUR_AFR_02,0.01,MELD_lambda0_true − MELD_lambda0_scrambled,0.0213215433809499,0.0157879698748867,-0.0098027435140466,0.0501807998441497
COPD,EUR_AFR,EUR_AFR_02,0.01,MELD_lambda1_true − MELD_lambda0_true,0.00348980595095501,0.000969900497178607,0.00167685152307959,0.0054395413642853
COPD,EUR_AFR,EUR_AFR_02,0.1,MELD_lambda0_true − EUR,0.134928506707483,0.014081455205725,0.108471348852245,0.163824993831906
COPD,EUR_AFR,EUR_AFR_02,0.1,MELD_lambda0_true − EAS,0.173904946754955,0.0182344317675193,0.139523349342646,0.209091535729301
COPD,EUR_AFR,EUR_AFR_02,0.1,MELD_lambda0_true − AFR,0.0643729180828674,0.00908785031981353,0.0478117285324555,0.0828228086616879
COPD,EUR_AFR,EUR_AFR_02,0.1,MELD_lambda0_true − AMR,0.130730337121678,0.014964758223479,0.10283231933799,0.160368861723028
COPD,EUR_AFR,EUR_AFR_02,0.1,MELD_lambda0_true − MELD_lambda0_equal,-0.0166794572645149,0.00706143817222202,-0.0304528529137756,-0.0025941380562273
COPD,EUR_AFR,EUR_AFR_02,0.1,MELD_lambda0_true − MELD_lambda0_scrambled,0.0439778194230553,0.00991031085443477,0.0246986222587089,0.0629797707488232
COPD,EUR_AFR,EUR_AFR_02,0.1,MELD_lambda1_true − MELD_lambda0_true,0.000740744602846608,0.000812500932228767,-0.000818994635673084,0.00238520937606935
COPD,EUR_AFR,EUR_AFR_03,0.001,MELD_lambda0_true − EUR,0.226149797171447,0.0239877868675136,0.178738583243732,0.274215726698018
COPD,EUR_AFR,EUR_AFR_03,0.001,MELD_lambda0_true − EAS,0.310111560143508,0.0286238344967762,0.255899413055092,0.369828644136163
COPD,EUR_AFR,EUR_AFR_03,0.001,MELD_lambda0_true − AFR,0.165876822891926,0.0163927271277835,0.131769261746547,0.196885601795642
COPD,EUR_AFR,EUR_AFR_03,0.001,MELD_lambda0_true − AMR,0.212022066537987,0.0192718385871198,0.176728412392804,0.251726437793898
COPD,EUR_AFR,EUR_AFR_03,0.001,MELD_lambda0_true − MELD_lambda0_equal,-0.0553455583938014,0.0116435252622893,-0.077884425593064,-0.0330534288633681
COPD,EUR_AFR,EUR_AFR_03,0.001,MELD_lambda0_true − MELD_lambda0_scrambled,0,0,0,0
COPD,EUR_AFR,EUR_AFR_03,0.001,MELD_lambda1_true − MELD_lambda0_true,0.00719379076629356,0.0022479492556106,0.00267464887777074,0.0115406108557216
COPD,EUR_AFR,EUR_AFR_03,0.01,MELD_lambda0_true − EUR,0.153355016084556,0.0207525852452151,0.117114805624957,0.195753092675785
COPD,EUR_AFR,EUR_AFR_03,0.01,MELD_lambda0_true − EAS,0.208707781111998,0.0178932930557697,0.173769171808705,0.243537973072549
COPD,EUR_AFR,EUR_AFR_03,0.01,MELD_lambda0_true − AFR,0.120472949734037,0.0126220056257011,0.094303352899244,0.143142250413207
COPD,EUR_AFR,EUR_AFR_03,0.01,MELD_lambda0_true − AMR,0.166680577033434,0.017030203311116,0.134042067775164,0.201267243268935
COPD,EUR_AFR,EUR_AFR_03,0.01,MELD_lambda0_true − MELD_lambda0_equal,-0.025410329406263,0.00809239994530799,-0.0412581827809401,-0.00899098190896649
COPD,EUR_AFR,EUR_AFR_03,0.01,MELD_lambda0_true − MELD_lambda0_scrambled,0,0,0,0
COPD,EUR_AFR,EUR_AFR_03,0.01,MELD_lambda1_true − MELD_lambda0_true,0.00278608701587041,0.00149787437605923,-4.37103704370001e-05,0.00575189625321271
COPD,EUR_AFR,EUR_AFR_03,0.1,MELD_lambda0_true − EUR,0.127537793619664,0.0155615338770586,0.0980507046085365,0.157727093438248
COPD,EUR_AFR,EUR_AFR_03,0.1,MELD_lambda0_true − EAS,0.180326204467981,0.0150314456145089,0.153852327410017,0.211876910628317
COPD,EUR_AFR,EUR_AFR_03,0.1,MELD_lambda0_true − AFR,0.082065700006043,0.00864083462480339,0.0643204228774348,0.0982840501822233
COPD,EUR_AFR,EUR_AFR_03,0.1,MELD_lambda0_true − AMR,0.132389085025814,0.0116148847499422,0.108308755070569,0.154867189794493
COPD,EUR_AFR,EUR_AFR_03,0.1,MELD_lambda0_true − MELD_lambda0_equal,-0.00416867679290547,0.00589761586230859,-0.0156934600768462,0.00740114263934407
COPD,EUR_AFR,EUR_AFR_03,0.1,MELD_lambda0_true − MELD_lambda0_scrambled,0,0,0,0
COPD,EUR_AFR,EUR_AFR_03,0.1,MELD_lambda1_true − MELD_lambda0_true,0.00130776369435893,0.00132610707531037,-0.00106883710306521,0.00409791899271768
COPD,EUR_AFR,EUR_AFR_04,0.001,MELD_lambda0_true − EUR,0.242182603661366,0.0211582333201961,0.2021287339307,0.284872851773274
COPD,EUR_AFR,EUR_AFR_04,0.001,MELD_lambda0_true − EAS,0.313895320539663,0.0244657653549792,0.263645300827429,0.357964349420544
COPD,EUR_AFR,EUR_AFR_04,0.001,MELD_lambda0_true − AFR,0.21246320011281,0.0229166250199276,0.167240411552448,0.25752940012881
COPD,EUR_AFR,EUR_AFR_04,0.001,MELD_lambda0_true − AMR,0.238891806331247,0.0215434820821036,0.196309793331907,0.27992314438402
COPD,EUR_AFR,EUR_AFR_04,0.001,MELD_lambda0_true − MELD_lambda0_equal,-0.0363710412520238,0.0103785747302252,-0.0570882113587289,-0.0170185939221316
COPD,EUR_AFR,EUR_AFR_04,0.001,MELD_lambda0_true − MELD_lambda0_scrambled,0.0530042935450285,0.0102574732719309,0.031886828025834,0.0721530327703366
COPD,EUR_AFR,EUR_AFR_04,0.001,MELD_lambda1_true − MELD_lambda0_true,0.00583140292667804,0.00263140192445729,0.00104736284959564,0.0112459878658735
COPD,EUR_AFR,EUR_AFR_04,0.01,MELD_lambda0_true − EUR,0.143906218041089,0.0187783983755163,0.106426040624066,0.18059270473075
COPD,EUR_AFR,EUR_AFR_04,0.01,MELD_lambda0_true − EAS,0.209224190244206,0.0191959094535041,0.169741071395438,0.245537747855136
COPD,EUR_AFR,EUR_AFR_04,0.01,MELD_lambda0_true − AFR,0.156397141369682,0.0176863231535165,0.121842287568858,0.189087852370433
COPD,EUR_AFR,EUR_AFR_04,0.01,MELD_lambda0_true − AMR,0.18227338035229,0.0193104342550676,0.14324333133497,0.218478997740155
COPD,EUR_AFR,EUR_AFR_04,0.01,MELD_lambda0_true − MELD_lambda0_equal,-0.0164025953514679,0.00702219106170766,-0.0304367415231013,-0.00275873800673787
COPD,EUR_AFR,EUR_AFR_04,0.01,MELD_lambda0_true − MELD_lambda0_scrambled,0.0385307412481848,0.00754927711809186,0.0231727483944108,0.0525882934563204
COPD,EUR_AFR,EUR_AFR_04,0.01,MELD_lambda1_true − MELD_lambda0_true,0.000507166823897289,0.00161574733063203,-0.00241244429995923,0.00388337117719583
COPD,EUR_AFR,EUR_AFR_04,0.1,MELD_lambda0_true − EUR,0.11055205509025,0.0146238893381582,0.0817690299530237,0.139164494879014
COPD,EUR_AFR,EUR_AFR_04,0.1,MELD_lambda0_true − EAS,0.174475626155573,0.0166130381693317,0.141369312872691,0.205834469466187
COPD,EUR_AFR,EUR_AFR_04,0.1,MELD_lambda0_true − AFR,0.112473352289493,0.009902687510411,0.0920698008942422,0.131095261133363
COPD,EUR_AFR,EUR_AFR_04,0.1,MELD_lambda0_true − AMR,0.138479168568088,0.0134610978244421,0.108705326352137,0.16242117435606
COPD,EUR_AFR,EUR_AFR_04,0.1,MELD_lambda0_true − MELD_lambda0_equal,-0.00459008607795197,0.00411609952396087,-0.012922357382461,0.00330910091201137
COPD,EUR_AFR,EUR_AFR_04,0.1,MELD_lambda0_true − MELD_lambda0_scrambled,0.0303473848169034,0.00559101778797295,0.0194131529409872,0.0409039706397046
COPD,EUR_AFR,EUR_AFR_04,0.1,MELD_lambda1_true − MELD_lambda0_true,-0.00179229123160753,0.00119455491772757,-0.00387997990991745,0.000720004001490371
COPD,EUR_AFR,EUR_AFR_05,0.001,MELD_lambda0_true − EUR,0.216787459065909,0.0204918900755427,0.174727781641824,0.25422887117743
COPD,EUR_AFR,EUR_AFR_05,0.001,MELD_lambda0_true − EAS,0.324076943033676,0.0222599296383646,0.280140092407821,0.368816115169224
COPD,EUR_AFR,EUR_AFR_05,0.001,MELD_lambda0_true − AFR,0.229246071157227,0.0262323065668677,0.175766416791973,0.278090752198012
COPD,EUR_AFR,EUR_AFR_05,0.001,MELD_lambda0_true − AMR,0.188781868695163,0.0166607279313029,0.156769620792419,0.220913717239526
COPD,EUR_AFR,EUR_AFR_05,0.001,MELD_lambda0_true − MELD_lambda0_equal,-0.0402756554223506,0.0105128645492968,-0.061331905329292,-0.0205042435131239
COPD,EUR_AFR,EUR_AFR_05,0.001,MELD_lambda0_true − MELD_lambda0_scrambled,0.0429864727639078,0.0119183483610857,0.01901953418733,0.0661255569206854
COPD,EUR_AFR,EUR_AFR_05,0.001,MELD_lambda1_true − MELD_lambda0_true,0.00465515978769222,0.00292075121827215,-0.00138639849040123,0.0100733241621186
COPD,EUR_AFR,EUR_AFR_05,0.01,MELD_lambda0_true − EUR,0.117947230422749,0.0210262529626305,0.077254172772822,0.158521284071642
COPD,EUR_AFR,EUR_AFR_05,0.01,MELD_lambda0_true − EAS,0.186304161869607,0.0155907498221885,0.155940758441426,0.217150579730316
COPD,EUR_AFR,EUR_AFR_05,0.01,MELD_lambda0_true − AFR,0.176907918253613,0.0208298797101744,0.136461359852265,0.216004070128443
COPD,EUR_AFR,EUR_AFR_05,0.01,MELD_lambda0_true − AMR,0.13679676230221,0.0153644391630132,0.106804136925929,0.16657310432069
COPD,EUR_AFR,EUR_AFR_05,0.01,MELD_lambda0_true − MELD_lambda0_equal,-0.0212547382951285,0.00648239498152878,-0.0352075240129435,-0.00936416988921659
COPD,EUR_AFR,EUR_AFR_05,0.01,MELD_lambda0_true − MELD_lambda0_scrambled,0.0338356958850401,0.0073880131120972,0.0193425646544323,0.0485634053308893
COPD,EUR_AFR,EUR_AFR_05,0.01,MELD_lambda1_true − MELD_lambda0_true,0.00144953684603656,0.00213002275487824,-0.00297274888110784,0.00549592619639633
COPD,EUR_AFR,EUR_AFR_05,0.1,MELD_lambda0_true − EUR,0.0828800804414382,0.0145414876727155,0.0535672438077366,0.111087733563048
COPD,EUR_AFR,EUR_AFR_05,0.1,MELD_lambda0_true − EAS,0.145761545949212,0.0123745130750859,0.120820698549569,0.169871015940267
COPD,EUR_AFR,EUR_AFR_05,0.1,MELD_lambda0_true − AFR,0.129293785624724,0.0143870650616291,0.10117077853205,0.157413261251489
COPD,EUR_AFR,EUR_AFR_05,0.1,MELD_lambda0_true − AMR,0.0988048551310649,0.0120379696164098,0.0749717830315043,0.121036372375448
COPD,EUR_AFR,EUR_AFR_05,0.1,MELD_lambda0_true − MELD_lambda0_equal,-0.0091965501267411,0.00517998249802564,-0.0198411854829061,0.000174045890706012
COPD,EUR_AFR,EUR_AFR_05,0.1,MELD_lambda0_true − MELD_lambda0_scrambled,0.0244511248146591,0.00562218517829341,0.0147472748024642,0.0363895182602602
COPD,EUR_AFR,EUR_AFR_05,0.1,MELD_lambda1_true − MELD_lambda0_true,-0.000667850583649378,0.00136731988940127,-0.00360680412745499,0.00172193521324199
COPD,EUR_AFR,EUR_AFR_06,0.001,MELD_lambda0_true − EUR,0.219444807450202,0.0182400524746742,0.181008661526882,0.25368752572687
COPD,EUR_AFR,EUR_AFR_06,0.001,MELD_lambda0_true − EAS,0.354842472918595,0.0202735996309076,0.314007720944664,0.392950968062307
COPD,EUR_AFR,EUR_AFR_06,0.001,MELD_lambda0_true − AFR,0.280945303896552,0.0198327506226205,0.241234477597918,0.318440359648998
COPD,EUR_AFR,EUR_AFR_06,0.001,MELD_lambda0_true − AMR,0.205252836099678,0.0214916535175457,0.163283051144074,0.247661600146558
COPD,EUR_AFR,EUR_AFR_06,0.001,MELD_lambda0_true − MELD_lambda0_equal,-0.0242051788390069,0.00874274991101017,-0.0426027458237091,-0.00854588456937696
COPD,EUR_AFR,EUR_AFR_06,0.001,MELD_lambda0_true − MELD_lambda0_scrambled,0.0670858268095951,0.0167687871123311,0.0350087615628117,0.0995590363359626
COPD,EUR_AFR,EUR_AFR_06,0.001,MELD_lambda1_true − MELD_lambda0_true,-6.93031791444872e-05,0.0030311800010666,-0.00647060499311352,0.00543200127078852
COPD,EUR_AFR,EUR_AFR_06,0.01,MELD_lambda0_true − EUR,0.119242820130422,0.0161298114358939,0.0882470621638833,0.151872106850006
COPD,EUR_AFR,EUR_AFR_06,0.01,MELD_lambda0_true − EAS,0.214743632752099,0.0167145881166115,0.182917167286304,0.247729738448462
COPD,EUR_AFR,EUR_AFR_06,0.01,MELD_lambda0_true − AFR,0.204407790094254,0.0152880834825648,0.173100425351594,0.231054038345393
COPD,EUR_AFR,EUR_AFR_06,0.01,MELD_lambda0_true − AMR,0.142274084408124,0.0174560949029822,0.107972464454087,0.175812921396638
COPD,EUR_AFR,EUR_AFR_06,0.01,MELD_lambda0_true − MELD_lambda0_equal,-0.0093688409840182,0.00605942127448626,-0.0206879092120471,0.00266900602455035
COPD,EUR_AFR,EUR_AFR_06,0.01,MELD_lambda0_true − MELD_lambda0_scrambled,0.0427323499991507,0.0101581303782068,0.0229278372631195,0.0625112604922701
COPD,EUR_AFR,EUR_AFR_06,0.01,MELD_lambda1_true − MELD_lambda0_true,-0.0031585007755444,0.00191919769964281,-0.00694130469829583,0.000434350174469255
COPD,EUR_AFR,EUR_AFR_06,0.1,MELD_lambda0_true − EUR,0.0906714298820381,0.0120533029541749,0.0683018625915041,0.115083773433307
COPD,EUR_AFR,EUR_AFR_06,0.1,MELD_lambda0_true − EAS,0.167104550409499,0.0134877680791762,0.140742984219643,0.193260937541852
COPD,EUR_AFR,EUR_AFR_06,0.1,MELD_lambda0_true − AFR,0.152249675225361,0.0111605498949755,0.129530540756405,0.173345341146236
COPD,EUR_AFR,EUR_AFR_06,0.1,MELD_lambda0_true − AMR,0.108369226027034,0.0105916440478457,0.0861893169613053,0.126991830799331
COPD,EUR_AFR,EUR_AFR_06,0.1,MELD_lambda0_true − MELD_lambda0_equal,-0.00025449960539036,0.0047231153016675,-0.00975368549490221,0.00904394742761417
COPD,EUR_AFR,EUR_AFR_06,0.1,MELD_lambda0_true − MELD_lambda0_scrambled,0.030631048535498,0.00593358143662974,0.0190964199968037,0.0426265553591879
COPD,EUR_AFR,EUR_AFR_06,0.1,MELD_lambda1_true − MELD_lambda0_true,-0.00261835557975165,0.00136384646069006,-0.00520000183145532,0.000105848956328441
COPD,EUR_AFR,EUR_AFR_07,0.001,MELD_lambda0_true − EUR,0.175982271772062,0.0144095167384238,0.147797477541384,0.203082863599233
COPD,EUR_AFR,EUR_AFR_07,0.001,MELD_lambda0_true − EAS,0.307109292558107,0.0183264274110776,0.272114089993712,0.344606340944707
COPD,EUR_AFR,EUR_AFR_07,0.001,MELD_lambda0_true − AFR,0.293714750411996,0.0196435283661137,0.254461942751207,0.331611180540085
COPD,EUR_AFR,EUR_AFR_07,0.001,MELD_lambda0_true − AMR,0.199905923743081,0.0204194500351737,0.158791658123489,0.240108817016251
COPD,EUR_AFR,EUR_AFR_07,0.001,MELD_lambda0_true − MELD_lambda0_equal,-0.0169708125783722,0.0106314586535821,-0.0395816702960056,0.0013997743869561
COPD,EUR_AFR,EUR_AFR_07,0.001,MELD_lambda0_true − MELD_lambda0_scrambled,0.07698390552511,0.013940188765497,0.0460643533636284,0.100227757996271
COPD,EUR_AFR,EUR_AFR_07,0.001,MELD_lambda1_true − MELD_lambda0_true,0.000858903537899273,0.00204387534842506,-0.00309139287700424,0.004674383872345
COPD,EUR_AFR,EUR_AFR_07,0.01,MELD_lambda0_true − EUR,0.0835779671299953,0.0105814534858403,0.0629265956658658,0.104064012397923
COPD,EUR_AFR,EUR_AFR_07,0.01,MELD_lambda0_true − EAS,0.170480660110848,0.00956810516061679,0.150981171075057,0.189011068106468
COPD,EUR_AFR,EUR_AFR_07,0.01,MELD_lambda0_true − AFR,0.210463440434367,0.0154780718767823,0.178556334660014,0.238774580012215
COPD,EUR_AFR,EUR_AFR_07,0.01,MELD_lambda0_true − AMR,0.138765612349505,0.0156084442569229,0.107312881729076,0.168729945662218
COPD,EUR_AFR,EUR_AFR_07,0.01,MELD_lambda0_true − MELD_lambda0_equal,-0.0064517441885598,0.00494613586462148,-0.0166272864034488,0.00293841879538786
COPD,EUR_AFR,EUR_AFR_07,0.01,MELD_lambda0_true − MELD_lambda0_scrambled,0.049953578638831,0.00797004634780283,0.0342838092733126,0.0650764719955375
COPD,EUR_AFR,EUR_AFR_07,0.01,MELD_lambda1_true − MELD_lambda0_true,-0.00119189327013341,0.00162818423253491,-0.00440328520518578,0.00197555313262637
COPD,EUR_AFR,EUR_AFR_07,0.1,MELD_lambda0_true − EUR,0.0592205660410783,0.00716648998001226,0.0463718784177614,0.0741022251085936
COPD,EUR_AFR,EUR_AFR_07,0.1,MELD_lambda0_true − EAS,0.147540680470908,0.00882161671687131,0.131815129729946,0.16607266320375
COPD,EUR_AFR,EUR_AFR_07,0.1,MELD_lambda0_true − AFR,0.153367466818283,0.0112626918671539,0.13088333188339,0.173702121817642
COPD,EUR_AFR,EUR_AFR_07,0.1,MELD_lambda0_true − AMR,0.103232928465217,0.0104625446616524,0.0823188971587981,0.123639286634132
COPD,EUR_AFR,EUR_AFR_07,0.1,MELD_lambda0_true − MELD_lambda0_equal,0.000811171511570938,0.0027078334445386,-0.00476527820220772,0.00594904089358199
COPD,EUR_AFR,EUR_AFR_07,0.1,MELD_lambda0_true − MELD_lambda0_scrambled,0.0359997826307598,0.00465175271900011,0.0270446054570365,0.0450871335080387
COPD,EUR_AFR,EUR_AFR_07,0.1,MELD_lambda1_true − MELD_lambda0_true,-0.00343168343497833,0.00133975718375779,-0.00612533414964999,-0.000969181479099792
COPD,EUR_AFR,EUR_AFR_08,0.001,MELD_lambda0_true − EUR,0.156794190983528,0.0146133645022954,0.128957263411649,0.185405187809954
COPD,EUR_AFR,EUR_AFR_08,0.001,MELD_lambda0_true − EAS,0.322663740545249,0.0189290618517273,0.285521052268325,0.360185954439177
COPD,EUR_AFR,EUR_AFR_08,0.001,MELD_lambda0_true − AFR,0.351091744536623,0.022821558025825,0.305827382943731,0.392843789736819
COPD,EUR_AFR,EUR_AFR_08,0.001,MELD_lambda0_true − AMR,0.184472316985188,0.0213999374084499,0.141304816002773,0.226787427874791
COPD,EUR_AFR,EUR_AFR_08,0.001,MELD_lambda0_true − MELD_lambda0_equal,-0.00940711764012463,0.0102319477141305,-0.0315338938601824,0.00876595827450227
COPD,EUR_AFR,EUR_AFR_08,0.001,MELD_lambda0_true − MELD_lambda0_scrambled,0.128304207884184,0.0146252839355565,0.0986022146907118,0.155777739658504
COPD,EUR_AFR,EUR_AFR_08,0.001,MELD_lambda1_true − MELD_lambda0_true,-0.00170508046481833,0.00247007082844346,-0.00671537376953772,0.00301426967734958
COPD,EUR_AFR,EUR_AFR_08,0.01,MELD_lambda0_true − EUR,0.0702244645165101,0.00766764786718693,0.056351413891846,0.0864545562823009
COPD,EUR_AFR,EUR_AFR_08,0.01,MELD_lambda0_true − EAS,0.181898813552062,0.0150021425907374,0.153899773076921,0.211921273201781
COPD,EUR_AFR,EUR_AFR_08,0.01,MELD_lambda0_true − AFR,0.247598608401106,0.0200880180378302,0.207212587554495,0.285040278908391
COPD,EUR_AFR,EUR_AFR_08,0.01,MELD_lambda0_true − AMR,0.126608100267,0.0168412602153624,0.093301710111985,0.159040072531637
COPD,EUR_AFR,EUR_AFR_08,0.01,MELD_lambda0_true − MELD_lambda0_equal,0.00179580473377032,0.00638282480288891,-0.0111127085687035,0.0136340521030343
COPD,EUR_AFR,EUR_AFR_08,0.01,MELD_lambda0_true − MELD_lambda0_scrambled,0.100031383481576,0.0115434780132008,0.0778084304932123,0.123475858028006
COPD,EUR_AFR,EUR_AFR_08,0.01,MELD_lambda1_true − MELD_lambda0_true,-0.00461896869104434,0.00146858196883884,-0.00761470088697561,-0.00193419764036321
COPD,EUR_AFR,EUR_AFR_08,0.1,MELD_lambda0_true − EUR,0.0424414450520752,0.00649602006704869,0.0302159294359351,0.0559574455886791
COPD,EUR_AFR,EUR_AFR_08,0.1,MELD_lambda0_true − EAS,0.14841465867878,0.0124095677399483,0.125258607903365,0.17444858959266
COPD,EUR_AFR,EUR_AFR_08,0.1,MELD_lambda0_true − AFR,0.179586845581577,0.0137803815112112,0.153114880293272,0.205996195048481
COPD,EUR_AFR,EUR_AFR_08,0.1,MELD_lambda0_true − AMR,0.0943681867211134,0.013230696111058,0.0684297416105683,0.121083642231468
COPD,EUR_AFR,EUR_AFR_08,0.1,MELD_lambda0_true − MELD_lambda0_equal,0.00531144288808345,0.00426077131671651,-0.00268450492112922,0.0139931401584755
COPD,EUR_AFR,EUR_AFR_08,0.1,MELD_lambda0_true − MELD_lambda0_scrambled,0.0845088226775113,0.00970719410032947,0.0667612023687472,0.104557548285923
COPD,EUR_AFR,EUR_AFR_08,0.1,MELD_lambda1_true − MELD_lambda0_true,-0.00442666544906885,0.000987026311684273,-0.00647961014211922,-0.00259204187400302
COPD,EUR_AFR,EUR_AFR_09,0.001,MELD_lambda0_true − EUR,0.131159785670881,0.0147802774557644,0.102785384552059,0.159880146364431
COPD,EUR_AFR,EUR_AFR_09,0.001,MELD_lambda0_true − EAS,0.309525524828086,0.0206374464158784,0.268637240608761,0.348731745694169
COPD,EUR_AFR,EUR_AFR_09,0.001,MELD_lambda0_true − AFR,0.353265516773882,0.0237156890160586,0.305090053058386,0.398044666621427
COPD,EUR_AFR,EUR_AFR_09,0.001,MELD_lambda0_true − AMR,0.210641329522119,0.0258620824003079,0.157726211074283,0.259244096026743
COPD,EUR_AFR,EUR_AFR_09,0.001,MELD_lambda0_true − MELD_lambda0_equal,-0.00551333782918161,0.00975021443226065,-0.0258041512768611,0.0112819434258592
COPD,EUR_AFR,EUR_AFR_09,0.001,MELD_lambda0_true − MELD_lambda0_scrambled,0.0837436430834931,0.012680124077146,0.0578255054219988,0.108430303511167
COPD,EUR_AFR,EUR_AFR_09,0.001,MELD_lambda1_true − MELD_lambda0_true,-0.000325496949550275,0.0019946446259163,-0.00433839247170858,0.0034069958419251
COPD,EUR_AFR,EUR_AFR_09,0.01,MELD_lambda0_true − EUR,0.0477163835612191,0.00679340183366508,0.0351329790190054,0.0614650158858387
COPD,EUR_AFR,EUR_AFR_09,0.01,MELD_lambda0_true − EAS,0.175765706459005,0.0152011085251082,0.146614575582934,0.20598285133578
COPD,EUR_AFR,EUR_AFR_09,0.01,MELD_lambda0_true − AFR,0.261626481095125,0.0193226389522045,0.221795475741323,0.2994127019263
COPD,EUR_AFR,EUR_AFR_09,0.01,MELD_lambda0_true − AMR,0.133708526572086,0.0182861546618793,0.0977712545728582,0.167600939420374
COPD,EUR_AFR,EUR_AFR_09,0.01,MELD_lambda0_true − MELD_lambda0_equal,0.00585243229762897,0.00394392075248259,-0.00157527252503666,0.0137740932006307
COPD,EUR_AFR,EUR_AFR_09,0.01,MELD_lambda0_true − MELD_lambda0_scrambled,0.0334600275660228,0.00678454325409409,0.0210215457496869,0.0478174300188821
COPD,EUR_AFR,EUR_AFR_09,0.01,MELD_lambda1_true − MELD_lambda0_true,-0.00222835119405084,0.00115715552271363,-0.00460198458070463,-7.60705651879517e-05
COPD,EUR_AFR,EUR_AFR_09,0.1,MELD_lambda0_true − EUR,0.0281793882967393,0.00442907480643775,0.0197925347151492,0.0372424806218196
COPD,EUR_AFR,EUR_AFR_09,0.1,MELD_lambda0_true − EAS,0.137551554824422,0.0131620606524447,0.113505365746518,0.165416799995144
COPD,EUR_AFR,EUR_AFR_09,0.1,MELD_lambda0_true − AFR,0.202410440059787,0.0158732724814285,0.171615493508374,0.231284180752634
COPD,EUR_AFR,EUR_AFR_09,0.1,MELD_lambda0_true − AMR,0.0838061267647976,0.0103834888423095,0.063708347136116,0.103785364284825
COPD,EUR_AFR,EUR_AFR_09,0.1,MELD_lambda0_true − MELD_lambda0_equal,0.00830762328291772,0.00271679458052943,0.00333842040920452,0.0140014370545939
COPD,EUR_AFR,EUR_AFR_09,0.1,MELD_lambda0_true − MELD_lambda0_scrambled,0.0227385972849299,0.00521504492187299,0.0138769148021449,0.0342076719996763
COPD,EUR_AFR,EUR_AFR_09,0.1,MELD_lambda1_true − MELD_lambda0_true,-0.0029134892247248,0.00093301314819494,-0.00492087122664204,-0.00118718800685411
COPD,EUR_AFR,EUR_AFR_10,0.001,MELD_lambda0_true − EUR,0.082082275594152,0.010737810459834,0.0614540197821801,0.10314649540541
COPD,EUR_AFR,EUR_AFR_10,0.001,MELD_lambda0_true − EAS,0.290249087297188,0.0145625385107168,0.262103607220502,0.319577394765927
COPD,EUR_AFR,EUR_AFR_10,0.001,MELD_lambda0_true − AFR,0.396213969209467,0.0258127983638432,0.343822924625706,0.44233274202886
COPD,EUR_AFR,EUR_AFR_10,0.001,MELD_lambda0_true − AMR,0.182715604406578,0.018618543128237,0.14554931716418,0.21698986248036
COPD,EUR_AFR,EUR_AFR_10,0.001,MELD_lambda0_true − MELD_lambda0_equal,0.00326616358034325,0.0123331734563823,-0.0209939238494196,0.0268099204038149
COPD,EUR_AFR,EUR_AFR_10,0.001,MELD_lambda0_true − MELD_lambda0_scrambled,0.229039306505743,0.0154713698003448,0.197810056449454,0.259987982083223
COPD,EUR_AFR,EUR_AFR_10,0.001,MELD_lambda1_true − MELD_lambda0_true,-0.0006048199729307,0.00135733986571364,-0.00325727241347873,0.00209273656769135
COPD,EUR_AFR,EUR_AFR_10,0.01,MELD_lambda0_true − EUR,0.0261679008660024,0.00526273015439062,0.0162780667995576,0.0365642237855187
COPD,EUR_AFR,EUR_AFR_10,0.01,MELD_lambda0_true − EAS,0.172553119117506,0.0115998206799265,0.149998516656948,0.194565746135009
COPD,EUR_AFR,EUR_AFR_10,0.01,MELD_lambda0_true − AFR,0.295174194750237,0.0236138574515893,0.246297550797158,0.33760706628251
COPD,EUR_AFR,EUR_AFR_10,0.01,MELD_lambda0_true − AMR,0.111254258824458,0.0130197363273835,0.0853950655445392,0.137209533683025
COPD,EUR_AFR,EUR_AFR_10,0.01,MELD_lambda0_true − MELD_lambda0_equal,0.0123903557195093,0.00571258373053312,0.00189036810072212,0.0235777690603005
COPD,EUR_AFR,EUR_AFR_10,0.01,MELD_lambda0_true − MELD_lambda0_scrambled,0.167416214791501,0.0121822161402083,0.142543916138601,0.190293958244888
COPD,EUR_AFR,EUR_AFR_10,0.01,MELD_lambda1_true − MELD_lambda0_true,-0.0020007200002205,0.000954500208547759,-0.00393307971843659,-0.000242085198517343
COPD,EUR_AFR,EUR_AFR_10,0.1,MELD_lambda0_true − EUR,0.0135854143033234,0.00294558425533989,0.00795482877108482,0.0195831363774381
COPD,EUR_AFR,EUR_AFR_10,0.1,MELD_lambda0_true − EAS,0.137807165224977,0.00868822202799725,0.120853395284591,0.154792142240737
COPD,EUR_AFR,EUR_AFR_10,0.1,MELD_lambda0_true − AFR,0.226055619521387,0.0169697560880073,0.190549013579835,0.256819874447043
COPD,EUR_AFR,EUR_AFR_10,0.1,MELD_lambda0_true − AMR,0.0781533409213062,0.00944780105210594,0.0611617509646004,0.0980887002276464
COPD,EUR_AFR,EUR_AFR_10,0.1,MELD_lambda0_true − MELD_lambda0_equal,0.0113338218502274,0.00399015354092288,0.00343338981037907,0.0192220080925849
COPD,EUR_AFR,EUR_AFR_10,0.1,MELD_lambda0_true − MELD_lambda0_scrambled,0.131605122745123,0.0103424373790211,0.110713106365667,0.150903732783944
COPD,EUR_AFR,EUR_AFR_10,0.1,MELD_lambda1_true − MELD_lambda0_true,-0.00215594678519658,0.000865372563311704,-0.00398799583884473,-0.000522200127115803
COPD,EUR_AFR,EUR_AFR_11,0.001,MELD_lambda0_true − EUR,-2.65134934252733e-14,9.34202663369818e-15,-4.46559719191676e-14,-8.1594884570258e-15
COPD,EUR_AFR,EUR_AFR_11,0.001,MELD_lambda0_true − EAS,0.288015266509289,0.0254083314743272,0.238261982063199,0.338103221427535
COPD,EUR_AFR,EUR_AFR_11,0.001,MELD_lambda0_true − AFR,0.382022083989623,0.0238752475636752,0.335454632814247,0.428929239361064
COPD,EUR_AFR,EUR_AFR_11,0.001,MELD_lambda0_true − AMR,0.137211690568612,0.0220489691967591,0.0934818104960947,0.180332327125124
COPD,EUR_AFR,EUR_AFR_11,0.001,MELD_lambda0_true − MELD_lambda0_equal,-0.0211627849275639,0.012991112498182,-0.0466404455181739,0.00361756049141132
COPD,EUR_AFR,EUR_AFR_11,0.001,MELD_lambda0_true − MELD_lambda0_scrambled,0,0,0,0
COPD,EUR_AFR,EUR_AFR_11,0.001,MELD_lambda1_true − MELD_lambda0_true,0,0,0,0
COPD,EUR_AFR,EUR_AFR_11,0.01,MELD_lambda0_true − EUR,-2.06630644540372e-15,1.07580558625788e-15,-4.05712194603135e-15,2.10176342402061e-16
COPD,EUR_AFR,EUR_AFR_11,0.01,MELD_lambda0_true − EAS,0.193686299853045,0.023523656554435,0.148651431198159,0.242343487103699
COPD,EUR_AFR,EUR_AFR_11,0.01,MELD_lambda0_true − AFR,0.306478250871544,0.0262887564432178,0.255772890374874,0.358305659605277
COPD,EUR_AFR,EUR_AFR_11,0.01,MELD_lambda0_true − AMR,0.101877862057715,0.0169600641428409,0.0689631525615129,0.135386242503745
COPD,EUR_AFR,EUR_AFR_11,0.01,MELD_lambda0_true − MELD_lambda0_equal,0.0158848224744011,0.00732659221673561,0.00154902720774396,0.0304961190183731
COPD,EUR_AFR,EUR_AFR_11,0.01,MELD_lambda0_true − MELD_lambda0_scrambled,0,0,0,0
COPD,EUR_AFR,EUR_AFR_11,0.01,MELD_lambda1_true − MELD_lambda0_true,0,0,0,0
COPD,EUR_AFR,EUR_AFR_11,0.1,MELD_lambda0_true − EUR,-3.34947353571258e-16,2.38963731403505e-16,-8.22333830920933e-16,1.13653821792691e-16
COPD,EUR_AFR,EUR_AFR_11,0.1,MELD_lambda0_true − EAS,0.149341457248189,0.0165221280162204,0.118032664860677,0.183251143490458
COPD,EUR_AFR,EUR_AFR_11,0.1,MELD_lambda0_true − AFR,0.246797687500058,0.0238249359908455,0.202405001019353,0.293932350247431
COPD,EUR_AFR,EUR_AFR_11,0.1,MELD_lambda0_true − AMR,0.0773975679499909,0.0108621126117875,0.0565027910841062,0.0986671630410246
COPD,EUR_AFR,EUR_AFR_11,0.1,MELD_lambda0_true − MELD_lambda0_equal,0.0181321719318348,0.00609967911473153,0.00596621900899067,0.0297786899212809
COPD,EUR_AFR,EUR_AFR_11,0.1,MELD_lambda0_true − MELD_lambda0_scrambled,0,0,0,0
COPD,EUR_AFR,EUR_AFR_11,0.1,MELD_lambda1_true − MELD_lambda0_true,0,0,0,0
COPD,EUR_EAS,EUR_EAS_01,0.001,MELD_lambda0_true − EUR,0.236391236964293,0.0237297146390156,0.190211277269899,0.283574863129176
COPD,EUR_EAS,EUR_EAS_01,0.001,MELD_lambda0_true − EAS,1.3908758186628e-14,7.24047616523598e-15,-1.65363124202275e-15,2.72473632868302e-14
COPD,EUR_EAS,EUR_EAS_01,0.001,MELD_lambda0_true − AFR,0.423709467447377,0.0229788171659513,0.379184074411115,0.469573475021563
COPD,EUR_EAS,EUR_EAS_01,0.001,MELD_lambda0_true − AMR,0.246694915664675,0.0236802008884507,0.200668140226346,0.29230862259381
COPD,EUR_EAS,EUR_EAS_01,0.001,MELD_lambda0_true − MELD_lambda0_equal,0.00677329819233911,0.0106634937273134,-0.0138384418552115,0.0276077511464447
COPD,EUR_EAS,EUR_EAS_01,0.001,MELD_lambda0_true − MELD_lambda0_scrambled,0.236391236964289,0.0227772895811609,0.194349396123189,0.283762139620941
COPD,EUR_EAS,EUR_EAS_01,0.001,MELD_lambda1_true − MELD_lambda0_true,0,0,0,0
COPD,EUR_EAS,EUR_EAS_01,0.01,MELD_lambda0_true − EUR,0.13520830256308,0.0179935186160506,0.101707180083111,0.170460145331494
COPD,EUR_EAS,EUR_EAS_01,0.01,MELD_lambda0_true − EAS,1.00128060960826e-15,7.00488828876071e-16,-3.68603983367834e-16,2.33540555501309e-15
COPD,EUR_EAS,EUR_EAS_01,0.01,MELD_lambda0_true − AFR,0.33797472633059,0.0244433560710862,0.291649161482973,0.391550225140128
COPD,EUR_EAS,EUR_EAS_01,0.01,MELD_lambda0_true − AMR,0.170787812144819,0.0204316319796903,0.133625418735859,0.213053043883025
COPD,EUR_EAS,EUR_EAS_01,0.01,MELD_lambda0_true − MELD_lambda0_equal,0.0248223549262225,0.00660623078599943,0.012420290217421,0.0379534221119937
COPD,EUR_EAS,EUR_EAS_01,0.01,MELD_lambda0_true − MELD_lambda0_scrambled,0.135208302563078,0.0174008241197458,0.102515464242618,0.170206981806943
COPD,EUR_EAS,EUR_EAS_01,0.01,MELD_lambda1_true − MELD_lambda0_true,0,0,0,0
COPD,EUR_EAS,EUR_EAS_01,0.1,MELD_lambda0_true − EUR,0.106060835066587,0.0138148874840462,0.0801496049101608,0.134370340631952
COPD,EUR_EAS,EUR_EAS_01,0.1,MELD_lambda0_true − EAS,4.47954571449912e-16,2.98620227708751e-16,-1.32181319049529e-16,1.05900972114848e-15
COPD,EUR_EAS,EUR_EAS_01,0.1,MELD_lambda0_true − AFR,0.255736873091463,0.0227283920974409,0.213208380954302,0.302162431243433
COPD,EUR_EAS,EUR_EAS_01,0.1,MELD_lambda0_true − AMR,0.125745256609561,0.0142385787754431,0.0986753553507008,0.154672996272796
COPD,EUR_EAS,EUR_EAS_01,0.1,MELD_lambda0_true − MELD_lambda0_equal,0.0255867478855732,0.00500525972450102,0.0164801424250947,0.0360149661639125
COPD,EUR_EAS,EUR_EAS_01,0.1,MELD_lambda0_true − MELD_lambda0_scrambled,0.106060835066587,0.0139822239093983,0.0804834633735962,0.135465211364068
COPD,EUR_EAS,EUR_EAS_01,0.1,MELD_lambda1_true − MELD_lambda0_true,0,0,0,0
COPD,EUR_EAS,EUR_EAS_02,0.001,MELD_lambda0_true − EUR,0.218584871115641,0.0223541134923046,0.173340526500436,0.261224589852314
COPD,EUR_EAS,EUR_EAS_02,0.001,MELD_lambda0_true − EAS,0.0543852422913097,0.00716811907829462,0.0407674017432856,0.0678583931864752
COPD,EUR_EAS,EUR_EAS_02,0.001,MELD_lambda0_true − AFR,0.401869976099596,0.024484302002151,0.3520489018329,0.448483848262336
COPD,EUR_EAS,EUR_EAS_02,0.001,MELD_lambda0_true − AMR,0.233974771036513,0.0195248473421014,0.197969631632597,0.272264137252543
COPD,EUR_EAS,EUR_EAS_02,0.001,MELD_lambda0_true − MELD_lambda0_equal,0.010641817288692,0.00804139642153396,-0.00400736611652043,0.0271877566750229
COPD,EUR_EAS,EUR_EAS_02,0.001,MELD_lambda0_true − MELD_lambda0_scrambled,0,0,0,0
COPD,EUR_EAS,EUR_EAS_02,0.001,MELD_lambda1_true − MELD_lambda0_true,-0.000846058314362182,0.000676753887330918,-0.00217287206212313,0.000469031807918013
COPD,EUR_EAS,EUR_EAS_02,0.01,MELD_lambda0_true − EUR,0.128604561925855,0.0148055910399821,0.100021786875806,0.158064735132099
COPD,EUR_EAS,EUR_EAS_02,0.01,MELD_lambda0_true − EAS,0.03047511175295,0.00424613167537316,0.0226291679546994,0.0392508343858531
COPD,EUR_EAS,EUR_EAS_02,0.01,MELD_lambda0_true − AFR,0.325511758672236,0.0252676912769267,0.27796432515352,0.37598071913943
COPD,EUR_EAS,EUR_EAS_02,0.01,MELD_lambda0_true − AMR,0.168587926192739,0.0194710766501928,0.131263230227303,0.206343360294062
COPD,EUR_EAS,EUR_EAS_02,0.01,MELD_lambda0_true − MELD_lambda0_equal,0.0263191821429225,0.00592433850908504,0.0151996020867687,0.0389813299403945
COPD,EUR_EAS,EUR_EAS_02,0.01,MELD_lambda0_true − MELD_lambda0_scrambled,0,0,0,0
COPD,EUR_EAS,EUR_EAS_02,0.01,MELD_lambda1_true − MELD_lambda0_true,-0.000628319605460233,0.000467463489809314,-0.0016209072824114,0.000211920145860931
COPD,EUR_EAS,EUR_EAS_02,0.1,MELD_lambda0_true − EUR,0.0968793456867212,0.0118801916705287,0.0741465088494614,0.121061071400687
COPD,EUR_EAS,EUR_EAS_02,0.1,MELD_lambda0_true − EAS,0.0227464361343821,0.00303461423324282,0.0172015672777824,0.0288118796499712
COPD,EUR_EAS,EUR_EAS_02,0.1,MELD_lambda0_true − AFR,0.258488464843293,0.0229631020191927,0.216024290928207,0.306493199518441
COPD,EUR_EAS,EUR_EAS_02,0.1,MELD_lambda0_true − AMR,0.128472909652172,0.0175615013490807,0.0962581840706284,0.163239449209115
COPD,EUR_EAS,EUR_EAS_02,0.1,MELD_lambda0_true − MELD_lambda0_equal,0.0253046735290611,0.00487585957239133,0.0164910509873129,0.0356403850556027
COPD,EUR_EAS,EUR_EAS_02,0.1,MELD_lambda0_true − MELD_lambda0_scrambled,0,0,0,0
COPD,EUR_EAS,EUR_EAS_02,0.1,MELD_lambda1_true − MELD_lambda0_true,-0.00131365103369109,0.000638516751943174,-0.00272083860142644,-0.000213692258730084
COPD,EUR_EAS,EUR_EAS_03,0.001,MELD_lambda0_true − EUR,0.188917659993025,0.0187338992899425,0.151702917410593,0.224611934866787
COPD,EUR_EAS,EUR_EAS_03,0.001,MELD_lambda0_true − EAS,0.105904550660405,0.0126987700227913,0.0806791184717199,0.130992726071854
COPD,EUR_EAS,EUR_EAS_03,0.001,MELD_lambda0_true − AFR,0.415372994929257,0.0294491415104102,0.357533931559786,0.474816698018347
COPD,EUR_EAS,EUR_EAS_03,0.001,MELD_lambda0_true − AMR,0.223583074975541,0.0199197879478277,0.186323821809084,0.263663452083237
COPD,EUR_EAS,EUR_EAS_03,0.001,MELD_lambda0_true − MELD_lambda0_equal,0.00375648728858626,0.00665828287809959,-0.00927314393094334,0.0164847745160841
COPD,EUR_EAS,EUR_EAS_03,0.001,MELD_lambda0_true − MELD_lambda0_scrambled,0.122692227240286,0.0140649007316324,0.0956354217368908,0.149756380131982
COPD,EUR_EAS,EUR_EAS_03,0.001,MELD_lambda1_true − MELD_lambda0_true,-0.00303841488419754,0.00169869117345413,-0.00676681707685651,3.78961811292341e-05
COPD,EUR_EAS,EUR_EAS_03,0.01,MELD_lambda0_true − EUR,0.109948318004778,0.0107731971861364,0.088328215436959,0.130418445709664
COPD,EUR_EAS,EUR_EAS_03,0.01,MELD_lambda0_true − EAS,0.0531768319000506,0.00687498895718277,0.0401865148328148,0.0671792780933728
COPD,EUR_EAS,EUR_EAS_03,0.01,MELD_lambda0_true − AFR,0.326988962982064,0.0334079263892307,0.264289501303723,0.394988294447365
COPD,EUR_EAS,EUR_EAS_03,0.01,MELD_lambda0_true − AMR,0.149945036726132,0.0159033788659532,0.117673632338649,0.18099097552719
COPD,EUR_EAS,EUR_EAS_03,0.01,MELD_lambda0_true − MELD_lambda0_equal,0.0207802937373045,0.00379290896872644,0.0138026670533444,0.0285068206406237
COPD,EUR_EAS,EUR_EAS_03,0.01,MELD_lambda0_true − MELD_lambda0_scrambled,0.0790438695139653,0.00855168055978195,0.0627052255239686,0.096562003060975
COPD,EUR_EAS,EUR_EAS_03,0.01,MELD_lambda1_true − MELD_lambda0_true,-0.000969460091526802,0.000986659175482901,-0.00293513658598965,0.000831729608969777
COPD,EUR_EAS,EUR_EAS_03,0.1,MELD_lambda0_true − EUR,0.0873702331174308,0.0102129978058277,0.0683807943450934,0.107704642586879
COPD,EUR_EAS,EUR_EAS_03,0.1,MELD_lambda0_true − EAS,0.0352927511184201,0.00383352538338378,0.0281440117638749,0.043074379551192
COPD,EUR_EAS,EUR_EAS_03,0.1,MELD_lambda0_true − AFR,0.25523791855783,0.0267596654516819,0.205448564803766,0.309524029031646
COPD,EUR_EAS,EUR_EAS_03,0.1,MELD_lambda0_true − AMR,0.114164821449147,0.0130398761860222,0.0888029489289321,0.139892186430424
COPD,EUR_EAS,EUR_EAS_03,0.1,MELD_lambda0_true − MELD_lambda0_equal,0.0207605712458834,0.00347758660584867,0.0140596774375724,0.0277940659054153
COPD,EUR_EAS,EUR_EAS_03,0.1,MELD_lambda0_true − MELD_lambda0_scrambled,0.0654208658493975,0.00796256136261383,0.0504373050990644,0.080704578544005
COPD,EUR_EAS,EUR_EAS_03,0.1,MELD_lambda1_true − MELD_lambda0_true,-0.00131728965018949,0.000842329989603346,-0.00310953226371632,0.000165186937124142
COPD,EUR_EAS,EUR_EAS_04,0.001,MELD_lambda0_true − EUR,0.167433306868697,0.0199994685844512,0.126978062955846,0.205208531793403
COPD,EUR_EAS,EUR_EAS_04,0.001,MELD_lambda0_true − EAS,0.125494551866057,0.0165544848643383,0.0931976332384616,0.157931824534654
COPD,EUR_EAS,EUR_EAS_04,0.001,MELD_lambda0_true − AFR,0.396145925425658,0.0260057566062213,0.343882672092909,0.447657194258805
COPD,EUR_EAS,EUR_EAS_04,0.001,MELD_lambda0_true − AMR,0.203218107364135,0.0189077162279901,0.169407933841307,0.243475519831351
COPD,EUR_EAS,EUR_EAS_04,0.001,MELD_lambda0_true − MELD_lambda0_equal,-0.00209903782382411,0.00708810021484888,-0.016691930842385,0.0111475120228162
COPD,EUR_EAS,EUR_EAS_04,0.001,MELD_lambda0_true − MELD_lambda0_scrambled,0.132089770514107,0.0140027028481453,0.107674960105441,0.1620027466349
COPD,EUR_EAS,EUR_EAS_04,0.001,MELD_lambda1_true − MELD_lambda0_true,-0.00427282584650241,0.00191535057676854,-0.00822488469728992,-0.000583668852676835
COPD,EUR_EAS,EUR_EAS_04,0.01,MELD_lambda0_true − EUR,0.0952766367021444,0.0106161830465025,0.0740753910033051,0.11606910073657
COPD,EUR_EAS,EUR_EAS_04,0.01,MELD_lambda0_true − EAS,0.0650860813344576,0.00920651299883853,0.0473646563728361,0.082595999470337
COPD,EUR_EAS,EUR_EAS_04,0.01,MELD_lambda0_true − AFR,0.306896362367028,0.0241907810053766,0.261012125866983,0.354727383286551
COPD,EUR_EAS,EUR_EAS_04,0.01,MELD_lambda0_true − AMR,0.132664703003583,0.0166340644238786,0.102549130322395,0.167384844599526
COPD,EUR_EAS,EUR_EAS_04,0.01,MELD_lambda0_true − MELD_lambda0_equal,0.0142488634370888,0.0036386521917658,0.00721648046549953,0.0213025426313461
COPD,EUR_EAS,EUR_EAS_04,0.01,MELD_lambda0_true − MELD_lambda0_scrambled,0.102530719822263,0.00980832872567754,0.084445529354998,0.122239441706123
COPD,EUR_EAS,EUR_EAS_04,0.01,MELD_lambda1_true − MELD_lambda0_true,-0.00197382683020322,0.00115258410010992,-0.00443869960426409,7.04114031042879e-06
COPD,EUR_EAS,EUR_EAS_04,0.1,MELD_lambda0_true − EUR,0.0776921390331593,0.00820011034922055,0.0618454837261862,0.0944278747558674
COPD,EUR_EAS,EUR_EAS_04,0.1,MELD_lambda0_true − EAS,0.0466902145728634,0.00664974830775909,0.0336906979689663,0.0593941170767543
COPD,EUR_EAS,EUR_EAS_04,0.1,MELD_lambda0_true − AFR,0.244924766497879,0.0189930350278259,0.207652498749481,0.282858947317462
COPD,EUR_EAS,EUR_EAS_04,0.1,MELD_lambda0_true − AMR,0.105216991696937,0.0136317627686883,0.0807350155349857,0.132529306392888
COPD,EUR_EAS,EUR_EAS_04,0.1,MELD_lambda0_true − MELD_lambda0_equal,0.0166279980011232,0.00302076085977351,0.0108549630862125,0.022666452377998
COPD,EUR_EAS,EUR_EAS_04,0.1,MELD_lambda0_true − MELD_lambda0_scrambled,0.0856075984314118,0.00721424106882814,0.0719066105991501,0.0994096510144716
COPD,EUR_EAS,EUR_EAS_04,0.1,MELD_lambda1_true − MELD_lambda0_true,-0.00277564337618128,0.00102233808187851,-0.00496178123365367,-0.000979685703428352
COPD,EUR_EAS,EUR_EAS_05,0.001,MELD_lambda0_true − EUR,0.132199066083058,0.0142313841451112,0.104573068583273,0.15958885053705
COPD,EUR_EAS,EUR_EAS_05,0.001,MELD_lambda0_true − EAS,0.153116370149557,0.0156706224955376,0.122406434820732,0.184086988437231
COPD,EUR_EAS,EUR_EAS_05,0.001,MELD_lambda0_true − AFR,0.401687754783611,0.0275749463841251,0.346412909971332,0.456292990888721
COPD,EUR_EAS,EUR_EAS_05,0.001,MELD_lambda0_true − AMR,0.186021003697227,0.0188685145813756,0.147604160545771,0.222948114692743
COPD,EUR_EAS,EUR_EAS_05,0.001,MELD_lambda0_true − MELD_lambda0_equal,-0.00683469601171602,0.00575077729652147,-0.0178332066303204,0.00492105265991338
COPD,EUR_EAS,EUR_EAS_05,0.001,MELD_lambda0_true − MELD_lambda0_scrambled,0,0,0,0
COPD,EUR_EAS,EUR_EAS_05,0.001,MELD_lambda1_true − MELD_lambda0_true,-0.00263182677084919,0.00195650702707907,-0.00686078536860014,0.000881169388797283
COPD,EUR_EAS,EUR_EAS_05,0.01,MELD_lambda0_true − EUR,0.0676670933107244,0.00853501440147516,0.0503149543761569,0.0842301722453962
COPD,EUR_EAS,EUR_EAS_05,0.01,MELD_lambda0_true − EAS,0.0791210923282421,0.00835390771923876,0.0626017100280004,0.0956006553067535
COPD,EUR_EAS,EUR_EAS_05,0.01,MELD_lambda0_true − AFR,0.304488760609862,0.0280795380148419,0.249295848616029,0.358015587975428
COPD,EUR_EAS,EUR_EAS_05,0.01,MELD_lambda0_true − AMR,0.129477814145781,0.0174809339530625,0.0956309116807748,0.162696491567975
COPD,EUR_EAS,EUR_EAS_05,0.01,MELD_lambda0_true − MELD_lambda0_equal,0.0144214295299439,0.00443867922733097,0.00578175571376565,0.0232122745962525
COPD,EUR_EAS,EUR_EAS_05,0.01,MELD_lambda0_true − MELD_lambda0_scrambled,0,0,0,0
COPD,EUR_EAS,EUR_EAS_05,0.01,MELD_lambda1_true − MELD_lambda0_true,-0.00179154552268366,0.00110878460726715,-0.00400532219973662,0.000354477446670205
COPD,EUR_EAS,EUR_EAS_05,0.1,MELD_lambda0_true − EUR,0.0520560460887369,0.00753794134652536,0.0372401846500417,0.0662602875273894
COPD,EUR_EAS,EUR_EAS_05,0.1,MELD_lambda0_true − EAS,0.0606734915554372,0.00578520548544568,0.0497633903237903,0.0726360522172335
COPD,EUR_EAS,EUR_EAS_05,0.1,MELD_lambda0_true − AFR,0.239858825405924,0.0245679917489314,0.191568651722754,0.287493994931506
COPD,EUR_EAS,EUR_EAS_05,0.1,MELD_lambda0_true − AMR,0.0979657032778356,0.0136385930817742,0.0704539228788923,0.124671806052838
COPD,EUR_EAS,EUR_EAS_05,0.1,MELD_lambda0_true − MELD_lambda0_equal,0.0162140953293824,0.00409936244740678,0.00905403289779451,0.0250973627987719
COPD,EUR_EAS,EUR_EAS_05,0.1,MELD_lambda0_true − MELD_lambda0_scrambled,0,0,0,0
COPD,EUR_EAS,EUR_EAS_05,0.1,MELD_lambda1_true − MELD_lambda0_true,-0.00223886681485004,0.00075603166394413,-0.00369894310688084,-0.00079891962783206
COPD,EUR_EAS,EUR_EAS_06,0.001,MELD_lambda0_true − EUR,0.118322730079645,0.0146965964183992,0.08918850569817,0.146018731632341
COPD,EUR_EAS,EUR_EAS_06,0.001,MELD_lambda0_true − EAS,0.170940982594752,0.0158190804531149,0.139423510022572,0.20213992877928
COPD,EUR_EAS,EUR_EAS_06,0.001,MELD_lambda0_true − AFR,0.408432790698038,0.0305295816598367,0.347695932912854,0.465280665999174
COPD,EUR_EAS,EUR_EAS_06,0.001,MELD_lambda0_true − AMR,0.195361418310713,0.02282426213148,0.150932883927396,0.239085926197147
COPD,EUR_EAS,EUR_EAS_06,0.001,MELD_lambda0_true − MELD_lambda0_equal,-0.00258930487714195,0.00586957278095101,-0.0145414802131794,0.00871418157150373
COPD,EUR_EAS,EUR_EAS_06,0.001,MELD_lambda0_true − MELD_lambda0_scrambled,0.140770130693482,0.0174246262760793,0.107181707323682,0.174774803370846
COPD,EUR_EAS,EUR_EAS_06,0.001,MELD_lambda1_true − MELD_lambda0_true,-0.00374927692444949,0.00202697376802971,-0.00808656891422592,-3.95253751963995e-05
COPD,EUR_EAS,EUR_EAS_06,0.01,MELD_lambda0_true − EUR,0.06263879892582,0.00869667246609034,0.0441766030249529,0.0784857343194504
COPD,EUR_EAS,EUR_EAS_06,0.01,MELD_lambda0_true − EAS,0.0907849580260343,0.0105557130873941,0.0700018084035665,0.111139374905064
COPD,EUR_EAS,EUR_EAS_06,0.01,MELD_lambda0_true − AFR,0.311759696249832,0.0293315154958823,0.253474076857536,0.370381217041261
COPD,EUR_EAS,EUR_EAS_06,0.01,MELD_lambda0_true − AMR,0.129331936600132,0.0183818379110059,0.0907691392442329,0.164925479163911
COPD,EUR_EAS,EUR_EAS_06,0.01,MELD_lambda0_true − MELD_lambda0_equal,0.013040798431389,0.00349341669898203,0.00642666983603416,0.0199266055673956
COPD,EUR_EAS,EUR_EAS_06,0.01,MELD_lambda0_true − MELD_lambda0_scrambled,0.109258410475293,0.0144757420367723,0.0820705288693563,0.137376750999735
COPD,EUR_EAS,EUR_EAS_06,0.01,MELD_lambda1_true − MELD_lambda0_true,-0.00223551352650946,0.00133456926941508,-0.00500553912231662,0.000188226508402523
COPD,EUR_EAS,EUR_EAS_06,0.1,MELD_lambda0_true − EUR,0.0503460640812708,0.00703210327042501,0.0369187659004481,0.0634238228476675
COPD,EUR_EAS,EUR_EAS_06,0.1,MELD_lambda0_true − EAS,0.0682058702774691,0.00720970501098393,0.0545461102376216,0.0821639876081669
COPD,EUR_EAS,EUR_EAS_06,0.1,MELD_lambda0_true − AFR,0.239975345302822,0.0234653718000662,0.195928339785008,0.288201801825161
COPD,EUR_EAS,EUR_EAS_06,0.1,MELD_lambda0_true − AMR,0.0937314108023856,0.012742329210162,0.0684410315626433,0.117341349599179
COPD,EUR_EAS,EUR_EAS_06,0.1,MELD_lambda0_true − MELD_lambda0_equal,0.0159176289033914,0.00310733598431727,0.00984082518879853,0.0219957403944021
COPD,EUR_EAS,EUR_EAS_06,0.1,MELD_lambda0_true − MELD_lambda0_scrambled,0.0904846772230187,0.0112694411667963,0.0685238923259573,0.112111528552166
COPD,EUR_EAS,EUR_EAS_06,0.1,MELD_lambda1_true − MELD_lambda0_true,-0.00288549337633687,0.000963659038619243,-0.0049079019993258,-0.00115928840344883
COPD,EUR_EAS,EUR_EAS_07,0.001,MELD_lambda0_true − EUR,0.101019959378677,0.0117447830497403,0.0778177027806662,0.123507134710037
COPD,EUR_EAS,EUR_EAS_07,0.001,MELD_lambda0_true − EAS,0.234686806108665,0.0212409222486882,0.192295449938282,0.275471668817711
COPD,EUR_EAS,EUR_EAS_07,0.001,MELD_lambda0_true − AFR,0.382502173684069,0.0214277594829915,0.339293440558969,0.423286668446811
COPD,EUR_EAS,EUR_EAS_07,0.001,MELD_lambda0_true − AMR,0.203502158169682,0.0220848855915082,0.159922143311261,0.246574120731117
COPD,EUR_EAS,EUR_EAS_07,0.001,MELD_lambda0_true − MELD_lambda0_equal,-0.00254428186670532,0.00584437339388994,-0.0143272415104675,0.00872131591504611
COPD,EUR_EAS,EUR_EAS_07,0.001,MELD_lambda0_true − MELD_lambda0_scrambled,0,0,0,0
COPD,EUR_EAS,EUR_EAS_07,0.001,MELD_lambda1_true − MELD_lambda0_true,-0.00479699626710713,0.00120913921777525,-0.0072483410990849,-0.00245092031463521
COPD,EUR_EAS,EUR_EAS_07,0.01,MELD_lambda0_true − EUR,0.0520551175047199,0.00668011443283483,0.0382436307138882,0.0645641051375957
COPD,EUR_EAS,EUR_EAS_07,0.01,MELD_lambda0_true − EAS,0.120377423988026,0.0167584147293039,0.0878359604765012,0.154554293375532
COPD,EUR_EAS,EUR_EAS_07,0.01,MELD_lambda0_true − AFR,0.292974750445221,0.0236413247734913,0.247904577739024,0.339867774098859
COPD,EUR_EAS,EUR_EAS_07,0.01,MELD_lambda0_true − AMR,0.129190146003509,0.0177692369288942,0.0952578700786108,0.163666279043547
COPD,EUR_EAS,EUR_EAS_07,0.01,MELD_lambda0_true − MELD_lambda0_equal,0.013193533905921,0.00414497610724898,0.00508751428541738,0.0214344730943853
COPD,EUR_EAS,EUR_EAS_07,0.01,MELD_lambda0_true − MELD_lambda0_scrambled,0,0,0,0
COPD,EUR_EAS,EUR_EAS_07,0.01,MELD_lambda1_true − MELD_lambda0_true,-0.00202155728599657,0.00120282137512722,-0.00431456925696002,0.00039133398736252
COPD,EUR_EAS,EUR_EAS_07,0.1,MELD_lambda0_true − EUR,0.036725377786105,0.00432527218384107,0.0281534733191056,0.044802720807263
COPD,EUR_EAS,EUR_EAS_07,0.1,MELD_lambda0_true − EAS,0.08476692390485,0.011900195935109,0.063346487343906,0.109290730727116
COPD,EUR_EAS,EUR_EAS_07,0.1,MELD_lambda0_true − AFR,0.233068811796271,0.0202835131499216,0.19387800894903,0.273009430602008
COPD,EUR_EAS,EUR_EAS_07,0.1,MELD_lambda0_true − AMR,0.090782245335372,0.0130923707710771,0.0657996424846124,0.116665693403827
COPD,EUR_EAS,EUR_EAS_07,0.1,MELD_lambda0_true − MELD_lambda0_equal,0.0134725793287996,0.00356199033131231,0.00643579717554469,0.0206523641710437
COPD,EUR_EAS,EUR_EAS_07,0.1,MELD_lambda0_true − MELD_lambda0_scrambled,0,0,0,0
COPD,EUR_EAS,EUR_EAS_07,0.1,MELD_lambda1_true − MELD_lambda0_true,-0.0028897927243,0.00113185780341111,-0.00516899274305489,-0.000697198819190217
COPD,EUR_EAS,EUR_EAS_08,0.001,MELD_lambda0_true − EUR,0.0730066718376977,0.0112982336416817,0.0507741096428891,0.0953945721283148
COPD,EUR_EAS,EUR_EAS_08,0.001,MELD_lambda0_true − EAS,0.221086007627488,0.0179947611259144,0.184202729136979,0.254541149455958
COPD,EUR_EAS,EUR_EAS_08,0.001,MELD_lambda0_true − AFR,0.399942632698763,0.0255395163913704,0.348509695232821,0.445223482590256
COPD,EUR_EAS,EUR_EAS_08,0.001,MELD_lambda0_true − AMR,0.166413347205824,0.0213984827844608,0.125720839725051,0.208274714468981
COPD,EUR_EAS,EUR_EAS_08,0.001,MELD_lambda0_true − MELD_lambda0_equal,-0.00617522483757747,0.00781719205094048,-0.0205402982444241,0.00994163578492819
COPD,EUR_EAS,EUR_EAS_08,0.001,MELD_lambda0_true − MELD_lambda0_scrambled,0.101823335935657,0.0118536434677685,0.0804736003439134,0.126150340420556
COPD,EUR_EAS,EUR_EAS_08,0.001,MELD_lambda1_true − MELD_lambda0_true,-0.00261675275832447,0.00116277326853272,-0.00486288615376336,-0.00031282339428179
COPD,EUR_EAS,EUR_EAS_08,0.01,MELD_lambda0_true − EUR,0.0349746546045297,0.00536134906478783,0.0236700072340402,0.0450972747814642
COPD,EUR_EAS,EUR_EAS_08,0.01,MELD_lambda0_true − EAS,0.12672696790922,0.0157229684920049,0.0967973660578962,0.157432522005364
COPD,EUR_EAS,EUR_EAS_08,0.01,MELD_lambda0_true − AFR,0.296596017830823,0.0260111560355537,0.244768215409685,0.346082846819947
COPD,EUR_EAS,EUR_EAS_08,0.01,MELD_lambda0_true − AMR,0.115060217946775,0.0145441279529769,0.0886957744884874,0.144915396169509
COPD,EUR_EAS,EUR_EAS_08,0.01,MELD_lambda0_true − MELD_lambda0_equal,0.0129716896392428,0.0034989601861068,0.00608232949703535,0.019924115714616
COPD,EUR_EAS,EUR_EAS_08,0.01,MELD_lambda0_true − MELD_lambda0_scrambled,0.0879605570128109,0.0088886089083874,0.0711124173183601,0.105962077696183
COPD,EUR_EAS,EUR_EAS_08,0.01,MELD_lambda1_true − MELD_lambda0_true,-0.000802040464690328,0.000983207075531957,-0.00276629460820388,0.00104423597490305
COPD,EUR_EAS,EUR_EAS_08,0.1,MELD_lambda0_true − EUR,0.0253123709434276,0.00404017744765828,0.0179405539655551,0.0334162644740568
COPD,EUR_EAS,EUR_EAS_08,0.1,MELD_lambda0_true − EAS,0.0964235087743926,0.0118500817347156,0.0744371182690702,0.120087380626833
COPD,EUR_EAS,EUR_EAS_08,0.1,MELD_lambda0_true − AFR,0.235338597153551,0.0232363288134316,0.192213870214572,0.282769550769402
COPD,EUR_EAS,EUR_EAS_08,0.1,MELD_lambda0_true − AMR,0.089303254400482,0.0106729658525787,0.0684422083116919,0.11032230217162
COPD,EUR_EAS,EUR_EAS_08,0.1,MELD_lambda0_true − MELD_lambda0_equal,0.014457194676963,0.0028551805493679,0.00870390614443056,0.020061712086909
COPD,EUR_EAS,EUR_EAS_08,0.1,MELD_lambda0_true − MELD_lambda0_scrambled,0.0758073030320821,0.00677024130175528,0.06282985909852,0.0895167608945057
COPD,EUR_EAS,EUR_EAS_08,0.1,MELD_lambda1_true − MELD_lambda0_true,-0.00123139136341505,0.000885342247425454,-0.00297873891101955,0.0005027149158433
COPD,EUR_EAS,EUR_EAS_09,0.001,MELD_lambda0_true − EUR,0.0748106470471734,0.0130961807186658,0.0490407527804494,0.0993707135429778
COPD,EUR_EAS,EUR_EAS_09,0.001,MELD_lambda0_true − EAS,0.235990290080947,0.0156529779186673,0.204278964068399,0.265599276945919
COPD,EUR_EAS,EUR_EAS_09,0.001,MELD_lambda0_true − AFR,0.412975097649427,0.0259802237457482,0.35765042514272,0.459731976844997
COPD,EUR_EAS,EUR_EAS_09,0.001,MELD_lambda0_true − AMR,0.171302119913668,0.0207761566888312,0.129828952135881,0.210752738827862
COPD,EUR_EAS,EUR_EAS_09,0.001,MELD_lambda0_true − MELD_lambda0_equal,0.00966183088049808,0.00738176408595753,-0.00436915073258537,0.0247444291252788
COPD,EUR_EAS,EUR_EAS_09,0.001,MELD_lambda0_true − MELD_lambda0_scrambled,0.1037962732203,0.011963282555541,0.0806391867888283,0.127221294207017
COPD,EUR_EAS,EUR_EAS_09,0.001,MELD_lambda1_true − MELD_lambda0_true,-0.000858753459974606,0.00164712577040259,-0.00406563513201908,0.00229104948830412
COPD,EUR_EAS,EUR_EAS_09,0.01,MELD_lambda0_true − EUR,0.0326643920010283,0.00697632971527707,0.0200324817459311,0.0472574463594209
COPD,EUR_EAS,EUR_EAS_09,0.01,MELD_lambda0_true − EAS,0.124456824368284,0.00945848024691154,0.106398044037092,0.143216141646807
COPD,EUR_EAS,EUR_EAS_09,0.01,MELD_lambda0_true − AFR,0.3000735502282,0.0239077845336948,0.251700908993556,0.345805910902559
COPD,EUR_EAS,EUR_EAS_09,0.01,MELD_lambda0_true − AMR,0.125724198742311,0.0173065887712377,0.0916477371747011,0.159090587395428
COPD,EUR_EAS,EUR_EAS_09,0.01,MELD_lambda0_true − MELD_lambda0_equal,0.0208000905068258,0.00520000552123666,0.0115728805804171,0.0317218055639233
COPD,EUR_EAS,EUR_EAS_09,0.01,MELD_lambda0_true − MELD_lambda0_scrambled,0.0605295545853416,0.0064375052868175,0.0476016309289754,0.0726213492853308
COPD,EUR_EAS,EUR_EAS_09,0.01,MELD_lambda1_true − MELD_lambda0_true,-0.000911670197045328,0.000955296844347561,-0.0028946228004733,0.000948271733890977
COPD,EUR_EAS,EUR_EAS_09,0.1,MELD_lambda0_true − EUR,0.0195918329131137,0.00452807397473336,0.0115560139709231,0.0289261595027267
COPD,EUR_EAS,EUR_EAS_09,0.1,MELD_lambda0_true − EAS,0.0968452168276206,0.0087744837951643,0.0799427800543271,0.114717719905235
COPD,EUR_EAS,EUR_EAS_09,0.1,MELD_lambda0_true − AFR,0.234148351794325,0.0190321103622244,0.195280926370044,0.269811719182543
COPD,EUR_EAS,EUR_EAS_09,0.1,MELD_lambda0_true − AMR,0.0907280653401943,0.0110008231306647,0.0688143051480884,0.111956258497814
COPD,EUR_EAS,EUR_EAS_09,0.1,MELD_lambda0_true − MELD_lambda0_equal,0.0161710484911685,0.00376362407492951,0.00921218978565982,0.0238717588752321
COPD,EUR_EAS,EUR_EAS_09,0.1,MELD_lambda0_true − MELD_lambda0_scrambled,0.0475865446674772,0.005237883417107,0.0373752058540467,0.0581235793664177
COPD,EUR_EAS,EUR_EAS_09,0.1,MELD_lambda1_true − MELD_lambda0_true,-0.00174081494812162,0.00079093982360971,-0.00325820664672031,-0.000216043118240452
COPD,EUR_EAS,EUR_EAS_10,0.001,MELD_lambda0_true − EUR,0.039006007987059,0.00861519769909389,0.0221627671925135,0.055889880084211
COPD,EUR_EAS,EUR_EAS_10,0.001,MELD_lambda0_true − EAS,0.28235489368147,0.0206884912393293,0.240548291126924,0.322195645491101
COPD,EUR_EAS,EUR_EAS_10,0.001,MELD_lambda0_true − AFR,0.387896057898338,0.029096406793802,0.328709188157206,0.441449142425401
COPD,EUR_EAS,EUR_EAS_10,0.001,MELD_lambda0_true − AMR,0.163572187384847,0.0224036639449225,0.120734503653669,0.207272049209272
COPD,EUR_EAS,EUR_EAS_10,0.001,MELD_lambda0_true − MELD_lambda0_equal,0.00194509555650468,0.00751142183241068,-0.0121750117703411,0.0166685509171811
COPD,EUR_EAS,EUR_EAS_10,0.001,MELD_lambda0_true − MELD_lambda0_scrambled,0.196808929304337,0.0163243907860876,0.166855283227616,0.229915632549699
COPD,EUR_EAS,EUR_EAS_10,0.001,MELD_lambda1_true − MELD_lambda0_true,2.60233080893563e-05,0.000893670773144351,-0.00163826475266824,0.00189499574670376
COPD,EUR_EAS,EUR_EAS_10,0.01,MELD_lambda0_true − EUR,0.0185376039026146,0.00397420271553355,0.0111100928464381,0.0270638326606979
COPD,EUR_EAS,EUR_EAS_10,0.01,MELD_lambda0_true − EAS,0.148270091714876,0.0147923155748045,0.117964624538132,0.176451921279354
COPD,EUR_EAS,EUR_EAS_10,0.01,MELD_lambda0_true − AFR,0.301232561743954,0.0257478695002174,0.251005828272807,0.349771840717609
COPD,EUR_EAS,EUR_EAS_10,0.01,MELD_lambda0_true − AMR,0.11482391506033,0.0180486451351806,0.0796837243539696,0.150529625439809
COPD,EUR_EAS,EUR_EAS_10,0.01,MELD_lambda0_true − MELD_lambda0_equal,0.0196589218189454,0.00498237887101443,0.0104183891832703,0.0298018909305616
COPD,EUR_EAS,EUR_EAS_10,0.01,MELD_lambda0_true − MELD_lambda0_scrambled,0.153082926682646,0.0129598962223491,0.12722775998218,0.178998993750616
COPD,EUR_EAS,EUR_EAS_10,0.01,MELD_lambda1_true − MELD_lambda0_true,-0.000608573871008599,0.000807044184540472,-0.0023846169021057,0.000861694610765946
COPD,EUR_EAS,EUR_EAS_10,0.1,MELD_lambda0_true − EUR,0.0106301285448226,0.00189368040717142,0.00705703131425082,0.0142767833224306
COPD,EUR_EAS,EUR_EAS_10,0.1,MELD_lambda0_true − EAS,0.113410821565256,0.0111020112330949,0.0927103842217666,0.135305335347167
COPD,EUR_EAS,EUR_EAS_10,0.1,MELD_lambda0_true − AFR,0.233280002629392,0.0221291812261877,0.190719770085216,0.277670395326395
COPD,EUR_EAS,EUR_EAS_10,0.1,MELD_lambda0_true − AMR,0.0818456484686952,0.0106896417087794,0.0619607011016418,0.101930881369178
COPD,EUR_EAS,EUR_EAS_10,0.1,MELD_lambda0_true − MELD_lambda0_equal,0.0180983674228171,0.00419514155459706,0.0100189200379915,0.0263335081986
COPD,EUR_EAS,EUR_EAS_10,0.1,MELD_lambda0_true − MELD_lambda0_scrambled,0.120740078657068,0.0121208271319463,0.0968821264551217,0.145497554532356
COPD,EUR_EAS,EUR_EAS_10,0.1,MELD_lambda1_true − MELD_lambda0_true,-0.00118930659719881,0.000679655350195508,-0.00265197203150726,5.23692810413975e-05
COPD,EUR_EAS,EUR_EAS_11,0.001,MELD_lambda0_true − EUR,3.56509803144474e-15,1.6996014192712e-14,-2.81266556299633e-14,3.77635958838159e-14
COPD,EUR_EAS,EUR_EAS_11,0.001,MELD_lambda0_true − EAS,0.244873602169903,0.0186977849134723,0.206825602991005,0.280228104930695
COPD,EUR_EAS,EUR_EAS_11,0.001,MELD_lambda0_true − AFR,0.403671757475,0.025365744693657,0.352634163903464,0.451686624153831
COPD,EUR_EAS,EUR_EAS_11,0.001,MELD_lambda0_true − AMR,0.135468633736818,0.0200409958071339,0.0938356628952273,0.172988816719272
COPD,EUR_EAS,EUR_EAS_11,0.001,MELD_lambda0_true − MELD_lambda0_equal,-0.0238909352459323,0.0148412294369283,-0.0525572595465672,0.00439502245308936
COPD,EUR_EAS,EUR_EAS_11,0.001,MELD_lambda0_true − MELD_lambda0_scrambled,0.403671757352665,0.0259877758618468,0.351242605139089,0.452660613969667
COPD,EUR_EAS,EUR_EAS_11,0.001,MELD_lambda1_true − MELD_lambda0_true,0,0,0,0
COPD,EUR_EAS,EUR_EAS_11,0.01,MELD_lambda0_true − EUR,-8.4579240294305e-16,1.05943264428127e-15,-2.90431557874127e-15,1.18547702894496e-15
COPD,EUR_EAS,EUR_EAS_11,0.01,MELD_lambda0_true − EAS,0.151358482230132,0.0113015321553184,0.128310003302252,0.172579053673337
COPD,EUR_EAS,EUR_EAS_11,0.01,MELD_lambda0_true − AFR,0.33958823027706,0.0240625410532266,0.290580002484072,0.385426211127542
COPD,EUR_EAS,EUR_EAS_11,0.01,MELD_lambda0_true − AMR,0.105194381298684,0.0154277722911298,0.075018372508935,0.134148445154761
COPD,EUR_EAS,EUR_EAS_11,0.01,MELD_lambda0_true − MELD_lambda0_equal,0.0162775429732897,0.00640780847560689,0.00267280016758969,0.0275082408863354
COPD,EUR_EAS,EUR_EAS_11,0.01,MELD_lambda0_true − MELD_lambda0_scrambled,0.339588230430433,0.0255893508474109,0.286150721592229,0.387569921992653
COPD,EUR_EAS,EUR_EAS_11,0.01,MELD_lambda1_true − MELD_lambda0_true,0,0,0,0
COPD,EUR_EAS,EUR_EAS_11,0.1,MELD_lambda0_true − EUR,-1.69278145345755e-16,3.09432906789461e-16,-7.50233644243438e-16,4.63127052215041e-16
COPD,EUR_EAS,EUR_EAS_11,0.1,MELD_lambda0_true − EAS,0.127165371591038,0.0120648000942601,0.104562649238999,0.151706545663291
COPD,EUR_EAS,EUR_EAS_11,0.1,MELD_lambda0_true − AFR,0.265120504371485,0.0220811763487121,0.219580143494924,0.306700729826026
COPD,EUR_EAS,EUR_EAS_11,0.1,MELD_lambda0_true − AMR,0.0833167644170872,0.0113109176113312,0.0608963830104432,0.104875440959074
COPD,EUR_EAS,EUR_EAS_11,0.1,MELD_lambda0_true − MELD_lambda0_equal,0.01964968324935,0.00480130294942645,0.0099053191278419,0.0284076470861785
COPD,EUR_EAS,EUR_EAS_11,0.1,MELD_lambda0_true − MELD_lambda0_scrambled,0.265120504628888,0.0216836832372504,0.221151687165037,0.306389021924731
COPD,EUR_EAS,EUR_EAS_11,0.1,MELD_lambda1_true − MELD_lambda0_true,0,0,0,0
COPD,multi,equal,0.001,MELD_lambda0_true − EUR,0.255566029038356,0.0118191650499074,0.230999415831767,0.27642863150151
COPD,multi,equal,0.001,MELD_lambda0_true − EAS,0.338299971269419,0.0146709964255981,0.30988852178663,0.366176714490961
COPD,multi,equal,0.001,MELD_lambda0_true − AFR,0.372485971080221,0.0240282165773613,0.322409424896783,0.415202267367932
COPD,multi,equal,0.001,MELD_lambda0_true − AMR,0.242942881828237,0.0197270964534725,0.205982277663368,0.2821282291341
COPD,multi,equal,0.001,MELD_lambda0_true − MELD_lambda0_equal,0,0,0,0
COPD,multi,equal,0.001,MELD_lambda0_true − MELD_lambda0_scrambled,0,0,0,0
COPD,multi,equal,0.001,MELD_lambda1_true − MELD_lambda0_true,-0.00357450240621116,0.00156479384793938,-0.00671605032315102,-0.000635070856648493
COPD,multi,equal,0.01,MELD_lambda0_true − EUR,0.128667832817635,0.00916749585973288,0.108274051858651,0.145422065097667
COPD,multi,equal,0.01,MELD_lambda0_true − EAS,0.166752045800506,0.0107292604877013,0.146138678302236,0.187604840343439
COPD,multi,equal,0.01,MELD_lambda0_true − AFR,0.263094962066905,0.020596637326566,0.21972324345248,0.30038742155826
COPD,multi,equal,0.01,MELD_lambda0_true − AMR,0.147004630618401,0.0150584544029915,0.117872034840705,0.176762975600569
COPD,multi,equal,0.01,MELD_lambda0_true − MELD_lambda0_equal,0,0,0,0
COPD,multi,equal,0.01,MELD_lambda0_true − MELD_lambda0_scrambled,0,0,0,0
COPD,multi,equal,0.01,MELD_lambda1_true − MELD_lambda0_true,-0.00242011438829383,0.00109306159130197,-0.00464573372569029,-0.000382599598589924
COPD,multi,equal,0.1,MELD_lambda0_true − EUR,0.0880091601465146,0.00843899318683057,0.0692898671145486,0.102651072865091
COPD,multi,equal,0.1,MELD_lambda0_true − EAS,0.11864737529145,0.00904587741432032,0.101548817723628,0.136649955206385
COPD,multi,equal,0.1,MELD_lambda0_true − AFR,0.190827041954929,0.0150307418753219,0.158803930736554,0.219369603047096
COPD,multi,equal,0.1,MELD_lambda0_true − AMR,0.103851855327345,0.00964855024535692,0.0846581702886012,0.122462164626618
COPD,multi,equal,0.1,MELD_lambda0_true − MELD_lambda0_equal,0,0,0,0
COPD,multi,equal,0.1,MELD_lambda0_true − MELD_lambda0_scrambled,0,0,0,0
COPD,multi,equal,0.1,MELD_lambda1_true − MELD_lambda0_true,-0.00366973475465258,0.00114377602706097,-0.00596044879241364,-0.00142786350598127
COPD,multi,reported,0.001,MELD_lambda0_true − EUR,0.0948918361622654,0.0133717361994256,0.0693985986229255,0.121235988622044
COPD,multi,reported,0.001,MELD_lambda0_true − EAS,0.284856049137945,0.0220988383791458,0.241128034649064,0.329083057980462
COPD,multi,reported,0.001,MELD_lambda0_true − AFR,0.419035125065715,0.0309463328042652,0.355474304121284,0.475339498273954
COPD,multi,reported,0.001,MELD_lambda0_true − AMR,0.200285327070289,0.0242991169075879,0.152754081078136,0.24872831029371
COPD,multi,reported,0.001,MELD_lambda0_true − MELD_lambda0_equal,0.0127265247435456,0.00558349995396288,0.00150417446099053,0.0236496080450488
COPD,multi,reported,0.001,MELD_lambda0_true − MELD_lambda0_scrambled,0,0,0,0
COPD,multi,reported,0.001,MELD_lambda1_true − MELD_lambda0_true,-0.00404743426955645,0.0013984373847287,-0.00688711655939556,-0.00126650975798284
COPD,multi,reported,0.01,MELD_lambda0_true − EUR,0.0363159818815731,0.0057212585086802,0.0250350903970877,0.047186722731317
COPD,multi,reported,0.01,MELD_lambda0_true − EAS,0.145921232396199,0.0125744893176582,0.120481687252274,0.169075526454714
COPD,multi,reported,0.01,MELD_lambda0_true − AFR,0.320374905545596,0.0268856344914577,0.266166066025132,0.369153528036725
COPD,multi,reported,0.01,MELD_lambda0_true − AMR,0.135094327115308,0.017878585711712,0.100405573812306,0.170486427980025
COPD,multi,reported,0.01,MELD_lambda0_true − MELD_lambda0_equal,0.0206468996421955,0.00339766932427122,0.0142131630339636,0.0273679459183283
COPD,multi,reported,0.01,MELD_lambda0_true − MELD_lambda0_scrambled,0,0,0,0
COPD,multi,reported,0.01,MELD_lambda1_true − MELD_lambda0_true,-0.00251150262235147,0.00100469349159253,-0.00464065617767738,-0.000695097996232004
COPD,multi,reported,0.1,MELD_lambda0_true − EUR,0.025340088422576,0.00349523007340033,0.0186348300708012,0.0322320170339782
COPD,multi,reported,0.1,MELD_lambda0_true − EAS,0.104092845458988,0.00917389981021608,0.086165361910734,0.122736487564336
COPD,multi,reported,0.1,MELD_lambda0_true − AFR,0.246509251008683,0.0204590370820152,0.205303630613173,0.28542938875373
COPD,multi,reported,0.1,MELD_lambda0_true − AMR,0.0968754484028013,0.0122499676091338,0.0729148073739261,0.120955197020065
COPD,multi,reported,0.1,MELD_lambda0_true − MELD_lambda0_equal,0.0172331141763789,0.00274761924375997,0.0121861502643933,0.0228445578452573
COPD,multi,reported,0.1,MELD_lambda0_true − MELD_lambda0_scrambled,0,0,0,0
COPD,multi,reported,0.1,MELD_lambda1_true − MELD_lambda0_true,-0.00278814864381131,0.000967534502902078,-0.00496328400923482,-0.00115773249282554
COPD,multi,w25rest,0.001,MELD_lambda0_true − EUR,0.242901730082388,0.0127101683610322,0.218266394870111,0.267120779464142
COPD,multi,w25rest,0.001,MELD_lambda0_true − EAS,0.343884804177653,0.0217236522421032,0.300353429001006,0.385470287428384
COPD,multi,w25rest,0.001,MELD_lambda0_true − AFR,0.34119684986808,0.0215211327905272,0.294100976901012,0.38079519622988
COPD,multi,w25rest,0.001,MELD_lambda0_true − AMR,0.254816923908042,0.0200238735298779,0.21565819632458,0.292486420951789
COPD,multi,w25rest,0.001,MELD_lambda0_true − MELD_lambda0_equal,0,0,0,0
COPD,multi,w25rest,0.001,MELD_lambda0_true − MELD_lambda0_scrambled,0,0,0,0
COPD,multi,w25rest,0.001,MELD_lambda1_true − MELD_lambda0_true,-0.00502919427450563,0.00193003842279073,-0.00893339784565223,-0.00135413263793758
COPD,multi,w25rest,0.01,MELD_lambda0_true − EUR,0.1200332828177,0.00811662441801194,0.103795040472988,0.135276018170132
COPD,multi,w25rest,0.01,MELD_lambda0_true − EAS,0.166390763760553,0.00907479265041264,0.148984807807141,0.184532804947958
COPD,multi,w25rest,0.01,MELD_lambda0_true − AFR,0.244492047984641,0.018893354452678,0.208120398997356,0.281215011967785
COPD,multi,w25rest,0.01,MELD_lambda0_true − AMR,0.16408607336018,0.0153715925605918,0.133111207098697,0.192740307030109
COPD,multi,w25rest,0.01,MELD_lambda0_true − MELD_lambda0_equal,0,0,0,0
COPD,multi,w25rest,0.01,MELD_lambda0_true − MELD_lambda0_scrambled,0,0,0,0
COPD,multi,w25rest,0.01,MELD_lambda1_true − MELD_lambda0_true,-0.00451821856515939,0.00139475430730137,-0.00719210344239923,-0.00164255488176852
COPD,multi,w25rest,0.1,MELD_lambda0_true − EUR,0.0846360968032153,0.00689705704696846,0.0712325561421902,0.0979982545876912
COPD,multi,w25rest,0.1,MELD_lambda0_true − EAS,0.117683846369163,0.00623570847548261,0.105364884120432,0.130414912696153
COPD,multi,w25rest,0.1,MELD_lambda0_true − AFR,0.182542758539067,0.0146588144428274,0.152704465375928,0.21144878210264
COPD,multi,w25rest,0.1,MELD_lambda0_true − AMR,0.118178844739386,0.0103969889241872,0.0968561303380631,0.137097453867685
COPD,multi,w25rest,0.1,MELD_lambda0_true − MELD_lambda0_equal,0,0,0,0
COPD,multi,w25rest,0.1,MELD_lambda0_true − MELD_lambda0_scrambled,0,0,0,0
COPD,multi,w25rest,0.1,MELD_lambda1_true − MELD_lambda0_true,-0.00504746310506606,0.00107508958376963,-0.00730559414123265,-0.00294716752353484
COPD,multi,w50rest,0.001,MELD_lambda0_true − EUR,0.191336784568733,0.0144502516231324,0.162971020405037,0.219953555080355
COPD,multi,w50rest,0.001,MELD_lambda0_true − EAS,0.344852841223806,0.0221245683827721,0.301134358543528,0.38681572382045
COPD,multi,w50rest,0.001,MELD_lambda0_true − AFR,0.387657941616269,0.0253174941472254,0.336847283834096,0.434800742950432
COPD,multi,w50rest,0.001,MELD_lambda0_true − AMR,0.235871850774993,0.0237879931251161,0.185012629871964,0.278216536436515
COPD,multi,w50rest,0.001,MELD_lambda0_true − MELD_lambda0_equal,0.00628167357480442,0.0031512981783713,-6.54134707200031e-07,0.0124089533090358
COPD,multi,w50rest,0.001,MELD_lambda0_true − MELD_lambda0_scrambled,0.0296680315714046,0.00602414771056731,0.0172370969543089,0.0413960070545464
COPD,multi,w50rest,0.001,MELD_lambda1_true − MELD_lambda0_true,-0.00468578726525017,0.00197453773401914,-0.00863776257344785,-0.00107540706608847
COPD,multi,w50rest,0.01,MELD_lambda0_true − EUR,0.0854958859367664,0.0091477602494997,0.0683021490282146,0.104109732163449
COPD,multi,w50rest,0.01,MELD_lambda0_true − EAS,0.174816719211245,0.0122814812168741,0.148536387401028,0.197746365862718
COPD,multi,w50rest,0.01,MELD_lambda0_true − AFR,0.27476100014844,0.0265327574085462,0.222227880646851,0.325986336404288
COPD,multi,w50rest,0.01,MELD_lambda0_true − AMR,0.140325782277027,0.0166197986469272,0.10644608236268,0.171970916886878
COPD,multi,w50rest,0.01,MELD_lambda0_true − MELD_lambda0_equal,0.00430654513156261,0.00183424797048617,0.000683078762162111,0.00779133518939679
COPD,multi,w50rest,0.01,MELD_lambda0_true − MELD_lambda0_scrambled,0.0198861584782031,0.0033342377885436,0.0133273233429114,0.0259586971792203
COPD,multi,w50rest,0.01,MELD_lambda1_true − MELD_lambda0_true,-0.0033355232032751,0.00137756560399822,-0.00610514393355809,-0.000744561205125735
COPD,multi,w50rest,0.1,MELD_lambda0_true − EUR,0.0571988411576513,0.00573572198327342,0.0454014292039986,0.067942340088966
COPD,multi,w50rest,0.1,MELD_lambda0_true − EAS,0.121586526190023,0.00954625872713832,0.102977123856419,0.141004330709829
COPD,multi,w50rest,0.1,MELD_lambda0_true − AFR,0.207987225795874,0.0207229356162947,0.164907279257825,0.247129759878086
COPD,multi,w50rest,0.1,MELD_lambda0_true − AMR,0.0934332813161047,0.00987210349106108,0.0744143771078213,0.113386268174139
COPD,multi,w50rest,0.1,MELD_lambda0_true − MELD_lambda0_equal,0.00229773456928437,0.00159020727532341,-0.00096260585440969,0.00531608032850866
COPD,multi,w50rest,0.1,MELD_lambda0_true − MELD_lambda0_scrambled,0.0137240321291871,0.00258195454753272,0.00860086126703192,0.0186411085306801
COPD,multi,w50rest,0.1,MELD_lambda1_true − MELD_lambda0_true,-0.00296690089968954,0.0010100911895052,-0.00495313731245911,-0.000988269951318944
VTE,EUR_AFR,EUR_AFR_01,0.001,MELD_lambda0_true − EUR,0.22152423895046,0.0285790265559911,0.165561971309242,0.278382006880365
VTE,EUR_AFR,EUR_AFR_01,0.001,MELD_lambda0_true − EAS,0.270920830398646,0.030915279443441,0.211039814109145,0.331264716842909
VTE,EUR_AFR,EUR_AFR_01,0.001,MELD_lambda0_true − AFR,-0.00039116107717745,0.000425853488964084,-0.0013792633704488,0.000119292051381149
VTE,EUR_AFR,EUR_AFR_01,0.001,MELD_lambda0_true − AMR,0.165484353688247,0.0176600909893878,0.131874821164433,0.20186087691434
VTE,EUR_AFR,EUR_AFR_01,0.001,MELD_lambda0_true − MELD_lambda0_equal,-0.117121922139854,0.0196585881663688,-0.155006054695216,-0.0768359239820023
VTE,EUR_AFR,EUR_AFR_01,0.001,MELD_lambda0_true − MELD_lambda0_scrambled,0.270920830398657,0.0307223623148228,0.210964274237696,0.327143428399432
VTE,EUR_AFR,EUR_AFR_01,0.001,MELD_lambda1_true − MELD_lambda0_true,0,0,0,0
VTE,EUR_AFR,EUR_AFR_01,0.01,MELD_lambda0_true − EUR,0.176763036567259,0.0228634421292088,0.133291715551993,0.222997065679504
VTE,EUR_AFR,EUR_AFR_01,0.01,MELD_lambda0_true − EAS,0.224256925662443,0.0246562850975977,0.175183410494213,0.271856330777154
VTE,EUR_AFR,EUR_AFR_01,0.01,MELD_lambda0_true − AFR,-0.000490571315969653,0.00054479418622618,-0.00169443855605722,0.000156903490588966
VTE,EUR_AFR,EUR_AFR_01,0.01,MELD_lambda0_true − AMR,0.157452931429956,0.0122698954896325,0.133462334001196,0.180591888383079
VTE,EUR_AFR,EUR_AFR_01,0.01,MELD_lambda0_true − MELD_lambda0_equal,-0.0631298795022338,0.0148484597515115,-0.0909099753757761,-0.0332679916353115
VTE,EUR_AFR,EUR_AFR_01,0.01,MELD_lambda0_true − MELD_lambda0_scrambled,0.224256925662443,0.0247793856538252,0.175467758657576,0.272569223316204
VTE,EUR_AFR,EUR_AFR_01,0.01,MELD_lambda1_true − MELD_lambda0_true,0,0,0,0
VTE,EUR_AFR,EUR_AFR_01,0.1,MELD_lambda0_true − EUR,0.171328380424613,0.0173510868419379,0.136415110858107,0.205780971857186
VTE,EUR_AFR,EUR_AFR_01,0.1,MELD_lambda0_true − EAS,0.211894005883566,0.017796359484921,0.176318290660541,0.246819129663631
VTE,EUR_AFR,EUR_AFR_01,0.1,MELD_lambda0_true − AFR,-0.000550577449932166,0.000575132882298972,-0.0018105731112912,0.00014738056950057
VTE,EUR_AFR,EUR_AFR_01,0.1,MELD_lambda0_true − AMR,0.143633265024144,0.0118362154905786,0.119632095285168,0.16675536267446
VTE,EUR_AFR,EUR_AFR_01,0.1,MELD_lambda0_true − MELD_lambda0_equal,-0.0213529730742508,0.0106497268798999,-0.0422412440763245,-0.000291018190314687
VTE,EUR_AFR,EUR_AFR_01,0.1,MELD_lambda0_true − MELD_lambda0_scrambled,0.211894005883566,0.0179233600609334,0.175772671250342,0.247172643885768
VTE,EUR_AFR,EUR_AFR_01,0.1,MELD_lambda1_true − MELD_lambda0_true,0,0,0,0
VTE,EUR_AFR,EUR_AFR_02,0.001,MELD_lambda0_true − EUR,0.272436374220933,0.0219350207910624,0.22985536202421,0.317198687298875
VTE,EUR_AFR,EUR_AFR_02,0.001,MELD_lambda0_true − EAS,0.349754120149075,0.0254102362596948,0.29772271854595,0.398689801247201
VTE,EUR_AFR,EUR_AFR_02,0.001,MELD_lambda0_true − AFR,0.102640883329904,0.0112150271140046,0.0800962584655167,0.123395958219244
VTE,EUR_AFR,EUR_AFR_02,0.001,MELD_lambda0_true − AMR,0.258246202667933,0.0178936374346863,0.222167476900539,0.29138042340718
VTE,EUR_AFR,EUR_AFR_02,0.001,MELD_lambda0_true − MELD_lambda0_equal,-0.0595427403051114,0.0127497017622122,-0.0842967926348882,-0.0336535890180972
VTE,EUR_AFR,EUR_AFR_02,0.001,MELD_lambda0_true − MELD_lambda0_scrambled,0.0698150793696461,0.0158601303609835,0.0402024895685136,0.10007869211438
VTE,EUR_AFR,EUR_AFR_02,0.001,MELD_lambda1_true − MELD_lambda0_true,0.00788309397947904,0.00155411047160874,0.00489865503788482,0.0109383711507524
VTE,EUR_AFR,EUR_AFR_02,0.01,MELD_lambda0_true − EUR,0.204673027680609,0.0187901006880527,0.16798306160398,0.242307297968443
VTE,EUR_AFR,EUR_AFR_02,0.01,MELD_lambda0_true − EAS,0.274136078464654,0.0186613284390724,0.237716365448147,0.311642832849287
VTE,EUR_AFR,EUR_AFR_02,0.01,MELD_lambda0_true − AFR,0.059604828876054,0.00733023140520694,0.0443719088861171,0.0734787790368834
VTE,EUR_AFR,EUR_AFR_02,0.01,MELD_lambda0_true − AMR,0.188406340184769,0.0169409848861178,0.155831112188033,0.221475105656661
VTE,EUR_AFR,EUR_AFR_02,0.01,MELD_lambda0_true − MELD_lambda0_equal,-0.027000798302815,0.00903050161992392,-0.0444195518075175,-0.00965962839037322
VTE,EUR_AFR,EUR_AFR_02,0.01,MELD_lambda0_true − MELD_lambda0_scrambled,0.0601224393303793,0.00973330921981997,0.0393729192848077,0.077543425277712
VTE,EUR_AFR,EUR_AFR_02,0.01,MELD_lambda1_true − MELD_lambda0_true,0.00375310721240112,0.00129976157998228,0.00120961354261253,0.00633656518588959
VTE,EUR_AFR,EUR_AFR_02,0.1,MELD_lambda0_true − EUR,0.180556604907117,0.0163324970807822,0.147833684428444,0.212042364769703
VTE,EUR_AFR,EUR_AFR_02,0.1,MELD_lambda0_true − EAS,0.236059654791712,0.0159549169855575,0.204492536616052,0.26638488760584
VTE,EUR_AFR,EUR_AFR_02,0.1,MELD_lambda0_true − AFR,0.0372314431052221,0.00537432788141577,0.0268610419017657,0.0476831745173419
VTE,EUR_AFR,EUR_AFR_02,0.1,MELD_lambda0_true − AMR,0.156345517631204,0.0142922535768608,0.128237158832853,0.183670756619861
VTE,EUR_AFR,EUR_AFR_02,0.1,MELD_lambda0_true − MELD_lambda0_equal,-0.00119839119952889,0.00856852983857909,-0.0190295484334018,0.0151635777372044
VTE,EUR_AFR,EUR_AFR_02,0.1,MELD_lambda0_true − MELD_lambda0_scrambled,0.0785842333632373,0.00836224952937486,0.061374034175176,0.0940135271068231
VTE,EUR_AFR,EUR_AFR_02,0.1,MELD_lambda1_true − MELD_lambda0_true,0.000330598858644523,0.00134348682192471,-0.00246667568303991,0.00281445831453993
VTE,EUR_AFR,EUR_AFR_03,0.001,MELD_lambda0_true − EUR,0.304806218329559,0.0239975247269489,0.261691505671343,0.353374164555925
VTE,EUR_AFR,EUR_AFR_03,0.001,MELD_lambda0_true − EAS,0.410765261628825,0.0253497225268148,0.360027430226953,0.458946802983125
VTE,EUR_AFR,EUR_AFR_03,0.001,MELD_lambda0_true − AFR,0.14617296828924,0.0125902041241429,0.121699968591476,0.169629039881191
VTE,EUR_AFR,EUR_AFR_03,0.001,MELD_lambda0_true − AMR,0.300957124548144,0.0253156630642384,0.254685690871577,0.354107608120596
VTE,EUR_AFR,EUR_AFR_03,0.001,MELD_lambda0_true − MELD_lambda0_equal,-0.0177331884865594,0.00789728710546955,-0.0328295771872869,-0.00226617260350935
VTE,EUR_AFR,EUR_AFR_03,0.001,MELD_lambda0_true − MELD_lambda0_scrambled,0,0,0,0
VTE,EUR_AFR,EUR_AFR_03,0.001,MELD_lambda1_true − MELD_lambda0_true,0.00362144569609,0.00390579973476406,-0.00433702358595738,0.0111206539991471
VTE,EUR_AFR,EUR_AFR_03,0.01,MELD_lambda0_true − EUR,0.187128381830135,0.0176366733187908,0.154597769466383,0.223126857301873
VTE,EUR_AFR,EUR_AFR_03,0.01,MELD_lambda0_true − EAS,0.285110720690375,0.022962926343262,0.240860561393091,0.331061082046188
VTE,EUR_AFR,EUR_AFR_03,0.01,MELD_lambda0_true − AFR,0.0883280978971769,0.00929152840109334,0.0699709526446192,0.10623218358154
VTE,EUR_AFR,EUR_AFR_03,0.01,MELD_lambda0_true − AMR,0.206917860240126,0.0193613667160915,0.170632562218766,0.24795189155392
VTE,EUR_AFR,EUR_AFR_03,0.01,MELD_lambda0_true − MELD_lambda0_equal,-0.00511928322971778,0.00740218077514829,-0.0190306654821987,0.0105012567384415
VTE,EUR_AFR,EUR_AFR_03,0.01,MELD_lambda0_true − MELD_lambda0_scrambled,0,0,0,0
VTE,EUR_AFR,EUR_AFR_03,0.01,MELD_lambda1_true − MELD_lambda0_true,0.00164303181717823,0.00268315503798306,-0.00370074143821621,0.00700254007202345
VTE,EUR_AFR,EUR_AFR_03,0.1,MELD_lambda0_true − EUR,0.167201130502545,0.014007099641801,0.140637496690547,0.19584951603356
VTE,EUR_AFR,EUR_AFR_03,0.1,MELD_lambda0_true − EAS,0.226826449055942,0.0212034021302122,0.185771305996658,0.268623380662278
VTE,EUR_AFR,EUR_AFR_03,0.1,MELD_lambda0_true − AFR,0.0613331375031811,0.00766815009771359,0.0472728494476875,0.0770565487485917
VTE,EUR_AFR,EUR_AFR_03,0.1,MELD_lambda0_true − AMR,0.14933906017332,0.0150477521886072,0.120968986382449,0.179178168302151
VTE,EUR_AFR,EUR_AFR_03,0.1,MELD_lambda0_true − MELD_lambda0_equal,0.0108014485428594,0.00750354673932647,-0.00314412877011347,0.0265276536615756
VTE,EUR_AFR,EUR_AFR_03,0.1,MELD_lambda0_true − MELD_lambda0_scrambled,0,0,0,0
VTE,EUR_AFR,EUR_AFR_03,0.1,MELD_lambda1_true − MELD_lambda0_true,0.00123166612410946,0.00212400456211066,-0.00288216120818973,0.00538851169913102
VTE,EUR_AFR,EUR_AFR_04,0.001,MELD_lambda0_true − EUR,0.289648530020532,0.0236328120970863,0.24319755998993,0.33616067413334
VTE,EUR_AFR,EUR_AFR_04,0.001,MELD_lambda0_true − EAS,0.378938395919571,0.0227700738300301,0.335136084077321,0.422236249589743
VTE,EUR_AFR,EUR_AFR_04,0.001,MELD_lambda0_true − AFR,0.186425110485871,0.0215355520811063,0.142557062669785,0.227524139791178
VTE,EUR_AFR,EUR_AFR_04,0.001,MELD_lambda0_true − AMR,0.284240438057465,0.0254701706618628,0.231711148991349,0.330722354078524
VTE,EUR_AFR,EUR_AFR_04,0.001,MELD_lambda0_true − MELD_lambda0_equal,-0.0167900147796741,0.0111582640224743,-0.0371576584156272,0.00621582914413405
VTE,EUR_AFR,EUR_AFR_04,0.001,MELD_lambda0_true − MELD_lambda0_scrambled,0.029818711130972,0.00856986339757725,0.013568270442651,0.0466437970615199
VTE,EUR_AFR,EUR_AFR_04,0.001,MELD_lambda1_true − MELD_lambda0_true,0.00175068352807268,0.00415870434652098,-0.00657706207188553,0.00977711457686522
VTE,EUR_AFR,EUR_AFR_04,0.01,MELD_lambda0_true − EUR,0.184065710770565,0.018671605190104,0.147081391528466,0.221471613812313
VTE,EUR_AFR,EUR_AFR_04,0.01,MELD_lambda0_true − EAS,0.254704516563502,0.01747659886597,0.221186172199558,0.28793660988175
VTE,EUR_AFR,EUR_AFR_04,0.01,MELD_lambda0_true − AFR,0.121644220186973,0.0142377148700463,0.0918003043910832,0.147012409177064
VTE,EUR_AFR,EUR_AFR_04,0.01,MELD_lambda0_true − AMR,0.192286408606164,0.0164442559296878,0.158710270389988,0.222989680759852
VTE,EUR_AFR,EUR_AFR_04,0.01,MELD_lambda0_true − MELD_lambda0_equal,-0.00588814264714235,0.00548127187172903,-0.0168679556200397,0.00467144874192587
VTE,EUR_AFR,EUR_AFR_04,0.01,MELD_lambda0_true − MELD_lambda0_scrambled,0.0185237427129756,0.00585393132094577,0.00743173332462796,0.0299234143671569
VTE,EUR_AFR,EUR_AFR_04,0.01,MELD_lambda1_true − MELD_lambda0_true,0.00231021009395041,0.00237682126731227,-0.0024996921569808,0.00688361772806014
VTE,EUR_AFR,EUR_AFR_04,0.1,MELD_lambda0_true − EUR,0.161926933764167,0.0161228744326432,0.130379903318294,0.193576730342984
VTE,EUR_AFR,EUR_AFR_04,0.1,MELD_lambda0_true − EAS,0.219043734963911,0.0148254605256173,0.190546877111211,0.247957885950879
VTE,EUR_AFR,EUR_AFR_04,0.1,MELD_lambda0_true − AFR,0.0829445019535848,0.00950293870741923,0.0632310382821656,0.100152555722099
VTE,EUR_AFR,EUR_AFR_04,0.1,MELD_lambda0_true − AMR,0.151320347219471,0.0134126269148002,0.124151491817155,0.177132755271783
VTE,EUR_AFR,EUR_AFR_04,0.1,MELD_lambda0_true − MELD_lambda0_equal,0.00886261104047134,0.00358222634819261,0.00184606148114544,0.016058629573747
VTE,EUR_AFR,EUR_AFR_04,0.1,MELD_lambda0_true − MELD_lambda0_scrambled,0.0135400626299668,0.00409100646801952,0.00618802398961098,0.0222177425826345
VTE,EUR_AFR,EUR_AFR_04,0.1,MELD_lambda1_true − MELD_lambda0_true,0.000187383653020114,0.00168428766312498,-0.00303331766018851,0.00350898998900498
VTE,EUR_AFR,EUR_AFR_05,0.001,MELD_lambda0_true − EUR,0.282023826805937,0.0238245362156851,0.238878457341301,0.329765255116848
VTE,EUR_AFR,EUR_AFR_05,0.001,MELD_lambda0_true − EAS,0.37987221074005,0.0220222857590183,0.33572765163059,0.42053539014607
VTE,EUR_AFR,EUR_AFR_05,0.001,MELD_lambda0_true − AFR,0.212493950439452,0.0180579024405861,0.177107248715292,0.246912827583693
VTE,EUR_AFR,EUR_AFR_05,0.001,MELD_lambda0_true − AMR,0.267991768469363,0.0240457075853668,0.218056812157338,0.312412413216951
VTE,EUR_AFR,EUR_AFR_05,0.001,MELD_lambda0_true − MELD_lambda0_equal,-0.0180882419776308,0.0115443461191739,-0.0390978186231913,0.00620909609744855
VTE,EUR_AFR,EUR_AFR_05,0.001,MELD_lambda0_true − MELD_lambda0_scrambled,0.0416328237946493,0.00893207326516078,0.024378878368763,0.0593541070289736
VTE,EUR_AFR,EUR_AFR_05,0.001,MELD_lambda1_true − MELD_lambda0_true,0.000275471856781645,0.00405634728482868,-0.0075058189473022,0.0083875947175728
VTE,EUR_AFR,EUR_AFR_05,0.01,MELD_lambda0_true − EUR,0.163532493034469,0.01477224333233,0.135138448513242,0.19269471702685
VTE,EUR_AFR,EUR_AFR_05,0.01,MELD_lambda0_true − EAS,0.242412283451163,0.018988162830906,0.202789431069256,0.277368117307049
VTE,EUR_AFR,EUR_AFR_05,0.01,MELD_lambda0_true − AFR,0.141858117787197,0.0151568898436136,0.112864071070771,0.171345834696653
VTE,EUR_AFR,EUR_AFR_05,0.01,MELD_lambda0_true − AMR,0.171457970965616,0.0167095564781155,0.138913490558328,0.203498341762403
VTE,EUR_AFR,EUR_AFR_05,0.01,MELD_lambda0_true − MELD_lambda0_equal,-0.00727768485983784,0.00562737694965817,-0.0184575777222632,0.00371189836186028
VTE,EUR_AFR,EUR_AFR_05,0.01,MELD_lambda0_true − MELD_lambda0_scrambled,0.0262353003338348,0.00518754801132041,0.0161755184839701,0.0365725814394382
VTE,EUR_AFR,EUR_AFR_05,0.01,MELD_lambda1_true − MELD_lambda0_true,0.000881981133591592,0.00278393590798467,-0.00405320224770384,0.00671044568655086
VTE,EUR_AFR,EUR_AFR_05,0.1,MELD_lambda0_true − EUR,0.12865136376313,0.0124643252442911,0.105291343870234,0.153440580534991
VTE,EUR_AFR,EUR_AFR_05,0.1,MELD_lambda0_true − EAS,0.190549851293024,0.0126617273235021,0.165882701160694,0.214986722154464
VTE,EUR_AFR,EUR_AFR_05,0.1,MELD_lambda0_true − AFR,0.102008647659397,0.0115329988892898,0.0805658620769055,0.125083923311928
VTE,EUR_AFR,EUR_AFR_05,0.1,MELD_lambda0_true − AMR,0.12956771537638,0.0116602485182729,0.106542301843671,0.152458142719266
VTE,EUR_AFR,EUR_AFR_05,0.1,MELD_lambda0_true − MELD_lambda0_equal,0.00444753153655184,0.0042922513690592,-0.00391835078368434,0.0128052222266788
VTE,EUR_AFR,EUR_AFR_05,0.1,MELD_lambda0_true − MELD_lambda0_scrambled,0.0192306239927956,0.00368914961064697,0.0125558909668212,0.0269839805887743
VTE,EUR_AFR,EUR_AFR_05,0.1,MELD_lambda1_true − MELD_lambda0_true,6.15171926078887e-05,0.00215284521855232,-0.00377047112906039,0.00450421295568133
VTE,EUR_AFR,EUR_AFR_06,0.001,MELD_lambda0_true − EUR,0.295234857779194,0.0214978329699421,0.254951831981135,0.338764624743021
VTE,EUR_AFR,EUR_AFR_06,0.001,MELD_lambda0_true − EAS,0.431601892177592,0.0197381033189169,0.39199133429106,0.468751168525973
VTE,EUR_AFR,EUR_AFR_06,0.001,MELD_lambda0_true − AFR,0.244031957600167,0.0212547660822868,0.199786545965039,0.282788697761081
VTE,EUR_AFR,EUR_AFR_06,0.001,MELD_lambda0_true − AMR,0.271291562076072,0.0311909628502181,0.210847106272791,0.332632160651712
VTE,EUR_AFR,EUR_AFR_06,0.001,MELD_lambda0_true − MELD_lambda0_equal,-0.00555382098295083,0.00865953534340494,-0.0218309948796415,0.0119360131751861
VTE,EUR_AFR,EUR_AFR_06,0.001,MELD_lambda0_true − MELD_lambda0_scrambled,0.0526210045070747,0.0105376947196899,0.0327678856175943,0.0747459628117073
VTE,EUR_AFR,EUR_AFR_06,0.001,MELD_lambda1_true − MELD_lambda0_true,0.00282435207558992,0.00376932826079558,-0.00481444401562369,0.00991691210049457
VTE,EUR_AFR,EUR_AFR_06,0.01,MELD_lambda0_true − EUR,0.1619880684178,0.0181195624090692,0.129055078237884,0.199184317826435
VTE,EUR_AFR,EUR_AFR_06,0.01,MELD_lambda0_true − EAS,0.272219662737231,0.0161062176384266,0.240322829469072,0.302704079077971
VTE,EUR_AFR,EUR_AFR_06,0.01,MELD_lambda0_true − AFR,0.166420407482816,0.0178160760695281,0.130962891804164,0.201061159996495
VTE,EUR_AFR,EUR_AFR_06,0.01,MELD_lambda0_true − AMR,0.177977553526587,0.0214112941078164,0.135754571782096,0.221248887195488
VTE,EUR_AFR,EUR_AFR_06,0.01,MELD_lambda0_true − MELD_lambda0_equal,0.00444842516852593,0.00432179032457413,-0.0037636594711158,0.0129467610839294
VTE,EUR_AFR,EUR_AFR_06,0.01,MELD_lambda0_true − MELD_lambda0_scrambled,0.0341290860479021,0.00640670431182468,0.0218455913223636,0.0472109229533592
VTE,EUR_AFR,EUR_AFR_06,0.01,MELD_lambda1_true − MELD_lambda0_true,0.000485556674403546,0.00257157495675348,-0.00472022485267111,0.00559266901278041
VTE,EUR_AFR,EUR_AFR_06,0.1,MELD_lambda0_true − EUR,0.123381049999631,0.0152965851930585,0.0950762252309134,0.153703761860685
VTE,EUR_AFR,EUR_AFR_06,0.1,MELD_lambda0_true − EAS,0.201777629371002,0.0142993392054679,0.175785553813712,0.231277157224315
VTE,EUR_AFR,EUR_AFR_06,0.1,MELD_lambda0_true − AFR,0.119267854170844,0.0132656514769913,0.0920798863591576,0.144821126437314
VTE,EUR_AFR,EUR_AFR_06,0.1,MELD_lambda0_true − AMR,0.122973514923155,0.0140456194111435,0.0955536501489424,0.152210941025803
VTE,EUR_AFR,EUR_AFR_06,0.1,MELD_lambda0_true − MELD_lambda0_equal,0.0111508845184476,0.00405543971100883,0.00366998965214977,0.0195097145979864
VTE,EUR_AFR,EUR_AFR_06,0.1,MELD_lambda0_true − MELD_lambda0_scrambled,0.0261290158927245,0.00473582058464366,0.0171692544354075,0.0353316143330721
VTE,EUR_AFR,EUR_AFR_06,0.1,MELD_lambda1_true − MELD_lambda0_true,-0.000476407712631328,0.00160175112417469,-0.00377791200974889,0.00274744399698737
VTE,EUR_AFR,EUR_AFR_07,0.001,MELD_lambda0_true − EUR,0.224261204930986,0.0164772743300987,0.190533836812276,0.254557550471283
VTE,EUR_AFR,EUR_AFR_07,0.001,MELD_lambda0_true − EAS,0.393774756363992,0.01834311220903,0.357137263473241,0.428232313563442
VTE,EUR_AFR,EUR_AFR_07,0.001,MELD_lambda0_true − AFR,0.26423589043719,0.0184288850254022,0.226986101427407,0.299303375836054
VTE,EUR_AFR,EUR_AFR_07,0.001,MELD_lambda0_true − AMR,0.240392887727608,0.0235440298165095,0.193466648273574,0.283284236824324
VTE,EUR_AFR,EUR_AFR_07,0.001,MELD_lambda0_true − MELD_lambda0_equal,-0.0150083099319567,0.0086483006309584,-0.0301669117888074,0.00343087700770002
VTE,EUR_AFR,EUR_AFR_07,0.001,MELD_lambda0_true − MELD_lambda0_scrambled,0.0589091071731372,0.0136901325742388,0.0343247790634661,0.0872460531383462
VTE,EUR_AFR,EUR_AFR_07,0.001,MELD_lambda1_true − MELD_lambda0_true,-0.00323039358359364,0.00438254177213342,-0.0115932363097251,0.00522576598407299
VTE,EUR_AFR,EUR_AFR_07,0.01,MELD_lambda0_true − EUR,0.108572574466646,0.00927209607928598,0.0914755776222192,0.128005464710717
VTE,EUR_AFR,EUR_AFR_07,0.01,MELD_lambda0_true − EAS,0.2308802179937,0.0149277225737252,0.200369018119253,0.258669924543582
VTE,EUR_AFR,EUR_AFR_07,0.01,MELD_lambda0_true − AFR,0.184731057528762,0.0128936048843972,0.158447787792783,0.2093360934127
VTE,EUR_AFR,EUR_AFR_07,0.01,MELD_lambda0_true − AMR,0.136539808635088,0.0181865038636029,0.0991061121137255,0.172712849807086
VTE,EUR_AFR,EUR_AFR_07,0.01,MELD_lambda0_true − MELD_lambda0_equal,-0.00574315558053649,0.00385783972228093,-0.0135398124174045,0.00136587653260882
VTE,EUR_AFR,EUR_AFR_07,0.01,MELD_lambda0_true − MELD_lambda0_scrambled,0.0403332669566496,0.00784965796138782,0.026203797263518,0.0564796978197326
VTE,EUR_AFR,EUR_AFR_07,0.01,MELD_lambda1_true − MELD_lambda0_true,-0.00121399384945826,0.00270686281200846,-0.00640020640667222,0.00402942439630055
VTE,EUR_AFR,EUR_AFR_07,0.1,MELD_lambda0_true − EUR,0.0777819185803155,0.00839562891251715,0.0619638369032248,0.0942993445021973
VTE,EUR_AFR,EUR_AFR_07,0.1,MELD_lambda0_true − EAS,0.165993540214776,0.0111686317068506,0.144550126724321,0.18809285725372
VTE,EUR_AFR,EUR_AFR_07,0.1,MELD_lambda0_true − AFR,0.13029803015053,0.0115636041279014,0.108426713258503,0.153300369448617
VTE,EUR_AFR,EUR_AFR_07,0.1,MELD_lambda0_true − AMR,0.0910048036699107,0.0123902661829579,0.0672841771362757,0.117020718852138
VTE,EUR_AFR,EUR_AFR_07,0.1,MELD_lambda0_true − MELD_lambda0_equal,-0.000647595697703189,0.0027534070286218,-0.00601153255388502,0.00471326595498267
VTE,EUR_AFR,EUR_AFR_07,0.1,MELD_lambda0_true − MELD_lambda0_scrambled,0.0252883786990053,0.00618617205298583,0.0145290676825948,0.0379040548496931
VTE,EUR_AFR,EUR_AFR_07,0.1,MELD_lambda1_true − MELD_lambda0_true,-0.00099660750476089,0.0016627621240782,-0.004304335420257,0.00226023934660713
VTE,EUR_AFR,EUR_AFR_08,0.001,MELD_lambda0_true − EUR,0.203374179014696,0.0155249605491023,0.17382827090042,0.233485352022778
VTE,EUR_AFR,EUR_AFR_08,0.001,MELD_lambda0_true − EAS,0.370846749766493,0.0177640069096705,0.336068056677038,0.405393411799136
VTE,EUR_AFR,EUR_AFR_08,0.001,MELD_lambda0_true − AFR,0.290005675950202,0.0230100957248017,0.243854656952025,0.333368071322929
VTE,EUR_AFR,EUR_AFR_08,0.001,MELD_lambda0_true − AMR,0.212959363218179,0.021730824002859,0.170085263529417,0.256245803211181
VTE,EUR_AFR,EUR_AFR_08,0.001,MELD_lambda0_true − MELD_lambda0_equal,-0.0104776469785803,0.0088128913022896,-0.0260310864526905,0.00817674376443375
VTE,EUR_AFR,EUR_AFR_08,0.001,MELD_lambda0_true − MELD_lambda0_scrambled,0.112975849391336,0.0109735122363212,0.0913240805915653,0.13389520364394
VTE,EUR_AFR,EUR_AFR_08,0.001,MELD_lambda1_true − MELD_lambda0_true,-0.00232224831605819,0.00280851770149564,-0.00829892984594584,0.0024927258408416
VTE,EUR_AFR,EUR_AFR_08,0.01,MELD_lambda0_true − EUR,0.0919413917939584,0.0114759567790596,0.0703756966228791,0.114560063017917
VTE,EUR_AFR,EUR_AFR_08,0.01,MELD_lambda0_true − EAS,0.219031119636094,0.0116031021806319,0.194646833343849,0.240940104175534
VTE,EUR_AFR,EUR_AFR_08,0.01,MELD_lambda0_true − AFR,0.2113157285397,0.0181206000323023,0.175413453354152,0.247004517678456
VTE,EUR_AFR,EUR_AFR_08,0.01,MELD_lambda0_true − AMR,0.127524965724849,0.0141676065552393,0.100381795517485,0.155902408616159
VTE,EUR_AFR,EUR_AFR_08,0.01,MELD_lambda0_true − MELD_lambda0_equal,-0.00325159026385377,0.00454550322578634,-0.0118609619644577,0.00551213527064915
VTE,EUR_AFR,EUR_AFR_08,0.01,MELD_lambda0_true − MELD_lambda0_scrambled,0.088281983528745,0.0093933240131617,0.0698741195433514,0.106383012942418
VTE,EUR_AFR,EUR_AFR_08,0.01,MELD_lambda1_true − MELD_lambda0_true,-0.00014067587880841,0.002006256814736,-0.00443130255271743,0.00337940468391081
VTE,EUR_AFR,EUR_AFR_08,0.1,MELD_lambda0_true − EUR,0.0683238288964045,0.00868669558625846,0.0516231631145362,0.0856613829739304
VTE,EUR_AFR,EUR_AFR_08,0.1,MELD_lambda0_true − EAS,0.165250743682024,0.0101293236044621,0.145140373663628,0.184772308276087
VTE,EUR_AFR,EUR_AFR_08,0.1,MELD_lambda0_true − AFR,0.163267692020016,0.0139044967871996,0.137403139769678,0.191753957097087
VTE,EUR_AFR,EUR_AFR_08,0.1,MELD_lambda0_true − AMR,0.0948246080930528,0.00997096540923385,0.0758655757276701,0.114202058365527
VTE,EUR_AFR,EUR_AFR_08,0.1,MELD_lambda0_true − MELD_lambda0_equal,0.000659959996575997,0.00339460905728492,-0.0060630110114408,0.00729624679233677
VTE,EUR_AFR,EUR_AFR_08,0.1,MELD_lambda0_true − MELD_lambda0_scrambled,0.0726168248501823,0.007965436907582,0.0573196097815193,0.0883091552867939
VTE,EUR_AFR,EUR_AFR_08,0.1,MELD_lambda1_true − MELD_lambda0_true,-0.000162541390768557,0.00134278119347652,-0.00295334749599911,0.00224656037825217
VTE,EUR_AFR,EUR_AFR_09,0.001,MELD_lambda0_true − EUR,0.154594772453857,0.0180290924294335,0.11977781488233,0.190006176365181
VTE,EUR_AFR,EUR_AFR_09,0.001,MELD_lambda0_true − EAS,0.342463007749635,0.0258382062795435,0.293201384542749,0.395157400451173
VTE,EUR_AFR,EUR_AFR_09,0.001,MELD_lambda0_true − AFR,0.336126253335013,0.0230632168512186,0.290549790221903,0.379467705094865
VTE,EUR_AFR,EUR_AFR_09,0.001,MELD_lambda0_true − AMR,0.205741480836717,0.0183588764067124,0.169219732443449,0.240515174395347
VTE,EUR_AFR,EUR_AFR_09,0.001,MELD_lambda0_true − MELD_lambda0_equal,-0.000551903651415578,0.00711241059957047,-0.0142593927988033,0.0141853330173804
VTE,EUR_AFR,EUR_AFR_09,0.001,MELD_lambda0_true − MELD_lambda0_scrambled,0.114495578137483,0.0137969762876451,0.0878880728236394,0.141118589324284
VTE,EUR_AFR,EUR_AFR_09,0.001,MELD_lambda1_true − MELD_lambda0_true,0.00293628933300782,0.00257675470183439,-0.00196753828083198,0.00803634164819999
VTE,EUR_AFR,EUR_AFR_09,0.01,MELD_lambda0_true − EUR,0.064067953990777,0.00959763144072222,0.0458411168746669,0.0834542551977538
VTE,EUR_AFR,EUR_AFR_09,0.01,MELD_lambda0_true − EAS,0.207012378500072,0.01734729378177,0.17476722923843,0.242032655480872
VTE,EUR_AFR,EUR_AFR_09,0.01,MELD_lambda0_true − AFR,0.24417422894476,0.0224192244731745,0.200940429556055,0.288033238197468
VTE,EUR_AFR,EUR_AFR_09,0.01,MELD_lambda0_true − AMR,0.117439369979476,0.0137857022789299,0.090966882825423,0.145898509769847
VTE,EUR_AFR,EUR_AFR_09,0.01,MELD_lambda0_true − MELD_lambda0_equal,0.00779687222815491,0.0032920262300159,0.00109864889431412,0.0137983164527388
VTE,EUR_AFR,EUR_AFR_09,0.01,MELD_lambda0_true − MELD_lambda0_scrambled,0.0525733406238107,0.00762014167178458,0.0371770052512849,0.0673265834687075
VTE,EUR_AFR,EUR_AFR_09,0.01,MELD_lambda1_true − MELD_lambda0_true,0.00229392557175499,0.00188172501039097,-0.00137258139216851,0.00601644002444276
VTE,EUR_AFR,EUR_AFR_09,0.1,MELD_lambda0_true − EUR,0.0424749708932075,0.00648937956105524,0.0303522131130805,0.0551702256602962
VTE,EUR_AFR,EUR_AFR_09,0.1,MELD_lambda0_true − EAS,0.158400753518433,0.0151077440393206,0.131745049037793,0.190225849664033
VTE,EUR_AFR,EUR_AFR_09,0.1,MELD_lambda0_true − AFR,0.185280266739284,0.0167868927694368,0.151753340217079,0.21733865446865
VTE,EUR_AFR,EUR_AFR_09,0.1,MELD_lambda0_true − AMR,0.0777569741841615,0.0112911737509607,0.057798176686025,0.101913707286243
VTE,EUR_AFR,EUR_AFR_09,0.1,MELD_lambda0_true − MELD_lambda0_equal,0.0102583364002018,0.00376567436073167,0.00270530807134866,0.0177219967399253
VTE,EUR_AFR,EUR_AFR_09,0.1,MELD_lambda0_true − MELD_lambda0_scrambled,0.0381564996430992,0.00555536616940816,0.0268295359800636,0.0487495046133389
VTE,EUR_AFR,EUR_AFR_09,0.1,MELD_lambda1_true − MELD_lambda0_true,0.000118450631900042,0.00123499189151207,-0.00239924610384397,0.00240832429789569
VTE,EUR_AFR,EUR_AFR_10,0.001,MELD_lambda0_true − EUR,0.090226701787192,0.0115413716332284,0.0665676430114019,0.112154278225364
VTE,EUR_AFR,EUR_AFR_10,0.001,MELD_lambda0_true − EAS,0.318270997416923,0.0266695507226995,0.266627949442161,0.368977137121164
VTE,EUR_AFR,EUR_AFR_10,0.001,MELD_lambda0_true − AFR,0.330379074273817,0.0187763548170226,0.292870113377711,0.365493231839795
VTE,EUR_AFR,EUR_AFR_10,0.001,MELD_lambda0_true − AMR,0.143824018245325,0.0159664605854533,0.11283962268065,0.17512555870162
VTE,EUR_AFR,EUR_AFR_10,0.001,MELD_lambda0_true − MELD_lambda0_equal,-0.00682402240095694,0.00804722690135151,-0.0216048875001864,0.00928717489274881
VTE,EUR_AFR,EUR_AFR_10,0.001,MELD_lambda0_true − MELD_lambda0_scrambled,0.166698408569214,0.00748717541111042,0.152589764582412,0.181274439075443
VTE,EUR_AFR,EUR_AFR_10,0.001,MELD_lambda1_true − MELD_lambda0_true,0.00229289894873888,0.00168587223251731,-0.000911694112442959,0.00570867694440223
VTE,EUR_AFR,EUR_AFR_10,0.01,MELD_lambda0_true − EUR,0.0370496587405511,0.00616505753402305,0.0253962233869848,0.0495249562475094
VTE,EUR_AFR,EUR_AFR_10,0.01,MELD_lambda0_true − EAS,0.17685230320677,0.0162407644849145,0.144909680330817,0.208389343015576
VTE,EUR_AFR,EUR_AFR_10,0.01,MELD_lambda0_true − AFR,0.243649670905613,0.0160528344873477,0.212948950664251,0.27488388886629
VTE,EUR_AFR,EUR_AFR_10,0.01,MELD_lambda0_true − AMR,0.0877906928938172,0.0102291020979553,0.067158352068714,0.107514302279954
VTE,EUR_AFR,EUR_AFR_10,0.01,MELD_lambda0_true − MELD_lambda0_equal,0.00516643028369419,0.00385020219344458,-0.00216123496899708,0.0125900173456282
VTE,EUR_AFR,EUR_AFR_10,0.01,MELD_lambda0_true − MELD_lambda0_scrambled,0.13279025091156,0.00878411310013216,0.115456110835163,0.150841535230008
VTE,EUR_AFR,EUR_AFR_10,0.01,MELD_lambda1_true − MELD_lambda0_true,0.00102638765771267,0.00111728275425961,-0.00112695824752169,0.0031797718077073
VTE,EUR_AFR,EUR_AFR_10,0.1,MELD_lambda0_true − EUR,0.0224616329734701,0.00532885384735141,0.0133063896834912,0.034054539244502
VTE,EUR_AFR,EUR_AFR_10,0.1,MELD_lambda0_true − EAS,0.126852008255394,0.0141111532507023,0.0985306565791792,0.153762795368382
VTE,EUR_AFR,EUR_AFR_10,0.1,MELD_lambda0_true − AFR,0.182201218705582,0.014295561645185,0.15388869007183,0.208836728837244
VTE,EUR_AFR,EUR_AFR_10,0.1,MELD_lambda0_true − AMR,0.0654119862676736,0.00809305579124873,0.0495366615865309,0.0808041830015622
VTE,EUR_AFR,EUR_AFR_10,0.1,MELD_lambda0_true − MELD_lambda0_equal,0.00627557665748716,0.00360904947865418,-0.000809856829185067,0.0134927903533495
VTE,EUR_AFR,EUR_AFR_10,0.1,MELD_lambda0_true − MELD_lambda0_scrambled,0.104169893718997,0.00864542074221695,0.0870694672292317,0.120034841793527
VTE,EUR_AFR,EUR_AFR_10,0.1,MELD_lambda1_true − MELD_lambda0_true,0.000222362957383695,0.000929890309823561,-0.00157063089756856,0.00215788849479179
VTE,EUR_AFR,EUR_AFR_11,0.001,MELD_lambda0_true − EUR,-9.74032303581107e-15,7.82391118747055e-15,-2.50165629112098e-14,5.15959639867538e-15
VTE,EUR_AFR,EUR_AFR_11,0.001,MELD_lambda0_true − EAS,0.269736936822638,0.0215159227586778,0.226558081283214,0.311715463204201
VTE,EUR_AFR,EUR_AFR_11,0.001,MELD_lambda0_true − AFR,0.358276698365938,0.0239100269789348,0.310362395609783,0.403722534230089
VTE,EUR_AFR,EUR_AFR_11,0.001,MELD_lambda0_true − AMR,0.097624658286116,0.0132397611893979,0.0714673794657735,0.124077598161301
VTE,EUR_AFR,EUR_AFR_11,0.001,MELD_lambda0_true − MELD_lambda0_equal,-0.00753733496545772,0.0126861833779744,-0.03048712374263,0.0197283353174239
VTE,EUR_AFR,EUR_AFR_11,0.001,MELD_lambda0_true − MELD_lambda0_scrambled,0,0,0,0
VTE,EUR_AFR,EUR_AFR_11,0.001,MELD_lambda1_true − MELD_lambda0_true,0,0,0,0
VTE,EUR_AFR,EUR_AFR_11,0.01,MELD_lambda0_true − EUR,9.62235329967179e-17,7.38521567698442e-16,-1.33627323571427e-15,1.57676725739888e-15
VTE,EUR_AFR,EUR_AFR_11,0.01,MELD_lambda0_true − EAS,0.169921430281774,0.016997802422868,0.135191013073309,0.20292911379958
VTE,EUR_AFR,EUR_AFR_11,0.01,MELD_lambda0_true − AFR,0.289400831007877,0.0234098696080223,0.24206488828686,0.333787784273875
VTE,EUR_AFR,EUR_AFR_11,0.01,MELD_lambda0_true − AMR,0.0777249810423857,0.00959916373273982,0.0588363340865392,0.0967834070900435
VTE,EUR_AFR,EUR_AFR_11,0.01,MELD_lambda0_true − MELD_lambda0_equal,0.0223242801088563,0.0053593366066621,0.0125144309875254,0.0333729920804187
VTE,EUR_AFR,EUR_AFR_11,0.01,MELD_lambda0_true − MELD_lambda0_scrambled,0,0,0,0
VTE,EUR_AFR,EUR_AFR_11,0.01,MELD_lambda1_true − MELD_lambda0_true,0,0,0,0
VTE,EUR_AFR,EUR_AFR_11,0.1,MELD_lambda0_true − EUR,3.33308648650127e-16,3.0915129194012e-16,-2.0162268054428e-16,1.01205642069006e-15
VTE,EUR_AFR,EUR_AFR_11,0.1,MELD_lambda0_true − EAS,0.13723366522208,0.0145905931477347,0.109401984931274,0.166333084324544
VTE,EUR_AFR,EUR_AFR_11,0.1,MELD_lambda0_true − AFR,0.236920235987796,0.0197596652281202,0.196299080333612,0.272293683120357
VTE,EUR_AFR,EUR_AFR_11,0.1,MELD_lambda0_true − AMR,0.0636785142548818,0.00843390344801122,0.0466923706434662,0.0795696655072291
VTE,EUR_AFR,EUR_AFR_11,0.1,MELD_lambda0_true − MELD_lambda0_equal,0.0227008514746217,0.00486172909279294,0.0137650064400667,0.0324740517643721
VTE,EUR_AFR,EUR_AFR_11,0.1,MELD_lambda0_true − MELD_lambda0_scrambled,0,0,0,0
VTE,EUR_AFR,EUR_AFR_11,0.1,MELD_lambda1_true − MELD_lambda0_true,0,0,0,0
VTE,EUR_EAS,EUR_EAS_01,0.001,MELD_lambda0_true − EUR,0.202853538877307,0.0200280684949869,0.164414880965443,0.243421563097176
VTE,EUR_EAS,EUR_EAS_01,0.001,MELD_lambda0_true − EAS,1.36856455460217e-14,1.33865117037219e-14,-1.00644356529204e-14,4.20307478924314e-14
VTE,EUR_EAS,EUR_EAS_01,0.001,MELD_lambda0_true − AFR,0.374684559126207,0.0254313191204538,0.324676911060272,0.42343330046375
VTE,EUR_EAS,EUR_EAS_01,0.001,MELD_lambda0_true − AMR,0.218855946047228,0.0224947334830853,0.170509723705227,0.259073590793679
VTE,EUR_EAS,EUR_EAS_01,0.001,MELD_lambda0_true − MELD_lambda0_equal,0.000881649962697349,0.0153081204889727,-0.0273687003874503,0.0314736870158062
VTE,EUR_EAS,EUR_EAS_01,0.001,MELD_lambda0_true − MELD_lambda0_scrambled,0.202853538877264,0.0205839299844923,0.163169898257813,0.243508918377052
VTE,EUR_EAS,EUR_EAS_01,0.001,MELD_lambda1_true − MELD_lambda0_true,0,0,0,0
VTE,EUR_EAS,EUR_EAS_01,0.01,MELD_lambda0_true − EUR,0.133781460643829,0.0137468737785613,0.107534736131335,0.161450954963457
VTE,EUR_EAS,EUR_EAS_01,0.01,MELD_lambda0_true − EAS,7.98019439247275e-16,8.13196749571384e-16,-7.16292657196739e-16,2.43916406071678e-15
VTE,EUR_EAS,EUR_EAS_01,0.01,MELD_lambda0_true − AFR,0.305929430147676,0.0204312697331317,0.266445007668531,0.345698237324352
VTE,EUR_EAS,EUR_EAS_01,0.01,MELD_lambda0_true − AMR,0.164101706946944,0.0147111956949594,0.133993920891631,0.192172346820792
VTE,EUR_EAS,EUR_EAS_01,0.01,MELD_lambda0_true − MELD_lambda0_equal,0.0256949592584545,0.00981690142285677,0.00708913950114225,0.0457392903667273
VTE,EUR_EAS,EUR_EAS_01,0.01,MELD_lambda0_true − MELD_lambda0_scrambled,0.133781460643827,0.0134565610684967,0.107837382072083,0.160585238058313
VTE,EUR_EAS,EUR_EAS_01,0.01,MELD_lambda1_true − MELD_lambda0_true,0,0,0,0
VTE,EUR_EAS,EUR_EAS_01,0.1,MELD_lambda0_true − EUR,0.117294951069885,0.0113499353753741,0.0961138867323287,0.139472726332716
VTE,EUR_EAS,EUR_EAS_01,0.1,MELD_lambda0_true − EAS,3.21211075031425e-16,2.05388180873777e-16,-5.73857970421529e-17,7.65316778676264e-16
VTE,EUR_EAS,EUR_EAS_01,0.1,MELD_lambda0_true − AFR,0.253952795201504,0.0158419180766515,0.220193846519826,0.28337819341285
VTE,EUR_EAS,EUR_EAS_01,0.1,MELD_lambda0_true − AMR,0.130007795506892,0.00970265349760273,0.111975616282546,0.150147235794967
VTE,EUR_EAS,EUR_EAS_01,0.1,MELD_lambda0_true − MELD_lambda0_equal,0.0286158719825572,0.00634645980945572,0.0161070690038173,0.0414750302194032
VTE,EUR_EAS,EUR_EAS_01,0.1,MELD_lambda0_true − MELD_lambda0_scrambled,0.117294951069885,0.0116741237885694,0.0950344724045753,0.139889710409645
VTE,EUR_EAS,EUR_EAS_01,0.1,MELD_lambda1_true − MELD_lambda0_true,0,0,0,0
VTE,EUR_EAS,EUR_EAS_02,0.001,MELD_lambda0_true − EUR,0.0669220373636197,0.0134620396212178,0.0405567415610721,0.0918894838859236
VTE,EUR_EAS,EUR_EAS_02,0.001,MELD_lambda0_true − EAS,0.125722960620868,0.0126446268651525,0.101081030122907,0.150339833957057
VTE,EUR_EAS,EUR_EAS_02,0.001,MELD_lambda0_true − AFR,0.308977029650159,0.024030109100862,0.258667673738323,0.35345277611904
VTE,EUR_EAS,EUR_EAS_02,0.001,MELD_lambda0_true − AMR,0.113544302203623,0.0133613350385228,0.088416425566965,0.140973839819885
VTE,EUR_EAS,EUR_EAS_02,0.001,MELD_lambda0_true − MELD_lambda0_equal,-0.0461209587140658,0.0155931813891877,-0.0770133392420873,-0.0167727973213352
VTE,EUR_EAS,EUR_EAS_02,0.001,MELD_lambda0_true − MELD_lambda0_scrambled,0,0,0,0
VTE,EUR_EAS,EUR_EAS_02,0.001,MELD_lambda1_true − MELD_lambda0_true,0.00507784074594293,0.00210465293252082,0.00093801224433291,0.00916112635661676
VTE,EUR_EAS,EUR_EAS_02,0.01,MELD_lambda0_true − EUR,0.0342263577775133,0.00709009039577946,0.020761689469019,0.0484970670998147
VTE,EUR_EAS,EUR_EAS_02,0.01,MELD_lambda0_true − EAS,0.0697239572745199,0.00923304008501702,0.0522766331700468,0.0886293703819214
VTE,EUR_EAS,EUR_EAS_02,0.01,MELD_lambda0_true − AFR,0.249921603001465,0.0212875589671683,0.20617209374694,0.288660271969211
VTE,EUR_EAS,EUR_EAS_02,0.01,MELD_lambda0_true − AMR,0.0734443343712244,0.0117470268830769,0.0516047013733799,0.0975031606013235
VTE,EUR_EAS,EUR_EAS_02,0.01,MELD_lambda0_true − MELD_lambda0_equal,-0.00830022064330665,0.0052904136127242,-0.0183279269607314,0.00272145157146293
VTE,EUR_EAS,EUR_EAS_02,0.01,MELD_lambda0_true − MELD_lambda0_scrambled,0,0,0,0
VTE,EUR_EAS,EUR_EAS_02,0.01,MELD_lambda1_true − MELD_lambda0_true,0.00188977072995764,0.00116225770449593,-0.000453738411889759,0.00413183640638615
VTE,EUR_EAS,EUR_EAS_02,0.1,MELD_lambda0_true − EUR,0.0137237545091118,0.00810945899645931,-0.00159733045787093,0.0297783739822312
VTE,EUR_EAS,EUR_EAS_02,0.1,MELD_lambda0_true − EAS,0.0500797673208285,0.0054663229072246,0.0394090234048483,0.0605901119995882
VTE,EUR_EAS,EUR_EAS_02,0.1,MELD_lambda0_true − AFR,0.198587917053581,0.0192856396912317,0.158137546919188,0.232833870988508
VTE,EUR_EAS,EUR_EAS_02,0.1,MELD_lambda0_true − AMR,0.0552619326338484,0.00954604124659504,0.0377711197656227,0.0743799349858481
VTE,EUR_EAS,EUR_EAS_02,0.1,MELD_lambda0_true − MELD_lambda0_equal,-0.00796808804490964,0.00333858116492091,-0.014500039156728,-0.00111799356186718
VTE,EUR_EAS,EUR_EAS_02,0.1,MELD_lambda0_true − MELD_lambda0_scrambled,0,0,0,0
VTE,EUR_EAS,EUR_EAS_02,0.1,MELD_lambda1_true − MELD_lambda0_true,0.000377351935449711,0.0006180971955836,-0.000817644005094066,0.00159438243971919
VTE,EUR_EAS,EUR_EAS_03,0.001,MELD_lambda0_true − EUR,0.0349010898958988,0.0150048467396945,0.00593561783609867,0.0657283838404829
VTE,EUR_EAS,EUR_EAS_03,0.001,MELD_lambda0_true − EAS,0.188392160489935,0.0205675697283334,0.147999156874743,0.228862987937942
VTE,EUR_EAS,EUR_EAS_03,0.001,MELD_lambda0_true − AFR,0.31090386064045,0.0243583986377141,0.261391740701491,0.35736119139674
VTE,EUR_EAS,EUR_EAS_03,0.001,MELD_lambda0_true − AMR,0.101195324814012,0.0226011224488233,0.0592850820161092,0.148337404214338
VTE,EUR_EAS,EUR_EAS_03,0.001,MELD_lambda0_true − MELD_lambda0_equal,-0.0433609310408739,0.0154769418053959,-0.0745338975171847,-0.0135572865288223
VTE,EUR_EAS,EUR_EAS_03,0.001,MELD_lambda0_true − MELD_lambda0_scrambled,-0.0130588041439303,0.0176674207394671,-0.0494264334976553,0.0193595442578889
VTE,EUR_EAS,EUR_EAS_03,0.001,MELD_lambda1_true − MELD_lambda0_true,0.00736741831568504,0.00177956391655064,0.0043082051582471,0.0112968061769382
VTE,EUR_EAS,EUR_EAS_03,0.01,MELD_lambda0_true − EUR,0.0145057842959625,0.00606753901783385,0.00277192675628512,0.0266235358362464
VTE,EUR_EAS,EUR_EAS_03,0.01,MELD_lambda0_true − EAS,0.101777297551337,0.0147366513125192,0.0734175476725769,0.130819884602269
VTE,EUR_EAS,EUR_EAS_03,0.01,MELD_lambda0_true − AFR,0.2600444712948,0.0197750211102905,0.218983941936216,0.296774331868532
VTE,EUR_EAS,EUR_EAS_03,0.01,MELD_lambda0_true − AMR,0.0625401534283581,0.0148982068898769,0.0362126044047091,0.0922385878190807
VTE,EUR_EAS,EUR_EAS_03,0.01,MELD_lambda0_true − MELD_lambda0_equal,-0.00832976934326132,0.0064171293428144,-0.0208294494190407,0.0046703580258878
VTE,EUR_EAS,EUR_EAS_03,0.01,MELD_lambda0_true − MELD_lambda0_scrambled,-0.00471845112420072,0.00754590459784433,-0.019849958778276,0.00983712240648521
VTE,EUR_EAS,EUR_EAS_03,0.01,MELD_lambda1_true − MELD_lambda0_true,0.00244039994714913,0.000939255588229359,0.000802051243734397,0.00440929813452825
VTE,EUR_EAS,EUR_EAS_03,0.1,MELD_lambda0_true − EUR,0.000846910007212248,0.00489774688541755,-0.00812668674131676,0.0106414176977467
VTE,EUR_EAS,EUR_EAS_03,0.1,MELD_lambda0_true − EAS,0.0736014030863276,0.00845335265254512,0.0587847090572617,0.0917188268852487
VTE,EUR_EAS,EUR_EAS_03,0.1,MELD_lambda0_true − AFR,0.209801828784642,0.0167351183984976,0.176167788596817,0.241744780401288
VTE,EUR_EAS,EUR_EAS_03,0.1,MELD_lambda0_true − AMR,0.04677451974203,0.0110369259209965,0.0256109444879885,0.0688398096335242
VTE,EUR_EAS,EUR_EAS_03,0.1,MELD_lambda0_true − MELD_lambda0_equal,-0.00802927398233436,0.00439598166456795,-0.0160193057190773,0.00103873542163537
VTE,EUR_EAS,EUR_EAS_03,0.1,MELD_lambda0_true − MELD_lambda0_scrambled,-0.0101940355227027,0.00442471748721211,-0.0188296213250835,-0.00168262328215975
VTE,EUR_EAS,EUR_EAS_03,0.1,MELD_lambda1_true − MELD_lambda0_true,0.00048844982644281,0.000674996531039677,-0.000729131660985313,0.00194263634516976
VTE,EUR_EAS,EUR_EAS_04,0.001,MELD_lambda0_true − EUR,0.0201292421454996,0.0150556760067771,-0.0140317544785043,0.0453902918286851
VTE,EUR_EAS,EUR_EAS_04,0.001,MELD_lambda0_true − EAS,0.209619305843328,0.0168986474012674,0.177723508110514,0.243747960483524
VTE,EUR_EAS,EUR_EAS_04,0.001,MELD_lambda0_true − AFR,0.321908872458115,0.0262676945692263,0.270750978709638,0.374204457485453
VTE,EUR_EAS,EUR_EAS_04,0.001,MELD_lambda0_true − AMR,0.0987792248002119,0.0177250866597927,0.0637547506926593,0.133112923376218
VTE,EUR_EAS,EUR_EAS_04,0.001,MELD_lambda0_true − MELD_lambda0_equal,-0.0307397955459216,0.0117344758083523,-0.0562255904947165,-0.0108963963394755
VTE,EUR_EAS,EUR_EAS_04,0.001,MELD_lambda0_true − MELD_lambda0_scrambled,0.111336654542489,0.0133215513838108,0.0861162695079291,0.138932891860662
VTE,EUR_EAS,EUR_EAS_04,0.001,MELD_lambda1_true − MELD_lambda0_true,0.00386584259482437,0.00275158252822182,-0.00145863667316713,0.00947803371697847
VTE,EUR_EAS,EUR_EAS_04,0.01,MELD_lambda0_true − EUR,0.0120540448826568,0.0048954096689548,0.00233490460107705,0.0215408102286051
VTE,EUR_EAS,EUR_EAS_04,0.01,MELD_lambda0_true − EAS,0.112078562426407,0.00988934312279545,0.0932848687483758,0.131232435274009
VTE,EUR_EAS,EUR_EAS_04,0.01,MELD_lambda0_true − AFR,0.259338609924062,0.0192992850945456,0.220719532440852,0.294763470304626
VTE,EUR_EAS,EUR_EAS_04,0.01,MELD_lambda0_true − AMR,0.0723625153406089,0.0112423855081508,0.0510894017151738,0.0946614459132907
VTE,EUR_EAS,EUR_EAS_04,0.01,MELD_lambda0_true − MELD_lambda0_equal,0.00354798266278428,0.0033070846355593,-0.00286018774023069,0.00998469248823465
VTE,EUR_EAS,EUR_EAS_04,0.01,MELD_lambda0_true − MELD_lambda0_scrambled,0.107299621956063,0.00960291719994046,0.0885420843995428,0.125939402835502
VTE,EUR_EAS,EUR_EAS_04,0.01,MELD_lambda1_true − MELD_lambda0_true,0.00220795071346091,0.00133427461809116,-0.000341725755458134,0.00487641482460077
VTE,EUR_EAS,EUR_EAS_04,0.1,MELD_lambda0_true − EUR,0.00119796936036021,0.00500107016001392,-0.00831811288594161,0.0114229229182209
VTE,EUR_EAS,EUR_EAS_04,0.1,MELD_lambda0_true − EAS,0.081544624640148,0.00766924619224462,0.0681915332853479,0.0987499272213059
VTE,EUR_EAS,EUR_EAS_04,0.1,MELD_lambda0_true − AFR,0.200250656597846,0.013962307447186,0.170826270729799,0.224913746287519
VTE,EUR_EAS,EUR_EAS_04,0.1,MELD_lambda0_true − AMR,0.0577794969517065,0.00869986927748129,0.0412752859387757,0.0754442079354407
VTE,EUR_EAS,EUR_EAS_04,0.1,MELD_lambda0_true − MELD_lambda0_equal,0.00281207620592247,0.00281303056495118,-0.0024153070509582,0.0085895192929562
VTE,EUR_EAS,EUR_EAS_04,0.1,MELD_lambda0_true − MELD_lambda0_scrambled,0.0892086429344607,0.00733457989942998,0.0746345702311696,0.103382770936167
VTE,EUR_EAS,EUR_EAS_04,0.1,MELD_lambda1_true − MELD_lambda0_true,0.000205357759969125,0.000972161954408983,-0.00168999967726299,0.00211690469954765
VTE,EUR_EAS,EUR_EAS_05,0.001,MELD_lambda0_true − EUR,0.0124010168877892,0.00861422476808844,-0.00543187057121524,0.0290130110038854
VTE,EUR_EAS,EUR_EAS_05,0.001,MELD_lambda0_true − EAS,0.242228841616066,0.013667169426547,0.214182053589779,0.268094369912204
VTE,EUR_EAS,EUR_EAS_05,0.001,MELD_lambda0_true − AFR,0.347012092098382,0.0242647067359389,0.298260997792849,0.393798913321766
VTE,EUR_EAS,EUR_EAS_05,0.001,MELD_lambda0_true − AMR,0.124382071002093,0.0185062280290466,0.0877502999921317,0.159934436506142
VTE,EUR_EAS,EUR_EAS_05,0.001,MELD_lambda0_true − MELD_lambda0_equal,-0.0185300485817077,0.0075343628699101,-0.0331773247297525,-0.00429248597286848
VTE,EUR_EAS,EUR_EAS_05,0.001,MELD_lambda0_true − MELD_lambda0_scrambled,0,0,0,0
VTE,EUR_EAS,EUR_EAS_05,0.001,MELD_lambda1_true − MELD_lambda0_true,-0.00152366000194264,0.00239319880708966,-0.00594486067417657,0.00347764866403181
VTE,EUR_EAS,EUR_EAS_05,0.01,MELD_lambda0_true − EUR,0.000553788099345976,0.00685452119595462,-0.0138459169777841,0.0131904367184474
VTE,EUR_EAS,EUR_EAS_05,0.01,MELD_lambda0_true − EAS,0.137488532883542,0.0112782410052428,0.115473937129347,0.159581695871108
VTE,EUR_EAS,EUR_EAS_05,0.01,MELD_lambda0_true − AFR,0.260072500271185,0.0204095046405602,0.216948494095052,0.29757405140244
VTE,EUR_EAS,EUR_EAS_05,0.01,MELD_lambda0_true − AMR,0.0814191534480998,0.0149447557497256,0.0539844525360274,0.113110965704783
VTE,EUR_EAS,EUR_EAS_05,0.01,MELD_lambda0_true − MELD_lambda0_equal,0.00395546437422295,0.00334313073087957,-0.00290450446330696,0.0102638069642942
VTE,EUR_EAS,EUR_EAS_05,0.01,MELD_lambda0_true − MELD_lambda0_scrambled,0,0,0,0
VTE,EUR_EAS,EUR_EAS_05,0.01,MELD_lambda1_true − MELD_lambda0_true,-0.0011480815158294,0.00114702643942926,-0.00323486572084778,0.00123004727787282
VTE,EUR_EAS,EUR_EAS_05,0.1,MELD_lambda0_true − EUR,-0.00536477331141313,0.00521477591800336,-0.0155813203299632,0.00462879883169094
VTE,EUR_EAS,EUR_EAS_05,0.1,MELD_lambda0_true − EAS,0.103567677804392,0.00771031718725825,0.0889091305956604,0.119334339230582
VTE,EUR_EAS,EUR_EAS_05,0.1,MELD_lambda0_true − AFR,0.204038777753817,0.0181962337623393,0.168771253600347,0.239159161563324
VTE,EUR_EAS,EUR_EAS_05,0.1,MELD_lambda0_true − AMR,0.0609033752008462,0.0101096376269115,0.0425453253552316,0.082132421645421
VTE,EUR_EAS,EUR_EAS_05,0.1,MELD_lambda0_true − MELD_lambda0_equal,0.00375672235705633,0.00250334786940616,-0.00116189044909543,0.00858268913818699
VTE,EUR_EAS,EUR_EAS_05,0.1,MELD_lambda0_true − MELD_lambda0_scrambled,0,0,0,0
VTE,EUR_EAS,EUR_EAS_05,0.1,MELD_lambda1_true − MELD_lambda0_true,-0.00219887043390255,0.000695029727667705,-0.00363154692004269,-0.000867749276742874
VTE,EUR_EAS,EUR_EAS_06,0.001,MELD_lambda0_true − EUR,0.0191330486015119,0.00639924364899093,0.00632053596156876,0.0320052392530943
VTE,EUR_EAS,EUR_EAS_06,0.001,MELD_lambda0_true − EAS,0.25401608062342,0.016060068062058,0.222974464616899,0.287106711423763
VTE,EUR_EAS,EUR_EAS_06,0.001,MELD_lambda0_true − AFR,0.344543082960886,0.0236107457473949,0.295135783307452,0.387992154359037
VTE,EUR_EAS,EUR_EAS_06,0.001,MELD_lambda0_true − AMR,0.116248893000705,0.0163904101087182,0.0836613764181807,0.14789073413317
VTE,EUR_EAS,EUR_EAS_06,0.001,MELD_lambda0_true − MELD_lambda0_equal,-0.00134329333469901,0.00697488050289111,-0.0146198397078581,0.012811215966274
VTE,EUR_EAS,EUR_EAS_06,0.001,MELD_lambda0_true − MELD_lambda0_scrambled,0.107167412331222,0.0125279914354286,0.0832413254451041,0.131921906300291
VTE,EUR_EAS,EUR_EAS_06,0.001,MELD_lambda1_true − MELD_lambda0_true,-0.00298721377919854,0.00177881347616715,-0.00647584867959951,0.00051834439960695
VTE,EUR_EAS,EUR_EAS_06,0.01,MELD_lambda0_true − EUR,0.00309473691943481,0.004238041115393,-0.00550637686473719,0.0111907650001792
VTE,EUR_EAS,EUR_EAS_06,0.01,MELD_lambda0_true − EAS,0.147660885172502,0.0118860562373645,0.124005560477212,0.171038310082638
VTE,EUR_EAS,EUR_EAS_06,0.01,MELD_lambda0_true − AFR,0.271483277047815,0.0215602441219895,0.226403765506112,0.311219227347983
VTE,EUR_EAS,EUR_EAS_06,0.01,MELD_lambda0_true − AMR,0.0748949854515315,0.0112564102801985,0.0523963504543473,0.0962777995722277
VTE,EUR_EAS,EUR_EAS_06,0.01,MELD_lambda0_true − MELD_lambda0_equal,0.0130020703725005,0.00470117335316504,0.0039282545166348,0.0225144299439329
VTE,EUR_EAS,EUR_EAS_06,0.01,MELD_lambda0_true − MELD_lambda0_scrambled,0.0931765657791233,0.0101781078848928,0.073432218801665,0.113263784972038
VTE,EUR_EAS,EUR_EAS_06,0.01,MELD_lambda1_true − MELD_lambda0_true,-0.000631043132678744,0.000889356186744629,-0.00229887868810565,0.00118425528111699
VTE,EUR_EAS,EUR_EAS_06,0.1,MELD_lambda0_true − EUR,-0.00284777702394491,0.00339458544103712,-0.00949747015577268,0.00368755437451959
VTE,EUR_EAS,EUR_EAS_06,0.1,MELD_lambda0_true − EAS,0.116472655777155,0.00824851790602379,0.10043756424631,0.13217172885696
VTE,EUR_EAS,EUR_EAS_06,0.1,MELD_lambda0_true − AFR,0.220147417569298,0.0182611540669551,0.184072314804591,0.254216917104725
VTE,EUR_EAS,EUR_EAS_06,0.1,MELD_lambda0_true − AMR,0.056220270530741,0.00830032641056339,0.0394798055551214,0.072645756391013
VTE,EUR_EAS,EUR_EAS_06,0.1,MELD_lambda0_true − MELD_lambda0_equal,0.0103010002950295,0.00348268130027462,0.00383575552484935,0.0176065011181969
VTE,EUR_EAS,EUR_EAS_06,0.1,MELD_lambda0_true − MELD_lambda0_scrambled,0.0723535911895123,0.00831649360127936,0.0563596416022934,0.0888471130629804
VTE,EUR_EAS,EUR_EAS_06,0.1,MELD_lambda1_true − MELD_lambda0_true,-0.00155612993501571,0.000717956182952914,-0.00283707866381747,1.23888310815449e-05
VTE,EUR_EAS,EUR_EAS_07,0.001,MELD_lambda0_true − EUR,0.0148230947038167,0.00774017631138193,-0.000505875339637517,0.0300247514575265
VTE,EUR_EAS,EUR_EAS_07,0.001,MELD_lambda0_true − EAS,0.269207138311279,0.0189226042563838,0.235151046482167,0.309223112737316
VTE,EUR_EAS,EUR_EAS_07,0.001,MELD_lambda0_true − AFR,0.359507099284811,0.0283705101934771,0.303600954636196,0.415808311559991
VTE,EUR_EAS,EUR_EAS_07,0.001,MELD_lambda0_true − AMR,0.125598452130347,0.0189557447292248,0.0879742365599915,0.161901843667742
VTE,EUR_EAS,EUR_EAS_07,0.001,MELD_lambda0_true − MELD_lambda0_equal,-0.00718280825141618,0.00727987399083782,-0.0212320834601105,0.00727422697369249
VTE,EUR_EAS,EUR_EAS_07,0.001,MELD_lambda0_true − MELD_lambda0_scrambled,0,0,0,0
VTE,EUR_EAS,EUR_EAS_07,0.001,MELD_lambda1_true − MELD_lambda0_true,-0.00185716417403582,0.00257270429530674,-0.00715663930209932,0.00292739901468952
VTE,EUR_EAS,EUR_EAS_07,0.01,MELD_lambda0_true − EUR,0.00604998248109969,0.00532761656790261,-0.00393795932475709,0.0165931341132035
VTE,EUR_EAS,EUR_EAS_07,0.01,MELD_lambda0_true − EAS,0.147636060430062,0.0113839299299422,0.125631468794828,0.170510512962674
VTE,EUR_EAS,EUR_EAS_07,0.01,MELD_lambda0_true − AFR,0.265820048743855,0.023734653947459,0.217790425912933,0.312349785793833
VTE,EUR_EAS,EUR_EAS_07,0.01,MELD_lambda0_true − AMR,0.072945557836139,0.0107233208173457,0.0522703853745243,0.0934693553516995
VTE,EUR_EAS,EUR_EAS_07,0.01,MELD_lambda0_true − MELD_lambda0_equal,0.0123653120773809,0.00561359891461647,0.000887072710750941,0.0230615433346475
VTE,EUR_EAS,EUR_EAS_07,0.01,MELD_lambda0_true − MELD_lambda0_scrambled,0,0,0,0
VTE,EUR_EAS,EUR_EAS_07,0.01,MELD_lambda1_true − MELD_lambda0_true,-0.00110550729191179,0.00133704273507001,-0.00384920813179245,0.00133687796951769
VTE,EUR_EAS,EUR_EAS_07,0.1,MELD_lambda0_true − EUR,-0.000855664276226472,0.00329604183344945,-0.00741203797551901,0.00562827870148091
VTE,EUR_EAS,EUR_EAS_07,0.1,MELD_lambda0_true − EAS,0.118430776296699,0.00832196943317265,0.102117746211619,0.134459133388958
VTE,EUR_EAS,EUR_EAS_07,0.1,MELD_lambda0_true − AFR,0.204942705702089,0.0175038922794289,0.169704960614352,0.238108725352173
VTE,EUR_EAS,EUR_EAS_07,0.1,MELD_lambda0_true − AMR,0.0544611334757202,0.00768091709017208,0.0399523877837796,0.0702507098275725
VTE,EUR_EAS,EUR_EAS_07,0.1,MELD_lambda0_true − MELD_lambda0_equal,0.0144723359807767,0.00428602690800001,0.00614243137101531,0.0225021051929319
VTE,EUR_EAS,EUR_EAS_07,0.1,MELD_lambda0_true − MELD_lambda0_scrambled,0,0,0,0
VTE,EUR_EAS,EUR_EAS_07,0.1,MELD_lambda1_true − MELD_lambda0_true,-0.00201126627261092,0.0010498053235117,-0.00419387029709189,-0.00011501856137037
VTE,EUR_EAS,EUR_EAS_08,0.001,MELD_lambda0_true − EUR,0.0140578453416787,0.0078852484160764,-0.00121292122094544,0.029229900396008
VTE,EUR_EAS,EUR_EAS_08,0.001,MELD_lambda0_true − EAS,0.287499703205162,0.0202009177668497,0.247052601560704,0.328609816354292
VTE,EUR_EAS,EUR_EAS_08,0.001,MELD_lambda0_true − AFR,0.355550684839399,0.0249411303550217,0.308595909693477,0.405465150441324
VTE,EUR_EAS,EUR_EAS_08,0.001,MELD_lambda0_true − AMR,0.123034332472334,0.0152786638529287,0.0912395715633072,0.152476668537662
VTE,EUR_EAS,EUR_EAS_08,0.001,MELD_lambda0_true − MELD_lambda0_equal,0.0156106725732298,0.00572914392346248,0.00494087612897969,0.0271149506216064
VTE,EUR_EAS,EUR_EAS_08,0.001,MELD_lambda0_true − MELD_lambda0_scrambled,0.15353566891903,0.0149655264636498,0.12576765803082,0.185161415341119
VTE,EUR_EAS,EUR_EAS_08,0.001,MELD_lambda1_true − MELD_lambda0_true,-0.000257007881519875,0.00157875669912407,-0.00314950023559976,0.00298571379249097
VTE,EUR_EAS,EUR_EAS_08,0.01,MELD_lambda0_true − EUR,0.00192337900286097,0.00392035277762844,-0.00577007838717074,0.00948626052073713
VTE,EUR_EAS,EUR_EAS_08,0.01,MELD_lambda0_true − EAS,0.164191052954577,0.0132729291458354,0.137632381591977,0.190540829719818
VTE,EUR_EAS,EUR_EAS_08,0.01,MELD_lambda0_true − AFR,0.265566026014583,0.0236022611740268,0.218600053276337,0.312425034524224
VTE,EUR_EAS,EUR_EAS_08,0.01,MELD_lambda0_true − AMR,0.0822622604280277,0.0102115619730433,0.0618969661932924,0.101167110703684
VTE,EUR_EAS,EUR_EAS_08,0.01,MELD_lambda0_true − MELD_lambda0_equal,0.0249125187076397,0.00386348132652728,0.0175950704306392,0.032872183340862
VTE,EUR_EAS,EUR_EAS_08,0.01,MELD_lambda0_true − MELD_lambda0_scrambled,0.115669647748252,0.0129188092100786,0.090988910979894,0.14126731921359
VTE,EUR_EAS,EUR_EAS_08,0.01,MELD_lambda1_true − MELD_lambda0_true,-0.000534590039110188,0.000894103311950656,-0.0022405974646919,0.00119487750189532
VTE,EUR_EAS,EUR_EAS_08,0.1,MELD_lambda0_true − EUR,-0.000860438798100497,0.0028180271695494,-0.00618872238501693,0.00487342308790885
VTE,EUR_EAS,EUR_EAS_08,0.1,MELD_lambda0_true − EAS,0.12568588447286,0.00869939056893696,0.108091330175751,0.141667830230213
VTE,EUR_EAS,EUR_EAS_08,0.1,MELD_lambda0_true − AFR,0.21167224022045,0.0189699495369995,0.17514984069353,0.250065267519445
VTE,EUR_EAS,EUR_EAS_08,0.1,MELD_lambda0_true − AMR,0.0666325839598475,0.00796429951890434,0.0502572253823458,0.0819703013454784
VTE,EUR_EAS,EUR_EAS_08,0.1,MELD_lambda0_true − MELD_lambda0_equal,0.0193955536207606,0.00302345052000833,0.0139137857196536,0.0258138645552337
VTE,EUR_EAS,EUR_EAS_08,0.1,MELD_lambda0_true − MELD_lambda0_scrambled,0.0936516902905773,0.00944414971646046,0.0759954621779376,0.112691133094598
VTE,EUR_EAS,EUR_EAS_08,0.1,MELD_lambda1_true − MELD_lambda0_true,-0.00153558468205981,0.000795804054099612,-0.00321652333347973,-9.08019181506977e-05
VTE,EUR_EAS,EUR_EAS_09,0.001,MELD_lambda0_true − EUR,0.0191663597064843,0.00569275578667491,0.00827852149470478,0.0306500345515426
VTE,EUR_EAS,EUR_EAS_09,0.001,MELD_lambda0_true − EAS,0.281859048519974,0.0246364554437131,0.23525023894935,0.330825642967946
VTE,EUR_EAS,EUR_EAS_09,0.001,MELD_lambda0_true − AFR,0.354232533788189,0.0254733718981147,0.302759940551427,0.403598863257863
VTE,EUR_EAS,EUR_EAS_09,0.001,MELD_lambda0_true − AMR,0.138812165892274,0.0209342421303687,0.0996760047398042,0.18260021818736
VTE,EUR_EAS,EUR_EAS_09,0.001,MELD_lambda0_true − MELD_lambda0_equal,0.0162640351901662,0.00860140642959609,0.000725127057844845,0.0348974812242915
VTE,EUR_EAS,EUR_EAS_09,0.001,MELD_lambda0_true − MELD_lambda0_scrambled,0.128900642102449,0.0226715425299549,0.0877101694740407,0.175017464755545
VTE,EUR_EAS,EUR_EAS_09,0.001,MELD_lambda1_true − MELD_lambda0_true,-0.000826940605478356,0.00123595891132877,-0.00316748670592618,0.00166383427048046
VTE,EUR_EAS,EUR_EAS_09,0.01,MELD_lambda0_true − EUR,0.00599639219486325,0.00282243603023647,0.000563697337793845,0.0115433558286611
VTE,EUR_EAS,EUR_EAS_09,0.01,MELD_lambda0_true − EAS,0.15799037490036,0.0152362122927376,0.126763286801891,0.187597762006256
VTE,EUR_EAS,EUR_EAS_09,0.01,MELD_lambda0_true − AFR,0.259671117830413,0.0237675124625076,0.21216147359442,0.306369247787156
VTE,EUR_EAS,EUR_EAS_09,0.01,MELD_lambda0_true − AMR,0.0810836683887771,0.0127126481718009,0.0567553141364054,0.106949059974819
VTE,EUR_EAS,EUR_EAS_09,0.01,MELD_lambda0_true − MELD_lambda0_equal,0.0212492680962517,0.0044882757664258,0.012072013694469,0.0296939270195153
VTE,EUR_EAS,EUR_EAS_09,0.01,MELD_lambda0_true − MELD_lambda0_scrambled,0.0725474845796064,0.0104765010118557,0.0520566889990229,0.0930205076319501
VTE,EUR_EAS,EUR_EAS_09,0.01,MELD_lambda1_true − MELD_lambda0_true,-0.000264024003036569,0.000656457737890652,-0.00158922074106623,0.000991359183314444
VTE,EUR_EAS,EUR_EAS_09,0.1,MELD_lambda0_true − EUR,0.0039814397239457,0.00183888147180773,0.000390532051110779,0.00756773977884355
VTE,EUR_EAS,EUR_EAS_09,0.1,MELD_lambda0_true − EAS,0.119132914045867,0.010064273247179,0.0987546311161955,0.138789879248064
VTE,EUR_EAS,EUR_EAS_09,0.1,MELD_lambda0_true − AFR,0.208945694990346,0.0203125038522553,0.169938764297153,0.249908607484505
VTE,EUR_EAS,EUR_EAS_09,0.1,MELD_lambda0_true − AMR,0.0602269182376399,0.00797148468811001,0.043578268444335,0.0754594003314495
VTE,EUR_EAS,EUR_EAS_09,0.1,MELD_lambda0_true − MELD_lambda0_equal,0.0176299217946508,0.00374593459027371,0.0100434277433348,0.025046934278941
VTE,EUR_EAS,EUR_EAS_09,0.1,MELD_lambda0_true − MELD_lambda0_scrambled,0.0590405537517403,0.00747502300202004,0.0451278067285338,0.0748168281222755
VTE,EUR_EAS,EUR_EAS_09,0.1,MELD_lambda1_true − MELD_lambda0_true,-0.000641131926871301,0.000603707084129331,-0.0019021420809204,0.000490821847234475
VTE,EUR_EAS,EUR_EAS_10,0.001,MELD_lambda0_true − EUR,0.0283388066879371,0.00577488139617124,0.016511905887654,0.039360477688516
VTE,EUR_EAS,EUR_EAS_10,0.001,MELD_lambda0_true − EAS,0.282176674967668,0.0193480691708305,0.245232975607904,0.320948311204663
VTE,EUR_EAS,EUR_EAS_10,0.001,MELD_lambda0_true − AFR,0.350463444209226,0.0283057856631217,0.291398296797745,0.402556958773088
VTE,EUR_EAS,EUR_EAS_10,0.001,MELD_lambda0_true − AMR,0.128375312833029,0.0198470461754374,0.0908405988589719,0.169183777269149
VTE,EUR_EAS,EUR_EAS_10,0.001,MELD_lambda0_true − MELD_lambda0_equal,-0.00151939056458491,0.00916918518069239,-0.0188278279889153,0.0176412471992886
VTE,EUR_EAS,EUR_EAS_10,0.001,MELD_lambda0_true − MELD_lambda0_scrambled,0.16455162631871,0.0159396516402426,0.134515961918612,0.194971351093082
VTE,EUR_EAS,EUR_EAS_10,0.001,MELD_lambda1_true − MELD_lambda0_true,0.000326368885520933,0.0014648042790603,-0.00255833418529713,0.00318319096384344
VTE,EUR_EAS,EUR_EAS_10,0.01,MELD_lambda0_true − EUR,0.00965308627218207,0.00194450142186235,0.00579471329050552,0.0132150256323436
VTE,EUR_EAS,EUR_EAS_10,0.01,MELD_lambda0_true − EAS,0.15738063588584,0.011797157189706,0.132856747294024,0.179682174528616
VTE,EUR_EAS,EUR_EAS_10,0.01,MELD_lambda0_true − AFR,0.266476717143305,0.025427030012787,0.213934289412691,0.314035928778528
VTE,EUR_EAS,EUR_EAS_10,0.01,MELD_lambda0_true − AMR,0.083566121213288,0.0119997365962915,0.0597080351532068,0.106245585795991
VTE,EUR_EAS,EUR_EAS_10,0.01,MELD_lambda0_true − MELD_lambda0_equal,0.0183113130110073,0.00487557778458208,0.00882430945208363,0.0279524325268024
VTE,EUR_EAS,EUR_EAS_10,0.01,MELD_lambda0_true − MELD_lambda0_scrambled,0.1364628525152,0.0124456840998528,0.110561851891466,0.16022519848974
VTE,EUR_EAS,EUR_EAS_10,0.01,MELD_lambda1_true − MELD_lambda0_true,0.000189926338483815,0.00113251796831059,-0.00220408385873852,0.00225837086273491
VTE,EUR_EAS,EUR_EAS_10,0.1,MELD_lambda0_true − EUR,0.00352622995056026,0.00140165519805222,0.000476310047945026,0.00599490504770084
VTE,EUR_EAS,EUR_EAS_10,0.1,MELD_lambda0_true − EAS,0.126691558600613,0.00939238885740003,0.108070842861977,0.144815202258944
VTE,EUR_EAS,EUR_EAS_10,0.1,MELD_lambda0_true − AFR,0.211831519453158,0.0211870317935146,0.168342928485017,0.25195651950212
VTE,EUR_EAS,EUR_EAS_10,0.1,MELD_lambda0_true − AMR,0.0638491507277414,0.0105384494961248,0.0436204392139607,0.0853987517502807
VTE,EUR_EAS,EUR_EAS_10,0.1,MELD_lambda0_true − MELD_lambda0_equal,0.0194719509178546,0.00376433357881273,0.0123457505927966,0.0269151422518938
VTE,EUR_EAS,EUR_EAS_10,0.1,MELD_lambda0_true − MELD_lambda0_scrambled,0.116327895687211,0.0119285971395768,0.0919740069645811,0.138544221509959
VTE,EUR_EAS,EUR_EAS_10,0.1,MELD_lambda1_true − MELD_lambda0_true,-0.000323535024335101,0.000953658088921492,-0.00234737569574914,0.00137888395264478
VTE,EUR_EAS,EUR_EAS_11,0.001,MELD_lambda0_true − EUR,-1.59172222038404e-14,9.41783916711955e-15,-3.55839613255474e-14,1.6138046341243e-15
VTE,EUR_EAS,EUR_EAS_11,0.001,MELD_lambda0_true − EAS,0.25559788278323,0.0220493782622068,0.21157020379179,0.297259103378362
VTE,EUR_EAS,EUR_EAS_11,0.001,MELD_lambda0_true − AFR,0.365856703296457,0.0289833449663313,0.308746817222402,0.421286447011702
VTE,EUR_EAS,EUR_EAS_11,0.001,MELD_lambda0_true − AMR,0.112953279949298,0.0178410202865881,0.075162193250087,0.146302039343913
VTE,EUR_EAS,EUR_EAS_11,0.001,MELD_lambda0_true − MELD_lambda0_equal,-0.0138737489782958,0.00965347959527122,-0.0325280711602058,0.00423449514089855
VTE,EUR_EAS,EUR_EAS_11,0.001,MELD_lambda0_true − MELD_lambda0_scrambled,0.36595840974582,0.0294055998837337,0.304998971653934,0.419894787268558
VTE,EUR_EAS,EUR_EAS_11,0.001,MELD_lambda1_true − MELD_lambda0_true,0,0,0,0
VTE,EUR_EAS,EUR_EAS_11,0.01,MELD_lambda0_true − EUR,-1.06499638754325e-15,6.55804088297397e-16,-2.4064754893492e-15,2.39920000426017e-16
VTE,EUR_EAS,EUR_EAS_11,0.01,MELD_lambda0_true − EAS,0.148372640038076,0.0104368697589852,0.127866488232578,0.168168230887003
VTE,EUR_EAS,EUR_EAS_11,0.01,MELD_lambda0_true − AFR,0.296617735791508,0.0299459181770244,0.236265560534264,0.354527808873548
VTE,EUR_EAS,EUR_EAS_11,0.01,MELD_lambda0_true − AMR,0.0789893745721356,0.00973022523721273,0.0600454996057253,0.0981128134596279
VTE,EUR_EAS,EUR_EAS_11,0.01,MELD_lambda0_true − MELD_lambda0_equal,0.0185734081101902,0.00505871827787218,0.00995157383042208,0.0293840061677833
VTE,EUR_EAS,EUR_EAS_11,0.01,MELD_lambda0_true − MELD_lambda0_scrambled,0.296762319392949,0.0306891649036652,0.236614241413421,0.354765648570698
VTE,EUR_EAS,EUR_EAS_11,0.01,MELD_lambda1_true − MELD_lambda0_true,0,0,0,0
VTE,EUR_EAS,EUR_EAS_11,0.1,MELD_lambda0_true − EUR,-2.06268359919234e-16,2.02507860395443e-16,-5.82243818527114e-16,1.88719158874069e-16
VTE,EUR_EAS,EUR_EAS_11,0.1,MELD_lambda0_true − EAS,0.12384232147949,0.00884020705109033,0.106303909653113,0.140426879976577
VTE,EUR_EAS,EUR_EAS_11,0.1,MELD_lambda0_true − AFR,0.235382828864361,0.0228877693126728,0.191303860004943,0.279194994136854
VTE,EUR_EAS,EUR_EAS_11,0.1,MELD_lambda0_true − AMR,0.0647568306968393,0.00804353650774525,0.0483908494953431,0.0800569163981901
VTE,EUR_EAS,EUR_EAS_11,0.1,MELD_lambda0_true − MELD_lambda0_equal,0.024479209921119,0.00522349268388113,0.0160279041928788,0.0359598871848118
VTE,EUR_EAS,EUR_EAS_11,0.1,MELD_lambda0_true − MELD_lambda0_scrambled,0.235534530497524,0.0225043186706035,0.190209266393209,0.279500010741585
VTE,EUR_EAS,EUR_EAS_11,0.1,MELD_lambda1_true − MELD_lambda0_true,0,0,0,0
VTE,multi,equal,0.001,MELD_lambda0_true − EUR,0.226596402259752,0.0186154159272358,0.189688135608582,0.262908128300944
VTE,multi,equal,0.001,MELD_lambda0_true − EAS,0.400141423176056,0.0242153078174057,0.352052799593927,0.44723497364237
VTE,multi,equal,0.001,MELD_lambda0_true − AFR,0.313407952176245,0.0217689132994777,0.270989826328068,0.356807109656062
VTE,multi,equal,0.001,MELD_lambda0_true − AMR,0.217942199529648,0.0170308131452258,0.184615688128314,0.252512768797015
VTE,multi,equal,0.001,MELD_lambda0_true − MELD_lambda0_equal,0,0,0,0
VTE,multi,equal,0.001,MELD_lambda0_true − MELD_lambda0_scrambled,0,0,0,0
VTE,multi,equal,0.001,MELD_lambda1_true − MELD_lambda0_true,-0.000754681927257531,0.00176061366868739,-0.00398691414870789,0.00295103222338033
VTE,multi,equal,0.01,MELD_lambda0_true − EUR,0.113203790934668,0.0104779901710127,0.0932680710058968,0.134162355141795
VTE,multi,equal,0.01,MELD_lambda0_true − EAS,0.206299440682942,0.0140146292537084,0.180154799335841,0.23514600981727
VTE,multi,equal,0.01,MELD_lambda0_true − AFR,0.217513981491105,0.0171444879375602,0.183677183113965,0.250953617481177
VTE,multi,equal,0.01,MELD_lambda0_true − AMR,0.117584169399367,0.0102473060502268,0.0967539578011475,0.138148012525865
VTE,multi,equal,0.01,MELD_lambda0_true − MELD_lambda0_equal,0,0,0,0
VTE,multi,equal,0.01,MELD_lambda0_true − MELD_lambda0_scrambled,0,0,0,0
VTE,multi,equal,0.01,MELD_lambda1_true − MELD_lambda0_true,-0.00133972172544997,0.00117564793694832,-0.00372598184395947,0.000955403338837419
VTE,multi,equal,0.1,MELD_lambda0_true − EUR,0.0801120635059964,0.008755457684433,0.0637610311421633,0.0977101911821867
VTE,multi,equal,0.1,MELD_lambda0_true − EAS,0.158406759513573,0.00982523080203736,0.140190837136174,0.178248626680759
VTE,multi,equal,0.1,MELD_lambda0_true − AFR,0.148932054968494,0.0142969865657367,0.121750750799104,0.177950077487576
VTE,multi,equal,0.1,MELD_lambda0_true − AMR,0.0802345229415251,0.00700815089166257,0.0668626893796103,0.0938991378543554
VTE,multi,equal,0.1,MELD_lambda0_true − MELD_lambda0_equal,0,0,0,0
VTE,multi,equal,0.1,MELD_lambda0_true − MELD_lambda0_scrambled,0,0,0,0
VTE,multi,equal,0.1,MELD_lambda1_true − MELD_lambda0_true,-0.00302236534199205,0.0010819585187228,-0.00511460720458021,-0.000992588183421133
VTE,multi,reported,0.001,MELD_lambda0_true − EUR,0.0706785053593974,0.0071409711292546,0.0561277819027456,0.0840876505105771
VTE,multi,reported,0.001,MELD_lambda0_true − EAS,0.302107330604737,0.0244415444769201,0.253826336407714,0.346546166425107
VTE,multi,reported,0.001,MELD_lambda0_true − AFR,0.399408111541305,0.0252797296541201,0.347394358662254,0.449230445088326
VTE,multi,reported,0.001,MELD_lambda0_true − AMR,0.162841415096877,0.0173074443516447,0.126991511865775,0.194623664101589
VTE,multi,reported,0.001,MELD_lambda0_true − MELD_lambda0_equal,0.0201345365993235,0.00506065177140814,0.0106225330079076,0.0303588099915376
VTE,multi,reported,0.001,MELD_lambda0_true − MELD_lambda0_scrambled,0.00154197845370837,0.00227096048248067,-0.00281069524406908,0.00603025311745943
VTE,multi,reported,0.001,MELD_lambda1_true − MELD_lambda0_true,9.08015614794695e-05,0.000907515719081623,-0.00167073823597906,0.00189594756537211
VTE,multi,reported,0.01,MELD_lambda0_true − EUR,0.0218124839683775,0.0034221804109417,0.0150534268348971,0.0284383584464437
VTE,multi,reported,0.01,MELD_lambda0_true − EAS,0.174720388327919,0.015949602944109,0.144051585713561,0.206003344731092
VTE,multi,reported,0.01,MELD_lambda0_true − AFR,0.29306083798239,0.0239442060507302,0.247189365549846,0.337984475413701
VTE,multi,reported,0.01,MELD_lambda0_true − AMR,0.0877606047661626,0.0104239938526217,0.0670846436454056,0.107725957862693
VTE,multi,reported,0.01,MELD_lambda0_true − MELD_lambda0_equal,0.0251317768330014,0.00420836829115895,0.0171780328365048,0.0335030556359439
VTE,multi,reported,0.01,MELD_lambda0_true − MELD_lambda0_scrambled,-0.000451868076902547,0.00127122922770992,-0.00298835189475348,0.00189287878413267
VTE,multi,reported,0.01,MELD_lambda1_true − MELD_lambda0_true,-0.000118527837779296,0.000525941989639,-0.00115187721848377,0.000908804867375576
VTE,multi,reported,0.1,MELD_lambda0_true − EUR,0.0108707902126538,0.00202764995806841,0.00690367426366129,0.0148549164581443
VTE,multi,reported,0.1,MELD_lambda0_true − EAS,0.140337569142396,0.0114393028536563,0.118463391273112,0.162905083288
VTE,multi,reported,0.1,MELD_lambda0_true − AFR,0.221740149828316,0.017430341115831,0.18510788858139,0.253531262094108
VTE,multi,reported,0.1,MELD_lambda0_true − AMR,0.0695474889552427,0.00807288096307113,0.0534551945692574,0.0854279430730421
VTE,multi,reported,0.1,MELD_lambda0_true − MELD_lambda0_equal,0.0211194550397607,0.0035576314372728,0.0143858941388697,0.0279338243226549
VTE,multi,reported,0.1,MELD_lambda0_true − MELD_lambda0_scrambled,0.000297641678105318,0.000812501479591754,-0.00126062322523583,0.00190691076819891
VTE,multi,reported,0.1,MELD_lambda1_true − MELD_lambda0_true,-0.000433642987960612,0.000583724887202002,-0.00157390117895544,0.000702096825208242
VTE,multi,w25rest,0.001,MELD_lambda0_true − EUR,0.269017974203773,0.018773181365964,0.228352665612213,0.303132556379725
VTE,multi,w25rest,0.001,MELD_lambda0_true − EAS,0.369781149866428,0.0178184136764544,0.335467826310721,0.402710032810258
VTE,multi,w25rest,0.001,MELD_lambda0_true − AFR,0.322256373033791,0.023309978485994,0.274888074579026,0.367356247916419
VTE,multi,w25rest,0.001,MELD_lambda0_true − AMR,0.259463765351768,0.0247198131702892,0.208064665319489,0.303100608155614
VTE,multi,w25rest,0.001,MELD_lambda0_true − MELD_lambda0_equal,0,0,0,0
VTE,multi,w25rest,0.001,MELD_lambda0_true − MELD_lambda0_scrambled,0,0,0,0
VTE,multi,w25rest,0.001,MELD_lambda1_true − MELD_lambda0_true,-2.71973867859919e-05,0.00175352236852628,-0.00329160855983163,0.00341282845327475
VTE,multi,w25rest,0.01,MELD_lambda0_true − EUR,0.130624260680161,0.0116238986770169,0.108567777209032,0.153183752371954
VTE,multi,w25rest,0.01,MELD_lambda0_true − EAS,0.214052840511838,0.0118408427352513,0.190467633095934,0.236432892628587
VTE,multi,w25rest,0.01,MELD_lambda0_true − AFR,0.220512617550343,0.0186835121841435,0.183560657185921,0.256659469548581
VTE,multi,w25rest,0.01,MELD_lambda0_true − AMR,0.138731253785754,0.0160984417355784,0.105493891643234,0.169754061816822
VTE,multi,w25rest,0.01,MELD_lambda0_true − MELD_lambda0_equal,0,0,0,0
VTE,multi,w25rest,0.01,MELD_lambda0_true − MELD_lambda0_scrambled,0,0,0,0
VTE,multi,w25rest,0.01,MELD_lambda1_true − MELD_lambda0_true,-0.000905005292492441,0.00137304230976812,-0.00351758380159531,0.00185115878096148
VTE,multi,w25rest,0.1,MELD_lambda0_true − EUR,0.0905151213905052,0.00792822575654708,0.0753437288286255,0.106140951700319
VTE,multi,w25rest,0.1,MELD_lambda0_true − EAS,0.154295915151123,0.00981931677167207,0.134691338440593,0.172672210654938
VTE,multi,w25rest,0.1,MELD_lambda0_true − AFR,0.15509948470484,0.0140264592280045,0.128676607479781,0.181485995259628
VTE,multi,w25rest,0.1,MELD_lambda0_true − AMR,0.0884744931117631,0.0104717239028207,0.0689418728594254,0.108617815718993
VTE,multi,w25rest,0.1,MELD_lambda0_true − MELD_lambda0_equal,0,0,0,0
VTE,multi,w25rest,0.1,MELD_lambda0_true − MELD_lambda0_scrambled,0,0,0,0
VTE,multi,w25rest,0.1,MELD_lambda1_true − MELD_lambda0_true,-0.00303004197890194,0.00113548740860555,-0.00516804534817203,-0.000764154691101706
VTE,multi,w50rest,0.001,MELD_lambda0_true − EUR,0.179769625810656,0.014614434829308,0.152616082619251,0.208761513607707
VTE,multi,w50rest,0.001,MELD_lambda0_true − EAS,0.379784907027056,0.0231005668117424,0.33606777008439,0.42582911097125
VTE,multi,w50rest,0.001,MELD_lambda0_true − AFR,0.348361475443145,0.0260235112337642,0.29738926232054,0.397441587961004
VTE,multi,w50rest,0.001,MELD_lambda0_true − AMR,0.195857199821134,0.0187653834031341,0.15934425209408,0.232301980191101
VTE,multi,w50rest,0.001,MELD_lambda0_true − MELD_lambda0_equal,0.00706157805803111,0.00369885953180671,-0.000757840906408212,0.0140108105592969
VTE,multi,w50rest,0.001,MELD_lambda0_true − MELD_lambda0_scrambled,0.0230674126109793,0.00911718063599507,0.00465747506994638,0.0405315784367871
VTE,multi,w50rest,0.001,MELD_lambda1_true − MELD_lambda0_true,0.000978205516444394,0.00184928333050855,-0.00242206592986819,0.00480174243465549
VTE,multi,w50rest,0.01,MELD_lambda0_true − EUR,0.0876121947049301,0.011504333242579,0.0661587414490268,0.112490445912724
VTE,multi,w50rest,0.01,MELD_lambda0_true − EAS,0.207121485175506,0.0118157039711204,0.184679639727188,0.231346927875887
VTE,multi,w50rest,0.01,MELD_lambda0_true − AFR,0.243524567940018,0.0224883941397266,0.199896369245079,0.288000503049198
VTE,multi,w50rest,0.01,MELD_lambda0_true − AMR,0.106627510064335,0.0130152128577198,0.0825389980005907,0.133597585351076
VTE,multi,w50rest,0.01,MELD_lambda0_true − MELD_lambda0_equal,0.00681054236897435,0.00196699688456938,0.0030108705650597,0.0106863044231904
VTE,multi,w50rest,0.01,MELD_lambda0_true − MELD_lambda0_scrambled,0.0238155121128248,0.00416685176696067,0.0159697134573694,0.0322689848437336
VTE,multi,w50rest,0.01,MELD_lambda1_true − MELD_lambda0_true,-0.000224724477056683,0.00113440781264981,-0.00252732256486163,0.00193118382781248
VTE,multi,w50rest,0.1,MELD_lambda0_true − EUR,0.0624180754608968,0.00861194958722104,0.0457849589400431,0.0800700332814901
VTE,multi,w50rest,0.1,MELD_lambda0_true − EAS,0.141084746232849,0.00836391880343856,0.124825214631156,0.157088716878866
VTE,multi,w50rest,0.1,MELD_lambda0_true − AFR,0.168294818511639,0.018854156278208,0.132214228980782,0.205784827512958
VTE,multi,w50rest,0.1,MELD_lambda0_true − AMR,0.0760054610479305,0.00776734782971026,0.0618028322156778,0.0921447338848307
VTE,multi,w50rest,0.1,MELD_lambda0_true − MELD_lambda0_equal,0.00394268493771805,0.00174712686988939,0.000743325602335448,0.00748964306125844
VTE,multi,w50rest,0.1,MELD_lambda0_true − MELD_lambda0_scrambled,0.0157068325627944,0.00364491155212106,0.00882363033819092,0.0230898287451231
VTE,multi,w50rest,0.1,MELD_lambda1_true − MELD_lambda0_true,-0.00261757405268706,0.000885808202176288,-0.00446907487961763,-0.000958799998078605
Asthma,EUR_AFR,EUR_AFR_01,0.001,MELD_lambda0_true − EUR,0.200882661406907,0.0254548328578778,0.149769925616008,0.251552008952451
Asthma,EUR_AFR,EUR_AFR_01,0.001,MELD_lambda0_true − EAS,0.271412205434207,0.0309287162998978,0.212212368352424,0.3339169699359
Asthma,EUR_AFR,EUR_AFR_01,0.001,MELD_lambda0_true − AFR,-8.99571025071919e-07,1.77029271242223e-06,-4.88719704374778e-06,1.87704373330867e-06
Asthma,EUR_AFR,EUR_AFR_01,0.001,MELD_lambda0_true − CSA,0.226848008506937,0.0293207601474207,0.172514020433344,0.289694706903176
Asthma,EUR_AFR,EUR_AFR_01,0.001,MELD_lambda0_true − AMR,0.129958972996038,0.0220519304078926,0.0883022175364371,0.177677450022483
Asthma,EUR_AFR,EUR_AFR_01,0.001,MELD_lambda0_true − MELD_lambda0_equal,-0.108528290181206,0.0225022613277147,-0.149254359992457,-0.0613341554373265
Asthma,EUR_AFR,EUR_AFR_01,0.001,MELD_lambda0_true − MELD_lambda0_scrambled,0,0,0,0
Asthma,EUR_AFR,EUR_AFR_01,0.001,MELD_lambda1_true − MELD_lambda0_true,0,0,0,0
Asthma,EUR_AFR,EUR_AFR_01,0.01,MELD_lambda0_true − EUR,0.1641468848654,0.0228811054547,0.115618371897852,0.20468323330527
Asthma,EUR_AFR,EUR_AFR_01,0.01,MELD_lambda0_true − EAS,0.219914474151458,0.0258145144111114,0.168120082047386,0.269090626798928
Asthma,EUR_AFR,EUR_AFR_01,0.01,MELD_lambda0_true − AFR,-3.37655286141863e-07,1.96886108324114e-06,-4.71777595614932e-06,3.40301815698584e-06
Asthma,EUR_AFR,EUR_AFR_01,0.01,MELD_lambda0_true − CSA,0.181131889183969,0.0234629015405789,0.133348651031333,0.225872282314213
Asthma,EUR_AFR,EUR_AFR_01,0.01,MELD_lambda0_true − AMR,0.11797031154634,0.0200564862292106,0.0785838175522861,0.15615238501216
Asthma,EUR_AFR,EUR_AFR_01,0.01,MELD_lambda0_true − MELD_lambda0_equal,-0.0574101724886619,0.0167342473862267,-0.0904040979377964,-0.0259780084991212
Asthma,EUR_AFR,EUR_AFR_01,0.01,MELD_lambda0_true − MELD_lambda0_scrambled,0,0,0,0
Asthma,EUR_AFR,EUR_AFR_01,0.01,MELD_lambda1_true − MELD_lambda0_true,0,0,0,0
Asthma,EUR_AFR,EUR_AFR_01,0.1,MELD_lambda0_true − EUR,0.158234018476656,0.0186645921111403,0.121921888505739,0.194775076735543
Asthma,EUR_AFR,EUR_AFR_01,0.1,MELD_lambda0_true − EAS,0.210631193706696,0.0194852798312492,0.171698819731671,0.248121756548863
Asthma,EUR_AFR,EUR_AFR_01,0.1,MELD_lambda0_true − AFR,2.62164323326069e-07,2.01154923208475e-06,-3.74737439344617e-06,4.61043983723436e-06
Asthma,EUR_AFR,EUR_AFR_01,0.1,MELD_lambda0_true − CSA,0.176687381673779,0.0175696376157295,0.142828322568242,0.210633081246785
Asthma,EUR_AFR,EUR_AFR_01,0.1,MELD_lambda0_true − AMR,0.133960585638114,0.01399428209391,0.10491573936638,0.160873502729232
Asthma,EUR_AFR,EUR_AFR_01,0.1,MELD_lambda0_true − MELD_lambda0_equal,-0.00845447710301942,0.0122202274681022,-0.0337258930125724,0.0135711605787593
Asthma,EUR_AFR,EUR_AFR_01,0.1,MELD_lambda0_true − MELD_lambda0_scrambled,0,0,0,0
Asthma,EUR_AFR,EUR_AFR_01,0.1,MELD_lambda1_true − MELD_lambda0_true,0,0,0,0
Asthma,EUR_AFR,EUR_AFR_02,0.001,MELD_lambda0_true − EUR,0.234253933794406,0.0212174102841032,0.188847283540986,0.272725321048658
Asthma,EUR_AFR,EUR_AFR_02,0.001,MELD_lambda0_true − EAS,0.343652173105636,0.0238977944694336,0.296976533405639,0.386959325811496
Asthma,EUR_AFR,EUR_AFR_02,0.001,MELD_lambda0_true − AFR,0.111333291567753,0.0160032995789219,0.0799674739831093,0.142823263942992
Asthma,EUR_AFR,EUR_AFR_02,0.001,MELD_lambda0_true − CSA,0.2643252059501,0.0259575157348121,0.208955755310742,0.309107048920505
Asthma,EUR_AFR,EUR_AFR_02,0.001,MELD_lambda0_true − AMR,0.214671946696231,0.0201473773932532,0.175200473383727,0.255193834495472
Asthma,EUR_AFR,EUR_AFR_02,0.001,MELD_lambda0_true − MELD_lambda0_equal,-0.0446841312818911,0.0166359453638238,-0.0744252884166286,-0.00942518964027666
Asthma,EUR_AFR,EUR_AFR_02,0.001,MELD_lambda0_true − MELD_lambda0_scrambled,0.235748690157179,0.0248528413881956,0.18611693829838,0.283982238862493
Asthma,EUR_AFR,EUR_AFR_02,0.001,MELD_lambda1_true − MELD_lambda0_true,0.00740736196593155,0.00158626278845846,0.00423127833114622,0.0104903845097806
Asthma,EUR_AFR,EUR_AFR_02,0.01,MELD_lambda0_true − EUR,0.168696118913468,0.0156374312193269,0.139146275623137,0.199807475956079
Asthma,EUR_AFR,EUR_AFR_02,0.01,MELD_lambda0_true − EAS,0.247343406177367,0.0152390023792133,0.2191360772608,0.277003390859791
Asthma,EUR_AFR,EUR_AFR_02,0.01,MELD_lambda0_true − AFR,0.0732774006843946,0.00818335196546817,0.0570981421793185,0.0883955968668716
Asthma,EUR_AFR,EUR_AFR_02,0.01,MELD_lambda0_true − CSA,0.181974867659031,0.0185566482377299,0.143715140365826,0.215464248797581
Asthma,EUR_AFR,EUR_AFR_02,0.01,MELD_lambda0_true − AMR,0.168503299740796,0.0186015603563748,0.133197096938663,0.206713877279604
Asthma,EUR_AFR,EUR_AFR_02,0.01,MELD_lambda0_true − MELD_lambda0_equal,-0.015515239721229,0.00897549003988337,-0.0330807595667552,0.00198038775351488
Asthma,EUR_AFR,EUR_AFR_02,0.01,MELD_lambda0_true − MELD_lambda0_scrambled,0.150697840750923,0.0188864596491335,0.112203711639437,0.187226559750395
Asthma,EUR_AFR,EUR_AFR_02,0.01,MELD_lambda1_true − MELD_lambda0_true,0.00452956516394849,0.00136047350868143,0.00207834545127023,0.00738247591114048
Asthma,EUR_AFR,EUR_AFR_02,0.1,MELD_lambda0_true − EUR,0.147867298360146,0.0131852610019228,0.121416642069344,0.172264264950959
Asthma,EUR_AFR,EUR_AFR_02,0.1,MELD_lambda0_true − EAS,0.206043781329292,0.012485978952112,0.181596401197736,0.230237041691602
Asthma,EUR_AFR,EUR_AFR_02,0.1,MELD_lambda0_true − AFR,0.0497295762607735,0.00658197158895802,0.0375914787276392,0.0627141833650661
Asthma,EUR_AFR,EUR_AFR_02,0.1,MELD_lambda0_true − CSA,0.158874032722559,0.0155600073419302,0.126875614563233,0.190291641918956
Asthma,EUR_AFR,EUR_AFR_02,0.1,MELD_lambda0_true − AMR,0.140743062227315,0.015869036584028,0.110824909778173,0.171780445309592
Asthma,EUR_AFR,EUR_AFR_02,0.1,MELD_lambda0_true − MELD_lambda0_equal,0.00966897251548989,0.00644142794822626,-0.00287149316433715,0.0224773374720773
Asthma,EUR_AFR,EUR_AFR_02,0.1,MELD_lambda0_true − MELD_lambda0_scrambled,0.139959595959157,0.0156134078378268,0.110086970384434,0.171190676612475
Asthma,EUR_AFR,EUR_AFR_02,0.1,MELD_lambda1_true − MELD_lambda0_true,0.0013142128687124,0.000845315561132196,-0.000406859857574971,0.00293417941570815
Asthma,EUR_AFR,EUR_AFR_03,0.001,MELD_lambda0_true − EUR,0.27732648107872,0.0186409617791419,0.240874427609924,0.311910080745655
Asthma,EUR_AFR,EUR_AFR_03,0.001,MELD_lambda0_true − EAS,0.382066919305247,0.0196935071632359,0.344878220582259,0.420421572005062
Asthma,EUR_AFR,EUR_AFR_03,0.001,MELD_lambda0_true − AFR,0.15641173351673,0.0172277724267146,0.119731905452756,0.187919869541244
Asthma,EUR_AFR,EUR_AFR_03,0.001,MELD_lambda0_true − CSA,0.288182979292402,0.0191650413318703,0.25124767726026,0.326998508956076
Asthma,EUR_AFR,EUR_AFR_03,0.001,MELD_lambda0_true − AMR,0.241950560365046,0.0192813643607268,0.20343571720167,0.280835011030969
Asthma,EUR_AFR,EUR_AFR_03,0.001,MELD_lambda0_true − MELD_lambda0_equal,-0.027937681163129,0.0159875272319329,-0.0563587785348413,0.00531012667020821
Asthma,EUR_AFR,EUR_AFR_03,0.001,MELD_lambda0_true − MELD_lambda0_scrambled,0.235343374151395,0.0209276816280208,0.19707847752933,0.277358444573831
Asthma,EUR_AFR,EUR_AFR_03,0.001,MELD_lambda1_true − MELD_lambda0_true,0.00545172794087653,0.00333939793401778,-0.000823774234590285,0.012187314049322
Asthma,EUR_AFR,EUR_AFR_03,0.01,MELD_lambda0_true − EUR,0.191589610220287,0.0169862158332466,0.159444050860085,0.224995582483913
Asthma,EUR_AFR,EUR_AFR_03,0.01,MELD_lambda0_true − EAS,0.259482830889238,0.0171612483422846,0.225222311363077,0.292062515606705
Asthma,EUR_AFR,EUR_AFR_03,0.01,MELD_lambda0_true − AFR,0.0968536088860265,0.0111345111351155,0.0736288745166173,0.117568194929587
Asthma,EUR_AFR,EUR_AFR_03,0.01,MELD_lambda0_true − CSA,0.174392068386757,0.0141505813711885,0.146979017638196,0.201142179953599
Asthma,EUR_AFR,EUR_AFR_03,0.01,MELD_lambda0_true − AMR,0.178850229986085,0.0111202347462335,0.155953510271629,0.199629583111078
Asthma,EUR_AFR,EUR_AFR_03,0.01,MELD_lambda0_true − MELD_lambda0_equal,-0.00372950220403385,0.0071397813256712,-0.0168068750708256,0.0107444178841935
Asthma,EUR_AFR,EUR_AFR_03,0.01,MELD_lambda0_true − MELD_lambda0_scrambled,0.141468183149166,0.0143763878976731,0.112713599907147,0.169749464767502
Asthma,EUR_AFR,EUR_AFR_03,0.01,MELD_lambda1_true − MELD_lambda0_true,0.00230555870443685,0.00253257699519665,-0.00267428084188342,0.00736198403001663
Asthma,EUR_AFR,EUR_AFR_03,0.1,MELD_lambda0_true − EUR,0.149949879552934,0.0164970374504699,0.117023502093961,0.182252697049908
Asthma,EUR_AFR,EUR_AFR_03,0.1,MELD_lambda0_true − EAS,0.206162780160219,0.0174801239495206,0.169284668662729,0.240023672054541
Asthma,EUR_AFR,EUR_AFR_03,0.1,MELD_lambda0_true − AFR,0.0704495818041422,0.00601114607269892,0.058604318692497,0.0819432306762004
Asthma,EUR_AFR,EUR_AFR_03,0.1,MELD_lambda0_true − CSA,0.147890735713401,0.016018061325544,0.116023498629858,0.178775245587393
Asthma,EUR_AFR,EUR_AFR_03,0.1,MELD_lambda0_true − AMR,0.136966427863237,0.0113513703842419,0.114350355116727,0.158791979200874
Asthma,EUR_AFR,EUR_AFR_03,0.1,MELD_lambda0_true − MELD_lambda0_equal,0.0121836473676399,0.00630830996027595,0.000586939278647711,0.0246831020505139
Asthma,EUR_AFR,EUR_AFR_03,0.1,MELD_lambda0_true − MELD_lambda0_scrambled,0.132964419094816,0.0146029896855738,0.102921269540741,0.161112355366728
Asthma,EUR_AFR,EUR_AFR_03,0.1,MELD_lambda1_true − MELD_lambda0_true,-0.000694439410778213,0.00161565672839768,-0.00383871529356588,0.00246461041988669
Asthma,EUR_AFR,EUR_AFR_04,0.001,MELD_lambda0_true − EUR,0.25990134990804,0.0230325082279276,0.214789619714305,0.304105603167353
Asthma,EUR_AFR,EUR_AFR_04,0.001,MELD_lambda0_true − EAS,0.34617738498199,0.0315006721796674,0.284521402856,0.407818508340634
Asthma,EUR_AFR,EUR_AFR_04,0.001,MELD_lambda0_true − AFR,0.171728917877671,0.0229014757617204,0.124823720673066,0.214350952808333
Asthma,EUR_AFR,EUR_AFR_04,0.001,MELD_lambda0_true − CSA,0.274713276226122,0.0286212652446579,0.214436960042421,0.329268796532568
Asthma,EUR_AFR,EUR_AFR_04,0.001,MELD_lambda0_true − AMR,0.249614466699754,0.0305282900210597,0.188605758415323,0.30702803113107
Asthma,EUR_AFR,EUR_AFR_04,0.001,MELD_lambda0_true − MELD_lambda0_equal,-0.0501678586030896,0.0199761309531305,-0.085499618479512,-0.00906047152481075
Asthma,EUR_AFR,EUR_AFR_04,0.001,MELD_lambda0_true − MELD_lambda0_scrambled,0.0301322840256748,0.0178391577435973,-0.005113723271584,0.0645501645101984
Asthma,EUR_AFR,EUR_AFR_04,0.001,MELD_lambda1_true − MELD_lambda0_true,0.00248813338787669,0.00339053326245918,-0.00379572021362361,0.00926621964810767
Asthma,EUR_AFR,EUR_AFR_04,0.01,MELD_lambda0_true − EUR,0.146069825729953,0.0137653744314505,0.119468638574002,0.173935776946666
Asthma,EUR_AFR,EUR_AFR_04,0.01,MELD_lambda0_true − EAS,0.212568256011666,0.0208393578490326,0.170357925472031,0.252773167207303
Asthma,EUR_AFR,EUR_AFR_04,0.01,MELD_lambda0_true − AFR,0.121027790478813,0.0144345260016213,0.0941111753310442,0.150704903723781
Asthma,EUR_AFR,EUR_AFR_04,0.01,MELD_lambda0_true − CSA,0.149136901953673,0.0180061780849098,0.112895288258441,0.182706152958015
Asthma,EUR_AFR,EUR_AFR_04,0.01,MELD_lambda0_true − AMR,0.170352860371855,0.022023715701276,0.125723060713152,0.211078818845522
Asthma,EUR_AFR,EUR_AFR_04,0.01,MELD_lambda0_true − MELD_lambda0_equal,-0.0241905858445211,0.0109350765228543,-0.0455861887306952,-0.00268810317099779
Asthma,EUR_AFR,EUR_AFR_04,0.01,MELD_lambda0_true − MELD_lambda0_scrambled,0.0108875330306082,0.00803079572262795,-0.00509036065257467,0.0267755234795598
Asthma,EUR_AFR,EUR_AFR_04,0.01,MELD_lambda1_true − MELD_lambda0_true,0.00182952984021086,0.00191113931084398,-0.00188426826787706,0.005633340804798
Asthma,EUR_AFR,EUR_AFR_04,0.1,MELD_lambda0_true − EUR,0.116281367959891,0.0125754036600364,0.0901466594538754,0.14060637216912
Asthma,EUR_AFR,EUR_AFR_04,0.1,MELD_lambda0_true − EAS,0.181869411966125,0.0163665259681954,0.147894269587663,0.211525441377025
Asthma,EUR_AFR,EUR_AFR_04,0.1,MELD_lambda0_true − AFR,0.0903632125869389,0.00955663743300009,0.0722559543515709,0.110350257789687
Asthma,EUR_AFR,EUR_AFR_04,0.1,MELD_lambda0_true − CSA,0.125972116165132,0.0130508218600916,0.100199636770335,0.150195094254894
Asthma,EUR_AFR,EUR_AFR_04,0.1,MELD_lambda0_true − AMR,0.135248559623896,0.0147798226052994,0.107419550596875,0.164740107884128
Asthma,EUR_AFR,EUR_AFR_04,0.1,MELD_lambda0_true − MELD_lambda0_equal,0.00329649478750733,0.00605282022378998,-0.00810072886138884,0.0154932890575187
Asthma,EUR_AFR,EUR_AFR_04,0.1,MELD_lambda0_true − MELD_lambda0_scrambled,0.0195458996816596,0.00543538318497879,0.00925485510464228,0.0305577445873978
Asthma,EUR_AFR,EUR_AFR_04,0.1,MELD_lambda1_true − MELD_lambda0_true,-0.000432089786133407,0.00138544889596087,-0.00316190138581028,0.00229829631958998
Asthma,EUR_AFR,EUR_AFR_05,0.001,MELD_lambda0_true − EUR,0.207909405358731,0.0228559172823193,0.161616957170345,0.251300354080013
Asthma,EUR_AFR,EUR_AFR_05,0.001,MELD_lambda0_true − EAS,0.361363097612441,0.0265839124845062,0.307669989883887,0.40911437075974
Asthma,EUR_AFR,EUR_AFR_05,0.001,MELD_lambda0_true − AFR,0.189798964101968,0.0199631549867764,0.147540632009021,0.225434428994308
Asthma,EUR_AFR,EUR_AFR_05,0.001,MELD_lambda0_true − CSA,0.259338481341407,0.0202471540726101,0.218944653100393,0.298290334204582
Asthma,EUR_AFR,EUR_AFR_05,0.001,MELD_lambda0_true − AMR,0.224872076342041,0.0245878996260627,0.178192616169113,0.2734419216242
Asthma,EUR_AFR,EUR_AFR_05,0.001,MELD_lambda0_true − MELD_lambda0_equal,-0.0414026330013293,0.0166141209162103,-0.0737568529367186,-0.0106824635144322
Asthma,EUR_AFR,EUR_AFR_05,0.001,MELD_lambda0_true − MELD_lambda0_scrambled,0.0244549212937152,0.016058636472109,-0.00910043319842608,0.0538717272507906
Asthma,EUR_AFR,EUR_AFR_05,0.001,MELD_lambda1_true − MELD_lambda0_true,0.00713042663876395,0.00326074403566064,0.00114832947502867,0.0135240868301707
Asthma,EUR_AFR,EUR_AFR_05,0.01,MELD_lambda0_true − EUR,0.112910849050941,0.0149004257961311,0.0819009578263992,0.140558299737183
Asthma,EUR_AFR,EUR_AFR_05,0.01,MELD_lambda0_true − EAS,0.222609843010955,0.0143816056135894,0.194836754472046,0.251661999300565
Asthma,EUR_AFR,EUR_AFR_05,0.01,MELD_lambda0_true − AFR,0.135233246002825,0.0132976320758838,0.107458446781416,0.159411832801208
Asthma,EUR_AFR,EUR_AFR_05,0.01,MELD_lambda0_true − CSA,0.138689857203101,0.0139544104922788,0.111771034076121,0.166918083579162
Asthma,EUR_AFR,EUR_AFR_05,0.01,MELD_lambda0_true − AMR,0.14865494666854,0.0182691815305881,0.112816090604341,0.185217080255001
Asthma,EUR_AFR,EUR_AFR_05,0.01,MELD_lambda0_true − MELD_lambda0_equal,-0.0138883495471057,0.00840273506678928,-0.0304469109111844,0.00182978608049192
Asthma,EUR_AFR,EUR_AFR_05,0.01,MELD_lambda0_true − MELD_lambda0_scrambled,0.0255041045196034,0.00669681988990119,0.0118883170795654,0.0384681609028284
Asthma,EUR_AFR,EUR_AFR_05,0.01,MELD_lambda1_true − MELD_lambda0_true,0.00303533557413832,0.0023064152485586,-0.00150272090244806,0.00748998807103307
Asthma,EUR_AFR,EUR_AFR_05,0.1,MELD_lambda0_true − EUR,0.0871040099393304,0.0119982020071732,0.0632047868086194,0.110565552157767
Asthma,EUR_AFR,EUR_AFR_05,0.1,MELD_lambda0_true − EAS,0.172617139890748,0.0115562643013292,0.149652783711314,0.194891181692314
Asthma,EUR_AFR,EUR_AFR_05,0.1,MELD_lambda0_true − AFR,0.102530968188961,0.0113140497033163,0.079346371983811,0.124189584442509
Asthma,EUR_AFR,EUR_AFR_05,0.1,MELD_lambda0_true − CSA,0.0994839609865656,0.01316137439592,0.0730014994016662,0.12491434756333
Asthma,EUR_AFR,EUR_AFR_05,0.1,MELD_lambda0_true − AMR,0.10755508470756,0.0120580313408327,0.0834147234209186,0.130028668816328
Asthma,EUR_AFR,EUR_AFR_05,0.1,MELD_lambda0_true − MELD_lambda0_equal,-0.000321530802807074,0.00576554889348517,-0.0121535316768923,0.0103791657164832
Asthma,EUR_AFR,EUR_AFR_05,0.1,MELD_lambda0_true − MELD_lambda0_scrambled,0.0211636476644837,0.00446787162058161,0.0118929835507998,0.0295051374191472
Asthma,EUR_AFR,EUR_AFR_05,0.1,MELD_lambda1_true − MELD_lambda0_true,0.00130838349807882,0.00172724483197214,-0.00201772193916131,0.00467633548727941
Asthma,EUR_AFR,EUR_AFR_06,0.001,MELD_lambda0_true − EUR,0.197214366086694,0.0213937433451241,0.152390536792317,0.236308689910591
Asthma,EUR_AFR,EUR_AFR_06,0.001,MELD_lambda0_true − EAS,0.356606860229055,0.0302388234442682,0.293895643851981,0.414108423096956
Asthma,EUR_AFR,EUR_AFR_06,0.001,MELD_lambda0_true − AFR,0.234658134010663,0.0222667564605718,0.188820043612463,0.274930262291453
Asthma,EUR_AFR,EUR_AFR_06,0.001,MELD_lambda0_true − CSA,0.25367249385129,0.0259311537951883,0.19897580274934,0.302778262987592
Asthma,EUR_AFR,EUR_AFR_06,0.001,MELD_lambda0_true − AMR,0.202232105469384,0.0226388426080697,0.161003122497735,0.249522062641533
Asthma,EUR_AFR,EUR_AFR_06,0.001,MELD_lambda0_true − MELD_lambda0_equal,-0.0292967732048174,0.013115406774702,-0.0576672415929057,-0.00662742368594676
Asthma,EUR_AFR,EUR_AFR_06,0.001,MELD_lambda0_true − MELD_lambda0_scrambled,0.165969734651123,0.0261291849006735,0.113063621519372,0.215391057279328
Asthma,EUR_AFR,EUR_AFR_06,0.001,MELD_lambda1_true − MELD_lambda0_true,-0.00114227608059732,0.00199143841792459,-0.00499868155327983,0.00282920699326819
Asthma,EUR_AFR,EUR_AFR_06,0.01,MELD_lambda0_true − EUR,0.101806333612661,0.0119646451814266,0.0777071324909288,0.123885874645527
Asthma,EUR_AFR,EUR_AFR_06,0.01,MELD_lambda0_true − EAS,0.218081591143911,0.0192943892044406,0.178351645363539,0.253399014623715
Asthma,EUR_AFR,EUR_AFR_06,0.01,MELD_lambda0_true − AFR,0.152836832530592,0.0139888340366879,0.12349894597001,0.177795284239706
Asthma,EUR_AFR,EUR_AFR_06,0.01,MELD_lambda0_true − CSA,0.124745959866849,0.0200451281843401,0.084993102763318,0.163379014585935
Asthma,EUR_AFR,EUR_AFR_06,0.01,MELD_lambda0_true − AMR,0.132500865710067,0.020123336779139,0.0966449243922446,0.174105061991006
Asthma,EUR_AFR,EUR_AFR_06,0.01,MELD_lambda0_true − MELD_lambda0_equal,-0.0105521911483571,0.00700446594864789,-0.0247574542483312,0.00335681782908415
Asthma,EUR_AFR,EUR_AFR_06,0.01,MELD_lambda0_true − MELD_lambda0_scrambled,0.0743542114336508,0.0135645930272193,0.0476832791398585,0.0995064191352791
Asthma,EUR_AFR,EUR_AFR_06,0.01,MELD_lambda1_true − MELD_lambda0_true,-0.000428650539594158,0.00135555762488565,-0.0030701113077962,0.00223721553531396
Asthma,EUR_AFR,EUR_AFR_06,0.1,MELD_lambda0_true − EUR,0.067963390223389,0.00817187536263137,0.051367184004546,0.0831089664027432
Asthma,EUR_AFR,EUR_AFR_06,0.1,MELD_lambda0_true − EAS,0.169771532792168,0.0136545746798606,0.142660698812467,0.195489019245961
Asthma,EUR_AFR,EUR_AFR_06,0.1,MELD_lambda0_true − AFR,0.11494233440716,0.0102934419297379,0.0941722260744231,0.13444430804126
Asthma,EUR_AFR,EUR_AFR_06,0.1,MELD_lambda0_true − CSA,0.10263706751248,0.0149332646933751,0.074015304706656,0.132480538149788
Asthma,EUR_AFR,EUR_AFR_06,0.1,MELD_lambda0_true − AMR,0.105322055749814,0.0135907142601297,0.080681188677593,0.133454075594099
Asthma,EUR_AFR,EUR_AFR_06,0.1,MELD_lambda0_true − MELD_lambda0_equal,0.00361222891030861,0.00533460436392356,-0.00695958859008897,0.0135967954480364
Asthma,EUR_AFR,EUR_AFR_06,0.1,MELD_lambda0_true − MELD_lambda0_scrambled,0.0650366571640028,0.00945785158926316,0.0465837457564476,0.083641831652948
Asthma,EUR_AFR,EUR_AFR_06,0.1,MELD_lambda1_true − MELD_lambda0_true,-0.000803117935575435,0.00085684193021456,-0.00254657771401309,0.000895855768633447
Asthma,EUR_AFR,EUR_AFR_07,0.001,MELD_lambda0_true − EUR,0.181190321694418,0.0159949916923606,0.149834631556659,0.211426559552602
Asthma,EUR_AFR,EUR_AFR_07,0.001,MELD_lambda0_true − EAS,0.361978061070084,0.0259986531674014,0.311976617044159,0.412566526930083
Asthma,EUR_AFR,EUR_AFR_07,0.001,MELD_lambda0_true − AFR,0.261277703530155,0.0222933509076783,0.216122086033994,0.30342999324893
Asthma,EUR_AFR,EUR_AFR_07,0.001,MELD_lambda0_true − CSA,0.245952704696873,0.0254153889374553,0.194771220393422,0.295929869570746
Asthma,EUR_AFR,EUR_AFR_07,0.001,MELD_lambda0_true − AMR,0.191369642591496,0.0197412146785547,0.15303211850433,0.230937916159772
Asthma,EUR_AFR,EUR_AFR_07,0.001,MELD_lambda0_true − MELD_lambda0_equal,-0.0307120970139364,0.0163099650150709,-0.0618195066083401,0.00140197907105709
Asthma,EUR_AFR,EUR_AFR_07,0.001,MELD_lambda0_true − MELD_lambda0_scrambled,0.038595309579494,0.0148339967991557,0.00819397891729461,0.066781460461291
Asthma,EUR_AFR,EUR_AFR_07,0.001,MELD_lambda1_true − MELD_lambda0_true,0.00121686478743257,0.00325165265583467,-0.00508736126329659,0.007413748192193
Asthma,EUR_AFR,EUR_AFR_07,0.01,MELD_lambda0_true − EUR,0.0939578093437401,0.011067382921358,0.0721749793990604,0.115459581939316
Asthma,EUR_AFR,EUR_AFR_07,0.01,MELD_lambda0_true − EAS,0.207411399771915,0.0153665266881457,0.177886098051624,0.237009062300875
Asthma,EUR_AFR,EUR_AFR_07,0.01,MELD_lambda0_true − AFR,0.178060898799412,0.0127109338701119,0.151072835509603,0.200952618594908
Asthma,EUR_AFR,EUR_AFR_07,0.01,MELD_lambda0_true − CSA,0.132400176231455,0.0172088971477411,0.0984673586603658,0.16549546670519
Asthma,EUR_AFR,EUR_AFR_07,0.01,MELD_lambda0_true − AMR,0.126865271161959,0.0140960841227568,0.0978940923612305,0.153592705715105
Asthma,EUR_AFR,EUR_AFR_07,0.01,MELD_lambda0_true − MELD_lambda0_equal,-0.00739593614864174,0.00668851046082759,-0.0199615530030736,0.00591540975362126
Asthma,EUR_AFR,EUR_AFR_07,0.01,MELD_lambda0_true − MELD_lambda0_scrambled,0.0389309024471446,0.00656863029741288,0.0256247092202033,0.0511475711992147
Asthma,EUR_AFR,EUR_AFR_07,0.01,MELD_lambda1_true − MELD_lambda0_true,-7.36249669775992e-05,0.00191745893337821,-0.00338589940288489,0.00405294620065178
Asthma,EUR_AFR,EUR_AFR_07,0.1,MELD_lambda0_true − EUR,0.0643770593984417,0.00677532894328004,0.0509155922710745,0.0777669481747587
Asthma,EUR_AFR,EUR_AFR_07,0.1,MELD_lambda0_true − EAS,0.164290482665163,0.0122692984770906,0.14055365626994,0.188634614829777
Asthma,EUR_AFR,EUR_AFR_07,0.1,MELD_lambda0_true − AFR,0.13603172447318,0.0097385892006051,0.11583171453335,0.154497409780061
Asthma,EUR_AFR,EUR_AFR_07,0.1,MELD_lambda0_true − CSA,0.0965492492104434,0.0107308794003547,0.074846520492758,0.116549880540002
Asthma,EUR_AFR,EUR_AFR_07,0.1,MELD_lambda0_true − AMR,0.0951974904080674,0.00992364820545684,0.0743650925170411,0.113791810738519
Asthma,EUR_AFR,EUR_AFR_07,0.1,MELD_lambda0_true − MELD_lambda0_equal,0.00357837167760586,0.00377504381311259,-0.00327137715038115,0.0113465864358767
Asthma,EUR_AFR,EUR_AFR_07,0.1,MELD_lambda0_true − MELD_lambda0_scrambled,0.0321765798525304,0.00384917942702028,0.0245573561324859,0.0398899214971169
Asthma,EUR_AFR,EUR_AFR_07,0.1,MELD_lambda1_true − MELD_lambda0_true,-0.00181275485005407,0.00156094144607772,-0.00436549795076734,0.00153601946671604
Asthma,EUR_AFR,EUR_AFR_08,0.001,MELD_lambda0_true − EUR,0.166388903376835,0.0110310171746311,0.144284563759487,0.187473847847185
Asthma,EUR_AFR,EUR_AFR_08,0.001,MELD_lambda0_true − EAS,0.372888810752273,0.0246224649309107,0.323618038968221,0.420357178396039
Asthma,EUR_AFR,EUR_AFR_08,0.001,MELD_lambda0_true − AFR,0.316819472864854,0.0260905988648509,0.266238742217479,0.365659007626086
Asthma,EUR_AFR,EUR_AFR_08,0.001,MELD_lambda0_true − CSA,0.233516992044766,0.0190451133918445,0.197191031470164,0.271334269342677
Asthma,EUR_AFR,EUR_AFR_08,0.001,MELD_lambda0_true − AMR,0.213441552749591,0.016101336249448,0.183710604604504,0.247225628054715
Asthma,EUR_AFR,EUR_AFR_08,0.001,MELD_lambda0_true − MELD_lambda0_equal,-0.0212190120682967,0.0104528350641465,-0.0394879273110628,0.000430528289319564
Asthma,EUR_AFR,EUR_AFR_08,0.001,MELD_lambda0_true − MELD_lambda0_scrambled,0.17095437756105,0.0197356141518609,0.128969480480956,0.206774838526884
Asthma,EUR_AFR,EUR_AFR_08,0.001,MELD_lambda1_true − MELD_lambda0_true,-0.00169909140991436,0.00239365128133296,-0.00701636728035746,0.00236260462292435
Asthma,EUR_AFR,EUR_AFR_08,0.01,MELD_lambda0_true − EUR,0.0707898564034873,0.00797200884735366,0.0554321038881066,0.0862794405133282
Asthma,EUR_AFR,EUR_AFR_08,0.01,MELD_lambda0_true − EAS,0.216778170384674,0.01542128770096,0.185400562671039,0.246606224237284
Asthma,EUR_AFR,EUR_AFR_08,0.01,MELD_lambda0_true − AFR,0.225121886244424,0.0216084081198953,0.181059733236411,0.266009695560811
Asthma,EUR_AFR,EUR_AFR_08,0.01,MELD_lambda0_true − CSA,0.111069015725812,0.0121588635223805,0.0870160788128513,0.13360909027531
Asthma,EUR_AFR,EUR_AFR_08,0.01,MELD_lambda0_true − AMR,0.134413882560372,0.0159703774662793,0.102812747642683,0.166159271480777
Asthma,EUR_AFR,EUR_AFR_08,0.01,MELD_lambda0_true − MELD_lambda0_equal,-0.00813712720078701,0.00513554195327286,-0.0178104100749992,0.00236546559492963
Asthma,EUR_AFR,EUR_AFR_08,0.01,MELD_lambda0_true − MELD_lambda0_scrambled,0.087677224316477,0.0115420938327614,0.0647273061278608,0.110547627968778
Asthma,EUR_AFR,EUR_AFR_08,0.01,MELD_lambda1_true − MELD_lambda0_true,-0.00120909493712813,0.00134689439302056,-0.0040389294829609,0.00121999547556621
Asthma,EUR_AFR,EUR_AFR_08,0.1,MELD_lambda0_true − EUR,0.0478436143591408,0.0055368572809544,0.0375594853073517,0.0593396510778827
Asthma,EUR_AFR,EUR_AFR_08,0.1,MELD_lambda0_true − EAS,0.163489159220272,0.0133882760156622,0.137802793644071,0.189684126041091
Asthma,EUR_AFR,EUR_AFR_08,0.1,MELD_lambda0_true − AFR,0.170398686131037,0.0166422124178749,0.138149135767555,0.202438328253773
Asthma,EUR_AFR,EUR_AFR_08,0.1,MELD_lambda0_true − CSA,0.0879949658418122,0.00950971225661426,0.0685448994163535,0.106178998787522
Asthma,EUR_AFR,EUR_AFR_08,0.1,MELD_lambda0_true − AMR,0.0978446998027838,0.00907047298376913,0.0801771900644515,0.115814814127364
Asthma,EUR_AFR,EUR_AFR_08,0.1,MELD_lambda0_true − MELD_lambda0_equal,0.00183883200490077,0.00374738708281625,-0.00533327808765025,0.00897819513724835
Asthma,EUR_AFR,EUR_AFR_08,0.1,MELD_lambda0_true − MELD_lambda0_scrambled,0.0765437341789506,0.00965772884258129,0.0581793516865529,0.0956805347669123
Asthma,EUR_AFR,EUR_AFR_08,0.1,MELD_lambda1_true − MELD_lambda0_true,-0.00189716515406122,0.000772890251811456,-0.00339856688910106,-0.000405397339195367
Asthma,EUR_AFR,EUR_AFR_09,0.001,MELD_lambda0_true − EUR,0.14036128480167,0.0129237888030399,0.11545845987252,0.165193860876417
Asthma,EUR_AFR,EUR_AFR_09,0.001,MELD_lambda0_true − EAS,0.374419152888851,0.0258340251074084,0.326439543213104,0.429147651520512
Asthma,EUR_AFR,EUR_AFR_09,0.001,MELD_lambda0_true − AFR,0.338838408739943,0.0224970506410732,0.292538562905804,0.381661179869683
Asthma,EUR_AFR,EUR_AFR_09,0.001,MELD_lambda0_true − CSA,0.215221109041555,0.0217751204159188,0.173328078021532,0.257510221988573
Asthma,EUR_AFR,EUR_AFR_09,0.001,MELD_lambda0_true − AMR,0.216712116175318,0.0167406210875883,0.183372803575751,0.248258415388045
Asthma,EUR_AFR,EUR_AFR_09,0.001,MELD_lambda0_true − MELD_lambda0_equal,-0.00830891466136621,0.0100140985612357,-0.0262261825661509,0.0128341674744564
Asthma,EUR_AFR,EUR_AFR_09,0.001,MELD_lambda0_true − MELD_lambda0_scrambled,0.150022435053262,0.0146764943763393,0.121070346227515,0.178890438908608
Asthma,EUR_AFR,EUR_AFR_09,0.001,MELD_lambda1_true − MELD_lambda0_true,-0.00326727446012131,0.00146023928146987,-0.00620910099645387,-0.000531365781707611
Asthma,EUR_AFR,EUR_AFR_09,0.01,MELD_lambda0_true − EUR,0.0568100617288341,0.00744281377837928,0.0417155371159068,0.0707171731280064
Asthma,EUR_AFR,EUR_AFR_09,0.01,MELD_lambda0_true − EAS,0.204168463915063,0.015846476892491,0.173223758288188,0.235578201097327
Asthma,EUR_AFR,EUR_AFR_09,0.01,MELD_lambda0_true − AFR,0.243038977809419,0.0166296272861342,0.208773425100362,0.274744017720055
Asthma,EUR_AFR,EUR_AFR_09,0.01,MELD_lambda0_true − CSA,0.112966433266533,0.0162157512335522,0.081698990167758,0.144918118769413
Asthma,EUR_AFR,EUR_AFR_09,0.01,MELD_lambda0_true − AMR,0.131454209936084,0.0117604424344478,0.108069730419622,0.153733629164267
Asthma,EUR_AFR,EUR_AFR_09,0.01,MELD_lambda0_true − MELD_lambda0_equal,0.00490666429545283,0.00468587864189607,-0.00346539603563603,0.0140312714994618
Asthma,EUR_AFR,EUR_AFR_09,0.01,MELD_lambda0_true − MELD_lambda0_scrambled,0.103761962380184,0.0109882157308647,0.0822125665367924,0.124979003289105
Asthma,EUR_AFR,EUR_AFR_09,0.01,MELD_lambda1_true − MELD_lambda0_true,-0.00216152758661628,0.000720438413207915,-0.00363258708099568,-0.000830794169309159
Asthma,EUR_AFR,EUR_AFR_09,0.1,MELD_lambda0_true − EUR,0.0329196321522195,0.00409986803829706,0.0246306273170301,0.0407808999988635
Asthma,EUR_AFR,EUR_AFR_09,0.1,MELD_lambda0_true − EAS,0.159749148666276,0.0137494962192813,0.133567231576815,0.186873952736669
Asthma,EUR_AFR,EUR_AFR_09,0.1,MELD_lambda0_true − AFR,0.187184572357713,0.0129240439279545,0.160979294122602,0.212045752304608
Asthma,EUR_AFR,EUR_AFR_09,0.1,MELD_lambda0_true − CSA,0.088769536273942,0.0137013410436823,0.0632249670648873,0.116528545040615
Asthma,EUR_AFR,EUR_AFR_09,0.1,MELD_lambda0_true − AMR,0.085985537581039,0.00802755463146027,0.0706653968855243,0.102038709770345
Asthma,EUR_AFR,EUR_AFR_09,0.1,MELD_lambda0_true − MELD_lambda0_equal,0.00911264930097172,0.00393074915367856,0.00139089953273465,0.0170034232489461
Asthma,EUR_AFR,EUR_AFR_09,0.1,MELD_lambda0_true − MELD_lambda0_scrambled,0.0817274831627596,0.00822170174800114,0.0658966203755502,0.0978186960785385
Asthma,EUR_AFR,EUR_AFR_09,0.1,MELD_lambda1_true − MELD_lambda0_true,-0.0018629464650241,0.000736427147453124,-0.00328413671691913,-0.000451816956410136
Asthma,EUR_AFR,EUR_AFR_10,0.001,MELD_lambda0_true − EUR,0.0729370125773921,0.0111008193143709,0.051615497610599,0.0956247366864053
Asthma,EUR_AFR,EUR_AFR_10,0.001,MELD_lambda0_true − EAS,0.341246210739593,0.0249888068358769,0.294329894084599,0.392596190808033
Asthma,EUR_AFR,EUR_AFR_10,0.001,MELD_lambda0_true − AFR,0.384310632633682,0.026666668075136,0.327341888466052,0.432665286785993
Asthma,EUR_AFR,EUR_AFR_10,0.001,MELD_lambda0_true − CSA,0.176920951868088,0.0179891957730633,0.142788361712206,0.211885515995062
Asthma,EUR_AFR,EUR_AFR_10,0.001,MELD_lambda0_true − AMR,0.153177097675658,0.0166713734600001,0.122645159331879,0.187360355042197
Asthma,EUR_AFR,EUR_AFR_10,0.001,MELD_lambda0_true − MELD_lambda0_equal,-0.0136651032301586,0.00794762086329094,-0.0287939865612353,0.0023319137241906
Asthma,EUR_AFR,EUR_AFR_10,0.001,MELD_lambda0_true − MELD_lambda0_scrambled,0.239586529106188,0.0216991648223698,0.19878680431532,0.283013532461923
Asthma,EUR_AFR,EUR_AFR_10,0.001,MELD_lambda1_true − MELD_lambda0_true,-0.000567193854898956,0.00128316460280877,-0.00281073265098489,0.00210489628391584
Asthma,EUR_AFR,EUR_AFR_10,0.01,MELD_lambda0_true − EUR,0.0254874053958415,0.00397244677201508,0.0178239734190034,0.0332271397776047
Asthma,EUR_AFR,EUR_AFR_10,0.01,MELD_lambda0_true − EAS,0.19008874090157,0.0159295848462877,0.159628213473646,0.221117597305128
Asthma,EUR_AFR,EUR_AFR_10,0.01,MELD_lambda0_true − AFR,0.288201037401464,0.0237198603569387,0.241065316413154,0.331952936773911
Asthma,EUR_AFR,EUR_AFR_10,0.01,MELD_lambda0_true − CSA,0.088756900517762,0.0115495033532705,0.0665958389410139,0.112266069510791
Asthma,EUR_AFR,EUR_AFR_10,0.01,MELD_lambda0_true − AMR,0.102615884459044,0.0113949124483203,0.0807026804766453,0.125131146613868
Asthma,EUR_AFR,EUR_AFR_10,0.01,MELD_lambda0_true − MELD_lambda0_equal,0.0038860716102543,0.00449456607579362,-0.00473168442796534,0.0125908215628383
Asthma,EUR_AFR,EUR_AFR_10,0.01,MELD_lambda0_true − MELD_lambda0_scrambled,0.119681517970995,0.0133328551190221,0.0950660487166791,0.147155126972239
Asthma,EUR_AFR,EUR_AFR_10,0.01,MELD_lambda1_true − MELD_lambda0_true,-0.000495657961210497,0.000629408450974064,-0.00171292940326688,0.000737852144476471
Asthma,EUR_AFR,EUR_AFR_10,0.1,MELD_lambda0_true − EUR,0.0129526446111088,0.00230236943680413,0.00849852018990199,0.0172913721417891
Asthma,EUR_AFR,EUR_AFR_10,0.1,MELD_lambda0_true − EAS,0.146092069161757,0.0145896750381847,0.11938410487019,0.174936499595434
Asthma,EUR_AFR,EUR_AFR_10,0.1,MELD_lambda0_true − AFR,0.222759863126636,0.0186851829386306,0.183514370711451,0.257502393654317
Asthma,EUR_AFR,EUR_AFR_10,0.1,MELD_lambda0_true − CSA,0.0655851942641472,0.00893280876113743,0.0485757269352943,0.0833256622466699
Asthma,EUR_AFR,EUR_AFR_10,0.1,MELD_lambda0_true − AMR,0.0739792762765517,0.00699550542535863,0.0605838471546617,0.08787564184508
Asthma,EUR_AFR,EUR_AFR_10,0.1,MELD_lambda0_true − MELD_lambda0_equal,0.00892179255952798,0.00298570312608606,0.00306861648165268,0.0147343183266814
Asthma,EUR_AFR,EUR_AFR_10,0.1,MELD_lambda0_true − MELD_lambda0_scrambled,0.0964650043370931,0.00985192679737085,0.0778842794280827,0.116592717797904
Asthma,EUR_AFR,EUR_AFR_10,0.1,MELD_lambda1_true − MELD_lambda0_true,-0.00045613528417244,0.000548765189031011,-0.00155266230387189,0.000606175067961062
Asthma,EUR_AFR,EUR_AFR_11,0.001,MELD_lambda0_true − EUR,1.80864294894633e-14,7.78646548511993e-15,1.85863647865446e-15,3.26074446958781e-14
Asthma,EUR_AFR,EUR_AFR_11,0.001,MELD_lambda0_true − EAS,0.336862549916339,0.0232482365156804,0.292139520750134,0.383428442124521
Asthma,EUR_AFR,EUR_AFR_11,0.001,MELD_lambda0_true − AFR,0.412304283787872,0.0251726831443354,0.360789141165212,0.460779249895809
Asthma,EUR_AFR,EUR_AFR_11,0.001,MELD_lambda0_true − CSA,0.108425756188249,0.0164828870896828,0.0766128199714883,0.14171255397513
Asthma,EUR_AFR,EUR_AFR_11,0.001,MELD_lambda0_true − AMR,0.139642375930988,0.018099066776157,0.10732427231354,0.178411933998165
Asthma,EUR_AFR,EUR_AFR_11,0.001,MELD_lambda0_true − MELD_lambda0_equal,-0.00913556096345853,0.0140273157573456,-0.0350661587611147,0.0183332281608033
Asthma,EUR_AFR,EUR_AFR_11,0.001,MELD_lambda0_true − MELD_lambda0_scrambled,0.336862549916357,0.0238632288073057,0.288902320700329,0.385567149691875
Asthma,EUR_AFR,EUR_AFR_11,0.001,MELD_lambda1_true − MELD_lambda0_true,0,0,0,0
Asthma,EUR_AFR,EUR_AFR_11,0.01,MELD_lambda0_true − EUR,1.83010431345522e-15,1.02607288603328e-15,-1.00394857435349e-16,3.89908914185516e-15
Asthma,EUR_AFR,EUR_AFR_11,0.01,MELD_lambda0_true − EAS,0.192965915964292,0.0154008473134533,0.16443845825411,0.225003771243875
Asthma,EUR_AFR,EUR_AFR_11,0.01,MELD_lambda0_true − AFR,0.319950747846217,0.0254255545318519,0.267658082554331,0.368138403001817
Asthma,EUR_AFR,EUR_AFR_11,0.01,MELD_lambda0_true − CSA,0.0659082257088968,0.0107022463003831,0.0459272872894931,0.0865632012345793
Asthma,EUR_AFR,EUR_AFR_11,0.01,MELD_lambda0_true − AMR,0.103466711060441,0.0118838236136967,0.0810385687544111,0.126775720177318
Asthma,EUR_AFR,EUR_AFR_11,0.01,MELD_lambda0_true − MELD_lambda0_equal,0.0158282134339732,0.00807452462506261,0.000538235223265932,0.0321306643345063
Asthma,EUR_AFR,EUR_AFR_11,0.01,MELD_lambda0_true − MELD_lambda0_scrambled,0.192965915964292,0.0152089126698446,0.164527129404317,0.22366911656198
Asthma,EUR_AFR,EUR_AFR_11,0.01,MELD_lambda1_true − MELD_lambda0_true,0,0,0,0
Asthma,EUR_AFR,EUR_AFR_11,0.1,MELD_lambda0_true − EUR,5.78420269874394e-16,2.61573652138408e-16,1.21564413680116e-16,1.12629892347279e-15
Asthma,EUR_AFR,EUR_AFR_11,0.1,MELD_lambda0_true − EAS,0.148793920540164,0.01315728481412,0.122319993176321,0.17482699653112
Asthma,EUR_AFR,EUR_AFR_11,0.1,MELD_lambda0_true − AFR,0.250599487099551,0.0193587459211671,0.213473862578441,0.287288490684225
Asthma,EUR_AFR,EUR_AFR_11,0.1,MELD_lambda0_true − CSA,0.0529715454655015,0.00719996356977047,0.0395296803097622,0.0679619269121961
Asthma,EUR_AFR,EUR_AFR_11,0.1,MELD_lambda0_true − AMR,0.0749529749601149,0.00942570854503751,0.057670179439508,0.0951440718503521
Asthma,EUR_AFR,EUR_AFR_11,0.1,MELD_lambda0_true − MELD_lambda0_equal,0.0162661199266602,0.00554199011790006,0.00559517098188968,0.0271605860061293
Asthma,EUR_AFR,EUR_AFR_11,0.1,MELD_lambda0_true − MELD_lambda0_scrambled,0.148793920540163,0.0130960431874146,0.124408593445768,0.175505338450219
Asthma,EUR_AFR,EUR_AFR_11,0.1,MELD_lambda1_true − MELD_lambda0_true,0,0,0,0
Asthma,EUR_EAS,EUR_EAS_01,0.001,MELD_lambda0_true − EUR,0.217395914226216,0.0241605015134635,0.168293779282264,0.265199450142744
Asthma,EUR_EAS,EUR_EAS_01,0.001,MELD_lambda0_true − EAS,1.15137172956056e-14,1.57327823411753e-14,-1.91661812569083e-14,4.17757897994307e-14
Asthma,EUR_EAS,EUR_EAS_01,0.001,MELD_lambda0_true − AFR,0.385420345229121,0.0192800781431428,0.346791855995504,0.421807525942983
Asthma,EUR_EAS,EUR_EAS_01,0.001,MELD_lambda0_true − CSA,0.133105080185088,0.0266778517049695,0.0818056365247488,0.185283222526031
Asthma,EUR_EAS,EUR_EAS_01,0.001,MELD_lambda0_true − AMR,0.187791962747189,0.0177813774530079,0.154170744700039,0.223575163427056
Asthma,EUR_EAS,EUR_EAS_01,0.001,MELD_lambda0_true − MELD_lambda0_equal,-0.0388368350730159,0.0176583347633522,-0.0730217628549406,-0.00304461306110387
Asthma,EUR_EAS,EUR_EAS_01,0.001,MELD_lambda0_true − MELD_lambda0_scrambled,0.133105080185108,0.0259977902244389,0.0824978842599632,0.18257265207923
Asthma,EUR_EAS,EUR_EAS_01,0.001,MELD_lambda1_true − MELD_lambda0_true,0,0,0,0
Asthma,EUR_EAS,EUR_EAS_01,0.01,MELD_lambda0_true − EUR,0.177293139663174,0.0179384216310366,0.144671456987011,0.213204392389953
Asthma,EUR_EAS,EUR_EAS_01,0.01,MELD_lambda0_true − EAS,2.53311073906257e-17,9.73779399479251e-16,-1.75317352812133e-15,2.05856749423833e-15
Asthma,EUR_EAS,EUR_EAS_01,0.01,MELD_lambda0_true − AFR,0.338404901030904,0.0177898059331774,0.303581582450345,0.372605980957738
Asthma,EUR_EAS,EUR_EAS_01,0.01,MELD_lambda0_true − CSA,0.109538906565407,0.0118632884738814,0.0867561782794826,0.133462930810893
Asthma,EUR_EAS,EUR_EAS_01,0.01,MELD_lambda0_true − AMR,0.181542138296128,0.0167700094345591,0.149234578539139,0.215734642675892
Asthma,EUR_EAS,EUR_EAS_01,0.01,MELD_lambda0_true − MELD_lambda0_equal,0.0291315982640662,0.008699263082964,0.0134012506964963,0.0472750783301625
Asthma,EUR_EAS,EUR_EAS_01,0.01,MELD_lambda0_true − MELD_lambda0_scrambled,0.109538906565407,0.0115586498033777,0.0876322274495558,0.132169268449418
Asthma,EUR_EAS,EUR_EAS_01,0.01,MELD_lambda1_true − MELD_lambda0_true,0,0,0,0
Asthma,EUR_EAS,EUR_EAS_01,0.1,MELD_lambda0_true − EUR,0.140523283339623,0.0164486732982687,0.109654083911233,0.174534018972111
Asthma,EUR_EAS,EUR_EAS_01,0.1,MELD_lambda0_true − EAS,-2.58860778087641e-16,2.66602252535624e-16,-7.99653579356467e-16,2.37610538310652e-16
Asthma,EUR_EAS,EUR_EAS_01,0.1,MELD_lambda0_true − AFR,0.27631545135025,0.0172579694154934,0.243015596018573,0.310503158556694
Asthma,EUR_EAS,EUR_EAS_01,0.1,MELD_lambda0_true − CSA,0.0939245886656478,0.00974534139398207,0.0749285194968288,0.113082461859397
Asthma,EUR_EAS,EUR_EAS_01,0.1,MELD_lambda0_true − AMR,0.153343534565468,0.0126184056018199,0.129348808069167,0.179448156821554
Asthma,EUR_EAS,EUR_EAS_01,0.1,MELD_lambda0_true − MELD_lambda0_equal,0.0391277248044286,0.00781059890621124,0.0254738122522779,0.0555788228242609
Asthma,EUR_EAS,EUR_EAS_01,0.1,MELD_lambda0_true − MELD_lambda0_scrambled,0.0939245886656483,0.0104719933248251,0.0741894780675342,0.114560663732717
Asthma,EUR_EAS,EUR_EAS_01,0.1,MELD_lambda1_true − MELD_lambda0_true,0,0,0,0
Asthma,EUR_EAS,EUR_EAS_02,0.001,MELD_lambda0_true − EUR,0.211518461440739,0.0214562046903903,0.171030331465574,0.254340835966913
Asthma,EUR_EAS,EUR_EAS_02,0.001,MELD_lambda0_true − EAS,0.0867368298007478,0.00985983119700292,0.0678050206640658,0.105617996708786
Asthma,EUR_EAS,EUR_EAS_02,0.001,MELD_lambda0_true − AFR,0.42453139794701,0.0295354372524347,0.36442309485883,0.479342267321209
Asthma,EUR_EAS,EUR_EAS_02,0.001,MELD_lambda0_true − CSA,0.159158920477404,0.0183873775455122,0.125565985663562,0.198192407938699
Asthma,EUR_EAS,EUR_EAS_02,0.001,MELD_lambda0_true − AMR,0.191023094421435,0.0193031078136192,0.153170742573096,0.229196534773649
Asthma,EUR_EAS,EUR_EAS_02,0.001,MELD_lambda0_true − MELD_lambda0_equal,-0.0118638263515105,0.0152557828370701,-0.0431061712681832,0.0164566391495725
Asthma,EUR_EAS,EUR_EAS_02,0.001,MELD_lambda0_true − MELD_lambda0_scrambled,0.139580970128682,0.0178587954811547,0.104515451261928,0.174792119415408
Asthma,EUR_EAS,EUR_EAS_02,0.001,MELD_lambda1_true − MELD_lambda0_true,0.00054328229248909,0.00103746537554352,-0.00167121011977857,0.00241944085197199
Asthma,EUR_EAS,EUR_EAS_02,0.01,MELD_lambda0_true − EUR,0.127619274561835,0.0131753835606347,0.101758785382998,0.152184224693001
Asthma,EUR_EAS,EUR_EAS_02,0.01,MELD_lambda0_true − EAS,0.0411682220518079,0.00546001267030944,0.031268144273026,0.0527878840575292
Asthma,EUR_EAS,EUR_EAS_02,0.01,MELD_lambda0_true − AFR,0.327513585284614,0.0257633914425213,0.275641029388511,0.378255562667946
Asthma,EUR_EAS,EUR_EAS_02,0.01,MELD_lambda0_true − CSA,0.09748054041018,0.0114712148082255,0.0768470286341702,0.121348831605562
Asthma,EUR_EAS,EUR_EAS_02,0.01,MELD_lambda0_true − AMR,0.144492081112569,0.0130676028829298,0.119209872260084,0.170450441138722
Asthma,EUR_EAS,EUR_EAS_02,0.01,MELD_lambda0_true − MELD_lambda0_equal,0.0150076301779597,0.00447408596993683,0.00640229004103855,0.0237907182651059
Asthma,EUR_EAS,EUR_EAS_02,0.01,MELD_lambda0_true − MELD_lambda0_scrambled,0.10990740373116,0.0102024286072554,0.0904270289635223,0.130068724879849
Asthma,EUR_EAS,EUR_EAS_02,0.01,MELD_lambda1_true − MELD_lambda0_true,-0.000920634474017915,0.000653781050927992,-0.00219871890495323,0.000342100080149957
Asthma,EUR_EAS,EUR_EAS_02,0.1,MELD_lambda0_true − EUR,0.100642334107342,0.0100458385356114,0.0814289281320364,0.12018949304185
Asthma,EUR_EAS,EUR_EAS_02,0.1,MELD_lambda0_true − EAS,0.0256146749936339,0.00406027524531749,0.0181806040898343,0.0342183843614315
Asthma,EUR_EAS,EUR_EAS_02,0.1,MELD_lambda0_true − AFR,0.255043209680852,0.0208555952666694,0.216085242152683,0.296620405532158
Asthma,EUR_EAS,EUR_EAS_02,0.1,MELD_lambda0_true − CSA,0.0735766609513192,0.00863759656399659,0.0583034377791767,0.091255186796603
Asthma,EUR_EAS,EUR_EAS_02,0.1,MELD_lambda0_true − AMR,0.118856503195069,0.010741031556252,0.0987527860613386,0.140598001538599
Asthma,EUR_EAS,EUR_EAS_02,0.1,MELD_lambda0_true − MELD_lambda0_equal,0.0181231352339686,0.00382639118970083,0.0105643967107183,0.0252341088325548
Asthma,EUR_EAS,EUR_EAS_02,0.1,MELD_lambda0_true − MELD_lambda0_scrambled,0.0968768952996182,0.00902422239117475,0.0799163780847894,0.115342109886132
Asthma,EUR_EAS,EUR_EAS_02,0.1,MELD_lambda1_true − MELD_lambda0_true,-0.00160800649711448,0.000554812504758657,-0.00285758827418299,-0.000678596009045908
Asthma,EUR_EAS,EUR_EAS_03,0.001,MELD_lambda0_true − EUR,0.161798759934076,0.0210601881675308,0.12159565290855,0.204843500166093
Asthma,EUR_EAS,EUR_EAS_03,0.001,MELD_lambda0_true − EAS,0.143824286075611,0.0208278321727855,0.102250633924202,0.184796585065236
Asthma,EUR_EAS,EUR_EAS_03,0.001,MELD_lambda0_true − AFR,0.428981642627715,0.0300500875126236,0.368213282505286,0.486090665538959
Asthma,EUR_EAS,EUR_EAS_03,0.001,MELD_lambda0_true − CSA,0.152301443289758,0.0252868028418456,0.103141996997008,0.203663943703063
Asthma,EUR_EAS,EUR_EAS_03,0.001,MELD_lambda0_true − AMR,0.166951053997616,0.02467295489692,0.119507967699547,0.215487716588115
Asthma,EUR_EAS,EUR_EAS_03,0.001,MELD_lambda0_true − MELD_lambda0_equal,-0.0229294975516119,0.0171887443215218,-0.0602198456346779,0.00590655008669453
Asthma,EUR_EAS,EUR_EAS_03,0.001,MELD_lambda0_true − MELD_lambda0_scrambled,0.0880928035139255,0.0255622893620894,0.0426519403049876,0.143004876562596
Asthma,EUR_EAS,EUR_EAS_03,0.001,MELD_lambda1_true − MELD_lambda0_true,0.000187522171954166,0.00222790522810738,-0.00422114740424751,0.00444091640378706
Asthma,EUR_EAS,EUR_EAS_03,0.01,MELD_lambda0_true − EUR,0.0846631146959533,0.0113727037947124,0.0634886290239297,0.107839846966475
Asthma,EUR_EAS,EUR_EAS_03,0.01,MELD_lambda0_true − EAS,0.0627491984531163,0.00790198742602147,0.0479955292257454,0.0784230491756928
Asthma,EUR_EAS,EUR_EAS_03,0.01,MELD_lambda0_true − AFR,0.320593595458982,0.0246473621566819,0.269887458805882,0.367902993325573
Asthma,EUR_EAS,EUR_EAS_03,0.01,MELD_lambda0_true − CSA,0.0768815894729149,0.0098976526015471,0.058523833880087,0.0965520791150609
Asthma,EUR_EAS,EUR_EAS_03,0.01,MELD_lambda0_true − AMR,0.128846085693644,0.0132204663307489,0.102492967002797,0.153866865651888
Asthma,EUR_EAS,EUR_EAS_03,0.01,MELD_lambda0_true − MELD_lambda0_equal,0.00897253419912741,0.00479667041564952,-0.00034166757836933,0.0187541199056317
Asthma,EUR_EAS,EUR_EAS_03,0.01,MELD_lambda0_true − MELD_lambda0_scrambled,0.0468763045008337,0.0084638639443399,0.0312929367286189,0.0642952876156574
Asthma,EUR_EAS,EUR_EAS_03,0.01,MELD_lambda1_true − MELD_lambda0_true,-0.00148260130329041,0.000750064324111373,-0.00291725526016571,-2.02653792422838e-05
Asthma,EUR_EAS,EUR_EAS_03,0.1,MELD_lambda0_true − EUR,0.0685845844282278,0.0104805518230815,0.0482672116841188,0.089899909082747
Asthma,EUR_EAS,EUR_EAS_03,0.1,MELD_lambda0_true − EAS,0.0421353930478791,0.00553690902175486,0.032063724999401,0.0537780104921453
Asthma,EUR_EAS,EUR_EAS_03,0.1,MELD_lambda0_true − AFR,0.24686940996444,0.0221185428825442,0.202951123004655,0.288469673956461
Asthma,EUR_EAS,EUR_EAS_03,0.1,MELD_lambda0_true − CSA,0.0547541040501096,0.00776651857668368,0.0397638473692135,0.0704578783036815
Asthma,EUR_EAS,EUR_EAS_03,0.1,MELD_lambda0_true − AMR,0.100899691731846,0.0113472763671711,0.0785535173236842,0.124004489969081
Asthma,EUR_EAS,EUR_EAS_03,0.1,MELD_lambda0_true − MELD_lambda0_equal,0.0119381323353677,0.00431069180782145,0.00413455154354379,0.020550384795918
Asthma,EUR_EAS,EUR_EAS_03,0.1,MELD_lambda0_true − MELD_lambda0_scrambled,0.0362661569564038,0.00685687931580574,0.0230594823069381,0.0499992432488039
Asthma,EUR_EAS,EUR_EAS_03,0.1,MELD_lambda1_true − MELD_lambda0_true,-0.00257443962483775,0.000608139367022322,-0.00379515920520442,-0.0014044873046627
Asthma,EUR_EAS,EUR_EAS_04,0.001,MELD_lambda0_true − EUR,0.151919777737588,0.0194324096750786,0.116575885205705,0.193516863086224
Asthma,EUR_EAS,EUR_EAS_04,0.001,MELD_lambda0_true − EAS,0.171323346698839,0.0171949821637807,0.138497244147331,0.204884442368403
Asthma,EUR_EAS,EUR_EAS_04,0.001,MELD_lambda0_true − AFR,0.442192178367878,0.0333316220927405,0.373190888772585,0.503324334029129
Asthma,EUR_EAS,EUR_EAS_04,0.001,MELD_lambda0_true − CSA,0.147351638977064,0.0174568917738534,0.113481669018658,0.180613812555832
Asthma,EUR_EAS,EUR_EAS_04,0.001,MELD_lambda0_true − AMR,0.184215197622432,0.0196626605062958,0.146031588187093,0.222225666490159
Asthma,EUR_EAS,EUR_EAS_04,0.001,MELD_lambda0_true − MELD_lambda0_equal,0.00163904657224854,0.00874169359977992,-0.0161300367912851,0.0186501530366646
Asthma,EUR_EAS,EUR_EAS_04,0.001,MELD_lambda0_true − MELD_lambda0_scrambled,0.0984595711228127,0.0139411114917906,0.072133088733559,0.126971749056322
Asthma,EUR_EAS,EUR_EAS_04,0.001,MELD_lambda1_true − MELD_lambda0_true,-0.00186221699828711,0.00191030787773125,-0.00555728843649236,0.00191011351603711
Asthma,EUR_EAS,EUR_EAS_04,0.01,MELD_lambda0_true − EUR,0.0701815285809388,0.00960773499737214,0.0514709690780046,0.0893772263293887
Asthma,EUR_EAS,EUR_EAS_04,0.01,MELD_lambda0_true − EAS,0.0832668868432596,0.0094190414610565,0.0653946652690233,0.101521610264512
Asthma,EUR_EAS,EUR_EAS_04,0.01,MELD_lambda0_true − AFR,0.333638064112806,0.0299017155083424,0.274227254909721,0.390275566461483
Asthma,EUR_EAS,EUR_EAS_04,0.01,MELD_lambda0_true − CSA,0.0802666575204488,0.0113307423485941,0.0588729437175207,0.103107256312848
Asthma,EUR_EAS,EUR_EAS_04,0.01,MELD_lambda0_true − AMR,0.126447663218467,0.0135185848253895,0.0996841771461884,0.152914895957963
Asthma,EUR_EAS,EUR_EAS_04,0.01,MELD_lambda0_true − MELD_lambda0_equal,0.0165240441380424,0.00483615260127539,0.00725756158787804,0.0260400303298886
Asthma,EUR_EAS,EUR_EAS_04,0.01,MELD_lambda0_true − MELD_lambda0_scrambled,0.0539904736983341,0.00709798167504977,0.0404743625305902,0.0685431885081608
Asthma,EUR_EAS,EUR_EAS_04,0.01,MELD_lambda1_true − MELD_lambda0_true,-0.00161749815634226,0.000789060096842881,-0.00309481771582979,-6.10581475310407e-05
Asthma,EUR_EAS,EUR_EAS_04,0.1,MELD_lambda0_true − EUR,0.0521317434184042,0.00675561150008096,0.0389942454411087,0.0647616423886278
Asthma,EUR_EAS,EUR_EAS_04,0.1,MELD_lambda0_true − EAS,0.0616388311089595,0.00817647883945216,0.0466950339426673,0.0781132491572921
Asthma,EUR_EAS,EUR_EAS_04,0.1,MELD_lambda0_true − AFR,0.264297876858412,0.0249352850290793,0.212971356578197,0.311558159431064
Asthma,EUR_EAS,EUR_EAS_04,0.1,MELD_lambda0_true − CSA,0.0573848001292987,0.00814237966481677,0.0423322368282759,0.0732791289883998
Asthma,EUR_EAS,EUR_EAS_04,0.1,MELD_lambda0_true − AMR,0.0974879016700752,0.0101577750338349,0.0774678389506633,0.116648344235467
Asthma,EUR_EAS,EUR_EAS_04,0.1,MELD_lambda0_true − MELD_lambda0_equal,0.0170410740993277,0.00363873898797858,0.0102448932706835,0.0244191529635355
Asthma,EUR_EAS,EUR_EAS_04,0.1,MELD_lambda0_true − MELD_lambda0_scrambled,0.0472844448476046,0.00520010157698408,0.0370497125064745,0.0579315864934551
Asthma,EUR_EAS,EUR_EAS_04,0.1,MELD_lambda1_true − MELD_lambda0_true,-0.00185220875307004,0.000665022593181125,-0.0031281726766582,-0.000477703712855798
Asthma,EUR_EAS,EUR_EAS_05,0.001,MELD_lambda0_true − EUR,0.125327680066653,0.01250304958727,0.100933093071221,0.14989626171817
Asthma,EUR_EAS,EUR_EAS_05,0.001,MELD_lambda0_true − EAS,0.210207949103236,0.0192848992063241,0.174203801530116,0.248830291434285
Asthma,EUR_EAS,EUR_EAS_05,0.001,MELD_lambda0_true − AFR,0.405329493616851,0.0305444646664195,0.346090125787854,0.463848189944401
Asthma,EUR_EAS,EUR_EAS_05,0.001,MELD_lambda0_true − CSA,0.1396913291692,0.0174228197342734,0.106438161793374,0.174071672522602
Asthma,EUR_EAS,EUR_EAS_05,0.001,MELD_lambda0_true − AMR,0.158412187568468,0.0188708545284124,0.122069558480112,0.196488674595264
Asthma,EUR_EAS,EUR_EAS_05,0.001,MELD_lambda0_true − MELD_lambda0_equal,-0.00848474555294532,0.00876668358716403,-0.0263936242532742,0.00757419912490957
Asthma,EUR_EAS,EUR_EAS_05,0.001,MELD_lambda0_true − MELD_lambda0_scrambled,0.0516835120186749,0.0141346554727932,0.0254167330486397,0.0803709740240474
Asthma,EUR_EAS,EUR_EAS_05,0.001,MELD_lambda1_true − MELD_lambda0_true,-0.00814798004129736,0.0030210778138071,-0.0146160220531178,-0.00277291628695287
Asthma,EUR_EAS,EUR_EAS_05,0.01,MELD_lambda0_true − EUR,0.0660715439010701,0.00681610613187062,0.0533265450957083,0.0808388667003529
Asthma,EUR_EAS,EUR_EAS_05,0.01,MELD_lambda0_true − EAS,0.0965948858617342,0.00979482969393129,0.0777910055201224,0.116306643927482
Asthma,EUR_EAS,EUR_EAS_05,0.01,MELD_lambda0_true − AFR,0.299106654481552,0.0261836203301564,0.247095085597165,0.350566472346857
Asthma,EUR_EAS,EUR_EAS_05,0.01,MELD_lambda0_true − CSA,0.0880802148646538,0.0144420372454962,0.0608078696000555,0.116295606908539
Asthma,EUR_EAS,EUR_EAS_05,0.01,MELD_lambda0_true − AMR,0.115312438414347,0.0135251900766121,0.0871482923249592,0.140861614677182
Asthma,EUR_EAS,EUR_EAS_05,0.01,MELD_lambda0_true − MELD_lambda0_equal,0.0114888878167881,0.00464630733757278,0.00224894795714082,0.0207239414332726
Asthma,EUR_EAS,EUR_EAS_05,0.01,MELD_lambda0_true − MELD_lambda0_scrambled,0.0334375172800278,0.00532790678815044,0.0234139430733778,0.0441899929251623
Asthma,EUR_EAS,EUR_EAS_05,0.01,MELD_lambda1_true − MELD_lambda0_true,-0.0039933795453117,0.00129399375587364,-0.00685068075749682,-0.00181445699575136
Asthma,EUR_EAS,EUR_EAS_05,0.1,MELD_lambda0_true − EUR,0.0510727253989877,0.00523599608368547,0.0409811366065618,0.0617520120257281
Asthma,EUR_EAS,EUR_EAS_05,0.1,MELD_lambda0_true − EAS,0.0682723091037298,0.00764501146334446,0.0540627582970655,0.0837617907216682
Asthma,EUR_EAS,EUR_EAS_05,0.1,MELD_lambda0_true − AFR,0.229085473441424,0.0210471303200618,0.190044039172328,0.271807355589538
Asthma,EUR_EAS,EUR_EAS_05,0.1,MELD_lambda0_true − CSA,0.0708746567814238,0.0100922070648027,0.0521160143552424,0.0914377830013419
Asthma,EUR_EAS,EUR_EAS_05,0.1,MELD_lambda0_true − AMR,0.096017906112735,0.0098897123595708,0.0768741698975426,0.115657227609134
Asthma,EUR_EAS,EUR_EAS_05,0.1,MELD_lambda0_true − MELD_lambda0_equal,0.015752054230062,0.00282890084780475,0.0103163554404283,0.0216153905266649
Asthma,EUR_EAS,EUR_EAS_05,0.1,MELD_lambda0_true − MELD_lambda0_scrambled,0.0278985011072643,0.00408879033698016,0.0202732791259594,0.0364565222886527
Asthma,EUR_EAS,EUR_EAS_05,0.1,MELD_lambda1_true − MELD_lambda0_true,-0.00372168650175009,0.00100228597277253,-0.00585791275987684,-0.00201304419357658
Asthma,EUR_EAS,EUR_EAS_06,0.001,MELD_lambda0_true − EUR,0.106551926196994,0.0147292915142604,0.0805297967052842,0.13674449363986
Asthma,EUR_EAS,EUR_EAS_06,0.001,MELD_lambda0_true − EAS,0.22492754441155,0.018336900051844,0.191844954239124,0.26094332998236
Asthma,EUR_EAS,EUR_EAS_06,0.001,MELD_lambda0_true − AFR,0.447513805701581,0.0288319042997639,0.386874536061832,0.501619943214252
Asthma,EUR_EAS,EUR_EAS_06,0.001,MELD_lambda0_true − CSA,0.147016194155608,0.0165076805889221,0.114061859490183,0.180442487174054
Asthma,EUR_EAS,EUR_EAS_06,0.001,MELD_lambda0_true − AMR,0.181937429260974,0.0227889607798055,0.134065476634161,0.223768487200064
Asthma,EUR_EAS,EUR_EAS_06,0.001,MELD_lambda0_true − MELD_lambda0_equal,0.00319032007528379,0.00801939110550392,-0.0131334942125421,0.0186494958808163
Asthma,EUR_EAS,EUR_EAS_06,0.001,MELD_lambda0_true − MELD_lambda0_scrambled,0.142733256051636,0.0165845717317674,0.112659757006596,0.175954518945958
Asthma,EUR_EAS,EUR_EAS_06,0.001,MELD_lambda1_true − MELD_lambda0_true,-0.00695738079405808,0.00271267241884342,-0.0123713660539777,-0.00167337780987088
Asthma,EUR_EAS,EUR_EAS_06,0.01,MELD_lambda0_true − EUR,0.0536239843133595,0.0068255214036592,0.0405110653869489,0.0671303087358633
Asthma,EUR_EAS,EUR_EAS_06,0.01,MELD_lambda0_true − EAS,0.117513321647684,0.0128515969825153,0.0938417030081848,0.144203761604523
Asthma,EUR_EAS,EUR_EAS_06,0.01,MELD_lambda0_true − AFR,0.328351528731319,0.026222005013275,0.275761585964296,0.377108644158925
Asthma,EUR_EAS,EUR_EAS_06,0.01,MELD_lambda0_true − CSA,0.0874998060631918,0.0104924847941105,0.0672182938324556,0.10845289473866
Asthma,EUR_EAS,EUR_EAS_06,0.01,MELD_lambda0_true − AMR,0.125067665641453,0.0144978979454667,0.095528833552453,0.151674977064653
Asthma,EUR_EAS,EUR_EAS_06,0.01,MELD_lambda0_true − MELD_lambda0_equal,0.0163622624321421,0.00343607263032547,0.00945497158009326,0.0230739991226856
Asthma,EUR_EAS,EUR_EAS_06,0.01,MELD_lambda0_true − MELD_lambda0_scrambled,0.108163290399759,0.010904955087851,0.089197409155417,0.130575811830719
Asthma,EUR_EAS,EUR_EAS_06,0.01,MELD_lambda1_true − MELD_lambda0_true,-0.00390484398101711,0.00136983320560607,-0.0067534828853179,-0.00154251642048298
Asthma,EUR_EAS,EUR_EAS_06,0.1,MELD_lambda0_true − EUR,0.0369836641772207,0.00450753131097222,0.0280050265251964,0.0452409994969998
Asthma,EUR_EAS,EUR_EAS_06,0.1,MELD_lambda0_true − EAS,0.0868020133378764,0.0105193434388571,0.0682894925320899,0.109035192208259
Asthma,EUR_EAS,EUR_EAS_06,0.1,MELD_lambda0_true − AFR,0.252086645238565,0.0209706038316164,0.210623237530883,0.291859290643724
Asthma,EUR_EAS,EUR_EAS_06,0.1,MELD_lambda0_true − CSA,0.063836774486257,0.00783699000935757,0.0485946277484723,0.0795609889871742
Asthma,EUR_EAS,EUR_EAS_06,0.1,MELD_lambda0_true − AMR,0.0950930256186542,0.00934691847527936,0.0761773858244718,0.112647077599045
Asthma,EUR_EAS,EUR_EAS_06,0.1,MELD_lambda0_true − MELD_lambda0_equal,0.0144126740817239,0.00281176603579269,0.00904461586542636,0.0202787345716766
Asthma,EUR_EAS,EUR_EAS_06,0.1,MELD_lambda0_true − MELD_lambda0_scrambled,0.0888695769528858,0.00870849119298663,0.0728812004646361,0.107220213635106
Asthma,EUR_EAS,EUR_EAS_06,0.1,MELD_lambda1_true − MELD_lambda0_true,-0.00365070500477341,0.00122802057644064,-0.00630661590154416,-0.00155309831326648
Asthma,EUR_EAS,EUR_EAS_07,0.001,MELD_lambda0_true − EUR,0.0770178115277575,0.0123528567959567,0.0549798707375819,0.103149909858522
Asthma,EUR_EAS,EUR_EAS_07,0.001,MELD_lambda0_true − EAS,0.26772472075037,0.020740207652373,0.225924429674998,0.30694885871114
Asthma,EUR_EAS,EUR_EAS_07,0.001,MELD_lambda0_true − AFR,0.400893274222059,0.0276131421249141,0.344303974633058,0.451903335434724
Asthma,EUR_EAS,EUR_EAS_07,0.001,MELD_lambda0_true − CSA,0.142508530785829,0.0212334692907135,0.101988942112705,0.183567780886894
Asthma,EUR_EAS,EUR_EAS_07,0.001,MELD_lambda0_true − AMR,0.147695118948886,0.0203816229704845,0.106945724424352,0.188770181087096
Asthma,EUR_EAS,EUR_EAS_07,0.001,MELD_lambda0_true − MELD_lambda0_equal,0.0058160574251006,0.00544442046625976,-0.00472828189971963,0.0165025777837601
Asthma,EUR_EAS,EUR_EAS_07,0.001,MELD_lambda0_true − MELD_lambda0_scrambled,0.123493009985792,0.02081489153625,0.0819171940675933,0.164616226121573
Asthma,EUR_EAS,EUR_EAS_07,0.001,MELD_lambda1_true − MELD_lambda0_true,-0.00805362102878474,0.00269755604912132,-0.0137285839760597,-0.00331199175430908
Asthma,EUR_EAS,EUR_EAS_07,0.01,MELD_lambda0_true − EUR,0.0392106170513357,0.00841877688338725,0.0237980455520506,0.055949566256175
Asthma,EUR_EAS,EUR_EAS_07,0.01,MELD_lambda0_true − EAS,0.1325076795551,0.0117379821411608,0.111236977983887,0.156278928676804
Asthma,EUR_EAS,EUR_EAS_07,0.01,MELD_lambda0_true − AFR,0.291574077469049,0.0271965506565748,0.236602508622756,0.34268523299844
Asthma,EUR_EAS,EUR_EAS_07,0.01,MELD_lambda0_true − CSA,0.0810026452382816,0.0140130800153797,0.0546186667707141,0.10888283140031
Asthma,EUR_EAS,EUR_EAS_07,0.01,MELD_lambda0_true − AMR,0.101458254562744,0.0154497413583986,0.0715880187342704,0.130957928212276
Asthma,EUR_EAS,EUR_EAS_07,0.01,MELD_lambda0_true − MELD_lambda0_equal,0.0154241999521183,0.00353490507648007,0.00925505101502511,0.0232547506417481
Asthma,EUR_EAS,EUR_EAS_07,0.01,MELD_lambda0_true − MELD_lambda0_scrambled,0.087811283805728,0.0124679120057085,0.0636835629768436,0.112099437795222
Asthma,EUR_EAS,EUR_EAS_07,0.01,MELD_lambda1_true − MELD_lambda0_true,-0.00340372348485402,0.000956274843358409,-0.00530592998891445,-0.00165960941449107
Asthma,EUR_EAS,EUR_EAS_07,0.1,MELD_lambda0_true − EUR,0.0263100547887472,0.00670046905119193,0.0143749011224451,0.0406812879435452
Asthma,EUR_EAS,EUR_EAS_07,0.1,MELD_lambda0_true − EAS,0.0938117610028562,0.008512981573881,0.0786342763955061,0.111394359204553
Asthma,EUR_EAS,EUR_EAS_07,0.1,MELD_lambda0_true − AFR,0.230154882794302,0.0221442633555699,0.184669506390861,0.269957878917674
Asthma,EUR_EAS,EUR_EAS_07,0.1,MELD_lambda0_true − CSA,0.0577118976710115,0.0090252266892724,0.0415449398000341,0.076871120897473
Asthma,EUR_EAS,EUR_EAS_07,0.1,MELD_lambda0_true − AMR,0.0837198072185899,0.0114298216708113,0.0626187596943148,0.106174648355937
Asthma,EUR_EAS,EUR_EAS_07,0.1,MELD_lambda0_true − MELD_lambda0_equal,0.0154647663306578,0.00283287201289206,0.00985450413470024,0.0209873855079217
Asthma,EUR_EAS,EUR_EAS_07,0.1,MELD_lambda0_true − MELD_lambda0_scrambled,0.0749886198284021,0.00919600432252727,0.0584107943549962,0.0935870192785802
Asthma,EUR_EAS,EUR_EAS_07,0.1,MELD_lambda1_true − MELD_lambda0_true,-0.00252201117116674,0.000661986850574486,-0.00392420656911796,-0.00135901901752233
Asthma,EUR_EAS,EUR_EAS_08,0.001,MELD_lambda0_true − EUR,0.0641034984141801,0.0116348594124301,0.0422940031314917,0.0875389949380044
Asthma,EUR_EAS,EUR_EAS_08,0.001,MELD_lambda0_true − EAS,0.261101105726738,0.0295711417230205,0.203869802518457,0.320097473782995
Asthma,EUR_EAS,EUR_EAS_08,0.001,MELD_lambda0_true − AFR,0.399503790719047,0.0264247041990033,0.346306404629223,0.449270762650565
Asthma,EUR_EAS,EUR_EAS_08,0.001,MELD_lambda0_true − CSA,0.137086011567239,0.0179225468211053,0.103696885762223,0.172244341197738
Asthma,EUR_EAS,EUR_EAS_08,0.001,MELD_lambda0_true − AMR,0.144677304033005,0.0171947984135817,0.112014064187779,0.179337123448824
Asthma,EUR_EAS,EUR_EAS_08,0.001,MELD_lambda0_true − MELD_lambda0_equal,-0.00246747625240655,0.00896660231568311,-0.019691223613295,0.0148570295087612
Asthma,EUR_EAS,EUR_EAS_08,0.001,MELD_lambda0_true − MELD_lambda0_scrambled,0.067489471238193,0.0137913529760968,0.0416201405683108,0.0951199126587024
Asthma,EUR_EAS,EUR_EAS_08,0.001,MELD_lambda1_true − MELD_lambda0_true,-0.00405775394085433,0.00256552301446026,-0.00906016742049246,0.00108585714277601
Asthma,EUR_EAS,EUR_EAS_08,0.01,MELD_lambda0_true − EUR,0.0282793120053833,0.00596189328770106,0.0165996643270065,0.0397611708249672
Asthma,EUR_EAS,EUR_EAS_08,0.01,MELD_lambda0_true − EAS,0.132543082950886,0.0148400473130105,0.105819793767268,0.163127884618127
Asthma,EUR_EAS,EUR_EAS_08,0.01,MELD_lambda0_true − AFR,0.288842738832134,0.0247690699999235,0.237096377916017,0.335989029731946
Asthma,EUR_EAS,EUR_EAS_08,0.01,MELD_lambda0_true − CSA,0.0801193345746219,0.0118216662380441,0.0580814645822315,0.104838818784207
Asthma,EUR_EAS,EUR_EAS_08,0.01,MELD_lambda0_true − AMR,0.09902321390329,0.0117076069257793,0.0776021377553978,0.122812343184586
Asthma,EUR_EAS,EUR_EAS_08,0.01,MELD_lambda0_true − MELD_lambda0_equal,0.0134380998804819,0.00435954065176131,0.00546158337084276,0.0224201484497893
Asthma,EUR_EAS,EUR_EAS_08,0.01,MELD_lambda0_true − MELD_lambda0_scrambled,0.0335191858601749,0.00549065742321795,0.0228233050699195,0.0443542508071923
Asthma,EUR_EAS,EUR_EAS_08,0.01,MELD_lambda1_true − MELD_lambda0_true,-0.00163949540251841,0.00114185256212328,-0.00393852332887039,0.000514679525707015
Asthma,EUR_EAS,EUR_EAS_08,0.1,MELD_lambda0_true − EUR,0.0206567217657251,0.0040936882147703,0.0128825331841537,0.0286568137423794
Asthma,EUR_EAS,EUR_EAS_08,0.1,MELD_lambda0_true − EAS,0.0974442370931994,0.0111920710461153,0.0759092513415282,0.120354339731677
Asthma,EUR_EAS,EUR_EAS_08,0.1,MELD_lambda0_true − AFR,0.221431233990339,0.0196841030068525,0.180736588705374,0.256564656851465
Asthma,EUR_EAS,EUR_EAS_08,0.1,MELD_lambda0_true − CSA,0.0555602862348468,0.00777041519902317,0.0407751450873039,0.0712787252699516
Asthma,EUR_EAS,EUR_EAS_08,0.1,MELD_lambda0_true − AMR,0.0784802147000641,0.010020227826981,0.060009682390168,0.0988167398564898
Asthma,EUR_EAS,EUR_EAS_08,0.1,MELD_lambda0_true − MELD_lambda0_equal,0.0130101727680839,0.00302634661224994,0.00756642065725682,0.0192758886523305
Asthma,EUR_EAS,EUR_EAS_08,0.1,MELD_lambda0_true − MELD_lambda0_scrambled,0.0277286769455696,0.00501434999004082,0.0187449118034625,0.0389006685132416
Asthma,EUR_EAS,EUR_EAS_08,0.1,MELD_lambda1_true − MELD_lambda0_true,-0.0026161904404359,0.000897304784804566,-0.00455074674194007,-0.00101564224851567
Asthma,EUR_EAS,EUR_EAS_09,0.001,MELD_lambda0_true − EUR,0.0531161606795616,0.00879298064446588,0.0355658048690111,0.0701233377916867
Asthma,EUR_EAS,EUR_EAS_09,0.001,MELD_lambda0_true − EAS,0.286936287592156,0.0221853754193475,0.24444194258725,0.33067529082862
Asthma,EUR_EAS,EUR_EAS_09,0.001,MELD_lambda0_true − AFR,0.410959150971277,0.0260233074730647,0.35727007482769,0.45856086657669
Asthma,EUR_EAS,EUR_EAS_09,0.001,MELD_lambda0_true − CSA,0.122550603499556,0.0184206362185057,0.08655190299246,0.158558251297545
Asthma,EUR_EAS,EUR_EAS_09,0.001,MELD_lambda0_true − AMR,0.155784232468308,0.0214937202036037,0.115061487586179,0.200564334534397
Asthma,EUR_EAS,EUR_EAS_09,0.001,MELD_lambda0_true − MELD_lambda0_equal,0.00726393847118942,0.00733572569193554,-0.00832316799890969,0.020795834798124
Asthma,EUR_EAS,EUR_EAS_09,0.001,MELD_lambda0_true − MELD_lambda0_scrambled,0.00826372197761926,0.0060511126538798,-0.00289790686317654,0.0207878178194743
Asthma,EUR_EAS,EUR_EAS_09,0.001,MELD_lambda1_true − MELD_lambda0_true,-0.00331144541307088,0.00115269489882086,-0.00550397266640869,-0.000929626806202761
Asthma,EUR_EAS,EUR_EAS_09,0.01,MELD_lambda0_true − EUR,0.0215580020796743,0.00372412599731476,0.014680589494465,0.0291571155336165
Asthma,EUR_EAS,EUR_EAS_09,0.01,MELD_lambda0_true − EAS,0.15792603917974,0.0148246072045821,0.130291454286304,0.188537636740988
Asthma,EUR_EAS,EUR_EAS_09,0.01,MELD_lambda0_true − AFR,0.296111960547385,0.0263496390557676,0.243211057230111,0.346029451775466
Asthma,EUR_EAS,EUR_EAS_09,0.01,MELD_lambda0_true − CSA,0.0757464132373915,0.00848446121314338,0.0592235776735186,0.0927558380680519
Asthma,EUR_EAS,EUR_EAS_09,0.01,MELD_lambda0_true − AMR,0.108747861410596,0.0154363373407311,0.0777514246914763,0.138924799323407
Asthma,EUR_EAS,EUR_EAS_09,0.01,MELD_lambda0_true − MELD_lambda0_equal,0.0174468551724059,0.00342678424656905,0.0111970140041064,0.0249486925736947
Asthma,EUR_EAS,EUR_EAS_09,0.01,MELD_lambda0_true − MELD_lambda0_scrambled,0.0038397562750601,0.00209984090898953,-0.000201409269260299,0.0081013840947871
Asthma,EUR_EAS,EUR_EAS_09,0.01,MELD_lambda1_true − MELD_lambda0_true,-0.00222970464159471,0.000986785458707541,-0.00445691683839457,-0.000606690205125916
Asthma,EUR_EAS,EUR_EAS_09,0.1,MELD_lambda0_true − EUR,0.0123031422583734,0.00252270791772945,0.00729732220131176,0.0172148735412356
Asthma,EUR_EAS,EUR_EAS_09,0.1,MELD_lambda0_true − EAS,0.122192673359941,0.0110999964996686,0.101606405583953,0.145245738569902
Asthma,EUR_EAS,EUR_EAS_09,0.1,MELD_lambda0_true − AFR,0.223200742384772,0.0194470413948202,0.18370722579498,0.259512107523896
Asthma,EUR_EAS,EUR_EAS_09,0.1,MELD_lambda0_true − CSA,0.0563183276841493,0.00577175160614629,0.0446410575190627,0.0675263520522644
Asthma,EUR_EAS,EUR_EAS_09,0.1,MELD_lambda0_true − AMR,0.0837968909099205,0.0113876004645475,0.0627839977267389,0.106628415124331
Asthma,EUR_EAS,EUR_EAS_09,0.1,MELD_lambda0_true − MELD_lambda0_equal,0.01557102523465,0.00206044944171879,0.0116418164575382,0.0197238128834027
Asthma,EUR_EAS,EUR_EAS_09,0.1,MELD_lambda0_true − MELD_lambda0_scrambled,0.000239673758473496,0.00173173603235679,-0.00330087353282973,0.0035969009262386
Asthma,EUR_EAS,EUR_EAS_09,0.1,MELD_lambda1_true − MELD_lambda0_true,-0.00223200222791017,0.000847044927502814,-0.00407541478368253,-0.000900530082481788
Asthma,EUR_EAS,EUR_EAS_10,0.001,MELD_lambda0_true − EUR,0.0331920322565322,0.00651888692490254,0.0205741499092822,0.0461186265064098
Asthma,EUR_EAS,EUR_EAS_10,0.001,MELD_lambda0_true − EAS,0.288049580165513,0.0283918753674787,0.234221007003194,0.34419153231422
Asthma,EUR_EAS,EUR_EAS_10,0.001,MELD_lambda0_true − AFR,0.409295660739252,0.0327942613601261,0.342476066680288,0.473041111975325
Asthma,EUR_EAS,EUR_EAS_10,0.001,MELD_lambda0_true − CSA,0.11694889189514,0.0207594139142076,0.079284739389099,0.159392643396182
Asthma,EUR_EAS,EUR_EAS_10,0.001,MELD_lambda0_true − AMR,0.126969490404046,0.015896981491747,0.0966062039048113,0.157380604809353
Asthma,EUR_EAS,EUR_EAS_10,0.001,MELD_lambda0_true − MELD_lambda0_equal,-0.00451883466798982,0.00911363829407026,-0.0219385472431616,0.013205828495617
Asthma,EUR_EAS,EUR_EAS_10,0.001,MELD_lambda0_true − MELD_lambda0_scrambled,0.0117257774502092,0.00356112038801635,0.00481952229084548,0.0187530836071785
Asthma,EUR_EAS,EUR_EAS_10,0.001,MELD_lambda1_true − MELD_lambda0_true,-0.00126985645102713,0.00113947259092984,-0.00372771857380924,0.000873473923772042
Asthma,EUR_EAS,EUR_EAS_10,0.01,MELD_lambda0_true − EUR,0.0122062623111265,0.00260717867890904,0.00721494168641918,0.017363689264532
Asthma,EUR_EAS,EUR_EAS_10,0.01,MELD_lambda0_true − EAS,0.152268202431319,0.0175426178867567,0.120956015695847,0.190414255722013
Asthma,EUR_EAS,EUR_EAS_10,0.01,MELD_lambda0_true − AFR,0.299831586668481,0.0292666966029736,0.242031341468687,0.354632851931842
Asthma,EUR_EAS,EUR_EAS_10,0.01,MELD_lambda0_true − CSA,0.0583202424373582,0.00933460637412233,0.0410660654977246,0.0772932231001794
Asthma,EUR_EAS,EUR_EAS_10,0.01,MELD_lambda0_true − AMR,0.0947400862803419,0.0117054850269452,0.0714733772231851,0.117092451993179
Asthma,EUR_EAS,EUR_EAS_10,0.01,MELD_lambda0_true − MELD_lambda0_equal,0.0112735158637015,0.0029571451554629,0.00605598228994681,0.017276242467188
Asthma,EUR_EAS,EUR_EAS_10,0.01,MELD_lambda0_true − MELD_lambda0_scrambled,0.00307108662230498,0.0022111915487312,-0.000999327922581611,0.00768226525818353
Asthma,EUR_EAS,EUR_EAS_10,0.01,MELD_lambda1_true − MELD_lambda0_true,-0.000975744392545455,0.000648460523538559,-0.00236871331024991,0.000222127075725718
Asthma,EUR_EAS,EUR_EAS_10,0.1,MELD_lambda0_true − EUR,0.00711203252292185,0.00149956290785464,0.0042878736857199,0.0103148340213614
Asthma,EUR_EAS,EUR_EAS_10,0.1,MELD_lambda0_true − EAS,0.115814793108311,0.012083249066624,0.0948522165725313,0.141574838615408
Asthma,EUR_EAS,EUR_EAS_10,0.1,MELD_lambda0_true − AFR,0.235150712874729,0.0222243780130298,0.190768833637345,0.277451161046926
Asthma,EUR_EAS,EUR_EAS_10,0.1,MELD_lambda0_true − CSA,0.0432366865170736,0.00516149992342252,0.0332596883849105,0.0533711906020119
Asthma,EUR_EAS,EUR_EAS_10,0.1,MELD_lambda0_true − AMR,0.0691687143878303,0.00814738496099202,0.0537626415511351,0.0853961145392967
Asthma,EUR_EAS,EUR_EAS_10,0.1,MELD_lambda0_true − MELD_lambda0_equal,0.0133048283489154,0.00258240815557462,0.00878908460415178,0.0189161842705195
Asthma,EUR_EAS,EUR_EAS_10,0.1,MELD_lambda0_true − MELD_lambda0_scrambled,0.0018748549683972,0.00128433283531298,-0.000539287469665885,0.00438387538491319
Asthma,EUR_EAS,EUR_EAS_10,0.1,MELD_lambda1_true − MELD_lambda0_true,-0.000731143523621362,0.000425852982618675,-0.00158416008939864,6.26682038962194e-05
Asthma,EUR_EAS,EUR_EAS_11,0.001,MELD_lambda0_true − EUR,5.22955209406677e-15,7.97441072068228e-15,-9.7550123485767e-15,2.16466139953459e-14
Asthma,EUR_EAS,EUR_EAS_11,0.001,MELD_lambda0_true − EAS,0.317095156295668,0.0174922427823013,0.283080000310824,0.352795072019609
Asthma,EUR_EAS,EUR_EAS_11,0.001,MELD_lambda0_true − AFR,0.392059000953856,0.0238757852954619,0.343375724680676,0.436986464846393
Asthma,EUR_EAS,EUR_EAS_11,0.001,MELD_lambda0_true − CSA,0.095637991314601,0.0173801266482157,0.063691363289468,0.131862622229567
Asthma,EUR_EAS,EUR_EAS_11,0.001,MELD_lambda0_true − AMR,0.117002246849418,0.0191211269247084,0.0813964995160657,0.155692213407749
Asthma,EUR_EAS,EUR_EAS_11,0.001,MELD_lambda0_true − MELD_lambda0_equal,-0.0190394834943817,0.0121643580441094,-0.042902113984815,0.00481814220053736
Asthma,EUR_EAS,EUR_EAS_11,0.001,MELD_lambda0_true − MELD_lambda0_scrambled,0.0956379913145988,0.0177076984258909,0.0626261891937174,0.132240966578508
Asthma,EUR_EAS,EUR_EAS_11,0.001,MELD_lambda1_true − MELD_lambda0_true,0,0,0,0
Asthma,EUR_EAS,EUR_EAS_11,0.01,MELD_lambda0_true − EUR,6.55975034239678e-16,1.02876302452967e-15,-1.22334119312163e-15,2.80580494963335e-15
Asthma,EUR_EAS,EUR_EAS_11,0.01,MELD_lambda0_true − EAS,0.180948618774416,0.0113994393847849,0.15953292511639,0.203921711882021
Asthma,EUR_EAS,EUR_EAS_11,0.01,MELD_lambda0_true − AFR,0.309012607885299,0.023534096655029,0.260970283154605,0.353447263620935
Asthma,EUR_EAS,EUR_EAS_11,0.01,MELD_lambda0_true − CSA,0.0544914516308358,0.0117918718802194,0.0332583796634933,0.0783475744756674
Asthma,EUR_EAS,EUR_EAS_11,0.01,MELD_lambda0_true − AMR,0.0893288298448336,0.0107009766782547,0.0692944731154666,0.110893495756384
Asthma,EUR_EAS,EUR_EAS_11,0.01,MELD_lambda0_true − MELD_lambda0_equal,0.0110055642842655,0.00688414576801725,-0.00235039783181594,0.0246361207992181
Asthma,EUR_EAS,EUR_EAS_11,0.01,MELD_lambda0_true − MELD_lambda0_scrambled,0.0544914516308353,0.0114292147143405,0.0322371727010241,0.07726327330035
Asthma,EUR_EAS,EUR_EAS_11,0.01,MELD_lambda1_true − MELD_lambda0_true,0,0,0,0
Asthma,EUR_EAS,EUR_EAS_11,0.1,MELD_lambda0_true − EUR,-1.31283425863707e-16,2.17191203291377e-16,-5.61453395042751e-16,2.99385960481096e-16
Asthma,EUR_EAS,EUR_EAS_11,0.1,MELD_lambda0_true − EAS,0.134991605665136,0.0106773814831039,0.114199790150226,0.15584041631915
Asthma,EUR_EAS,EUR_EAS_11,0.1,MELD_lambda0_true − AFR,0.246862532738134,0.0181266841066017,0.209850502883633,0.280059425856341
Asthma,EUR_EAS,EUR_EAS_11,0.1,MELD_lambda0_true − CSA,0.0403275853143525,0.00773004966450447,0.0251635379802749,0.055649018643215
Asthma,EUR_EAS,EUR_EAS_11,0.1,MELD_lambda0_true − AMR,0.0661313274420185,0.00711519941156659,0.0526916597564932,0.0808387168575892
Asthma,EUR_EAS,EUR_EAS_11,0.1,MELD_lambda0_true − MELD_lambda0_equal,0.0126310181205198,0.00566728370976822,0.00240647569142752,0.0243084449696789
Asthma,EUR_EAS,EUR_EAS_11,0.1,MELD_lambda0_true − MELD_lambda0_scrambled,0.0403275853143522,0.00775510513186742,0.0253715123379664,0.0554846182653323
Asthma,EUR_EAS,EUR_EAS_11,0.1,MELD_lambda1_true − MELD_lambda0_true,0,0,0,0
Asthma,multi,equal,0.001,MELD_lambda0_true − EUR,0.222864930450336,0.0165122928417719,0.188428031813819,0.253149153856155
Asthma,multi,equal,0.001,MELD_lambda0_true − EAS,0.344526013943334,0.0227279556802122,0.298098834039078,0.386588740018776
Asthma,multi,equal,0.001,MELD_lambda0_true − AFR,0.343678353871654,0.0232283758939783,0.295655619416118,0.38587214157725
Asthma,multi,equal,0.001,MELD_lambda0_true − CSA,0.243908015192604,0.0143651023665109,0.217067041099467,0.272366316308574
Asthma,multi,equal,0.001,MELD_lambda0_true − AMR,0.238307632763421,0.0185219392125699,0.20345581737007,0.276912001773905
Asthma,multi,equal,0.001,MELD_lambda0_true − MELD_lambda0_equal,0,0,0,0
Asthma,multi,equal,0.001,MELD_lambda0_true − MELD_lambda0_scrambled,0,0,0,0
Asthma,multi,equal,0.001,MELD_lambda1_true − MELD_lambda0_true,-0.00235478316802801,0.00158170855096417,-0.00526300333890964,0.000908066723692143
Asthma,multi,equal,0.01,MELD_lambda0_true − EUR,0.109487836437302,0.0106043799469916,0.0882959533243947,0.129836701142485
Asthma,multi,equal,0.01,MELD_lambda0_true − EAS,0.173746675132813,0.0148505917126158,0.14580310126822,0.203366600030802
Asthma,multi,equal,0.01,MELD_lambda0_true − AFR,0.249076298693664,0.0226019175184677,0.202653187192092,0.293280149336639
Asthma,multi,equal,0.01,MELD_lambda0_true − CSA,0.112709285041677,0.00974476851218778,0.0935258237322911,0.13086042629278
Asthma,multi,equal,0.01,MELD_lambda0_true − AMR,0.144670312185966,0.0129132611521539,0.119989685334593,0.170363737750977
Asthma,multi,equal,0.01,MELD_lambda0_true − MELD_lambda0_equal,0,0,0,0
Asthma,multi,equal,0.01,MELD_lambda0_true − MELD_lambda0_scrambled,0,0,0,0
Asthma,multi,equal,0.01,MELD_lambda1_true − MELD_lambda0_true,-0.00291130948188847,0.000806353162149396,-0.00455193925938374,-0.00130249142233436
Asthma,multi,equal,0.1,MELD_lambda0_true − EUR,0.0685603758556526,0.00667895545495838,0.0556269969178894,0.0821707426150704
Asthma,multi,equal,0.1,MELD_lambda0_true − EAS,0.122074377141231,0.00887028731222325,0.103906076682446,0.137875515471585
Asthma,multi,equal,0.1,MELD_lambda0_true − AFR,0.189804029220257,0.0190290112092981,0.151115215110338,0.227247749767305
Asthma,multi,equal,0.1,MELD_lambda0_true − CSA,0.0748549000133706,0.00785368541691441,0.0599068337837081,0.0904270503304909
Asthma,multi,equal,0.1,MELD_lambda0_true − AMR,0.0971354329948921,0.00920311997191846,0.0790270903789146,0.115190370886416
Asthma,multi,equal,0.1,MELD_lambda0_true − MELD_lambda0_equal,0,0,0,0
Asthma,multi,equal,0.1,MELD_lambda0_true − MELD_lambda0_scrambled,0,0,0,0
Asthma,multi,equal,0.1,MELD_lambda1_true − MELD_lambda0_true,-0.00337851818289612,0.000529938025022613,-0.00440767344081616,-0.00232661985286993
Asthma,multi,reported,0.001,MELD_lambda0_true − EUR,0.0762314880634833,0.0102160811533892,0.0560849204495062,0.0961819398887592
Asthma,multi,reported,0.001,MELD_lambda0_true − EAS,0.3349336988532,0.0267871271581769,0.284224307145881,0.388797308096617
Asthma,multi,reported,0.001,MELD_lambda0_true − AFR,0.422320702796561,0.0294646747282495,0.361537074409425,0.477295373802676
Asthma,multi,reported,0.001,MELD_lambda0_true − CSA,0.143738720870347,0.0186460238416926,0.107701409616932,0.180200046693501
Asthma,multi,reported,0.001,MELD_lambda0_true − AMR,0.156243416137025,0.0191037627280367,0.117055186725623,0.192225760219507
Asthma,multi,reported,0.001,MELD_lambda0_true − MELD_lambda0_equal,0.00875190801776265,0.0057909851665105,-0.00245555536342668,0.0201190921533469
Asthma,multi,reported,0.001,MELD_lambda0_true − MELD_lambda0_scrambled,0.0507269631529996,0.00954970090424568,0.0321378067012401,0.0688227672108558
Asthma,multi,reported,0.001,MELD_lambda1_true − MELD_lambda0_true,-0.00224308542747036,0.00150476577605065,-0.00534345640558527,0.000489174073911096
Asthma,multi,reported,0.01,MELD_lambda0_true − EUR,0.0318556775799121,0.00506309895184744,0.0222120802658614,0.0417833025174715
Asthma,multi,reported,0.01,MELD_lambda0_true − EAS,0.156100622129758,0.013870743774533,0.131526843081977,0.185195877551237
Asthma,multi,reported,0.01,MELD_lambda0_true − AFR,0.291585773034154,0.0233814543715303,0.243060838960478,0.335165247128625
Asthma,multi,reported,0.01,MELD_lambda0_true − CSA,0.0698867224899919,0.0112567466577015,0.0483579083365817,0.0923546203287986
Asthma,multi,reported,0.01,MELD_lambda0_true − AMR,0.100674346401285,0.0117709640847462,0.0767897378784851,0.123411577861917
Asthma,multi,reported,0.01,MELD_lambda0_true − MELD_lambda0_equal,0.0087453875143835,0.00283912572999685,0.00362905461748308,0.0148338705317594
Asthma,multi,reported,0.01,MELD_lambda0_true − MELD_lambda0_scrambled,0.0308601952289493,0.00504738423154143,0.021060470615488,0.0406957124353725
Asthma,multi,reported,0.01,MELD_lambda1_true − MELD_lambda0_true,-0.00199474324904141,0.000930135859652966,-0.00403011685458673,-0.00037249342509307
Asthma,multi,reported,0.1,MELD_lambda0_true − EUR,0.0196001096644129,0.00301944290927577,0.0140215956927009,0.0257908855136309
Asthma,multi,reported,0.1,MELD_lambda0_true − EAS,0.111451773026359,0.0102381119842164,0.0916595730462673,0.13221290089529
Asthma,multi,reported,0.1,MELD_lambda0_true − AFR,0.214610067021213,0.017811685500061,0.178337109892854,0.249189615890774
Asthma,multi,reported,0.1,MELD_lambda0_true − CSA,0.0497684454690588,0.00878762795932475,0.0339265301647025,0.0678781668928401
Asthma,multi,reported,0.1,MELD_lambda0_true − AMR,0.075977890161681,0.00720725634621943,0.0615721581120691,0.0900414636191006
Asthma,multi,reported,0.1,MELD_lambda0_true − MELD_lambda0_equal,0.00812719969706795,0.00248727961186996,0.00335083162009342,0.0132170223678733
Asthma,multi,reported,0.1,MELD_lambda0_true − MELD_lambda0_scrambled,0.0276459055525679,0.00514259583650495,0.0181215326586785,0.0382759254852807
Asthma,multi,reported,0.1,MELD_lambda1_true − MELD_lambda0_true,-0.00219110296792018,0.000732831798395704,-0.00378961342913897,-0.000906118497099002
Asthma,multi,w25rest,0.001,MELD_lambda0_true − EUR,0.217242992462712,0.0197280980145062,0.179204128601861,0.258563626192721
Asthma,multi,w25rest,0.001,MELD_lambda0_true − EAS,0.354866605497951,0.021826964787201,0.310357163945095,0.395442648371053
Asthma,multi,w25rest,0.001,MELD_lambda0_true − AFR,0.367107885559256,0.0242242518127946,0.315110448189587,0.409391905787807
Asthma,multi,w25rest,0.001,MELD_lambda0_true − CSA,0.233460412756288,0.0154964897029522,0.202015483278744,0.260900790418414
Asthma,multi,w25rest,0.001,MELD_lambda0_true − AMR,0.209569685268459,0.0180690102202044,0.175190828611555,0.246066181873695
Asthma,multi,w25rest,0.001,MELD_lambda0_true − MELD_lambda0_equal,0.00146805905315701,0.00100426628281704,-0.000279271702899158,0.00359846540592053
Asthma,multi,w25rest,0.001,MELD_lambda0_true − MELD_lambda0_scrambled,0.00170019024711344,0.00131738082129883,-0.00084939935127804,0.00433225196385462
Asthma,multi,w25rest,0.001,MELD_lambda1_true − MELD_lambda0_true,-0.00027777858771187,0.0010644996086507,-0.00236637393546632,0.00176865976657353
Asthma,multi,w25rest,0.01,MELD_lambda0_true − EUR,0.099299849883312,0.00989568860451861,0.0800439753455454,0.11849906614243
Asthma,multi,w25rest,0.01,MELD_lambda0_true − EAS,0.174530845165297,0.0150860240777495,0.145160042835613,0.204388720703186
Asthma,multi,w25rest,0.01,MELD_lambda0_true − AFR,0.250164741331697,0.0201965243426656,0.208603787701072,0.287926949458344
Asthma,multi,w25rest,0.01,MELD_lambda0_true − CSA,0.107167279265465,0.00981540770052515,0.0888994124757088,0.126754485696228
Asthma,multi,w25rest,0.01,MELD_lambda0_true − AMR,0.112629817587834,0.00917515117323161,0.0950534379121555,0.130444634734702
Asthma,multi,w25rest,0.01,MELD_lambda0_true − MELD_lambda0_equal,0.000787245905285393,0.00047771476725608,-0.000102607785805227,0.00179448070394161
Asthma,multi,w25rest,0.01,MELD_lambda0_true − MELD_lambda0_scrambled,0.000328124951724641,0.000608621252619579,-0.000784817228863317,0.00157097887169761
Asthma,multi,w25rest,0.01,MELD_lambda1_true − MELD_lambda0_true,-0.00153397506218403,0.000618199803370142,-0.00273041891957719,-0.000307606538409996
Asthma,multi,w25rest,0.1,MELD_lambda0_true − EUR,0.0691763247819209,0.00591253969156828,0.0576245492164079,0.0807555676947995
Asthma,multi,w25rest,0.1,MELD_lambda0_true − EAS,0.122266915798767,0.0102982813341281,0.101407173338952,0.141860276693604
Asthma,multi,w25rest,0.1,MELD_lambda0_true − AFR,0.187587516311111,0.0153624407616242,0.157395302424853,0.218167647187051
Asthma,multi,w25rest,0.1,MELD_lambda0_true − CSA,0.0716626281365643,0.00750122422918892,0.0567812168387637,0.0861148882371144
Asthma,multi,w25rest,0.1,MELD_lambda0_true − AMR,0.0809437653154046,0.00757377429366916,0.0668514843532383,0.095583262529242
Asthma,multi,w25rest,0.1,MELD_lambda0_true − MELD_lambda0_equal,0.000434063160377385,0.000309376254353383,-0.000165799363683993,0.00104558884929264
Asthma,multi,w25rest,0.1,MELD_lambda0_true − MELD_lambda0_scrambled,9.44933801664268e-05,0.000418785313073619,-0.000682490382443642,0.000949026080718225
Asthma,multi,w25rest,0.1,MELD_lambda1_true − MELD_lambda0_true,-0.00309217902556714,0.000754142496890167,-0.00453663821477096,-0.0015668779353203
Asthma,multi,w50rest,0.001,MELD_lambda0_true − EUR,0.169796063029372,0.017619487267823,0.135421250434443,0.203902628100773
Asthma,multi,w50rest,0.001,MELD_lambda0_true − EAS,0.372682867275586,0.0253815334800936,0.326034766923118,0.426503484389878
Asthma,multi,w50rest,0.001,MELD_lambda0_true − AFR,0.391215679567867,0.0316108663498562,0.32571395865831,0.450212928395766
Asthma,multi,w50rest,0.001,MELD_lambda0_true − CSA,0.223158005925975,0.0168789139067622,0.189167320067135,0.255176077734503
Asthma,multi,w50rest,0.001,MELD_lambda0_true − AMR,0.201741007931924,0.0206021153664087,0.162088767497225,0.243198715563002
Asthma,multi,w50rest,0.001,MELD_lambda0_true − MELD_lambda0_equal,0.0031190089511148,0.00311105662795341,-0.0027517336740786,0.00917172560830606
Asthma,multi,w50rest,0.001,MELD_lambda0_true − MELD_lambda0_scrambled,0,0,0,0
Asthma,multi,w50rest,0.001,MELD_lambda1_true − MELD_lambda0_true,0.000601568672888921,0.00103265222584061,-0.00138432654166033,0.00263755020808367
Asthma,multi,w50rest,0.01,MELD_lambda0_true − EUR,0.0741386105867181,0.00972008993049012,0.0547149744668372,0.0937282165522375
Asthma,multi,w50rest,0.01,MELD_lambda0_true − EAS,0.188258586146237,0.0175458017577718,0.154849471540724,0.223503960193928
Asthma,multi,w50rest,0.01,MELD_lambda0_true − AFR,0.280900699752285,0.0264178913079616,0.228766184698368,0.332417594854306
Asthma,multi,w50rest,0.01,MELD_lambda0_true − CSA,0.104380269272004,0.0107916198325987,0.0837509908693556,0.125726057337014
Asthma,multi,w50rest,0.01,MELD_lambda0_true − AMR,0.118824462935814,0.0138674184286484,0.0912034439500884,0.144802450394988
Asthma,multi,w50rest,0.01,MELD_lambda0_true − MELD_lambda0_equal,0.00453613623523645,0.0014590236931896,0.00185851470987545,0.00755552469105911
Asthma,multi,w50rest,0.01,MELD_lambda0_true − MELD_lambda0_scrambled,0,0,0,0
Asthma,multi,w50rest,0.01,MELD_lambda1_true − MELD_lambda0_true,-0.000862559402963002,0.000570111736479856,-0.00194428517220749,0.000262274033618162
Asthma,multi,w50rest,0.1,MELD_lambda0_true − EUR,0.0407089158480822,0.00456813930475418,0.0315986517539318,0.0492492665915331
Asthma,multi,w50rest,0.1,MELD_lambda0_true − EAS,0.12875737801398,0.0120598171666022,0.104499276186964,0.152510581678099
Asthma,multi,w50rest,0.1,MELD_lambda0_true − AFR,0.210726296491364,0.0200312787894318,0.170752667331959,0.250531945299765
Asthma,multi,w50rest,0.1,MELD_lambda0_true − CSA,0.0656657074714821,0.00843272954221087,0.0490202898909633,0.0825482255990114
Asthma,multi,w50rest,0.1,MELD_lambda0_true − AMR,0.0837973834919478,0.00996548431511044,0.0635990787693319,0.103564450628536
Asthma,multi,w50rest,0.1,MELD_lambda0_true − MELD_lambda0_equal,0.00380180959119471,0.00134639966476458,0.00122666195854699,0.00651753526339928
Asthma,multi,w50rest,0.1,MELD_lambda0_true − MELD_lambda0_scrambled,0,0,0,0
Asthma,multi,w50rest,0.1,MELD_lambda1_true − MELD_lambda0_true,-0.00156921768567841,0.000596027392736802,-0.00269340136955107,-0.000350374497142022
