trait,chr,block_id,m,candidate,min_eig_pre,min_eig_post
Asthma,22,1,157,MELD_lambda0_afproj,-0.000732184260735154,-8.07034171692616e-16
Asthma,22,1,157,MELD_lambda0_reportN,-0.000673187831453415,-1.16323116256636e-15
Asthma,22,1,157,MELD_lambda0_equal,-5.2974025664541e-05,-7.03638794772246e-16
Asthma,22,1,157,MELD_lambda1_afproj,-0.000658628770265088,-3.5390125538892e-16
Asthma,22,1,157,EUR,-0.00421301361219079,-2.1250729313322e-15
Asthma,22,1,157,EAS,-0.00155702405047146,-1.0863774992675e-15
Asthma,22,1,157,AFR,-0.000780253260729816,-1.00613070000633e-15
Asthma,22,1,157,CSA,-0.000582937944076116,-2.3052227553021e-15
Asthma,22,1,157,AMR,-0.000139934433009576,-1.61464849953183e-15
Asthma,22,2,217,MELD_lambda0_afproj,-1.46550218027499e-05,-9.20752857448826e-16
Asthma,22,2,217,MELD_lambda0_reportN,-1.31229254262746e-05,-8.80457505888049e-16
Asthma,22,2,217,MELD_lambda0_equal,-0.000107249764483567,-9.87807084526916e-16
Asthma,22,2,217,MELD_lambda1_afproj,-1.42644455850522e-05,-1.0130896057418e-15
Asthma,22,2,217,EUR,-0.00164033461304693,-1.1871584384873e-15
Asthma,22,2,217,EAS,-0.00960633009402814,-3.12458737072942e-15
Asthma,22,2,217,AFR,-5.44690177234354e-16,-7.16647162308205e-16
Asthma,22,2,217,CSA,-0.00269222919563355,-1.28711291106709e-15
Asthma,22,2,217,AMR,-0.0109322305180764,-1.90483692905151e-15
Asthma,22,3,572,MELD_lambda0_afproj,-0.0260149914496889,-2.73480768843321e-15
Asthma,22,3,572,MELD_lambda0_reportN,-0.0249041459081209,-2.12623802693941e-15
Asthma,22,3,572,MELD_lambda0_equal,-0.0208363440768591,-3.60956097318904e-15
Asthma,22,3,572,MELD_lambda1_afproj,-0.0254759146054482,-2.87436078535857e-15
Asthma,22,3,572,EUR,-0.0286040312435301,-3.43798135674391e-15
Asthma,22,3,572,EAS,-0.0558066337152001,-3.76004038733832e-15
Asthma,22,3,572,AFR,-0.104948645667131,-2.70501127436932e-15
Asthma,22,3,572,CSA,-0.0194833811772154,-3.51383941215021e-15
Asthma,22,3,572,AMR,-0.0545748427046058,-5.72878295139547e-15
Asthma,22,4,594,MELD_lambda0_afproj,-0.0356197069781541,-3.51000249876265e-15
Asthma,22,4,594,MELD_lambda0_reportN,-0.0344759684476137,-3.43037802412796e-15
Asthma,22,4,594,MELD_lambda0_equal,-0.0249605363519939,-2.5251217747563e-15
Asthma,22,4,594,MELD_lambda1_afproj,-0.0346275940243588,-3.7154294054137e-15
Asthma,22,4,594,EUR,-0.0388026092623904,-5.55379051763349e-15
Asthma,22,4,594,EAS,-0.0642009791820729,-6.54459044477058e-15
Asthma,22,4,594,AFR,-0.0365738735164983,-1.99334683410052e-15
Asthma,22,4,594,CSA,-0.0659506019443429,-4.28468669375421e-15
Asthma,22,4,594,AMR,-0.0541782419815326,-6.58367727180124e-15
Asthma,22,5,249,MELD_lambda0_afproj,-0.000474332552034838,-1.04036342016179e-15
Asthma,22,5,249,MELD_lambda0_reportN,-0.000354669008217216,-1.13657857431998e-15
Asthma,22,5,249,MELD_lambda0_equal,-0.000968254984935511,-1.46261714986916e-15
Asthma,22,5,249,MELD_lambda1_afproj,-0.000427116741730528,-1.31811018160701e-15
Asthma,22,5,249,EUR,-0.0029350187981367,-2.14281348805066e-15
Asthma,22,5,249,EAS,-0.00742184235927504,-2.39792819442115e-15
Asthma,22,5,249,AFR,-0.00620802036961201,-9.96981926808897e-16
Asthma,22,5,249,CSA,-0.00687686477542175,-2.23628584610386e-15
Asthma,22,5,249,AMR,-0.00688001717512289,-1.73698558880693e-15
Asthma,22,6,360,MELD_lambda0_afproj,-0.014618005322172,-8.56274463021319e-16
Asthma,22,6,360,MELD_lambda0_reportN,-0.0137985293415335,-9.80271288792178e-16
Asthma,22,6,360,MELD_lambda0_equal,-0.00403773312380744,-1.09126902408979e-15
Asthma,22,6,360,MELD_lambda1_afproj,-0.0141172687969294,-1.1545363265404e-15
Asthma,22,6,360,EUR,-0.021751991141468,-4.08806145562313e-15
Asthma,22,6,360,EAS,-0.0176624111512418,-2.2185145132448e-15
Asthma,22,6,360,AFR,-0.00989293021547339,-1.71741980247352e-15
Asthma,22,6,360,CSA,-0.02508327122991,-2.14111427803466e-15
Asthma,22,6,360,AMR,-0.036595070393169,-3.09049947156953e-15
Asthma,22,7,678,MELD_lambda0_afproj,-0.0425670080015228,-1.84801780385465e-15
Asthma,22,7,678,MELD_lambda0_reportN,-0.0384108525936575,-1.19885002917851e-15
Asthma,22,7,678,MELD_lambda0_equal,-0.000789282422099244,-1.53517365206778e-15
Asthma,22,7,678,MELD_lambda1_afproj,-0.0396359334068423,-2.20579385859612e-15
Asthma,22,7,678,EUR,-0.0938527412493733,-3.27543672036604e-15
Asthma,22,7,678,EAS,-0.0774626602152189,-4.17846970386342e-15
Asthma,22,7,678,AFR,-0.0760748170916487,-1.91894313238656e-15
Asthma,22,7,678,CSA,-0.0674244598220015,-2.24123551789917e-15
Asthma,22,7,678,AMR,-0.128278878288163,-8.19210378168418e-15
Asthma,22,8,647,MELD_lambda0_afproj,-0.0439857838083449,-1.03953331098632e-15
Asthma,22,8,647,MELD_lambda0_reportN,-0.0413780616404553,-1.53908559865151e-15
Asthma,22,8,647,MELD_lambda0_equal,-0.0248953012848947,-7.64614157931378e-16
Asthma,22,8,647,MELD_lambda1_afproj,-0.041460665388692,-1.05821986548003e-15
Asthma,22,8,647,EUR,-0.0503407250867539,-2.22693248278353e-15
Asthma,22,8,647,EAS,-0.185523399230188,-2.21366382418299e-15
Asthma,22,8,647,AFR,-0.0575205801971918,-1.64240306840041e-15
Asthma,22,8,647,CSA,-0.056814791660707,-2.16260559601797e-15
Asthma,22,8,647,AMR,-0.157690012021589,-4.25054446568524e-15
Asthma,22,9,593,MELD_lambda0_afproj,-0.0129915383211973,-1.52070216825655e-15
Asthma,22,9,593,MELD_lambda0_reportN,-0.0121025680246634,-2.04835576936623e-15
Asthma,22,9,593,MELD_lambda0_equal,-0.00577238682461241,-5.65975137568485e-16
Asthma,22,9,593,MELD_lambda1_afproj,-0.0123606909601895,-1.8182059500609e-15
Asthma,22,9,593,EUR,-0.0497616772036649,-3.12262398709663e-15
Asthma,22,9,593,EAS,-0.0429852305670036,-3.57474729699166e-15
Asthma,22,9,593,AFR,-0.0438084446588425,-2.10034479560133e-15
Asthma,22,9,593,CSA,-0.02645332687364,-3.87286820769899e-15
Asthma,22,9,593,AMR,-0.0632289315747813,-5.33578329331433e-15
Asthma,22,10,517,MELD_lambda0_afproj,-0.0262426528324021,-2.48212542960243e-15
Asthma,22,10,517,MELD_lambda0_reportN,-0.0258874113865244,-1.70635334994669e-15
Asthma,22,10,517,MELD_lambda0_equal,-0.0711886509388842,-1.5061848192167e-15
Asthma,22,10,517,MELD_lambda1_afproj,-0.0253343462576655,-2.08421271389945e-15
Asthma,22,10,517,EUR,-0.0320433954887784,-4.0215521660818e-15
Asthma,22,10,517,EAS,-0.104634203456329,-3.82768469974301e-15
Asthma,22,10,517,AFR,-0.129955784074334,-2.21589370382926e-15
Asthma,22,10,517,CSA,-0.2383559978391,-2.58907905805306e-15
Asthma,22,10,517,AMR,-0.186685182265712,-3.58494098023958e-15
Asthma,22,11,369,MELD_lambda0_afproj,-0.117047289809521,-2.02819731436326e-15
Asthma,22,11,369,MELD_lambda0_reportN,-0.113999809018002,-1.70017127077344e-15
Asthma,22,11,369,MELD_lambda0_equal,-0.0459979601065666,-1.52536220566486e-15
Asthma,22,11,369,MELD_lambda1_afproj,-0.108865694944332,-1.79531347073514e-15
Asthma,22,11,369,EUR,-0.150546329516047,-3.03908222919496e-15
Asthma,22,11,369,EAS,-0.132015638695189,-2.71224388799795e-15
Asthma,22,11,369,AFR,-0.035229996251929,-1.90186454456004e-15
Asthma,22,11,369,CSA,-0.141563037271625,-3.18331485428222e-15
Asthma,22,11,369,AMR,-0.148112430416502,-5.37721562043638e-15
Asthma,22,12,836,MELD_lambda0_afproj,-0.126672754427228,-1.72701552003702e-15
Asthma,22,12,836,MELD_lambda0_reportN,-0.124667278100971,-4.11510473089503e-15
Asthma,22,12,836,MELD_lambda0_equal,-0.0621346263842911,-1.25042148478254e-15
Asthma,22,12,836,MELD_lambda1_afproj,-0.119187757917091,-2.89905563952733e-15
Asthma,22,12,836,EUR,-0.178396877682381,-2.73000694912262e-15
Asthma,22,12,836,EAS,-0.153628169304883,-3.15874256816836e-15
Asthma,22,12,836,AFR,-0.123009608686965,-4.11031651778896e-15
Asthma,22,12,836,CSA,-0.183103836898695,-3.55286033253483e-15
Asthma,22,12,836,AMR,-0.287601929942605,-1.59080306853733e-14
Asthma,22,13,510,MELD_lambda0_afproj,-0.0184283437284454,-1.80546680249537e-15
Asthma,22,13,510,MELD_lambda0_reportN,-0.0178024891884307,-2.65223351809469e-15
Asthma,22,13,510,MELD_lambda0_equal,-0.0124446255768621,-8.04937926262216e-16
Asthma,22,13,510,MELD_lambda1_afproj,-0.0174821948511462,-1.65683341597229e-15
Asthma,22,13,510,EUR,-0.0272132298285317,-3.38093627015735e-15
Asthma,22,13,510,EAS,-0.0195347265698128,-3.67034905406026e-15
Asthma,22,13,510,AFR,-0.0346554663696508,-1.13795261345395e-15
Asthma,22,13,510,CSA,-0.0240397004561466,-4.23947962685422e-15
Asthma,22,13,510,AMR,-0.0545084774185825,-4.9918514215781e-15
Asthma,22,14,706,MELD_lambda0_afproj,-0.181848360737289,-1.93632173981125e-15
Asthma,22,14,706,MELD_lambda0_reportN,-0.178077961029259,-1.63947171358419e-15
Asthma,22,14,706,MELD_lambda0_equal,-0.0734854926529772,-1.25849351087014e-15
Asthma,22,14,706,MELD_lambda1_afproj,-0.160395761607199,-3.0652050646004e-15
Asthma,22,14,706,EUR,-0.300912896238592,-5.23868002430571e-15
Asthma,22,14,706,EAS,-0.0335320222533909,-7.25028122471173e-15
Asthma,22,14,706,AFR,-0.0530258796033992,-3.05900652180683e-15
Asthma,22,14,706,CSA,-0.26474397153389,-4.92904800000997e-15
Asthma,22,14,706,AMR,-0.378234670760749,-6.51232354591773e-15
Asthma,22,15,513,MELD_lambda0_afproj,-0.172543445595411,-2.63957087916498e-15
Asthma,22,15,513,MELD_lambda0_reportN,-0.171535956714941,-1.9691649485423e-15
Asthma,22,15,513,MELD_lambda0_equal,-0.156773303953745,-1.18585328962576e-15
Asthma,22,15,513,MELD_lambda1_afproj,-0.166463321413167,-2.29300120730221e-15
Asthma,22,15,513,EUR,-0.209393882907658,-3.53540822043365e-15
Asthma,22,15,513,EAS,-0.34682153074506,-3.35186198512178e-15
Asthma,22,15,513,AFR,-0.287369328107286,-2.08920619621294e-15
Asthma,22,15,513,CSA,-0.21368950587583,-5.06893577995635e-15
Asthma,22,15,513,AMR,-0.299349851780222,-8.78405518984646e-15
Asthma,22,16,310,MELD_lambda0_afproj,-0.00117075181250351,-7.8040682681225e-16
Asthma,22,16,310,MELD_lambda0_reportN,-0.00108670460049848,-4.75621509071731e-16
Asthma,22,16,310,MELD_lambda0_equal,-6.73220403047709e-05,-3.01299062149922e-16
Asthma,22,16,310,MELD_lambda1_afproj,-0.00110252934337771,-6.91570720744522e-16
Asthma,22,16,310,EUR,-0.00310333194767446,-1.39631801397132e-15
Asthma,22,16,310,EAS,-0.0192415081197902,-1.37333977145067e-15
Asthma,22,16,310,AFR,-0.00136527712242355,-7.72279052654348e-16
Asthma,22,16,310,CSA,-0.00647926139613623,-1.11203286966907e-15
Asthma,22,16,310,AMR,-0.0121386752349439,-1.05443207850413e-15
Asthma,22,17,448,MELD_lambda0_afproj,-0.0400554015045236,-3.78068582208966e-15
Asthma,22,17,448,MELD_lambda0_reportN,-0.0389551072971831,-7.70793873774501e-15
Asthma,22,17,448,MELD_lambda0_equal,-0.014801254492786,-2.08130451088962e-15
Asthma,22,17,448,MELD_lambda1_afproj,-0.036864235520602,-4.26958856849081e-15
Asthma,22,17,448,EUR,-0.0532748497421442,-1.12049416160814e-14
Asthma,22,17,448,EAS,-0.0870271247021809,-9.68251684983457e-15
Asthma,22,17,448,AFR,-0.0604084544832305,-5.21847241259883e-15
Asthma,22,17,448,CSA,-0.0362189795368342,-1.0177313767387e-14
Asthma,22,17,448,AMR,-0.0311222309855676,-1.72397480254958e-14
Asthma,22,18,333,MELD_lambda0_afproj,-0.001038691842825,-1.36006677073458e-15
Asthma,22,18,333,MELD_lambda0_reportN,-0.000876022762131517,-2.32010799604616e-15
Asthma,22,18,333,MELD_lambda0_equal,-0.00028942319082767,-1.43493251446999e-15
Asthma,22,18,333,MELD_lambda1_afproj,-0.000837919200119011,-1.52689179020068e-15
Asthma,22,18,333,EUR,-0.0222664850597749,-4.86422996451593e-15
Asthma,22,18,333,EAS,-0.00586288849207865,-2.99392126820239e-15
Asthma,22,18,333,AFR,-0.0055048060009629,-5.80355267636198e-16
Asthma,22,18,333,CSA,-0.0513156619728203,-5.67511841309546e-15
Asthma,22,18,333,AMR,-0.00718182079085286,-2.25051123614313e-15
Asthma,22,19,658,MELD_lambda0_afproj,-0.00726829409406586,-3.02285572095977e-15
Asthma,22,19,658,MELD_lambda0_reportN,-0.006997912478686,-2.1038707351367e-15
Asthma,22,19,658,MELD_lambda0_equal,-0.000674450727020394,-1.69295438936207e-15
Asthma,22,19,658,MELD_lambda1_afproj,-0.00713438154578429,-2.52152838959428e-15
Asthma,22,19,658,EUR,-0.0142015318331692,-3.31615411117929e-15
Asthma,22,19,658,EAS,-0.0158298235261111,-5.08075475767652e-15
Asthma,22,19,658,AFR,-0.0104966426785183,-2.11433867526471e-15
Asthma,22,19,658,CSA,-0.0135306638979456,-4.21259946467544e-15
Asthma,22,19,658,AMR,-0.0197185000577249,-1.58278836467269e-14
Asthma,22,20,578,MELD_lambda0_afproj,-0.0325915784354655,-1.50939803637289e-15
Asthma,22,20,578,MELD_lambda0_reportN,-0.0315145797589033,-2.23456625035341e-15
Asthma,22,20,578,MELD_lambda0_equal,-0.0137489138953551,-4.05297127833667e-16
Asthma,22,20,578,MELD_lambda1_afproj,-0.0303611625741463,-1.80633738430292e-15
Asthma,22,20,578,EUR,-0.0583703292935555,-1.8136544902448e-15
Asthma,22,20,578,EAS,-0.096088551545862,-2.11060636992016e-15
Asthma,22,20,578,AFR,-0.253413716857109,-1.2966629559258e-15
Asthma,22,20,578,CSA,-0.115701510177366,-2.37745962355164e-15
Asthma,22,20,578,AMR,-0.134093966395306,-4.41609506246844e-15
Asthma,22,21,351,MELD_lambda0_afproj,-0.00121951551693734,-3.91483423552394e-16
Asthma,22,21,351,MELD_lambda0_reportN,-0.00112369771649727,-7.40466926955784e-16
Asthma,22,21,351,MELD_lambda0_equal,-5.71985510180488e-05,-3.55041364202417e-16
Asthma,22,21,351,MELD_lambda1_afproj,-0.00118911508976933,-5.21638374399583e-17
Asthma,22,21,351,EUR,-0.00291907351570583,-2.41297571156272e-15
Asthma,22,21,351,EAS,-0.00249450523302475,-1.4771217228292e-15
Asthma,22,21,351,AFR,-1.99974242587188e-16,-4.9114224150807e-16
Asthma,22,21,351,CSA,-0.00122379749196409,-1.51259994436387e-15
Asthma,22,21,351,AMR,-0.00172283863243918,-8.24963146379893e-16
Asthma,22,22,629,MELD_lambda0_afproj,-0.0206417966219345,-1.08745366236144e-15
Asthma,22,22,629,MELD_lambda0_reportN,-0.0196023325500521,-1.1278668196062e-15
Asthma,22,22,629,MELD_lambda0_equal,-0.00506597684636533,8.16104873363306e-17
Asthma,22,22,629,MELD_lambda1_afproj,-0.0196985535843514,-6.41812177269968e-15
Asthma,22,22,629,EUR,-0.0419442673661233,-5.22855393612535e-15
Asthma,22,22,629,EAS,-0.0468838565656646,-3.23008117157483e-15
Asthma,22,22,629,AFR,-0.100841912749747,-1.00764236298942e-15
Asthma,22,22,629,CSA,-0.0424593046441319,-2.10596998823554e-15
Asthma,22,22,629,AMR,-0.0809233190076125,-4.89325834268243e-15
Asthma,22,23,544,MELD_lambda0_afproj,-0.0796089299723228,-8.65579629770501e-16
Asthma,22,23,544,MELD_lambda0_reportN,-0.0769513333096483,-1.33228820182688e-15
Asthma,22,23,544,MELD_lambda0_equal,-0.0449365387426175,-1.2713664472748e-15
Asthma,22,23,544,MELD_lambda1_afproj,-0.0672282410725555,-1.15170083773913e-15
Asthma,22,23,544,EUR,-0.136478734701934,-1.57654434925266e-15
Asthma,22,23,544,EAS,-0.0315546360303287,-2.0360338775676e-15
Asthma,22,23,544,AFR,-0.468173807030494,-1.65691536278941e-15
Asthma,22,23,544,CSA,-0.0657011307531658,-1.53928464464135e-15
Asthma,22,23,544,AMR,-0.39655163905387,-1.43447704673348e-14
Asthma,22,24,434,MELD_lambda0_afproj,-0.00579386534368443,-1.35155124208769e-15
Asthma,22,24,434,MELD_lambda0_reportN,-0.00565454985893475,-1.27549457239071e-15
Asthma,22,24,434,MELD_lambda0_equal,-0.00388509963016439,-1.39291925910225e-15
Asthma,22,24,434,MELD_lambda1_afproj,-0.00556300866563876,-6.9553560643485e-16
Asthma,22,24,434,EUR,-0.00899564266369994,-1.71591222075898e-15
Asthma,22,24,434,EAS,-0.0160189643198823,-2.15638328372914e-15
Asthma,22,24,434,AFR,-0.0120697864120644,-1.01042596320968e-15
Asthma,22,24,434,CSA,-0.0093847538401518,-1.5508174949521e-15
Asthma,22,24,434,AMR,-0.0163273432416836,-1.54935478507971e-15
COPD,22,1,181,MELD_lambda0_afproj,-0.000721751607206493,-9.00710931572321e-16
COPD,22,1,181,MELD_lambda0_reportN,-0.000717364695569702,-1.14878136163834e-15
COPD,22,1,181,MELD_lambda0_equal,-5.92680957259723e-05,-6.71979320653624e-16
COPD,22,1,181,MELD_lambda1_afproj,-0.000636364519471529,-3.3524347287853e-16
COPD,22,1,181,EUR,-0.00433034351656593,-1.3915399289708e-15
COPD,22,1,181,EAS,-0.00162825032756306,-1.36792547134013e-15
COPD,22,1,181,AFR,-0.000820850598532929,-1.33343610055782e-15
COPD,22,1,181,CSA,-0.000687230246234572,-1.21029449116713e-15
COPD,22,1,181,AMR,-0.000171344770156974,-3.21515356218445e-15
COPD,22,2,215,MELD_lambda0_afproj,-7.12667848419042e-05,-1.45827806634362e-15
COPD,22,2,215,MELD_lambda0_reportN,-2.43631882482013e-05,-4.38786206316433e-16
COPD,22,2,215,MELD_lambda0_equal,-0.000111587282897563,-6.81039595406409e-16
COPD,22,2,215,MELD_lambda1_afproj,-6.22072473543021e-05,-6.78396582884308e-16
COPD,22,2,215,EUR,-0.0109447066004592,-1.35630569092277e-15
COPD,22,2,215,EAS,-0.017378872974599,-2.00463764980898e-15
COPD,22,2,215,AFR,-2.69145123418635e-16,-7.11900810137371e-16
COPD,22,2,215,CSA,-0.015543610028112,-1.19005643872604e-15
COPD,22,2,215,AMR,-0.0356449201532101,-1.77995012544944e-15
COPD,22,3,566,MELD_lambda0_afproj,-0.0242450292850096,-2.39584126092842e-15
COPD,22,3,566,MELD_lambda0_reportN,-0.0234771850550841,-2.05164343155148e-15
COPD,22,3,566,MELD_lambda0_equal,-0.0195134676404734,-2.43521025873832e-15
COPD,22,3,566,MELD_lambda1_afproj,-0.0236515783059054,-2.4554130212173e-15
COPD,22,3,566,EUR,-0.026017505056146,-5.67252380146408e-15
COPD,22,3,566,EAS,-0.0506799006727327,-3.2031987169708e-15
COPD,22,3,566,AFR,-0.102472181860876,-3.63831437677499e-15
COPD,22,3,566,CSA,-0.0175923589151959,-3.27676453641268e-15
COPD,22,3,566,AMR,-0.0488981479635873,-6.66283664124397e-15
COPD,22,4,600,MELD_lambda0_afproj,-0.0350542211990869,-3.24966819523042e-15
COPD,22,4,600,MELD_lambda0_reportN,-0.0340168343814384,-3.54306429628408e-15
COPD,22,4,600,MELD_lambda0_equal,-0.0249020183914515,-2.49136119113826e-15
COPD,22,4,600,MELD_lambda1_afproj,-0.0339029261996693,-3.60169385365094e-15
COPD,22,4,600,EUR,-0.0383592912029631,-4.84766539793516e-15
COPD,22,4,600,EAS,-0.0659229370337326,-5.10139893286342e-15
COPD,22,4,600,AFR,-0.0368846623961566,-2.83048069881532e-15
COPD,22,4,600,CSA,-0.0649634662816529,-4.71520872675043e-15
COPD,22,4,600,AMR,-0.0543395264332202,-6.50863159216794e-15
COPD,22,5,220,MELD_lambda0_afproj,-0.00069475878696778,-1.71753212943367e-15
COPD,22,5,220,MELD_lambda0_reportN,-0.000667224021357245,-1.3491814018812e-15
COPD,22,5,220,MELD_lambda0_equal,-0.000852062696975206,-2.83904280135188e-16
COPD,22,5,220,MELD_lambda1_afproj,-0.000626487244718942,-1.03538560136072e-15
COPD,22,5,220,EUR,-0.00289262517941877,-2.29615260453086e-15
COPD,22,5,220,EAS,-0.0229190788419112,-1.52723238096708e-15
COPD,22,5,220,AFR,-0.00563479944637919,-9.47496583485939e-16
COPD,22,5,220,CSA,-0.0120132451359016,-1.15237972953515e-15
COPD,22,5,220,AMR,-0.00837650132171937,-1.97490510646089e-15
COPD,22,6,362,MELD_lambda0_afproj,-0.013704476973218,-9.74749640996573e-16
COPD,22,6,362,MELD_lambda0_reportN,-0.0131621709544771,-1.05784639809971e-15
COPD,22,6,362,MELD_lambda0_equal,-0.00407668401906422,-6.95932246284603e-16
COPD,22,6,362,MELD_lambda1_afproj,-0.0131756534343508,-1.39082070303385e-15
COPD,22,6,362,EUR,-0.0220169756659683,-5.0788664728974e-15
COPD,22,6,362,EAS,-0.0181174607786812,-2.13829203072957e-15
COPD,22,6,362,AFR,-0.0108517617353105,-1.39166487660718e-15
COPD,22,6,362,CSA,-0.0251599170466631,-2.97182223465419e-15
COPD,22,6,362,AMR,-0.0364999317142805,-4.57721812564307e-15
COPD,22,7,686,MELD_lambda0_afproj,-0.0107848620568252,-4.61059231410748e-15
COPD,22,7,686,MELD_lambda0_reportN,-0.0105736600060893,-1.65646659524672e-15
COPD,22,7,686,MELD_lambda0_equal,-0.000606591601354791,-2.70772244025862e-15
COPD,22,7,686,MELD_lambda1_afproj,-0.0104776741243132,-1.39021204753363e-15
COPD,22,7,686,EUR,-0.0168474356804862,-5.32082625078833e-15
COPD,22,7,686,EAS,-0.00979222304285001,-4.54394029993619e-15
COPD,22,7,686,AFR,-0.0313666600505905,-1.97017071527003e-15
COPD,22,7,686,CSA,-0.00646781122368568,-2.08428111416716e-15
COPD,22,7,686,AMR,-0.00506399943221527,-6.89783176614124e-15
COPD,22,8,644,MELD_lambda0_afproj,-0.0472571388861211,-8.24225421356131e-16
COPD,22,8,644,MELD_lambda0_reportN,-0.0459967120843773,-1.29229473475794e-15
COPD,22,8,644,MELD_lambda0_equal,-0.0253310142860777,-4.84137314917161e-16
COPD,22,8,644,MELD_lambda1_afproj,-0.04405301712369,-1.56938429872406e-15
COPD,22,8,644,EUR,-0.0504047834015474,-1.93760259347301e-15
COPD,22,8,644,EAS,-0.183983190619117,-2.01722369714266e-15
COPD,22,8,644,AFR,-0.0326300616063175,-1.46202471287873e-15
COPD,22,8,644,CSA,-0.0435668380982622,-1.54120869138995e-15
COPD,22,8,644,AMR,-0.157769446785931,-6.54347728563633e-15
COPD,22,9,590,MELD_lambda0_afproj,-0.00251728936416588,-3.31093428538795e-15
COPD,22,9,590,MELD_lambda0_reportN,-0.00261340070834294,-1.56482866635964e-15
COPD,22,9,590,MELD_lambda0_equal,-0.000300725895491193,-2.8819462296702e-16
COPD,22,9,590,MELD_lambda1_afproj,-0.00226000126251661,-1.14864644088213e-15
COPD,22,9,590,EUR,-0.00744043326320427,-3.04857433249057e-15
COPD,22,9,590,EAS,-0.0219275053264832,-3.54171607622259e-15
COPD,22,9,590,AFR,-0.00795342130991175,-1.36316520587825e-15
COPD,22,9,590,CSA,-0.0239215464049284,-3.21569013105647e-15
COPD,22,9,590,AMR,-0.0159279355642224,-6.39339729314466e-15
COPD,22,10,516,MELD_lambda0_afproj,-0.00793536920730327,-2.28388212538035e-15
COPD,22,10,516,MELD_lambda0_reportN,-0.0079631562526723,-2.7055186560248e-15
COPD,22,10,516,MELD_lambda0_equal,-0.00384990020796128,-1.11709420355191e-15
COPD,22,10,516,MELD_lambda1_afproj,-0.00760876924948199,-2.54787483707416e-15
COPD,22,10,516,EUR,-0.0142613188464477,-4.36171002019177e-15
COPD,22,10,516,EAS,-0.014617580840429,-3.28428598752565e-15
COPD,22,10,516,AFR,-0.018541148152831,-1.77628019721514e-15
COPD,22,10,516,CSA,-0.017820191730174,-2.54373275157164e-15
COPD,22,10,516,AMR,-0.0269395363430676,-4.07529407900573e-15
COPD,22,11,358,MELD_lambda0_afproj,-0.00972284817114706,-1.4366476340714e-15
COPD,22,11,358,MELD_lambda0_reportN,-0.00925263936405317,-1.83241176043865e-15
COPD,22,11,358,MELD_lambda0_equal,-0.00353561356251651,-1.24780296068635e-15
COPD,22,11,358,MELD_lambda1_afproj,-0.0082225761828602,-1.82488033714386e-15
COPD,22,11,358,EUR,-0.0173962661843764,-3.32917258769877e-15
COPD,22,11,358,EAS,-0.0246717709156313,-3.94309463081118e-15
COPD,22,11,358,AFR,-0.00606484708926442,-1.59836710937466e-15
COPD,22,11,358,CSA,-0.0240857568282801,-3.41093290990941e-15
COPD,22,11,358,AMR,-0.0143901823527035,-5.20073087036357e-15
COPD,22,12,838,MELD_lambda0_afproj,-0.00311028037787899,-2.38716951905697e-15
COPD,22,12,838,MELD_lambda0_reportN,-0.00317946864157264,-2.5233317370158e-15
COPD,22,12,838,MELD_lambda0_equal,-0.00103009034619581,-1.68662398363946e-15
COPD,22,12,838,MELD_lambda1_afproj,-0.00302552599924486,-2.52347644309646e-15
COPD,22,12,838,EUR,-0.00976863822881902,-3.73412746883231e-15
COPD,22,12,838,EAS,-0.00821312526414264,-4.04034856037164e-15
COPD,22,12,838,AFR,-0.0137666246728708,-2.7161260525172e-15
COPD,22,12,838,CSA,-0.0104744194037747,-3.17225249078045e-15
COPD,22,12,838,AMR,-0.0243866885745454,-9.33494794383584e-15
COPD,22,13,504,MELD_lambda0_afproj,-0.0171447183922117,-1.775211858303e-15
COPD,22,13,504,MELD_lambda0_reportN,-0.0169945053728715,-1.54835448421443e-15
COPD,22,13,504,MELD_lambda0_equal,-0.0123235374370953,-1.03925896551557e-15
COPD,22,13,504,MELD_lambda1_afproj,-0.0160599061771254,-2.27986563891114e-15
COPD,22,13,504,EUR,-0.026416234556278,-3.75326709227377e-15
COPD,22,13,504,EAS,-0.0194553157988949,-3.36275103210374e-15
COPD,22,13,504,AFR,-0.0347892208110074,-1.19181372011881e-15
COPD,22,13,504,CSA,-0.0240107215947384,-3.94881019425864e-15
COPD,22,13,504,AMR,-0.0546763701353334,-4.29586818109776e-15
COPD,22,14,704,MELD_lambda0_afproj,-0.00343382788231911,-1.93510495241535e-15
COPD,22,14,704,MELD_lambda0_reportN,-0.00355991320418398,-1.67321202562862e-15
COPD,22,14,704,MELD_lambda0_equal,-0.000300197815950807,-3.12636426354413e-15
COPD,22,14,704,MELD_lambda1_afproj,-0.00324679152998149,-1.67533008298582e-15
COPD,22,14,704,EUR,-0.00859613511451439,-3.89097705142418e-15
COPD,22,14,704,EAS,-0.00848162576680977,-4.27571965639057e-15
COPD,22,14,704,AFR,-0.043777883418488,-2.19424996654077e-15
COPD,22,14,704,CSA,-0.00979589465310704,-3.09059026748251e-15
COPD,22,14,704,AMR,-0.0102739506870475,-5.74317758690971e-15
COPD,22,15,523,MELD_lambda0_afproj,-0.0027360815756399,-1.24046151448468e-15
COPD,22,15,523,MELD_lambda0_reportN,-0.00279209544748744,-2.06999732657121e-15
COPD,22,15,523,MELD_lambda0_equal,-0.000491328271813637,-2.99480940224574e-15
COPD,22,15,523,MELD_lambda1_afproj,-0.0026770513249533,-1.88417699141956e-15
COPD,22,15,523,EUR,-0.00755267828189393,-3.0404241813049e-15
COPD,22,15,523,EAS,-0.00448617085103581,-3.30528742958008e-15
COPD,22,15,523,AFR,-0.00327036970625193,-1.51384286273059e-15
COPD,22,15,523,CSA,-0.00553147251158103,-3.96270862158879e-15
COPD,22,15,523,AMR,-0.00612085686967234,-6.22760332398012e-15
COPD,22,16,289,MELD_lambda0_afproj,-0.000993201330290499,-4.3725597456517e-16
COPD,22,16,289,MELD_lambda0_reportN,-0.00097051394316014,-4.41537110734302e-16
COPD,22,16,289,MELD_lambda0_equal,-6.46821610136664e-05,-6.6538704458411e-16
COPD,22,16,289,MELD_lambda1_afproj,-0.000923873679499988,-2.97042181665041e-15
COPD,22,16,289,EUR,-0.00281073170732001,-1.0761367927681e-15
COPD,22,16,289,EAS,-0.0186065765147126,-1.43700805435844e-15
COPD,22,16,289,AFR,-0.000826056132701734,-5.34914783096943e-16
COPD,22,16,289,CSA,-0.00617323233047115,-1.63710287988292e-15
COPD,22,16,289,AMR,-0.0111223383942738,-1.44769395550322e-15
COPD,22,17,424,MELD_lambda0_afproj,-0.00499312497089612,-4.89784346798736e-15
COPD,22,17,424,MELD_lambda0_reportN,-0.00500083816486961,-5.29391251657601e-15
COPD,22,17,424,MELD_lambda0_equal,-0.00102794321336539,-2.15307876109464e-15
COPD,22,17,424,MELD_lambda1_afproj,-0.00460540915963865,-2.88472017716636e-15
COPD,22,17,424,EUR,-0.0194675662756037,-8.61846470210642e-15
COPD,22,17,424,EAS,-0.0285155894202767,-5.67484192156696e-15
COPD,22,17,424,AFR,-0.0251593786614177,-5.16858220352929e-15
COPD,22,17,424,CSA,-0.0141847494394074,-8.68827217340746e-15
COPD,22,17,424,AMR,-0.0164188554519396,-1.17835136911998e-14
COPD,22,18,319,MELD_lambda0_afproj,-0.000714918677716139,-1.49372854762291e-15
COPD,22,18,319,MELD_lambda0_reportN,-0.000727519877729633,-1.45749832364506e-15
COPD,22,18,319,MELD_lambda0_equal,-0.000277006339857157,-2.37293111020748e-16
COPD,22,18,319,MELD_lambda1_afproj,-0.00057206984240614,-1.1903643580221e-15
COPD,22,18,319,EUR,-0.00565685766289716,-1.97254630080768e-15
COPD,22,18,319,EAS,-0.00584016080162575,-2.20045315845055e-15
COPD,22,18,319,AFR,-0.00527332888996489,-1.57203512686035e-15
COPD,22,18,319,CSA,-0.00305775385517088,-1.75067585854688e-15
COPD,22,18,319,AMR,-0.00693137446987101,-2.33814941893229e-15
COPD,22,19,658,MELD_lambda0_afproj,-0.0062693749483303,-2.58963085773199e-15
COPD,22,19,658,MELD_lambda0_reportN,-0.00640310388096479,-2.51243277042757e-15
COPD,22,19,658,MELD_lambda0_equal,-0.00064941483343072,-1.68768797208791e-15
COPD,22,19,658,MELD_lambda1_afproj,-0.00613181285990921,-2.08912890842009e-15
COPD,22,19,658,EUR,-0.0141906653392766,-3.41742748572856e-15
COPD,22,19,658,EAS,-0.0158159511577055,-5.0739082644967e-15
COPD,22,19,658,AFR,-0.0110449894878551,-1.77218296629427e-15
COPD,22,19,658,CSA,-0.013573173969036,-3.88904163435492e-15
COPD,22,19,658,AMR,-0.0192930793721984,-1.78653662905806e-14
COPD,22,20,573,MELD_lambda0_afproj,-0.0296627906360784,-1.9105132163101e-15
COPD,22,20,573,MELD_lambda0_reportN,-0.0303337850325366,-8.63509575480313e-16
COPD,22,20,573,MELD_lambda0_equal,-0.0130859743671275,-6.66642577179137e-16
COPD,22,20,573,MELD_lambda1_afproj,-0.0274533762225136,-2.14546562757963e-15
COPD,22,20,573,EUR,-0.0573233379728875,-1.7785492702619e-15
COPD,22,20,573,EAS,-0.0947030948966208,-2.26191843216672e-15
COPD,22,20,573,AFR,-0.249766920603992,-1.43384925359934e-15
COPD,22,20,573,CSA,-0.111176407317933,-3.00846340848263e-15
COPD,22,20,573,AMR,-0.135470373509099,-4.75220229945007e-15
COPD,22,21,332,MELD_lambda0_afproj,-0.000831744269481577,1.44701445196239e-17
COPD,22,21,332,MELD_lambda0_reportN,-0.000862660629556011,-7.91195435143463e-16
COPD,22,21,332,MELD_lambda0_equal,-5.17300333282038e-05,-2.97647509020506e-16
COPD,22,21,332,MELD_lambda1_afproj,-0.00079629207659263,-3.81816268981847e-16
COPD,22,21,332,EUR,-0.00245447564569201,-1.11895292228515e-15
COPD,22,21,332,EAS,-0.00229930788999535,-1.82531801326905e-15
COPD,22,21,332,AFR,-1.11881748986897e-16,-1.98656735271958e-16
COPD,22,21,332,CSA,-0.0010402810754917,-8.6070821673601e-16
COPD,22,21,332,AMR,-0.000758713062545518,-7.29668463402289e-16
COPD,22,22,641,MELD_lambda0_afproj,-0.0201050549821306,-1.5798155565251e-15
COPD,22,22,641,MELD_lambda0_reportN,-0.0200471099863382,-1.84037876253991e-15
COPD,22,22,641,MELD_lambda0_equal,-0.00582745886602128,-5.34053211858554e-16
COPD,22,22,641,MELD_lambda1_afproj,-0.0190784514484727,-1.211514636722e-15
COPD,22,22,641,EUR,-0.0364348980507537,-3.9994611805807e-15
COPD,22,22,641,EAS,-0.0389429624618675,-2.74715897721371e-15
COPD,22,22,641,AFR,-0.0233596756421288,-1.16878406329752e-15
COPD,22,22,641,CSA,-0.0429640786745594,-2.06938305385441e-15
COPD,22,22,641,AMR,-0.0690001891504037,-6.25633181597014e-15
COPD,22,23,525,MELD_lambda0_afproj,-0.0644736165592577,-6.95269239326215e-16
COPD,22,23,525,MELD_lambda0_reportN,-0.0671531704628658,-5.73450869681786e-16
COPD,22,23,525,MELD_lambda0_equal,-0.044173063703486,-1.12126853197449e-15
COPD,22,23,525,MELD_lambda1_afproj,-0.0526555508639074,-1.22031006900402e-15
COPD,22,23,525,EUR,-0.129345493292827,-1.68907132025021e-15
COPD,22,23,525,EAS,-0.030065277672557,-1.49056637913733e-15
COPD,22,23,525,AFR,-0.452278519556259,-7.72818138056621e-16
COPD,22,23,525,CSA,-0.0615425499374494,-1.81644579101684e-15
COPD,22,23,525,AMR,-0.387130035039328,-2.66153668366549e-15
COPD,22,24,422,MELD_lambda0_afproj,-0.00527716186104918,-6.69753931435256e-16
COPD,22,24,422,MELD_lambda0_reportN,-0.00534386846181536,-1.04854938506366e-15
COPD,22,24,422,MELD_lambda0_equal,-0.00387914007605663,-1.16886041579354e-15
COPD,22,24,422,MELD_lambda1_afproj,-0.00502653677720695,-8.06912664384041e-16
COPD,22,24,422,EUR,-0.00875900184284672,-1.92452185463112e-15
COPD,22,24,422,EAS,-0.0160083272587283,-2.10329872313129e-15
COPD,22,24,422,AFR,-0.0119667535373412,-3.27319980351226e-15
COPD,22,24,422,CSA,-0.00907219923117306,-1.99171113535312e-15
COPD,22,24,422,AMR,-0.0161063747957831,-1.79745861512241e-15
Gout,22,1,181,MELD_lambda0_afproj,-0.000696242056553667,-6.83003217215557e-16
Gout,22,1,181,MELD_lambda0_reportN,-0.000699426456102841,-7.6915200057679e-16
Gout,22,1,181,MELD_lambda0_equal,-5.92680957259723e-05,-6.71979320653624e-16
Gout,22,1,181,MELD_lambda1_afproj,-0.000612674283289629,-1.59734241744115e-15
Gout,22,1,181,EUR,-0.00433034351656593,-1.3915399289708e-15
Gout,22,1,181,EAS,-0.00162825032756306,-1.36792547134013e-15
Gout,22,1,181,AFR,-0.000820850598532929,-1.33343610055782e-15
Gout,22,1,181,CSA,-0.000687230246234572,-1.21029449116713e-15
Gout,22,1,181,AMR,-0.000171344770156974,-3.21515356218445e-15
Gout,22,2,215,MELD_lambda0_afproj,-2.48649640858777e-05,-4.72982874346609e-16
Gout,22,2,215,MELD_lambda0_reportN,-2.3342897847716e-05,-9.26479766720424e-16
Gout,22,2,215,MELD_lambda0_equal,-0.000111587282897563,-6.81039595406409e-16
Gout,22,2,215,MELD_lambda1_afproj,-2.41444197664589e-05,-2.1027665080096e-15
Gout,22,2,215,EUR,-0.0109447066004592,-1.35630569092277e-15
Gout,22,2,215,EAS,-0.017378872974599,-2.00463764980898e-15
Gout,22,2,215,AFR,-2.69145123418635e-16,-7.11900810137371e-16
Gout,22,2,215,CSA,-0.015543610028112,-1.19005643872604e-15
Gout,22,2,215,AMR,-0.0356449201532101,-1.77995012544944e-15
Gout,22,3,567,MELD_lambda0_afproj,-0.0239950160064675,-1.78332597838799e-15
Gout,22,3,567,MELD_lambda0_reportN,-0.0232242585370773,-2.48138843099357e-15
Gout,22,3,567,MELD_lambda0_equal,-0.0195219989128237,-1.64683083939897e-15
Gout,22,3,567,MELD_lambda1_afproj,-0.0233960952511052,-1.86694409027652e-15
Gout,22,3,567,EUR,-0.0260180082667721,-3.33327062793265e-15
Gout,22,3,567,EAS,-0.0506831343990887,-3.19064955614685e-15
Gout,22,3,567,AFR,-0.102796449439097,-3.49752482316613e-15
Gout,22,3,567,CSA,-0.0175967783242113,-3.20741084298736e-15
Gout,22,3,567,AMR,-0.0489175652765595,-4.14464010080836e-15
Gout,22,4,602,MELD_lambda0_afproj,-0.0348178026566805,-3.68489172945903e-15
Gout,22,4,602,MELD_lambda0_reportN,-0.0336955841954081,-3.82993668105066e-15
Gout,22,4,602,MELD_lambda0_equal,-0.0249212940971425,-1.9089098510528e-15
Gout,22,4,602,MELD_lambda1_afproj,-0.0336129615540791,-3.84674293213951e-15
Gout,22,4,602,EUR,-0.038375491772442,-5.88260777013733e-15
Gout,22,4,602,EAS,-0.0660882138320132,-5.2259240945019e-15
Gout,22,4,602,AFR,-0.036905167776402,-2.33540972533034e-15
Gout,22,4,602,CSA,-0.0659553314507019,-4.73419947595995e-15
Gout,22,4,602,AMR,-0.0543908882057983,-8.19762918658469e-15
Gout,22,5,221,MELD_lambda0_afproj,-0.000625685068980893,-5.74705805088735e-16
Gout,22,5,221,MELD_lambda0_reportN,-0.000624920261583058,-1.24716639297993e-15
Gout,22,5,221,MELD_lambda0_equal,-0.000852121235866485,-1.10200646647401e-15
Gout,22,5,221,MELD_lambda1_afproj,-0.000562577883245654,-1.16731844221636e-15
Gout,22,5,221,EUR,-0.00289699291349008,-2.01280305182477e-15
Gout,22,5,221,EAS,-0.0229598876607288,-3.28886092939226e-15
Gout,22,5,221,AFR,-0.00563670950383262,-1.27035736960313e-15
Gout,22,5,221,CSA,-0.0121281820614027,-1.6302590780115e-15
Gout,22,5,221,AMR,-0.00837650417624404,-1.62290839449312e-15
Gout,22,6,364,MELD_lambda0_afproj,-0.0134771432469544,-7.31535448673921e-16
Gout,22,6,364,MELD_lambda0_reportN,-0.0128944423468821,-1.29000684739479e-15
Gout,22,6,364,MELD_lambda0_equal,-0.00407852919612118,-4.54824272942635e-16
Gout,22,6,364,MELD_lambda1_afproj,-0.012947738150934,-9.42376126557988e-16
Gout,22,6,364,EUR,-0.0220174627239706,-3.42187087655822e-15
Gout,22,6,364,EAS,-0.0182420953271476,-2.372420952396e-15
Gout,22,6,364,AFR,-0.010865675520464,-1.60396974428682e-15
Gout,22,6,364,CSA,-0.0251951734293936,-3.11188233484084e-15
Gout,22,6,364,AMR,-0.0365505186015501,-2.95177698308048e-15
Gout,22,7,688,MELD_lambda0_afproj,-0.0105152498719057,-1.38218342838327e-15
Gout,22,7,688,MELD_lambda0_reportN,-0.0103337056231687,-4.26808874261936e-15
Gout,22,7,688,MELD_lambda0_equal,-0.00060813953826751,-9.10681951052419e-16
Gout,22,7,688,MELD_lambda1_afproj,-0.0102111276128102,-1.75389321962926e-15
Gout,22,7,688,EUR,-0.0168519067112707,-4.18114612972303e-15
Gout,22,7,688,EAS,-0.00979514204473146,-7.65290511511367e-15
Gout,22,7,688,AFR,-0.0314494752977452,-5.55478053617387e-15
Gout,22,7,688,CSA,-0.0064702102077129,-4.78287951077945e-15
Gout,22,7,688,AMR,-0.00519252718708415,-1.16780117835832e-14
Gout,22,8,646,MELD_lambda0_afproj,-0.0470791721363322,-8.91039983107591e-16
Gout,22,8,646,MELD_lambda0_reportN,-0.0461972872237969,-1.43221588452193e-15
Gout,22,8,646,MELD_lambda0_equal,-0.0262675190394154,-9.25903467412084e-16
Gout,22,8,646,MELD_lambda1_afproj,-0.0439080502851889,-1.10899102380666e-15
Gout,22,8,646,EUR,-0.0510779957948165,-1.89820138834055e-15
Gout,22,8,646,EAS,-0.184296601868695,-2.97699423320493e-15
Gout,22,8,646,AFR,-0.0327229196637497,-1.10535512969939e-15
Gout,22,8,646,CSA,-0.043852497593625,-2.16512435242809e-15
Gout,22,8,646,AMR,-0.157946582694679,-4.58350120938867e-15
Gout,22,9,591,MELD_lambda0_afproj,-0.00241457958698492,-1.58906979267584e-15
Gout,22,9,591,MELD_lambda0_reportN,-0.00255115255712626,-1.63659903785753e-15
Gout,22,9,591,MELD_lambda0_equal,-0.00030220610360261,-1.32956803068315e-15
Gout,22,9,591,MELD_lambda1_afproj,-0.00216346867731756,-1.04554827965109e-15
Gout,22,9,591,EUR,-0.00744047040486683,-3.51123681309251e-15
Gout,22,9,591,EAS,-0.0219278744055131,-3.75932568006157e-15
Gout,22,9,591,AFR,-0.00795796772173503,-2.10389612420505e-15
Gout,22,9,591,CSA,-0.0239699859294911,-2.77702437888126e-15
Gout,22,9,591,AMR,-0.0159279355642219,-5.44978821263614e-15
Gout,22,10,519,MELD_lambda0_afproj,-0.0268265649024545,-2.14986255532581e-15
Gout,22,10,519,MELD_lambda0_reportN,-0.0248761423112403,-2.01846962317993e-15
Gout,22,10,519,MELD_lambda0_equal,-0.071211876313921,-1.10993675643158e-15
Gout,22,10,519,MELD_lambda1_afproj,-0.0256913661963289,-1.57624140019877e-15
Gout,22,10,519,EUR,-0.031822663087178,-3.99881948664015e-15
Gout,22,10,519,EAS,-0.104351714738253,-3.23220496803736e-15
Gout,22,10,519,AFR,-0.128905529350106,-1.93361893949212e-15
Gout,22,10,519,CSA,-0.237431393781535,-2.46303301237273e-15
Gout,22,10,519,AMR,-0.186112898623151,-3.58009504759657e-15
Gout,22,11,358,MELD_lambda0_afproj,-0.00952431852820722,-1.55855268951394e-15
Gout,22,11,358,MELD_lambda0_reportN,-0.00903677850907886,-1.440341042484e-15
Gout,22,11,358,MELD_lambda0_equal,-0.00353561356251651,-1.24780296068635e-15
Gout,22,11,358,MELD_lambda1_afproj,-0.00804813447344271,-1.11185929889633e-15
Gout,22,11,358,EUR,-0.0173962661843764,-3.32917258769877e-15
Gout,22,11,358,EAS,-0.0246717709156313,-3.94309463081118e-15
Gout,22,11,358,AFR,-0.00606484708926442,-1.59836710937466e-15
Gout,22,11,358,CSA,-0.0240857568282801,-3.41093290990941e-15
Gout,22,11,358,AMR,-0.0143901823527035,-5.20073087036357e-15
Gout,22,12,843,MELD_lambda0_afproj,-0.00302815552103452,-1.30937045606841e-15
Gout,22,12,843,MELD_lambda0_reportN,-0.00313744201962418,-1.87581659596256e-15
Gout,22,12,843,MELD_lambda0_equal,-0.0010322476334354,-1.56996753511324e-15
Gout,22,12,843,MELD_lambda1_afproj,-0.00294333011347953,-1.70327667262946e-15
Gout,22,12,843,EUR,-0.00949309904969958,-5.94647365941634e-15
Gout,22,12,843,EAS,-0.00827380255143212,-5.39148032772581e-15
Gout,22,12,843,AFR,-0.0138566934424467,-3.32918817878487e-15
Gout,22,12,843,CSA,-0.010653981711203,-2.97957839735136e-15
Gout,22,12,843,AMR,-0.0246352377792986,-7.79917259452294e-15
Gout,22,13,505,MELD_lambda0_afproj,-0.0168937306101458,-2.0396108691657e-15
Gout,22,13,505,MELD_lambda0_reportN,-0.0168051545153297,-1.5730403669322e-15
Gout,22,13,505,MELD_lambda0_equal,-0.0123237912866123,-1.13116363088794e-15
Gout,22,13,505,MELD_lambda1_afproj,-0.0157949561704497,-2.51526242546343e-15
Gout,22,13,505,EUR,-0.0265944000636431,-4.06634989905526e-15
Gout,22,13,505,EAS,-0.0194564152375145,-3.14075610889008e-15
Gout,22,13,505,AFR,-0.0347917947827081,-1.60701773017192e-15
Gout,22,13,505,CSA,-0.0240117001570192,-4.64788918178378e-15
Gout,22,13,505,AMR,-0.0547952265779822,-4.50004451786957e-15
Gout,22,14,706,MELD_lambda0_afproj,-0.00331351435519423,-1.53140517704215e-15
Gout,22,14,706,MELD_lambda0_reportN,-0.00349950917604659,-2.28974111239344e-15
Gout,22,14,706,MELD_lambda0_equal,-0.0003034490408458,-1.607766419958e-15
Gout,22,14,706,MELD_lambda1_afproj,-0.00312089048883002,-1.57222416473559e-15
Gout,22,14,706,EUR,-0.00860479340509062,-4.28643628635855e-15
Gout,22,14,706,EAS,-0.0085012301370603,-3.85045692396563e-15
Gout,22,14,706,AFR,-0.0438380948582518,-1.93248391253958e-15
Gout,22,14,706,CSA,-0.00980650630465436,-5.23604762030809e-15
Gout,22,14,706,AMR,-0.0103014354640923,-6.02401722525847e-15
Gout,22,15,523,MELD_lambda0_afproj,-0.00264472413035104,-2.21657381037065e-15
Gout,22,15,523,MELD_lambda0_reportN,-0.00273106180246556,-1.22428453842547e-15
Gout,22,15,523,MELD_lambda0_equal,-0.000491328271813637,-2.99480940224574e-15
Gout,22,15,523,MELD_lambda1_afproj,-0.00258631815788724,-1.60785107173989e-15
Gout,22,15,523,EUR,-0.00755267828189393,-3.0404241813049e-15
Gout,22,15,523,EAS,-0.00448617085103581,-3.30528742958008e-15
Gout,22,15,523,AFR,-0.00327036970625193,-1.51384286273059e-15
Gout,22,15,523,CSA,-0.00553147251158103,-3.96270862158879e-15
Gout,22,15,523,AMR,-0.00612085686967234,-6.22760332398012e-15
Gout,22,16,289,MELD_lambda0_afproj,-0.000956939027058315,-7.19688959412233e-16
Gout,22,16,289,MELD_lambda0_reportN,-0.000944716758280029,-2.4852941605518e-16
Gout,22,16,289,MELD_lambda0_equal,-6.46821610136664e-05,-6.6538704458411e-16
Gout,22,16,289,MELD_lambda1_afproj,-0.000892652460992324,-8.59040175336378e-16
Gout,22,16,289,EUR,-0.00281073170732001,-1.0761367927681e-15
Gout,22,16,289,EAS,-0.0186065765147126,-1.43700805435844e-15
Gout,22,16,289,AFR,-0.000826056132701734,-5.34914783096943e-16
Gout,22,16,289,CSA,-0.00617323233047115,-1.63710287988292e-15
Gout,22,16,289,AMR,-0.0111223383942738,-1.44769395550322e-15
Gout,22,17,427,MELD_lambda0_afproj,-0.00495704862613708,-4.43775602473942e-15
Gout,22,17,427,MELD_lambda0_reportN,-0.00502537103137322,-4.1574568748647e-15
Gout,22,17,427,MELD_lambda0_equal,-0.00103008219921188,-3.78994284003038e-15
Gout,22,17,427,MELD_lambda1_afproj,-0.00453401110869221,-2.26935429470828e-15
Gout,22,17,427,EUR,-0.0194701939074874,-7.9280541328654e-15
Gout,22,17,427,EAS,-0.0286520380556592,-1.1486774744322e-14
Gout,22,17,427,AFR,-0.0254475232983087,-5.89653656597445e-15
Gout,22,17,427,CSA,-0.0143893645862822,-1.65400958571255e-14
Gout,22,17,427,AMR,-0.0165654512827619,-1.87894693176987e-14
Gout,22,18,320,MELD_lambda0_afproj,-0.000697292087328367,-1.07574194967802e-15
Gout,22,18,320,MELD_lambda0_reportN,-0.000720731895766827,-5.95531993621953e-16
Gout,22,18,320,MELD_lambda0_equal,-0.000277036547620272,-1.04361594424368e-15
Gout,22,18,320,MELD_lambda1_afproj,-0.000558830173397823,-4.79989710068654e-15
Gout,22,18,320,EUR,-0.00593812925732672,-2.71447660704933e-15
Gout,22,18,320,EAS,-0.00584595386353915,-8.54244703700645e-15
Gout,22,18,320,AFR,-0.00529485953457594,-1.19316352491613e-15
Gout,22,18,320,CSA,-0.00308150953692975,-2.29586951998979e-15
Gout,22,18,320,AMR,-0.00698760055487328,-2.58640086125422e-15
Gout,22,19,658,MELD_lambda0_afproj,-0.00609388494531544,-2.18372315875353e-15
Gout,22,19,658,MELD_lambda0_reportN,-0.00629894638723811,-2.03707581345551e-15
Gout,22,19,658,MELD_lambda0_equal,-0.00064941483343072,-1.68768797208791e-15
Gout,22,19,658,MELD_lambda1_afproj,-0.00595680048059492,-1.97766808573624e-15
Gout,22,19,658,EUR,-0.0141906653392766,-3.41742748572856e-15
Gout,22,19,658,EAS,-0.0158159511577055,-5.0739082644967e-15
Gout,22,19,658,AFR,-0.0110449894878551,-1.77218296629427e-15
Gout,22,19,658,CSA,-0.013573173969036,-3.88904163435492e-15
Gout,22,19,658,AMR,-0.0192930793721984,-1.78653662905806e-14
Gout,22,20,573,MELD_lambda0_afproj,-0.0287942596099183,-4.86225524622414e-16
Gout,22,20,573,MELD_lambda0_reportN,-0.0298237621360585,-1.81558221737107e-15
Gout,22,20,573,MELD_lambda0_equal,-0.0130859743671275,-6.66642577179137e-16
Gout,22,20,573,MELD_lambda1_afproj,-0.0265883715488747,-1.58144361630403e-15
Gout,22,20,573,EUR,-0.0573233379728875,-1.7785492702619e-15
Gout,22,20,573,EAS,-0.0947030948966208,-2.26191843216672e-15
Gout,22,20,573,AFR,-0.249766920603992,-1.43384925359934e-15
Gout,22,20,573,CSA,-0.111176407317933,-3.00846340848263e-15
Gout,22,20,573,AMR,-0.135470373509099,-4.75220229945007e-15
Gout,22,21,332,MELD_lambda0_afproj,-0.000790990574890876,7.30727094765104e-17
Gout,22,21,332,MELD_lambda0_reportN,-0.000838542617805856,-6.17255440393409e-16
Gout,22,21,332,MELD_lambda0_equal,-5.17300333282038e-05,-2.97647509020506e-16
Gout,22,21,332,MELD_lambda1_afproj,-0.000750517283779601,-1.13383330471325e-16
Gout,22,21,332,EUR,-0.00245447564569201,-1.11895292228515e-15
Gout,22,21,332,EAS,-0.00229930788999535,-1.82531801326905e-15
Gout,22,21,332,AFR,-1.11881748986897e-16,-1.98656735271958e-16
Gout,22,21,332,CSA,-0.0010402810754917,-8.6070821673601e-16
Gout,22,21,332,AMR,-0.000758713062545518,-7.29668463402289e-16
Gout,22,22,641,MELD_lambda0_afproj,-0.0195473787283912,-9.59346754738383e-16
Gout,22,22,641,MELD_lambda0_reportN,-0.0196379058866933,-2.15769886647279e-15
Gout,22,22,641,MELD_lambda0_equal,-0.00582745886602128,-5.34053211858554e-16
Gout,22,22,641,MELD_lambda1_afproj,-0.0185312711257471,-1.04761153116224e-15
Gout,22,22,641,EUR,-0.0364348980507537,-3.9994611805807e-15
Gout,22,22,641,EAS,-0.0389429624618675,-2.74715897721371e-15
Gout,22,22,641,AFR,-0.0233596756421288,-1.16878406329752e-15
Gout,22,22,641,CSA,-0.0429640786745594,-2.06938305385441e-15
Gout,22,22,641,AMR,-0.0690001891504037,-6.25633181597014e-15
Gout,22,23,531,MELD_lambda0_afproj,-0.0626420951660367,-1.22571812481964e-15
Gout,22,23,531,MELD_lambda0_reportN,-0.0663837934169984,-3.45666386418059e-16
Gout,22,23,531,MELD_lambda0_equal,-0.0445522417735928,-1.23033621485944e-15
Gout,22,23,531,MELD_lambda1_afproj,-0.0510521969138182,-6.27988116427359e-16
Gout,22,23,531,EUR,-0.129701110208011,-1.87411448810656e-15
Gout,22,23,531,EAS,-0.0300990113249253,-1.90621541032193e-15
Gout,22,23,531,AFR,-0.45235758124747,-6.5436538974949e-16
Gout,22,23,531,CSA,-0.0616484640352795,-1.22690014263027e-15
Gout,22,23,531,AMR,-0.388646116351309,-6.301149743162e-15
Gout,22,24,422,MELD_lambda0_afproj,-0.00518938231157126,-4.56913393908698e-16
Gout,22,24,422,MELD_lambda0_reportN,-0.00529553614119956,-8.57887649347166e-16
Gout,22,24,422,MELD_lambda0_equal,-0.00387914007605663,-1.16886041579354e-15
Gout,22,24,422,MELD_lambda1_afproj,-0.00494049905273646,-8.94341426191026e-16
Gout,22,24,422,EUR,-0.00875900184284672,-1.92452185463112e-15
Gout,22,24,422,EAS,-0.0160083272587283,-2.10329872313129e-15
Gout,22,24,422,AFR,-0.0119667535373412,-3.27319980351226e-15
Gout,22,24,422,CSA,-0.00907219923117306,-1.99171113535312e-15
Gout,22,24,422,AMR,-0.0161063747957831,-1.79745861512241e-15
HF,22,1,119,MELD_lambda0_afproj,-0.000267208540112772,-1.62479427378441e-15
HF,22,1,119,MELD_lambda0_reportN,-0.000283079888901768,-8.77854320341251e-16
HF,22,1,119,MELD_lambda0_equal,-2.90283079624613e-05,-9.20988783317385e-17
HF,22,1,119,MELD_lambda1_afproj,-0.000259363050295441,-7.54241680223407e-16
HF,22,1,119,EUR,-0.00405304538148571,-1.45330726096897e-15
HF,22,1,119,EAS,-0.00136842645937197,-9.22308920876768e-16
HF,22,1,119,AFR,-0.000629299729955144,-7.23818042965319e-16
HF,22,1,119,CSA,-0.000418865611043021,-1.08190326450786e-15
HF,22,1,119,AMR,-6.62253187980989e-05,-2.42774083431369e-15
HF,22,2,176,MELD_lambda0_afproj,-1.29772552344316e-05,-3.0969698128971e-16
HF,22,2,176,MELD_lambda0_reportN,-1.19831593746312e-05,-5.29603822591067e-16
HF,22,2,176,MELD_lambda0_equal,-9.29658690276502e-05,-9.22955506795847e-16
HF,22,2,176,MELD_lambda1_afproj,-1.25652021238251e-05,-6.91285990764192e-16
HF,22,2,176,EUR,-0.00110706642633345,-1.38805706707895e-15
HF,22,2,176,EAS,-0.00784600038905828,-1.84269930870899e-15
HF,22,2,176,AFR,-8.1680023734335e-16,-6.24032093051103e-16
HF,22,2,176,CSA,-0.00247671067894253,-1.06616074338965e-15
HF,22,2,176,AMR,-0.00175494312200407,-1.27016953270847e-15
HF,22,3,528,MELD_lambda0_afproj,-0.0236208294237719,-2.10094918143873e-15
HF,22,3,528,MELD_lambda0_reportN,-0.0226928889625855,-2.2340404666047e-15
HF,22,3,528,MELD_lambda0_equal,-0.0195704001503836,-1.98579221690081e-15
HF,22,3,528,MELD_lambda1_afproj,-0.0230952999381922,-2.92559344594899e-15
HF,22,3,528,EUR,-0.0258862156863873,-3.71478091773849e-15
HF,22,3,528,EAS,-0.0505745268622812,-3.19178552732076e-15
HF,22,3,528,AFR,-0.0999233858089787,-3.5539668243316e-15
HF,22,3,528,CSA,-0.0176308833138249,-3.20139768811406e-15
HF,22,3,528,AMR,-0.0491103345933529,-5.10476038201844e-15
HF,22,4,492,MELD_lambda0_afproj,-0.00997807498972403,-2.874706351971e-15
HF,22,4,492,MELD_lambda0_reportN,-0.00974759751790192,-3.40544171196262e-15
HF,22,4,492,MELD_lambda0_equal,-0.00473148777575938,-1.27265157314301e-15
HF,22,4,492,MELD_lambda1_afproj,-0.00960554218957177,-2.386107265303e-15
HF,22,4,492,EUR,-0.0221488766585932,-4.75075875176503e-15
HF,22,4,492,EAS,-0.0564742477233848,-4.98729036805251e-15
HF,22,4,492,AFR,-0.0282382725242549,-2.42822814029663e-15
HF,22,4,492,CSA,-0.0159290252799916,-4.66906974856285e-15
HF,22,4,492,AMR,-0.019083170039938,-5.62455630954778e-15
HF,22,5,203,MELD_lambda0_afproj,-0.000228662351718117,-1.31657694978766e-15
HF,22,5,203,MELD_lambda0_reportN,-0.000243048257665064,-1.08548610779428e-15
HF,22,5,203,MELD_lambda0_equal,-0.000728973948907636,-6.17825833239816e-16
HF,22,5,203,MELD_lambda1_afproj,-0.000209615039604998,-8.90845139154023e-16
HF,22,5,203,EUR,-0.00100420713957719,-2.35341618327044e-15
HF,22,5,203,EAS,-0.0156783479707344,-1.95769295956315e-15
HF,22,5,203,AFR,-0.00432996301941818,-1.36548700273194e-15
HF,22,5,203,CSA,-0.0114279328773717,-1.22325853031848e-15
HF,22,5,203,AMR,-0.00500659753373803,-1.96231848973084e-15
HF,22,6,313,MELD_lambda0_afproj,-0.0134473231437068,-1.3237524188137e-15
HF,22,6,313,MELD_lambda0_reportN,-0.0127105665936757,-1.02258595915538e-15
HF,22,6,313,MELD_lambda0_equal,-0.00350637111775937,-2.59731121917198e-16
HF,22,6,313,MELD_lambda1_afproj,-0.0130173709902863,-1.05571123467687e-15
HF,22,6,313,EUR,-0.0206686799111529,-2.30519415760832e-15
HF,22,6,313,EAS,-0.0163817285886192,-4.96966763613353e-15
HF,22,6,313,AFR,-0.00664601024458983,-1.27613980419694e-15
HF,22,6,313,CSA,-0.0235271859879609,-1.88896501399249e-15
HF,22,6,313,AMR,-0.0335186761306514,-2.16329557798937e-15
HF,22,7,578,MELD_lambda0_afproj,-0.0099750375874462,-1.93328758363063e-15
HF,22,7,578,MELD_lambda0_reportN,-0.00971301670489662,-2.91620558945912e-15
HF,22,7,578,MELD_lambda0_equal,-0.000559139655538287,-2.91554371823269e-15
HF,22,7,578,MELD_lambda1_afproj,-0.00973441562459867,-2.52076453655485e-15
HF,22,7,578,EUR,-0.014978930564112,-3.33470418750594e-15
HF,22,7,578,EAS,-0.00909702927622503,-3.46952905234192e-15
HF,22,7,578,AFR,-0.026676738915323,-1.12535966684008e-15
HF,22,7,578,CSA,-0.0048590980136078,-2.70255420696096e-15
HF,22,7,578,AMR,-0.00440347164925373,-5.99465833767722e-15
HF,22,8,575,MELD_lambda0_afproj,-0.0386167588775874,-1.16529498355924e-15
HF,22,8,575,MELD_lambda0_reportN,-0.0374730039407008,-1.02509092065745e-15
HF,22,8,575,MELD_lambda0_equal,-0.0217977285269223,-9.22749978950556e-16
HF,22,8,575,MELD_lambda1_afproj,-0.0362969576912152,-1.23211856638304e-15
HF,22,8,575,EUR,-0.0469746168728773,-1.94071199398257e-15
HF,22,8,575,EAS,-0.175071318714871,-2.34996454169633e-15
HF,22,8,575,AFR,-0.0280078595487854,-1.19652842806184e-15
HF,22,8,575,CSA,-0.039100883256384,-2.05249988878147e-15
HF,22,8,575,AMR,-0.148510411561629,-3.63669670386672e-15
HF,22,9,557,MELD_lambda0_afproj,-0.00245198852622283,-1.17563824262719e-15
HF,22,9,557,MELD_lambda0_reportN,-0.00260450080282744,-1.22817176612585e-15
HF,22,9,557,MELD_lambda0_equal,-0.000260959222094925,-3.8894257332211e-16
HF,22,9,557,MELD_lambda1_afproj,-0.00223884153528653,-9.36381245684583e-16
HF,22,9,557,EUR,-0.00716797422054502,-3.45243730388834e-15
HF,22,9,557,EAS,-0.0152180080300147,-3.10027728083706e-15
HF,22,9,557,AFR,-0.00777533073709972,-1.53906551638231e-15
HF,22,9,557,CSA,-0.0230250738842902,-3.17910335404634e-15
HF,22,9,557,AMR,-0.0152845214700285,-5.25998479877649e-15
HF,22,10,512,MELD_lambda0_afproj,-0.026109501727241,-2.29178273670302e-15
HF,22,10,512,MELD_lambda0_reportN,-0.0241070881999452,-2.30416178365509e-15
HF,22,10,512,MELD_lambda0_equal,-0.0708068348511973,-8.69680675084612e-16
HF,22,10,512,MELD_lambda1_afproj,-0.0251202831146464,-2.17509825000078e-15
HF,22,10,512,EUR,-0.0317513813623586,-4.08766799496406e-15
HF,22,10,512,EAS,-0.103529328346731,-3.27288777882134e-15
HF,22,10,512,AFR,-0.127236544488089,-1.37025540729198e-15
HF,22,10,512,CSA,-0.237002558887522,-2.70039332025215e-15
HF,22,10,512,AMR,-0.185316467625407,-4.42078408656883e-15
HF,22,11,331,MELD_lambda0_afproj,-0.00948911295479791,-1.11228164608037e-15
HF,22,11,331,MELD_lambda0_reportN,-0.00891770252717048,-1.2309399241639e-15
HF,22,11,331,MELD_lambda0_equal,-0.00337339871890803,-1.16545981427038e-15
HF,22,11,331,MELD_lambda1_afproj,-0.00812949664361151,-1.39891393474476e-15
HF,22,11,331,EUR,-0.0162891974929505,-3.19959938709528e-15
HF,22,11,331,EAS,-0.0238491648818905,-3.70237279615266e-15
HF,22,11,331,AFR,-0.00536870307179657,-1.52699129282498e-15
HF,22,11,331,CSA,-0.023261701712082,-3.97389603933975e-15
HF,22,11,331,AMR,-0.014059134782175,-3.38202164312753e-15
HF,22,12,763,MELD_lambda0_afproj,-0.00326279954210794,-1.53581811431991e-15
HF,22,12,763,MELD_lambda0_reportN,-0.00333581733845561,-1.91730925781222e-15
HF,22,12,763,MELD_lambda0_equal,-0.000874884657047059,-7.78905852847652e-16
HF,22,12,763,MELD_lambda1_afproj,-0.00318392584044099,-1.69291035515213e-15
HF,22,12,763,EUR,-0.00722830209551604,-4.35279842096763e-15
HF,22,12,763,EAS,-0.00745665332105188,-3.37538407096482e-15
HF,22,12,763,AFR,-0.00974917200792054,-2.05188614950795e-15
HF,22,12,763,CSA,-0.00895580662486769,-7.64091317670924e-15
HF,22,12,763,AMR,-0.0210927367163356,-6.58386341394857e-15
HF,22,13,494,MELD_lambda0_afproj,-0.0137890742028572,-1.62353936450248e-15
HF,22,13,494,MELD_lambda0_reportN,-0.0137186211770785,-1.60527152524592e-15
HF,22,13,494,MELD_lambda0_equal,-0.0102136277186424,-1.38584246774852e-15
HF,22,13,494,MELD_lambda1_afproj,-0.0130390465493204,-1.87534129717755e-15
HF,22,13,494,EUR,-0.0262300236681837,-3.23534266773834e-15
HF,22,13,494,EAS,-0.0173622320510108,-4.14210543048768e-15
HF,22,13,494,AFR,-0.0326865684369595,-1.59307033415831e-15
HF,22,13,494,CSA,-0.0235367904239878,-3.36096330236447e-15
HF,22,13,494,AMR,-0.0541450178523041,-5.01901729507283e-15
HF,22,14,637,MELD_lambda0_afproj,-0.00353461409119575,-2.53582833241593e-15
HF,22,14,637,MELD_lambda0_reportN,-0.0036661766675986,-2.01625943764196e-15
HF,22,14,637,MELD_lambda0_equal,-0.0002642774144906,-1.30985201829919e-15
HF,22,14,637,MELD_lambda1_afproj,-0.00334993542525504,-2.3481512797225e-15
HF,22,14,637,EUR,-0.00813160117500148,-4.5099941580906e-15
HF,22,14,637,EAS,-0.00806263921332028,-3.52406070687149e-15
HF,22,14,637,AFR,-0.0363006887278486,-2.78407321578557e-15
HF,22,14,637,CSA,-0.00845605462094787,-4.78294196720297e-15
HF,22,14,637,AMR,-0.00858364978791289,-5.7122641982459e-15
HF,22,15,470,MELD_lambda0_afproj,-0.00271422703126828,-1.46258295033908e-15
HF,22,15,470,MELD_lambda0_reportN,-0.00275436685484168,-1.24647140704019e-15
HF,22,15,470,MELD_lambda0_equal,-0.000412210511781571,-3.08098695095781e-15
HF,22,15,470,MELD_lambda1_afproj,-0.00266784772078717,-1.68435734898474e-15
HF,22,15,470,EUR,-0.00682893350947853,-4.3180467970283e-15
HF,22,15,470,EAS,-0.00410605591214666,-3.4137566573283e-15
HF,22,15,470,AFR,-0.00281081615006166,-1.57581292149259e-15
HF,22,15,470,CSA,-0.00520898921403477,-5.684994345459e-15
HF,22,15,470,AMR,-0.00567964499899685,-2.8618234799884e-15
HF,22,16,292,MELD_lambda0_afproj,-0.0010470063925807,-1.12103740625557e-15
HF,22,16,292,MELD_lambda0_reportN,-0.00104124369912568,-5.64254300817217e-16
HF,22,16,292,MELD_lambda0_equal,-6.48158072186706e-05,-9.58563991301768e-16
HF,22,16,292,MELD_lambda1_afproj,-0.00100534286439353,-1.39113869056543e-15
HF,22,16,292,EUR,-0.00269351398139511,-1.22115921060221e-15
HF,22,16,292,EAS,-0.0125751959919243,-1.6535153623897e-15
HF,22,16,292,AFR,-0.000808368397310598,-5.99868571843016e-16
HF,22,16,292,CSA,-0.00568555125131747,-1.62309666930264e-15
HF,22,16,292,AMR,-0.0113703730536909,-1.28330464196136e-15
HF,22,17,435,MELD_lambda0_afproj,-0.00582424176584309,-5.82495933239707e-15
HF,22,17,435,MELD_lambda0_reportN,-0.00578979802178572,-4.11373449940546e-15
HF,22,17,435,MELD_lambda0_equal,-0.00109883933104189,-2.27615487066063e-15
HF,22,17,435,MELD_lambda1_afproj,-0.00542837488126563,-3.4516042181966e-15
HF,22,17,435,EUR,-0.0178546801181171,-7.21034443512881e-15
HF,22,17,435,EAS,-0.0285687050073304,-6.97731278679766e-15
HF,22,17,435,AFR,-0.0249496625319049,-5.18186698202021e-15
HF,22,17,435,CSA,-0.0129441251624367,-9.35776460472318e-15
HF,22,17,435,AMR,-0.0164390420266114,-2.35605523845668e-14
HF,22,18,322,MELD_lambda0_afproj,-0.000782761476694214,-4.08787769473539e-15
HF,22,18,322,MELD_lambda0_reportN,-0.000789074918208281,-1.1952972531892e-15
HF,22,18,322,MELD_lambda0_equal,-0.000275967955102068,-2.94744406130494e-15
HF,22,18,322,MELD_lambda1_afproj,-0.000649535459747581,-8.63192626301135e-16
HF,22,18,322,EUR,-0.00579829070455294,-2.4783950185161e-15
HF,22,18,322,EAS,-0.00578365929622174,-7.72954149421281e-15
HF,22,18,322,AFR,-0.00526101303035072,-3.06470661221657e-15
HF,22,18,322,CSA,-0.00308142082942914,-9.53167643658228e-15
HF,22,18,322,AMR,-0.00702959765369312,-2.81281573850026e-15
HF,22,19,582,MELD_lambda0_afproj,-0.00634334249915794,-2.06484248912567e-15
HF,22,19,582,MELD_lambda0_reportN,-0.00652777263939667,-2.22143466135632e-15
HF,22,19,582,MELD_lambda0_equal,-0.000432075897437918,-1.9267186054285e-15
HF,22,19,582,MELD_lambda1_afproj,-0.00621213187316992,-2.10678796041287e-15
HF,22,19,582,EUR,-0.0133619122209813,-3.29776465451159e-15
HF,22,19,582,EAS,-0.0151226127340806,-4.51776841837508e-15
HF,22,19,582,AFR,-0.00981263772219171,-2.16358521182211e-15
HF,22,19,582,CSA,-0.0118245205206164,-5.05950075738824e-15
HF,22,19,582,AMR,-0.0159529625620201,-1.23209402324873e-14
HF,22,20,502,MELD_lambda0_afproj,-0.0236462007246152,-1.19340704239991e-15
HF,22,20,502,MELD_lambda0_reportN,-0.0243486596164025,-2.14065347468968e-15
HF,22,20,502,MELD_lambda0_equal,-0.0101853416793538,-6.22696031792856e-16
HF,22,20,502,MELD_lambda1_afproj,-0.0218164721266735,-7.56886279303224e-16
HF,22,20,502,EUR,-0.047247081130953,-2.19738812956782e-15
HF,22,20,502,EAS,-0.0862927172296291,-2.54849192732765e-15
HF,22,20,502,AFR,-0.23341239139839,-1.22426204011029e-15
HF,22,20,502,CSA,-0.102775921474217,-1.47661013467889e-15
HF,22,20,502,AMR,-0.119132059707826,-3.20250007000112e-15
HF,22,21,316,MELD_lambda0_afproj,-0.000914972546762347,-4.58390940692611e-16
HF,22,21,316,MELD_lambda0_reportN,-0.000913369094758952,-4.77513751921019e-16
HF,22,21,316,MELD_lambda0_equal,-5.22266484097306e-05,-1.69542436831218e-16
HF,22,21,316,MELD_lambda1_afproj,-0.000846912369188765,-3.36056147047608e-16
HF,22,21,316,EUR,-0.00226940943542488,-1.29575329796157e-15
HF,22,21,316,EAS,-0.00218934753989888,-1.76527003547756e-15
HF,22,21,316,AFR,-3.40483329173779e-16,-5.98904462758527e-16
HF,22,21,316,CSA,-0.00103138508769374,-6.51446773802722e-16
HF,22,21,316,AMR,-0.000522969412757442,-6.10227346666592e-16
HF,22,22,546,MELD_lambda0_afproj,-0.0165537451616919,-1.79434582950268e-15
HF,22,22,546,MELD_lambda0_reportN,-0.0164810910202706,-5.10942184495039e-16
HF,22,22,546,MELD_lambda0_equal,-0.00318648727678443,-2.24403127764619e-16
HF,22,22,546,MELD_lambda1_afproj,-0.0157348629540123,-4.00791728079809e-16
HF,22,22,546,EUR,-0.03041737463029,-3.30232138138801e-15
HF,22,22,546,EAS,-0.0346483273826636,-2.57888952083666e-15
HF,22,22,546,AFR,-0.0181835193855571,-6.67066356416311e-16
HF,22,22,546,CSA,-0.0379653904006573,-3.363757712212e-15
HF,22,22,546,AMR,-0.0632709964872504,-4.51949457036071e-15
HF,22,23,482,MELD_lambda0_afproj,-0.0669018169633625,-9.81535017816227e-16
HF,22,23,482,MELD_lambda0_reportN,-0.0692754866922932,-6.99377913783243e-16
HF,22,23,482,MELD_lambda0_equal,-0.0407202321084273,-5.11500425778331e-16
HF,22,23,482,MELD_lambda1_afproj,-0.0559221771068106,-1.02597402408491e-15
HF,22,23,482,EUR,-0.122672410580806,-1.60582958308089e-15
HF,22,23,482,EAS,-0.0285720186180606,-1.60860630419159e-15
HF,22,23,482,AFR,-0.424176029560122,-4.87397931302905e-16
HF,22,23,482,CSA,-0.0538670688492512,-1.50553510863789e-15
HF,22,23,482,AMR,-0.36882329075236,-3.25835553210661e-15
HF,22,24,400,MELD_lambda0_afproj,-0.00540721720413314,-1.09999711842356e-15
HF,22,24,400,MELD_lambda0_reportN,-0.0054844282896935,-9.22235062359226e-16
HF,22,24,400,MELD_lambda0_equal,-0.00380944761936798,-1.96689760055536e-15
HF,22,24,400,MELD_lambda1_afproj,-0.00517492598532939,-1.25959199356613e-15
HF,22,24,400,EUR,-0.00854445768887075,-3.33058834831777e-15
HF,22,24,400,EAS,-0.0156060565853285,-1.62072930253015e-15
HF,22,24,400,AFR,-0.01178983520059,-3.17783293975491e-15
HF,22,24,400,CSA,-0.00899417582576408,-2.45530839738279e-15
HF,22,24,400,AMR,-0.0156344840856289,-1.93373206322314e-15
IPF,22,1,118,MELD_lambda0_afproj,-0.000286918025414936,-2.43442887434095e-16
IPF,22,1,118,MELD_lambda0_reportN,-0.000318170763122323,-8.25877998512559e-16
IPF,22,1,118,MELD_lambda0_equal,-2.88705122845519e-05,-5.02339179849825e-16
IPF,22,1,118,MELD_lambda1_afproj,-0.00027885029709197,-3.57805762700175e-16
IPF,22,1,118,EUR,-0.00405187209021819,-1.11785862447894e-15
IPF,22,1,118,EAS,-0.00136155631427209,-8.43496230833334e-16
IPF,22,1,118,AFR,-0.000629276158636639,-7.70983119481989e-16
IPF,22,1,118,CSA,-0.000417820066823534,-7.70732196884346e-16
IPF,22,1,118,AMR,-6.5660554617729e-05,-1.69241916102302e-15
IPF,22,2,176,MELD_lambda0_afproj,-2.12589026909299e-05,-1.86025517707706e-15
IPF,22,2,176,MELD_lambda0_reportN,-1.91559128934633e-05,-1.49745794274281e-15
IPF,22,2,176,MELD_lambda0_equal,-9.29658690276502e-05,-9.22955506795847e-16
IPF,22,2,176,MELD_lambda1_afproj,-2.02770424648543e-05,-1.2317298868053e-15
IPF,22,2,176,EUR,-0.00110706642633345,-1.38805706707895e-15
IPF,22,2,176,EAS,-0.00784600038905828,-1.84269930870899e-15
IPF,22,2,176,AFR,-8.1680023734335e-16,-6.24032093051103e-16
IPF,22,2,176,CSA,-0.00247671067894253,-1.06616074338965e-15
IPF,22,2,176,AMR,-0.00175494312200407,-1.27016953270847e-15
IPF,22,3,520,MELD_lambda0_afproj,-0.0252985685918231,-2.31818832417746e-15
IPF,22,3,520,MELD_lambda0_reportN,-0.0248908325920118,-2.7877955540523e-15
IPF,22,3,520,MELD_lambda0_equal,-0.0195355313352848,-1.70384857777205e-15
IPF,22,3,520,MELD_lambda1_afproj,-0.0247933721251338,-2.17419221007361e-15
IPF,22,3,520,EUR,-0.0256643230201184,-3.47094350886925e-15
IPF,22,3,520,EAS,-0.0504715615474642,-3.49328379021535e-15
IPF,22,3,520,AFR,-0.0999173555262641,-2.680736457839e-15
IPF,22,3,520,CSA,-0.0176109957452849,-3.67117171911273e-15
IPF,22,3,520,AMR,-0.0485785778658625,-3.36390384149685e-15
IPF,22,4,487,MELD_lambda0_afproj,-0.0112618928203689,-3.02139653807379e-15
IPF,22,4,487,MELD_lambda0_reportN,-0.0113120776305711,-3.76707320142558e-15
IPF,22,4,487,MELD_lambda0_equal,-0.0046732209040088,-2.4015767630621e-15
IPF,22,4,487,MELD_lambda1_afproj,-0.0108696616406267,-3.71173092269104e-15
IPF,22,4,487,EUR,-0.0218720228278985,-9.68389301436476e-15
IPF,22,4,487,EAS,-0.0554507136390457,-7.30069011446955e-15
IPF,22,4,487,AFR,-0.02791351501798,-3.26777105716468e-15
IPF,22,4,487,CSA,-0.0158676868882653,-4.63714153499601e-15
IPF,22,4,487,AMR,-0.0189788997093566,-4.79512235529811e-15
IPF,22,5,202,MELD_lambda0_afproj,-0.000316563186248689,-9.67051039918692e-16
IPF,22,5,202,MELD_lambda0_reportN,-0.000354955877897042,-1.1361788035621e-15
IPF,22,5,202,MELD_lambda0_equal,-0.000728473470718618,-9.45103453175305e-16
IPF,22,5,202,MELD_lambda1_afproj,-0.000290237553133012,-1.41866152844024e-15
IPF,22,5,202,EUR,-0.00100329135395867,-2.38908337775354e-15
IPF,22,5,202,EAS,-0.0155957867016568,-1.87456508844625e-15
IPF,22,5,202,AFR,-0.00432497121672101,-1.30513822535438e-15
IPF,22,5,202,CSA,-0.0112197634311481,-1.93575924364251e-15
IPF,22,5,202,AMR,-0.00500444939454331,-1.36863179774734e-15
IPF,22,6,311,MELD_lambda0_afproj,-0.0146976012695985,-9.01636393429819e-16
IPF,22,6,311,MELD_lambda0_reportN,-0.0144860643174261,-1.14320850438675e-15
IPF,22,6,311,MELD_lambda0_equal,-0.00350425206599214,-8.60327865819478e-16
IPF,22,6,311,MELD_lambda1_afproj,-0.0142560213875283,-1.07833425824917e-15
IPF,22,6,311,EUR,-0.0205606434210008,-2.63877185368024e-15
IPF,22,6,311,EAS,-0.0163614801832822,-3.23476088856307e-15
IPF,22,6,311,AFR,-0.00662966379615337,-1.14486011464804e-15
IPF,22,6,311,CSA,-0.0234355923157393,-2.15659586799195e-15
IPF,22,6,311,AMR,-0.0334634800307511,-2.10716592390271e-15
IPF,22,7,577,MELD_lambda0_afproj,-0.0108976934183208,-1.79610064825414e-15
IPF,22,7,577,MELD_lambda0_reportN,-0.0109484179367577,-8.23361738810594e-16
IPF,22,7,577,MELD_lambda0_equal,-0.000556868598915479,-2.24686666445087e-15
IPF,22,7,577,MELD_lambda1_afproj,-0.0106518020710945,-1.6689264881096e-15
IPF,22,7,577,EUR,-0.0149734616231109,-3.57039879835498e-15
IPF,22,7,577,EAS,-0.00908901318679477,-3.65681473252837e-15
IPF,22,7,577,AFR,-0.0266760031137036,-1.3826595480343e-15
IPF,22,7,577,CSA,-0.00485909489882546,-3.02538836370452e-15
IPF,22,7,577,AMR,-0.00440338196341799,-9.24511649287913e-15
IPF,22,8,573,MELD_lambda0_afproj,-0.0436458728920194,-1.57906680461339e-15
IPF,22,8,573,MELD_lambda0_reportN,-0.0442670841536799,-1.53234374972684e-15
IPF,22,8,573,MELD_lambda0_equal,-0.0217779966724605,-6.63059253887615e-16
IPF,22,8,573,MELD_lambda1_afproj,-0.0410704642070061,-9.09043609970459e-16
IPF,22,8,573,EUR,-0.0469464337875942,-2.08946714492971e-15
IPF,22,8,573,EAS,-0.174986574706427,-2.51191565661861e-15
IPF,22,8,573,AFR,-0.0277493156227497,-6.9677265859986e-16
IPF,22,8,573,CSA,-0.038396457516308,-1.72350267177775e-15
IPF,22,8,573,AMR,-0.148272448846761,-3.95990452397821e-15
IPF,22,9,548,MELD_lambda0_afproj,-0.00275706999023053,-1.63857868762348e-15
IPF,22,9,548,MELD_lambda0_reportN,-0.00295881779026316,-1.5086740119531e-15
IPF,22,9,548,MELD_lambda0_equal,-0.000254760435988963,-2.47078911684233e-16
IPF,22,9,548,MELD_lambda1_afproj,-0.00254239123160695,-1.60622952325338e-15
IPF,22,9,548,EUR,-0.007098321229538,-2.93129423380967e-15
IPF,22,9,548,EAS,-0.0150236807012617,-3.29824735952299e-15
IPF,22,9,548,AFR,-0.00776663148982859,-1.97997960835502e-15
IPF,22,9,548,CSA,-0.0226315293070181,-3.22250014156306e-15
IPF,22,9,548,AMR,-0.0151935962828742,-5.84581811826229e-15
IPF,22,10,509,MELD_lambda0_afproj,-0.0267401442476123,-2.46182735398099e-15
IPF,22,10,509,MELD_lambda0_reportN,-0.0252571657681163,-2.19056514116953e-15
IPF,22,10,509,MELD_lambda0_equal,-0.0707235601744032,-1.35295080806251e-15
IPF,22,10,509,MELD_lambda1_afproj,-0.0257781482219956,-2.24595220140656e-15
IPF,22,10,509,EUR,-0.0315802578484047,-3.82217789137782e-15
IPF,22,10,509,EAS,-0.103442832206792,-3.96128151809562e-15
IPF,22,10,509,AFR,-0.127192687928455,-1.26375893517623e-15
IPF,22,10,509,CSA,-0.236578527069229,-2.40610847036827e-15
IPF,22,10,509,AMR,-0.184522727821636,-3.49930034112283e-15
IPF,22,11,329,MELD_lambda0_afproj,-0.0107522060261004,-1.79310212258214e-15
IPF,22,11,329,MELD_lambda0_reportN,-0.0104010500975992,-1.27530451796446e-15
IPF,22,11,329,MELD_lambda0_equal,-0.00336421715660435,-1.67575054379024e-15
IPF,22,11,329,MELD_lambda1_afproj,-0.00926837843928891,-1.32762176014772e-15
IPF,22,11,329,EUR,-0.0162591559777872,-2.19927560926476e-15
IPF,22,11,329,EAS,-0.0238292536775378,-2.86162345670401e-15
IPF,22,11,329,AFR,-0.00536537746234085,-1.58212129186758e-15
IPF,22,11,329,CSA,-0.0232485593743279,-2.3832482575666e-15
IPF,22,11,329,AMR,-0.0140583876643914,-3.83310776656573e-15
IPF,22,12,760,MELD_lambda0_afproj,-0.00351000546744331,-1.90503241680331e-15
IPF,22,12,760,MELD_lambda0_reportN,-0.00362392018696279,-2.09223096969814e-15
IPF,22,12,760,MELD_lambda0_equal,-0.000864854968750776,-1.19497172168363e-15
IPF,22,12,760,MELD_lambda1_afproj,-0.00343562630419643,-1.850302942407e-15
IPF,22,12,760,EUR,-0.00722726259894772,-4.18201205810874e-15
IPF,22,12,760,EAS,-0.00743111753254849,-4.47818397305807e-15
IPF,22,12,760,AFR,-0.00965606212775947,-3.91982715597132e-15
IPF,22,12,760,CSA,-0.00799847753364551,-3.64090279888645e-15
IPF,22,12,760,AMR,-0.0209282157479027,-5.75877720667231e-15
IPF,22,13,489,MELD_lambda0_afproj,-0.0146155503927241,-1.90915332508149e-15
IPF,22,13,489,MELD_lambda0_reportN,-0.0147394366074486,-1.82104298296121e-15
IPF,22,13,489,MELD_lambda0_equal,-0.0101638432812046,-1.35583288941082e-15
IPF,22,13,489,MELD_lambda1_afproj,-0.0139332844194669,-1.94849640362685e-15
IPF,22,13,489,EUR,-0.0260983020454165,-3.58805593423407e-15
IPF,22,13,489,EAS,-0.0173548419233778,-3.72562280792855e-15
IPF,22,13,489,AFR,-0.032083677016135,-1.32399987614472e-15
IPF,22,13,489,CSA,-0.02353594765831,-4.76032684556625e-15
IPF,22,13,489,AMR,-0.0534264003827631,-4.31647770382931e-15
IPF,22,14,634,MELD_lambda0_afproj,-0.00389109768388031,-3.17553402383434e-15
IPF,22,14,634,MELD_lambda0_reportN,-0.0040504155774511,-1.70691235387219e-15
IPF,22,14,634,MELD_lambda0_equal,-0.000263917642046408,-1.68212837400376e-15
IPF,22,14,634,MELD_lambda1_afproj,-0.00376738806164325,-2.06542594538345e-15
IPF,22,14,634,EUR,-0.00811409814788363,-4.93114307002919e-15
IPF,22,14,634,EAS,-0.00805396130521389,-3.33431265177916e-15
IPF,22,14,634,AFR,-0.0362473166085373,-2.23295731916378e-15
IPF,22,14,634,CSA,-0.00839330523185501,-3.75208961362559e-15
IPF,22,14,634,AMR,-0.0085631111672325,-7.08503605787899e-15
IPF,22,15,469,MELD_lambda0_afproj,-0.00294047959381463,-2.65449764871396e-15
IPF,22,15,469,MELD_lambda0_reportN,-0.00302850504596977,-2.00861315129635e-15
IPF,22,15,469,MELD_lambda0_equal,-0.00041100236375669,-9.81440053523242e-16
IPF,22,15,469,MELD_lambda1_afproj,-0.00289285564166473,-1.15621499223102e-15
IPF,22,15,469,EUR,-0.00682507412902348,-3.20470687341241e-15
IPF,22,15,469,EAS,-0.00410476834368837,-2.57054263850262e-15
IPF,22,15,469,AFR,-0.0028106476090805,-1.66270211725131e-15
IPF,22,15,469,CSA,-0.00520890530987085,-3.39337448785916e-15
IPF,22,15,469,AMR,-0.00567964158953643,-2.57638690628369e-15
IPF,22,16,292,MELD_lambda0_afproj,-0.00125287457118135,-5.15549184401223e-16
IPF,22,16,292,MELD_lambda0_reportN,-0.00124178819253641,-8.85762855957282e-16
IPF,22,16,292,MELD_lambda0_equal,-6.48158072186706e-05,-9.58563991301768e-16
IPF,22,16,292,MELD_lambda1_afproj,-0.00117361245281316,-8.65940364087732e-16
IPF,22,16,292,EUR,-0.00269351398139511,-1.22115921060221e-15
IPF,22,16,292,EAS,-0.0125751959919243,-1.6535153623897e-15
IPF,22,16,292,AFR,-0.000808368397310598,-5.99868571843016e-16
IPF,22,16,292,CSA,-0.00568555125131747,-1.62309666930264e-15
IPF,22,16,292,AMR,-0.0113703730536909,-1.28330464196136e-15
IPF,22,17,432,MELD_lambda0_afproj,-0.00658188398078068,-4.79074019732657e-15
IPF,22,17,432,MELD_lambda0_reportN,-0.00652177952026797,-2.90851998604034e-15
IPF,22,17,432,MELD_lambda0_equal,-0.00108407185281039,-2.07102557169141e-15
IPF,22,17,432,MELD_lambda1_afproj,-0.00617867191879304,-6.32788288130199e-15
IPF,22,17,432,EUR,-0.0178315796936678,-9.40806042163924e-15
IPF,22,17,432,EAS,-0.0284510980057837,-5.91864761399373e-15
IPF,22,17,432,AFR,-0.0249001606463739,-4.30268203448259e-15
IPF,22,17,432,CSA,-0.0129078564912449,-9.17080621270288e-15
IPF,22,17,432,AMR,-0.0163154410574137,-9.74592837962311e-15
IPF,22,18,321,MELD_lambda0_afproj,-0.0013888768269362,-2.19729134971898e-16
IPF,22,18,321,MELD_lambda0_reportN,-0.00123341978996359,-6.93767891789992e-16
IPF,22,18,321,MELD_lambda0_equal,-0.000275299659501451,-9.32834529114285e-16
IPF,22,18,321,MELD_lambda1_afproj,-0.00112075534321214,-2.19665801499229e-15
IPF,22,18,321,EUR,-0.00577984419888741,-8.28269292228514e-15
IPF,22,18,321,EAS,-0.00578362751404828,-2.39359594178611e-15
IPF,22,18,321,AFR,-0.00517008612170361,-1.11198569674147e-15
IPF,22,18,321,CSA,-0.00305404754770458,-2.17734445943428e-15
IPF,22,18,321,AMR,-0.00702424901325528,-3.31905283134924e-15
IPF,22,19,582,MELD_lambda0_afproj,-0.00671215933069358,-2.31395357006997e-15
IPF,22,19,582,MELD_lambda0_reportN,-0.00698689011152971,-2.08662762759726e-15
IPF,22,19,582,MELD_lambda0_equal,-0.000432075897437918,-1.9267186054285e-15
IPF,22,19,582,MELD_lambda1_afproj,-0.0065910779362083,-2.36247110845493e-15
IPF,22,19,582,EUR,-0.0133619122209813,-3.29776465451159e-15
IPF,22,19,582,EAS,-0.0151226127340806,-4.51776841837508e-15
IPF,22,19,582,AFR,-0.00981263772219171,-2.16358521182211e-15
IPF,22,19,582,CSA,-0.0118245205206164,-5.05950075738824e-15
IPF,22,19,582,AMR,-0.0159529625620201,-1.23209402324873e-14
IPF,22,20,501,MELD_lambda0_afproj,-0.0248021453326262,-1.61624025025416e-15
IPF,22,20,501,MELD_lambda0_reportN,-0.0260190079055351,-1.41462399483704e-15
IPF,22,20,501,MELD_lambda0_equal,-0.009845432278776,-5.84753124512184e-16
IPF,22,20,501,MELD_lambda1_afproj,-0.0230217470225006,-1.21949484835705e-15
IPF,22,20,501,EUR,-0.0471859392914853,-2.19397357560591e-15
IPF,22,20,501,EAS,-0.0847050957280231,-2.39391265368486e-15
IPF,22,20,501,AFR,-0.233412391398391,-1.42296484117498e-15
IPF,22,20,501,CSA,-0.102552578837246,-2.61541544991278e-15
IPF,22,20,501,AMR,-0.119062101145911,-3.55314396087229e-15
IPF,22,21,316,MELD_lambda0_afproj,-0.00103737366018861,8.60567298760641e-17
IPF,22,21,316,MELD_lambda0_reportN,-0.00106379176187768,-1.15965887782425e-16
IPF,22,21,316,MELD_lambda0_equal,-5.22266484097306e-05,-1.69542436831218e-16
IPF,22,21,316,MELD_lambda1_afproj,-0.000964764016157486,-3.48462166545413e-16
IPF,22,21,316,EUR,-0.00226940943542488,-1.29575329796157e-15
IPF,22,21,316,EAS,-0.00218934753989888,-1.76527003547756e-15
IPF,22,21,316,AFR,-3.40483329173779e-16,-5.98904462758527e-16
IPF,22,21,316,CSA,-0.00103138508769374,-6.51446773802722e-16
IPF,22,21,316,AMR,-0.000522969412757442,-6.10227346666592e-16
IPF,22,22,543,MELD_lambda0_afproj,-0.0181847400862119,-1.84268678811312e-15
IPF,22,22,543,MELD_lambda0_reportN,-0.0185612952582079,-9.74289510125861e-16
IPF,22,22,543,MELD_lambda0_equal,-0.00314440012969263,4.90768436718333e-16
IPF,22,22,543,MELD_lambda1_afproj,-0.0173892428360881,-1.0015776492537e-15
IPF,22,22,543,EUR,-0.0303919024021761,-3.83432829554987e-15
IPF,22,22,543,EAS,-0.0346456510482298,-2.05212486065663e-15
IPF,22,22,543,AFR,-0.0176124946357887,-4.80065094364025e-16
IPF,22,22,543,CSA,-0.0378726112799274,-1.79954833140964e-15
IPF,22,22,543,AMR,-0.0632108368092027,-3.86105062726869e-15
IPF,22,23,477,MELD_lambda0_afproj,-0.0695539306332585,-1.2574603419837e-15
IPF,22,23,477,MELD_lambda0_reportN,-0.0728680160776935,-1.09013157404077e-15
IPF,22,23,477,MELD_lambda0_equal,-0.0399510959112009,-6.89532099247875e-16
IPF,22,23,477,MELD_lambda1_afproj,-0.058438463584806,-1.02092615629492e-15
IPF,22,23,477,EUR,-0.122526079170266,-1.15546045534662e-15
IPF,22,23,477,EAS,-0.0285191232820092,-1.41371690954963e-15
IPF,22,23,477,AFR,-0.423451959495493,-3.27154862908536e-16
IPF,22,23,477,CSA,-0.0537233711774439,-2.18746722261114e-15
IPF,22,23,477,AMR,-0.36588264308935,-2.72754739097826e-15
IPF,22,24,397,MELD_lambda0_afproj,-0.00564497390430713,-7.12940199747976e-16
IPF,22,24,397,MELD_lambda0_reportN,-0.0057363713941413,-1.36999458830073e-15
IPF,22,24,397,MELD_lambda0_equal,-0.00380371958965826,-1.11294038943334e-15
IPF,22,24,397,MELD_lambda1_afproj,-0.0054214669515863,-1.63000557987714e-15
IPF,22,24,397,EUR,-0.00852071944697588,-2.15815639392449e-15
IPF,22,24,397,EAS,-0.0155749319517494,-1.29915569075708e-15
IPF,22,24,397,AFR,-0.0117894001030348,-2.03095320011923e-15
IPF,22,24,397,CSA,-0.00897561266510359,-2.7324133979416e-15
IPF,22,24,397,AMR,-0.0155912308133011,-2.16707927211448e-15
Stroke,22,1,118,MELD_lambda0_afproj,-0.000286300779434433,-3.02567239924819e-16
Stroke,22,1,118,MELD_lambda0_reportN,-0.000290354819077854,-9.07699383567147e-16
Stroke,22,1,118,MELD_lambda0_equal,-2.90268150087995e-05,-1.05214746295623e-15
Stroke,22,1,118,MELD_lambda1_afproj,-0.000278270011149038,-3.35403007162698e-17
Stroke,22,1,118,EUR,-0.00404829172003437,-1.05847234471751e-15
Stroke,22,1,118,EAS,-0.00136799713873688,-1.13076674427872e-15
Stroke,22,1,118,AFR,-0.000629264408964995,-1.05588802995818e-15
Stroke,22,1,118,CSA,-0.000417482241486529,-1.18499590248972e-15
Stroke,22,1,118,AMR,-6.58693567511932e-05,-2.2782500868275e-15
Stroke,22,2,163,MELD_lambda0_afproj,-1.37830572263325e-05,-6.59279597697737e-16
Stroke,22,2,163,MELD_lambda0_reportN,-1.27703244147656e-05,-1.92276478519261e-15
Stroke,22,2,163,MELD_lambda0_equal,-9.02548651912108e-05,-1.42046016698687e-15
Stroke,22,2,163,MELD_lambda1_afproj,-1.3235066994779e-05,-2.90358425314512e-17
Stroke,22,2,163,EUR,-0.00088776328169787,-5.03741816434385e-15
Stroke,22,2,163,EAS,-0.00199067249034912,-1.89212473286039e-15
Stroke,22,2,163,AFR,-1.02613734030654e-15,-6.37787171679052e-16
Stroke,22,2,163,CSA,-0.00219102997236435,-1.09453014795163e-15
Stroke,22,2,163,AMR,-0.000664912371046076,-1.38287802568821e-15
Stroke,22,3,510,MELD_lambda0_afproj,-0.0241278104849455,-2.60493206451566e-15
Stroke,22,3,510,MELD_lambda0_reportN,-0.0231121722048515,-2.78182305233065e-15
Stroke,22,3,510,MELD_lambda0_equal,-0.0194136355130326,-2.35201219046933e-15
Stroke,22,3,510,MELD_lambda1_afproj,-0.0236048356699837,-2.86476684720627e-15
Stroke,22,3,510,EUR,-0.0258178287600386,-4.17875196264059e-15
Stroke,22,3,510,EAS,-0.0505245479088876,-2.92354071238022e-15
Stroke,22,3,510,AFR,-0.0968503541494078,-2.5765032226733e-15
Stroke,22,3,510,CSA,-0.0174615005295713,-3.41033260631911e-15
Stroke,22,3,510,AMR,-0.0482630050253855,-4.54476469231676e-15
Stroke,22,4,482,MELD_lambda0_afproj,-0.00876114244249127,-3.39775231064204e-15
Stroke,22,4,482,MELD_lambda0_reportN,-0.0083738415025889,-2.93884852369877e-15
Stroke,22,4,482,MELD_lambda0_equal,-0.00469764499718439,-2.20240166361407e-15
Stroke,22,4,482,MELD_lambda1_afproj,-0.00842261026338344,-2.24998691075926e-15
Stroke,22,4,482,EUR,-0.0195030743085514,-7.51106203325847e-15
Stroke,22,4,482,EAS,-0.0557889348321573,-4.73089996596958e-15
Stroke,22,4,482,AFR,-0.0279928861769893,-3.09786790228476e-15
Stroke,22,4,482,CSA,-0.0157948141050986,-4.41316183326438e-15
Stroke,22,4,482,AMR,-0.018751828463892,-5.50213880660075e-15
Stroke,22,5,183,MELD_lambda0_afproj,-0.000268314853013802,-7.06508087224542e-16
Stroke,22,5,183,MELD_lambda0_reportN,-0.000257665748927767,-7.58393388463943e-16
Stroke,22,5,183,MELD_lambda0_equal,-0.000681462730509395,-8.94283645130047e-16
Stroke,22,5,183,MELD_lambda1_afproj,-0.000246312507713275,-1.32194986496735e-15
Stroke,22,5,183,EUR,-0.00093639481751835,-2.03970932002766e-15
Stroke,22,5,183,EAS,-0.0143432321079178,-1.53486543307804e-15
Stroke,22,5,183,AFR,-0.00402982111771591,-1.04103351945137e-15
Stroke,22,5,183,CSA,-0.0109742739389258,-1.2063677245677e-15
Stroke,22,5,183,AMR,-0.00484404936526285,-2.77072127645625e-15
Stroke,22,6,306,MELD_lambda0_afproj,-0.0139781474030174,-9.52271292256458e-16
Stroke,22,6,306,MELD_lambda0_reportN,-0.0131286233470809,-7.97082819916779e-16
Stroke,22,6,306,MELD_lambda0_equal,-0.00345195860187445,-5.32667248257278e-16
Stroke,22,6,306,MELD_lambda1_afproj,-0.013538953519539,-1.23584488349277e-15
Stroke,22,6,306,EUR,-0.0206368130520966,-2.6656510986357e-15
Stroke,22,6,306,EAS,-0.0163541435057927,-5.26900951822523e-15
Stroke,22,6,306,AFR,-0.00618305733193612,-9.5737224339212e-16
Stroke,22,6,306,CSA,-0.0233797154707727,-2.11417946610286e-15
Stroke,22,6,306,AMR,-0.0332891762082413,-3.17870992247873e-15
Stroke,22,7,549,MELD_lambda0_afproj,-0.0110739170907786,-2.06026028575647e-15
Stroke,22,7,549,MELD_lambda0_reportN,-0.0105663961736525,-1.80423055222368e-15
Stroke,22,7,549,MELD_lambda0_equal,-0.000544871969668783,-1.52017566952822e-15
Stroke,22,7,549,MELD_lambda1_afproj,-0.0108073414734745,-1.9192380515395e-15
Stroke,22,7,549,EUR,-0.0158950955295025,-3.20704699142741e-15
Stroke,22,7,549,EAS,-0.00925604721093164,-3.16065463717707e-15
Stroke,22,7,549,AFR,-0.025290967644577,-2.66842432449124e-15
Stroke,22,7,549,CSA,-0.00504581644443704,-5.80356065619455e-15
Stroke,22,7,549,AMR,-0.0043038438532889,-3.32942878811966e-15
Stroke,22,8,563,MELD_lambda0_afproj,-0.0383113346796628,-1.89156094377925e-15
Stroke,22,8,563,MELD_lambda0_reportN,-0.0372069582434646,-1.55221922037217e-15
Stroke,22,8,563,MELD_lambda0_equal,-0.0216466388071791,-1.11432221986339e-15
Stroke,22,8,563,MELD_lambda1_afproj,-0.0360210513651548,-4.86973390901481e-16
Stroke,22,8,563,EUR,-0.041092317561813,-2.28561253948613e-15
Stroke,22,8,563,EAS,-0.172631633643647,-4.03932455301554e-15
Stroke,22,8,563,AFR,-0.0268699562530431,-1.65396135868903e-15
Stroke,22,8,563,CSA,-0.0372760299011729,-1.92504695951318e-15
Stroke,22,8,563,AMR,-0.144354383281135,-6.83557079381749e-15
Stroke,22,9,546,MELD_lambda0_afproj,-0.00261121834430118,-1.83010808672297e-15
Stroke,22,9,546,MELD_lambda0_reportN,-0.00263825721027933,-3.08692264974429e-15
Stroke,22,9,546,MELD_lambda0_equal,-0.000246017051107095,-2.09240945337563e-16
Stroke,22,9,546,MELD_lambda1_afproj,-0.0023917780239952,-1.35324603668076e-15
Stroke,22,9,546,EUR,-0.00706413820423539,-2.85838722407988e-15
Stroke,22,9,546,EAS,-0.0137774004959508,-3.11188864984432e-15
Stroke,22,9,546,AFR,-0.00763581064335441,-1.0660908158926e-15
Stroke,22,9,546,CSA,-0.019706964770882,-2.84963554311954e-15
Stroke,22,9,546,AMR,-0.014887686555939,-4.57662628336165e-15
Stroke,22,10,507,MELD_lambda0_afproj,-0.00827651126622637,-1.94842267911664e-15
Stroke,22,10,507,MELD_lambda0_reportN,-0.00813202711153916,-2.44124536855486e-15
Stroke,22,10,507,MELD_lambda0_equal,-0.00374588300847695,-1.42979269516996e-15
Stroke,22,10,507,MELD_lambda1_afproj,-0.00799056716737858,-1.78046710513559e-15
Stroke,22,10,507,EUR,-0.0140450211594582,-3.0698384779886e-15
Stroke,22,10,507,EAS,-0.0141999921368427,-3.33759184938251e-15
Stroke,22,10,507,AFR,-0.0181947070048081,-2.17915191940768e-15
Stroke,22,10,507,CSA,-0.0176141793549104,-2.6790892638084e-15
Stroke,22,10,507,AMR,-0.0263340600539616,-4.12066463706308e-15
Stroke,22,11,321,MELD_lambda0_afproj,-0.0096308863890104,-1.46276481123369e-15
Stroke,22,11,321,MELD_lambda0_reportN,-0.00891383578115043,-1.19600646178443e-15
Stroke,22,11,321,MELD_lambda0_equal,-0.00330427041727696,-1.27777712383808e-15
Stroke,22,11,321,MELD_lambda1_afproj,-0.00827429001630001,-1.5761226791417e-15
Stroke,22,11,321,EUR,-0.0158964006053963,-2.53307640381789e-15
Stroke,22,11,321,EAS,-0.0237019526963306,-5.38077901818656e-15
Stroke,22,11,321,AFR,-0.00538354293898945,-1.27728822243752e-15
Stroke,22,11,321,CSA,-0.0231296824452615,-2.68943922567518e-15
Stroke,22,11,321,AMR,-0.0137585589493563,-3.26379004714305e-15
Stroke,22,12,743,MELD_lambda0_afproj,-0.00339519659370741,-1.54137015984171e-15
Stroke,22,12,743,MELD_lambda0_reportN,-0.00334681989728174,-1.09801015483966e-15
Stroke,22,12,743,MELD_lambda0_equal,-0.000856808385870178,-1.33253329921616e-15
Stroke,22,12,743,MELD_lambda1_afproj,-0.00331861261666241,-2.3681878311553e-15
Stroke,22,12,743,EUR,-0.0069564797512467,-2.99378820248299e-15
Stroke,22,12,743,EAS,-0.00731777187072242,-3.1888559014246e-15
Stroke,22,12,743,AFR,-0.00897269431191153,-2.17687199284336e-15
Stroke,22,12,743,CSA,-0.0086478479323924,-3.10625745920269e-15
Stroke,22,12,743,AMR,-0.0204904453911418,-5.21666081522251e-15
Stroke,22,13,488,MELD_lambda0_afproj,-0.014194769785558,-1.62614460350747e-15
Stroke,22,13,488,MELD_lambda0_reportN,-0.0138991101755845,-1.59093953258797e-15
Stroke,22,13,488,MELD_lambda0_equal,-0.0101922422297579,-1.63432888068065e-15
Stroke,22,13,488,MELD_lambda1_afproj,-0.0134826217196707,-1.59926341771474e-15
Stroke,22,13,488,EUR,-0.0258018343047762,-3.07014898704245e-15
Stroke,22,13,488,EAS,-0.0173585356741636,-3.0749284951003e-15
Stroke,22,13,488,AFR,-0.0325223267515248,-1.84094787859748e-15
Stroke,22,13,488,CSA,-0.0234597842461935,-4.43611542803749e-15
Stroke,22,13,488,AMR,-0.0540878797041514,-4.54182123565164e-15
Stroke,22,14,606,MELD_lambda0_afproj,-0.00354519956422451,-1.5971723356189e-15
Stroke,22,14,606,MELD_lambda0_reportN,-0.00351654184218219,-1.72493971572774e-15
Stroke,22,14,606,MELD_lambda0_equal,-0.000254895345823599,-1.14576155928587e-15
Stroke,22,14,606,MELD_lambda1_afproj,-0.00338531960327752,-1.24192735152964e-15
Stroke,22,14,606,EUR,-0.00785520151661128,-6.45960817724056e-15
Stroke,22,14,606,EAS,-0.00785948424516169,-2.74608723901338e-15
Stroke,22,14,606,AFR,-0.0343678168253289,-1.90946753725067e-15
Stroke,22,14,606,CSA,-0.00792976090673187,-3.18569208925692e-15
Stroke,22,14,606,AMR,-0.00785546747145487,-5.92340066263789e-15
Stroke,22,15,466,MELD_lambda0_afproj,-0.00280273656407122,-2.11361025505039e-15
Stroke,22,15,466,MELD_lambda0_reportN,-0.00274101021706533,-1.62089556180719e-15
Stroke,22,15,466,MELD_lambda0_equal,-0.000407666434711608,-8.69811956781393e-16
Stroke,22,15,466,MELD_lambda1_afproj,-0.00275893794190445,-2.67773125520584e-15
Stroke,22,15,466,EUR,-0.00680504134758357,-2.84296295829065e-15
Stroke,22,15,466,EAS,-0.00409004509780274,-3.318754179398e-15
Stroke,22,15,466,AFR,-0.00276008351759154,-1.43000726713695e-15
Stroke,22,15,466,CSA,-0.00519704475400586,-4.69908541014237e-15
Stroke,22,15,466,AMR,-0.00565940262659953,-3.39873458199863e-15
Stroke,22,16,268,MELD_lambda0_afproj,-0.00109004094702675,-6.51999697666762e-16
Stroke,22,16,268,MELD_lambda0_reportN,-0.00104527198209462,-9.59190010837605e-16
Stroke,22,16,268,MELD_lambda0_equal,-6.1439080199417e-05,-1.13334569223307e-15
Stroke,22,16,268,MELD_lambda1_afproj,-0.00104718646002822,-3.9004374292541e-16
Stroke,22,16,268,EUR,-0.00252598956282543,-1.66985418746052e-15
Stroke,22,16,268,EAS,-0.011453873198221,-1.48762415078753e-15
Stroke,22,16,268,AFR,-0.000546046499699588,-7.90928039106929e-16
Stroke,22,16,268,CSA,-0.00534538143364401,-1.03346849902365e-15
Stroke,22,16,268,AMR,-0.0105109278139808,-1.05721095037764e-15
Stroke,22,17,418,MELD_lambda0_afproj,-0.00631424736296041,-3.28978040819867e-15
Stroke,22,17,418,MELD_lambda0_reportN,-0.00585569560226882,-7.71766513635938e-15
Stroke,22,17,418,MELD_lambda0_equal,-0.000989441911528458,-1.60061673056844e-15
Stroke,22,17,418,MELD_lambda1_afproj,-0.00585864149952912,-4.51338113758914e-15
Stroke,22,17,418,EUR,-0.0193598418857591,-9.96459033250396e-15
Stroke,22,17,418,EAS,-0.0278991788728954,-8.1721846891994e-15
Stroke,22,17,418,AFR,-0.0247592575960439,-6.84302326109284e-15
Stroke,22,17,418,CSA,-0.0141872283261973,-7.53506039995566e-15
Stroke,22,17,418,AMR,-0.0162856588071902,-1.67765322895428e-14
Stroke,22,18,304,MELD_lambda0_afproj,-0.000740120926557318,-4.60035517547752e-15
Stroke,22,18,304,MELD_lambda0_reportN,-0.000721143731694602,-5.02785857006226e-15
Stroke,22,18,304,MELD_lambda0_equal,-0.000267489223098738,-1.54799664469577e-15
Stroke,22,18,304,MELD_lambda1_afproj,-0.000611854442506644,-5.89795789471075e-15
Stroke,22,18,304,EUR,-0.00207525970641594,-9.66508971219468e-15
Stroke,22,18,304,EAS,-0.00569073980245695,-1.54897805559832e-15
Stroke,22,18,304,AFR,-0.0048196707003272,-6.93029596915184e-16
Stroke,22,18,304,CSA,-0.00282913158735068,-4.71482884682488e-15
Stroke,22,18,304,AMR,-0.00679458671066008,-4.57123856751498e-15
Stroke,22,19,566,MELD_lambda0_afproj,-0.00639488299267597,-2.02417396693421e-15
Stroke,22,19,566,MELD_lambda0_reportN,-0.00636550551838855,-2.01785553654524e-15
Stroke,22,19,566,MELD_lambda0_equal,-0.00038331851446285,-2.14000042547501e-15
Stroke,22,19,566,MELD_lambda1_afproj,-0.00626031171075914,-2.26122394573595e-15
Stroke,22,19,566,EUR,-0.0129915435955698,-2.97096221063751e-15
Stroke,22,19,566,EAS,-0.0147483778285225,-3.99988228210426e-15
Stroke,22,19,566,AFR,-0.00969722882547139,-2.51194659133365e-15
Stroke,22,19,566,CSA,-0.0117089710341465,-8.25480198196736e-15
Stroke,22,19,566,AMR,-0.0154084220523076,-5.65351786360653e-15
Stroke,22,20,495,MELD_lambda0_afproj,-0.0243878668724823,-7.98248831764834e-16
Stroke,22,20,495,MELD_lambda0_reportN,-0.0241768889295092,-1.37206938808097e-15
Stroke,22,20,495,MELD_lambda0_equal,-0.00991349571694485,-9.8037256058142e-16
Stroke,22,20,495,MELD_lambda1_afproj,-0.0225928020690299,-1.7537554888826e-15
Stroke,22,20,495,EUR,-0.0452703192815084,-1.65110153089546e-15
Stroke,22,20,495,EAS,-0.0860042021428393,-2.25708489579037e-15
Stroke,22,20,495,AFR,-0.231173119257718,-8.68013383237275e-16
Stroke,22,20,495,CSA,-0.102355358925777,-2.0167095131732e-15
Stroke,22,20,495,AMR,-0.117925765938558,-2.81479978756403e-15
Stroke,22,21,298,MELD_lambda0_afproj,-0.000928295300600924,-1.93913999280792e-16
Stroke,22,21,298,MELD_lambda0_reportN,-0.000902105735020251,-2.19418551744408e-16
Stroke,22,21,298,MELD_lambda0_equal,-4.84965226363387e-05,2.77931816311593e-16
Stroke,22,21,298,MELD_lambda1_afproj,-0.000891490656096195,-1.35885196570679e-16
Stroke,22,21,298,EUR,-0.00221573185008972,-1.35710610500647e-15
Stroke,22,21,298,EAS,-0.00207159984046542,-1.78296347899082e-15
Stroke,22,21,298,AFR,-7.58618029917689e-17,-4.60664888498683e-16
Stroke,22,21,298,CSA,-0.00100603094546333,-1.98046776606459e-15
Stroke,22,21,298,AMR,-0.000428471033071688,-7.73266558459555e-16
Stroke,22,22,531,MELD_lambda0_afproj,-0.0163926731486212,-1.53004144403203e-15
Stroke,22,22,531,MELD_lambda0_reportN,-0.015798368646206,-9.4111093365293e-16
Stroke,22,22,531,MELD_lambda0_equal,-0.00307280552999707,2.27227827365258e-16
Stroke,22,22,531,MELD_lambda1_afproj,-0.0156524907260601,-1.41089016576585e-15
Stroke,22,22,531,EUR,-0.0284904635114134,-3.84754867069498e-15
Stroke,22,22,531,EAS,-0.0326449159146214,-2.59088915524462e-15
Stroke,22,22,531,AFR,-0.0178689000745764,-1.63952673265636e-15
Stroke,22,22,531,CSA,-0.0375707369573428,-2.19735809071304e-15
Stroke,22,22,531,AMR,-0.0619586854321282,-4.38617026335556e-15
Stroke,22,23,464,MELD_lambda0_afproj,-0.0632127292399889,-7.2041849352438e-16
Stroke,22,23,464,MELD_lambda0_reportN,-0.0632246588380713,-3.89157115066655e-16
Stroke,22,23,464,MELD_lambda0_equal,-0.0375628478590895,-1.78532351808446e-16
Stroke,22,23,464,MELD_lambda1_afproj,-0.0531216082240228,-1.18344237952706e-15
Stroke,22,23,464,EUR,-0.114932652624366,-1.45606734820116e-15
Stroke,22,23,464,EAS,-0.0268164674746731,-1.27767354848479e-15
Stroke,22,23,464,AFR,-0.408106202909663,-5.50411012664237e-16
Stroke,22,23,464,CSA,-0.0509734260468717,-9.66139914096308e-16
Stroke,22,23,464,AMR,-0.355905762842539,-1.34814933449075e-15
Stroke,22,24,380,MELD_lambda0_afproj,-0.00312320326430856,-1.1350719556498e-15
Stroke,22,24,380,MELD_lambda0_reportN,-0.00308559506722082,-1.43349939636045e-15
Stroke,22,24,380,MELD_lambda0_equal,-0.00254710293158795,-1.27231341467166e-15
Stroke,22,24,380,MELD_lambda1_afproj,-0.0030231180532086,-8.03301270689385e-16
Stroke,22,24,380,EUR,-0.00496208908189886,-2.77976289280841e-15
Stroke,22,24,380,EAS,-0.0152623570726554,-1.79032299050073e-15
Stroke,22,24,380,AFR,-0.00872109230572956,-1.75822116407401e-15
Stroke,22,24,380,CSA,-0.00809890502278909,-1.6820162359777e-15
Stroke,22,24,380,AMR,-0.0147362590750907,-1.80332130184135e-15
VTE,22,1,124,MELD_lambda0_afproj,-0.000450305606881993,-3.30291955795604e-16
VTE,22,1,124,MELD_lambda0_reportN,-0.000396633909302991,-4.3019219375895e-16
VTE,22,1,124,MELD_lambda0_equal,-2.95302913172893e-05,-1.01412858608826e-15
VTE,22,1,124,MELD_lambda1_afproj,-0.000435083151323114,-1.39155819757082e-15
VTE,22,1,124,EUR,-0.00406156888704369,-1.12375637596877e-15
VTE,22,1,124,EAS,-0.00139035947292732,-6.2053414897237e-16
VTE,22,1,124,AFR,-0.000680605968669933,-6.34491642839621e-16
VTE,22,1,124,CSA,-0.000441619276463298,-1.47151560966157e-15
VTE,22,1,124,AMR,-6.73318927923389e-05,-1.29756095857671e-15
VTE,22,2,173,MELD_lambda0_afproj,-0.000329926398054537,-1.59008931293586e-15
VTE,22,2,173,MELD_lambda0_reportN,-2.14863418996792e-06,-1.57608705190942e-15
VTE,22,2,173,MELD_lambda0_equal,-8.95630640520838e-05,-1.36570873266792e-15
VTE,22,2,173,MELD_lambda1_afproj,-0.000312069518104345,-4.35843511457185e-16
VTE,22,2,173,EUR,-0.00192355442604152,-7.77681548071488e-16
VTE,22,2,173,EAS,-0.00673717141691578,-1.98384531193103e-15
VTE,22,2,173,AFR,-0.0164335701822475,-5.85520197418258e-16
VTE,22,2,173,CSA,-0.00361933418528944,-8.9324637381151e-16
VTE,22,2,173,AMR,-0.00167897202375712,-9.12719712976529e-16
VTE,22,3,527,MELD_lambda0_afproj,-0.0234686056895349,-2.12258023737111e-15
VTE,22,3,527,MELD_lambda0_reportN,-0.0221701721084849,-1.91428574643814e-15
VTE,22,3,527,MELD_lambda0_equal,-0.0207219199919949,-2.05155012809328e-15
VTE,22,3,527,MELD_lambda1_afproj,-0.0230983371619285,-2.09003945396763e-15
VTE,22,3,527,EUR,-0.0285148419457996,-3.32355650392182e-15
VTE,22,3,527,EAS,-0.0557485830194003,-3.47561701918401e-15
VTE,22,3,527,AFR,-0.101001641113826,-2.52216784893259e-15
VTE,22,3,527,CSA,-0.0192989562576344,-3.0987923925176e-15
VTE,22,3,527,AMR,-0.0534709651866698,-4.01339841091742e-15
VTE,22,4,493,MELD_lambda0_afproj,-0.0114358853810806,-3.0425498532591e-15
VTE,22,4,493,MELD_lambda0_reportN,-0.0110223932708785,-2.90640672184554e-15
VTE,22,4,493,MELD_lambda0_equal,-0.00483669694613384,-2.09389634397589e-15
VTE,22,4,493,MELD_lambda1_afproj,-0.0111262827717193,-2.9858842759839e-15
VTE,22,4,493,EUR,-0.0200889454817646,-3.68306730441637e-15
VTE,22,4,493,EAS,-0.0588862938087824,-4.73502591077714e-15
VTE,22,4,493,AFR,-0.0593475394738857,-2.66927685685982e-15
VTE,22,4,493,CSA,-0.0161631522852611,-4.44593751125166e-15
VTE,22,4,493,AMR,-0.0188728547869026,-6.17203029126998e-15
VTE,22,5,213,MELD_lambda0_afproj,-0.000301726680299713,-1.81887073170752e-15
VTE,22,5,213,MELD_lambda0_reportN,-0.000271267446926773,-9.42042989519296e-16
VTE,22,5,213,MELD_lambda0_equal,-0.00336681646718691,-1.0530281270095e-15
VTE,22,5,213,MELD_lambda1_afproj,-0.000288399676839633,-1.1929376119431e-15
VTE,22,5,213,EUR,-0.00109178010478866,-2.36851471104771e-15
VTE,22,5,213,EAS,-0.0454128140044014,-4.24607598308903e-15
VTE,22,5,213,AFR,-0.00913598783442977,-9.10221253657344e-16
VTE,22,5,213,CSA,-0.0143544690722845,-1.96902091878102e-15
VTE,22,5,213,AMR,-0.00531921245949014,-1.3767181433928e-15
VTE,22,6,313,MELD_lambda0_afproj,-0.015115715501168,-1.53677585024126e-15
VTE,22,6,313,MELD_lambda0_reportN,-0.0139534075863307,-9.0521193238495e-16
VTE,22,6,313,MELD_lambda0_equal,-0.00353578707700808,-4.15687680404905e-16
VTE,22,6,313,MELD_lambda1_afproj,-0.0148005797981809,-9.57866287763795e-16
VTE,22,6,313,EUR,-0.0207484304961023,-2.93076955953072e-15
VTE,22,6,313,EAS,-0.0163974483125819,-6.4411592147055e-15
VTE,22,6,313,AFR,-0.00652907189289646,-9.84317466013016e-16
VTE,22,6,313,CSA,-0.0235840373210526,-2.17848841369503e-15
VTE,22,6,313,AMR,-0.0341095380985273,-2.35067056126039e-15
VTE,22,7,563,MELD_lambda0_afproj,-0.0119732963173241,-1.60146042528523e-15
VTE,22,7,563,MELD_lambda0_reportN,-0.0114267060364865,-1.65189134807652e-15
VTE,22,7,563,MELD_lambda0_equal,-0.000550890557405759,-1.2626758249815e-15
VTE,22,7,563,MELD_lambda1_afproj,-0.0117981167695615,-1.99112843331801e-15
VTE,22,7,563,EUR,-0.0159300843863466,-2.8274635327417e-15
VTE,22,7,563,EAS,-0.00936431190304882,-3.61876501849817e-15
VTE,22,7,563,AFR,-0.0272014111768381,-1.37501420977408e-15
VTE,22,7,563,CSA,-0.00483432131246041,-2.9949731637941e-15
VTE,22,7,563,AMR,-0.00433080312862544,-6.67774681433208e-15
VTE,22,8,572,MELD_lambda0_afproj,-0.0227543681109698,-1.35172028639684e-15
VTE,22,8,572,MELD_lambda0_reportN,-0.0217661999498723,-1.06378069248543e-15
VTE,22,8,572,MELD_lambda0_equal,-0.0189534284825763,-8.81838957634799e-16
VTE,22,8,572,MELD_lambda1_afproj,-0.0220352904940497,-1.16760134434092e-15
VTE,22,8,572,EUR,-0.0314109610572606,-2.2683567301943e-15
VTE,22,8,572,EAS,-0.171307485397228,-2.13547412867988e-15
VTE,22,8,572,AFR,-0.0275496663274932,-1.7956995340384e-15
VTE,22,8,572,CSA,-0.0348586763889511,-1.90976101016871e-15
VTE,22,8,572,AMR,-0.140164046125948,-3.00301232350817e-15
VTE,22,9,545,MELD_lambda0_afproj,-0.00277457249438297,-2.08877413596889e-15
VTE,22,9,545,MELD_lambda0_reportN,-0.00289082926576704,-1.50979016126049e-15
VTE,22,9,545,MELD_lambda0_equal,-0.000248864418609179,-2.86082494905048e-16
VTE,22,9,545,MELD_lambda1_afproj,-0.00261902679064683,-1.48943747303446e-15
VTE,22,9,545,EUR,-0.0065701663329084,-3.0658472761004e-15
VTE,22,9,545,EAS,-0.0391876018557345,-2.78292526084776e-15
VTE,22,9,545,AFR,-0.00937574933008955,-1.23644624453382e-15
VTE,22,9,545,CSA,-0.0188343646531392,-2.53106783567568e-15
VTE,22,9,545,AMR,-0.0142426440002051,-3.93092813215572e-15
VTE,22,10,512,MELD_lambda0_afproj,-0.0273981058805092,-2.60759196265771e-15
VTE,22,10,512,MELD_lambda0_reportN,-0.0253562003273294,-2.16287119458971e-15
VTE,22,10,512,MELD_lambda0_equal,-0.0705926508160196,-1.3892364413197e-15
VTE,22,10,512,MELD_lambda1_afproj,-0.0267117217860353,-2.36522866694735e-15
VTE,22,10,512,EUR,-0.0317039733343506,-3.39119931077596e-15
VTE,22,10,512,EAS,-0.103174777064242,-3.44574627540845e-15
VTE,22,10,512,AFR,-0.127769083973533,-1.75526015333313e-15
VTE,22,10,512,CSA,-0.238097732515768,-3.20757375009162e-15
VTE,22,10,512,AMR,-0.183056401671295,-4.41709231081828e-15
VTE,22,11,321,MELD_lambda0_afproj,-0.0105292485947629,-1.27099128021506e-15
VTE,22,11,321,MELD_lambda0_reportN,-0.00976221601299345,-1.15847201339046e-15
VTE,22,11,321,MELD_lambda0_equal,-0.00310032244292849,-1.22021248441354e-15
VTE,22,11,321,MELD_lambda1_afproj,-0.00957255764430041,-1.10557518872153e-15
VTE,22,11,321,EUR,-0.0159055689334747,-2.89365229399213e-15
VTE,22,11,321,EAS,-0.0236976057127565,-2.56383464139093e-15
VTE,22,11,321,AFR,-0.00532907806812644,-1.91791916961482e-15
VTE,22,11,321,CSA,-0.0229567145275368,-2.50556420041498e-15
VTE,22,11,321,AMR,-0.0136481746772746,-3.03539444412447e-15
VTE,22,12,743,MELD_lambda0_afproj,-0.00416026425630617,-1.68019240724089e-15
VTE,22,12,743,MELD_lambda0_reportN,-0.00412479887752202,-1.28726686191851e-15
VTE,22,12,743,MELD_lambda0_equal,-0.00150172068906362,-6.1390739072982e-16
VTE,22,12,743,MELD_lambda1_afproj,-0.00408365108501343,-2.60125891549408e-15
VTE,22,12,743,EUR,-0.00702893900108557,-2.62612496428298e-15
VTE,22,12,743,EAS,-0.0065922936176221,-2.75272666077864e-15
VTE,22,12,743,AFR,-0.00906700140022298,-2.4921416630021e-15
VTE,22,12,743,CSA,-0.0090577794803813,-2.88792329436948e-15
VTE,22,12,743,AMR,-0.0206320150385171,-8.03324302266014e-15
VTE,22,13,496,MELD_lambda0_afproj,-0.0164052562772905,-2.19402714393843e-15
VTE,22,13,496,MELD_lambda0_reportN,-0.0162113056478972,-1.40298401713863e-15
VTE,22,13,496,MELD_lambda0_equal,-0.00881575385964393,-1.03156006128484e-15
VTE,22,13,496,MELD_lambda1_afproj,-0.0160647076733949,-1.73206945275438e-15
VTE,22,13,496,EUR,-0.0266429902669248,-3.54896400640226e-15
VTE,22,13,496,EAS,-0.0168675419512606,-3.2472184633089e-15
VTE,22,13,496,AFR,-0.0324355148141484,-1.4743688986003e-15
VTE,22,13,496,CSA,-0.0236641323382534,-4.55913207944347e-15
VTE,22,13,496,AMR,-0.0541942005217085,-4.47583013022831e-15
VTE,22,14,635,MELD_lambda0_afproj,-0.0246476162939728,-2.20703874052673e-15
VTE,22,14,635,MELD_lambda0_reportN,-0.0245613016054728,-1.81340578782705e-15
VTE,22,14,635,MELD_lambda0_equal,-0.00781637045169318,-1.21159222593038e-15
VTE,22,14,635,MELD_lambda1_afproj,-0.0239607785610962,-1.84718325355167e-15
VTE,22,14,635,EUR,-0.0369035554611507,-5.84471274775895e-15
VTE,22,14,635,EAS,-0.0266162623332147,-4.6477382381729e-15
VTE,22,14,635,AFR,-0.0485964914367145,-3.47410816863262e-15
VTE,22,14,635,CSA,-0.0342000760377879,-3.85315858002985e-15
VTE,22,14,635,AMR,-0.0536454416944042,-5.54490891855246e-15
VTE,22,15,476,MELD_lambda0_afproj,-0.00385280376337022,-1.7391232203548e-15
VTE,22,15,476,MELD_lambda0_reportN,-0.00378095466255805,-2.18493980847311e-15
VTE,22,15,476,MELD_lambda0_equal,-0.000416797934650427,-1.47282953502826e-15
VTE,22,15,476,MELD_lambda1_afproj,-0.00381204386419279,-2.22645398913379e-15
VTE,22,15,476,EUR,-0.00694179426853213,-3.65927711912409e-15
VTE,22,15,476,EAS,-0.00412067349338223,-5.85865827373405e-15
VTE,22,15,476,AFR,-0.00284260062254417,-9.09291046569126e-16
VTE,22,15,476,CSA,-0.00522386920667692,-4.84994421788096e-15
VTE,22,15,476,AMR,-0.00569866011878964,-3.090564305567e-15
VTE,22,16,288,MELD_lambda0_afproj,-0.0013409330782394,-6.76232908641383e-16
VTE,22,16,288,MELD_lambda0_reportN,-0.00129031399629005,-1.48409590314422e-15
VTE,22,16,288,MELD_lambda0_equal,-6.53486399762122e-05,-1.69250228378521e-16
VTE,22,16,288,MELD_lambda1_afproj,-0.00128517099918749,-5.93000894632277e-16
VTE,22,16,288,EUR,-0.00292137797556275,-1.27221289868233e-15
VTE,22,16,288,EAS,-0.0119093015541353,-1.59001320852105e-15
VTE,22,16,288,AFR,-0.000970288842293576,-3.10048189345551e-16
VTE,22,16,288,CSA,-0.00557197508652671,-1.63235384128662e-15
VTE,22,16,288,AMR,-0.0114658535755691,-1.2434087752165e-15
VTE,22,17,427,MELD_lambda0_afproj,-0.00950476284960713,-2.80494637473696e-15
VTE,22,17,427,MELD_lambda0_reportN,-0.00883201225944089,-2.78002057249496e-15
VTE,22,17,427,MELD_lambda0_equal,-0.00107512765496963,-1.83110399898549e-15
VTE,22,17,427,MELD_lambda1_afproj,-0.00918746864003788,-3.99496665524466e-15
VTE,22,17,427,EUR,-0.0176962313418687,-1.14766387756682e-14
VTE,22,17,427,EAS,-0.0278014322911312,-7.39546108812788e-15
VTE,22,17,427,AFR,-0.0242178462811004,-3.76005656497562e-15
VTE,22,17,427,CSA,-0.0127469716463936,-5.42302433543642e-15
VTE,22,17,427,AMR,-0.01614486065838,-1.29303589261207e-14
VTE,22,18,326,MELD_lambda0_afproj,-0.000934870432252849,-7.01806612932264e-16
VTE,22,18,326,MELD_lambda0_reportN,-0.000914384359706423,-5.15122175225463e-16
VTE,22,18,326,MELD_lambda0_equal,-0.000284712995155469,-5.11252400818476e-16
VTE,22,18,326,MELD_lambda1_afproj,-0.000856731075767032,-2.61187286413883e-15
VTE,22,18,326,EUR,-0.00221587318970012,-2.45656706055267e-15
VTE,22,18,326,EAS,-0.00577305634859123,-2.90252873893295e-15
VTE,22,18,326,AFR,-0.00535166023913413,-7.99857812323531e-16
VTE,22,18,326,CSA,-0.00296368092258473,-1.58852594886215e-15
VTE,22,18,326,AMR,-0.00701337433058995,-2.74944773214849e-15
VTE,22,19,560,MELD_lambda0_afproj,-0.00816327471442837,-2.42456629041602e-15
VTE,22,19,560,MELD_lambda0_reportN,-0.00815357923026904,-2.31945725494e-15
VTE,22,19,560,MELD_lambda0_equal,-0.000375018620902807,-1.86126491020598e-15
VTE,22,19,560,MELD_lambda1_afproj,-0.00802194169975166,-2.4120255723783e-15
VTE,22,19,560,EUR,-0.0129862306843153,-6.83438644231961e-15
VTE,22,19,560,EAS,-0.0142928945637299,-5.02024948358533e-15
VTE,22,19,560,AFR,-0.00965425342958393,-1.56489109907826e-15
VTE,22,19,560,CSA,-0.0115548420204129,-4.31497264712978e-15
VTE,22,19,560,AMR,-0.0163953248107837,-5.95631188793418e-15
VTE,22,20,506,MELD_lambda0_afproj,-0.0300186536595758,-2.02418328700113e-15
VTE,22,20,506,MELD_lambda0_reportN,-0.0302021347486784,-1.2426056541893e-15
VTE,22,20,506,MELD_lambda0_equal,-0.0103257430407038,-4.22033782944171e-16
VTE,22,20,506,MELD_lambda1_afproj,-0.0282747070752642,-2.04171012907746e-15
VTE,22,20,506,EUR,-0.0473889552953628,-2.51531755571858e-15
VTE,22,20,506,EAS,-0.0863598134006866,-3.06046653555084e-15
VTE,22,20,506,AFR,-0.234835177132838,-2.65877618658942e-15
VTE,22,20,506,CSA,-0.0950374257252141,-2.00801362596909e-15
VTE,22,20,506,AMR,-0.118204402828345,-3.25838050439744e-15
VTE,22,21,318,MELD_lambda0_afproj,-0.00120789048709805,-7.721442769481e-16
VTE,22,21,318,MELD_lambda0_reportN,-0.00116351787883631,-1.57910930708852e-16
VTE,22,21,318,MELD_lambda0_equal,-5.7939669458246e-05,-3.74703436349571e-16
VTE,22,21,318,MELD_lambda1_afproj,-0.00117229565482518,-1.06623411448572e-15
VTE,22,21,318,EUR,-0.00226838740662256,-1.34237495300974e-15
VTE,22,21,318,EAS,-0.00238879174116594,-1.98892596049335e-15
VTE,22,21,318,AFR,-1.30804243003206e-15,-3.42441970506437e-16
VTE,22,21,318,CSA,-0.0010903344691785,-9.92496121352334e-16
VTE,22,21,318,AMR,-0.000600106007978105,-7.41566990198531e-16
VTE,22,22,560,MELD_lambda0_afproj,-0.0200188449380991,-7.78608455971244e-16
VTE,22,22,560,MELD_lambda0_reportN,-0.0194119610600572,-1.36697689860559e-15
VTE,22,22,560,MELD_lambda0_equal,-0.00312403691890123,-2.82907365338941e-16
VTE,22,22,560,MELD_lambda1_afproj,-0.0193173023983376,-1.61788769576119e-15
VTE,22,22,560,EUR,-0.0308144043651654,-4.49545700895322e-15
VTE,22,22,560,EAS,-0.0345813784714152,-2.72776296993878e-15
VTE,22,22,560,AFR,-0.0189550780026693,-5.03288882219471e-16
VTE,22,22,560,CSA,-0.0379865235839017,-2.20748668739374e-15
VTE,22,22,560,AMR,-0.0637905327678669,-4.18842272172728e-15
VTE,22,23,478,MELD_lambda0_afproj,-0.0840246120138469,-1.20783467569314e-15
VTE,22,23,478,MELD_lambda0_reportN,-0.0840408899180161,-1.44507496356219e-15
VTE,22,23,478,MELD_lambda0_equal,-0.0386921728644508,-9.89314067221481e-16
VTE,22,23,478,MELD_lambda1_afproj,-0.0764616419092448,-1.00254182119346e-15
VTE,22,23,478,EUR,-0.116838847018719,-1.2449923267888e-15
VTE,22,23,478,EAS,-0.0284086448334155,-1.83981812327823e-15
VTE,22,23,478,AFR,-0.424253161695025,-7.55059226433077e-16
VTE,22,23,478,CSA,-0.0536132616460837,-1.87083718394425e-15
VTE,22,23,478,AMR,-0.358991496533268,-1.93907015212006e-15
VTE,22,24,394,MELD_lambda0_afproj,-0.00378169978205522,-9.63874300661629e-16
VTE,22,24,394,MELD_lambda0_reportN,-0.0036865337760137,-1.28512629942565e-15
VTE,22,24,394,MELD_lambda0_equal,-0.00257599695691426,-1.84804347912326e-15
VTE,22,24,394,MELD_lambda1_afproj,-0.00369823071690317,-1.21335015650794e-15
VTE,22,24,394,EUR,-0.00567386380625329,-2.69184363155994e-15
VTE,22,24,394,EAS,-0.0155632774005356,-1.92732533756199e-15
VTE,22,24,394,AFR,-0.00900797577758204,-3.12680309869195e-15
VTE,22,24,394,CSA,-0.00795675155372056,-2.19348333916234e-15
VTE,22,24,394,AMR,-0.0156830642102718,-1.42067163308978e-15
